epoch,loss,time_seconds
1,1.010763,799.36
2,0.947562,882.99
