timestamp,overall_cpu,process_cpu,process_status,core_0,core_1,core_2,core_3,core_4,core_5,core_6,core_7,core_8,core_9,core_10,core_11,core_12,core_13,core_14,core_15,core_16,core_17,core_18,core_19,core_20,core_21,core_22,core_23,core_24,core_25,core_26,core_27,core_28,core_29,core_30,core_31,core_32,core_33,core_34,core_35,core_36,core_37,core_38,core_39,core_40,core_41,core_42,core_43,core_44,core_45,core_46,core_47,core_48,core_49,core_50,core_51,core_52,core_53,core_54,core_55,core_56,core_57,core_58,core_59,core_60,core_61,core_62,core_63,core_64,core_65,core_66,core_67,core_68,core_69,core_70,core_71,core_72,core_73,core_74,core_75,core_76,core_77,core_78,core_79,core_80,core_81,core_82,core_83,core_84,core_85,core_86,core_87,core_88,core_89,core_90,core_91,core_92,core_93,core_94,core_95
2026-01-23 16:11:18,1.2,65.6,running,2.0,0.0,31.3,0.0,6.1,0.0,3.0,0.0,1.0,0.0,1.0,2.1,2.0,2.1,0.0,2.0,1.0,0.0,0.0,0.0,1.0,1.0,0.0,13.1,1.0,1.0,4.0,2.0,1.0,0.0,22.4,0.0,4.0,1.0,1.0,1.0,0.0,1.0,2.0,4.0,14.3,3.3,1.1,3.0,3.0,0.0,0.0,1.0,76.3,67.2,83.9,100.0,100.0,89.5,100.0,100.0,4.2,87.9,60.1,49.7,79.5,100.0,66.7,66.7,66.7,66.7,66.7,66.7,66.7,66.7,66.7,66.7,66.7,66.7,66.7,66.7,66.7,66.7,66.7,66.7,66.7,66.7,66.7,66.7,66.7,66.7,66.7,66.7,66.7,66.7,66.7,66.7,66.7,66.7,66.7,66.7
2026-01-23 16:11:22,4.0,37.5,running,0.0,1.3,10.6,0.4,1.3,1.3,2.7,0.0,2.7,0.0,1.8,1.3,0.9,4.0,0.0,6.3,0.4,1.3,0.9,2.2,2.6,0.9,1.3,11.2,1.3,0.0,2.2,3.1,3.1,3.5,0.4,4.9,2.2,2.7,0.9,0.0,2.2,1.8,0.9,3.1,12.2,1.3,1.3,21.3,0.0,0.0,0.0,0.4,0.0,0.0,0.0,0.0,0.0,0.0,0.0,0.0,0.0,0.0,0.0,0.0,0.0,0.0,0.0,0.0,0.0,0.0,0.0,0.0,0.0,0.0,0.0,0.0,0.0,0.0,0.0,0.0,0.0,0.0,0.0,0.0,0.0,0.0,0.0,0.0,0.0,0.0,0.0,0.0,0.0,0.0,0.0,0.0,0.0,0.0,0.0,0.0
2026-01-23 16:11:25,5.7,31.2,running,5.8,0.0,27.2,0.0,4.0,0.0,3.1,0.0,3.6,0.9,14.7,6.6,7.4,2.3,2.2,5.6,2.2,5.8,3.1,3.6,2.2,0.9,0.0,12.4,4.0,2.7,1.8,2.6,1.8,2.8,0.0,9.1,7.9,3.1,3.1,7.5,1.8,2.6,1.3,1.8,12.9,5.3,4.2,26.5,1.5,4.1,0.9,5.1,0.0,0.0,0.0,0.0,0.0,0.0,0.0,0.0,0.0,0.0,0.0,0.0,0.0,0.0,0.0,0.0,0.0,0.0,0.0,0.0,0.0,0.0,0.0,0.0,0.0,0.0,0.0,0.0,0.0,0.0,0.0,0.0,0.0,0.0,0.0,0.0,0.0,0.0,0.0,0.0,0.0,0.0,0.0,0.0,0.0,0.0,0.0,0.0
2026-01-23 16:11:29,4.1,31.2,running,4.0,0.4,23.1,0.0,3.6,0.0,1.3,0.0,3.1,0.4,11.6,2.8,3.6,3.1,1.3,4.7,1.8,0.9,0.4,0.4,0.9,4.0,1.3,9.8,1.8,4.5,2.2,5.5,1.3,2.1,0.0,4.0,3.6,3.2,5.8,7.1,2.7,1.3,2.2,0.4,3.1,6.3,0.0,38.8,3.2,4.3,0.0,1.7,0.0,0.0,0.0,0.0,0.0,0.0,0.0,0.0,0.0,0.0,0.0,0.0,0.0,0.0,0.0,0.0,0.0,0.0,0.0,0.0,0.0,0.0,0.0,0.0,0.0,0.0,0.0,0.0,0.0,0.0,0.0,0.0,0.0,0.0,0.0,0.0,0.0,0.0,0.0,0.0,0.0,0.0,0.0,0.0,0.0,0.0,0.0,0.0
2026-01-23 16:11:32,3.6,25.0,running,1.8,0.9,26.3,0.0,3.6,0.9,7.1,0.0,4.9,1.8,9.4,4.0,9.8,0.0,0.4,2.2,3.6,2.7,4.0,0.9,1.8,0.9,1.3,8.9,4.5,4.0,0.9,2.7,1.3,1.8,0.4,2.7,2.7,4.6,3.6,1.8,0.9,1.3,0.9,4.9,39.4,0.9,2.2,0.9,0.4,4.0,1.8,0.9,0.0,0.0,0.0,0.0,0.0,0.0,0.0,0.0,0.0,0.0,0.0,0.0,0.0,0.0,0.0,0.0,0.0,0.0,0.0,0.0,0.0,0.0,0.0,0.0,0.0,0.0,0.0,0.0,0.0,0.0,0.0,0.0,0.0,0.0,0.0,0.0,0.0,0.0,0.0,0.0,0.0,0.0,0.0,0.0,0.0,0.0,0.0,0.0
2026-01-23 16:11:36,3.3,40.6,running,0.9,1.3,21.2,0.5,4.4,2.7,6.2,0.0,14.5,0.0,5.3,3.3,6.7,2.2,3.6,3.6,2.2,1.3,3.1,0.0,3.1,0.0,0.0,12.0,4.0,4.9,1.8,0.9,2.2,1.3,0.9,0.0,2.7,2.7,1.3,0.0,0.0,0.4,0.0,1.8,17.5,0.9,0.4,26.5,0.0,1.3,0.4,2.7,0.0,0.0,0.0,0.0,0.0,0.0,0.0,0.0,0.0,0.0,0.0,0.0,0.0,0.0,0.0,0.0,0.0,0.0,0.0,0.0,0.0,0.0,0.0,0.0,0.0,0.0,0.0,0.0,0.0,0.0,0.0,0.0,0.0,0.0,0.0,0.0,0.0,0.0,0.0,0.0,0.0,0.0,0.0,0.0,0.0,0.0,0.0,0.0
2026-01-23 16:11:39,3.7,34.3,running,0.9,1.3,25.0,0.0,5.4,1.3,8.0,0.4,3.1,0.0,7.6,0.8,1.3,4.9,1.3,3.1,1.3,2.7,4.9,0.9,1.8,0.0,4.0,10.7,1.3,0.0,2.6,2.7,4.5,3.1,2.7,3.1,4.5,2.8,0.9,3.6,1.8,0.4,1.8,0.4,7.0,0.0,0.0,31.9,2.7,7.6,0.9,2.2,0.0,0.0,0.0,0.0,0.0,0.0,0.0,0.0,0.0,0.0,0.0,0.0,0.0,0.0,0.0,0.0,0.0,0.0,0.0,0.0,0.0,0.0,0.0,0.0,0.0,0.0,0.0,0.0,0.0,0.0,0.0,0.0,0.0,0.0,0.0,0.0,0.0,0.0,0.0,0.0,0.0,0.0,0.0,0.0,0.0,0.0,0.0,0.0
2026-01-23 16:11:43,4.0,28.1,running,2.7,0.0,23.2,0.0,4.0,0.4,6.6,0.0,4.5,0.0,4.5,2.2,4.4,1.3,6.2,0.9,1.8,3.1,0.9,2.2,2.2,0.0,2.6,9.7,2.7,2.2,3.6,0.0,2.2,2.7,8.4,0.0,4.0,2.0,2.7,0.0,0.0,0.4,5.8,0.0,37.4,2.7,4.4,1.4,0.9,4.0,0.0,2.2,0.0,0.0,0.0,0.0,0.0,0.0,0.0,0.0,0.0,0.0,0.0,0.0,0.0,0.0,0.0,0.0,0.0,0.0,0.0,0.0,0.0,0.0,0.0,0.0,0.0,0.0,0.0,0.0,0.0,0.0,0.0,0.0,0.0,0.0,0.0,0.0,0.0,0.0,0.0,0.0,0.0,0.0,0.0,0.0,0.0,0.0,0.0,0.0
2026-01-23 16:11:46,3.7,28.1,running,7.0,0.4,22.1,0.0,4.0,0.0,4.4,0.0,4.0,0.9,5.3,0.4,6.2,0.4,6.6,0.4,2.2,1.3,2.2,4.0,4.4,0.9,5.4,10.7,0.4,1.8,4.4,2.2,7.1,1.8,4.9,5.9,8.4,1.6,3.6,2.2,4.0,1.8,3.1,1.3,39.8,0.0,3.1,3.1,2.2,0.0,0.4,2.7,0.0,0.0,0.0,0.0,0.0,0.0,0.0,0.0,0.0,0.0,0.0,0.0,0.0,0.0,0.0,0.0,0.0,0.0,0.0,0.0,0.0,0.0,0.0,0.0,0.0,0.0,0.0,0.0,0.0,0.0,0.0,0.0,0.0,0.0,0.0,0.0,0.0,0.0,0.0,0.0,0.0,0.0,0.0,0.0,0.0,0.0,0.0,0.0
2026-01-23 16:11:50,3.9,31.2,running,0.4,3.1,23.3,0.0,4.4,1.8,4.4,0.9,4.9,0.0,3.6,0.0,7.2,0.0,0.9,0.0,4.0,0.9,5.3,0.4,4.4,4.8,4.0,12.0,2.2,2.2,2.2,0.0,2.3,0.4,1.3,0.9,2.2,2.2,2.7,2.2,1.3,0.4,0.9,0.0,29.3,0.9,4.9,11.9,2.2,0.4,3.1,1.3,0.0,0.0,0.0,0.0,0.0,0.0,0.0,0.0,0.0,0.0,0.0,0.0,0.0,0.0,0.0,0.0,0.0,0.0,0.0,0.0,0.0,0.0,0.0,0.0,0.0,0.0,0.0,0.0,0.0,0.0,0.0,0.0,0.0,0.0,0.0,0.0,0.0,0.0,0.0,0.0,0.0,0.0,0.0,0.0,0.0,0.0,0.0,0.0
2026-01-23 16:11:53,3.2,37.5,running,1.8,0.4,20.0,0.0,3.6,1.3,2.7,1.3,1.8,0.0,2.7,0.4,3.1,2.7,0.9,3.6,4.9,4.0,2.2,0.0,1.8,0.0,5.3,11.7,2.7,2.2,1.3,1.3,0.9,0.4,0.4,0.0,3.6,2.2,3.1,2.2,0.0,1.8,4.0,0.0,2.2,2.6,1.3,44.2,7.5,1.3,0.0,4.9,0.0,0.0,0.0,0.0,0.0,0.0,0.0,0.0,0.0,0.0,0.0,0.0,0.0,0.0,0.0,0.0,0.0,0.0,0.0,0.0,0.0,0.0,0.0,0.0,0.0,0.0,0.0,0.0,0.0,0.0,0.0,0.0,0.0,0.0,0.0,0.0,0.0,0.0,0.0,0.0,0.0,0.0,0.0,0.0,0.0,0.0,0.0,0.0
2026-01-23 16:11:57,3.4,28.1,running,3.1,1.8,24.0,2.8,2.2,4.0,4.9,2.8,3.6,0.4,2.2,0.0,0.9,4.5,3.7,0.0,3.1,1.8,2.7,0.0,0.9,0.4,3.6,10.7,3.6,0.0,3.6,3.5,2.2,0.4,0.4,0.0,3.1,4.4,8.4,0.0,2.2,1.8,2.7,3.6,35.2,0.0,7.1,5.8,1.8,0.4,1.3,0.9,0.0,0.0,0.0,0.0,0.0,0.0,0.0,0.0,0.0,0.0,0.0,0.0,0.0,0.0,0.0,0.0,0.0,0.0,0.0,0.0,0.0,0.0,0.0,0.0,0.0,0.0,0.0,0.0,0.0,0.0,0.0,0.0,0.0,0.0,0.0,0.0,0.0,0.0,0.0,0.0,0.0,0.0,0.0,0.0,0.0,0.0,0.0,0.0
2026-01-23 16:12:00,3.6,31.2,running,3.5,0.0,20.8,1.3,5.4,1.8,3.1,0.0,1.3,2.7,2.2,4.7,1.3,0.4,4.3,0.0,1.8,1.8,1.3,2.7,0.4,1.3,0.9,12.9,4.0,0.9,4.0,0.9,4.0,4.0,4.0,0.0,2.2,4.5,5.8,3.5,2.2,0.9,3.6,0.0,25.6,2.2,0.9,17.6,1.8,5.4,0.4,0.4,0.0,0.0,0.0,0.0,0.0,0.0,0.0,0.0,0.0,0.0,0.0,0.0,0.0,0.0,0.0,0.0,0.0,0.0,0.0,0.0,0.0,0.0,0.0,0.0,0.0,0.0,0.0,0.0,0.0,0.0,0.0,0.0,0.0,0.0,0.0,0.0,0.0,0.0,0.0,0.0,0.0,0.0,0.0,0.0,0.0,0.0,0.0,0.0
2026-01-23 16:12:04,3.4,28.1,running,5.4,1.8,21.1,0.0,3.5,1.3,2.7,1.8,1.8,0.0,4.0,4.0,2.7,1.3,0.0,3.6,4.4,1.8,0.4,0.0,2.7,1.8,0.9,11.5,3.6,0.0,0.4,4.0,3.1,1.8,2.7,0.9,5.3,0.7,3.6,2.2,0.4,1.3,1.3,0.0,0.9,4.0,0.0,45.4,1.8,1.8,0.4,0.4,0.0,0.0,0.0,0.0,0.0,0.0,0.0,0.0,0.0,0.0,0.0,0.0,0.0,0.0,0.0,0.0,0.0,0.0,0.0,0.0,0.0,0.0,0.0,0.0,0.0,0.0,0.0,0.0,0.0,0.0,0.0,0.0,0.0,0.0,0.0,0.0,0.0,0.0,0.0,0.0,0.0,0.0,0.0,0.0,0.0,0.0,0.0,0.0
2026-01-23 16:12:07,3.6,25.0,running,1.3,1.8,22.5,0.4,3.1,3.0,2.7,0.0,0.0,3.1,3.6,0.9,2.7,0.0,0.9,0.0,6.2,1.8,1.3,1.6,1.8,0.0,1.3,12.4,3.1,2.7,5.7,2.6,2.7,2.1,0.5,0.0,4.0,3.1,4.0,1.0,5.3,0.9,1.8,0.5,39.6,0.9,8.8,2.2,4.0,3.1,0.4,0.4,0.0,0.0,0.0,0.0,0.0,0.0,0.0,0.0,0.0,0.0,0.0,0.0,0.0,0.0,0.0,0.0,0.0,0.0,0.0,0.0,0.0,0.0,0.0,0.0,0.0,0.0,0.0,0.0,0.0,0.0,0.0,0.0,0.0,0.0,0.0,0.0,0.0,0.0,0.0,0.0,0.0,0.0,0.0,0.0,0.0,0.0,0.0,0.0
2026-01-23 16:12:11,3.7,28.1,running,1.3,2.7,23.7,0.0,3.1,0.0,7.6,3.5,3.6,3.6,2.7,4.0,2.7,8.4,0.4,2.3,3.6,1.8,0.4,0.0,0.9,0.0,1.3,9.8,1.3,2.3,6.2,0.0,0.9,0.0,2.0,0.0,4.9,0.0,4.0,1.2,5.4,0.9,0.0,5.3,17.0,2.1,3.6,21.8,0.9,0.0,2.7,1.8,0.0,0.0,0.0,0.0,0.0,0.0,0.0,0.0,0.0,0.0,0.0,0.0,0.0,0.0,0.0,0.0,0.0,0.0,0.0,0.0,0.0,0.0,0.0,0.0,0.0,0.0,0.0,0.0,0.0,0.0,0.0,0.0,0.0,0.0,0.0,0.0,0.0,0.0,0.0,0.0,0.0,0.0,0.0,0.0,0.0,0.0,0.0,0.0
2026-01-23 16:12:14,3.9,28.1,running,4.0,2.7,20.8,0.0,3.1,4.5,4.0,2.2,3.1,0.0,0.4,1.8,2.2,2.2,0.4,2.7,4.9,1.8,1.8,0.0,3.5,0.9,0.9,13.0,3.1,0.0,2.7,0.4,6.6,0.0,2.2,0.9,9.7,1.3,6.6,1.3,0.4,2.7,0.9,0.0,7.5,0.0,0.9,37.7,4.5,1.8,0.9,2.7,0.0,0.0,0.0,0.0,0.0,0.0,0.0,0.0,0.0,0.0,0.0,0.0,0.0,0.0,0.0,0.0,0.0,0.0,0.0,0.0,0.0,0.0,0.0,0.0,0.0,0.0,0.0,0.0,0.0,0.0,0.0,0.0,0.0,0.0,0.0,0.0,0.0,0.0,0.0,0.0,0.0,0.0,0.0,0.0,0.0,0.0,0.0,0.0
2026-01-23 16:12:18,3.5,40.6,running,0.0,1.3,23.9,2.7,3.6,0.4,4.5,1.8,4.4,0.4,4.0,0.5,2.7,2.2,2.7,1.8,2.2,2.7,4.0,0.9,4.0,0.4,0.0,10.6,0.9,1.3,3.1,1.3,4.0,1.8,1.3,0.4,7.5,1.8,4.0,0.0,0.9,1.3,2.7,1.3,40.2,0.9,2.7,2.2,1.8,0.0,2.2,0.9,0.0,0.0,0.0,0.0,0.0,0.0,0.0,0.0,0.0,0.0,0.0,0.0,0.0,0.0,0.0,0.0,0.0,0.0,0.0,0.0,0.0,0.0,0.0,0.0,0.0,0.0,0.0,0.0,0.0,0.0,0.0,0.0,0.0,0.0,0.0,0.0,0.0,0.0,0.0,0.0,0.0,0.0,0.0,0.0,0.0,0.0,0.0,0.0
2026-01-23 16:12:21,3.4,21.9,running,0.4,2.2,21.0,5.3,4.9,0.4,3.1,0.0,4.0,1.3,4.0,1.5,5.8,0.4,0.4,0.4,0.9,3.1,4.4,0.0,5.8,0.0,0.4,13.5,4.0,1.8,3.6,0.0,1.3,0.0,0.4,0.0,4.4,5.7,3.5,0.0,2.7,0.9,0.9,2.2,12.1,0.4,2.2,28.6,1.3,2.2,3.6,2.5,0.0,0.0,0.0,0.0,0.0,0.0,0.0,0.0,0.0,0.0,0.0,0.0,0.0,0.0,0.0,0.0,0.0,0.0,0.0,0.0,0.0,0.0,0.0,0.0,0.0,0.0,0.0,0.0,0.0,0.0,0.0,0.0,0.0,0.0,0.0,0.0,0.0,0.0,0.0,0.0,0.0,0.0,0.0,0.0,0.0,0.0,0.0,0.0
2026-01-23 16:12:25,3.0,34.3,running,0.9,0.4,18.7,0.4,1.8,0.4,3.6,0.0,3.6,0.0,4.9,1.8,1.3,2.7,2.2,2.2,3.5,1.8,3.6,1.3,3.5,1.5,0.4,11.6,0.0,0.9,4.9,2.7,5.4,0.0,0.0,0.0,5.3,4.5,6.2,6.3,2.2,0.0,1.3,0.0,13.3,0.4,1.3,32.0,3.6,0.4,1.3,1.3,0.0,0.0,0.0,0.0,0.0,0.0,0.0,0.0,0.0,0.0,0.0,0.0,0.0,0.0,0.0,0.0,0.0,0.0,0.0,0.0,0.0,0.0,0.0,0.0,0.0,0.0,0.0,0.0,0.0,0.0,0.0,0.0,0.0,0.0,0.0,0.0,0.0,0.0,0.0,0.0,0.0,0.0,0.0,0.0,0.0,0.0,0.0,0.0
2026-01-23 16:12:28,3.4,28.1,running,0.9,2.2,19.9,0.0,4.0,2.7,4.9,0.9,6.6,0.0,3.6,0.9,1.3,3.5,1.3,0.0,1.3,2.2,0.9,0.4,0.4,0.0,1.3,11.6,0.9,0.0,1.3,2.2,0.0,0.4,0.4,0.9,4.9,1.3,6.2,0.4,1.8,2.2,3.5,2.7,45.5,0.4,6.2,0.0,1.8,1.8,0.4,1.3,0.0,0.0,0.0,0.0,0.0,0.0,0.0,0.0,0.0,0.0,0.0,0.0,0.0,0.0,0.0,0.0,0.0,0.0,0.0,0.0,0.0,0.0,0.0,0.0,0.0,0.0,0.0,0.0,0.0,0.0,0.0,0.0,0.0,0.0,0.0,0.0,0.0,0.0,0.0,0.0,0.0,0.0,0.0,0.0,0.0,0.0,0.0,0.0
2026-01-23 16:12:32,3.3,31.2,running,7.0,0.9,18.6,1.8,2.2,0.0,5.3,1.3,7.1,0.0,2.7,0.4,1.3,0.9,1.8,0.0,4.0,1.3,1.3,3.1,1.8,1.8,0.4,11.6,1.8,0.9,1.8,1.8,3.1,2.2,0.5,2.7,2.7,0.0,2.2,3.1,0.0,0.9,2.2,0.9,10.7,1.8,0.0,33.8,5.4,3.1,2.2,1.3,0.0,0.0,0.0,0.0,0.0,0.0,0.0,0.0,0.0,0.0,0.0,0.0,0.0,0.0,0.0,0.0,0.0,0.0,0.0,0.0,0.0,0.0,0.0,0.0,0.0,0.0,0.0,0.0,0.0,0.0,0.0,0.0,0.0,0.0,0.0,0.0,0.0,0.0,0.0,0.0,0.0,0.0,0.0,0.0,0.0,0.0,0.0,0.0
2026-01-23 16:12:35,3.6,25.0,running,0.9,0.0,16.9,0.9,0.4,0.4,3.6,0.4,4.0,0.8,0.9,1.3,1.3,2.7,1.8,0.0,4.4,2.7,4.4,0.4,1.8,0.0,0.0,11.1,2.7,0.0,0.9,0.9,6.7,1.3,0.9,0.0,7.1,4.3,2.2,0.9,6.2,0.9,2.2,0.9,15.6,2.2,2.7,29.9,3.6,0.0,5.3,0.4,0.0,0.0,0.0,0.0,0.0,0.0,0.0,0.0,0.0,0.0,0.0,0.0,0.0,0.0,0.0,0.0,0.0,0.0,0.0,0.0,0.0,0.0,0.0,0.0,0.0,0.0,0.0,0.0,0.0,0.0,0.0,0.0,0.0,0.0,0.0,0.0,0.0,0.0,0.0,0.0,0.0,0.0,0.0,0.0,0.0,0.0,0.0,0.0
2026-01-23 16:12:39,3.4,31.2,running,4.0,0.0,17.8,2.2,3.1,3.1,2.2,0.0,1.8,0.0,0.4,2.7,3.1,0.9,3.1,0.0,4.0,0.9,1.3,1.8,0.9,1.8,3.1,12.0,2.2,0.4,3.5,0.0,3.1,0.9,4.5,0.4,3.6,0.9,6.2,1.3,0.4,0.9,2.2,2.7,47.1,0.0,5.3,0.9,4.9,3.6,1.8,0.9,0.0,0.0,0.0,0.0,0.0,0.0,0.0,0.0,0.0,0.0,0.0,0.0,0.0,0.0,0.0,0.0,0.0,0.0,0.0,0.0,0.0,0.0,0.0,0.0,0.0,0.0,0.0,0.0,0.0,0.0,0.0,0.0,0.0,0.0,0.0,0.0,0.0,0.0,0.0,0.0,0.0,0.0,0.0,0.0,0.0,0.0,0.0,0.0
2026-01-23 16:12:43,3.2,37.5,running,4.5,0.0,25.8,1.4,8.5,0.9,3.1,0.0,3.1,0.9,2.2,1.8,1.8,5.3,0.4,0.9,1.3,2.2,0.0,0.0,1.8,0.0,2.2,12.4,4.0,3.1,1.8,0.4,0.9,1.3,0.4,4.1,0.4,4.4,2.7,0.4,1.3,0.0,0.4,6.7,3.6,3.1,0.0,40.2,1.8,1.8,1.8,3.1,0.0,0.0,0.0,0.0,0.0,0.0,0.0,0.0,0.0,0.0,0.0,0.0,0.0,0.0,0.0,0.0,0.0,0.0,0.0,0.0,0.0,0.0,0.0,0.0,0.0,0.0,0.0,0.0,0.0,0.0,0.0,0.0,0.0,0.0,0.0,0.0,0.0,0.0,0.0,0.0,0.0,0.0,0.0,0.0,0.0,0.0,0.0,0.0
2026-01-23 16:12:46,3.6,37.5,running,3.6,0.0,25.1,0.9,3.5,4.0,3.1,0.0,3.1,0.9,4.5,0.0,1.8,5.8,5.3,0.0,1.3,0.9,0.9,0.0,4.0,3.6,0.4,14.2,2.7,0.0,6.6,0.9,3.6,1.3,2.2,0.0,4.9,6.7,0.9,1.3,0.0,1.3,0.4,0.4,0.0,0.0,0.0,44.4,2.2,0.4,0.4,1.8,0.0,0.0,0.0,0.0,0.0,0.0,0.0,0.0,0.0,0.0,0.0,0.0,0.0,0.0,0.0,0.0,0.0,0.0,0.0,0.0,0.0,0.0,0.0,0.0,0.0,0.0,0.0,0.0,0.0,0.0,0.0,0.0,0.0,0.0,0.0,0.0,0.0,0.0,0.0,0.0,0.0,0.0,0.0,0.0,0.0,0.0,0.0,0.0
2026-01-23 16:12:50,3.5,31.2,running,5.8,5.8,22.1,4.4,3.6,4.0,4.0,0.0,2.2,4.5,3.6,0.4,1.8,0.0,0.4,4.5,2.2,1.8,0.4,0.0,2.2,0.0,2.2,11.6,0.9,1.8,2.2,0.4,0.4,1.3,2.2,0.0,5.3,5.3,1.3,0.4,1.3,0.9,4.0,3.1,3.1,0.0,0.0,39.1,3.1,1.4,2.7,1.3,0.0,0.0,0.0,0.0,0.0,0.0,0.0,0.0,0.0,0.0,0.0,0.0,0.0,0.0,0.0,0.0,0.0,0.0,0.0,0.0,0.0,0.0,0.0,0.0,0.0,0.0,0.0,0.0,0.0,0.0,0.0,0.0,0.0,0.0,0.0,0.0,0.0,0.0,0.0,0.0,0.0,0.0,0.0,0.0,0.0,0.0,0.0,0.0
2026-01-23 16:12:53,3.2,31.2,running,0.9,0.0,18.9,0.9,3.1,2.2,6.7,0.0,2.2,3.1,0.4,0.4,1.8,1.8,0.4,2.2,3.5,1.3,2.2,4.4,3.1,0.0,2.7,10.8,0.9,0.9,1.8,1.8,3.6,2.6,0.9,0.0,5.7,2.2,0.9,3.9,0.4,3.1,1.3,0.9,42.5,0.4,7.1,0.0,2.2,0.9,3.1,0.9,0.0,0.0,0.0,0.0,0.0,0.0,0.0,0.0,0.0,0.0,0.0,0.0,0.0,0.0,0.0,0.0,0.0,0.0,0.0,0.0,0.0,0.0,0.0,0.0,0.0,0.0,0.0,0.0,0.0,0.0,0.0,0.0,0.0,0.0,0.0,0.0,0.0,0.0,0.0,0.0,0.0,0.0,0.0,0.0,0.0,0.0,0.0,0.0
2026-01-23 16:12:57,3.4,28.1,running,1.3,1.3,24.7,0.5,3.6,0.9,4.0,0.4,4.4,0.9,5.3,0.0,2.7,0.4,1.8,2.3,1.8,0.0,1.8,0.0,3.6,3.6,1.8,11.6,4.9,0.0,4.4,0.0,3.6,2.2,2.3,3.1,6.2,1.3,3.6,1.8,0.4,0.9,0.9,3.5,42.4,0.0,0.9,1.8,4.0,0.0,0.4,0.4,0.0,0.0,0.0,0.0,0.0,0.0,0.0,0.0,0.0,0.0,0.0,0.0,0.0,0.0,0.0,0.0,0.0,0.0,0.0,0.0,0.0,0.0,0.0,0.0,0.0,0.0,0.0,0.0,0.0,0.0,0.0,0.0,0.0,0.0,0.0,0.0,0.0,0.0,0.0,0.0,0.0,0.0,0.0,0.0,0.0,0.0,0.0,0.0
2026-01-23 16:13:00,3.9,18.7,running,2.2,0.0,25.2,0.0,4.0,0.0,1.8,1.8,1.3,0.0,0.9,0.0,1.8,0.9,3.6,2.3,2.2,1.3,3.1,0.0,0.9,2.2,4.0,10.3,3.1,1.8,4.4,0.0,0.9,0.0,3.5,1.8,4.4,1.3,0.4,1.3,1.8,0.9,3.6,1.8,40.7,3.1,7.1,8.0,2.7,2.2,2.7,0.4,0.0,0.0,0.0,0.0,0.0,0.0,0.0,0.0,0.0,0.0,0.0,0.0,0.0,0.0,0.0,0.0,0.0,0.0,0.0,0.0,0.0,0.0,0.0,0.0,0.0,0.0,0.0,0.0,0.0,0.0,0.0,0.0,0.0,0.0,0.0,0.0,0.0,0.0,0.0,0.0,0.0,0.0,0.0,0.0,0.0,0.0,0.0,0.0
2026-01-23 16:13:04,3.2,37.5,running,5.3,0.0,23.6,0.0,2.2,0.9,4.5,0.0,4.9,0.0,4.9,2.0,0.9,0.0,2.2,2.2,4.9,0.0,5.4,0.0,1.3,1.8,0.9,11.6,2.2,0.9,4.0,0.0,0.4,0.0,0.0,0.0,2.7,0.0,4.4,2.2,0.4,0.4,3.6,2.2,6.0,0.0,0.0,41.2,4.5,0.0,1.3,1.8,0.0,0.0,0.0,0.0,0.0,0.0,0.0,0.0,0.0,0.0,0.0,0.0,0.0,0.0,0.0,0.0,0.0,0.0,0.0,0.0,0.0,0.0,0.0,0.0,0.0,0.0,0.0,0.0,0.0,0.0,0.0,0.0,0.0,0.0,0.0,0.0,0.0,0.0,0.0,0.0,0.0,0.0,0.0,0.0,0.0,0.0,0.0,0.0
2026-01-23 16:13:07,3.4,34.3,running,4.4,0.0,20.2,0.5,5.8,0.4,6.2,1.3,0.9,0.9,4.0,0.0,2.2,0.0,0.4,1.8,1.8,1.8,0.0,0.0,2.7,1.5,6.2,11.1,2.2,0.0,3.1,0.9,6.2,3.1,0.0,0.0,4.9,5.3,4.9,0.0,6.2,1.3,1.3,0.0,34.8,2.0,0.4,9.5,1.3,0.4,1.3,2.2,0.0,0.0,0.0,0.0,0.0,0.0,0.0,0.0,0.0,0.0,0.0,0.0,0.0,0.0,0.0,0.0,0.0,0.0,0.0,0.0,0.0,0.0,0.0,0.0,0.0,0.0,0.0,0.0,0.0,0.0,0.0,0.0,0.0,0.0,0.0,0.0,0.0,0.0,0.0,0.0,0.0,0.0,0.0,0.0,0.0,0.0,0.0,0.0
2026-01-23 16:13:11,3.4,25.0,running,4.9,0.9,23.6,0.4,5.3,0.9,6.2,0.9,2.2,0.9,3.1,1.9,4.9,2.2,0.4,0.4,4.0,0.9,0.4,1.8,0.9,3.7,0.4,13.8,1.8,3.1,2.2,0.0,2.2,0.0,1.3,0.0,3.1,5.4,3.1,0.9,0.4,2.7,1.3,0.0,30.0,0.0,2.2,13.7,0.9,2.7,5.3,1.8,0.0,0.0,0.0,0.0,0.0,0.0,0.0,0.0,0.0,0.0,0.0,0.0,0.0,0.0,0.0,0.0,0.0,0.0,0.0,0.0,0.0,0.0,0.0,0.0,0.0,0.0,0.0,0.0,0.0,0.0,0.0,0.0,0.0,0.0,0.0,0.0,0.0,0.0,0.0,0.0,0.0,0.0,0.0,0.0,0.0,0.0,0.0,0.0
2026-01-23 16:13:14,3.8,40.6,running,1.3,4.0,22.6,2.5,5.8,2.8,5.3,2.7,2.7,0.0,3.6,2.6,0.9,2.1,3.2,1.6,5.3,0.0,7.1,1.3,2.7,1.0,1.8,11.6,1.3,0.0,3.1,0.0,1.8,2.7,4.0,1.0,4.9,1.0,0.0,1.8,1.0,0.9,0.0,0.9,0.4,0.0,2.2,38.7,5.8,2.0,2.0,0.4,0.0,0.0,0.0,0.0,0.0,0.0,0.0,0.0,0.0,0.0,0.0,0.0,0.0,0.0,0.0,0.0,0.0,0.0,0.0,0.0,0.0,0.0,0.0,0.0,0.0,0.0,0.0,0.0,0.0,0.0,0.0,0.0,0.0,0.0,0.0,0.0,0.0,0.0,0.0,0.0,0.0,0.0,0.0,0.0,0.0,0.0,0.0,0.0
2026-01-23 16:13:18,4.7,28.1,running,0.0,5.8,20.8,3.3,3.1,1.7,3.6,1.8,5.3,3.0,2.2,0.0,4.0,4.3,3.9,2.7,2.2,4.0,4.0,0.4,4.0,0.4,2.2,12.5,2.7,1.2,4.0,1.2,2.2,2.7,4.0,0.0,1.3,0.8,0.0,0.9,2.4,4.9,3.8,2.2,38.2,1.3,1.3,5.3,4.0,0.4,1.2,2.2,0.0,0.0,0.0,0.0,0.0,0.0,0.0,0.0,0.0,0.0,0.0,0.0,0.0,0.0,0.0,0.0,0.0,0.0,0.0,0.0,0.0,0.0,0.0,0.0,0.0,0.0,0.0,0.0,0.0,0.0,0.0,0.0,0.0,0.0,0.0,0.0,0.0,0.0,0.0,0.0,0.0,0.0,0.0,0.0,0.0,0.0,0.0,0.0
2026-01-23 16:13:21,3.3,37.5,running,0.9,1.3,19.5,0.9,3.5,1.8,5.3,0.0,2.2,2.2,4.4,1.8,5.4,0.0,8.0,1.8,1.8,4.0,1.4,2.2,1.8,0.4,0.9,12.4,4.0,0.4,4.0,0.0,1.9,0.9,2.2,0.4,4.4,0.4,1.3,2.7,1.8,2.2,3.1,0.9,23.1,0.0,6.2,18.7,8.1,4.0,0.9,0.0,0.0,0.0,0.0,0.0,0.0,0.0,0.0,0.0,0.0,0.0,0.0,0.0,0.0,0.0,0.0,0.0,0.0,0.0,0.0,0.0,0.0,0.0,0.0,0.0,0.0,0.0,0.0,0.0,0.0,0.0,0.0,0.0,0.0,0.0,0.0,0.0,0.0,0.0,0.0,0.0,0.0,0.0,0.0,0.0,0.0,0.0,0.0,0.0
2026-01-23 16:13:25,3.9,28.1,running,3.1,3.6,26.4,3.1,3.6,0.9,0.9,1.3,3.6,0.9,7.1,2.2,4.9,1.3,3.6,0.0,1.3,2.2,2.2,1.3,1.3,0.9,1.3,12.5,4.5,0.0,4.0,3.1,1.3,0.0,0.0,0.9,10.5,2.6,3.6,0.4,0.0,4.5,4.0,0.0,4.9,0.0,1.3,42.2,6.6,2.2,0.9,0.4,0.0,0.0,0.0,0.0,0.0,0.0,0.0,0.0,0.0,0.0,0.0,0.0,0.0,0.0,0.0,0.0,0.0,0.0,0.0,0.0,0.0,0.0,0.0,0.0,0.0,0.0,0.0,0.0,0.0,0.0,0.0,0.0,0.0,0.0,0.0,0.0,0.0,0.0,0.0,0.0,0.0,0.0,0.0,0.0,0.0,0.0,0.0,0.0
2026-01-23 16:13:28,3.4,25.0,running,2.2,0.4,26.4,1.3,6.7,2.2,3.6,0.4,7.0,2.7,3.1,0.0,2.2,0.9,3.6,0.9,3.1,0.9,0.9,7.1,1.8,1.8,0.4,11.7,1.3,2.6,2.2,1.3,0.9,0.9,0.0,1.3,3.1,1.6,7.6,1.3,4.4,5.3,3.1,0.9,42.9,0.4,5.2,1.3,6.6,0.4,3.1,1.3,0.0,0.0,0.0,0.0,0.0,0.0,0.0,0.0,0.0,0.0,0.0,0.0,0.0,0.0,0.0,0.0,0.0,0.0,0.0,0.0,0.0,0.0,0.0,0.0,0.0,0.0,0.0,0.0,0.0,0.0,0.0,0.0,0.0,0.0,0.0,0.0,0.0,0.0,0.0,0.0,0.0,0.0,0.0,0.0,0.0,0.0,0.0,0.0
2026-01-23 16:13:32,6.3,31.2,running,0.9,0.0,21.8,0.4,7.6,0.9,7.5,2.2,7.6,2.2,16.0,6.2,8.0,0.0,4.4,1.8,3.1,3.1,1.8,0.0,0.4,1.3,2.2,12.9,6.2,3.1,4.0,0.9,3.5,0.0,1.3,0.0,3.1,3.1,1.3,6.2,5.8,2.7,4.5,1.3,20.4,0.9,4.0,23.0,6.3,0.0,2.7,4.4,0.0,0.0,0.0,0.0,0.0,0.0,0.0,0.0,0.0,0.0,0.0,0.0,0.0,0.0,0.0,0.0,0.0,0.0,0.0,0.0,0.0,0.0,0.0,0.0,0.0,0.0,0.0,0.0,0.0,0.0,0.0,0.0,0.0,0.0,0.0,0.0,0.0,0.0,0.0,0.0,0.0,0.0,0.0,0.0,0.0,0.0,0.0,0.0
2026-01-23 16:13:35,4.3,37.5,running,1.8,3.6,27.4,3.1,6.7,0.0,8.9,0.0,3.6,4.0,9.8,0.9,3.6,0.0,5.8,1.8,3.6,3.6,3.6,2.7,1.3,0.9,3.6,15.6,3.6,0.9,2.7,1.8,2.7,0.4,2.7,0.4,5.3,0.4,2.7,2.2,0.9,3.6,5.3,2.7,8.4,0.0,2.7,35.0,2.7,4.5,2.2,3.6,0.0,0.0,0.0,0.0,0.0,0.0,0.0,0.0,0.0,0.0,0.0,0.0,0.0,0.0,0.0,0.0,0.0,0.0,0.0,0.0,0.0,0.0,0.0,0.0,0.0,0.0,0.0,0.0,0.0,0.0,0.0,0.0,0.0,0.0,0.0,0.0,0.0,0.0,0.0,0.0,0.0,0.0,0.0,0.0,0.0,0.0,0.0,0.0
2026-01-23 16:13:39,3.9,34.3,running,5.4,1.8,23.5,0.4,5.3,1.8,2.7,0.9,2.2,2.2,4.0,1.8,2.7,0.9,0.9,0.0,2.2,0.0,0.9,0.0,0.9,0.9,4.0,13.4,5.4,2.2,4.0,1.3,4.5,2.2,0.0,0.0,4.9,4.0,2.7,3.1,1.8,1.8,4.0,0.0,16.0,0.9,4.0,27.8,3.1,2.7,3.1,0.4,0.0,0.0,0.0,0.0,0.0,0.0,0.0,0.0,0.0,0.0,0.0,0.0,0.0,0.0,0.0,0.0,0.0,0.0,0.0,0.0,0.0,0.0,0.0,0.0,0.0,0.0,0.0,0.0,0.0,0.0,0.0,0.0,0.0,0.0,0.0,0.0,0.0,0.0,0.0,0.0,0.0,0.0,0.0,0.0,0.0,0.0,0.0,0.0
2026-01-23 16:13:42,4.0,25.0,running,4.8,0.4,21.7,2.2,7.6,2.7,6.2,0.9,4.0,2.7,4.9,0.9,4.5,2.6,0.9,2.7,4.0,3.5,1.8,1.8,0.9,0.0,10.3,8.4,2.7,0.0,2.2,0.4,3.1,0.0,0.4,0.9,2.7,0.4,2.7,0.9,0.0,1.3,2.2,0.0,34.4,1.3,7.0,11.7,3.6,1.8,0.9,0.4,0.0,0.0,0.0,0.0,0.0,0.0,0.0,0.0,0.0,0.0,0.0,0.0,0.0,0.0,0.0,0.0,0.0,0.0,0.0,0.0,0.0,0.0,0.0,0.0,0.0,0.0,0.0,0.0,0.0,0.0,0.0,0.0,0.0,0.0,0.0,0.0,0.0,0.0,0.0,0.0,0.0,0.0,0.0,0.0,0.0,0.0,0.0,0.0
2026-01-23 16:13:46,3.6,28.1,running,2.7,0.0,17.7,2.0,3.1,0.9,4.0,4.0,1.3,1.4,3.6,1.3,1.8,0.0,0.0,0.0,4.0,1.3,0.0,2.7,0.4,1.3,1.3,12.5,3.1,0.9,4.0,2.2,1.8,0.4,1.8,0.4,8.4,3.4,1.8,0.4,0.0,0.9,1.8,0.0,41.1,2.7,7.1,1.8,0.9,0.0,0.4,0.9,0.0,0.0,0.0,0.0,0.0,0.0,0.0,0.0,0.0,0.0,0.0,0.0,0.0,0.0,0.0,0.0,0.0,0.0,0.0,0.0,0.0,0.0,0.0,0.0,0.0,0.0,0.0,0.0,0.0,0.0,0.0,0.0,0.0,0.0,0.0,0.0,0.0,0.0,0.0,0.0,0.0,0.0,0.0,0.0,0.0,0.0,0.0,0.0
2026-01-23 16:13:49,3.3,34.3,running,0.9,2.2,23.8,0.0,2.7,4.4,3.6,0.9,1.3,0.0,2.7,0.0,2.2,1.8,4.4,0.0,1.8,0.0,2.2,0.0,2.2,0.0,0.9,10.7,0.4,0.0,2.2,1.8,1.8,3.1,1.0,1.3,3.6,6.0,4.5,0.0,0.0,1.8,5.4,2.7,41.1,0.5,5.8,2.2,1.3,4.5,0.4,1.3,0.0,0.0,0.0,0.0,0.0,0.0,0.0,0.0,0.0,0.0,0.0,0.0,0.0,0.0,0.0,0.0,0.0,0.0,0.0,0.0,0.0,0.0,0.0,0.0,0.0,0.0,0.0,0.0,0.0,0.0,0.0,0.0,0.0,0.0,0.0,0.0,0.0,0.0,0.0,0.0,0.0,0.0,0.0,0.0,0.0,0.0,0.0,0.0
2026-01-23 16:13:53,3.6,28.1,running,3.6,0.0,17.7,0.0,3.1,3.1,2.7,1.8,1.8,4.4,4.9,0.4,4.0,2.7,0.4,0.4,2.2,4.0,1.3,4.0,3.1,0.0,4.5,11.0,5.3,0.4,4.4,2.8,4.0,0.4,0.4,3.6,6.7,1.2,2.7,0.9,1.8,2.2,3.6,0.0,42.7,2.5,2.2,1.8,4.9,0.0,2.7,0.4,0.0,0.0,0.0,0.0,0.0,0.0,0.0,0.0,0.0,0.0,0.0,0.0,0.0,0.0,0.0,0.0,0.0,0.0,0.0,0.0,0.0,0.0,0.0,0.0,0.0,0.0,0.0,0.0,0.0,0.0,0.0,0.0,0.0,0.0,0.0,0.0,0.0,0.0,0.0,0.0,0.0,0.0,0.0,0.0,0.0,0.0,0.0,0.0
2026-01-23 16:13:56,3.6,18.7,running,10.1,0.4,20.9,0.0,5.8,0.0,6.6,1.3,2.2,3.1,5.3,0.4,0.9,2.2,2.2,2.8,4.0,0.4,0.9,0.0,1.8,1.3,2.7,12.2,1.8,1.8,6.3,0.5,3.1,2.8,3.9,0.9,2.2,3.0,5.8,0.9,0.4,1.8,4.0,0.0,26.9,0.0,1.8,16.8,1.8,2.2,1.3,0.0,0.0,0.0,0.0,0.0,0.0,0.0,0.0,0.0,0.0,0.0,0.0,0.0,0.0,0.0,0.0,0.0,0.0,0.0,0.0,0.0,0.0,0.0,0.0,0.0,0.0,0.0,0.0,0.0,0.0,0.0,0.0,0.0,0.0,0.0,0.0,0.0,0.0,0.0,0.0,0.0,0.0,0.0,0.0,0.0,0.0,0.0,0.0,0.0
2026-01-23 16:14:00,8.7,28.1,running,6.7,0.4,26.3,0.0,8.0,7.4,11.5,0.9,8.5,3.6,16.1,1.3,9.2,0.4,7.5,0.8,15.6,4.0,9.8,2.1,8.0,3.6,4.0,12.9,8.9,3.2,5.4,3.4,5.8,1.3,10.7,1.8,9.3,5.0,9.8,3.1,2.7,3.6,8.4,3.6,14.2,2.2,2.2,39.6,9.0,0.9,5.4,1.3,0.0,0.0,0.0,0.0,0.0,0.0,0.0,0.0,0.0,0.0,0.0,0.0,0.0,0.0,0.0,0.0,0.0,0.0,0.0,0.0,0.0,0.0,0.0,0.0,0.0,0.0,0.0,0.0,0.0,0.0,0.0,0.0,0.0,0.0,0.0,0.0,0.0,0.0,0.0,0.0,0.0,0.0,0.0,0.0,0.0,0.0,0.0,0.0
2026-01-23 16:14:03,3.4,28.1,running,0.4,1.3,18.9,0.9,2.2,2.3,7.5,2.2,1.8,0.9,4.5,2.7,3.1,0.0,1.8,0.9,5.8,2.2,3.1,1.8,1.8,0.0,4.9,12.1,1.8,2.2,6.2,0.0,1.4,4.0,0.4,2.7,4.4,3.5,4.0,1.3,2.7,0.4,0.9,0.0,1.3,1.3,2.2,0.0,39.6,0.0,4.9,0.4,0.0,0.0,0.0,0.0,0.0,0.0,0.0,0.0,0.0,0.0,0.0,0.0,0.0,0.0,0.0,0.0,0.0,0.0,0.0,0.0,0.0,0.0,0.0,0.0,0.0,0.0,0.0,0.0,0.0,0.0,0.0,0.0,0.0,0.0,0.0,0.0,0.0,0.0,0.0,0.0,0.0,0.0,0.0,0.0,0.0,0.0,0.0,0.0
2026-01-23 16:14:07,3.2,37.5,running,1.3,1.8,19.6,2.4,1.8,3.5,4.9,0.0,1.8,0.0,3.1,0.4,2.7,0.0,1.8,1.9,2.2,4.9,0.9,0.0,0.4,0.4,4.0,9.7,2.7,2.2,1.8,0.0,0.9,2.7,3.1,0.0,1.3,4.5,2.2,2.2,1.3,2.2,1.8,1.8,23.5,0.0,2.7,3.6,26.1,0.4,4.9,0.0,0.0,0.0,0.0,0.0,0.0,0.0,0.0,0.0,0.0,0.0,0.0,0.0,0.0,0.0,0.0,0.0,0.0,0.0,0.0,0.0,0.0,0.0,0.0,0.0,0.0,0.0,0.0,0.0,0.0,0.0,0.0,0.0,0.0,0.0,0.0,0.0,0.0,0.0,0.0,0.0,0.0,0.0,0.0,0.0,0.0,0.0,0.0,0.0
2026-01-23 16:14:10,3.7,21.9,running,0.9,1.8,21.0,1.9,2.2,3.5,4.5,1.3,4.0,0.4,4.0,1.8,3.1,0.0,3.1,0.0,2.7,0.9,1.8,0.0,1.3,2.7,1.8,10.3,1.3,0.0,3.6,0.0,0.9,2.9,1.8,0.4,4.9,4.9,6.7,0.7,0.4,0.0,6.2,2.7,36.2,1.8,6.7,1.3,1.8,0.0,2.2,0.4,0.0,0.0,0.0,0.0,0.0,0.0,0.0,0.0,0.0,0.0,0.0,0.0,0.0,0.0,0.0,0.0,0.0,0.0,0.0,0.0,0.0,0.0,0.0,0.0,0.0,0.0,0.0,0.0,0.0,0.0,0.0,0.0,0.0,0.0,0.0,0.0,0.0,0.0,0.0,0.0,0.0,0.0,0.0,0.0,0.0,0.0,0.0,0.0
2026-01-23 16:14:14,3.7,31.2,running,3.6,2.7,19.5,0.0,2.2,1.3,2.2,0.0,2.2,0.0,4.4,0.9,1.8,2.7,0.0,0.9,1.3,1.8,2.2,0.9,1.3,0.9,2.2,12.1,0.0,4.0,4.5,3.1,2.7,0.0,1.9,0.0,0.9,2.8,5.8,0.0,0.4,1.8,4.9,2.2,37.5,6.2,11.8,1.8,3.6,0.0,1.8,0.4,0.0,0.0,0.0,0.0,0.0,0.0,0.0,0.0,0.0,0.0,0.0,0.0,0.0,0.0,0.0,0.0,0.0,0.0,0.0,0.0,0.0,0.0,0.0,0.0,0.0,0.0,0.0,0.0,0.0,0.0,0.0,0.0,0.0,0.0,0.0,0.0,0.0,0.0,0.0,0.0,0.0,0.0,0.0,0.0,0.0,0.0,0.0,0.0
2026-01-23 16:14:17,4.4,21.8,running,4.4,1.3,23.5,0.0,3.6,1.3,5.3,0.4,6.2,1.8,4.0,0.0,4.4,1.4,1.3,1.8,4.5,0.4,4.5,0.4,3.1,2.2,3.6,10.2,4.0,0.0,2.2,0.4,0.4,1.8,5.4,0.0,4.9,3.1,2.7,1.8,0.9,1.3,9.0,0.0,40.0,0.0,4.5,0.9,1.8,1.8,0.0,0.4,0.0,0.0,0.0,0.0,0.0,0.0,0.0,0.0,0.0,0.0,0.0,0.0,0.0,0.0,0.0,0.0,0.0,0.0,0.0,0.0,0.0,0.0,0.0,0.0,0.0,0.0,0.0,0.0,0.0,0.0,0.0,0.0,0.0,0.0,0.0,0.0,0.0,0.0,0.0,0.0,0.0,0.0,0.0,0.0,0.0,0.0,0.0,0.0
2026-01-23 16:14:21,3.5,31.2,running,6.2,2.7,22.7,0.0,2.2,4.9,1.8,2.7,0.9,3.1,3.1,0.4,3.1,1.8,2.7,0.0,3.1,2.2,1.8,0.4,0.4,0.9,1.3,9.9,4.5,0.0,1.8,0.0,0.9,2.2,5.3,1.7,3.5,0.4,5.8,2.7,3.1,1.8,0.0,0.4,35.3,0.4,2.7,1.8,9.7,0.4,3.5,0.0,0.0,0.0,0.0,0.0,0.0,0.0,0.0,0.0,0.0,0.0,0.0,0.0,0.0,0.0,0.0,0.0,0.0,0.0,0.0,0.0,0.0,0.0,0.0,0.0,0.0,0.0,0.0,0.0,0.0,0.0,0.0,0.0,0.0,0.0,0.0,0.0,0.0,0.0,0.0,0.0,0.0,0.0,0.0,0.0,0.0,0.0,0.0,0.0
2026-01-23 16:14:24,3.7,21.8,running,2.7,0.9,22.4,0.0,4.0,2.7,2.2,1.3,4.4,0.4,3.6,0.4,4.0,1.4,6.2,1.8,5.7,1.8,0.9,4.0,0.4,1.3,0.9,9.8,7.9,0.0,2.2,2.7,2.2,0.0,2.7,4.0,2.7,3.6,4.0,0.9,0.4,3.1,1.3,0.0,0.9,1.3,0.0,0.9,37.5,2.2,12.0,0.0,0.0,0.0,0.0,0.0,0.0,0.0,0.0,0.0,0.0,0.0,0.0,0.0,0.0,0.0,0.0,0.0,0.0,0.0,0.0,0.0,0.0,0.0,0.0,0.0,0.0,0.0,0.0,0.0,0.0,0.0,0.0,0.0,0.0,0.0,0.0,0.0,0.0,0.0,0.0,0.0,0.0,0.0,0.0,0.0,0.0,0.0,0.0,0.0
2026-01-23 16:14:28,3.4,28.1,running,4.9,0.0,25.0,2.7,3.1,1.3,2.2,0.0,3.6,0.4,4.4,0.4,4.0,0.0,2.7,0.0,2.7,3.1,0.4,0.9,0.0,1.8,0.0,15.1,3.6,0.0,2.7,0.0,1.8,0.0,2.7,0.0,5.8,1.5,0.0,3.1,0.4,2.7,2.2,2.7,33.0,0.4,3.6,0.4,11.6,2.2,5.4,0.0,0.0,0.0,0.0,0.0,0.0,0.0,0.0,0.0,0.0,0.0,0.0,0.0,0.0,0.0,0.0,0.0,0.0,0.0,0.0,0.0,0.0,0.0,0.0,0.0,0.0,0.0,0.0,0.0,0.0,0.0,0.0,0.0,0.0,0.0,0.0,0.0,0.0,0.0,0.0,0.0,0.0,0.0,0.0,0.0,0.0,0.0,0.0,0.0
2026-01-23 16:14:31,3.3,31.2,running,1.3,1.3,25.3,0.9,5.4,2.2,2.7,1.3,4.0,0.9,4.5,3.1,1.8,3.6,0.4,1.3,1.8,1.8,1.3,1.8,4.9,3.4,0.9,12.6,3.1,1.8,4.5,0.0,5.4,0.0,0.4,0.0,4.9,3.9,4.0,0.9,4.0,1.3,1.3,1.8,42.2,0.0,1.3,1.3,0.9,4.0,0.9,0.9,0.0,0.0,0.0,0.0,0.0,0.0,0.0,0.0,0.0,0.0,0.0,0.0,0.0,0.0,0.0,0.0,0.0,0.0,0.0,0.0,0.0,0.0,0.0,0.0,0.0,0.0,0.0,0.0,0.0,0.0,0.0,0.0,0.0,0.0,0.0,0.0,0.0,0.0,0.0,0.0,0.0,0.0,0.0,0.0,0.0,0.0,0.0,0.0
2026-01-23 16:14:35,3.9,37.4,running,2.2,4.4,25.7,0.0,8.4,2.2,4.9,0.4,4.9,0.4,5.3,0.4,6.2,2.7,2.2,4.0,2.2,2.2,1.3,0.0,2.2,0.8,0.9,11.2,7.6,1.8,4.9,4.9,4.0,5.8,1.8,0.4,7.1,1.6,2.7,6.7,1.8,0.4,0.9,1.8,22.6,1.8,2.7,3.1,16.4,0.0,2.7,1.3,0.0,0.0,0.0,0.0,0.0,0.0,0.0,0.0,0.0,0.0,0.0,0.0,0.0,0.0,0.0,0.0,0.0,0.0,0.0,0.0,0.0,0.0,0.0,0.0,0.0,0.0,0.0,0.0,0.0,0.0,0.0,0.0,0.0,0.0,0.0,0.0,0.0,0.0,0.0,0.0,0.0,0.0,0.0,0.0,0.0,0.0,0.0,0.0
2026-01-23 16:14:38,3.5,25.0,running,3.1,0.9,21.8,0.0,3.1,1.3,4.4,2.7,3.1,1.3,7.6,2.2,6.2,3.6,0.9,2.7,0.4,6.7,0.4,4.0,2.2,0.4,0.9,9.8,3.1,0.0,3.6,1.8,2.2,1.8,0.0,4.0,6.2,0.0,2.7,0.0,0.4,0.4,3.1,3.1,3.9,2.7,0.0,0.9,42.4,0.0,7.1,0.4,0.0,0.0,0.0,0.0,0.0,0.0,0.0,0.0,0.0,0.0,0.0,0.0,0.0,0.0,0.0,0.0,0.0,0.0,0.0,0.0,0.0,0.0,0.0,0.0,0.0,0.0,0.0,0.0,0.0,0.0,0.0,0.0,0.0,0.0,0.0,0.0,0.0,0.0,0.0,0.0,0.0,0.0,0.0,0.0,0.0,0.0,0.0,0.0
2026-01-23 16:14:42,3.9,34.3,running,2.7,0.9,18.2,0.0,3.1,4.0,2.2,0.0,3.5,3.1,4.8,1.3,3.1,3.9,1.8,0.9,2.7,0.4,3.5,1.8,1.8,0.9,1.8,10.7,0.9,0.0,6.2,0.0,0.9,1.8,0.0,0.0,7.1,3.1,3.1,0.4,0.4,0.4,0.4,2.2,2.7,0.9,1.8,2.2,44.1,1.3,8.0,0.4,0.0,0.0,0.0,0.0,0.0,0.0,0.0,0.0,0.0,0.0,0.0,0.0,0.0,0.0,0.0,0.0,0.0,0.0,0.0,0.0,0.0,0.0,0.0,0.0,0.0,0.0,0.0,0.0,0.0,0.0,0.0,0.0,0.0,0.0,0.0,0.0,0.0,0.0,0.0,0.0,0.0,0.0,0.0,0.0,0.0,0.0,0.0,0.0
2026-01-23 16:14:45,3.7,15.6,running,2.7,0.9,17.9,1.3,1.8,4.0,5.8,5.8,2.7,0.0,8.5,2.7,3.1,4.0,2.2,1.3,5.4,0.9,1.8,0.4,0.9,4.0,0.0,10.3,1.3,0.4,4.1,1.8,0.9,0.0,2.7,3.1,3.1,0.9,3.1,0.0,0.9,1.3,0.9,0.0,4.1,0.4,2.2,4.5,38.1,0.4,5.4,0.0,0.0,0.0,0.0,0.0,0.0,0.0,0.0,0.0,0.0,0.0,0.0,0.0,0.0,0.0,0.0,0.0,0.0,0.0,0.0,0.0,0.0,0.0,0.0,0.0,0.0,0.0,0.0,0.0,0.0,0.0,0.0,0.0,0.0,0.0,0.0,0.0,0.0,0.0,0.0,0.0,0.0,0.0,0.0,0.0,0.0,0.0,0.0,0.0
2026-01-23 16:14:49,4.1,25.0,running,2.7,0.9,21.3,0.0,4.4,1.8,2.2,0.9,1.8,4.0,4.4,1.3,2.7,2.7,0.0,0.0,5.3,0.0,0.9,0.4,0.0,0.0,0.4,12.8,3.1,0.0,8.8,0.9,4.9,3.6,1.3,0.4,6.2,4.0,7.0,0.4,1.8,2.6,4.0,0.4,49.6,0.4,3.6,1.3,1.3,0.0,6.2,0.0,0.0,0.0,0.0,0.0,0.0,0.0,0.0,0.0,0.0,0.0,0.0,0.0,0.0,0.0,0.0,0.0,0.0,0.0,0.0,0.0,0.0,0.0,0.0,0.0,0.0,0.0,0.0,0.0,0.0,0.0,0.0,0.0,0.0,0.0,0.0,0.0,0.0,0.0,0.0,0.0,0.0,0.0,0.0,0.0,0.0,0.0,0.0,0.0
2026-01-23 16:14:52,4.8,31.2,running,2.7,6.2,24.0,2.2,5.4,1.8,4.9,1.3,5.3,0.0,4.9,2.7,7.1,1.8,3.6,0.9,0.4,4.0,2.2,0.4,0.4,3.5,2.2,11.6,2.2,0.0,4.4,4.0,2.7,2.7,0.4,0.4,8.4,1.3,4.0,0.9,0.9,1.3,1.8,1.3,19.7,0.0,3.1,2.7,25.1,0.0,6.7,0.0,0.0,0.0,0.0,0.0,0.0,0.0,0.0,0.0,0.0,0.0,0.0,0.0,0.0,0.0,0.0,0.0,0.0,0.0,0.0,0.0,0.0,0.0,0.0,0.0,0.0,0.0,0.0,0.0,0.0,0.0,0.0,0.0,0.0,0.0,0.0,0.0,0.0,0.0,0.0,0.0,0.0,0.0,0.0,0.0,0.0,0.0,0.0,0.0
2026-01-23 16:14:56,3.4,34.3,running,6.6,1.8,21.7,1.8,4.9,3.6,4.0,0.9,2.2,0.0,5.4,0.4,1.3,3.1,2.7,0.0,2.7,1.3,1.3,0.4,0.9,2.2,3.1,13.7,1.8,1.8,5.4,1.3,2.2,0.0,0.9,2.2,3.1,2.7,4.9,0.0,4.0,2.6,4.5,0.9,7.5,2.4,0.0,1.8,34.5,0.0,4.9,0.9,0.0,0.0,0.0,0.0,0.0,0.0,0.0,0.0,0.0,0.0,0.0,0.0,0.0,0.0,0.0,0.0,0.0,0.0,0.0,0.0,0.0,0.0,0.0,0.0,0.0,0.0,0.0,0.0,0.0,0.0,0.0,0.0,0.0,0.0,0.0,0.0,0.0,0.0,0.0,0.0,0.0,0.0,0.0,0.0,0.0,0.0,0.0,0.0
2026-01-23 16:14:59,4.3,31.2,running,5.3,4.0,25.2,0.4,5.8,0.0,4.0,0.4,2.2,2.2,5.3,1.8,5.8,0.9,2.7,0.4,5.8,0.4,4.0,0.0,2.2,1.3,2.2,12.1,2.7,2.2,3.1,1.3,4.9,0.4,1.8,0.9,4.9,2.7,7.1,1.8,2.2,3.1,4.4,2.2,43.6,0.4,2.2,2.7,2.2,0.4,3.5,1.3,0.0,0.0,0.0,0.0,0.0,0.0,0.0,0.0,0.0,0.0,0.0,0.0,0.0,0.0,0.0,0.0,0.0,0.0,0.0,0.0,0.0,0.0,0.0,0.0,0.0,0.0,0.0,0.0,0.0,0.0,0.0,0.0,0.0,0.0,0.0,0.0,0.0,0.0,0.0,0.0,0.0,0.0,0.0,0.0,0.0,0.0,0.0,0.0
2026-01-23 16:15:03,4.7,43.7,running,5.4,2.2,12.9,0.0,4.5,3.4,9.7,0.5,2.2,0.9,4.5,0.0,9.8,3.1,0.9,0.0,0.9,1.0,0.0,0.0,4.4,0.0,1.3,12.0,6.7,1.5,1.3,2.1,0.4,0.0,2.2,0.4,7.1,2.2,1.8,5.1,1.8,1.3,4.0,3.6,12.9,1.3,1.5,1.8,29.6,3.0,2.3,0.4,0.0,0.0,0.0,0.0,0.0,0.0,0.0,0.0,0.0,0.0,0.0,0.0,0.0,0.0,0.0,0.0,0.0,0.0,0.0,0.0,0.0,0.0,0.0,0.0,0.0,0.0,0.0,0.0,0.0,0.0,0.0,0.0,0.0,0.0,0.0,0.0,0.0,0.0,0.0,0.0,0.0,0.0,0.0,0.0,0.0,0.0,0.0,0.0
2026-01-23 16:15:06,3.8,40.6,running,4.0,0.4,22.6,1.5,4.0,1.2,6.2,1.2,2.2,1.3,5.7,0.0,1.8,1.3,2.7,0.0,3.5,1.3,2.7,0.0,8.4,0.0,1.3,10.7,1.8,0.0,3.1,0.4,2.7,2.0,0.4,2.2,8.0,6.7,3.1,0.4,1.3,0.4,0.9,1.8,1.3,1.3,2.0,1.8,42.0,0.0,6.1,0.9,0.0,0.0,0.0,0.0,0.0,0.0,0.0,0.0,0.0,0.0,0.0,0.0,0.0,0.0,0.0,0.0,0.0,0.0,0.0,0.0,0.0,0.0,0.0,0.0,0.0,0.0,0.0,0.0,0.0,0.0,0.0,0.0,0.0,0.0,0.0,0.0,0.0,0.0,0.0,0.0,0.0,0.0,0.0,0.0,0.0,0.0,0.0,0.0
2026-01-23 16:15:10,4.0,28.1,running,1.3,1.3,23.2,5.0,7.6,0.0,3.5,0.0,4.9,0.0,6.7,1.3,4.9,1.8,3.1,0.0,5.3,0.0,0.9,3.1,3.5,3.1,0.4,11.6,3.1,4.8,1.8,1.3,1.8,0.0,2.7,1.3,4.4,9.0,4.0,1.3,2.2,0.0,3.1,0.9,2.2,0.0,0.0,0.9,37.8,0.4,4.9,0.0,0.0,0.0,0.0,0.0,0.0,0.0,0.0,0.0,0.0,0.0,0.0,0.0,0.0,0.0,0.0,0.0,0.0,0.0,0.0,0.0,0.0,0.0,0.0,0.0,0.0,0.0,0.0,0.0,0.0,0.0,0.0,0.0,0.0,0.0,0.0,0.0,0.0,0.0,0.0,0.0,0.0,0.0,0.0,0.0,0.0,0.0,0.0,0.0
2026-01-23 16:15:13,3.4,34.3,running,1.8,3.1,23.7,1.9,8.9,2.2,4.9,0.4,3.6,1.8,4.5,5.8,6.2,1.3,0.9,0.4,4.5,0.4,0.0,0.9,2.2,0.0,0.4,13.0,1.8,0.4,3.1,0.9,4.0,1.3,0.0,0.0,4.5,4.9,3.6,0.9,2.2,1.8,4.5,2.2,28.2,1.3,2.2,0.4,20.2,0.0,6.2,0.4,0.0,0.0,0.0,0.0,0.0,0.0,0.0,0.0,0.0,0.0,0.0,0.0,0.0,0.0,0.0,0.0,0.0,0.0,0.0,0.0,0.0,0.0,0.0,0.0,0.0,0.0,0.0,0.0,0.0,0.0,0.0,0.0,0.0,0.0,0.0,0.0,0.0,0.0,0.0,0.0,0.0,0.0,0.0,0.0,0.0,0.0,0.0,0.0
2026-01-23 16:15:17,3.6,28.1,running,2.7,2.7,25.2,1.6,8.0,3.1,4.9,3.1,3.1,3.1,1.3,2.2,4.9,0.5,3.0,0.9,3.6,1.3,2.7,0.9,2.2,3.7,1.3,12.9,1.8,1.8,2.2,2.7,3.6,0.9,3.1,2.7,4.0,0.9,2.2,0.0,1.8,0.0,3.1,0.0,24.6,0.0,6.2,0.4,15.4,0.0,5.8,0.0,0.0,0.0,0.0,0.0,0.0,0.0,0.0,0.0,0.0,0.0,0.0,0.0,0.0,0.0,0.0,0.0,0.0,0.0,0.0,0.0,0.0,0.0,0.0,0.0,0.0,0.0,0.0,0.0,0.0,0.0,0.0,0.0,0.0,0.0,0.0,0.0,0.0,0.0,0.0,0.0,0.0,0.0,0.0,0.0,0.0,0.0,0.0,0.0
2026-01-23 16:15:20,3.1,18.7,running,4.5,1.3,14.7,2.3,5.8,1.8,3.6,0.9,3.6,2.2,4.5,4.0,1.8,3.4,2.0,0.0,4.0,0.0,3.6,0.0,1.3,0.0,0.9,12.4,0.9,0.0,3.5,1.3,2.2,0.4,4.0,0.9,2.2,4.4,1.8,2.7,1.8,2.2,0.0,0.9,0.9,0.4,0.0,1.8,40.4,0.4,10.2,0.0,0.0,0.0,0.0,0.0,0.0,0.0,0.0,0.0,0.0,0.0,0.0,0.0,0.0,0.0,0.0,0.0,0.0,0.0,0.0,0.0,0.0,0.0,0.0,0.0,0.0,0.0,0.0,0.0,0.0,0.0,0.0,0.0,0.0,0.0,0.0,0.0,0.0,0.0,0.0,0.0,0.0,0.0,0.0,0.0,0.0,0.0,0.0,0.0
2026-01-23 16:15:24,3.3,31.2,running,1.3,5.3,15.2,2.7,3.6,4.6,2.7,0.4,3.1,0.0,3.1,1.5,1.8,3.1,1.8,0.0,2.7,0.4,1.3,1.8,1.8,1.3,0.9,13.4,2.7,0.9,4.0,0.0,4.0,0.4,2.7,0.0,6.7,1.8,0.4,3.1,1.8,0.9,1.8,1.3,47.8,1.3,3.6,1.3,1.3,4.0,2.2,0.0,0.0,0.0,0.0,0.0,0.0,0.0,0.0,0.0,0.0,0.0,0.0,0.0,0.0,0.0,0.0,0.0,0.0,0.0,0.0,0.0,0.0,0.0,0.0,0.0,0.0,0.0,0.0,0.0,0.0,0.0,0.0,0.0,0.0,0.0,0.0,0.0,0.0,0.0,0.0,0.0,0.0,0.0,0.0,0.0,0.0,0.0,0.0,0.0
2026-01-23 16:15:27,3.3,40.6,running,3.1,0.0,22.6,2.3,5.4,0.8,6.2,0.4,4.0,0.0,2.7,0.0,1.3,0.8,0.9,4.5,7.1,1.3,2.2,0.9,3.6,0.0,3.1,10.3,2.2,4.9,1.8,2.2,3.6,0.0,0.9,0.0,7.5,4.9,4.5,0.0,2.7,1.3,3.1,3.1,19.2,0.9,1.3,0.4,19.9,0.0,2.7,0.4,0.0,0.0,0.0,0.0,0.0,0.0,0.0,0.0,0.0,0.0,0.0,0.0,0.0,0.0,0.0,0.0,0.0,0.0,0.0,0.0,0.0,0.0,0.0,0.0,0.0,0.0,0.0,0.0,0.0,0.0,0.0,0.0,0.0,0.0,0.0,0.0,0.0,0.0,0.0,0.0,0.0,0.0,0.0,0.0,0.0,0.0,0.0,0.0
2026-01-23 16:15:31,3.7,31.2,running,4.4,2.7,28.1,2.1,4.4,5.0,5.3,0.0,4.9,0.0,2.7,0.4,3.5,0.0,0.0,0.0,2.7,1.3,0.4,0.4,4.9,2.2,4.9,9.4,3.6,1.8,7.1,0.0,2.2,1.8,1.8,0.4,7.5,0.5,2.2,0.0,3.1,0.9,5.8,0.0,8.4,0.0,0.4,0.0,35.6,0.4,8.0,0.0,0.0,0.0,0.0,0.0,0.0,0.0,0.0,0.0,0.0,0.0,0.0,0.0,0.0,0.0,0.0,0.0,0.0,0.0,0.0,0.0,0.0,0.0,0.0,0.0,0.0,0.0,0.0,0.0,0.0,0.0,0.0,0.0,0.0,0.0,0.0,0.0,0.0,0.0,0.0,0.0,0.0,0.0,0.0,0.0,0.0,0.0,0.0,0.0
2026-01-23 16:15:34,3.8,25.0,running,1.3,0.0,17.8,1.3,4.0,1.0,5.3,0.0,8.4,0.0,4.9,0.9,0.9,1.3,3.1,1.8,3.1,2.7,0.4,4.0,2.7,2.7,0.4,10.7,0.4,2.7,2.2,1.8,0.9,0.0,3.2,0.9,5.8,3.4,4.5,0.9,0.0,1.3,0.4,0.0,45.6,0.0,4.9,3.1,0.9,2.7,0.4,0.0,0.0,0.0,0.0,0.0,0.0,0.0,0.0,0.0,0.0,0.0,0.0,0.0,0.0,0.0,0.0,0.0,0.0,0.0,0.0,0.0,0.0,0.0,0.0,0.0,0.0,0.0,0.0,0.0,0.0,0.0,0.0,0.0,0.0,0.0,0.0,0.0,0.0,0.0,0.0,0.0,0.0,0.0,0.0,0.0,0.0,0.0,0.0,0.0
2026-01-23 16:15:38,3.4,28.1,running,3.2,0.9,19.4,3.6,5.8,1.2,4.0,0.4,7.1,1.3,6.8,0.0,3.6,0.9,2.2,0.9,3.1,5.4,8.9,3.1,4.0,0.4,0.9,14.3,3.1,0.9,6.7,4.4,2.2,0.0,0.9,4.0,4.0,0.4,0.9,0.0,4.0,0.9,3.1,2.7,42.0,0.0,4.0,1.3,1.4,0.9,0.4,0.0,0.0,0.0,0.0,0.0,0.0,0.0,0.0,0.0,0.0,0.0,0.0,0.0,0.0,0.0,0.0,0.0,0.0,0.0,0.0,0.0,0.0,0.0,0.0,0.0,0.0,0.0,0.0,0.0,0.0,0.0,0.0,0.0,0.0,0.0,0.0,0.0,0.0,0.0,0.0,0.0,0.0,0.0,0.0,0.0,0.0,0.0,0.0,0.0
2026-01-23 16:15:41,4.7,46.8,running,5.7,0.4,19.8,1.8,8.0,0.4,4.4,0.4,2.2,1.8,4.0,2.7,2.7,4.4,2.7,4.9,6.2,2.2,5.3,0.9,3.6,2.7,2.7,11.2,3.6,3.6,5.4,2.2,2.2,1.3,0.5,1.8,4.4,0.9,1.3,3.1,0.4,4.0,2.7,0.4,31.4,0.0,0.9,3.1,10.6,3.1,1.8,0.9,0.0,0.0,0.0,0.0,0.0,0.0,0.0,0.0,0.0,0.0,0.0,0.0,0.0,0.0,0.0,0.0,0.0,0.0,0.0,0.0,0.0,0.0,0.0,0.0,0.0,0.0,0.0,0.0,0.0,0.0,0.0,0.0,0.0,0.0,0.0,0.0,0.0,0.0,0.0,0.0,0.0,0.0,0.0,0.0,0.0,0.0,0.0,0.0
2026-01-23 16:15:45,4.5,28.1,running,3.1,3.1,17.7,0.0,7.1,2.7,7.1,0.9,4.9,0.4,5.8,1.8,2.2,2.9,2.7,2.9,6.7,2.7,2.7,0.0,3.6,0.0,1.8,11.5,1.3,0.0,2.2,0.0,3.2,2.4,4.7,3.1,4.0,1.7,3.1,0.0,1.3,2.2,6.6,0.4,0.0,1.8,0.4,0.0,38.9,0.0,8.4,0.4,0.0,0.0,0.0,0.0,0.0,0.0,0.0,0.0,0.0,0.0,0.0,0.0,0.0,0.0,0.0,0.0,0.0,0.0,0.0,0.0,0.0,0.0,0.0,0.0,0.0,0.0,0.0,0.0,0.0,0.0,0.0,0.0,0.0,0.0,0.0,0.0,0.0,0.0,0.0,0.0,0.0,0.0,0.0,0.0,0.0,0.0,0.0,0.0
2026-01-23 16:15:48,3.5,34.3,running,2.7,0.9,15.5,3.5,2.7,9.8,5.8,1.3,3.1,0.0,4.0,3.1,5.3,0.8,0.9,0.0,2.2,0.9,0.9,0.0,1.8,1.8,0.4,11.2,3.1,0.4,4.4,3.3,1.7,0.0,0.4,2.7,3.1,2.6,4.0,2.1,1.8,0.0,3.6,2.7,2.7,1.3,2.2,36.7,11.6,2.7,2.2,0.0,0.0,0.0,0.0,0.0,0.0,0.0,0.0,0.0,0.0,0.0,0.0,0.0,0.0,0.0,0.0,0.0,0.0,0.0,0.0,0.0,0.0,0.0,0.0,0.0,0.0,0.0,0.0,0.0,0.0,0.0,0.0,0.0,0.0,0.0,0.0,0.0,0.0,0.0,0.0,0.0,0.0,0.0,0.0,0.0,0.0,0.0,0.0,0.0
2026-01-23 16:15:52,3.6,18.7,running,1.3,4.5,20.4,0.0,4.9,1.8,2.2,0.0,3.1,0.4,2.2,1.3,2.7,0.0,1.3,0.0,4.0,2.7,4.9,0.0,3.1,3.4,0.0,11.6,3.5,1.4,2.2,2.2,2.2,0.0,4.0,0.4,3.1,2.7,3.1,0.0,0.0,0.0,1.3,0.0,0.9,0.4,0.4,38.7,4.0,5.8,2.7,0.0,0.0,0.0,0.0,0.0,0.0,0.0,0.0,0.0,0.0,0.0,0.0,0.0,0.0,0.0,0.0,0.0,0.0,0.0,0.0,0.0,0.0,0.0,0.0,0.0,0.0,0.0,0.0,0.0,0.0,0.0,0.0,0.0,0.0,0.0,0.0,0.0,0.0,0.0,0.0,0.0,0.0,0.0,0.0,0.0,0.0,0.0,0.0,0.0
2026-01-23 16:15:55,3.2,40.6,running,5.4,0.9,25.8,3.1,6.3,0.0,7.6,0.7,6.2,0.4,4.5,0.0,3.6,4.0,1.8,0.8,1.8,0.4,0.4,0.0,3.1,1.5,0.4,15.4,1.8,1.2,5.8,0.4,1.3,5.3,1.8,0.9,1.8,1.3,3.1,3.6,3.1,0.0,0.4,2.7,0.4,2.7,1.3,40.9,2.2,0.4,0.4,0.4,0.0,0.0,0.0,0.0,0.0,0.0,0.0,0.0,0.0,0.0,0.0,0.0,0.0,0.0,0.0,0.0,0.0,0.0,0.0,0.0,0.0,0.0,0.0,0.0,0.0,0.0,0.0,0.0,0.0,0.0,0.0,0.0,0.0,0.0,0.0,0.0,0.0,0.0,0.0,0.0,0.0,0.0,0.0,0.0,0.0,0.0,0.0,0.0
2026-01-23 16:15:59,4.0,31.2,running,3.1,4.0,24.9,0.4,7.1,2.8,2.7,0.0,2.7,0.0,1.8,0.0,2.2,3.1,0.9,3.1,1.3,2.7,2.2,0.0,1.8,1.8,2.2,13.5,5.4,2.2,4.0,0.0,1.8,2.7,1.8,0.4,6.2,0.0,4.0,0.0,0.0,0.0,0.9,1.3,0.4,3.1,0.0,42.7,6.3,0.9,3.1,0.4,0.0,0.0,0.0,0.0,0.0,0.0,0.0,0.0,0.0,0.0,0.0,0.0,0.0,0.0,0.0,0.0,0.0,0.0,0.0,0.0,0.0,0.0,0.0,0.0,0.0,0.0,0.0,0.0,0.0,0.0,0.0,0.0,0.0,0.0,0.0,0.0,0.0,0.0,0.0,0.0,0.0,0.0,0.0,0.0,0.0,0.0,0.0,0.0
2026-01-23 16:16:02,3.7,25.0,running,0.4,2.2,20.4,0.0,7.1,2.2,8.4,1.8,3.1,1.3,2.2,0.4,4.4,0.4,0.4,1.3,0.9,2.2,1.3,1.8,2.2,2.7,0.9,9.3,7.6,4.4,3.6,1.3,3.9,10.6,0.4,3.1,4.4,0.4,1.3,3.8,1.8,0.5,0.4,2.7,0.4,0.4,0.0,21.0,26.5,0.0,3.1,0.0,0.0,0.0,0.0,0.0,0.0,0.0,0.0,0.0,0.0,0.0,0.0,0.0,0.0,0.0,0.0,0.0,0.0,0.0,0.0,0.0,0.0,0.0,0.0,0.0,0.0,0.0,0.0,0.0,0.0,0.0,0.0,0.0,0.0,0.0,0.0,0.0,0.0,0.0,0.0,0.0,0.0,0.0,0.0,0.0,0.0,0.0,0.0,0.0
2026-01-23 16:16:06,3.4,25.0,running,3.1,0.0,24.0,3.1,5.8,0.0,5.8,1.3,2.2,1.3,3.6,4.9,7.1,0.0,3.6,0.4,3.1,1.3,0.9,0.9,1.3,0.9,4.9,14.7,0.9,0.4,1.8,1.3,1.8,4.0,0.0,1.8,5.3,0.0,6.7,0.0,0.9,0.4,0.4,0.0,0.0,0.4,2.2,23.1,20.1,0.0,3.6,0.4,0.0,0.0,0.0,0.0,0.0,0.0,0.0,0.0,0.0,0.0,0.0,0.0,0.0,0.0,0.0,0.0,0.0,0.0,0.0,0.0,0.0,0.0,0.0,0.0,0.0,0.0,0.0,0.0,0.0,0.0,0.0,0.0,0.0,0.0,0.0,0.0,0.0,0.0,0.0,0.0,0.0,0.0,0.0,0.0,0.0,0.0,0.0,0.0
2026-01-23 16:16:09,3.5,28.1,running,1.8,0.9,27.4,1.4,4.9,1.3,6.7,0.9,4.0,0.5,4.0,0.0,1.9,1.2,4.0,1.4,2.2,3.1,1.3,0.0,2.2,0.4,6.7,11.2,5.3,0.4,3.6,0.4,1.3,1.8,0.0,1.4,5.7,0.9,0.4,0.0,0.0,0.4,4.0,2.4,0.0,0.0,0.0,0.0,42.9,0.0,6.7,0.0,0.0,0.0,0.0,0.0,0.0,0.0,0.0,0.0,0.0,0.0,0.0,0.0,0.0,0.0,0.0,0.0,0.0,0.0,0.0,0.0,0.0,0.0,0.0,0.0,0.0,0.0,0.0,0.0,0.0,0.0,0.0,0.0,0.0,0.0,0.0,0.0,0.0,0.0,0.0,0.0,0.0,0.0,0.0,0.0,0.0,0.0,0.0,0.0
2026-01-23 16:16:13,3.2,31.2,running,1.8,0.9,20.0,0.0,3.6,0.9,3.1,0.0,1.8,1.3,1.8,2.1,1.3,2.2,7.5,3.0,4.0,1.3,0.4,2.5,2.2,0.9,0.9,10.6,2.7,0.0,5.3,2.7,1.8,1.8,2.2,2.6,3.6,0.0,0.4,0.0,0.0,0.9,0.9,0.0,2.7,3.1,0.0,0.9,44.1,1.8,6.7,0.0,0.0,0.0,0.0,0.0,0.0,0.0,0.0,0.0,0.0,0.0,0.0,0.0,0.0,0.0,0.0,0.0,0.0,0.0,0.0,0.0,0.0,0.0,0.0,0.0,0.0,0.0,0.0,0.0,0.0,0.0,0.0,0.0,0.0,0.0,0.0,0.0,0.0,0.0,0.0,0.0,0.0,0.0,0.0,0.0,0.0,0.0,0.0,0.0
2026-01-23 16:16:16,3.7,25.0,running,0.0,0.0,20.9,0.9,7.1,1.8,6.2,2.6,4.9,0.4,2.7,0.0,1.3,4.5,6.2,0.4,3.5,2.7,1.8,5.8,4.4,1.8,0.0,10.7,2.7,0.4,1.8,3.5,1.8,0.4,6.2,0.0,4.9,1.9,2.7,0.0,0.4,0.4,1.8,4.8,1.8,1.3,0.4,8.8,36.9,0.4,10.2,0.0,0.0,0.0,0.0,0.0,0.0,0.0,0.0,0.0,0.0,0.0,0.0,0.0,0.0,0.0,0.0,0.0,0.0,0.0,0.0,0.0,0.0,0.0,0.0,0.0,0.0,0.0,0.0,0.0,0.0,0.0,0.0,0.0,0.0,0.0,0.0,0.0,0.0,0.0,0.0,0.0,0.0,0.0,0.0,0.0,0.0,0.0,0.0,0.0
2026-01-23 16:16:20,3.7,31.2,running,1.3,1.8,20.9,1.8,7.5,3.1,2.7,2.7,3.1,0.9,6.2,3.1,4.4,1.8,2.7,4.5,2.7,1.3,2.7,0.0,0.9,1.8,1.3,10.3,2.7,0.9,7.6,1.3,2.2,0.4,0.0,0.4,5.4,2.1,6.7,0.0,0.0,0.0,1.3,0.4,0.0,3.5,0.9,40.4,4.0,0.9,3.1,0.0,0.0,0.0,0.0,0.0,0.0,0.0,0.0,0.0,0.0,0.0,0.0,0.0,0.0,0.0,0.0,0.0,0.0,0.0,0.0,0.0,0.0,0.0,0.0,0.0,0.0,0.0,0.0,0.0,0.0,0.0,0.0,0.0,0.0,0.0,0.0,0.0,0.0,0.0,0.0,0.0,0.0,0.0,0.0,0.0,0.0,0.0,0.0,0.0
2026-01-23 16:16:23,2.9,25.0,running,3.6,0.0,18.2,0.0,4.4,2.2,2.7,0.0,1.3,0.9,5.3,0.0,3.6,2.2,3.6,5.8,5.8,0.0,4.5,1.8,1.8,0.0,0.4,8.5,7.1,0.9,1.3,0.4,1.3,0.0,3.1,1.8,5.3,0.5,0.4,1.3,1.8,0.9,1.8,0.0,1.3,0.0,0.0,40.4,5.4,0.0,1.3,0.4,0.0,0.0,0.0,0.0,0.0,0.0,0.0,0.0,0.0,0.0,0.0,0.0,0.0,0.0,0.0,0.0,0.0,0.0,0.0,0.0,0.0,0.0,0.0,0.0,0.0,0.0,0.0,0.0,0.0,0.0,0.0,0.0,0.0,0.0,0.0,0.0,0.0,0.0,0.0,0.0,0.0,0.0,0.0,0.0,0.0,0.0,0.0,0.0
2026-01-23 16:16:27,3.6,37.5,running,0.4,0.9,21.9,0.0,5.8,3.1,3.1,0.0,2.2,3.6,3.6,0.0,0.9,1.8,0.4,11.3,1.8,5.3,0.0,0.0,0.4,3.0,0.0,11.1,3.6,2.7,5.8,0.0,0.9,1.8,0.9,2.2,3.1,0.0,1.8,4.0,2.6,0.4,0.9,0.0,1.8,2.7,0.4,41.6,2.8,1.3,2.7,0.4,0.0,0.0,0.0,0.0,0.0,0.0,0.0,0.0,0.0,0.0,0.0,0.0,0.0,0.0,0.0,0.0,0.0,0.0,0.0,0.0,0.0,0.0,0.0,0.0,0.0,0.0,0.0,0.0,0.0,0.0,0.0,0.0,0.0,0.0,0.0,0.0,0.0,0.0,0.0,0.0,0.0,0.0,0.0,0.0,0.0,0.0,0.0,0.0
2026-01-23 16:16:30,3.6,18.7,running,1.3,1.3,21.3,0.0,5.3,3.1,3.6,0.4,3.6,2.2,3.1,0.9,1.3,2.7,1.3,2.2,0.9,0.9,0.0,2.7,3.1,0.5,0.9,11.6,5.8,2.2,5.3,2.2,2.7,0.9,0.4,3.5,4.0,1.8,1.8,0.0,1.3,0.4,0.9,0.0,3.6,3.6,1.3,44.9,7.7,0.4,0.4,0.4,0.0,0.0,0.0,0.0,0.0,0.0,0.0,0.0,0.0,0.0,0.0,0.0,0.0,0.0,0.0,0.0,0.0,0.0,0.0,0.0,0.0,0.0,0.0,0.0,0.0,0.0,0.0,0.0,0.0,0.0,0.0,0.0,0.0,0.0,0.0,0.0,0.0,0.0,0.0,0.0,0.0,0.0,0.0,0.0,0.0,0.0,0.0,0.0
2026-01-23 16:16:34,3.6,28.1,running,2.2,0.9,19.6,2.2,6.2,0.0,4.9,1.8,4.5,0.4,2.7,4.5,3.6,0.4,1.3,1.8,0.4,2.2,1.3,1.3,1.8,0.0,2.2,10.7,4.0,0.0,4.9,0.0,2.2,0.9,0.0,1.8,6.2,0.4,5.3,0.0,0.9,1.3,0.9,1.8,0.4,0.9,0.0,43.8,3.6,1.3,3.1,0.0,0.0,0.0,0.0,0.0,0.0,0.0,0.0,0.0,0.0,0.0,0.0,0.0,0.0,0.0,0.0,0.0,0.0,0.0,0.0,0.0,0.0,0.0,0.0,0.0,0.0,0.0,0.0,0.0,0.0,0.0,0.0,0.0,0.0,0.0,0.0,0.0,0.0,0.0,0.0,0.0,0.0,0.0,0.0,0.0,0.0,0.0,0.0,0.0
2026-01-23 16:16:37,3.4,28.1,running,5.4,4.0,20.0,0.9,4.9,2.2,2.7,0.0,1.8,0.9,4.5,0.9,2.7,4.0,0.0,0.0,3.1,4.0,4.5,0.4,0.4,4.5,3.6,11.6,3.1,2.7,4.0,0.9,1.3,0.4,2.7,0.4,3.1,0.9,4.0,0.4,2.7,0.0,4.5,0.4,0.9,2.7,0.9,23.5,20.4,0.0,4.4,0.9,0.0,0.0,0.0,0.0,0.0,0.0,0.0,0.0,0.0,0.0,0.0,0.0,0.0,0.0,0.0,0.0,0.0,0.0,0.0,0.0,0.0,0.0,0.0,0.0,0.0,0.0,0.0,0.0,0.0,0.0,0.0,0.0,0.0,0.0,0.0,0.0,0.0,0.0,0.0,0.0,0.0,0.0,0.0,0.0,0.0,0.0,0.0,0.0
2026-01-23 16:16:41,3.8,25.0,running,1.8,2.7,20.4,1.8,2.2,0.0,6.7,1.3,0.9,2.7,2.2,1.8,3.6,1.8,1.3,4.0,1.3,3.1,3.5,0.4,0.4,0.4,1.8,11.2,0.4,0.4,4.9,0.4,4.4,3.1,4.0,0.4,1.8,4.9,1.3,1.3,0.0,0.9,0.9,0.9,0.4,2.7,0.4,43.4,6.7,3.6,0.0,0.0,0.0,0.0,0.0,0.0,0.0,0.0,0.0,0.0,0.0,0.0,0.0,0.0,0.0,0.0,0.0,0.0,0.0,0.0,0.0,0.0,0.0,0.0,0.0,0.0,0.0,0.0,0.0,0.0,0.0,0.0,0.0,0.0,0.0,0.0,0.0,0.0,0.0,0.0,0.0,0.0,0.0,0.0,0.0,0.0,0.0,0.0,0.0,0.0
2026-01-23 16:16:44,3.5,25.0,running,1.8,3.1,19.8,0.4,3.6,3.0,3.1,0.9,3.1,4.5,1.8,1.3,3.1,4.4,2.2,2.2,2.6,0.9,1.8,3.1,1.3,0.9,0.0,13.8,0.4,0.0,4.9,0.4,0.9,1.3,0.4,5.7,4.0,1.8,3.6,0.0,1.3,0.9,2.7,0.0,0.0,0.4,1.3,2.7,38.3,0.0,9.7,0.0,0.0,0.0,0.0,0.0,0.0,0.0,0.0,0.0,0.0,0.0,0.0,0.0,0.0,0.0,0.0,0.0,0.0,0.0,0.0,0.0,0.0,0.0,0.0,0.0,0.0,0.0,0.0,0.0,0.0,0.0,0.0,0.0,0.0,0.0,0.0,0.0,0.0,0.0,0.0,0.0,0.0,0.0,0.0,0.0,0.0,0.0,0.0,0.0
2026-01-23 16:16:48,3.8,18.7,running,4.4,2.2,19.5,0.0,9.8,1.8,3.6,0.0,4.4,0.4,2.2,2.2,3.1,2.7,3.6,1.8,3.6,1.8,0.9,6.7,0.0,0.9,0.4,12.1,0.0,0.0,1.8,0.0,1.4,5.8,2.7,0.0,3.6,0.9,2.7,4.5,1.8,0.9,0.4,0.0,1.3,0.0,0.0,16.5,29.3,1.8,4.4,0.0,0.0,0.0,0.0,0.0,0.0,0.0,0.0,0.0,0.0,0.0,0.0,0.0,0.0,0.0,0.0,0.0,0.0,0.0,0.0,0.0,0.0,0.0,0.0,0.0,0.0,0.0,0.0,0.0,0.0,0.0,0.0,0.0,0.0,0.0,0.0,0.0,0.0,0.0,0.0,0.0,0.0,0.0,0.0,0.0,0.0,0.0,0.0,0.0
2026-01-23 16:16:51,3.7,34.4,running,3.1,4.9,16.8,1.9,4.9,0.9,3.6,2.2,4.5,2.2,2.2,3.1,5.8,1.8,5.8,2.7,3.1,0.9,4.5,2.2,1.8,1.0,0.4,8.9,3.6,0.4,3.6,0.4,2.6,2.5,0.0,0.4,6.1,0.0,0.9,3.5,2.2,0.9,1.3,0.0,1.3,2.7,0.4,8.4,38.5,0.4,5.8,0.4,0.0,0.0,0.0,0.0,0.0,0.0,0.0,0.0,0.0,0.0,0.0,0.0,0.0,0.0,0.0,0.0,0.0,0.0,0.0,0.0,0.0,0.0,0.0,0.0,0.0,0.0,0.0,0.0,0.0,0.0,0.0,0.0,0.0,0.0,0.0,0.0,0.0,0.0,0.0,0.0,0.0,0.0,0.0,0.0,0.0,0.0,0.0,0.0
2026-01-23 16:16:55,3.2,28.1,running,2.7,0.9,20.9,0.8,4.0,2.2,2.2,0.0,2.2,0.9,4.9,0.4,0.4,7.1,0.4,0.0,1.3,2.6,2.7,1.8,6.2,0.8,2.2,12.5,1.3,0.4,3.1,2.7,0.9,0.4,0.4,0.9,8.4,5.8,2.2,0.0,1.3,0.9,4.9,0.0,3.6,1.8,0.0,40.0,3.1,0.0,1.8,0.0,0.0,0.0,0.0,0.0,0.0,0.0,0.0,0.0,0.0,0.0,0.0,0.0,0.0,0.0,0.0,0.0,0.0,0.0,0.0,0.0,0.0,0.0,0.0,0.0,0.0,0.0,0.0,0.0,0.0,0.0,0.0,0.0,0.0,0.0,0.0,0.0,0.0,0.0,0.0,0.0,0.0,0.0,0.0,0.0,0.0,0.0,0.0,0.0
2026-01-23 16:16:58,3.1,25.0,running,2.7,0.0,19.0,0.0,7.1,0.5,3.6,0.0,1.3,1.3,3.1,3.7,3.1,0.4,1.8,0.0,4.0,1.3,3.6,0.0,2.7,0.0,0.4,11.6,4.0,0.0,4.4,3.5,1.3,0.4,3.1,0.4,5.8,2.7,3.6,1.8,3.6,1.8,1.8,0.0,2.7,0.4,0.0,13.0,30.0,0.4,3.1,0.0,0.0,0.0,0.0,0.0,0.0,0.0,0.0,0.0,0.0,0.0,0.0,0.0,0.0,0.0,0.0,0.0,0.0,0.0,0.0,0.0,0.0,0.0,0.0,0.0,0.0,0.0,0.0,0.0,0.0,0.0,0.0,0.0,0.0,0.0,0.0,0.0,0.0,0.0,0.0,0.0,0.0,0.0,0.0,0.0,0.0,0.0,0.0,0.0
2026-01-23 16:17:02,3.3,43.7,running,2.7,0.0,17.0,0.0,6.2,0.4,5.4,1.3,3.6,0.0,1.8,1.3,2.7,1.3,0.4,0.0,4.0,1.8,2.2,0.0,1.8,0.0,1.8,11.3,1.3,2.2,4.0,2.2,7.7,1.3,3.1,2.2,5.8,3.1,3.1,0.0,0.0,1.3,3.1,0.0,4.4,0.9,0.9,11.9,31.7,0.4,7.1,0.0,0.0,0.0,0.0,0.0,0.0,0.0,0.0,0.0,0.0,0.0,0.0,0.0,0.0,0.0,0.0,0.0,0.0,0.0,0.0,0.0,0.0,0.0,0.0,0.0,0.0,0.0,0.0,0.0,0.0,0.0,0.0,0.0,0.0,0.0,0.0,0.0,0.0,0.0,0.0,0.0,0.0,0.0,0.0,0.0,0.0,0.0,0.0,0.0
2026-01-23 16:17:05,3.0,31.2,running,1.3,0.0,23.5,1.7,4.4,0.0,2.2,0.0,0.9,0.0,1.8,3.6,2.7,3.6,2.7,0.0,2.2,0.0,0.9,0.4,0.9,0.4,0.0,12.3,0.0,0.0,2.7,0.0,0.9,4.4,1.8,3.1,1.8,0.9,4.9,6.7,0.4,0.9,6.7,0.9,0.0,3.1,0.4,42.0,4.0,1.8,2.2,0.4,0.0,0.0,0.0,0.0,0.0,0.0,0.0,0.0,0.0,0.0,0.0,0.0,0.0,0.0,0.0,0.0,0.0,0.0,0.0,0.0,0.0,0.0,0.0,0.0,0.0,0.0,0.0,0.0,0.0,0.0,0.0,0.0,0.0,0.0,0.0,0.0,0.0,0.0,0.0,0.0,0.0,0.0,0.0,0.0,0.0,0.0,0.0,0.0
2026-01-23 16:17:09,3.8,15.6,running,0.4,0.4,17.3,2.9,4.0,3.1,6.6,0.0,5.8,0.0,2.7,1.2,4.4,0.9,4.0,2.7,0.9,1.3,0.4,0.9,0.4,3.6,4.0,15.5,2.7,2.7,3.6,2.2,2.7,0.9,0.0,0.0,5.8,0.0,2.7,0.0,1.3,0.0,2.2,0.0,0.9,1.8,0.4,6.7,38.6,0.0,6.2,0.0,0.0,0.0,0.0,0.0,0.0,0.0,0.0,0.0,0.0,0.0,0.0,0.0,0.0,0.0,0.0,0.0,0.0,0.0,0.0,0.0,0.0,0.0,0.0,0.0,0.0,0.0,0.0,0.0,0.0,0.0,0.0,0.0,0.0,0.0,0.0,0.0,0.0,0.0,0.0,0.0,0.0,0.0,0.0,0.0,0.0,0.0,0.0,0.0
2026-01-23 16:17:12,4.0,31.2,running,4.9,0.0,20.3,1.2,4.9,0.4,4.4,0.4,1.8,1.8,12.1,2.9,4.9,3.6,1.8,3.6,3.1,1.8,3.2,0.0,4.4,0.4,0.9,11.7,0.9,0.0,4.0,0.0,3.1,2.2,1.3,0.4,4.9,1.0,1.3,3.1,1.3,0.4,12.9,0.0,1.8,1.8,1.3,17.2,28.3,0.9,9.7,0.0,0.0,0.0,0.0,0.0,0.0,0.0,0.0,0.0,0.0,0.0,0.0,0.0,0.0,0.0,0.0,0.0,0.0,0.0,0.0,0.0,0.0,0.0,0.0,0.0,0.0,0.0,0.0,0.0,0.0,0.0,0.0,0.0,0.0,0.0,0.0,0.0,0.0,0.0,0.0,0.0,0.0,0.0,0.0,0.0,0.0,0.0,0.0,0.0
2026-01-23 16:17:16,3.3,34.3,running,2.7,0.9,19.9,0.4,3.1,0.0,3.1,0.0,0.4,0.4,3.6,0.4,0.9,0.0,6.2,0.0,2.2,2.2,5.7,0.0,3.1,1.8,3.1,11.2,1.8,0.4,1.8,0.4,2.7,0.0,0.4,1.8,4.4,1.3,0.9,2.7,0.9,1.8,5.4,0.0,0.9,3.6,0.0,40.9,1.8,6.3,6.2,0.9,0.0,0.0,0.0,0.0,0.0,0.0,0.0,0.0,0.0,0.0,0.0,0.0,0.0,0.0,0.0,0.0,0.0,0.0,0.0,0.0,0.0,0.0,0.0,0.0,0.0,0.0,0.0,0.0,0.0,0.0,0.0,0.0,0.0,0.0,0.0,0.0,0.0,0.0,0.0,0.0,0.0,0.0,0.0,0.0,0.0,0.0,0.0,0.0
2026-01-23 16:17:19,3.7,25.0,running,0.9,0.9,23.6,0.0,7.9,2.4,6.2,1.4,4.1,2.2,8.0,2.4,3.1,3.1,8.9,0.4,4.0,0.9,4.0,0.4,0.9,0.9,1.8,11.1,2.7,0.4,1.8,3.1,1.8,0.0,0.5,1.3,5.3,2.2,2.7,4.9,0.4,2.2,10.3,0.0,0.4,0.4,0.0,38.1,2.6,1.3,8.0,0.4,0.0,0.0,0.0,0.0,0.0,0.0,0.0,0.0,0.0,0.0,0.0,0.0,0.0,0.0,0.0,0.0,0.0,0.0,0.0,0.0,0.0,0.0,0.0,0.0,0.0,0.0,0.0,0.0,0.0,0.0,0.0,0.0,0.0,0.0,0.0,0.0,0.0,0.0,0.0,0.0,0.0,0.0,0.0,0.0,0.0,0.0,0.0,0.0
2026-01-23 16:17:23,3.4,25.0,running,1.8,1.8,21.5,2.2,3.6,3.7,4.0,1.2,0.9,2.2,4.4,1.2,2.2,3.1,4.0,3.1,5.7,0.9,2.7,0.0,4.9,0.0,0.4,10.7,1.3,0.4,4.0,0.4,3.6,1.3,2.0,2.7,4.9,3.6,1.3,0.0,0.0,0.0,2.2,0.0,0.4,2.2,2.2,15.0,27.2,0.0,6.6,0.0,0.0,0.0,0.0,0.0,0.0,0.0,0.0,0.0,0.0,0.0,0.0,0.0,0.0,0.0,0.0,0.0,0.0,0.0,0.0,0.0,0.0,0.0,0.0,0.0,0.0,0.0,0.0,0.0,0.0,0.0,0.0,0.0,0.0,0.0,0.0,0.0,0.0,0.0,0.0,0.0,0.0,0.0,0.0,0.0,0.0,0.0,0.0,0.0
2026-01-23 16:17:26,2.9,25.0,running,4.0,0.0,17.8,0.0,3.1,1.3,2.2,2.7,1.3,0.9,3.6,1.8,3.1,0.0,0.4,3.6,1.3,2.7,0.9,0.9,0.0,0.9,0.0,11.2,0.0,1.8,3.6,0.0,0.4,0.0,4.7,4.0,3.6,3.6,2.7,0.9,0.0,0.0,0.4,0.0,0.9,0.4,0.4,0.9,40.6,2.2,12.4,0.0,0.0,0.0,0.0,0.0,0.0,0.0,0.0,0.0,0.0,0.0,0.0,0.0,0.0,0.0,0.0,0.0,0.0,0.0,0.0,0.0,0.0,0.0,0.0,0.0,0.0,0.0,0.0,0.0,0.0,0.0,0.0,0.0,0.0,0.0,0.0,0.0,0.0,0.0,0.0,0.0,0.0,0.0,0.0,0.0,0.0,0.0,0.0,0.0
2026-01-23 16:17:30,2.9,34.4,running,3.6,0.0,20.4,1.8,3.1,1.3,2.7,4.0,3.6,0.0,3.1,1.3,1.8,2.7,2.7,0.0,2.2,4.4,2.2,3.6,0.4,0.0,0.0,13.3,2.7,1.3,1.3,0.0,0.9,2.2,0.0,0.0,4.4,3.1,2.2,0.0,0.9,0.9,2.7,0.0,1.3,0.0,0.9,0.4,43.3,0.0,10.8,0.4,0.0,0.0,0.0,0.0,0.0,0.0,0.0,0.0,0.0,0.0,0.0,0.0,0.0,0.0,0.0,0.0,0.0,0.0,0.0,0.0,0.0,0.0,0.0,0.0,0.0,0.0,0.0,0.0,0.0,0.0,0.0,0.0,0.0,0.0,0.0,0.0,0.0,0.0,0.0,0.0,0.0,0.0,0.0,0.0,0.0,0.0,0.0,0.0
2026-01-23 16:17:33,3.1,15.6,running,5.8,1.3,23.0,1.7,6.3,0.0,4.0,0.9,2.7,2.2,1.8,2.2,1.3,0.0,0.9,2.8,2.7,1.3,3.6,4.4,0.9,0.0,0.4,11.2,1.8,0.0,5.8,2.2,1.7,1.3,2.7,4.4,2.2,2.2,0.0,0.0,1.8,1.3,0.9,0.0,0.0,4.0,1.8,1.3,42.9,0.9,4.4,0.0,0.0,0.0,0.0,0.0,0.0,0.0,0.0,0.0,0.0,0.0,0.0,0.0,0.0,0.0,0.0,0.0,0.0,0.0,0.0,0.0,0.0,0.0,0.0,0.0,0.0,0.0,0.0,0.0,0.0,0.0,0.0,0.0,0.0,0.0,0.0,0.0,0.0,0.0,0.0,0.0,0.0,0.0,0.0,0.0,0.0,0.0,0.0,0.0
2026-01-23 16:17:37,3.3,31.2,running,5.8,0.9,18.8,0.7,3.5,0.4,2.2,0.0,0.4,0.4,2.7,0.4,2.7,2.7,2.2,0.4,3.1,1.3,0.9,1.8,2.7,4.0,1.3,14.2,4.9,1.3,1.3,0.0,1.8,0.9,0.0,1.3,5.3,0.9,0.0,0.9,0.4,0.4,5.3,1.8,1.3,2.7,1.3,11.1,33.9,1.8,7.6,0.4,0.0,0.0,0.0,0.0,0.0,0.0,0.0,0.0,0.0,0.0,0.0,0.0,0.0,0.0,0.0,0.0,0.0,0.0,0.0,0.0,0.0,0.0,0.0,0.0,0.0,0.0,0.0,0.0,0.0,0.0,0.0,0.0,0.0,0.0,0.0,0.0,0.0,0.0,0.0,0.0,0.0,0.0,0.0,0.0,0.0,0.0,0.0,0.0
2026-01-23 16:17:40,3.5,25.0,running,2.2,2.7,24.8,0.0,4.9,1.8,2.2,1.3,4.0,5.4,4.4,1.9,3.1,2.7,0.4,0.0,2.7,1.3,1.3,1.3,0.4,0.0,2.7,11.2,4.1,3.1,4.5,0.0,1.3,2.7,0.9,0.0,5.8,3.1,5.4,0.0,0.0,1.3,1.3,0.0,3.1,3.6,0.4,42.7,2.7,0.9,0.9,0.0,0.0,0.0,0.0,0.0,0.0,0.0,0.0,0.0,0.0,0.0,0.0,0.0,0.0,0.0,0.0,0.0,0.0,0.0,0.0,0.0,0.0,0.0,0.0,0.0,0.0,0.0,0.0,0.0,0.0,0.0,0.0,0.0,0.0,0.0,0.0,0.0,0.0,0.0,0.0,0.0,0.0,0.0,0.0,0.0,0.0,0.0,0.0,0.0
2026-01-23 16:17:44,3.2,37.5,running,0.4,0.0,18.1,2.8,4.9,1.3,1.8,0.4,2.7,1.8,3.1,5.6,6.3,2.2,0.4,0.0,1.8,1.3,2.2,0.0,0.4,0.4,0.9,11.9,7.1,0.4,1.8,0.0,4.0,1.8,4.0,0.4,1.3,0.9,2.7,0.0,2.2,0.9,0.0,0.0,0.9,0.0,0.0,10.7,34.1,1.8,6.7,0.4,0.0,0.0,0.0,0.0,0.0,0.0,0.0,0.0,0.0,0.0,0.0,0.0,0.0,0.0,0.0,0.0,0.0,0.0,0.0,0.0,0.0,0.0,0.0,0.0,0.0,0.0,0.0,0.0,0.0,0.0,0.0,0.0,0.0,0.0,0.0,0.0,0.0,0.0,0.0,0.0,0.0,0.0,0.0,0.0,0.0,0.0,0.0,0.0
2026-01-23 16:17:47,3.3,31.2,running,1.3,0.9,23.6,1.7,2.2,1.8,2.2,1.8,0.4,0.0,0.4,5.3,0.4,0.4,3.6,1.8,6.2,2.2,2.2,0.4,1.3,1.3,4.4,12.1,0.9,1.3,4.0,0.4,3.1,5.3,0.0,0.0,4.9,2.7,1.8,0.4,0.4,0.9,1.3,0.0,0.9,0.9,0.0,22.4,25.8,0.0,4.8,0.4,0.0,0.0,0.0,0.0,0.0,0.0,0.0,0.0,0.0,0.0,0.0,0.0,0.0,0.0,0.0,0.0,0.0,0.0,0.0,0.0,0.0,0.0,0.0,0.0,0.0,0.0,0.0,0.0,0.0,0.0,0.0,0.0,0.0,0.0,0.0,0.0,0.0,0.0,0.0,0.0,0.0,0.0,0.0,0.0,0.0,0.0,0.0,0.0
2026-01-23 16:17:51,3.9,28.1,running,1.3,7.5,19.9,1.8,6.2,2.2,8.0,0.4,4.4,2.2,2.2,1.3,2.7,2.2,0.9,0.0,1.3,1.8,1.8,1.8,0.9,2.7,1.8,13.6,4.0,2.2,3.1,6.2,4.4,2.7,0.4,0.9,2.7,0.0,4.0,0.0,0.4,0.4,0.9,2.2,0.9,0.4,0.0,0.0,42.6,1.8,4.0,0.0,0.0,0.0,0.0,0.0,0.0,0.0,0.0,0.0,0.0,0.0,0.0,0.0,0.0,0.0,0.0,0.0,0.0,0.0,0.0,0.0,0.0,0.0,0.0,0.0,0.0,0.0,0.0,0.0,0.0,0.0,0.0,0.0,0.0,0.0,0.0,0.0,0.0,0.0,0.0,0.0,0.0,0.0,0.0,0.0,0.0,0.0,0.0,0.0
2026-01-23 16:17:54,3.9,21.9,running,5.8,1.8,16.4,0.0,5.8,0.9,4.9,0.0,4.4,0.9,2.7,7.1,1.3,4.0,2.2,3.6,2.7,0.0,0.0,1.8,0.9,0.0,0.0,10.7,1.8,5.4,1.8,0.9,4.5,0.4,0.4,2.2,2.7,5.5,3.1,1.8,0.9,0.9,4.0,0.0,5.4,1.3,0.4,0.0,46.0,0.9,6.2,0.0,0.0,0.0,0.0,0.0,0.0,0.0,0.0,0.0,0.0,0.0,0.0,0.0,0.0,0.0,0.0,0.0,0.0,0.0,0.0,0.0,0.0,0.0,0.0,0.0,0.0,0.0,0.0,0.0,0.0,0.0,0.0,0.0,0.0,0.0,0.0,0.0,0.0,0.0,0.0,0.0,0.0,0.0,0.0,0.0,0.0,0.0,0.0,0.0
2026-01-23 16:17:58,3.4,25.0,running,0.9,2.7,19.6,0.8,4.4,1.3,5.3,1.3,5.8,0.0,1.3,4.5,4.0,0.9,4.0,0.9,1.8,1.3,1.8,4.0,0.9,2.2,1.3,14.2,1.8,1.3,2.7,0.0,1.3,3.6,1.3,0.4,6.7,0.0,0.0,2.7,0.9,0.9,0.0,2.7,0.0,3.1,0.0,22.2,23.1,2.2,0.9,0.4,0.0,0.0,0.0,0.0,0.0,0.0,0.0,0.0,0.0,0.0,0.0,0.0,0.0,0.0,0.0,0.0,0.0,0.0,0.0,0.0,0.0,0.0,0.0,0.0,0.0,0.0,0.0,0.0,0.0,0.0,0.0,0.0,0.0,0.0,0.0,0.0,0.0,0.0,0.0,0.0,0.0,0.0,0.0,0.0,0.0,0.0,0.0,0.0
2026-01-23 16:18:01,3.5,34.4,running,2.7,3.5,24.1,2.2,4.0,0.0,2.7,0.0,2.7,0.9,1.8,0.0,1.3,4.4,0.4,0.9,2.7,0.4,0.9,0.0,0.4,3.2,2.2,10.2,1.3,3.1,10.6,0.9,4.4,0.0,0.5,1.3,7.1,0.0,0.9,0.0,0.9,0.9,2.2,0.0,0.4,4.0,0.4,40.2,8.0,0.5,3.5,0.0,0.0,0.0,0.0,0.0,0.0,0.0,0.0,0.0,0.0,0.0,0.0,0.0,0.0,0.0,0.0,0.0,0.0,0.0,0.0,0.0,0.0,0.0,0.0,0.0,0.0,0.0,0.0,0.0,0.0,0.0,0.0,0.0,0.0,0.0,0.0,0.0,0.0,0.0,0.0,0.0,0.0,0.0,0.0,0.0,0.0,0.0,0.0,0.0
2026-01-23 16:18:05,4.0,31.2,running,3.1,5.8,19.6,2.7,3.1,1.8,3.1,2.7,3.1,1.8,5.8,1.8,4.9,0.0,1.3,0.0,0.9,0.0,0.9,0.0,4.0,0.5,1.8,14.2,2.2,0.0,3.1,0.0,2.3,2.2,0.0,1.8,1.8,0.4,4.0,1.9,0.9,2.2,3.5,0.0,0.9,2.7,2.3,1.8,43.1,0.4,8.9,0.0,0.0,0.0,0.0,0.0,0.0,0.0,0.0,0.0,0.0,0.0,0.0,0.0,0.0,0.0,0.0,0.0,0.0,0.0,0.0,0.0,0.0,0.0,0.0,0.0,0.0,0.0,0.0,0.0,0.0,0.0,0.0,0.0,0.0,0.0,0.0,0.0,0.0,0.0,0.0,0.0,0.0,0.0,0.0,0.0,0.0,0.0,0.0,0.0
2026-01-23 16:18:08,3.0,40.6,running,2.2,0.4,23.2,0.4,3.6,1.3,3.6,0.0,4.5,5.3,1.8,2.2,1.8,2.7,2.2,4.0,1.3,0.9,0.4,0.0,2.7,1.1,0.4,10.8,3.1,0.0,4.0,2.7,5.7,1.3,0.4,0.0,4.9,0.9,4.0,0.0,0.0,1.3,1.8,0.7,2.2,0.0,2.2,28.5,17.9,1.8,0.9,0.4,0.0,0.0,0.0,0.0,0.0,0.0,0.0,0.0,0.0,0.0,0.0,0.0,0.0,0.0,0.0,0.0,0.0,0.0,0.0,0.0,0.0,0.0,0.0,0.0,0.0,0.0,0.0,0.0,0.0,0.0,0.0,0.0,0.0,0.0,0.0,0.0,0.0,0.0,0.0,0.0,0.0,0.0,0.0,0.0,0.0,0.0,0.0,0.0
2026-01-23 16:18:12,3.5,28.1,running,3.1,2.2,23.8,2.2,3.6,1.8,11.0,1.0,3.6,4.9,3.1,2.7,3.1,0.9,2.2,0.4,1.3,6.6,1.8,0.0,3.1,0.0,0.0,8.0,3.1,0.0,3.1,1.3,1.8,1.8,0.4,0.0,3.6,1.5,2.7,0.9,0.9,1.3,2.2,0.0,1.3,4.0,0.9,28.3,16.7,1.8,1.8,0.0,0.0,0.0,0.0,0.0,0.0,0.0,0.0,0.0,0.0,0.0,0.0,0.0,0.0,0.0,0.0,0.0,0.0,0.0,0.0,0.0,0.0,0.0,0.0,0.0,0.0,0.0,0.0,0.0,0.0,0.0,0.0,0.0,0.0,0.0,0.0,0.0,0.0,0.0,0.0,0.0,0.0,0.0,0.0,0.0,0.0,0.0,0.0,0.0
2026-01-23 16:18:15,3.5,37.5,running,4.0,4.9,19.6,0.0,2.7,0.4,3.1,1.6,6.2,0.0,3.6,4.0,4.0,4.4,2.2,1.3,1.8,0.9,1.3,0.0,1.3,0.9,0.4,11.1,4.0,0.0,1.3,0.9,1.8,1.3,1.8,2.2,3.1,3.2,0.9,0.0,2.7,2.2,4.0,4.5,0.9,5.0,0.4,0.0,40.4,0.0,4.9,0.5,0.0,0.0,0.0,0.0,0.0,0.0,0.0,0.0,0.0,0.0,0.0,0.0,0.0,0.0,0.0,0.0,0.0,0.0,0.0,0.0,0.0,0.0,0.0,0.0,0.0,0.0,0.0,0.0,0.0,0.0,0.0,0.0,0.0,0.0,0.0,0.0,0.0,0.0,0.0,0.0,0.0,0.0,0.0,0.0,0.0,0.0,0.0,0.0
2026-01-23 16:18:19,3.3,18.7,running,1.8,0.0,23.0,0.0,4.0,1.8,3.1,2.2,3.6,0.0,2.2,4.0,2.7,2.7,0.9,0.0,0.9,0.9,4.0,4.8,4.4,1.3,0.0,13.0,1.3,0.0,4.0,0.9,0.9,0.4,2.2,4.0,4.0,1.8,3.1,1.8,0.4,3.6,4.9,0.0,2.7,0.0,0.0,0.9,39.1,0.0,5.3,0.0,0.0,0.0,0.0,0.0,0.0,0.0,0.0,0.0,0.0,0.0,0.0,0.0,0.0,0.0,0.0,0.0,0.0,0.0,0.0,0.0,0.0,0.0,0.0,0.0,0.0,0.0,0.0,0.0,0.0,0.0,0.0,0.0,0.0,0.0,0.0,0.0,0.0,0.0,0.0,0.0,0.0,0.0,0.0,0.0,0.0,0.0,0.0,0.0
2026-01-23 16:18:22,4.6,34.3,running,1.8,1.8,18.7,0.0,4.0,4.9,4.9,0.9,6.7,1.3,2.2,6.0,4.9,4.9,2.2,0.0,2.7,3.1,6.3,0.0,0.9,0.0,3.1,11.9,3.1,0.0,1.3,3.6,5.8,2.2,0.5,1.8,10.1,3.0,4.0,0.0,0.0,0.5,0.9,0.6,0.0,1.3,0.9,1.0,42.9,0.0,4.1,0.0,0.0,0.0,0.0,0.0,0.0,0.0,0.0,0.0,0.0,0.0,0.0,0.0,0.0,0.0,0.0,0.0,0.0,0.0,0.0,0.0,0.0,0.0,0.0,0.0,0.0,0.0,0.0,0.0,0.0,0.0,0.0,0.0,0.0,0.0,0.0,0.0,0.0,0.0,0.0,0.0,0.0,0.0,0.0,0.0,0.0,0.0,0.0,0.0
2026-01-23 16:18:26,3.6,25.0,running,0.9,0.4,20.4,0.0,4.4,2.4,8.4,0.0,2.2,0.0,1.8,0.7,0.9,0.9,0.9,0.4,6.2,0.0,1.8,0.0,7.5,0.0,4.4,8.5,3.1,1.1,3.6,0.7,1.3,0.4,3.4,1.3,7.0,0.0,2.2,1.4,0.0,0.9,3.5,0.0,0.4,0.0,0.0,0.4,46.0,0.4,8.7,0.0,0.0,0.0,0.0,0.0,0.0,0.0,0.0,0.0,0.0,0.0,0.0,0.0,0.0,0.0,0.0,0.0,0.0,0.0,0.0,0.0,0.0,0.0,0.0,0.0,0.0,0.0,0.0,0.0,0.0,0.0,0.0,0.0,0.0,0.0,0.0,0.0,0.0,0.0,0.0,0.0,0.0,0.0,0.0,0.0,0.0,0.0,0.0,0.0
2026-01-23 16:18:29,3.1,25.0,running,1.3,4.0,17.8,0.9,2.7,3.6,4.9,1.3,5.4,0.4,3.1,2.7,2.7,1.3,1.8,0.0,4.9,0.5,3.6,0.0,2.7,0.0,1.3,10.7,0.9,1.3,2.2,0.9,2.7,2.7,0.9,0.0,4.4,4.0,6.3,0.0,0.0,1.3,2.3,0.0,0.4,0.4,0.5,38.2,4.0,0.0,2.2,0.4,0.0,0.0,0.0,0.0,0.0,0.0,0.0,0.0,0.0,0.0,0.0,0.0,0.0,0.0,0.0,0.0,0.0,0.0,0.0,0.0,0.0,0.0,0.0,0.0,0.0,0.0,0.0,0.0,0.0,0.0,0.0,0.0,0.0,0.0,0.0,0.0,0.0,0.0,0.0,0.0,0.0,0.0,0.0,0.0,0.0,0.0,0.0,0.0
2026-01-23 16:18:33,3.3,28.1,running,3.1,3.1,24.0,0.9,4.9,0.9,6.7,1.3,2.2,1.8,3.1,0.4,3.6,1.8,1.8,2.2,3.1,0.9,4.0,3.7,3.5,1.3,1.3,11.6,2.7,0.0,2.2,0.0,4.9,2.7,0.4,0.0,4.5,1.3,2.2,0.0,0.9,0.0,4.0,3.6,1.3,0.0,0.9,38.8,4.9,0.0,1.8,0.0,0.0,0.0,0.0,0.0,0.0,0.0,0.0,0.0,0.0,0.0,0.0,0.0,0.0,0.0,0.0,0.0,0.0,0.0,0.0,0.0,0.0,0.0,0.0,0.0,0.0,0.0,0.0,0.0,0.0,0.0,0.0,0.0,0.0,0.0,0.0,0.0,0.0,0.0,0.0,0.0,0.0,0.0,0.0,0.0,0.0,0.0,0.0,0.0
2026-01-23 16:18:36,3.6,37.5,running,2.2,0.4,21.8,0.0,7.6,0.0,3.6,1.8,2.7,1.3,2.7,3.1,2.2,0.4,1.3,1.8,7.1,2.2,7.2,0.0,2.2,2.7,3.1,12.4,3.1,2.7,7.6,0.0,1.8,1.3,3.1,0.0,10.6,0.9,2.2,0.9,0.4,1.8,2.7,0.9,7.5,0.4,1.3,43.3,5.8,2.2,1.8,0.0,0.0,0.0,0.0,0.0,0.0,0.0,0.0,0.0,0.0,0.0,0.0,0.0,0.0,0.0,0.0,0.0,0.0,0.0,0.0,0.0,0.0,0.0,0.0,0.0,0.0,0.0,0.0,0.0,0.0,0.0,0.0,0.0,0.0,0.0,0.0,0.0,0.0,0.0,0.0,0.0,0.0,0.0,0.0,0.0,0.0,0.0,0.0,0.0
2026-01-23 16:18:40,3.3,28.1,running,5.8,1.3,17.7,0.4,1.3,1.3,2.2,0.0,2.2,0.0,2.2,2.7,3.6,1.8,0.0,7.2,3.5,6.6,1.8,0.0,0.0,4.0,0.9,12.5,0.9,1.8,2.7,0.0,0.9,2.2,0.0,0.0,7.1,0.9,1.8,2.7,0.4,0.0,0.9,3.5,1.8,0.0,1.3,0.4,44.2,0.0,4.9,0.0,0.0,0.0,0.0,0.0,0.0,0.0,0.0,0.0,0.0,0.0,0.0,0.0,0.0,0.0,0.0,0.0,0.0,0.0,0.0,0.0,0.0,0.0,0.0,0.0,0.0,0.0,0.0,0.0,0.0,0.0,0.0,0.0,0.0,0.0,0.0,0.0,0.0,0.0,0.0,0.0,0.0,0.0,0.0,0.0,0.0,0.0,0.0,0.0
2026-01-23 16:18:43,3.5,28.1,running,3.6,3.1,23.0,1.3,4.9,0.0,5.8,2.2,0.9,0.0,4.5,0.0,1.8,0.4,2.7,0.0,1.3,1.8,4.0,1.3,2.7,0.0,2.7,8.9,4.4,2.7,1.3,1.8,0.4,0.4,0.0,0.4,8.0,3.5,1.8,3.1,0.0,0.9,3.1,1.8,2.2,0.4,0.9,0.9,43.6,0.9,6.2,0.4,0.0,0.0,0.0,0.0,0.0,0.0,0.0,0.0,0.0,0.0,0.0,0.0,0.0,0.0,0.0,0.0,0.0,0.0,0.0,0.0,0.0,0.0,0.0,0.0,0.0,0.0,0.0,0.0,0.0,0.0,0.0,0.0,0.0,0.0,0.0,0.0,0.0,0.0,0.0,0.0,0.0,0.0,0.0,0.0,0.0,0.0,0.0,0.0
2026-01-23 16:18:47,3.8,25.0,running,2.2,1.3,23.0,1.3,4.9,3.1,6.6,0.0,2.7,1.8,6.3,1.8,1.3,6.2,3.1,0.0,1.3,3.6,3.6,2.2,0.9,2.7,1.3,11.6,3.1,0.0,2.2,0.0,1.8,2.7,0.4,4.0,1.8,0.0,1.8,2.2,1.3,2.2,1.3,2.2,1.3,0.0,0.0,34.7,12.0,0.0,1.8,0.0,0.0,0.0,0.0,0.0,0.0,0.0,0.0,0.0,0.0,0.0,0.0,0.0,0.0,0.0,0.0,0.0,0.0,0.0,0.0,0.0,0.0,0.0,0.0,0.0,0.0,0.0,0.0,0.0,0.0,0.0,0.0,0.0,0.0,0.0,0.0,0.0,0.0,0.0,0.0,0.0,0.0,0.0,0.0,0.0,0.0,0.0,0.0,0.0
2026-01-23 16:18:50,4.5,21.8,running,1.3,0.9,20.7,0.0,4.0,1.3,4.5,1.3,0.9,0.4,7.0,0.4,4.0,0.9,9.9,0.4,7.1,2.2,6.7,0.0,0.4,2.2,2.7,11.2,2.7,0.9,3.1,4.4,7.2,1.8,2.2,0.9,2.2,2.2,4.4,0.9,0.0,1.3,3.1,0.0,4.4,0.0,0.0,7.5,41.4,0.4,7.6,0.4,0.0,0.0,0.0,0.0,0.0,0.0,0.0,0.0,0.0,0.0,0.0,0.0,0.0,0.0,0.0,0.0,0.0,0.0,0.0,0.0,0.0,0.0,0.0,0.0,0.0,0.0,0.0,0.0,0.0,0.0,0.0,0.0,0.0,0.0,0.0,0.0,0.0,0.0,0.0,0.0,0.0,0.0,0.0,0.0,0.0,0.0,0.0,0.0
2026-01-23 16:18:54,4.6,43.7,running,1.3,0.4,22.6,0.5,9.0,3.6,8.0,4.0,4.0,1.3,12.9,2.2,11.9,4.9,18.7,0.4,8.5,1.8,6.3,0.0,1.3,3.6,2.7,11.1,5.8,0.0,5.8,0.9,2.2,3.1,2.2,0.0,3.1,2.4,2.2,0.0,2.7,1.3,4.4,0.0,1.8,2.2,0.4,12.5,25.4,0.4,3.6,0.0,0.0,0.0,0.0,0.0,0.0,0.0,0.0,0.0,0.0,0.0,0.0,0.0,0.0,0.0,0.0,0.0,0.0,0.0,0.0,0.0,0.0,0.0,0.0,0.0,0.0,0.0,0.0,0.0,0.0,0.0,0.0,0.0,0.0,0.0,0.0,0.0,0.0,0.0,0.0,0.0,0.0,0.0,0.0,0.0,0.0,0.0,0.0,0.0
2026-01-23 16:18:57,3.5,43.7,running,3.1,0.0,22.0,3.5,7.6,0.4,5.8,0.0,2.7,0.0,1.8,1.8,2.2,3.6,4.9,2.7,2.2,0.4,4.0,0.4,3.1,0.9,5.7,10.7,5.8,0.0,4.0,0.0,0.9,4.0,2.7,0.4,1.8,0.4,0.9,0.4,0.9,4.9,6.7,1.8,0.0,2.2,0.4,31.0,18.4,0.4,4.0,0.4,0.0,0.0,0.0,0.0,0.0,0.0,0.0,0.0,0.0,0.0,0.0,0.0,0.0,0.0,0.0,0.0,0.0,0.0,0.0,0.0,0.0,0.0,0.0,0.0,0.0,0.0,0.0,0.0,0.0,0.0,0.0,0.0,0.0,0.0,0.0,0.0,0.0,0.0,0.0,0.0,0.0,0.0,0.0,0.0,0.0,0.0,0.0,0.0
2026-01-23 16:19:01,3.3,25.0,running,1.8,1.3,19.0,2.7,5.3,0.4,5.3,1.3,4.9,0.4,4.5,0.0,3.1,3.6,0.9,1.3,0.9,1.8,1.3,1.8,2.2,0.0,0.9,9.7,3.1,4.4,4.9,0.9,4.0,0.0,2.7,4.9,3.1,0.9,0.4,0.0,0.4,0.9,2.2,1.3,2.2,1.8,0.9,46.7,2.2,2.2,4.5,0.4,0.0,0.0,0.0,0.0,0.0,0.0,0.0,0.0,0.0,0.0,0.0,0.0,0.0,0.0,0.0,0.0,0.0,0.0,0.0,0.0,0.0,0.0,0.0,0.0,0.0,0.0,0.0,0.0,0.0,0.0,0.0,0.0,0.0,0.0,0.0,0.0,0.0,0.0,0.0,0.0,0.0,0.0,0.0,0.0,0.0,0.0,0.0,0.0
2026-01-23 16:19:04,4.1,34.3,running,0.4,1.8,17.3,0.4,6.3,0.4,2.2,0.5,5.8,0.5,2.7,3.2,2.7,3.6,1.8,0.0,1.3,0.9,4.0,0.0,4.0,0.0,1.8,9.0,5.7,1.6,4.4,0.4,7.1,2.7,1.3,0.0,1.8,0.5,0.0,3.6,3.2,0.4,3.6,5.9,2.7,0.4,0.0,18.7,28.8,0.0,3.1,0.5,0.0,0.0,0.0,0.0,0.0,0.0,0.0,0.0,0.0,0.0,0.0,0.0,0.0,0.0,0.0,0.0,0.0,0.0,0.0,0.0,0.0,0.0,0.0,0.0,0.0,0.0,0.0,0.0,0.0,0.0,0.0,0.0,0.0,0.0,0.0,0.0,0.0,0.0,0.0,0.0,0.0,0.0,0.0,0.0,0.0,0.0,0.0,0.0
2026-01-23 16:19:08,3.3,21.9,running,3.6,0.4,18.8,2.2,3.1,0.0,4.4,0.0,1.3,2.4,2.2,2.2,2.7,1.6,5.4,2.3,1.8,1.3,1.8,3.0,3.1,0.0,1.8,12.4,1.3,2.7,4.0,0.0,1.3,3.6,0.0,0.0,2.2,0.8,5.2,1.2,1.5,1.3,5.4,0.0,1.3,3.6,1.1,25.0,18.7,0.0,4.0,0.0,0.0,0.0,0.0,0.0,0.0,0.0,0.0,0.0,0.0,0.0,0.0,0.0,0.0,0.0,0.0,0.0,0.0,0.0,0.0,0.0,0.0,0.0,0.0,0.0,0.0,0.0,0.0,0.0,0.0,0.0,0.0,0.0,0.0,0.0,0.0,0.0,0.0,0.0,0.0,0.0,0.0,0.0,0.0,0.0,0.0,0.0,0.0,0.0
2026-01-23 16:19:11,3.1,28.1,running,6.2,1.3,16.4,1.3,1.8,2.2,6.2,0.0,4.5,0.0,2.2,0.0,0.9,3.6,0.9,0.0,0.9,0.0,0.0,4.9,5.3,0.5,1.3,13.3,4.5,2.7,2.7,1.3,4.0,0.0,1.8,0.9,8.3,1.7,2.2,0.0,1.8,2.7,1.3,0.4,1.8,0.0,5.3,0.4,46.0,0.0,3.1,0.0,0.0,0.0,0.0,0.0,0.0,0.0,0.0,0.0,0.0,0.0,0.0,0.0,0.0,0.0,0.0,0.0,0.0,0.0,0.0,0.0,0.0,0.0,0.0,0.0,0.0,0.0,0.0,0.0,0.0,0.0,0.0,0.0,0.0,0.0,0.0,0.0,0.0,0.0,0.0,0.0,0.0,0.0,0.0,0.0,0.0,0.0,0.0,0.0
2026-01-23 16:19:15,3.4,46.8,running,2.2,2.7,23.0,0.4,5.4,1.3,5.3,2.2,4.0,0.0,2.2,0.0,2.6,0.4,1.3,0.0,0.9,0.9,3.1,0.9,6.6,3.0,2.7,12.9,0.4,1.8,1.8,0.0,5.3,0.4,1.8,0.4,5.3,0.4,3.6,3.1,1.3,0.9,0.4,2.2,1.3,0.0,1.8,1.3,42.5,0.0,7.1,0.4,0.0,0.0,0.0,0.0,0.0,0.0,0.0,0.0,0.0,0.0,0.0,0.0,0.0,0.0,0.0,0.0,0.0,0.0,0.0,0.0,0.0,0.0,0.0,0.0,0.0,0.0,0.0,0.0,0.0,0.0,0.0,0.0,0.0,0.0,0.0,0.0,0.0,0.0,0.0,0.0,0.0,0.0,0.0,0.0,0.0,0.0,0.0,0.0
2026-01-23 16:19:19,3.7,37.5,running,6.7,0.0,22.8,0.4,6.7,2.2,5.3,1.3,6.2,0.9,3.6,0.0,2.7,0.0,4.0,0.0,2.7,1.8,0.9,3.1,2.2,0.0,1.3,12.5,0.9,0.4,1.3,0.0,3.6,0.0,0.0,4.0,4.0,4.9,2.7,0.4,0.0,0.4,0.4,0.0,1.3,3.1,4.4,2.7,37.6,0.0,3.1,0.0,0.0,0.0,0.0,0.0,0.0,0.0,0.0,0.0,0.0,0.0,0.0,0.0,0.0,0.0,0.0,0.0,0.0,0.0,0.0,0.0,0.0,0.0,0.0,0.0,0.0,0.0,0.0,0.0,0.0,0.0,0.0,0.0,0.0,0.0,0.0,0.0,0.0,0.0,0.0,0.0,0.0,0.0,0.0,0.0,0.0,0.0,0.0,0.0
2026-01-23 16:19:22,3.1,28.1,running,1.8,0.0,19.6,3.1,4.0,0.4,2.7,0.4,3.6,2.2,0.9,1.8,0.9,0.8,4.9,0.9,4.9,0.0,0.9,1.3,2.2,0.0,0.0,11.1,2.2,0.0,6.3,0.0,5.2,2.2,5.8,2.7,2.2,1.3,2.7,3.6,0.0,0.0,1.3,0.4,2.7,4.0,1.3,6.7,38.8,0.4,5.3,0.0,0.0,0.0,0.0,0.0,0.0,0.0,0.0,0.0,0.0,0.0,0.0,0.0,0.0,0.0,0.0,0.0,0.0,0.0,0.0,0.0,0.0,0.0,0.0,0.0,0.0,0.0,0.0,0.0,0.0,0.0,0.0,0.0,0.0,0.0,0.0,0.0,0.0,0.0,0.0,0.0,0.0,0.0,0.0,0.0,0.0,0.0,0.0,0.0
2026-01-23 16:19:26,3.7,31.2,running,2.2,0.9,29.5,2.2,6.7,0.4,7.5,1.8,3.6,3.6,5.4,0.0,3.1,1.8,1.8,0.0,4.9,4.9,0.9,0.4,1.3,0.0,0.0,11.7,1.8,0.0,2.2,0.4,5.5,1.4,2.2,5.8,7.0,0.0,2.2,8.1,3.6,0.9,2.2,0.0,0.0,0.9,0.4,39.6,1.3,3.1,5.4,0.0,0.0,0.0,0.0,0.0,0.0,0.0,0.0,0.0,0.0,0.0,0.0,0.0,0.0,0.0,0.0,0.0,0.0,0.0,0.0,0.0,0.0,0.0,0.0,0.0,0.0,0.0,0.0,0.0,0.0,0.0,0.0,0.0,0.0,0.0,0.0,0.0,0.0,0.0,0.0,0.0,0.0,0.0,0.0,0.0,0.0,0.0,0.0,0.0
2026-01-23 16:19:29,3.2,25.0,running,0.9,0.0,22.1,3.1,3.1,2.2,7.6,0.9,2.7,0.4,5.8,2.2,1.3,0.4,0.9,0.0,0.4,2.2,2.2,0.0,0.4,5.8,2.2,12.8,0.0,0.9,3.1,0.0,0.9,0.9,0.4,0.0,6.2,0.5,7.0,0.0,2.2,0.4,3.2,0.9,1.8,1.8,0.0,11.6,26.7,4.4,8.4,0.5,0.0,0.0,0.0,0.0,0.0,0.0,0.0,0.0,0.0,0.0,0.0,0.0,0.0,0.0,0.0,0.0,0.0,0.0,0.0,0.0,0.0,0.0,0.0,0.0,0.0,0.0,0.0,0.0,0.0,0.0,0.0,0.0,0.0,0.0,0.0,0.0,0.0,0.0,0.0,0.0,0.0,0.0,0.0,0.0,0.0,0.0,0.0,0.0
2026-01-23 16:19:33,3.2,28.1,running,1.8,0.9,23.6,0.4,2.2,5.8,3.6,3.6,2.2,1.3,3.1,4.0,3.1,4.4,1.3,0.0,2.2,0.4,0.4,1.8,1.3,0.4,2.7,11.6,2.2,0.0,7.5,0.9,2.2,1.3,0.0,0.4,4.4,0.4,4.9,0.4,0.0,2.2,0.9,0.4,3.1,2.7,1.8,14.2,25.3,0.4,4.0,0.4,0.0,0.0,0.0,0.0,0.0,0.0,0.0,0.0,0.0,0.0,0.0,0.0,0.0,0.0,0.0,0.0,0.0,0.0,0.0,0.0,0.0,0.0,0.0,0.0,0.0,0.0,0.0,0.0,0.0,0.0,0.0,0.0,0.0,0.0,0.0,0.0,0.0,0.0,0.0,0.0,0.0,0.0,0.0,0.0,0.0,0.0,0.0,0.0
2026-01-23 16:19:36,3.2,28.1,running,6.2,0.0,23.6,0.9,3.1,0.9,3.1,2.2,4.0,3.6,2.7,4.0,3.1,0.9,0.9,1.8,3.1,2.7,0.9,4.5,1.8,0.0,1.8,10.3,2.2,0.0,3.6,0.0,1.3,1.3,0.4,1.3,5.8,1.4,1.8,0.9,0.4,0.9,2.2,0.0,0.9,0.0,1.3,44.2,2.7,1.4,2.2,0.4,0.0,0.0,0.0,0.0,0.0,0.0,0.0,0.0,0.0,0.0,0.0,0.0,0.0,0.0,0.0,0.0,0.0,0.0,0.0,0.0,0.0,0.0,0.0,0.0,0.0,0.0,0.0,0.0,0.0,0.0,0.0,0.0,0.0,0.0,0.0,0.0,0.0,0.0,0.0,0.0,0.0,0.0,0.0,0.0,0.0,0.0,0.0,0.0
2026-01-23 16:19:40,3.1,28.1,running,2.7,0.4,21.3,1.8,2.2,0.4,1.3,0.0,0.4,5.4,2.7,3.1,4.0,2.7,1.8,2.7,4.0,0.4,4.9,0.0,0.0,0.9,1.3,12.4,2.2,0.0,6.7,0.0,3.1,0.4,1.8,0.0,4.0,3.5,3.6,0.0,5.7,0.4,1.3,0.4,1.3,0.0,2.7,5.8,38.9,0.0,3.6,0.0,0.0,0.0,0.0,0.0,0.0,0.0,0.0,0.0,0.0,0.0,0.0,0.0,0.0,0.0,0.0,0.0,0.0,0.0,0.0,0.0,0.0,0.0,0.0,0.0,0.0,0.0,0.0,0.0,0.0,0.0,0.0,0.0,0.0,0.0,0.0,0.0,0.0,0.0,0.0,0.0,0.0,0.0,0.0,0.0,0.0,0.0,0.0,0.0
2026-01-23 16:19:43,3.3,28.1,running,3.6,0.4,21.7,0.5,5.3,1.3,1.8,0.5,6.2,0.0,3.1,2.8,3.6,3.1,3.1,1.3,2.2,2.7,5.8,0.0,0.4,0.4,0.0,14.3,0.0,0.9,6.2,0.0,1.4,4.1,0.9,0.0,2.2,3.5,0.4,1.3,0.9,1.8,4.3,2.2,2.2,1.3,2.2,17.0,25.4,0.4,4.0,0.9,0.0,0.0,0.0,0.0,0.0,0.0,0.0,0.0,0.0,0.0,0.0,0.0,0.0,0.0,0.0,0.0,0.0,0.0,0.0,0.0,0.0,0.0,0.0,0.0,0.0,0.0,0.0,0.0,0.0,0.0,0.0,0.0,0.0,0.0,0.0,0.0,0.0,0.0,0.0,0.0,0.0,0.0,0.0,0.0,0.0,0.0,0.0,0.0
2026-01-23 16:19:47,3.6,34.3,running,3.5,0.9,22.2,2.1,9.4,1.3,3.6,3.1,4.0,0.0,3.1,9.2,2.7,2.7,0.4,0.0,3.1,1.3,0.4,0.4,4.0,1.8,1.8,10.7,5.3,0.4,2.7,1.3,1.3,0.0,0.4,0.0,3.6,0.0,5.4,3.5,0.4,1.8,0.8,2.7,0.9,2.2,0.0,41.3,0.9,0.9,0.0,1.3,0.0,0.0,0.0,0.0,0.0,0.0,0.0,0.0,0.0,0.0,0.0,0.0,0.0,0.0,0.0,0.0,0.0,0.0,0.0,0.0,0.0,0.0,0.0,0.0,0.0,0.0,0.0,0.0,0.0,0.0,0.0,0.0,0.0,0.0,0.0,0.0,0.0,0.0,0.0,0.0,0.0,0.0,0.0,0.0,0.0,0.0,0.0,0.0
2026-01-23 16:19:50,4.0,31.2,running,4.0,0.0,23.6,0.5,4.9,1.8,3.1,0.0,3.5,1.3,7.6,1.3,2.7,0.4,1.3,1.8,3.6,2.7,0.4,2.2,3.6,3.5,0.9,10.3,3.1,1.3,4.9,1.3,3.6,1.3,2.2,0.0,4.5,4.9,1.8,0.4,6.2,0.9,2.2,3.1,0.0,2.2,0.0,41.6,1.8,3.1,0.4,0.4,0.0,0.0,0.0,0.0,0.0,0.0,0.0,0.0,0.0,0.0,0.0,0.0,0.0,0.0,0.0,0.0,0.0,0.0,0.0,0.0,0.0,0.0,0.0,0.0,0.0,0.0,0.0,0.0,0.0,0.0,0.0,0.0,0.0,0.0,0.0,0.0,0.0,0.0,0.0,0.0,0.0,0.0,0.0,0.0,0.0,0.0,0.0,0.0
2026-01-23 16:19:54,3.4,37.5,running,2.2,0.0,23.1,0.0,4.9,1.3,2.7,0.9,4.9,3.1,3.6,3.1,1.3,2.2,0.9,0.0,1.8,1.3,0.4,2.2,0.9,1.3,1.3,10.7,0.0,1.8,2.2,0.0,1.8,0.4,0.4,0.0,4.4,0.4,6.7,3.8,4.0,1.3,0.4,1.3,0.9,0.9,0.0,46.7,3.6,1.3,3.6,0.0,0.0,0.0,0.0,0.0,0.0,0.0,0.0,0.0,0.0,0.0,0.0,0.0,0.0,0.0,0.0,0.0,0.0,0.0,0.0,0.0,0.0,0.0,0.0,0.0,0.0,0.0,0.0,0.0,0.0,0.0,0.0,0.0,0.0,0.0,0.0,0.0,0.0,0.0,0.0,0.0,0.0,0.0,0.0,0.0,0.0,0.0,0.0,0.0
2026-01-23 16:19:57,2.9,43.7,running,3.1,0.4,25.8,0.9,4.5,0.9,5.8,0.0,4.5,3.1,8.5,1.8,2.2,5.3,3.1,0.4,2.2,0.0,1.3,0.4,1.3,0.4,0.0,13.3,2.2,0.0,0.9,1.3,9.4,0.0,0.4,0.0,3.1,5.8,4.9,0.0,3.1,0.9,0.9,0.4,3.1,3.1,0.4,39.3,3.6,1.8,2.2,0.4,0.0,0.0,0.0,0.0,0.0,0.0,0.0,0.0,0.0,0.0,0.0,0.0,0.0,0.0,0.0,0.0,0.0,0.0,0.0,0.0,0.0,0.0,0.0,0.0,0.0,0.0,0.0,0.0,0.0,0.0,0.0,0.0,0.0,0.0,0.0,0.0,0.0,0.0,0.0,0.0,0.0,0.0,0.0,0.0,0.0,0.0,0.0,0.0
2026-01-23 16:20:01,3.1,25.0,running,6.2,4.0,19.6,1.3,3.1,0.4,2.2,2.2,1.8,2.2,3.5,3.6,0.4,0.9,0.9,3.6,0.9,2.2,4.4,0.0,1.3,0.4,1.3,11.6,0.4,0.0,4.0,0.0,1.3,0.0,0.0,0.0,3.1,0.9,3.1,2.2,0.9,1.3,2.7,0.9,4.0,2.7,0.9,44.7,2.2,1.3,4.0,0.4,0.0,0.0,0.0,0.0,0.0,0.0,0.0,0.0,0.0,0.0,0.0,0.0,0.0,0.0,0.0,0.0,0.0,0.0,0.0,0.0,0.0,0.0,0.0,0.0,0.0,0.0,0.0,0.0,0.0,0.0,0.0,0.0,0.0,0.0,0.0,0.0,0.0,0.0,0.0,0.0,0.0,0.0,0.0,0.0,0.0,0.0,0.0,0.0
2026-01-23 16:20:04,3.6,31.2,running,0.4,3.1,19.7,1.3,5.8,0.0,4.0,1.3,1.3,1.8,0.9,3.6,2.7,4.4,2.2,0.0,5.4,1.3,2.2,0.0,1.8,2.7,4.0,9.4,4.0,0.4,2.7,2.2,0.9,0.4,0.9,0.0,7.1,2.6,6.7,0.4,0.9,1.8,2.2,3.6,0.4,0.4,0.0,17.0,28.3,0.4,4.4,0.4,0.0,0.0,0.0,0.0,0.0,0.0,0.0,0.0,0.0,0.0,0.0,0.0,0.0,0.0,0.0,0.0,0.0,0.0,0.0,0.0,0.0,0.0,0.0,0.0,0.0,0.0,0.0,0.0,0.0,0.0,0.0,0.0,0.0,0.0,0.0,0.0,0.0,0.0,0.0,0.0,0.0,0.0,0.0,0.0,0.0,0.0,0.0,0.0
2026-01-23 16:20:08,3.6,34.4,running,1.3,0.4,21.9,0.0,2.2,0.9,3.6,1.3,1.8,0.9,1.8,0.0,1.3,2.2,0.9,0.0,3.1,2.7,4.9,6.2,0.9,0.9,4.4,12.4,1.8,0.0,5.3,2.2,2.2,0.4,4.9,0.0,3.5,0.4,3.1,0.0,0.0,0.9,1.3,0.0,0.0,1.3,0.0,10.6,32.4,1.8,8.1,0.4,0.0,0.0,0.0,0.0,0.0,0.0,0.0,0.0,0.0,0.0,0.0,0.0,0.0,0.0,0.0,0.0,0.0,0.0,0.0,0.0,0.0,0.0,0.0,0.0,0.0,0.0,0.0,0.0,0.0,0.0,0.0,0.0,0.0,0.0,0.0,0.0,0.0,0.0,0.0,0.0,0.0,0.0,0.0,0.0,0.0,0.0,0.0,0.0
2026-01-23 16:20:11,3.9,28.1,running,8.0,1.8,25.0,0.0,4.5,0.4,5.8,1.3,1.3,2.2,2.2,2.7,4.9,0.9,2.2,0.0,4.0,0.4,0.0,2.7,4.4,0.9,3.1,11.2,1.3,2.2,2.7,0.0,3.1,0.9,4.9,0.0,8.3,0.5,0.4,0.0,0.9,0.9,1.3,2.7,0.9,0.0,0.4,44.0,2.7,1.4,0.4,0.0,0.0,0.0,0.0,0.0,0.0,0.0,0.0,0.0,0.0,0.0,0.0,0.0,0.0,0.0,0.0,0.0,0.0,0.0,0.0,0.0,0.0,0.0,0.0,0.0,0.0,0.0,0.0,0.0,0.0,0.0,0.0,0.0,0.0,0.0,0.0,0.0,0.0,0.0,0.0,0.0,0.0,0.0,0.0,0.0,0.0,0.0,0.0,0.0
2026-01-23 16:20:15,3.4,31.2,running,3.1,0.9,21.8,0.9,5.8,2.3,4.0,0.0,5.3,0.0,2.2,0.0,6.2,3.1,2.2,0.9,3.1,3.6,4.5,3.6,1.3,0.0,1.3,15.0,1.8,0.0,2.7,0.9,4.5,0.9,1.3,0.0,2.7,4.6,0.4,0.0,1.8,0.9,3.6,0.0,1.3,0.4,0.4,43.6,1.8,0.0,1.8,0.4,0.0,0.0,0.0,0.0,0.0,0.0,0.0,0.0,0.0,0.0,0.0,0.0,0.0,0.0,0.0,0.0,0.0,0.0,0.0,0.0,0.0,0.0,0.0,0.0,0.0,0.0,0.0,0.0,0.0,0.0,0.0,0.0,0.0,0.0,0.0,0.0,0.0,0.0,0.0,0.0,0.0,0.0,0.0,0.0,0.0,0.0,0.0,0.0
2026-01-23 16:20:18,3.1,28.1,running,2.7,0.4,21.8,0.9,6.2,3.9,4.0,1.8,4.9,1.8,1.8,4.9,5.4,7.9,0.9,2.2,2.7,0.4,3.5,0.0,0.9,3.1,0.9,9.3,2.2,3.1,3.1,0.0,1.3,0.0,1.8,0.0,4.0,0.0,2.7,0.0,2.2,0.0,1.3,0.4,1.8,0.0,0.0,42.7,2.2,0.4,4.9,0.0,0.0,0.0,0.0,0.0,0.0,0.0,0.0,0.0,0.0,0.0,0.0,0.0,0.0,0.0,0.0,0.0,0.0,0.0,0.0,0.0,0.0,0.0,0.0,0.0,0.0,0.0,0.0,0.0,0.0,0.0,0.0,0.0,0.0,0.0,0.0,0.0,0.0,0.0,0.0,0.0,0.0,0.0,0.0,0.0,0.0,0.0,0.0,0.0
2026-01-23 16:20:22,3.5,25.0,running,2.7,3.6,21.7,0.0,3.1,1.3,4.4,0.0,3.6,0.4,3.6,2.2,3.1,2.2,1.3,4.0,2.2,0.9,1.8,0.4,3.1,2.2,0.4,12.5,0.0,0.0,3.1,0.4,0.9,0.0,1.3,0.0,6.2,5.5,2.2,3.6,2.2,1.8,1.8,0.0,2.7,1.3,1.8,42.9,3.1,1.3,6.2,0.4,0.0,0.0,0.0,0.0,0.0,0.0,0.0,0.0,0.0,0.0,0.0,0.0,0.0,0.0,0.0,0.0,0.0,0.0,0.0,0.0,0.0,0.0,0.0,0.0,0.0,0.0,0.0,0.0,0.0,0.0,0.0,0.0,0.0,0.0,0.0,0.0,0.0,0.0,0.0,0.0,0.0,0.0,0.0,0.0,0.0,0.0,0.0,0.0
2026-01-23 16:20:25,4.1,25.0,running,2.7,1.3,25.0,0.0,4.4,4.0,5.8,0.4,5.3,1.3,2.7,2.7,4.0,0.0,0.4,0.0,1.8,0.4,0.0,3.6,2.7,0.4,3.1,17.0,4.0,0.0,5.8,0.9,2.7,3.6,0.0,0.0,1.8,4.2,3.5,0.9,0.4,2.2,7.9,0.0,5.8,0.0,0.9,4.0,37.6,3.1,3.6,0.4,0.0,0.0,0.0,0.0,0.0,0.0,0.0,0.0,0.0,0.0,0.0,0.0,0.0,0.0,0.0,0.0,0.0,0.0,0.0,0.0,0.0,0.0,0.0,0.0,0.0,0.0,0.0,0.0,0.0,0.0,0.0,0.0,0.0,0.0,0.0,0.0,0.0,0.0,0.0,0.0,0.0,0.0,0.0,0.0,0.0,0.0,0.0,0.0
2026-01-23 16:20:29,3.1,21.9,running,3.1,1.3,19.9,0.0,3.6,1.8,7.6,5.3,2.2,0.4,4.0,0.0,4.4,1.3,3.6,1.3,5.8,1.8,3.1,4.4,2.7,4.9,3.6,13.7,2.2,1.8,5.8,0.9,8.9,2.4,3.5,0.0,4.0,0.4,5.8,1.8,3.5,1.8,8.9,0.4,7.0,0.9,1.8,21.7,25.8,0.0,4.9,0.4,0.0,0.0,0.0,0.0,0.0,0.0,0.0,0.0,0.0,0.0,0.0,0.0,0.0,0.0,0.0,0.0,0.0,0.0,0.0,0.0,0.0,0.0,0.0,0.0,0.0,0.0,0.0,0.0,0.0,0.0,0.0,0.0,0.0,0.0,0.0,0.0,0.0,0.0,0.0,0.0,0.0,0.0,0.0,0.0,0.0,0.0,0.0,0.0
2026-01-23 16:20:32,3.5,18.7,running,4.0,0.0,17.9,2.1,3.6,4.5,5.8,0.5,3.1,0.4,1.3,2.2,1.8,3.6,2.7,0.0,3.1,0.0,0.4,5.4,0.0,0.4,0.4,12.1,1.3,2.7,7.1,4.4,0.4,0.9,0.9,0.0,3.6,0.0,4.5,0.0,1.8,0.0,2.2,0.0,4.5,0.0,0.5,43.3,5.8,2.7,2.7,0.4,0.0,0.0,0.0,0.0,0.0,0.0,0.0,0.0,0.0,0.0,0.0,0.0,0.0,0.0,0.0,0.0,0.0,0.0,0.0,0.0,0.0,0.0,0.0,0.0,0.0,0.0,0.0,0.0,0.0,0.0,0.0,0.0,0.0,0.0,0.0,0.0,0.0,0.0,0.0,0.0,0.0,0.0,0.0,0.0,0.0,0.0,0.0,0.0
2026-01-23 16:20:36,3.1,28.1,running,3.6,0.0,19.1,0.0,4.4,3.1,5.3,0.0,4.0,0.0,4.9,1.8,0.9,4.0,1.3,3.5,2.7,0.4,0.4,0.0,1.3,2.2,0.9,11.6,0.4,1.8,3.5,1.8,0.0,0.0,8.0,0.0,1.8,0.0,1.8,0.9,2.7,0.4,4.4,2.2,1.8,0.0,0.4,1.8,40.4,1.3,8.4,0.0,0.0,0.0,0.0,0.0,0.0,0.0,0.0,0.0,0.0,0.0,0.0,0.0,0.0,0.0,0.0,0.0,0.0,0.0,0.0,0.0,0.0,0.0,0.0,0.0,0.0,0.0,0.0,0.0,0.0,0.0,0.0,0.0,0.0,0.0,0.0,0.0,0.0,0.0,0.0,0.0,0.0,0.0,0.0,0.0,0.0,0.0,0.0,0.0
2026-01-23 16:20:39,3.5,43.7,running,0.9,0.4,26.2,0.4,7.1,1.3,4.9,0.4,1.3,0.0,4.0,2.2,2.7,0.0,0.9,4.0,5.8,0.0,0.4,2.7,0.9,0.4,0.9,11.2,4.4,0.4,4.0,0.0,4.0,0.0,5.8,0.0,7.1,1.3,3.6,0.0,1.3,1.3,2.2,0.4,0.4,1.3,1.3,22.8,20.1,1.8,6.3,0.0,0.0,0.0,0.0,0.0,0.0,0.0,0.0,0.0,0.0,0.0,0.0,0.0,0.0,0.0,0.0,0.0,0.0,0.0,0.0,0.0,0.0,0.0,0.0,0.0,0.0,0.0,0.0,0.0,0.0,0.0,0.0,0.0,0.0,0.0,0.0,0.0,0.0,0.0,0.0,0.0,0.0,0.0,0.0,0.0,0.0,0.0,0.0,0.0
2026-01-23 16:20:43,3.6,28.1,running,4.4,2.7,20.6,5.7,5.8,0.9,3.1,0.0,2.2,0.0,3.5,0.4,5.4,0.0,5.8,0.0,3.5,1.8,1.8,0.9,3.1,3.6,1.3,10.2,1.3,1.3,5.8,0.4,3.2,0.0,1.8,0.0,5.3,2.2,4.5,0.0,1.3,2.7,3.6,0.0,2.2,0.0,0.4,36.3,12.7,0.4,5.3,0.0,0.0,0.0,0.0,0.0,0.0,0.0,0.0,0.0,0.0,0.0,0.0,0.0,0.0,0.0,0.0,0.0,0.0,0.0,0.0,0.0,0.0,0.0,0.0,0.0,0.0,0.0,0.0,0.0,0.0,0.0,0.0,0.0,0.0,0.0,0.0,0.0,0.0,0.0,0.0,0.0,0.0,0.0,0.0,0.0,0.0,0.0,0.0,0.0
2026-01-23 16:20:46,3.3,31.2,running,2.2,0.4,19.1,1.3,3.5,2.2,1.8,0.9,3.1,4.4,4.0,0.4,0.9,4.0,4.4,3.6,1.3,1.3,0.9,5.3,4.9,0.0,3.6,11.6,3.1,0.9,4.4,0.9,2.2,0.4,0.9,0.0,3.6,2.7,0.9,0.4,0.4,1.8,0.9,0.0,0.0,2.2,2.2,1.8,47.5,0.4,5.8,0.0,0.0,0.0,0.0,0.0,0.0,0.0,0.0,0.0,0.0,0.0,0.0,0.0,0.0,0.0,0.0,0.0,0.0,0.0,0.0,0.0,0.0,0.0,0.0,0.0,0.0,0.0,0.0,0.0,0.0,0.0,0.0,0.0,0.0,0.0,0.0,0.0,0.0,0.0,0.0,0.0,0.0,0.0,0.0,0.0,0.0,0.0,0.0,0.0
2026-01-23 16:20:50,3.3,21.9,running,1.8,0.0,17.3,1.8,2.2,0.4,2.2,2.2,4.9,0.0,3.6,0.9,3.6,2.2,1.8,0.0,2.7,3.1,0.5,0.0,3.6,3.1,0.9,9.8,3.2,5.3,3.6,3.1,2.2,0.4,1.3,0.4,2.2,0.0,1.8,0.4,4.9,0.9,2.3,0.4,0.0,1.3,1.3,37.0,16.4,0.9,1.8,0.8,0.0,0.0,0.0,0.0,0.0,0.0,0.0,0.0,0.0,0.0,0.0,0.0,0.0,0.0,0.0,0.0,0.0,0.0,0.0,0.0,0.0,0.0,0.0,0.0,0.0,0.0,0.0,0.0,0.0,0.0,0.0,0.0,0.0,0.0,0.0,0.0,0.0,0.0,0.0,0.0,0.0,0.0,0.0,0.0,0.0,0.0,0.0,0.0
2026-01-23 16:20:53,3.5,28.1,running,2.2,0.0,21.5,3.6,2.7,0.0,5.8,1.3,2.2,0.9,5.3,3.1,1.3,4.0,4.0,0.4,2.7,2.7,0.9,0.9,0.4,0.4,3.6,10.8,4.4,1.3,6.2,5.4,5.2,0.4,0.9,0.0,6.2,6.7,3.6,0.0,0.4,0.4,0.4,0.9,0.4,3.1,0.0,27.2,12.3,0.0,2.7,0.4,0.0,0.0,0.0,0.0,0.0,0.0,0.0,0.0,0.0,0.0,0.0,0.0,0.0,0.0,0.0,0.0,0.0,0.0,0.0,0.0,0.0,0.0,0.0,0.0,0.0,0.0,0.0,0.0,0.0,0.0,0.0,0.0,0.0,0.0,0.0,0.0,0.0,0.0,0.0,0.0,0.0,0.0,0.0,0.0,0.0,0.0,0.0,0.0
2026-01-23 16:20:57,4.8,31.2,running,6.7,0.0,29.3,0.0,4.0,4.0,5.4,0.0,8.5,0.9,7.5,4.0,4.9,1.3,2.2,1.8,2.7,1.8,1.8,2.2,4.9,0.4,6.3,8.4,5.8,2.2,4.0,0.0,2.2,3.6,1.8,0.0,8.0,4.0,7.1,2.7,3.1,1.3,5.8,0.4,2.2,1.8,0.4,22.1,26.8,1.3,6.2,0.5,0.0,0.0,0.0,0.0,0.0,0.0,0.0,0.0,0.0,0.0,0.0,0.0,0.0,0.0,0.0,0.0,0.0,0.0,0.0,0.0,0.0,0.0,0.0,0.0,0.0,0.0,0.0,0.0,0.0,0.0,0.0,0.0,0.0,0.0,0.0,0.0,0.0,0.0,0.0,0.0,0.0,0.0,0.0,0.0,0.0,0.0,0.0,0.0
2026-01-23 16:21:00,3.5,34.3,running,2.7,0.0,25.2,0.0,6.2,1.8,3.5,2.2,4.0,1.8,3.6,4.0,2.6,3.1,3.1,2.2,1.3,0.9,0.0,2.2,1.3,0.0,2.2,11.6,6.2,0.9,4.4,0.4,8.0,0.4,0.0,0.4,5.3,4.0,1.8,0.0,3.6,2.2,4.0,1.8,2.2,2.2,0.4,36.9,42.2,0.9,9.7,0.8,0.0,0.0,0.0,0.0,0.0,0.0,0.0,0.0,0.0,0.0,0.0,0.0,0.0,0.0,0.0,0.0,0.0,0.0,0.0,0.0,0.0,0.0,0.0,0.0,0.0,0.0,0.0,0.0,0.0,0.0,0.0,0.0,0.0,0.0,0.0,0.0,0.0,0.0,0.0,0.0,0.0,0.0,0.0,0.0,0.0,0.0,0.0,0.0
2026-01-23 16:21:04,3.3,34.3,running,3.1,0.9,23.9,0.0,3.6,2.7,1.8,0.0,1.3,0.4,4.5,1.8,3.6,2.7,2.2,3.1,1.8,0.9,0.9,1.3,0.4,0.0,3.1,11.2,4.5,0.0,4.0,0.0,5.8,0.0,0.9,0.0,8.8,4.5,3.1,0.0,1.3,0.9,1.8,0.9,3.6,0.9,1.3,42.4,3.1,2.2,0.4,0.4,0.0,0.0,0.0,0.0,0.0,0.0,0.0,0.0,0.0,0.0,0.0,0.0,0.0,0.0,0.0,0.0,0.0,0.0,0.0,0.0,0.0,0.0,0.0,0.0,0.0,0.0,0.0,0.0,0.0,0.0,0.0,0.0,0.0,0.0,0.0,0.0,0.0,0.0,0.0,0.0,0.0,0.0,0.0,0.0,0.0,0.0,0.0,0.0
2026-01-23 16:21:07,3.3,28.1,running,3.1,0.9,19.9,1.3,5.3,0.5,6.2,0.0,3.6,0.0,4.9,1.3,3.6,1.0,2.2,3.6,3.6,4.0,1.3,0.4,1.8,0.9,1.3,10.7,3.6,1.2,2.7,1.3,2.2,2.2,1.8,0.0,5.3,4.4,3.6,0.0,2.7,1.3,2.7,0.0,0.4,1.3,0.4,41.3,9.3,4.9,2.7,1.8,0.0,0.0,0.0,0.0,0.0,0.0,0.0,0.0,0.0,0.0,0.0,0.0,0.0,0.0,0.0,0.0,0.0,0.0,0.0,0.0,0.0,0.0,0.0,0.0,0.0,0.0,0.0,0.0,0.0,0.0,0.0,0.0,0.0,0.0,0.0,0.0,0.0,0.0,0.0,0.0,0.0,0.0,0.0,0.0,0.0,0.0,0.0,0.0
2026-01-23 16:21:11,3.4,43.7,running,6.6,3.1,21.9,2.7,5.4,0.4,3.1,0.0,5.3,0.0,2.2,2.2,3.5,2.4,0.0,0.9,1.3,0.9,2.2,2.2,0.9,0.4,1.8,10.7,1.3,1.8,5.8,0.0,4.9,1.3,5.1,0.4,3.1,4.9,1.8,0.9,2.2,0.0,2.2,0.0,0.0,1.3,0.0,2.2,41.8,0.0,8.0,0.0,0.0,0.0,0.0,0.0,0.0,0.0,0.0,0.0,0.0,0.0,0.0,0.0,0.0,0.0,0.0,0.0,0.0,0.0,0.0,0.0,0.0,0.0,0.0,0.0,0.0,0.0,0.0,0.0,0.0,0.0,0.0,0.0,0.0,0.0,0.0,0.0,0.0,0.0,0.0,0.0,0.0,0.0,0.0,0.0,0.0,0.0,0.0,0.0
2026-01-23 16:21:14,3.5,21.8,running,3.6,1.3,24.3,0.0,6.2,0.4,5.8,0.0,7.1,0.0,1.8,2.2,4.0,3.6,0.9,0.9,2.2,3.1,0.9,0.4,2.2,0.0,2.2,11.1,3.1,0.0,2.7,3.1,0.4,0.4,2.6,0.0,8.4,0.5,1.8,1.3,0.0,0.4,2.7,2.2,2.7,2.7,0.9,22.7,22.6,0.0,3.1,0.0,0.0,0.0,0.0,0.0,0.0,0.0,0.0,0.0,0.0,0.0,0.0,0.0,0.0,0.0,0.0,0.0,0.0,0.0,0.0,0.0,0.0,0.0,0.0,0.0,0.0,0.0,0.0,0.0,0.0,0.0,0.0,0.0,0.0,0.0,0.0,0.0,0.0,0.0,0.0,0.0,0.0,0.0,0.0,0.0,0.0,0.0,0.0,0.0
2026-01-23 16:21:18,3.3,37.5,running,0.9,0.9,22.1,1.2,3.6,1.8,2.7,0.0,6.7,0.0,2.7,2.7,1.8,1.4,1.8,2.2,1.3,2.3,0.0,0.0,1.3,2.7,0.4,13.5,2.7,3.6,3.1,2.7,0.4,1.4,3.1,0.0,2.7,1.5,4.9,0.5,2.2,0.9,1.3,0.0,2.7,0.4,0.0,37.2,11.1,0.4,4.0,0.5,0.0,0.0,0.0,0.0,0.0,0.0,0.0,0.0,0.0,0.0,0.0,0.0,0.0,0.0,0.0,0.0,0.0,0.0,0.0,0.0,0.0,0.0,0.0,0.0,0.0,0.0,0.0,0.0,0.0,0.0,0.0,0.0,0.0,0.0,0.0,0.0,0.0,0.0,0.0,0.0,0.0,0.0,0.0,0.0,0.0,0.0,0.0,0.0
2026-01-23 16:21:21,4.0,31.2,running,5.8,3.5,21.3,0.0,4.4,0.9,3.6,0.0,1.3,0.0,4.9,6.7,7.1,1.4,4.4,0.9,4.4,0.0,1.3,0.0,2.2,0.0,0.4,11.5,0.9,2.0,1.8,0.4,0.4,0.0,0.0,0.0,6.6,3.0,1.3,4.8,2.7,0.0,4.0,1.3,3.1,0.9,0.4,0.4,47.1,0.0,6.2,0.0,0.0,0.0,0.0,0.0,0.0,0.0,0.0,0.0,0.0,0.0,0.0,0.0,0.0,0.0,0.0,0.0,0.0,0.0,0.0,0.0,0.0,0.0,0.0,0.0,0.0,0.0,0.0,0.0,0.0,0.0,0.0,0.0,0.0,0.0,0.0,0.0,0.0,0.0,0.0,0.0,0.0,0.0,0.0,0.0,0.0,0.0,0.0,0.0
2026-01-23 16:21:25,3.2,31.2,running,1.8,2.7,15.2,0.9,3.1,1.8,3.5,0.0,3.1,2.7,4.5,4.0,5.4,0.9,2.2,2.2,1.8,2.2,2.3,0.4,1.8,0.0,2.2,11.7,2.7,0.0,3.6,0.9,0.4,1.3,4.4,0.0,4.5,4.0,4.4,0.0,0.9,0.0,4.0,1.8,2.7,0.9,0.9,0.9,46.5,0.4,6.2,0.4,0.0,0.0,0.0,0.0,0.0,0.0,0.0,0.0,0.0,0.0,0.0,0.0,0.0,0.0,0.0,0.0,0.0,0.0,0.0,0.0,0.0,0.0,0.0,0.0,0.0,0.0,0.0,0.0,0.0,0.0,0.0,0.0,0.0,0.0,0.0,0.0,0.0,0.0,0.0,0.0,0.0,0.0,0.0,0.0,0.0,0.0,0.0,0.0
2026-01-23 16:21:28,3.8,37.5,running,2.2,3.1,22.8,3.5,5.4,5.8,3.6,0.4,8.5,0.0,2.2,4.4,3.5,0.5,1.8,1.8,4.0,0.9,3.5,0.0,3.1,0.0,8.9,10.7,1.8,0.0,1.8,0.0,0.9,0.0,3.1,0.4,5.3,0.9,1.3,5.8,0.4,0.4,3.1,0.0,1.3,2.2,2.7,11.0,31.9,0.0,8.0,0.0,0.0,0.0,0.0,0.0,0.0,0.0,0.0,0.0,0.0,0.0,0.0,0.0,0.0,0.0,0.0,0.0,0.0,0.0,0.0,0.0,0.0,0.0,0.0,0.0,0.0,0.0,0.0,0.0,0.0,0.0,0.0,0.0,0.0,0.0,0.0,0.0,0.0,0.0,0.0,0.0,0.0,0.0,0.0,0.0,0.0,0.0,0.0,0.0
2026-01-23 16:21:32,3.6,25.0,running,1.8,0.0,25.4,0.4,5.3,2.2,4.0,0.0,2.2,0.0,6.2,4.0,0.9,1.7,1.3,0.4,3.6,1.3,4.0,0.0,0.4,2.7,2.2,12.5,3.1,1.8,5.8,0.0,3.2,0.0,0.0,0.4,4.0,2.2,1.8,0.4,0.4,1.8,5.7,1.8,0.9,3.1,0.4,45.4,2.7,0.4,1.3,0.0,0.0,0.0,0.0,0.0,0.0,0.0,0.0,0.0,0.0,0.0,0.0,0.0,0.0,0.0,0.0,0.0,0.0,0.0,0.0,0.0,0.0,0.0,0.0,0.0,0.0,0.0,0.0,0.0,0.0,0.0,0.0,0.0,0.0,0.0,0.0,0.0,0.0,0.0,0.0,0.0,0.0,0.0,0.0,0.0,0.0,0.0,0.0,0.0
2026-01-23 16:21:35,3.4,28.1,running,0.4,6.2,22.0,3.1,9.7,0.4,4.0,0.0,6.3,0.0,5.4,5.4,3.1,4.0,2.7,0.0,2.2,0.0,3.6,2.7,2.2,0.9,0.0,12.9,0.9,0.4,3.1,0.0,1.7,0.0,3.5,0.0,4.8,0.0,2.2,1.8,0.0,1.3,2.7,6.2,1.3,0.9,0.4,40.0,6.7,0.9,0.9,0.4,0.0,0.0,0.0,0.0,0.0,0.0,0.0,0.0,0.0,0.0,0.0,0.0,0.0,0.0,0.0,0.0,0.0,0.0,0.0,0.0,0.0,0.0,0.0,0.0,0.0,0.0,0.0,0.0,0.0,0.0,0.0,0.0,0.0,0.0,0.0,0.0,0.0,0.0,0.0,0.0,0.0,0.0,0.0,0.0,0.0,0.0,0.0,0.0
2026-01-23 16:21:39,3.7,18.7,running,4.5,0.0,23.0,0.9,6.3,4.4,4.8,0.0,4.0,3.6,1.8,2.7,4.0,0.0,1.4,0.9,2.2,0.9,5.4,0.0,0.9,1.4,0.4,10.7,4.5,3.6,1.3,1.3,1.3,0.0,5.8,0.0,8.4,3.4,1.8,0.4,0.4,1.8,3.1,0.0,0.5,6.7,0.0,26.3,18.2,1.3,2.7,0.0,0.0,0.0,0.0,0.0,0.0,0.0,0.0,0.0,0.0,0.0,0.0,0.0,0.0,0.0,0.0,0.0,0.0,0.0,0.0,0.0,0.0,0.0,0.0,0.0,0.0,0.0,0.0,0.0,0.0,0.0,0.0,0.0,0.0,0.0,0.0,0.0,0.0,0.0,0.0,0.0,0.0,0.0,0.0,0.0,0.0,0.0,0.0,0.0
2026-01-23 16:21:42,3.6,31.2,running,0.9,3.6,23.0,2.8,5.3,1.3,4.9,0.0,1.8,1.8,1.8,2.7,3.1,1.6,0.0,1.3,2.2,0.4,0.9,0.0,4.9,6.2,0.9,11.1,0.9,0.0,0.4,0.0,3.1,0.0,1.8,0.0,4.5,3.7,2.7,1.8,2.2,0.9,0.4,4.0,5.2,2.2,0.0,1.8,42.0,4.0,6.7,0.0,0.0,0.0,0.0,0.0,0.0,0.0,0.0,0.0,0.0,0.0,0.0,0.0,0.0,0.0,0.0,0.0,0.0,0.0,0.0,0.0,0.0,0.0,0.0,0.0,0.0,0.0,0.0,0.0,0.0,0.0,0.0,0.0,0.0,0.0,0.0,0.0,0.0,0.0,0.0,0.0,0.0,0.0,0.0,0.0,0.0,0.0,0.0,0.0
2026-01-23 16:21:46,3.5,34.3,running,3.5,0.9,21.3,0.0,3.6,0.0,5.3,1.3,3.6,0.0,2.7,5.8,3.1,8.0,1.3,2.2,7.0,0.0,1.8,0.0,0.4,1.3,2.7,13.0,3.1,1.3,5.9,0.0,1.3,0.4,0.9,0.4,2.7,3.1,5.4,0.4,1.8,0.0,3.6,0.4,0.4,0.0,0.4,40.7,12.4,2.7,3.1,1.8,0.0,0.0,0.0,0.0,0.0,0.0,0.0,0.0,0.0,0.0,0.0,0.0,0.0,0.0,0.0,0.0,0.0,0.0,0.0,0.0,0.0,0.0,0.0,0.0,0.0,0.0,0.0,0.0,0.0,0.0,0.0,0.0,0.0,0.0,0.0,0.0,0.0,0.0,0.0,0.0,0.0,0.0,0.0,0.0,0.0,0.0,0.0,0.0
2026-01-23 16:21:49,3.5,25.0,running,2.7,3.6,20.1,0.8,3.1,2.7,2.2,1.8,1.8,2.2,5.4,1.3,0.9,2.7,4.4,0.0,3.1,2.2,1.8,1.3,1.3,4.4,0.4,9.8,3.1,0.0,2.2,1.3,0.9,0.0,0.9,0.9,5.8,0.4,1.3,1.3,0.4,3.1,5.8,2.7,1.3,0.9,0.0,45.8,3.1,2.2,2.2,0.0,0.0,0.0,0.0,0.0,0.0,0.0,0.0,0.0,0.0,0.0,0.0,0.0,0.0,0.0,0.0,0.0,0.0,0.0,0.0,0.0,0.0,0.0,0.0,0.0,0.0,0.0,0.0,0.0,0.0,0.0,0.0,0.0,0.0,0.0,0.0,0.0,0.0,0.0,0.0,0.0,0.0,0.0,0.0,0.0,0.0,0.0,0.0,0.0
2026-01-23 16:21:53,3.6,25.0,running,4.0,0.0,18.8,0.4,6.7,3.1,4.5,0.4,4.9,1.8,2.2,1.0,2.2,4.8,4.0,0.0,0.0,4.4,0.9,2.7,0.9,0.9,2.2,13.3,3.1,1.8,2.2,0.0,2.2,0.0,0.0,2.2,7.1,5.6,7.2,0.0,2.7,2.7,0.9,2.7,0.0,2.2,0.0,44.2,4.0,0.0,0.9,0.0,0.0,0.0,0.0,0.0,0.0,0.0,0.0,0.0,0.0,0.0,0.0,0.0,0.0,0.0,0.0,0.0,0.0,0.0,0.0,0.0,0.0,0.0,0.0,0.0,0.0,0.0,0.0,0.0,0.0,0.0,0.0,0.0,0.0,0.0,0.0,0.0,0.0,0.0,0.0,0.0,0.0,0.0,0.0,0.0,0.0,0.0,0.0,0.0
2026-01-23 16:21:56,3.0,25.0,running,1.8,3.1,18.1,1.0,1.8,3.1,1.8,0.0,0.4,0.4,2.2,2.1,0.9,4.5,2.7,0.4,7.6,1.8,1.3,1.3,2.2,0.9,0.0,13.8,1.3,0.0,3.5,2.2,0.0,0.0,1.8,0.0,2.2,2.1,4.9,1.3,1.3,1.3,2.6,2.5,2.7,0.0,0.0,0.9,46.0,0.0,4.0,0.0,0.0,0.0,0.0,0.0,0.0,0.0,0.0,0.0,0.0,0.0,0.0,0.0,0.0,0.0,0.0,0.0,0.0,0.0,0.0,0.0,0.0,0.0,0.0,0.0,0.0,0.0,0.0,0.0,0.0,0.0,0.0,0.0,0.0,0.0,0.0,0.0,0.0,0.0,0.0,0.0,0.0,0.0,0.0,0.0,0.0,0.0,0.0,0.0
2026-01-23 16:22:00,3.2,28.1,running,5.3,3.6,15.0,3.2,4.4,1.4,3.6,1.6,3.6,0.0,0.9,0.0,6.6,1.5,4.9,5.9,0.4,0.9,0.9,0.0,4.0,2.9,0.5,11.1,2.7,0.4,3.2,1.3,2.7,0.4,0.9,2.2,6.2,1.3,6.2,0.9,0.0,1.4,1.4,0.0,0.4,0.5,0.0,1.6,45.6,0.0,11.7,0.0,0.0,0.0,0.0,0.0,0.0,0.0,0.0,0.0,0.0,0.0,0.0,0.0,0.0,0.0,0.0,0.0,0.0,0.0,0.0,0.0,0.0,0.0,0.0,0.0,0.0,0.0,0.0,0.0,0.0,0.0,0.0,0.0,0.0,0.0,0.0,0.0,0.0,0.0,0.0,0.0,0.0,0.0,0.0,0.0,0.0,0.0,0.0,0.0
2026-01-23 16:22:03,3.2,28.1,running,1.3,1.8,20.8,0.0,3.1,2.1,4.4,1.3,2.2,3.1,1.8,1.8,3.6,0.0,1.3,0.0,0.4,6.7,4.0,0.0,0.4,0.0,0.0,12.9,0.4,0.9,3.5,0.4,3.5,0.0,0.0,6.2,6.6,5.8,5.3,1.8,0.9,0.9,2.7,2.2,0.9,1.3,2.2,9.0,35.6,0.4,1.8,0.4,0.0,0.0,0.0,0.0,0.0,0.0,0.0,0.0,0.0,0.0,0.0,0.0,0.0,0.0,0.0,0.0,0.0,0.0,0.0,0.0,0.0,0.0,0.0,0.0,0.0,0.0,0.0,0.0,0.0,0.0,0.0,0.0,0.0,0.0,0.0,0.0,0.0,0.0,0.0,0.0,0.0,0.0,0.0,0.0,0.0,0.0,0.0,0.0
2026-01-23 16:22:07,4.0,21.8,running,1.8,2.7,21.6,2.2,5.8,2.3,5.4,2.7,4.9,2.7,3.6,0.4,2.7,4.5,0.0,0.0,1.3,2.7,3.1,3.5,0.4,1.3,5.4,9.8,0.9,0.9,1.8,0.0,1.3,0.9,0.0,0.9,2.2,2.2,5.3,1.7,0.9,1.8,1.8,0.0,0.0,4.4,1.8,44.1,8.0,0.9,2.7,0.4,0.0,0.0,0.0,0.0,0.0,0.0,0.0,0.0,0.0,0.0,0.0,0.0,0.0,0.0,0.0,0.0,0.0,0.0,0.0,0.0,0.0,0.0,0.0,0.0,0.0,0.0,0.0,0.0,0.0,0.0,0.0,0.0,0.0,0.0,0.0,0.0,0.0,0.0,0.0,0.0,0.0,0.0,0.0,0.0,0.0,0.0,0.0,0.0
2026-01-23 16:22:10,3.3,28.1,running,0.9,1.3,19.9,1.3,3.6,1.7,2.2,0.0,1.3,0.4,0.9,1.8,1.8,0.9,4.9,0.0,3.6,2.7,2.7,2.7,4.0,0.9,0.4,12.9,0.0,1.8,3.6,0.0,2.2,0.5,2.7,1.3,2.7,2.2,4.0,2.2,2.7,1.8,1.8,0.0,0.4,0.9,0.0,41.3,6.2,2.7,0.5,0.4,0.0,0.0,0.0,0.0,0.0,0.0,0.0,0.0,0.0,0.0,0.0,0.0,0.0,0.0,0.0,0.0,0.0,0.0,0.0,0.0,0.0,0.0,0.0,0.0,0.0,0.0,0.0,0.0,0.0,0.0,0.0,0.0,0.0,0.0,0.0,0.0,0.0,0.0,0.0,0.0,0.0,0.0,0.0,0.0,0.0,0.0,0.0,0.0
2026-01-23 16:22:14,3.8,37.5,running,3.1,2.7,22.1,2.2,3.5,3.1,3.6,2.6,4.0,2.6,4.4,0.9,3.5,1.8,4.9,5.3,3.1,3.1,5.7,0.9,4.8,3.1,1.3,9.7,3.5,3.1,4.0,3.1,2.6,0.9,1.3,3.5,2.7,1.3,2.2,0.9,5.3,1.3,3.1,0.9,1.3,4.8,2.2,30.8,18.1,1.3,3.5,0.9,0.0,0.0,0.0,0.0,0.0,0.0,0.0,0.0,0.0,0.0,0.0,0.0,0.0,0.0,0.0,0.0,0.0,0.0,0.0,0.0,0.0,0.0,0.0,0.0,0.0,0.0,0.0,0.0,0.0,0.0,0.0,0.0,0.0,0.0,0.0,0.0,0.0,0.0,0.0,0.0,0.0,0.0,0.0,0.0,0.0,0.0,0.0,0.0
2026-01-23 16:22:17,3.8,28.1,running,6.3,3.1,16.9,0.0,4.5,0.5,1.3,2.3,3.1,1.3,7.6,0.0,4.5,1.3,1.8,0.0,1.8,0.9,4.0,0.0,1.3,4.0,1.8,11.2,0.9,0.0,3.1,1.8,3.1,0.0,0.4,1.8,1.8,5.4,1.4,1.4,2.2,2.2,2.7,3.1,1.3,0.0,0.4,2.2,44.1,1.3,11.6,0.9,0.0,0.0,0.0,0.0,0.0,0.0,0.0,0.0,0.0,0.0,0.0,0.0,0.0,0.0,0.0,0.0,0.0,0.0,0.0,0.0,0.0,0.0,0.0,0.0,0.0,0.0,0.0,0.0,0.0,0.0,0.0,0.0,0.0,0.0,0.0,0.0,0.0,0.0,0.0,0.0,0.0,0.0,0.0,0.0,0.0,0.0,0.0,0.0
2026-01-23 16:22:21,4.0,43.7,running,0.9,3.1,27.0,1.8,7.0,0.4,4.0,4.0,2.2,0.5,11.5,0.0,4.4,0.0,5.3,2.7,3.1,2.2,5.4,0.0,1.8,1.3,1.3,14.3,2.7,2.2,4.8,3.1,4.5,1.8,1.8,3.1,5.8,0.4,0.9,0.0,2.2,0.9,4.4,0.0,0.4,1.3,0.9,35.8,6.2,1.8,1.8,2.2,0.0,0.0,0.0,0.0,0.0,0.0,0.0,0.0,0.0,0.0,0.0,0.0,0.0,0.0,0.0,0.0,0.0,0.0,0.0,0.0,0.0,0.0,0.0,0.0,0.0,0.0,0.0,0.0,0.0,0.0,0.0,0.0,0.0,0.0,0.0,0.0,0.0,0.0,0.0,0.0,0.0,0.0,0.0,0.0,0.0,0.0,0.0,0.0
2026-01-23 16:22:24,4.0,25.0,running,3.1,2.2,26.8,0.0,9.8,0.4,7.5,3.1,3.5,0.0,10.7,1.8,4.8,0.4,8.4,0.0,1.3,4.9,2.2,0.4,0.9,0.9,0.0,10.6,4.0,1.3,5.4,0.9,5.8,3.6,2.2,1.3,2.2,4.9,3.1,3.1,1.3,6.2,3.1,1.8,0.9,2.6,0.9,28.1,15.0,0.4,4.0,0.4,0.0,0.0,0.0,0.0,0.0,0.0,0.0,0.0,0.0,0.0,0.0,0.0,0.0,0.0,0.0,0.0,0.0,0.0,0.0,0.0,0.0,0.0,0.0,0.0,0.0,0.0,0.0,0.0,0.0,0.0,0.0,0.0,0.0,0.0,0.0,0.0,0.0,0.0,0.0,0.0,0.0,0.0,0.0,0.0,0.0,0.0,0.0,0.0
2026-01-23 16:22:28,4.1,31.2,running,3.6,0.9,26.0,2.7,5.4,0.0,6.7,1.3,6.2,3.0,9.8,0.9,2.7,0.9,4.4,1.3,5.3,3.1,1.3,0.0,5.0,1.3,3.6,10.7,5.4,0.9,7.1,0.0,1.8,4.0,1.8,3.6,4.9,0.4,0.9,4.0,1.3,4.9,8.1,2.2,1.3,6.7,1.8,1.8,40.8,0.5,9.4,0.9,0.0,0.0,0.0,0.0,0.0,0.0,0.0,0.0,0.0,0.0,0.0,0.0,0.0,0.0,0.0,0.0,0.0,0.0,0.0,0.0,0.0,0.0,0.0,0.0,0.0,0.0,0.0,0.0,0.0,0.0,0.0,0.0,0.0,0.0,0.0,0.0,0.0,0.0,0.0,0.0,0.0,0.0,0.0,0.0,0.0,0.0,0.0,0.0
2026-01-23 16:22:31,3.4,25.0,running,8.4,0.0,26.4,0.9,8.0,0.8,6.2,0.9,4.5,0.0,4.9,0.4,1.8,2.2,4.0,0.0,1.8,1.3,1.3,1.3,7.0,0.4,0.9,13.5,3.1,8.9,1.8,0.0,3.5,1.8,2.2,0.0,4.5,3.1,8.4,0.4,0.9,2.2,1.3,0.0,1.3,5.3,1.8,12.6,30.8,0.0,6.2,0.0,0.0,0.0,0.0,0.0,0.0,0.0,0.0,0.0,0.0,0.0,0.0,0.0,0.0,0.0,0.0,0.0,0.0,0.0,0.0,0.0,0.0,0.0,0.0,0.0,0.0,0.0,0.0,0.0,0.0,0.0,0.0,0.0,0.0,0.0,0.0,0.0,0.0,0.0,0.0,0.0,0.0,0.0,0.0,0.0,0.0,0.0,0.0,0.0
2026-01-23 16:22:35,3.8,28.1,running,2.2,1.8,21.2,0.0,4.0,0.4,4.9,3.0,2.7,0.4,5.3,0.9,3.6,1.8,3.6,0.0,4.9,1.3,3.1,0.4,2.7,2.7,1.8,11.6,3.1,1.3,4.0,0.5,5.8,0.0,0.0,4.5,3.1,0.0,0.0,2.7,1.3,1.8,1.8,0.0,25.3,3.0,2.2,0.4,20.5,1.8,5.4,0.0,0.0,0.0,0.0,0.0,0.0,0.0,0.0,0.0,0.0,0.0,0.0,0.0,0.0,0.0,0.0,0.0,0.0,0.0,0.0,0.0,0.0,0.0,0.0,0.0,0.0,0.0,0.0,0.0,0.0,0.0,0.0,0.0,0.0,0.0,0.0,0.0,0.0,0.0,0.0,0.0,0.0,0.0,0.0,0.0,0.0,0.0,0.0,0.0
2026-01-23 16:22:38,3.9,28.1,running,2.7,5.3,21.5,0.9,7.6,1.3,5.8,0.0,4.0,0.9,1.8,5.4,4.0,1.3,0.4,0.4,0.9,3.1,1.8,0.0,2.7,2.2,1.8,10.7,2.2,2.7,3.5,0.8,1.3,0.0,2.2,0.9,5.4,0.0,0.9,2.2,3.1,0.0,4.0,0.0,34.4,0.4,5.4,1.3,6.7,1.3,0.4,0.0,0.0,0.0,0.0,0.0,0.0,0.0,0.0,0.0,0.0,0.0,0.0,0.0,0.0,0.0,0.0,0.0,0.0,0.0,0.0,0.0,0.0,0.0,0.0,0.0,0.0,0.0,0.0,0.0,0.0,0.0,0.0,0.0,0.0,0.0,0.0,0.0,0.0,0.0,0.0,0.0,0.0,0.0,0.0,0.0,0.0,0.0,0.0,0.0
2026-01-23 16:22:42,3.5,28.1,running,3.6,0.0,20.9,1.8,5.4,2.7,7.1,0.0,3.1,0.0,3.6,2.7,1.8,4.0,1.8,0.0,3.6,1.8,5.8,0.4,3.6,1.8,1.8,12.4,4.0,0.0,1.3,0.9,0.9,0.4,6.2,3.6,6.2,2.2,4.4,2.2,3.6,1.3,4.0,0.9,0.0,0.4,0.0,1.3,41.9,0.0,3.6,0.4,0.0,0.0,0.0,0.0,0.0,0.0,0.0,0.0,0.0,0.0,0.0,0.0,0.0,0.0,0.0,0.0,0.0,0.0,0.0,0.0,0.0,0.0,0.0,0.0,0.0,0.0,0.0,0.0,0.0,0.0,0.0,0.0,0.0,0.0,0.0,0.0,0.0,0.0,0.0,0.0,0.0,0.0,0.0,0.0,0.0,0.0,0.0,0.0
2026-01-23 16:22:45,3.9,28.1,running,1.8,0.4,21.2,0.5,7.1,0.4,4.9,0.0,6.2,0.0,5.3,1.4,8.4,2.7,0.0,0.9,4.0,0.4,1.8,0.0,2.2,0.7,0.9,12.1,0.9,0.4,4.0,0.9,5.9,2.7,0.9,0.0,7.1,3.1,5.3,3.1,5.4,1.3,2.7,3.5,27.2,0.0,2.2,0.0,13.0,0.0,1.3,1.3,0.0,0.0,0.0,0.0,0.0,0.0,0.0,0.0,0.0,0.0,0.0,0.0,0.0,0.0,0.0,0.0,0.0,0.0,0.0,0.0,0.0,0.0,0.0,0.0,0.0,0.0,0.0,0.0,0.0,0.0,0.0,0.0,0.0,0.0,0.0,0.0,0.0,0.0,0.0,0.0,0.0,0.0,0.0,0.0,0.0,0.0,0.0,0.0
2026-01-23 16:22:49,3.2,28.1,running,2.2,1.3,24.6,0.8,6.6,0.4,3.1,1.7,1.3,1.3,2.2,0.9,2.7,1.8,0.4,0.0,6.6,0.4,3.1,0.0,7.0,1.0,2.7,12.1,3.6,1.8,5.4,0.9,2.7,4.9,0.9,0.0,4.8,2.2,0.0,2.7,2.2,0.9,1.3,1.4,29.6,0.4,1.3,1.8,10.6,0.0,2.2,0.4,0.0,0.0,0.0,0.0,0.0,0.0,0.0,0.0,0.0,0.0,0.0,0.0,0.0,0.0,0.0,0.0,0.0,0.0,0.0,0.0,0.0,0.0,0.0,0.0,0.0,0.0,0.0,0.0,0.0,0.0,0.0,0.0,0.0,0.0,0.0,0.0,0.0,0.0,0.0,0.0,0.0,0.0,0.0,0.0,0.0,0.0,0.0,0.0
2026-01-23 16:22:52,3.6,21.8,running,4.4,0.4,21.2,0.5,3.6,1.8,4.0,0.0,2.2,2.7,2.7,0.0,2.2,0.9,0.5,0.0,5.3,4.0,2.2,0.0,3.1,0.0,0.9,15.3,5.8,0.0,1.8,4.0,5.8,0.9,0.0,0.0,7.1,3.1,2.2,0.0,0.0,1.3,4.4,3.6,0.9,1.8,0.0,0.9,34.5,2.2,12.9,0.4,0.0,0.0,0.0,0.0,0.0,0.0,0.0,0.0,0.0,0.0,0.0,0.0,0.0,0.0,0.0,0.0,0.0,0.0,0.0,0.0,0.0,0.0,0.0,0.0,0.0,0.0,0.0,0.0,0.0,0.0,0.0,0.0,0.0,0.0,0.0,0.0,0.0,0.0,0.0,0.0,0.0,0.0,0.0,0.0,0.0,0.0,0.0,0.0
2026-01-23 16:22:56,3.7,28.1,running,3.1,0.0,23.0,1.3,4.0,0.9,6.7,1.8,2.7,0.4,3.6,2.2,1.3,5.3,1.8,0.9,4.4,3.5,0.9,0.9,1.8,0.9,1.3,11.7,3.1,0.0,0.9,1.3,1.3,4.0,1.8,1.8,4.4,3.1,4.4,0.5,4.9,0.9,3.6,0.9,33.6,0.0,0.0,0.9,10.7,0.0,0.9,0.0,0.0,0.0,0.0,0.0,0.0,0.0,0.0,0.0,0.0,0.0,0.0,0.0,0.0,0.0,0.0,0.0,0.0,0.0,0.0,0.0,0.0,0.0,0.0,0.0,0.0,0.0,0.0,0.0,0.0,0.0,0.0,0.0,0.0,0.0,0.0,0.0,0.0,0.0,0.0,0.0,0.0,0.0,0.0,0.0,0.0,0.0,0.0,0.0
2026-01-23 16:22:59,3.2,31.2,running,4.4,0.0,24.6,0.9,4.9,0.0,4.4,1.3,5.3,1.3,2.7,0.0,2.7,3.1,0.0,0.4,3.6,3.1,2.2,2.2,0.0,0.4,0.0,12.4,2.2,0.0,4.0,1.3,0.9,0.9,4.9,0.0,2.2,0.4,1.3,1.3,2.7,0.9,0.4,0.0,46.7,0.0,6.7,0.4,1.8,0.0,3.1,0.4,0.0,0.0,0.0,0.0,0.0,0.0,0.0,0.0,0.0,0.0,0.0,0.0,0.0,0.0,0.0,0.0,0.0,0.0,0.0,0.0,0.0,0.0,0.0,0.0,0.0,0.0,0.0,0.0,0.0,0.0,0.0,0.0,0.0,0.0,0.0,0.0,0.0,0.0,0.0,0.0,0.0,0.0,0.0,0.0,0.0,0.0,0.0,0.0
2026-01-23 16:23:03,4.2,25.0,running,4.9,0.9,22.2,1.8,5.4,4.0,4.9,1.3,3.1,0.0,3.5,0.4,4.9,6.4,2.7,0.0,4.0,0.9,0.5,0.0,5.7,0.0,0.4,10.7,2.2,0.0,8.1,1.0,3.2,0.9,0.4,2.7,0.0,1.0,6.6,0.0,3.5,0.4,0.9,2.7,42.0,0.0,0.4,0.9,2.2,1.3,2.2,0.9,0.0,0.0,0.0,0.0,0.0,0.0,0.0,0.0,0.0,0.0,0.0,0.0,0.0,0.0,0.0,0.0,0.0,0.0,0.0,0.0,0.0,0.0,0.0,0.0,0.0,0.0,0.0,0.0,0.0,0.0,0.0,0.0,0.0,0.0,0.0,0.0,0.0,0.0,0.0,0.0,0.0,0.0,0.0,0.0,0.0,0.0,0.0,0.0
2026-01-23 16:23:06,3.4,31.2,running,3.1,1.3,22.9,0.0,5.8,3.1,2.2,0.0,4.9,1.8,3.6,0.0,3.5,3.5,2.2,0.4,3.1,1.8,2.2,0.0,4.4,0.0,2.2,10.2,2.7,2.7,2.2,1.2,3.4,2.7,3.1,1.8,4.4,0.4,3.1,0.0,5.4,0.0,2.7,0.4,1.3,0.4,2.2,1.8,41.2,0.4,2.7,0.4,0.0,0.0,0.0,0.0,0.0,0.0,0.0,0.0,0.0,0.0,0.0,0.0,0.0,0.0,0.0,0.0,0.0,0.0,0.0,0.0,0.0,0.0,0.0,0.0,0.0,0.0,0.0,0.0,0.0,0.0,0.0,0.0,0.0,0.0,0.0,0.0,0.0,0.0,0.0,0.0,0.0,0.0,0.0,0.0,0.0,0.0,0.0,0.0
2026-01-23 16:23:10,3.5,31.2,running,0.4,0.9,19.0,1.8,4.9,2.2,3.5,0.4,5.3,0.0,1.8,5.5,2.2,3.1,3.6,3.6,1.3,4.0,1.8,0.0,0.4,0.4,5.8,12.4,1.3,1.8,4.0,0.0,6.7,0.0,0.0,0.4,7.1,3.1,0.0,5.8,0.0,0.0,0.9,1.3,0.0,8.4,0.0,1.3,42.0,0.0,3.6,0.0,0.0,0.0,0.0,0.0,0.0,0.0,0.0,0.0,0.0,0.0,0.0,0.0,0.0,0.0,0.0,0.0,0.0,0.0,0.0,0.0,0.0,0.0,0.0,0.0,0.0,0.0,0.0,0.0,0.0,0.0,0.0,0.0,0.0,0.0,0.0,0.0,0.0,0.0,0.0,0.0,0.0,0.0,0.0,0.0,0.0,0.0,0.0,0.0
2026-01-23 16:23:13,3.6,37.5,running,2.2,0.4,25.4,0.0,4.0,0.4,3.6,2.0,3.1,0.9,3.6,2.0,3.1,0.4,1.3,1.3,2.2,1.3,1.3,2.2,1.3,0.9,3.1,10.3,3.6,2.7,2.7,0.4,0.9,1.3,0.9,0.0,5.8,2.7,1.3,2.2,1.8,2.7,0.9,4.0,4.9,2.2,2.2,1.8,37.5,0.4,8.0,0.0,0.0,0.0,0.0,0.0,0.0,0.0,0.0,0.0,0.0,0.0,0.0,0.0,0.0,0.0,0.0,0.0,0.0,0.0,0.0,0.0,0.0,0.0,0.0,0.0,0.0,0.0,0.0,0.0,0.0,0.0,0.0,0.0,0.0,0.0,0.0,0.0,0.0,0.0,0.0,0.0,0.0,0.0,0.0,0.0,0.0,0.0,0.0,0.0
2026-01-23 16:23:17,3.6,31.2,running,0.9,1.8,23.3,0.0,3.1,0.0,0.4,0.0,2.2,2.2,1.3,1.8,0.0,0.9,0.9,4.0,5.8,0.9,0.4,3.6,3.1,0.9,3.1,13.0,4.4,0.9,4.5,1.3,1.8,0.4,5.7,2.2,8.0,1.3,2.2,1.3,4.9,0.0,3.1,1.3,39.1,0.0,2.7,0.9,0.4,2.7,2.7,0.9,0.0,0.0,0.0,0.0,0.0,0.0,0.0,0.0,0.0,0.0,0.0,0.0,0.0,0.0,0.0,0.0,0.0,0.0,0.0,0.0,0.0,0.0,0.0,0.0,0.0,0.0,0.0,0.0,0.0,0.0,0.0,0.0,0.0,0.0,0.0,0.0,0.0,0.0,0.0,0.0,0.0,0.0,0.0,0.0,0.0,0.0,0.0,0.0
2026-01-23 16:23:20,3.3,28.1,running,2.2,3.5,22.6,1.3,9.6,1.7,4.0,0.0,3.6,1.3,2.2,2.7,3.6,1.3,1.8,0.0,3.9,1.8,2.7,0.4,5.3,0.4,0.4,9.3,0.9,0.0,3.1,1.8,0.9,0.0,1.8,4.5,4.4,0.0,3.6,2.7,0.4,1.3,0.9,0.0,14.2,1.3,0.0,1.3,28.6,0.0,4.5,1.3,0.0,0.0,0.0,0.0,0.0,0.0,0.0,0.0,0.0,0.0,0.0,0.0,0.0,0.0,0.0,0.0,0.0,0.0,0.0,0.0,0.0,0.0,0.0,0.0,0.0,0.0,0.0,0.0,0.0,0.0,0.0,0.0,0.0,0.0,0.0,0.0,0.0,0.0,0.0,0.0,0.0,0.0,0.0,0.0,0.0,0.0,0.0,0.0
2026-01-23 16:23:24,3.1,21.9,running,4.4,1.3,19.6,0.0,1.8,4.0,1.3,0.0,2.3,1.8,6.2,0.4,2.7,3.1,0.9,0.0,3.6,0.4,3.1,1.8,2.2,4.4,1.4,12.9,3.6,0.0,1.3,0.4,0.4,0.0,2.2,0.4,0.4,1.3,3.6,0.0,0.4,0.0,2.2,3.1,10.7,0.9,4.0,0.9,35.0,0.0,1.3,0.4,0.0,0.0,0.0,0.0,0.0,0.0,0.0,0.0,0.0,0.0,0.0,0.0,0.0,0.0,0.0,0.0,0.0,0.0,0.0,0.0,0.0,0.0,0.0,0.0,0.0,0.0,0.0,0.0,0.0,0.0,0.0,0.0,0.0,0.0,0.0,0.0,0.0,0.0,0.0,0.0,0.0,0.0,0.0,0.0,0.0,0.0,0.0,0.0
2026-01-23 16:23:27,3.6,28.1,running,0.4,0.9,20.5,0.0,2.7,0.0,4.0,0.0,0.4,1.3,0.9,2.7,1.3,0.0,1.3,3.1,5.4,1.3,3.1,0.4,2.2,2.3,0.0,11.1,0.4,3.1,5.8,0.0,2.7,0.0,3.1,1.8,4.0,0.5,4.9,0.4,0.0,0.4,0.0,1.8,42.7,0.5,3.6,0.4,0.9,6.3,1.3,0.4,0.0,0.0,0.0,0.0,0.0,0.0,0.0,0.0,0.0,0.0,0.0,0.0,0.0,0.0,0.0,0.0,0.0,0.0,0.0,0.0,0.0,0.0,0.0,0.0,0.0,0.0,0.0,0.0,0.0,0.0,0.0,0.0,0.0,0.0,0.0,0.0,0.0,0.0,0.0,0.0,0.0,0.0,0.0,0.0,0.0,0.0,0.0,0.0
2026-01-23 16:23:31,4.0,9.4,running,5.8,1.8,22.3,0.0,6.2,0.9,5.7,0.0,5.8,0.0,2.7,3.1,3.6,0.4,0.0,1.8,2.2,0.9,1.3,0.4,1.3,1.3,0.4,12.9,0.9,3.5,4.0,0.4,2.7,0.4,0.0,0.9,2.7,0.8,2.7,0.4,6.2,0.9,2.7,0.0,12.1,2.7,0.9,2.2,34.1,0.0,4.9,0.4,0.0,0.0,0.0,0.0,0.0,0.0,0.0,0.0,0.0,0.0,0.0,0.0,0.0,0.0,0.0,0.0,0.0,0.0,0.0,0.0,0.0,0.0,0.0,0.0,0.0,0.0,0.0,0.0,0.0,0.0,0.0,0.0,0.0,0.0,0.0,0.0,0.0,0.0,0.0,0.0,0.0,0.0,0.0,0.0,0.0,0.0,0.0,0.0
2026-01-23 16:23:34,4.5,34.4,running,2.2,2.2,26.0,0.9,3.6,0.9,5.8,0.4,4.0,3.1,3.1,0.4,2.7,1.8,3.1,0.0,3.6,3.6,3.6,1.8,1.3,0.4,0.9,11.2,0.9,3.6,4.9,0.4,1.8,0.9,0.0,0.0,4.9,4.9,0.9,0.4,1.8,2.2,0.9,2.2,16.0,1.3,2.2,0.9,20.5,0.7,7.2,0.4,0.0,0.0,0.0,0.0,0.0,0.0,0.0,0.0,0.0,0.0,0.0,0.0,0.0,0.0,0.0,0.0,0.0,0.0,0.0,0.0,0.0,0.0,0.0,0.0,0.0,0.0,0.0,0.0,0.0,0.0,0.0,0.0,0.0,0.0,0.0,0.0,0.0,0.0,0.0,0.0,0.0,0.0,0.0,0.0,0.0,0.0,0.0,0.0
2026-01-23 16:23:38,3.6,43.7,running,2.7,2.2,18.7,0.4,4.4,0.4,8.0,1.8,4.4,0.4,3.1,0.9,4.0,4.9,0.9,0.4,2.2,0.0,0.4,5.3,0.4,3.9,0.0,11.1,0.4,0.0,2.7,1.8,3.1,6.2,0.9,4.8,4.0,0.0,3.1,4.0,1.3,0.0,3.6,0.4,44.6,0.4,4.9,0.0,2.2,0.0,0.4,0.0,0.0,0.0,0.0,0.0,0.0,0.0,0.0,0.0,0.0,0.0,0.0,0.0,0.0,0.0,0.0,0.0,0.0,0.0,0.0,0.0,0.0,0.0,0.0,0.0,0.0,0.0,0.0,0.0,0.0,0.0,0.0,0.0,0.0,0.0,0.0,0.0,0.0,0.0,0.0,0.0,0.0,0.0,0.0,0.0,0.0,0.0,0.0,0.0
2026-01-23 16:23:41,4.4,18.7,running,5.3,0.0,23.0,1.3,3.6,0.4,4.4,0.4,1.8,0.9,4.5,2.2,2.2,3.6,0.9,0.0,2.2,0.9,0.9,0.9,2.7,0.4,0.9,11.6,3.6,2.7,2.2,3.6,4.5,2.2,4.5,2.3,6.7,1.3,5.3,2.2,3.6,1.3,2.7,0.0,4.9,0.4,2.2,1.8,38.9,0.0,6.2,0.0,0.0,0.0,0.0,0.0,0.0,0.0,0.0,0.0,0.0,0.0,0.0,0.0,0.0,0.0,0.0,0.0,0.0,0.0,0.0,0.0,0.0,0.0,0.0,0.0,0.0,0.0,0.0,0.0,0.0,0.0,0.0,0.0,0.0,0.0,0.0,0.0,0.0,0.0,0.0,0.0,0.0,0.0,0.0,0.0,0.0,0.0,0.0,0.0
2026-01-23 16:23:45,3.4,31.2,running,2.7,0.4,26.7,0.0,6.6,1.3,7.5,0.0,4.5,0.4,4.9,2.7,2.7,1.5,0.9,2.0,0.9,1.8,2.7,2.7,1.8,0.0,0.0,9.9,1.3,0.0,1.3,3.1,2.2,1.3,4.9,1.3,5.3,1.4,3.6,3.2,1.3,2.7,4.0,0.9,19.1,0.9,1.0,28.4,9.8,2.2,3.1,0.0,0.0,0.0,0.0,0.0,0.0,0.0,0.0,0.0,0.0,0.0,0.0,0.0,0.0,0.0,0.0,0.0,0.0,0.0,0.0,0.0,0.0,0.0,0.0,0.0,0.0,0.0,0.0,0.0,0.0,0.0,0.0,0.0,0.0,0.0,0.0,0.0,0.0,0.0,0.0,0.0,0.0,0.0,0.0,0.0,0.0,0.0,0.0,0.0
2026-01-23 16:23:48,3.7,34.3,running,3.1,1.3,23.0,0.9,3.1,3.6,3.1,0.4,5.8,2.2,6.7,3.1,4.4,0.8,0.0,0.8,3.5,1.8,1.8,3.6,2.7,0.4,0.0,13.3,0.0,2.7,4.0,0.0,4.0,3.1,2.7,3.6,3.1,0.4,0.4,0.4,4.0,0.4,1.8,2.2,2.2,0.0,0.8,42.0,4.9,0.0,2.7,0.4,0.0,0.0,0.0,0.0,0.0,0.0,0.0,0.0,0.0,0.0,0.0,0.0,0.0,0.0,0.0,0.0,0.0,0.0,0.0,0.0,0.0,0.0,0.0,0.0,0.0,0.0,0.0,0.0,0.0,0.0,0.0,0.0,0.0,0.0,0.0,0.0,0.0,0.0,0.0,0.0,0.0,0.0,0.0,0.0,0.0,0.0,0.0,0.0
2026-01-23 16:23:52,3.0,31.2,running,2.2,0.9,20.4,1.3,6.7,0.9,5.8,0.0,1.3,3.2,5.8,0.0,2.2,1.3,3.6,0.0,3.6,0.0,2.2,0.0,2.2,0.0,0.9,11.2,2.2,0.0,4.9,3.1,0.9,0.4,0.0,3.1,6.2,1.3,4.9,1.3,0.9,2.2,0.4,0.9,0.4,0.0,0.0,46.2,3.1,0.4,4.9,0.0,0.0,0.0,0.0,0.0,0.0,0.0,0.0,0.0,0.0,0.0,0.0,0.0,0.0,0.0,0.0,0.0,0.0,0.0,0.0,0.0,0.0,0.0,0.0,0.0,0.0,0.0,0.0,0.0,0.0,0.0,0.0,0.0,0.0,0.0,0.0,0.0,0.0,0.0,0.0,0.0,0.0,0.0,0.0,0.0,0.0,0.0,0.0,0.0
2026-01-23 16:23:55,3.9,31.2,running,3.1,0.9,25.2,2.7,9.7,1.8,4.4,0.4,4.9,3.6,7.1,0.4,4.0,3.1,1.3,0.0,1.8,1.3,6.6,2.5,0.9,2.2,0.0,9.4,3.6,0.6,3.5,0.0,3.1,0.9,0.0,0.9,6.6,2.7,1.3,0.0,0.0,1.8,0.9,0.0,41.0,0.0,0.4,8.9,3.6,0.4,0.0,0.5,0.0,0.0,0.0,0.0,0.0,0.0,0.0,0.0,0.0,0.0,0.0,0.0,0.0,0.0,0.0,0.0,0.0,0.0,0.0,0.0,0.0,0.0,0.0,0.0,0.0,0.0,0.0,0.0,0.0,0.0,0.0,0.0,0.0,0.0,0.0,0.0,0.0,0.0,0.0,0.0,0.0,0.0,0.0,0.0,0.0,0.0,0.0,0.0
2026-01-23 16:23:59,3.5,37.4,running,0.4,1.3,20.4,0.0,3.5,0.0,2.2,0.4,3.6,0.9,4.5,1.8,4.0,4.9,2.2,0.4,5.8,1.3,2.7,0.8,1.3,3.1,0.4,12.1,2.2,2.9,5.4,3.6,4.4,0.4,8.4,0.0,4.9,0.9,2.2,0.0,2.7,0.9,0.0,0.4,43.6,0.4,4.0,0.9,1.8,0.4,1.3,0.0,0.0,0.0,0.0,0.0,0.0,0.0,0.0,0.0,0.0,0.0,0.0,0.0,0.0,0.0,0.0,0.0,0.0,0.0,0.0,0.0,0.0,0.0,0.0,0.0,0.0,0.0,0.0,0.0,0.0,0.0,0.0,0.0,0.0,0.0,0.0,0.0,0.0,0.0,0.0,0.0,0.0,0.0,0.0,0.0,0.0,0.0,0.0,0.0
2026-01-23 16:24:02,3.9,25.0,running,1.8,0.0,18.7,1.3,6.7,1.8,4.5,3.1,3.6,0.9,1.8,6.2,1.3,1.8,2.7,0.0,3.1,2.2,0.4,0.0,1.3,0.0,0.0,11.6,1.8,0.0,2.7,3.6,4.9,0.0,2.7,0.0,18.3,0.9,4.4,1.3,2.2,1.8,0.9,0.9,40.8,0.0,4.5,0.9,3.1,0.0,1.8,0.4,0.0,0.0,0.0,0.0,0.0,0.0,0.0,0.0,0.0,0.0,0.0,0.0,0.0,0.0,0.0,0.0,0.0,0.0,0.0,0.0,0.0,0.0,0.0,0.0,0.0,0.0,0.0,0.0,0.0,0.0,0.0,0.0,0.0,0.0,0.0,0.0,0.0,0.0,0.0,0.0,0.0,0.0,0.0,0.0,0.0,0.0,0.0,0.0
2026-01-23 16:24:06,4.2,21.9,running,1.3,1.3,24.6,0.0,4.5,0.9,5.3,1.8,5.3,2.7,4.9,0.9,4.9,0.4,3.5,0.4,5.8,4.5,0.4,1.8,0.4,0.4,0.0,12.0,4.4,7.1,9.3,1.8,2.7,3.1,0.4,3.6,6.2,1.3,1.3,0.4,0.4,1.3,0.4,2.7,20.2,0.9,2.2,23.6,4.5,1.3,3.1,0.0,0.0,0.0,0.0,0.0,0.0,0.0,0.0,0.0,0.0,0.0,0.0,0.0,0.0,0.0,0.0,0.0,0.0,0.0,0.0,0.0,0.0,0.0,0.0,0.0,0.0,0.0,0.0,0.0,0.0,0.0,0.0,0.0,0.0,0.0,0.0,0.0,0.0,0.0,0.0,0.0,0.0,0.0,0.0,0.0,0.0,0.0,0.0,0.0
2026-01-23 16:24:09,3.8,31.2,running,2.7,0.9,22.1,0.4,1.8,0.4,5.8,0.4,5.4,0.0,3.1,2.2,1.3,1.4,3.1,6.2,0.9,4.5,0.9,1.3,8.0,0.0,0.9,16.9,2.2,0.4,1.3,1.3,2.7,0.0,0.4,1.3,5.3,0.0,0.9,4.0,4.5,1.8,0.4,0.0,17.3,0.4,0.9,29.1,2.7,0.9,1.3,0.9,0.0,0.0,0.0,0.0,0.0,0.0,0.0,0.0,0.0,0.0,0.0,0.0,0.0,0.0,0.0,0.0,0.0,0.0,0.0,0.0,0.0,0.0,0.0,0.0,0.0,0.0,0.0,0.0,0.0,0.0,0.0,0.0,0.0,0.0,0.0,0.0,0.0,0.0,0.0,0.0,0.0,0.0,0.0,0.0,0.0,0.0,0.0,0.0
2026-01-23 16:24:13,4.2,43.7,running,2.7,0.4,19.1,1.9,3.1,0.6,3.1,0.0,2.2,2.2,2.7,0.0,2.2,5.8,1.8,0.6,4.4,3.1,2.7,0.0,1.8,4.9,0.9,13.8,0.0,3.3,2.7,2.2,4.1,0.0,3.5,0.0,9.3,1.3,4.0,0.0,0.5,0.9,0.4,1.7,42.0,3.3,8.9,2.2,3.6,0.9,0.9,0.0,0.0,0.0,0.0,0.0,0.0,0.0,0.0,0.0,0.0,0.0,0.0,0.0,0.0,0.0,0.0,0.0,0.0,0.0,0.0,0.0,0.0,0.0,0.0,0.0,0.0,0.0,0.0,0.0,0.0,0.0,0.0,0.0,0.0,0.0,0.0,0.0,0.0,0.0,0.0,0.0,0.0,0.0,0.0,0.0,0.0,0.0,0.0,0.0
2026-01-23 16:24:16,3.7,37.5,running,1.3,0.4,19.5,3.9,6.7,1.4,8.0,1.3,5.3,0.8,2.7,3.1,3.2,3.6,0.9,0.4,2.2,1.8,5.4,4.2,2.2,0.5,0.9,8.9,2.7,0.0,6.6,0.0,2.7,0.0,2.7,2.8,2.2,1.3,8.4,0.4,3.0,0.9,1.3,0.7,3.1,0.0,1.8,35.0,3.6,2.2,0.0,0.0,0.0,0.0,0.0,0.0,0.0,0.0,0.0,0.0,0.0,0.0,0.0,0.0,0.0,0.0,0.0,0.0,0.0,0.0,0.0,0.0,0.0,0.0,0.0,0.0,0.0,0.0,0.0,0.0,0.0,0.0,0.0,0.0,0.0,0.0,0.0,0.0,0.0,0.0,0.0,0.0,0.0,0.0,0.0,0.0,0.0,0.0,0.0,0.0
2026-01-23 16:24:20,3.8,34.3,running,1.8,4.4,21.8,0.0,3.5,4.0,3.1,0.0,4.9,3.1,3.6,0.0,0.9,1.8,0.0,0.4,2.2,4.9,0.0,2.2,3.6,0.4,0.9,12.9,0.0,0.9,2.7,3.6,3.6,0.9,0.9,1.3,5.8,2.3,3.6,0.0,4.5,0.0,1.3,0.9,0.4,3.1,2.2,41.6,2.7,2.2,4.4,1.3,0.0,0.0,0.0,0.0,0.0,0.0,0.0,0.0,0.0,0.0,0.0,0.0,0.0,0.0,0.0,0.0,0.0,0.0,0.0,0.0,0.0,0.0,0.0,0.0,0.0,0.0,0.0,0.0,0.0,0.0,0.0,0.0,0.0,0.0,0.0,0.0,0.0,0.0,0.0,0.0,0.0,0.0,0.0,0.0,0.0,0.0,0.0,0.0
2026-01-23 16:24:23,3.9,21.9,running,2.7,2.2,21.8,1.5,2.7,3.6,5.8,0.0,4.5,0.4,4.9,0.0,6.6,0.9,3.1,0.4,4.9,3.6,1.3,0.4,3.6,0.4,1.3,13.2,3.1,0.0,3.5,1.3,1.8,1.8,1.3,0.0,5.3,1.5,1.8,3.6,1.3,0.4,0.9,2.2,4.0,1.8,0.0,47.3,4.5,3.1,1.3,2.2,0.0,0.0,0.0,0.0,0.0,0.0,0.0,0.0,0.0,0.0,0.0,0.0,0.0,0.0,0.0,0.0,0.0,0.0,0.0,0.0,0.0,0.0,0.0,0.0,0.0,0.0,0.0,0.0,0.0,0.0,0.0,0.0,0.0,0.0,0.0,0.0,0.0,0.0,0.0,0.0,0.0,0.0,0.0,0.0,0.0,0.0,0.0,0.0
2026-01-23 16:24:27,3.7,21.9,running,4.4,2.7,22.6,3.6,5.4,0.0,3.1,0.0,1.8,2.2,3.1,1.8,1.8,3.6,0.9,0.4,5.3,4.4,5.8,0.9,1.3,1.8,0.0,9.8,0.9,0.0,0.9,1.3,3.1,0.0,0.0,0.0,4.0,2.3,2.7,0.4,0.9,0.0,0.9,0.0,0.4,0.0,0.9,45.5,4.4,0.9,0.0,0.4,0.0,0.0,0.0,0.0,0.0,0.0,0.0,0.0,0.0,0.0,0.0,0.0,0.0,0.0,0.0,0.0,0.0,0.0,0.0,0.0,0.0,0.0,0.0,0.0,0.0,0.0,0.0,0.0,0.0,0.0,0.0,0.0,0.0,0.0,0.0,0.0,0.0,0.0,0.0,0.0,0.0,0.0,0.0,0.0,0.0,0.0,0.0,0.0
2026-01-23 16:24:30,3.9,34.4,running,1.8,0.9,27.9,0.0,5.3,6.2,6.3,0.4,10.3,0.0,11.7,0.4,3.6,1.3,3.6,0.0,4.9,0.9,4.5,0.0,6.2,0.4,0.4,8.5,8.9,0.0,1.8,0.4,0.9,2.2,2.6,1.3,3.1,6.4,4.0,0.4,0.4,3.1,0.9,0.0,24.3,0.0,0.4,19.1,3.6,0.0,1.8,0.4,0.0,0.0,0.0,0.0,0.0,0.0,0.0,0.0,0.0,0.0,0.0,0.0,0.0,0.0,0.0,0.0,0.0,0.0,0.0,0.0,0.0,0.0,0.0,0.0,0.0,0.0,0.0,0.0,0.0,0.0,0.0,0.0,0.0,0.0,0.0,0.0,0.0,0.0,0.0,0.0,0.0,0.0,0.0,0.0,0.0,0.0,0.0,0.0
2026-01-23 16:24:34,3.8,34.4,running,7.6,2.7,18.2,1.3,3.1,3.1,7.1,0.0,2.7,1.3,5.8,0.9,2.7,2.7,3.6,0.9,5.8,3.1,4.4,0.0,2.7,2.2,0.0,11.6,0.0,0.0,2.7,0.4,0.9,3.1,3.1,3.1,8.4,2.7,2.2,3.1,0.4,0.0,0.9,4.0,38.4,0.0,6.2,2.2,4.9,3.6,0.9,1.3,0.0,0.0,0.0,0.0,0.0,0.0,0.0,0.0,0.0,0.0,0.0,0.0,0.0,0.0,0.0,0.0,0.0,0.0,0.0,0.0,0.0,0.0,0.0,0.0,0.0,0.0,0.0,0.0,0.0,0.0,0.0,0.0,0.0,0.0,0.0,0.0,0.0,0.0,0.0,0.0,0.0,0.0,0.0,0.0,0.0,0.0,0.0,0.0
2026-01-23 16:24:37,3.9,25.0,running,1.3,0.9,20.4,0.0,6.6,1.3,2.7,0.5,2.2,0.9,4.9,4.5,2.2,1.3,3.6,2.2,4.4,2.7,8.4,5.8,4.0,0.0,0.9,11.6,2.7,0.4,4.4,0.0,4.0,0.4,4.1,1.3,6.2,8.7,4.4,0.0,0.9,0.4,0.4,0.9,43.4,0.0,0.4,1.3,0.4,1.3,1.8,0.0,0.0,0.0,0.0,0.0,0.0,0.0,0.0,0.0,0.0,0.0,0.0,0.0,0.0,0.0,0.0,0.0,0.0,0.0,0.0,0.0,0.0,0.0,0.0,0.0,0.0,0.0,0.0,0.0,0.0,0.0,0.0,0.0,0.0,0.0,0.0,0.0,0.0,0.0,0.0,0.0,0.0,0.0,0.0,0.0,0.0,0.0,0.0,0.0
2026-01-23 16:24:41,3.2,34.3,running,0.0,2.7,20.1,0.0,6.2,0.9,2.7,2.1,5.8,1.4,2.7,7.6,6.2,1.3,3.1,0.4,1.8,4.5,0.0,0.4,0.9,0.0,0.4,12.8,0.9,0.4,4.0,0.9,6.7,1.3,1.7,3.1,8.9,1.8,4.0,0.4,2.7,0.4,4.0,2.7,12.9,0.4,0.4,29.6,1.3,1.3,0.9,0.0,0.0,0.0,0.0,0.0,0.0,0.0,0.0,0.0,0.0,0.0,0.0,0.0,0.0,0.0,0.0,0.0,0.0,0.0,0.0,0.0,0.0,0.0,0.0,0.0,0.0,0.0,0.0,0.0,0.0,0.0,0.0,0.0,0.0,0.0,0.0,0.0,0.0,0.0,0.0,0.0,0.0,0.0,0.0,0.0,0.0,0.0,0.0,0.0
2026-01-23 16:24:44,3.3,25.0,running,0.4,0.4,21.3,0.9,3.1,1.3,4.0,0.0,2.2,1.3,0.9,2.7,8.0,0.9,3.1,0.0,2.2,0.5,0.0,0.4,5.3,1.3,0.0,10.8,2.2,0.0,1.8,1.8,1.3,2.2,0.0,2.2,1.3,1.8,2.7,0.9,0.4,1.3,0.9,1.8,2.2,0.4,1.8,42.3,8.0,3.6,5.3,0.0,0.0,0.0,0.0,0.0,0.0,0.0,0.0,0.0,0.0,0.0,0.0,0.0,0.0,0.0,0.0,0.0,0.0,0.0,0.0,0.0,0.0,0.0,0.0,0.0,0.0,0.0,0.0,0.0,0.0,0.0,0.0,0.0,0.0,0.0,0.0,0.0,0.0,0.0,0.0,0.0,0.0,0.0,0.0,0.0,0.0,0.0,0.0,0.0
2026-01-23 16:24:48,3.8,31.2,running,0.9,2.2,18.6,0.9,6.2,1.3,5.8,4.5,3.6,0.0,2.2,0.9,4.0,1.8,0.9,3.1,2.7,1.8,3.1,0.0,2.2,0.4,0.0,13.3,1.8,2.7,5.3,0.9,0.9,0.4,1.8,1.3,4.0,5.3,4.0,0.9,0.4,3.1,0.5,0.4,0.0,2.2,0.0,44.7,2.2,2.2,2.7,0.4,0.0,0.0,0.0,0.0,0.0,0.0,0.0,0.0,0.0,0.0,0.0,0.0,0.0,0.0,0.0,0.0,0.0,0.0,0.0,0.0,0.0,0.0,0.0,0.0,0.0,0.0,0.0,0.0,0.0,0.0,0.0,0.0,0.0,0.0,0.0,0.0,0.0,0.0,0.0,0.0,0.0,0.0,0.0,0.0,0.0,0.0,0.0,0.0
2026-01-23 16:24:51,3.1,31.2,running,2.7,1.8,21.1,0.0,5.8,0.9,5.3,2.7,5.3,3.6,1.3,1.8,2.2,0.0,1.3,0.4,5.7,0.4,1.3,0.0,2.7,2.7,0.0,12.4,1.3,0.0,4.0,1.8,3.1,3.6,4.0,1.0,6.2,1.6,4.0,3.6,0.4,0.0,0.4,1.3,35.4,0.0,3.1,4.5,0.0,1.8,1.8,0.0,0.0,0.0,0.0,0.0,0.0,0.0,0.0,0.0,0.0,0.0,0.0,0.0,0.0,0.0,0.0,0.0,0.0,0.0,0.0,0.0,0.0,0.0,0.0,0.0,0.0,0.0,0.0,0.0,0.0,0.0,0.0,0.0,0.0,0.0,0.0,0.0,0.0,0.0,0.0,0.0,0.0,0.0,0.0,0.0,0.0,0.0,0.0,0.0
2026-01-23 16:24:55,3.1,31.2,running,4.0,0.4,20.1,0.0,2.7,3.1,5.8,4.9,3.1,0.0,3.1,0.0,2.2,0.8,3.6,0.0,1.8,0.9,1.3,0.0,1.8,3.0,0.4,12.9,0.9,0.9,4.4,0.0,5.3,0.0,4.4,0.0,3.1,1.1,0.0,0.4,0.9,0.9,1.8,0.4,40.7,0.0,7.6,0.9,1.3,2.6,2.7,0.0,0.0,0.0,0.0,0.0,0.0,0.0,0.0,0.0,0.0,0.0,0.0,0.0,0.0,0.0,0.0,0.0,0.0,0.0,0.0,0.0,0.0,0.0,0.0,0.0,0.0,0.0,0.0,0.0,0.0,0.0,0.0,0.0,0.0,0.0,0.0,0.0,0.0,0.0,0.0,0.0,0.0,0.0,0.0,0.0,0.0,0.0,0.0,0.0
2026-01-23 16:24:58,3.1,25.0,running,3.1,1.8,21.1,0.0,4.9,0.9,2.7,1.3,4.9,0.0,0.0,0.0,4.5,4.5,2.7,0.9,2.2,0.4,3.1,0.0,4.0,0.4,0.0,11.2,1.3,0.0,0.9,2.7,2.2,0.0,0.4,1.3,6.2,1.8,4.9,0.4,0.9,0.4,0.0,3.1,40.5,0.0,6.3,1.3,0.0,0.0,2.7,0.4,0.0,0.0,0.0,0.0,0.0,0.0,0.0,0.0,0.0,0.0,0.0,0.0,0.0,0.0,0.0,0.0,0.0,0.0,0.0,0.0,0.0,0.0,0.0,0.0,0.0,0.0,0.0,0.0,0.0,0.0,0.0,0.0,0.0,0.0,0.0,0.0,0.0,0.0,0.0,0.0,0.0,0.0,0.0,0.0,0.0,0.0,0.0,0.0
2026-01-23 16:25:02,3.2,31.2,running,4.5,0.4,19.6,1.0,4.9,0.9,6.7,3.1,3.6,0.4,2.2,0.0,3.6,1.3,1.3,0.4,2.6,1.8,1.8,1.8,6.6,1.3,0.4,12.1,3.5,4.5,4.0,0.0,3.2,2.7,6.2,0.4,7.5,1.1,2.7,3.1,1.4,1.8,1.8,0.0,1.4,0.4,0.4,40.8,4.0,2.2,1.8,0.4,0.0,0.0,0.0,0.0,0.0,0.0,0.0,0.0,0.0,0.0,0.0,0.0,0.0,0.0,0.0,0.0,0.0,0.0,0.0,0.0,0.0,0.0,0.0,0.0,0.0,0.0,0.0,0.0,0.0,0.0,0.0,0.0,0.0,0.0,0.0,0.0,0.0,0.0,0.0,0.0,0.0,0.0,0.0,0.0,0.0,0.0,0.0,0.0
2026-01-23 16:25:05,3.1,34.3,running,0.4,4.5,17.7,0.8,4.5,0.0,3.6,0.9,4.0,1.3,0.9,3.1,4.0,0.4,1.8,3.1,0.9,1.3,2.7,1.3,2.2,1.3,0.4,9.7,0.4,0.4,4.0,2.2,2.6,1.3,1.8,0.0,2.2,6.1,3.2,3.1,2.7,0.9,1.8,0.0,2.2,0.9,0.4,42.7,3.1,0.9,0.9,0.4,0.0,0.0,0.0,0.0,0.0,0.0,0.0,0.0,0.0,0.0,0.0,0.0,0.0,0.0,0.0,0.0,0.0,0.0,0.0,0.0,0.0,0.0,0.0,0.0,0.0,0.0,0.0,0.0,0.0,0.0,0.0,0.0,0.0,0.0,0.0,0.0,0.0,0.0,0.0,0.0,0.0,0.0,0.0,0.0,0.0,0.0,0.0,0.0
2026-01-23 16:25:09,3.6,25.0,running,2.2,0.4,28.0,1.9,7.1,3.9,7.1,0.4,4.5,0.0,6.7,4.4,2.7,0.0,0.4,0.0,0.9,3.6,1.3,1.3,3.1,1.3,0.9,11.6,5.8,0.9,4.4,0.0,2.2,2.2,0.9,6.2,5.3,2.2,1.7,0.0,0.4,1.3,0.4,1.8,1.3,1.8,0.9,37.9,5.4,0.4,0.5,0.9,0.0,0.0,0.0,0.0,0.0,0.0,0.0,0.0,0.0,0.0,0.0,0.0,0.0,0.0,0.0,0.0,0.0,0.0,0.0,0.0,0.0,0.0,0.0,0.0,0.0,0.0,0.0,0.0,0.0,0.0,0.0,0.0,0.0,0.0,0.0,0.0,0.0,0.0,0.0,0.0,0.0,0.0,0.0,0.0,0.0,0.0,0.0,0.0
2026-01-23 16:25:12,3.2,25.0,running,1.3,0.4,19.6,1.3,2.7,0.4,7.1,0.0,3.1,1.8,0.9,5.8,1.3,5.3,2.2,0.0,2.2,1.3,3.1,3.1,0.0,2.7,0.0,11.6,2.2,1.8,3.1,4.0,2.7,6.2,0.0,1.3,3.5,2.6,0.4,0.9,2.6,0.4,3.6,3.1,0.9,0.4,0.0,44.2,0.0,0.9,2.6,0.9,0.0,0.0,0.0,0.0,0.0,0.0,0.0,0.0,0.0,0.0,0.0,0.0,0.0,0.0,0.0,0.0,0.0,0.0,0.0,0.0,0.0,0.0,0.0,0.0,0.0,0.0,0.0,0.0,0.0,0.0,0.0,0.0,0.0,0.0,0.0,0.0,0.0,0.0,0.0,0.0,0.0,0.0,0.0,0.0,0.0,0.0,0.0,0.0
2026-01-23 16:25:16,3.2,31.2,running,4.4,0.0,21.9,1.9,4.9,0.9,2.7,1.8,4.4,2.7,2.2,1.8,1.3,5.8,1.8,0.0,2.7,1.3,0.4,0.0,2.7,1.8,1.3,17.8,0.4,0.0,1.8,3.5,2.2,1.8,0.4,0.0,3.1,5.4,1.3,1.8,1.3,0.0,0.4,2.7,28.0,1.0,4.0,14.7,2.2,0.0,0.4,0.9,0.0,0.0,0.0,0.0,0.0,0.0,0.0,0.0,0.0,0.0,0.0,0.0,0.0,0.0,0.0,0.0,0.0,0.0,0.0,0.0,0.0,0.0,0.0,0.0,0.0,0.0,0.0,0.0,0.0,0.0,0.0,0.0,0.0,0.0,0.0,0.0,0.0,0.0,0.0,0.0,0.0,0.0,0.0,0.0,0.0,0.0,0.0,0.0
2026-01-23 16:25:19,4.1,43.7,running,3.6,0.0,21.1,0.0,1.8,1.3,4.4,0.0,1.8,0.0,1.3,2.7,1.8,2.7,4.9,2.3,0.9,1.3,0.0,0.0,0.4,6.9,1.3,11.2,0.9,1.1,3.6,0.0,0.9,3.4,2.7,3.4,6.2,2.7,2.2,1.1,0.9,0.0,0.5,0.0,32.1,1.2,4.4,8.9,4.4,0.9,0.0,1.5,0.0,0.0,0.0,0.0,0.0,0.0,0.0,0.0,0.0,0.0,0.0,0.0,0.0,0.0,0.0,0.0,0.0,0.0,0.0,0.0,0.0,0.0,0.0,0.0,0.0,0.0,0.0,0.0,0.0,0.0,0.0,0.0,0.0,0.0,0.0,0.0,0.0,0.0,0.0,0.0,0.0,0.0,0.0,0.0,0.0,0.0,0.0,0.0
2026-01-23 16:25:23,3.5,28.1,running,2.2,0.0,21.2,0.4,6.6,0.9,9.8,1.5,3.6,0.0,1.3,0.0,5.3,4.4,3.1,1.1,1.3,0.9,0.0,1.8,0.4,0.0,4.0,9.8,3.0,2.6,2.2,3.3,3.1,1.1,0.0,0.7,8.0,0.0,4.9,3.3,2.7,1.3,0.4,0.4,0.9,2.7,0.0,42.3,0.9,4.0,0.0,0.4,0.0,0.0,0.0,0.0,0.0,0.0,0.0,0.0,0.0,0.0,0.0,0.0,0.0,0.0,0.0,0.0,0.0,0.0,0.0,0.0,0.0,0.0,0.0,0.0,0.0,0.0,0.0,0.0,0.0,0.0,0.0,0.0,0.0,0.0,0.0,0.0,0.0,0.0,0.0,0.0,0.0,0.0,0.0,0.0,0.0,0.0,0.0,0.0
2026-01-23 16:25:26,3.6,31.2,running,2.7,0.0,23.2,0.0,4.9,0.4,4.5,0.0,3.6,0.4,1.8,0.0,0.9,1.3,3.1,0.4,3.1,5.3,1.3,0.9,0.9,4.0,4.4,10.7,0.9,3.5,2.7,0.4,0.9,0.0,4.5,2.2,7.1,2.2,4.0,0.4,0.4,0.0,0.9,1.8,36.7,0.0,3.6,8.9,2.2,3.1,1.8,0.0,0.0,0.0,0.0,0.0,0.0,0.0,0.0,0.0,0.0,0.0,0.0,0.0,0.0,0.0,0.0,0.0,0.0,0.0,0.0,0.0,0.0,0.0,0.0,0.0,0.0,0.0,0.0,0.0,0.0,0.0,0.0,0.0,0.0,0.0,0.0,0.0,0.0,0.0,0.0,0.0,0.0,0.0,0.0,0.0,0.0,0.0,0.0,0.0
2026-01-23 16:25:30,2.8,28.1,running,1.8,0.0,19.0,0.0,1.8,2.2,4.0,0.0,3.1,2.2,1.3,2.2,2.2,0.0,4.4,0.4,0.9,4.5,1.3,3.1,2.7,2.2,1.3,11.6,1.3,3.1,2.7,0.9,2.2,0.0,3.6,0.0,6.2,2.6,0.0,0.0,0.0,0.9,0.9,0.4,40.3,0.4,7.1,0.9,3.6,0.9,0.4,1.3,0.0,0.0,0.0,0.0,0.0,0.0,0.0,0.0,0.0,0.0,0.0,0.0,0.0,0.0,0.0,0.0,0.0,0.0,0.0,0.0,0.0,0.0,0.0,0.0,0.0,0.0,0.0,0.0,0.0,0.0,0.0,0.0,0.0,0.0,0.0,0.0,0.0,0.0,0.0,0.0,0.0,0.0,0.0,0.0,0.0,0.0,0.0,0.0
2026-01-23 16:25:33,3.8,34.4,running,0.9,0.0,16.7,4.0,9.3,0.0,5.3,1.8,3.1,0.0,2.7,0.9,4.9,0.4,1.3,0.9,1.8,2.7,3.1,1.8,2.7,0.0,3.1,14.3,0.4,3.1,4.5,0.9,8.8,0.4,1.8,2.2,1.3,1.8,1.8,1.3,0.4,0.9,1.8,0.0,44.2,0.9,7.6,0.0,1.3,0.0,1.3,0.0,0.0,0.0,0.0,0.0,0.0,0.0,0.0,0.0,0.0,0.0,0.0,0.0,0.0,0.0,0.0,0.0,0.0,0.0,0.0,0.0,0.0,0.0,0.0,0.0,0.0,0.0,0.0,0.0,0.0,0.0,0.0,0.0,0.0,0.0,0.0,0.0,0.0,0.0,0.0,0.0,0.0,0.0,0.0,0.0,0.0,0.0,0.0,0.0
2026-01-23 16:25:37,3.1,40.6,running,0.0,0.0,20.4,0.0,1.3,10.6,2.2,0.6,3.1,2.2,1.8,1.8,4.0,2.2,4.9,1.3,1.3,0.0,0.0,0.4,0.0,0.0,0.0,11.6,2.2,1.8,2.7,0.0,0.9,0.9,0.0,3.1,3.6,3.4,4.9,1.8,4.4,1.3,0.9,0.4,4.0,0.0,0.0,43.2,3.1,2.2,5.3,0.4,0.0,0.0,0.0,0.0,0.0,0.0,0.0,0.0,0.0,0.0,0.0,0.0,0.0,0.0,0.0,0.0,0.0,0.0,0.0,0.0,0.0,0.0,0.0,0.0,0.0,0.0,0.0,0.0,0.0,0.0,0.0,0.0,0.0,0.0,0.0,0.0,0.0,0.0,0.0,0.0,0.0,0.0,0.0,0.0,0.0,0.0,0.0,0.0
2026-01-23 16:25:40,3.2,34.3,running,3.6,1.3,22.5,2.6,3.6,0.9,6.6,0.4,2.7,0.7,1.3,5.8,1.3,3.2,0.4,0.4,1.3,0.9,0.0,0.4,2.7,1.3,3.1,10.7,4.9,0.4,1.3,0.4,1.8,1.8,1.7,0.4,5.8,2.7,0.9,2.2,1.3,0.9,1.3,3.1,1.8,0.0,0.0,44.6,6.2,2.2,4.0,0.4,0.0,0.0,0.0,0.0,0.0,0.0,0.0,0.0,0.0,0.0,0.0,0.0,0.0,0.0,0.0,0.0,0.0,0.0,0.0,0.0,0.0,0.0,0.0,0.0,0.0,0.0,0.0,0.0,0.0,0.0,0.0,0.0,0.0,0.0,0.0,0.0,0.0,0.0,0.0,0.0,0.0,0.0,0.0,0.0,0.0,0.0,0.0,0.0
2026-01-23 16:25:44,3.0,21.9,running,0.9,0.0,21.1,0.0,1.8,0.4,3.1,0.0,4.5,0.9,2.2,1.8,1.3,5.3,1.8,2.7,1.8,1.3,1.8,4.5,0.4,2.2,2.7,11.1,1.8,4.9,3.5,1.8,5.8,2.7,0.9,0.0,3.6,1.8,1.8,0.9,0.0,1.3,0.4,0.0,5.3,1.8,0.4,45.1,6.2,0.0,0.0,0.0,0.0,0.0,0.0,0.0,0.0,0.0,0.0,0.0,0.0,0.0,0.0,0.0,0.0,0.0,0.0,0.0,0.0,0.0,0.0,0.0,0.0,0.0,0.0,0.0,0.0,0.0,0.0,0.0,0.0,0.0,0.0,0.0,0.0,0.0,0.0,0.0,0.0,0.0,0.0,0.0,0.0,0.0,0.0,0.0,0.0,0.0,0.0,0.0
2026-01-23 16:25:47,3.1,25.0,running,2.2,0.4,22.2,1.3,4.4,0.9,1.8,2.4,1.3,4.4,5.3,2.7,1.3,1.3,2.2,1.3,2.2,1.3,0.4,0.0,4.4,0.9,0.0,10.8,0.9,4.5,1.8,0.0,2.2,0.9,2.7,0.9,1.3,1.3,1.3,0.0,0.9,0.0,2.7,2.7,42.7,1.3,4.0,0.4,0.9,4.0,1.8,0.4,0.0,0.0,0.0,0.0,0.0,0.0,0.0,0.0,0.0,0.0,0.0,0.0,0.0,0.0,0.0,0.0,0.0,0.0,0.0,0.0,0.0,0.0,0.0,0.0,0.0,0.0,0.0,0.0,0.0,0.0,0.0,0.0,0.0,0.0,0.0,0.0,0.0,0.0,0.0,0.0,0.0,0.0,0.0,0.0,0.0,0.0,0.0,0.0
2026-01-23 16:25:51,3.5,34.3,running,1.3,2.7,19.8,2.2,3.5,0.0,4.9,1.8,4.0,0.0,1.3,1.3,3.6,1.5,0.0,0.0,0.9,3.1,1.3,1.3,0.9,0.0,0.0,11.6,3.1,0.9,3.1,2.2,1.3,1.3,1.3,2.2,7.1,1.8,1.8,0.0,1.8,0.4,0.9,0.0,39.7,1.3,3.6,1.8,0.9,4.9,5.8,0.4,0.0,0.0,0.0,0.0,0.0,0.0,0.0,0.0,0.0,0.0,0.0,0.0,0.0,0.0,0.0,0.0,0.0,0.0,0.0,0.0,0.0,0.0,0.0,0.0,0.0,0.0,0.0,0.0,0.0,0.0,0.0,0.0,0.0,0.0,0.0,0.0,0.0,0.0,0.0,0.0,0.0,0.0,0.0,0.0,0.0,0.0,0.0,0.0
2026-01-23 16:25:55,6.1,25.0,running,0.4,0.9,17.4,2.7,3.6,4.4,5.3,1.8,4.4,1.8,3.1,1.8,3.6,3.6,15.0,1.8,9.9,0.9,0.9,0.0,4.0,2.2,8.4,10.6,6.6,3.6,4.9,0.9,5.4,4.0,4.0,2.2,7.0,2.7,3.6,0.4,1.3,0.4,1.8,0.0,42.7,0.0,3.5,2.2,0.0,1.8,1.8,0.0,0.0,0.0,0.0,0.0,0.0,0.0,0.0,0.0,0.0,0.0,0.0,0.0,0.0,0.0,0.0,0.0,0.0,0.0,0.0,0.0,0.0,0.0,0.0,0.0,0.0,0.0,0.0,0.0,0.0,0.0,0.0,0.0,0.0,0.0,0.0,0.0,0.0,0.0,0.0,0.0,0.0,0.0,0.0,0.0,0.0,0.0,0.0,0.0
2026-01-23 16:25:58,5.2,21.8,running,4.9,0.4,16.0,2.7,3.1,0.0,8.0,0.5,3.1,0.0,5.4,0.9,0.9,7.6,56.6,0.4,3.6,1.8,0.4,0.0,27.8,0.9,8.9,11.7,26.8,3.1,5.8,0.0,1.8,0.0,2.7,2.7,7.6,0.9,4.5,0.0,1.3,0.0,0.0,0.0,42.7,0.0,4.0,1.3,0.0,1.3,4.0,0.4,0.0,0.0,0.0,0.0,0.0,0.0,0.0,0.0,0.0,0.0,0.0,0.0,0.0,0.0,0.0,0.0,0.0,0.0,0.0,0.0,0.0,0.0,0.0,0.0,0.0,0.0,0.0,0.0,0.0,0.0,0.0,0.0,0.0,0.0,0.0,0.0,0.0,0.0,0.0,0.0,0.0,0.0,0.0,0.0,0.0,0.0,0.0,0.0
2026-01-23 16:26:02,4.6,31.2,running,2.2,2.2,22.0,1.2,5.8,0.5,5.4,1.5,8.0,0.4,2.7,2.7,4.0,0.0,5.4,2.1,10.3,4.4,13.4,1.5,9.8,1.0,6.2,9.4,3.6,4.1,4.4,0.0,4.0,2.6,4.0,3.1,8.4,1.2,4.9,0.0,4.9,1.8,3.6,0.5,28.4,4.5,7.0,21.9,1.8,3.1,0.0,0.0,0.0,0.0,0.0,0.0,0.0,0.0,0.0,0.0,0.0,0.0,0.0,0.0,0.0,0.0,0.0,0.0,0.0,0.0,0.0,0.0,0.0,0.0,0.0,0.0,0.0,0.0,0.0,0.0,0.0,0.0,0.0,0.0,0.0,0.0,0.0,0.0,0.0,0.0,0.0,0.0,0.0,0.0,0.0,0.0,0.0,0.0,0.0,0.0
2026-01-23 16:26:05,3.5,37.5,running,0.9,2.7,21.8,0.0,4.5,3.0,5.3,0.0,1.3,3.1,2.2,1.8,3.1,5.4,2.2,0.0,2.2,0.4,2.7,2.1,1.3,2.0,4.9,10.7,3.1,3.9,6.7,1.2,2.7,1.6,1.8,1.8,3.1,3.5,4.0,0.4,0.9,0.4,3.6,0.8,30.5,3.1,1.3,12.0,1.8,1.3,2.2,0.4,0.0,0.0,0.0,0.0,0.0,0.0,0.0,0.0,0.0,0.0,0.0,0.0,0.0,0.0,0.0,0.0,0.0,0.0,0.0,0.0,0.0,0.0,0.0,0.0,0.0,0.0,0.0,0.0,0.0,0.0,0.0,0.0,0.0,0.0,0.0,0.0,0.0,0.0,0.0,0.0,0.0,0.0,0.0,0.0,0.0,0.0,0.0,0.0
2026-01-23 16:26:09,2.9,28.1,running,4.4,3.6,22.3,2.2,3.6,4.4,3.1,0.9,2.2,3.6,7.6,0.0,6.7,2.2,0.9,0.0,0.9,0.4,0.9,0.0,1.3,0.4,0.9,7.6,5.4,0.9,1.3,1.3,2.7,3.6,5.4,0.0,4.0,1.3,2.3,0.0,0.4,0.9,0.4,1.8,0.9,1.8,0.4,39.6,5.3,0.4,4.9,0.4,0.0,0.0,0.0,0.0,0.0,0.0,0.0,0.0,0.0,0.0,0.0,0.0,0.0,0.0,0.0,0.0,0.0,0.0,0.0,0.0,0.0,0.0,0.0,0.0,0.0,0.0,0.0,0.0,0.0,0.0,0.0,0.0,0.0,0.0,0.0,0.0,0.0,0.0,0.0,0.0,0.0,0.0,0.0,0.0,0.0,0.0,0.0,0.0
2026-01-23 16:26:12,3.4,31.2,running,2.7,0.4,18.3,1.9,2.2,3.1,3.1,1.3,0.9,0.0,0.9,0.9,4.0,2.7,0.9,0.0,1.3,2.2,3.1,0.4,2.2,1.4,2.2,10.7,3.1,4.9,5.8,0.0,2.7,1.8,1.8,3.2,7.9,0.0,1.3,0.0,0.9,0.0,2.2,0.0,35.8,0.9,4.9,14.7,4.5,0.0,1.3,0.0,0.0,0.0,0.0,0.0,0.0,0.0,0.0,0.0,0.0,0.0,0.0,0.0,0.0,0.0,0.0,0.0,0.0,0.0,0.0,0.0,0.0,0.0,0.0,0.0,0.0,0.0,0.0,0.0,0.0,0.0,0.0,0.0,0.0,0.0,0.0,0.0,0.0,0.0,0.0,0.0,0.0,0.0,0.0,0.0,0.0,0.0,0.0,0.0
2026-01-23 16:26:16,3.5,31.2,running,1.8,0.0,21.2,0.9,3.6,0.0,1.8,0.0,4.5,3.6,1.8,4.0,3.6,2.7,1.8,2.2,2.2,0.0,0.9,2.2,0.0,0.4,1.8,10.7,3.5,1.3,4.0,0.0,4.0,0.9,2.2,4.0,4.4,2.7,3.5,2.7,0.4,0.0,1.8,2.7,25.6,0.0,3.0,18.1,4.9,0.0,1.3,0.0,0.0,0.0,0.0,0.0,0.0,0.0,0.0,0.0,0.0,0.0,0.0,0.0,0.0,0.0,0.0,0.0,0.0,0.0,0.0,0.0,0.0,0.0,0.0,0.0,0.0,0.0,0.0,0.0,0.0,0.0,0.0,0.0,0.0,0.0,0.0,0.0,0.0,0.0,0.0,0.0,0.0,0.0,0.0,0.0,0.0,0.0,0.0,0.0
2026-01-23 16:26:19,3.1,31.2,running,5.8,0.0,24.9,1.3,3.5,0.9,6.2,0.4,2.7,0.9,2.2,4.9,2.2,0.4,0.0,5.8,1.3,1.8,2.2,0.0,0.0,0.0,1.8,8.9,3.6,0.9,4.9,0.0,1.8,2.2,0.4,5.8,2.7,0.9,4.0,4.0,3.1,1.8,2.7,0.4,1.8,0.0,0.4,39.8,5.3,0.0,3.1,0.0,0.0,0.0,0.0,0.0,0.0,0.0,0.0,0.0,0.0,0.0,0.0,0.0,0.0,0.0,0.0,0.0,0.0,0.0,0.0,0.0,0.0,0.0,0.0,0.0,0.0,0.0,0.0,0.0,0.0,0.0,0.0,0.0,0.0,0.0,0.0,0.0,0.0,0.0,0.0,0.0,0.0,0.0,0.0,0.0,0.0,0.0,0.0,0.0
2026-01-23 16:26:23,3.0,28.1,running,2.2,2.7,19.9,1.3,3.1,1.3,4.4,4.0,2.7,1.3,7.6,1.3,1.8,2.7,1.3,2.7,2.7,1.8,3.5,0.0,0.9,0.0,3.1,10.3,4.9,4.0,4.0,0.0,0.4,0.0,0.4,1.3,2.7,4.0,1.3,2.7,1.8,0.9,2.7,2.2,39.1,0.4,9.8,0.9,0.9,0.0,1.3,0.4,0.0,0.0,0.0,0.0,0.0,0.0,0.0,0.0,0.0,0.0,0.0,0.0,0.0,0.0,0.0,0.0,0.0,0.0,0.0,0.0,0.0,0.0,0.0,0.0,0.0,0.0,0.0,0.0,0.0,0.0,0.0,0.0,0.0,0.0,0.0,0.0,0.0,0.0,0.0,0.0,0.0,0.0,0.0,0.0,0.0,0.0,0.0,0.0
2026-01-23 16:26:26,5.5,28.1,running,2.7,1.8,23.5,0.0,1.8,0.5,1.8,0.0,2.2,4.0,3.1,1.4,2.4,5.6,4.4,3.3,1.3,3.8,5.8,1.8,2.7,4.3,0.0,14.4,3.6,8.0,7.1,3.1,3.1,0.5,3.2,1.8,0.9,2.4,2.7,0.0,2.2,0.0,2.7,0.6,44.9,0.0,4.5,4.0,4.0,0.0,0.5,0.0,0.0,0.0,0.0,0.0,0.0,0.0,0.0,0.0,0.0,0.0,0.0,0.0,0.0,0.0,0.0,0.0,0.0,0.0,0.0,0.0,0.0,0.0,0.0,0.0,0.0,0.0,0.0,0.0,0.0,0.0,0.0,0.0,0.0,0.0,0.0,0.0,0.0,0.0,0.0,0.0,0.0,0.0,0.0,0.0,0.0,0.0,0.0,0.0
2026-01-23 16:26:30,3.4,25.0,running,0.9,0.0,18.2,0.0,2.2,0.4,4.5,0.7,6.2,0.0,3.6,4.6,2.1,1.2,2.8,0.0,2.2,0.4,0.5,2.8,0.9,0.7,2.7,15.5,0.0,4.9,2.7,3.2,2.7,3.9,0.4,0.4,4.4,0.0,3.1,2.8,0.0,1.3,7.2,0.0,42.0,1.2,2.2,0.0,3.7,2.0,0.9,0.4,0.0,0.0,0.0,0.0,0.0,0.0,0.0,0.0,0.0,0.0,0.0,0.0,0.0,0.0,0.0,0.0,0.0,0.0,0.0,0.0,0.0,0.0,0.0,0.0,0.0,0.0,0.0,0.0,0.0,0.0,0.0,0.0,0.0,0.0,0.0,0.0,0.0,0.0,0.0,0.0,0.0,0.0,0.0,0.0,0.0,0.0,0.0,0.0
2026-01-23 16:26:33,3.6,37.5,running,4.4,3.1,32.3,2.1,9.8,1.5,10.6,3.6,7.6,3.0,4.4,7.1,6.7,4.1,6.6,2.7,7.1,2.2,3.5,4.0,3.5,1.3,5.7,8.5,4.4,5.8,12.8,2.2,8.4,3.1,8.9,1.2,14.5,3.6,9.8,3.6,8.4,4.0,3.5,2.2,22.8,2.2,7.0,27.8,7.6,0.4,3.1,0.4,0.0,0.0,0.0,0.0,0.0,0.0,0.0,0.0,0.0,0.0,0.0,0.0,0.0,0.0,0.0,0.0,0.0,0.0,0.0,0.0,0.0,0.0,0.0,0.0,0.0,0.0,0.0,0.0,0.0,0.0,0.0,0.0,0.0,0.0,0.0,0.0,0.0,0.0,0.0,0.0,0.0,0.0,0.0,0.0,0.0,0.0,0.0,0.0
2026-01-23 16:26:37,4.7,25.0,running,2.7,3.6,24.8,0.0,6.2,0.4,5.4,4.9,5.8,1.8,4.9,1.8,5.3,2.0,2.2,0.0,1.8,0.9,0.9,3.1,0.4,2.2,1.3,12.1,3.2,0.4,2.7,2.7,4.0,3.6,1.3,1.8,3.1,3.2,3.2,0.0,2.7,0.0,2.2,5.3,30.0,0.0,3.6,13.8,4.5,0.0,1.4,0.0,0.0,0.0,0.0,0.0,0.0,0.0,0.0,0.0,0.0,0.0,0.0,0.0,0.0,0.0,0.0,0.0,0.0,0.0,0.0,0.0,0.0,0.0,0.0,0.0,0.0,0.0,0.0,0.0,0.0,0.0,0.0,0.0,0.0,0.0,0.0,0.0,0.0,0.0,0.0,0.0,0.0,0.0,0.0,0.0,0.0,0.0,0.0,0.0
2026-01-23 16:26:40,5.1,31.2,running,3.6,1.3,22.2,1.8,7.6,0.9,10.6,3.6,3.1,0.9,5.3,6.6,4.4,3.6,0.0,2.2,2.2,1.8,1.3,2.7,2.7,0.9,0.9,10.7,4.4,1.8,12.4,0.0,3.1,0.0,0.0,0.0,8.9,4.4,9.2,1.8,2.2,1.8,1.3,0.0,30.1,1.3,1.8,25.1,3.6,0.9,0.4,0.0,0.0,0.0,0.0,0.0,0.0,0.0,0.0,0.0,0.0,0.0,0.0,0.0,0.0,0.0,0.0,0.0,0.0,0.0,0.0,0.0,0.0,0.0,0.0,0.0,0.0,0.0,0.0,0.0,0.0,0.0,0.0,0.0,0.0,0.0,0.0,0.0,0.0,0.0,0.0,0.0,0.0,0.0,0.0,0.0,0.0,0.0,0.0,0.0
2026-01-23 16:26:44,3.7,31.2,running,5.3,1.3,27.6,0.9,6.2,4.0,3.6,1.8,5.8,0.0,4.9,0.4,2.2,0.0,0.5,4.9,3.9,3.5,1.8,3.6,0.9,0.0,1.3,12.0,1.3,0.4,2.2,0.4,6.2,0.9,1.3,1.3,1.3,3.5,2.2,2.2,0.0,0.9,2.7,4.9,1.3,1.8,0.0,39.6,8.0,0.0,2.7,0.0,0.0,0.0,0.0,0.0,0.0,0.0,0.0,0.0,0.0,0.0,0.0,0.0,0.0,0.0,0.0,0.0,0.0,0.0,0.0,0.0,0.0,0.0,0.0,0.0,0.0,0.0,0.0,0.0,0.0,0.0,0.0,0.0,0.0,0.0,0.0,0.0,0.0,0.0,0.0,0.0,0.0,0.0,0.0,0.0,0.0,0.0,0.0,0.0
2026-01-23 16:26:47,4.0,37.5,running,0.4,0.0,24.2,0.0,2.7,0.0,4.4,1.8,3.6,0.9,2.2,2.7,2.2,2.2,3.5,0.0,0.9,2.2,1.8,5.8,2.7,0.9,1.3,9.7,1.8,5.0,2.7,0.5,2.7,0.0,1.3,1.8,0.4,4.5,3.6,5.3,2.2,1.3,1.8,0.0,40.7,0.0,3.1,12.5,1.8,0.0,4.9,0.4,0.0,0.0,0.0,0.0,0.0,0.0,0.0,0.0,0.0,0.0,0.0,0.0,0.0,0.0,0.0,0.0,0.0,0.0,0.0,0.0,0.0,0.0,0.0,0.0,0.0,0.0,0.0,0.0,0.0,0.0,0.0,0.0,0.0,0.0,0.0,0.0,0.0,0.0,0.0,0.0,0.0,0.0,0.0,0.0,0.0,0.0,0.0,0.0
2026-01-23 16:26:51,3.3,37.5,running,1.3,1.8,23.5,2.1,8.9,0.9,8.5,1.3,4.4,0.0,3.6,0.9,1.3,2.2,0.4,0.0,2.7,2.7,0.0,0.4,1.8,0.0,1.8,12.5,0.4,0.0,8.0,1.3,2.7,0.9,0.0,1.8,3.1,4.0,2.2,0.0,1.3,1.3,6.2,3.5,24.2,0.9,2.2,19.9,0.9,1.3,0.9,0.4,0.0,0.0,0.0,0.0,0.0,0.0,0.0,0.0,0.0,0.0,0.0,0.0,0.0,0.0,0.0,0.0,0.0,0.0,0.0,0.0,0.0,0.0,0.0,0.0,0.0,0.0,0.0,0.0,0.0,0.0,0.0,0.0,0.0,0.0,0.0,0.0,0.0,0.0,0.0,0.0,0.0,0.0,0.0,0.0,0.0,0.0,0.0,0.0
2026-01-23 16:26:54,3.4,25.0,running,1.8,2.7,21.8,1.3,2.2,0.0,5.8,0.9,6.2,0.9,3.1,5.8,3.1,1.3,0.4,0.0,1.3,0.9,3.1,0.4,0.9,1.3,0.0,9.9,0.9,7.1,4.4,0.9,1.8,1.3,0.0,3.1,1.3,2.7,1.3,0.0,1.8,1.8,1.8,0.9,3.1,0.9,0.9,45.6,5.8,1.3,0.4,0.0,0.0,0.0,0.0,0.0,0.0,0.0,0.0,0.0,0.0,0.0,0.0,0.0,0.0,0.0,0.0,0.0,0.0,0.0,0.0,0.0,0.0,0.0,0.0,0.0,0.0,0.0,0.0,0.0,0.0,0.0,0.0,0.0,0.0,0.0,0.0,0.0,0.0,0.0,0.0,0.0,0.0,0.0,0.0,0.0,0.0,0.0,0.0,0.0
2026-01-23 16:26:58,3.6,34.3,running,1.8,0.0,21.2,0.9,3.6,0.0,8.0,3.6,2.7,0.0,5.3,3.5,6.2,1.3,2.2,0.0,0.4,1.3,3.6,3.1,5.3,0.0,0.0,11.6,0.4,1.3,4.5,0.0,1.3,0.9,0.4,1.8,2.2,7.2,0.4,1.3,0.0,2.2,2.2,0.4,40.7,0.5,2.2,3.6,5.3,0.0,2.2,0.0,0.0,0.0,0.0,0.0,0.0,0.0,0.0,0.0,0.0,0.0,0.0,0.0,0.0,0.0,0.0,0.0,0.0,0.0,0.0,0.0,0.0,0.0,0.0,0.0,0.0,0.0,0.0,0.0,0.0,0.0,0.0,0.0,0.0,0.0,0.0,0.0,0.0,0.0,0.0,0.0,0.0,0.0,0.0,0.0,0.0,0.0,0.0,0.0
2026-01-23 16:27:01,4.5,37.5,running,4.0,0.0,20.5,2.7,8.9,1.8,3.6,2.2,4.9,4.9,5.8,1.3,3.5,2.7,1.3,1.8,1.3,2.7,2.2,1.8,2.2,0.9,1.8,10.7,0.0,4.0,3.6,0.0,4.0,1.3,3.6,1.3,2.7,1.8,3.1,2.2,0.4,0.9,2.7,2.2,30.8,0.8,4.4,12.9,4.5,0.4,4.0,0.0,0.0,0.0,0.0,0.0,0.0,0.0,0.0,0.0,0.0,0.0,0.0,0.0,0.0,0.0,0.0,0.0,0.0,0.0,0.0,0.0,0.0,0.0,0.0,0.0,0.0,0.0,0.0,0.0,0.0,0.0,0.0,0.0,0.0,0.0,0.0,0.0,0.0,0.0,0.0,0.0,0.0,0.0,0.0,0.0,0.0,0.0,0.0,0.0
2026-01-23 16:27:05,4.4,21.9,running,3.1,4.0,15.6,1.3,3.6,0.4,4.4,1.8,1.3,0.4,8.6,3.5,4.0,1.3,0.9,0.9,3.1,0.0,4.9,1.3,1.3,0.9,1.8,11.6,2.7,0.0,4.0,0.4,1.8,2.2,3.1,0.9,4.0,5.6,7.1,0.5,0.9,0.9,2.2,0.0,38.1,0.0,3.6,4.0,0.4,0.4,2.2,0.0,0.0,0.0,0.0,0.0,0.0,0.0,0.0,0.0,0.0,0.0,0.0,0.0,0.0,0.0,0.0,0.0,0.0,0.0,0.0,0.0,0.0,0.0,0.0,0.0,0.0,0.0,0.0,0.0,0.0,0.0,0.0,0.0,0.0,0.0,0.0,0.0,0.0,0.0,0.0,0.0,0.0,0.0,0.0,0.0,0.0,0.0,0.0,0.0
2026-01-23 16:27:08,4.3,28.1,running,0.9,9.8,18.3,1.8,5.4,0.9,4.0,0.9,4.4,0.0,5.7,9.4,1.8,0.9,1.8,0.9,1.8,1.3,0.4,0.4,0.9,1.8,1.3,9.8,1.8,0.4,1.8,0.0,3.5,3.6,2.2,0.0,9.3,0.8,3.6,0.0,0.0,0.9,1.8,0.4,36.6,0.9,6.7,6.2,1.3,0.0,0.0,0.0,0.0,0.0,0.0,0.0,0.0,0.0,0.0,0.0,0.0,0.0,0.0,0.0,0.0,0.0,0.0,0.0,0.0,0.0,0.0,0.0,0.0,0.0,0.0,0.0,0.0,0.0,0.0,0.0,0.0,0.0,0.0,0.0,0.0,0.0,0.0,0.0,0.0,0.0,0.0,0.0,0.0,0.0,0.0,0.0,0.0,0.0,0.0,0.0
2026-01-23 16:27:12,3.8,25.0,running,2.2,0.0,24.9,1.8,5.4,3.6,4.9,0.0,2.2,0.4,5.4,4.5,0.9,0.4,4.0,4.0,0.9,2.2,1.8,0.5,3.1,0.9,1.3,12.5,0.9,5.4,1.8,0.0,4.5,1.3,0.0,2.2,4.0,3.6,1.8,0.9,1.3,2.7,1.3,2.2,39.4,0.0,4.5,4.0,1.4,1.3,0.0,0.4,0.0,0.0,0.0,0.0,0.0,0.0,0.0,0.0,0.0,0.0,0.0,0.0,0.0,0.0,0.0,0.0,0.0,0.0,0.0,0.0,0.0,0.0,0.0,0.0,0.0,0.0,0.0,0.0,0.0,0.0,0.0,0.0,0.0,0.0,0.0,0.0,0.0,0.0,0.0,0.0,0.0,0.0,0.0,0.0,0.0,0.0,0.0,0.0
2026-01-23 16:27:15,3.4,37.5,running,2.7,0.9,24.7,0.9,9.8,2.7,8.9,0.4,5.3,0.4,5.3,0.4,3.5,1.8,0.9,2.2,1.8,0.9,4.0,0.0,1.3,0.0,4.0,9.8,1.3,12.8,2.2,0.0,2.7,0.0,0.4,0.0,4.5,0.0,0.9,0.9,2.2,0.4,2.7,3.1,29.5,0.9,3.1,11.6,1.3,6.3,0.4,0.4,0.0,0.0,0.0,0.0,0.0,0.0,0.0,0.0,0.0,0.0,0.0,0.0,0.0,0.0,0.0,0.0,0.0,0.0,0.0,0.0,0.0,0.0,0.0,0.0,0.0,0.0,0.0,0.0,0.0,0.0,0.0,0.0,0.0,0.0,0.0,0.0,0.0,0.0,0.0,0.0,0.0,0.0,0.0,0.0,0.0,0.0,0.0,0.0
2026-01-23 16:27:19,3.8,25.0,running,1.8,0.4,23.2,2.2,4.9,0.4,3.1,0.0,4.5,4.5,4.5,5.3,4.5,4.0,1.3,0.9,0.9,2.7,0.9,0.0,0.4,0.4,2.2,12.4,3.6,2.7,4.0,0.0,2.7,2.3,0.4,1.3,1.8,1.2,6.2,1.3,2.7,0.4,2.2,2.2,3.6,1.8,0.4,38.5,4.0,0.0,6.2,0.4,0.0,0.0,0.0,0.0,0.0,0.0,0.0,0.0,0.0,0.0,0.0,0.0,0.0,0.0,0.0,0.0,0.0,0.0,0.0,0.0,0.0,0.0,0.0,0.0,0.0,0.0,0.0,0.0,0.0,0.0,0.0,0.0,0.0,0.0,0.0,0.0,0.0,0.0,0.0,0.0,0.0,0.0,0.0,0.0,0.0,0.0,0.0,0.0
2026-01-23 16:27:22,3.9,25.0,running,3.6,1.8,21.4,0.0,7.2,5.3,6.2,2.2,5.3,2.2,1.3,2.2,2.6,0.9,0.0,2.7,1.8,0.9,0.9,1.3,0.4,1.3,2.7,9.8,2.7,4.1,2.7,0.0,4.0,1.8,0.9,0.0,5.3,0.0,2.2,2.7,2.2,0.0,0.9,0.9,4.9,3.6,1.3,44.7,6.2,0.0,1.3,0.0,0.0,0.0,0.0,0.0,0.0,0.0,0.0,0.0,0.0,0.0,0.0,0.0,0.0,0.0,0.0,0.0,0.0,0.0,0.0,0.0,0.0,0.0,0.0,0.0,0.0,0.0,0.0,0.0,0.0,0.0,0.0,0.0,0.0,0.0,0.0,0.0,0.0,0.0,0.0,0.0,0.0,0.0,0.0,0.0,0.0,0.0,0.0,0.0
2026-01-23 16:27:26,3.8,28.1,running,0.9,0.9,20.4,0.4,4.0,3.1,2.7,0.4,2.7,1.8,3.6,0.4,1.8,4.5,3.5,1.8,3.1,2.2,1.8,3.1,2.7,0.0,0.4,13.3,2.2,5.3,1.8,0.0,0.9,0.4,0.0,4.0,4.0,0.4,3.6,0.0,0.4,0.4,2.7,1.8,3.1,1.8,0.0,44.4,3.1,0.0,5.7,0.0,0.0,0.0,0.0,0.0,0.0,0.0,0.0,0.0,0.0,0.0,0.0,0.0,0.0,0.0,0.0,0.0,0.0,0.0,0.0,0.0,0.0,0.0,0.0,0.0,0.0,0.0,0.0,0.0,0.0,0.0,0.0,0.0,0.0,0.0,0.0,0.0,0.0,0.0,0.0,0.0,0.0,0.0,0.0,0.0,0.0,0.0,0.0,0.0
2026-01-23 16:27:29,3.5,34.4,running,1.3,2.2,23.5,0.0,4.0,1.8,3.6,0.0,3.1,4.9,5.8,2.3,1.8,0.0,2.2,0.4,0.4,3.6,0.4,0.0,0.4,0.9,1.3,13.7,0.9,0.0,1.8,0.0,3.6,0.0,4.5,0.4,3.6,5.7,0.0,2.7,0.0,0.9,1.3,2.2,1.3,7.5,0.5,39.1,6.2,0.0,2.2,0.4,0.0,0.0,0.0,0.0,0.0,0.0,0.0,0.0,0.0,0.0,0.0,0.0,0.0,0.0,0.0,0.0,0.0,0.0,0.0,0.0,0.0,0.0,0.0,0.0,0.0,0.0,0.0,0.0,0.0,0.0,0.0,0.0,0.0,0.0,0.0,0.0,0.0,0.0,0.0,0.0,0.0,0.0,0.0,0.0,0.0,0.0,0.0,0.0
2026-01-23 16:27:33,3.7,31.2,running,3.1,1.8,18.3,3.4,13.7,1.8,4.9,1.3,4.0,0.0,4.5,0.0,2.7,0.9,0.0,0.0,2.7,1.8,0.4,1.8,0.9,0.0,1.8,9.9,1.8,3.6,4.9,0.0,1.8,4.0,2.4,3.1,4.9,2.7,4.9,1.3,3.6,1.8,1.3,2.7,4.0,0.4,0.0,38.2,8.4,0.0,2.7,0.4,0.0,0.0,0.0,0.0,0.0,0.0,0.0,0.0,0.0,0.0,0.0,0.0,0.0,0.0,0.0,0.0,0.0,0.0,0.0,0.0,0.0,0.0,0.0,0.0,0.0,0.0,0.0,0.0,0.0,0.0,0.0,0.0,0.0,0.0,0.0,0.0,0.0,0.0,0.0,0.0,0.0,0.0,0.0,0.0,0.0,0.0,0.0,0.0
2026-01-23 16:27:36,3.6,21.9,running,2.2,0.4,23.8,4.0,4.0,0.0,4.9,0.4,1.8,0.0,2.2,0.4,2.2,2.2,2.2,0.4,1.8,3.2,3.1,0.0,0.9,0.0,0.9,11.6,1.3,2.7,2.7,0.4,3.5,0.0,4.5,0.9,2.2,7.1,2.2,4.0,0.4,0.4,0.9,1.3,25.9,0.9,1.3,23.2,1.3,3.1,2.2,0.4,0.0,0.0,0.0,0.0,0.0,0.0,0.0,0.0,0.0,0.0,0.0,0.0,0.0,0.0,0.0,0.0,0.0,0.0,0.0,0.0,0.0,0.0,0.0,0.0,0.0,0.0,0.0,0.0,0.0,0.0,0.0,0.0,0.0,0.0,0.0,0.0,0.0,0.0,0.0,0.0,0.0,0.0,0.0,0.0,0.0,0.0,0.0,0.0
2026-01-23 16:27:40,3.7,21.8,running,4.0,0.0,15.0,0.9,2.3,0.9,5.8,0.0,1.8,0.0,2.2,1.3,1.8,3.6,2.2,1.3,3.1,1.3,4.0,0.4,4.9,0.9,2.7,12.6,1.8,3.6,0.9,0.0,1.8,3.6,0.0,2.2,5.3,1.6,4.0,0.0,0.9,0.9,8.1,0.4,40.2,0.9,4.5,3.6,3.1,1.8,0.4,0.0,0.0,0.0,0.0,0.0,0.0,0.0,0.0,0.0,0.0,0.0,0.0,0.0,0.0,0.0,0.0,0.0,0.0,0.0,0.0,0.0,0.0,0.0,0.0,0.0,0.0,0.0,0.0,0.0,0.0,0.0,0.0,0.0,0.0,0.0,0.0,0.0,0.0,0.0,0.0,0.0,0.0,0.0,0.0,0.0,0.0,0.0,0.0,0.0
2026-01-23 16:27:43,3.4,21.8,running,4.4,0.9,22.5,2.7,6.0,2.7,4.0,1.8,2.2,0.9,4.4,0.0,3.5,4.0,1.8,0.9,0.9,0.9,1.8,0.0,1.3,1.8,1.3,13.3,0.9,0.0,5.3,1.8,2.7,0.0,0.9,1.8,4.9,0.0,11.0,0.0,2.7,0.5,0.4,1.3,0.4,0.9,0.0,38.5,2.2,1.8,0.4,0.9,0.0,0.0,0.0,0.0,0.0,0.0,0.0,0.0,0.0,0.0,0.0,0.0,0.0,0.0,0.0,0.0,0.0,0.0,0.0,0.0,0.0,0.0,0.0,0.0,0.0,0.0,0.0,0.0,0.0,0.0,0.0,0.0,0.0,0.0,0.0,0.0,0.0,0.0,0.0,0.0,0.0,0.0,0.0,0.0,0.0,0.0,0.0,0.0
2026-01-23 16:27:47,2.9,34.3,running,3.6,0.9,19.5,2.6,5.8,0.4,4.5,1.3,2.7,0.4,0.9,3.1,3.5,3.1,1.8,0.4,2.7,1.3,2.7,1.8,2.7,0.0,0.0,8.9,5.8,0.9,1.8,0.9,4.5,0.4,3.1,5.3,3.1,5.8,1.8,0.0,0.4,0.8,1.8,2.2,25.3,1.0,1.3,18.3,0.9,0.0,2.2,0.4,0.0,0.0,0.0,0.0,0.0,0.0,0.0,0.0,0.0,0.0,0.0,0.0,0.0,0.0,0.0,0.0,0.0,0.0,0.0,0.0,0.0,0.0,0.0,0.0,0.0,0.0,0.0,0.0,0.0,0.0,0.0,0.0,0.0,0.0,0.0,0.0,0.0,0.0,0.0,0.0,0.0,0.0,0.0,0.0,0.0,0.0,0.0,0.0
2026-01-23 16:27:50,3.3,34.4,running,2.7,0.0,19.8,2.6,2.2,2.7,1.8,0.4,0.9,0.0,2.7,1.4,2.2,2.2,3.1,1.3,1.8,0.4,1.8,0.0,4.8,0.0,2.7,12.4,8.0,2.2,2.7,1.3,6.2,1.0,2.7,0.0,4.4,0.9,1.3,0.0,1.8,0.0,1.8,2.7,38.2,0.0,4.1,11.9,1.8,1.3,2.2,0.0,0.0,0.0,0.0,0.0,0.0,0.0,0.0,0.0,0.0,0.0,0.0,0.0,0.0,0.0,0.0,0.0,0.0,0.0,0.0,0.0,0.0,0.0,0.0,0.0,0.0,0.0,0.0,0.0,0.0,0.0,0.0,0.0,0.0,0.0,0.0,0.0,0.0,0.0,0.0,0.0,0.0,0.0,0.0,0.0,0.0,0.0,0.0,0.0
2026-01-23 16:27:54,3.5,31.2,running,0.9,4.5,17.7,2.7,3.5,4.0,3.6,2.2,3.1,0.0,2.7,2.5,1.8,1.8,0.0,2.2,2.2,2.2,2.2,0.4,0.0,1.3,6.7,12.5,2.2,0.0,1.8,4.0,3.1,5.5,5.8,1.7,4.8,0.5,0.4,0.0,0.0,0.9,0.0,0.9,2.7,0.4,0.4,41.2,0.0,2.2,0.4,0.4,0.0,0.0,0.0,0.0,0.0,0.0,0.0,0.0,0.0,0.0,0.0,0.0,0.0,0.0,0.0,0.0,0.0,0.0,0.0,0.0,0.0,0.0,0.0,0.0,0.0,0.0,0.0,0.0,0.0,0.0,0.0,0.0,0.0,0.0,0.0,0.0,0.0,0.0,0.0,0.0,0.0,0.0,0.0,0.0,0.0,0.0,0.0,0.0
2026-01-23 16:27:57,3.0,34.3,running,0.9,0.0,19.5,0.9,1.8,2.7,4.9,4.0,5.8,0.5,3.5,2.2,4.4,8.0,0.9,0.4,2.2,1.8,2.7,0.9,1.3,1.3,3.6,10.7,2.7,0.9,4.0,0.4,2.2,0.0,0.0,0.0,7.5,0.0,2.2,0.9,0.0,0.4,1.3,0.0,28.8,1.3,4.0,12.1,0.9,6.2,0.9,0.4,0.0,0.0,0.0,0.0,0.0,0.0,0.0,0.0,0.0,0.0,0.0,0.0,0.0,0.0,0.0,0.0,0.0,0.0,0.0,0.0,0.0,0.0,0.0,0.0,0.0,0.0,0.0,0.0,0.0,0.0,0.0,0.0,0.0,0.0,0.0,0.0,0.0,0.0,0.0,0.0,0.0,0.0,0.0,0.0,0.0,0.0,0.0,0.0
2026-01-23 16:28:01,4.0,25.0,running,5.8,0.4,25.0,0.4,3.1,2.7,4.9,4.5,2.2,0.0,7.6,0.4,4.5,3.1,1.8,0.9,1.8,1.8,4.0,0.0,3.1,2.2,1.3,14.2,4.0,0.4,3.1,1.3,2.7,5.8,8.0,0.0,6.6,1.3,1.8,1.8,1.3,0.0,1.3,0.0,28.6,1.3,1.3,13.7,0.0,0.5,1.3,0.4,0.0,0.0,0.0,0.0,0.0,0.0,0.0,0.0,0.0,0.0,0.0,0.0,0.0,0.0,0.0,0.0,0.0,0.0,0.0,0.0,0.0,0.0,0.0,0.0,0.0,0.0,0.0,0.0,0.0,0.0,0.0,0.0,0.0,0.0,0.0,0.0,0.0,0.0,0.0,0.0,0.0,0.0,0.0,0.0,0.0,0.0,0.0,0.0
2026-01-23 16:28:04,3.3,34.4,running,1.3,0.0,17.0,2.7,3.1,0.4,4.0,0.0,4.5,0.0,4.4,1.8,0.9,8.0,1.3,3.1,0.9,4.0,3.6,0.0,0.4,0.4,5.3,10.8,1.3,3.1,2.7,2.7,2.7,0.4,0.9,0.0,6.7,1.3,0.4,0.4,0.9,0.4,1.3,0.0,0.0,0.0,2.2,41.4,7.6,0.9,1.8,0.0,0.0,0.0,0.0,0.0,0.0,0.0,0.0,0.0,0.0,0.0,0.0,0.0,0.0,0.0,0.0,0.0,0.0,0.0,0.0,0.0,0.0,0.0,0.0,0.0,0.0,0.0,0.0,0.0,0.0,0.0,0.0,0.0,0.0,0.0,0.0,0.0,0.0,0.0,0.0,0.0,0.0,0.0,0.0,0.0,0.0,0.0,0.0,0.0
2026-01-23 16:28:08,3.5,37.5,running,1.3,0.0,27.2,0.9,4.4,0.4,2.2,0.9,5.8,0.0,4.4,1.3,3.5,4.4,4.0,1.8,0.9,3.1,4.4,0.0,0.0,2.7,2.7,10.6,1.3,0.9,1.8,2.7,2.2,0.4,0.9,0.0,3.1,4.4,4.4,1.3,1.8,1.8,0.0,0.0,38.8,0.0,2.2,8.0,3.5,1.3,0.9,0.4,0.0,0.0,0.0,0.0,0.0,0.0,0.0,0.0,0.0,0.0,0.0,0.0,0.0,0.0,0.0,0.0,0.0,0.0,0.0,0.0,0.0,0.0,0.0,0.0,0.0,0.0,0.0,0.0,0.0,0.0,0.0,0.0,0.0,0.0,0.0,0.0,0.0,0.0,0.0,0.0,0.0,0.0,0.0,0.0,0.0,0.0,0.0,0.0
2026-01-23 16:28:11,3.3,34.3,running,1.3,5.8,18.7,0.0,3.1,0.0,2.7,1.3,5.8,0.0,1.8,1.8,4.0,1.8,3.6,0.0,1.8,0.4,0.5,3.6,3.1,3.6,1.8,10.8,3.2,0.0,3.1,0.9,2.3,2.2,1.0,0.9,3.1,8.9,2.7,0.4,0.9,0.9,1.3,0.0,22.9,4.4,3.1,20.8,4.5,0.0,3.2,0.4,0.0,0.0,0.0,0.0,0.0,0.0,0.0,0.0,0.0,0.0,0.0,0.0,0.0,0.0,0.0,0.0,0.0,0.0,0.0,0.0,0.0,0.0,0.0,0.0,0.0,0.0,0.0,0.0,0.0,0.0,0.0,0.0,0.0,0.0,0.0,0.0,0.0,0.0,0.0,0.0,0.0,0.0,0.0,0.0,0.0,0.0,0.0,0.0
2026-01-23 16:28:15,4.4,28.1,running,3.1,5.7,23.0,0.4,2.2,3.6,3.6,2.2,2.7,0.5,5.3,2.2,5.8,0.0,0.9,0.0,1.3,4.5,4.9,0.4,3.5,1.5,4.4,11.6,2.7,0.0,2.2,0.0,0.4,2.5,0.0,7.1,5.3,2.7,1.8,2.7,0.5,1.8,0.4,0.0,0.4,2.2,0.0,43.8,6.6,0.4,1.8,1.4,0.0,0.0,0.0,0.0,0.0,0.0,0.0,0.0,0.0,0.0,0.0,0.0,0.0,0.0,0.0,0.0,0.0,0.0,0.0,0.0,0.0,0.0,0.0,0.0,0.0,0.0,0.0,0.0,0.0,0.0,0.0,0.0,0.0,0.0,0.0,0.0,0.0,0.0,0.0,0.0,0.0,0.0,0.0,0.0,0.0,0.0,0.0,0.0
2026-01-23 16:28:18,4.2,25.0,running,2.7,2.7,18.1,0.0,3.6,0.9,2.7,4.0,6.6,0.0,2.7,2.7,1.8,0.8,0.0,1.8,1.3,1.3,4.4,0.9,1.8,1.2,1.3,12.0,4.0,4.0,4.9,0.0,4.9,2.8,0.9,3.6,7.8,0.4,5.3,1.8,0.8,0.9,3.6,0.8,51.1,0.0,0.9,1.8,4.5,1.8,1.3,0.4,0.0,0.0,0.0,0.0,0.0,0.0,0.0,0.0,0.0,0.0,0.0,0.0,0.0,0.0,0.0,0.0,0.0,0.0,0.0,0.0,0.0,0.0,0.0,0.0,0.0,0.0,0.0,0.0,0.0,0.0,0.0,0.0,0.0,0.0,0.0,0.0,0.0,0.0,0.0,0.0,0.0,0.0,0.0,0.0,0.0,0.0,0.0,0.0
2026-01-23 16:28:22,3.2,40.6,running,5.3,2.7,21.4,0.0,3.6,0.9,1.3,3.1,4.5,0.0,4.5,3.5,3.1,1.8,2.2,0.4,1.3,1.3,0.9,0.9,3.6,0.9,0.4,15.1,2.7,0.9,3.6,2.2,2.7,2.7,0.0,0.0,4.9,4.9,4.5,2.2,3.1,0.0,2.7,0.0,17.1,0.0,0.0,25.6,0.4,2.2,0.4,0.0,0.0,0.0,0.0,0.0,0.0,0.0,0.0,0.0,0.0,0.0,0.0,0.0,0.0,0.0,0.0,0.0,0.0,0.0,0.0,0.0,0.0,0.0,0.0,0.0,0.0,0.0,0.0,0.0,0.0,0.0,0.0,0.0,0.0,0.0,0.0,0.0,0.0,0.0,0.0,0.0,0.0,0.0,0.0,0.0,0.0,0.0,0.0,0.0
2026-01-23 16:28:25,3.1,43.7,running,4.5,0.0,23.7,0.0,6.7,0.8,3.1,2.7,3.1,0.0,4.0,2.2,1.8,0.4,0.9,2.2,0.9,3.5,1.8,6.7,2.2,0.0,0.0,10.2,0.0,4.0,3.1,0.0,6.1,2.2,4.0,0.9,3.6,3.1,4.4,0.0,0.9,0.9,0.9,2.2,8.8,2.7,0.8,32.9,2.2,0.4,0.9,0.0,0.0,0.0,0.0,0.0,0.0,0.0,0.0,0.0,0.0,0.0,0.0,0.0,0.0,0.0,0.0,0.0,0.0,0.0,0.0,0.0,0.0,0.0,0.0,0.0,0.0,0.0,0.0,0.0,0.0,0.0,0.0,0.0,0.0,0.0,0.0,0.0,0.0,0.0,0.0,0.0,0.0,0.0,0.0,0.0,0.0,0.0,0.0,0.0
2026-01-23 16:28:29,2.9,34.4,running,0.4,4.1,21.9,0.0,3.6,0.9,3.1,1.3,1.8,0.0,3.6,0.0,2.7,6.6,2.2,0.0,1.8,0.9,0.4,0.0,4.0,0.9,2.2,10.7,1.8,2.2,1.3,3.1,4.9,0.0,2.2,0.4,4.0,2.7,4.5,0.4,1.8,0.0,6.2,0.0,39.3,0.0,3.1,0.4,2.2,4.4,0.0,0.0,0.0,0.0,0.0,0.0,0.0,0.0,0.0,0.0,0.0,0.0,0.0,0.0,0.0,0.0,0.0,0.0,0.0,0.0,0.0,0.0,0.0,0.0,0.0,0.0,0.0,0.0,0.0,0.0,0.0,0.0,0.0,0.0,0.0,0.0,0.0,0.0,0.0,0.0,0.0,0.0,0.0,0.0,0.0,0.0,0.0,0.0,0.0,0.0
2026-01-23 16:28:32,3.0,28.1,running,4.9,0.4,19.7,2.7,6.2,0.0,3.6,1.8,4.4,0.0,1.8,0.4,3.6,3.1,1.8,0.0,2.2,1.3,4.0,0.4,1.3,1.8,2.7,9.0,4.0,1.3,1.3,0.4,4.9,3.1,0.9,0.4,3.6,0.0,1.3,3.1,2.2,1.3,2.2,1.8,10.7,0.0,2.7,30.7,3.6,2.7,2.7,0.0,0.0,0.0,0.0,0.0,0.0,0.0,0.0,0.0,0.0,0.0,0.0,0.0,0.0,0.0,0.0,0.0,0.0,0.0,0.0,0.0,0.0,0.0,0.0,0.0,0.0,0.0,0.0,0.0,0.0,0.0,0.0,0.0,0.0,0.0,0.0,0.0,0.0,0.0,0.0,0.0,0.0,0.0,0.0,0.0,0.0,0.0,0.0,0.0
2026-01-23 16:28:36,3.6,37.5,running,6.7,1.8,24.6,0.0,5.4,3.5,2.7,0.0,0.4,0.0,4.5,1.3,4.4,4.0,0.4,2.2,0.9,0.4,4.0,2.7,2.2,0.0,3.5,13.5,1.3,1.3,1.3,2.7,1.8,2.2,0.9,0.9,5.8,2.2,0.0,1.3,0.9,1.3,4.6,4.0,1.8,0.4,0.0,41.2,1.8,0.0,0.0,0.4,0.0,0.0,0.0,0.0,0.0,0.0,0.0,0.0,0.0,0.0,0.0,0.0,0.0,0.0,0.0,0.0,0.0,0.0,0.0,0.0,0.0,0.0,0.0,0.0,0.0,0.0,0.0,0.0,0.0,0.0,0.0,0.0,0.0,0.0,0.0,0.0,0.0,0.0,0.0,0.0,0.0,0.0,0.0,0.0,0.0,0.0,0.0,0.0
2026-01-23 16:28:39,3.7,28.1,running,1.8,0.0,25.4,4.6,4.9,1.3,1.8,0.9,5.8,0.0,2.2,0.9,1.3,1.3,0.4,0.9,0.4,1.8,1.8,1.8,2.7,0.0,2.7,10.6,3.5,5.8,6.2,0.0,4.0,0.0,0.9,1.8,5.8,1.7,3.1,1.3,0.4,1.8,0.0,1.3,2.2,0.9,0.0,40.6,3.1,3.1,1.3,0.9,0.0,0.0,0.0,0.0,0.0,0.0,0.0,0.0,0.0,0.0,0.0,0.0,0.0,0.0,0.0,0.0,0.0,0.0,0.0,0.0,0.0,0.0,0.0,0.0,0.0,0.0,0.0,0.0,0.0,0.0,0.0,0.0,0.0,0.0,0.0,0.0,0.0,0.0,0.0,0.0,0.0,0.0,0.0,0.0,0.0,0.0,0.0,0.0
2026-01-23 16:28:43,2.9,21.9,running,2.2,1.3,18.1,0.0,4.4,0.0,4.5,0.9,7.2,0.0,9.4,0.9,2.2,2.2,0.0,0.9,1.3,1.8,3.6,1.3,4.0,3.6,1.8,11.7,2.2,3.6,3.1,0.0,3.1,0.9,0.9,0.9,11.9,3.0,2.7,1.3,0.4,2.2,2.7,0.0,39.3,0.9,3.1,6.7,2.7,0.9,0.0,0.0,0.0,0.0,0.0,0.0,0.0,0.0,0.0,0.0,0.0,0.0,0.0,0.0,0.0,0.0,0.0,0.0,0.0,0.0,0.0,0.0,0.0,0.0,0.0,0.0,0.0,0.0,0.0,0.0,0.0,0.0,0.0,0.0,0.0,0.0,0.0,0.0,0.0,0.0,0.0,0.0,0.0,0.0,0.0,0.0,0.0,0.0,0.0,0.0
2026-01-23 16:28:46,3.6,34.3,running,4.5,2.7,18.7,0.9,2.3,0.4,2.2,0.0,4.0,0.0,2.7,1.3,1.3,3.6,0.0,0.4,0.0,4.9,0.9,1.8,4.4,2.2,3.6,11.2,4.4,1.3,1.3,0.0,2.7,2.2,0.4,2.7,2.7,1.3,2.2,1.3,0.0,0.4,6.2,1.3,43.6,1.8,1.8,0.9,1.3,3.1,0.4,0.0,0.0,0.0,0.0,0.0,0.0,0.0,0.0,0.0,0.0,0.0,0.0,0.0,0.0,0.0,0.0,0.0,0.0,0.0,0.0,0.0,0.0,0.0,0.0,0.0,0.0,0.0,0.0,0.0,0.0,0.0,0.0,0.0,0.0,0.0,0.0,0.0,0.0,0.0,0.0,0.0,0.0,0.0,0.0,0.0,0.0,0.0,0.0,0.0
2026-01-23 16:28:50,3.3,37.5,running,0.0,0.0,18.3,0.0,6.6,1.3,2.2,3.9,1.3,0.0,2.2,1.8,2.2,1.8,3.1,0.0,0.4,1.8,3.9,0.4,1.3,0.9,1.3,11.1,3.1,0.0,2.2,0.0,1.8,4.4,1.3,1.8,4.0,0.0,2.7,0.0,0.9,0.0,2.7,1.8,44.4,0.4,6.7,0.4,2.2,4.0,0.4,0.0,0.0,0.0,0.0,0.0,0.0,0.0,0.0,0.0,0.0,0.0,0.0,0.0,0.0,0.0,0.0,0.0,0.0,0.0,0.0,0.0,0.0,0.0,0.0,0.0,0.0,0.0,0.0,0.0,0.0,0.0,0.0,0.0,0.0,0.0,0.0,0.0,0.0,0.0,0.0,0.0,0.0,0.0,0.0,0.0,0.0,0.0,0.0,0.0
2026-01-23 16:28:53,3.2,25.0,running,0.4,0.4,18.1,1.5,5.8,0.9,2.7,0.4,2.2,0.0,1.8,0.9,2.7,0.0,1.3,1.8,2.2,0.4,0.9,1.3,2.2,0.9,3.1,8.4,5.0,3.1,4.9,1.8,1.3,0.0,0.4,0.0,5.4,2.7,3.1,0.4,0.9,0.9,3.2,0.0,1.8,3.1,0.9,44.0,0.4,0.4,0.9,0.4,0.0,0.0,0.0,0.0,0.0,0.0,0.0,0.0,0.0,0.0,0.0,0.0,0.0,0.0,0.0,0.0,0.0,0.0,0.0,0.0,0.0,0.0,0.0,0.0,0.0,0.0,0.0,0.0,0.0,0.0,0.0,0.0,0.0,0.0,0.0,0.0,0.0,0.0,0.0,0.0,0.0,0.0,0.0,0.0,0.0,0.0,0.0,0.0
2026-01-23 16:28:57,3.9,25.0,running,5.8,4.0,24.0,0.0,6.2,0.9,4.0,6.2,4.0,1.5,5.3,1.8,2.2,0.9,0.9,0.9,0.9,2.2,0.9,1.8,0.4,2.7,8.9,9.0,2.2,1.3,3.5,0.0,1.3,4.0,1.3,0.4,5.8,0.0,0.0,0.4,0.4,1.8,4.0,0.0,23.8,0.9,1.8,20.4,6.2,0.4,0.9,0.4,0.0,0.0,0.0,0.0,0.0,0.0,0.0,0.0,0.0,0.0,0.0,0.0,0.0,0.0,0.0,0.0,0.0,0.0,0.0,0.0,0.0,0.0,0.0,0.0,0.0,0.0,0.0,0.0,0.0,0.0,0.0,0.0,0.0,0.0,0.0,0.0,0.0,0.0,0.0,0.0,0.0,0.0,0.0,0.0,0.0,0.0,0.0,0.0
2026-01-23 16:29:00,3.9,18.7,running,4.5,0.4,21.7,0.0,4.4,0.4,2.2,1.3,6.3,1.6,1.8,4.0,3.6,2.2,3.1,1.3,2.2,2.2,1.8,2.2,1.3,6.2,1.3,10.2,2.2,3.1,4.0,0.4,3.2,0.4,1.3,0.9,3.1,1.7,0.0,0.9,0.4,0.4,0.9,0.0,39.1,0.4,8.9,6.7,0.9,0.0,1.3,0.4,0.0,0.0,0.0,0.0,0.0,0.0,0.0,0.0,0.0,0.0,0.0,0.0,0.0,0.0,0.0,0.0,0.0,0.0,0.0,0.0,0.0,0.0,0.0,0.0,0.0,0.0,0.0,0.0,0.0,0.0,0.0,0.0,0.0,0.0,0.0,0.0,0.0,0.0,0.0,0.0,0.0,0.0,0.0,0.0,0.0,0.0,0.0,0.0
2026-01-23 16:29:04,3.2,34.3,running,7.5,0.0,22.5,1.3,2.7,2.2,5.3,1.3,5.8,4.0,1.8,6.7,3.1,0.4,0.9,0.0,1.3,0.0,2.2,1.8,0.4,0.4,1.3,11.1,0.4,9.2,2.7,0.0,1.8,4.0,1.3,1.3,3.1,2.2,0.4,0.0,0.0,1.3,4.0,0.4,0.9,0.0,0.0,41.3,2.2,0.0,2.7,0.0,0.0,0.0,0.0,0.0,0.0,0.0,0.0,0.0,0.0,0.0,0.0,0.0,0.0,0.0,0.0,0.0,0.0,0.0,0.0,0.0,0.0,0.0,0.0,0.0,0.0,0.0,0.0,0.0,0.0,0.0,0.0,0.0,0.0,0.0,0.0,0.0,0.0,0.0,0.0,0.0,0.0,0.0,0.0,0.0,0.0,0.0,0.0,0.0
2026-01-23 16:29:07,4.2,28.1,running,4.9,0.0,17.0,1.3,4.5,1.3,3.6,0.0,6.2,0.9,8.9,0.0,1.3,0.0,0.9,2.2,1.3,0.9,2.2,2.2,1.3,0.9,1.3,10.0,5.8,3.6,3.6,0.9,3.5,2.6,1.3,2.7,5.8,0.0,1.3,0.4,1.8,1.8,1.8,1.3,39.6,0.0,5.7,14.3,2.7,1.3,5.4,0.0,0.0,0.0,0.0,0.0,0.0,0.0,0.0,0.0,0.0,0.0,0.0,0.0,0.0,0.0,0.0,0.0,0.0,0.0,0.0,0.0,0.0,0.0,0.0,0.0,0.0,0.0,0.0,0.0,0.0,0.0,0.0,0.0,0.0,0.0,0.0,0.0,0.0,0.0,0.0,0.0,0.0,0.0,0.0,0.0,0.0,0.0,0.0,0.0
2026-01-23 16:29:11,3.5,34.3,running,3.6,2.2,26.0,0.4,6.2,3.6,3.1,0.0,1.8,2.7,3.6,1.6,2.2,1.8,0.4,3.6,2.2,0.9,2.7,1.8,0.4,0.9,0.4,11.7,0.0,0.0,4.9,1.3,5.4,1.8,1.3,2.2,6.6,2.6,8.0,0.5,0.9,0.9,1.3,5.3,15.4,0.4,3.1,31.3,7.6,0.0,4.9,0.0,0.0,0.0,0.0,0.0,0.0,0.0,0.0,0.0,0.0,0.0,0.0,0.0,0.0,0.0,0.0,0.0,0.0,0.0,0.0,0.0,0.0,0.0,0.0,0.0,0.0,0.0,0.0,0.0,0.0,0.0,0.0,0.0,0.0,0.0,0.0,0.0,0.0,0.0,0.0,0.0,0.0,0.0,0.0,0.0,0.0,0.0,0.0,0.0
2026-01-23 16:29:14,3.3,40.6,running,2.7,2.7,21.9,3.6,4.5,2.2,3.1,1.9,4.4,2.7,7.6,0.0,1.8,2.7,3.6,2.7,6.6,0.0,0.9,0.0,0.9,0.4,1.3,10.7,3.1,2.2,3.1,1.8,3.5,4.9,0.0,3.1,3.1,4.4,4.0,4.9,0.4,0.4,6.7,3.1,3.6,1.3,0.4,41.8,1.8,1.8,3.1,0.9,0.0,0.0,0.0,0.0,0.0,0.0,0.0,0.0,0.0,0.0,0.0,0.0,0.0,0.0,0.0,0.0,0.0,0.0,0.0,0.0,0.0,0.0,0.0,0.0,0.0,0.0,0.0,0.0,0.0,0.0,0.0,0.0,0.0,0.0,0.0,0.0,0.0,0.0,0.0,0.0,0.0,0.0,0.0,0.0,0.0,0.0,0.0,0.0
2026-01-23 16:29:18,3.5,18.7,running,2.2,3.6,24.8,0.0,2.2,4.5,2.7,1.8,3.6,1.8,2.2,0.0,0.9,1.0,0.9,1.5,1.3,3.6,6.2,0.9,0.9,1.5,2.7,10.8,1.8,0.4,2.7,0.0,1.3,0.4,0.4,1.8,4.0,5.8,3.6,2.2,4.0,1.8,0.4,1.3,35.6,2.2,3.1,9.9,2.7,0.4,1.5,0.9,0.0,0.0,0.0,0.0,0.0,0.0,0.0,0.0,0.0,0.0,0.0,0.0,0.0,0.0,0.0,0.0,0.0,0.0,0.0,0.0,0.0,0.0,0.0,0.0,0.0,0.0,0.0,0.0,0.0,0.0,0.0,0.0,0.0,0.0,0.0,0.0,0.0,0.0,0.0,0.0,0.0,0.0,0.0,0.0,0.0,0.0,0.0,0.0
2026-01-23 16:29:21,3.3,28.1,running,3.1,4.0,20.0,1.8,3.1,4.0,1.8,0.9,5.3,0.0,6.2,4.0,0.9,2.8,2.2,0.0,0.4,1.8,2.2,4.8,6.2,0.4,0.9,10.3,4.9,2.7,4.0,0.0,0.0,0.0,0.0,0.4,4.9,4.0,1.8,0.0,4.8,0.9,4.5,0.9,29.9,0.9,2.2,15.4,0.4,0.0,0.8,0.0,0.0,0.0,0.0,0.0,0.0,0.0,0.0,0.0,0.0,0.0,0.0,0.0,0.0,0.0,0.0,0.0,0.0,0.0,0.0,0.0,0.0,0.0,0.0,0.0,0.0,0.0,0.0,0.0,0.0,0.0,0.0,0.0,0.0,0.0,0.0,0.0,0.0,0.0,0.0,0.0,0.0,0.0,0.0,0.0,0.0,0.0,0.0,0.0
2026-01-23 16:29:25,3.5,28.1,running,3.6,4.0,21.8,0.9,4.4,4.9,3.6,2.7,1.3,1.8,0.9,5.0,4.5,2.3,0.9,1.8,2.2,0.4,0.9,3.6,0.4,4.4,0.4,13.3,1.3,0.4,4.9,0.9,2.2,0.0,1.8,8.4,3.1,0.0,1.3,1.8,0.9,2.2,0.9,0.0,2.2,1.3,0.0,41.5,6.2,0.4,0.4,1.3,0.0,0.0,0.0,0.0,0.0,0.0,0.0,0.0,0.0,0.0,0.0,0.0,0.0,0.0,0.0,0.0,0.0,0.0,0.0,0.0,0.0,0.0,0.0,0.0,0.0,0.0,0.0,0.0,0.0,0.0,0.0,0.0,0.0,0.0,0.0,0.0,0.0,0.0,0.0,0.0,0.0,0.0,0.0,0.0,0.0,0.0,0.0,0.0
2026-01-23 16:29:28,3.7,40.6,running,1.8,1.8,19.6,1.1,3.1,2.7,2.2,1.3,3.1,0.0,2.7,0.5,6.2,0.0,3.6,0.4,1.3,0.0,1.8,0.0,0.4,0.9,1.3,12.9,1.8,1.8,2.2,0.0,0.9,0.0,0.0,0.9,5.7,6.2,1.8,3.1,0.4,0.4,2.2,0.0,42.2,0.4,7.0,3.2,4.0,0.0,0.4,0.4,0.0,0.0,0.0,0.0,0.0,0.0,0.0,0.0,0.0,0.0,0.0,0.0,0.0,0.0,0.0,0.0,0.0,0.0,0.0,0.0,0.0,0.0,0.0,0.0,0.0,0.0,0.0,0.0,0.0,0.0,0.0,0.0,0.0,0.0,0.0,0.0,0.0,0.0,0.0,0.0,0.0,0.0,0.0,0.0,0.0,0.0,0.0,0.0
2026-01-23 16:29:32,3.5,25.0,running,2.7,0.4,20.9,0.0,3.5,0.9,4.9,1.8,4.5,0.0,4.4,2.0,2.7,0.0,6.2,0.9,1.3,1.8,0.0,0.9,1.8,4.0,0.9,12.1,0.4,0.4,3.6,0.4,0.4,0.4,5.4,0.0,8.0,3.1,5.8,1.8,0.4,0.9,1.8,0.9,27.6,0.0,1.8,18.9,4.0,0.0,4.4,0.0,0.0,0.0,0.0,0.0,0.0,0.0,0.0,0.0,0.0,0.0,0.0,0.0,0.0,0.0,0.0,0.0,0.0,0.0,0.0,0.0,0.0,0.0,0.0,0.0,0.0,0.0,0.0,0.0,0.0,0.0,0.0,0.0,0.0,0.0,0.0,0.0,0.0,0.0,0.0,0.0,0.0,0.0,0.0,0.0,0.0,0.0,0.0,0.0
2026-01-23 16:29:35,3.2,34.3,running,3.1,1.3,22.2,0.0,3.2,2.2,5.8,1.3,2.2,1.8,6.6,1.4,2.2,3.1,4.9,2.7,3.1,1.4,0.4,0.0,2.2,0.9,1.4,13.2,0.9,3.6,1.8,3.5,4.0,2.3,0.9,0.4,1.3,4.9,1.3,0.0,0.9,1.3,2.7,0.9,0.4,0.9,0.0,39.6,5.3,0.0,2.2,0.0,0.0,0.0,0.0,0.0,0.0,0.0,0.0,0.0,0.0,0.0,0.0,0.0,0.0,0.0,0.0,0.0,0.0,0.0,0.0,0.0,0.0,0.0,0.0,0.0,0.0,0.0,0.0,0.0,0.0,0.0,0.0,0.0,0.0,0.0,0.0,0.0,0.0,0.0,0.0,0.0,0.0,0.0,0.0,0.0,0.0,0.0,0.0,0.0
2026-01-23 16:29:39,3.0,31.2,running,1.3,0.4,21.9,0.0,3.5,2.7,4.0,0.0,4.9,2.2,4.5,3.6,2.7,3.1,0.9,0.0,0.9,2.2,2.7,1.8,1.8,4.5,0.0,11.2,3.6,3.1,3.6,0.4,0.9,1.3,0.4,3.6,8.9,1.0,2.2,1.3,1.3,0.9,0.4,0.0,2.2,0.0,0.5,45.2,4.0,2.7,0.9,0.4,0.0,0.0,0.0,0.0,0.0,0.0,0.0,0.0,0.0,0.0,0.0,0.0,0.0,0.0,0.0,0.0,0.0,0.0,0.0,0.0,0.0,0.0,0.0,0.0,0.0,0.0,0.0,0.0,0.0,0.0,0.0,0.0,0.0,0.0,0.0,0.0,0.0,0.0,0.0,0.0,0.0,0.0,0.0,0.0,0.0,0.0,0.0,0.0
2026-01-23 16:29:42,3.2,37.5,running,0.4,6.7,20.8,0.0,3.6,1.3,2.2,3.1,3.1,1.3,2.7,1.3,2.7,2.2,2.2,0.0,0.9,0.4,1.8,0.0,1.3,3.1,0.4,12.8,1.3,0.9,2.7,0.0,1.8,0.4,1.8,0.9,3.6,0.4,10.7,0.0,1.8,0.9,1.3,0.0,26.7,0.0,4.6,17.5,1.8,1.8,0.4,0.4,0.0,0.0,0.0,0.0,0.0,0.0,0.0,0.0,0.0,0.0,0.0,0.0,0.0,0.0,0.0,0.0,0.0,0.0,0.0,0.0,0.0,0.0,0.0,0.0,0.0,0.0,0.0,0.0,0.0,0.0,0.0,0.0,0.0,0.0,0.0,0.0,0.0,0.0,0.0,0.0,0.0,0.0,0.0,0.0,0.0,0.0,0.0,0.0
2026-01-23 16:29:46,3.3,28.1,running,2.2,4.0,18.7,0.4,7.5,0.4,4.5,0.5,1.8,2.7,5.8,2.7,1.3,9.8,4.4,0.0,0.9,0.9,0.0,0.0,0.9,0.9,1.3,11.7,0.9,1.8,0.9,0.0,3.6,0.0,0.0,0.0,4.5,3.6,0.9,0.9,2.7,0.0,2.2,2.7,38.9,0.0,0.9,9.3,0.0,0.9,0.0,0.4,0.0,0.0,0.0,0.0,0.0,0.0,0.0,0.0,0.0,0.0,0.0,0.0,0.0,0.0,0.0,0.0,0.0,0.0,0.0,0.0,0.0,0.0,0.0,0.0,0.0,0.0,0.0,0.0,0.0,0.0,0.0,0.0,0.0,0.0,0.0,0.0,0.0,0.0,0.0,0.0,0.0,0.0,0.0,0.0,0.0,0.0,0.0,0.0
2026-01-23 16:29:49,3.1,31.2,running,2.7,1.3,19.4,0.9,3.6,0.9,6.7,2.2,3.1,0.9,4.4,1.8,4.9,2.2,0.0,0.0,3.5,1.8,1.3,0.0,4.5,0.9,0.4,11.1,0.9,0.0,3.1,0.9,4.4,1.3,0.4,0.9,3.6,0.4,2.7,3.6,3.6,0.4,0.9,0.0,4.0,0.0,0.0,42.2,4.5,6.7,0.4,0.4,0.0,0.0,0.0,0.0,0.0,0.0,0.0,0.0,0.0,0.0,0.0,0.0,0.0,0.0,0.0,0.0,0.0,0.0,0.0,0.0,0.0,0.0,0.0,0.0,0.0,0.0,0.0,0.0,0.0,0.0,0.0,0.0,0.0,0.0,0.0,0.0,0.0,0.0,0.0,0.0,0.0,0.0,0.0,0.0,0.0,0.0,0.0,0.0
2026-01-23 16:29:53,4.0,31.2,running,4.0,3.5,23.7,1.0,3.6,2.2,5.8,0.0,3.1,0.9,4.9,3.6,8.4,2.6,4.9,1.8,3.5,0.4,0.9,0.0,0.0,1.8,1.8,9.8,1.8,12.0,1.8,3.1,1.3,0.4,5.8,0.0,5.7,1.1,2.7,0.0,1.8,0.4,2.7,0.0,32.7,1.3,4.4,11.1,2.7,2.2,0.4,0.0,0.0,0.0,0.0,0.0,0.0,0.0,0.0,0.0,0.0,0.0,0.0,0.0,0.0,0.0,0.0,0.0,0.0,0.0,0.0,0.0,0.0,0.0,0.0,0.0,0.0,0.0,0.0,0.0,0.0,0.0,0.0,0.0,0.0,0.0,0.0,0.0,0.0,0.0,0.0,0.0,0.0,0.0,0.0,0.0,0.0,0.0,0.0,0.0
2026-01-23 16:29:56,3.2,31.2,running,2.7,0.9,26.3,0.0,6.6,6.2,5.3,2.2,3.6,1.3,2.7,0.9,1.8,0.0,2.2,2.2,0.9,1.8,1.3,0.0,1.8,1.3,0.9,9.8,2.2,2.2,2.2,0.0,0.9,0.0,0.0,4.5,3.5,0.4,0.4,0.9,0.9,1.8,3.6,1.3,29.5,3.1,2.2,17.7,0.9,4.0,0.0,0.4,0.0,0.0,0.0,0.0,0.0,0.0,0.0,0.0,0.0,0.0,0.0,0.0,0.0,0.0,0.0,0.0,0.0,0.0,0.0,0.0,0.0,0.0,0.0,0.0,0.0,0.0,0.0,0.0,0.0,0.0,0.0,0.0,0.0,0.0,0.0,0.0,0.0,0.0,0.0,0.0,0.0,0.0,0.0,0.0,0.0,0.0,0.0,0.0
2026-01-23 16:30:00,3.6,31.2,running,0.9,1.3,21.0,3.0,9.5,0.9,3.6,0.4,1.3,0.9,2.7,7.1,4.9,1.3,0.9,0.0,0.9,0.9,1.8,0.0,1.3,0.0,0.4,14.5,1.8,4.9,0.0,2.7,5.3,3.1,0.4,0.9,4.9,3.1,1.8,0.0,0.4,0.9,6.2,1.3,3.1,0.9,0.0,42.9,2.2,1.3,0.0,0.0,0.0,0.0,0.0,0.0,0.0,0.0,0.0,0.0,0.0,0.0,0.0,0.0,0.0,0.0,0.0,0.0,0.0,0.0,0.0,0.0,0.0,0.0,0.0,0.0,0.0,0.0,0.0,0.0,0.0,0.0,0.0,0.0,0.0,0.0,0.0,0.0,0.0,0.0,0.0,0.0,0.0,0.0,0.0,0.0,0.0,0.0,0.0,0.0
2026-01-23 16:30:03,3.1,28.1,running,1.3,4.0,18.1,0.4,4.8,0.4,4.0,4.0,4.4,0.0,2.2,4.0,2.2,0.4,3.0,0.9,2.2,0.4,3.1,0.0,7.0,3.4,1.8,12.0,1.8,0.9,2.7,1.3,3.2,0.0,0.4,2.7,4.5,1.3,3.5,0.0,0.4,1.8,6.3,5.8,35.6,0.0,1.3,7.5,0.9,0.4,0.0,0.0,0.0,0.0,0.0,0.0,0.0,0.0,0.0,0.0,0.0,0.0,0.0,0.0,0.0,0.0,0.0,0.0,0.0,0.0,0.0,0.0,0.0,0.0,0.0,0.0,0.0,0.0,0.0,0.0,0.0,0.0,0.0,0.0,0.0,0.0,0.0,0.0,0.0,0.0,0.0,0.0,0.0,0.0,0.0,0.0,0.0,0.0,0.0,0.0
2026-01-23 16:30:07,3.6,21.9,running,1.3,1.3,17.0,0.0,5.4,0.4,1.3,2.2,2.7,0.4,2.2,2.7,6.7,6.7,1.8,0.5,1.8,3.1,0.4,2.7,3.1,4.1,2.2,11.1,4.0,0.9,2.7,1.8,3.1,1.8,2.7,0.9,2.7,3.1,5.4,0.0,0.9,0.9,2.2,0.4,24.2,0.0,0.0,23.6,2.2,2.7,0.9,0.0,0.0,0.0,0.0,0.0,0.0,0.0,0.0,0.0,0.0,0.0,0.0,0.0,0.0,0.0,0.0,0.0,0.0,0.0,0.0,0.0,0.0,0.0,0.0,0.0,0.0,0.0,0.0,0.0,0.0,0.0,0.0,0.0,0.0,0.0,0.0,0.0,0.0,0.0,0.0,0.0,0.0,0.0,0.0,0.0,0.0,0.0,0.0,0.0
2026-01-23 16:30:10,3.2,28.1,running,1.8,0.9,20.4,0.9,3.6,0.4,4.0,3.0,4.5,0.9,0.9,3.7,0.9,2.7,0.4,2.1,1.3,0.9,0.0,0.0,6.2,2.3,0.0,13.8,4.9,0.0,1.3,0.0,3.1,1.3,0.0,0.0,5.3,3.1,0.4,0.9,3.6,0.4,3.2,1.3,0.4,0.4,0.0,47.5,5.8,0.4,1.3,0.4,0.0,0.0,0.0,0.0,0.0,0.0,0.0,0.0,0.0,0.0,0.0,0.0,0.0,0.0,0.0,0.0,0.0,0.0,0.0,0.0,0.0,0.0,0.0,0.0,0.0,0.0,0.0,0.0,0.0,0.0,0.0,0.0,0.0,0.0,0.0,0.0,0.0,0.0,0.0,0.0,0.0,0.0,0.0,0.0,0.0,0.0,0.0,0.0
2026-01-23 16:30:14,3.7,28.1,running,4.0,1.3,16.8,0.4,5.8,0.4,2.7,2.4,1.3,0.0,2.2,0.0,0.9,0.9,0.4,2.2,3.1,0.0,3.1,3.1,4.9,1.7,0.4,11.1,2.2,5.8,2.2,0.9,5.8,0.4,0.0,0.9,5.3,2.7,1.3,1.8,0.4,0.4,1.3,8.9,0.4,1.3,0.4,44.9,8.4,0.0,3.1,0.0,0.0,0.0,0.0,0.0,0.0,0.0,0.0,0.0,0.0,0.0,0.0,0.0,0.0,0.0,0.0,0.0,0.0,0.0,0.0,0.0,0.0,0.0,0.0,0.0,0.0,0.0,0.0,0.0,0.0,0.0,0.0,0.0,0.0,0.0,0.0,0.0,0.0,0.0,0.0,0.0,0.0,0.0,0.0,0.0,0.0,0.0,0.0,0.0
2026-01-23 16:30:17,3.7,34.3,running,1.8,0.4,19.6,0.9,4.9,1.3,6.2,0.0,4.0,0.0,5.8,0.4,1.8,3.1,0.9,3.1,3.6,1.3,2.7,1.4,0.9,2.2,0.4,12.1,7.1,3.1,4.4,1.8,1.3,0.0,1.3,0.9,1.3,4.4,2.2,0.9,4.0,2.2,1.8,4.0,0.0,3.1,0.0,43.3,5.4,0.4,1.8,0.4,0.0,0.0,0.0,0.0,0.0,0.0,0.0,0.0,0.0,0.0,0.0,0.0,0.0,0.0,0.0,0.0,0.0,0.0,0.0,0.0,0.0,0.0,0.0,0.0,0.0,0.0,0.0,0.0,0.0,0.0,0.0,0.0,0.0,0.0,0.0,0.0,0.0,0.0,0.0,0.0,0.0,0.0,0.0,0.0,0.0,0.0,0.0,0.0
2026-01-23 16:30:21,3.4,21.9,running,3.1,0.4,19.8,0.9,2.2,0.5,8.4,0.4,1.8,1.8,2.7,0.4,2.7,2.7,0.4,0.4,0.9,0.0,1.3,2.5,0.9,1.3,0.0,10.7,2.2,4.0,3.1,1.3,0.9,0.0,1.8,0.9,4.0,6.2,2.2,4.0,1.8,0.0,1.8,0.9,10.2,3.1,1.8,36.4,1.8,1.3,0.0,0.4,0.0,0.0,0.0,0.0,0.0,0.0,0.0,0.0,0.0,0.0,0.0,0.0,0.0,0.0,0.0,0.0,0.0,0.0,0.0,0.0,0.0,0.0,0.0,0.0,0.0,0.0,0.0,0.0,0.0,0.0,0.0,0.0,0.0,0.0,0.0,0.0,0.0,0.0,0.0,0.0,0.0,0.0,0.0,0.0,0.0,0.0,0.0,0.0
2026-01-23 16:30:24,3.2,43.7,running,0.0,0.0,23.8,2.2,3.6,0.4,4.4,0.0,1.8,0.0,2.2,1.8,1.3,3.6,2.2,3.6,1.8,2.7,2.7,0.0,0.9,5.8,0.4,11.9,3.6,0.4,2.7,2.2,0.9,2.7,2.2,0.0,6.7,3.6,1.8,2.6,0.0,0.4,2.2,1.8,36.7,1.3,7.6,1.3,1.3,1.3,0.4,0.4,0.0,0.0,0.0,0.0,0.0,0.0,0.0,0.0,0.0,0.0,0.0,0.0,0.0,0.0,0.0,0.0,0.0,0.0,0.0,0.0,0.0,0.0,0.0,0.0,0.0,0.0,0.0,0.0,0.0,0.0,0.0,0.0,0.0,0.0,0.0,0.0,0.0,0.0,0.0,0.0,0.0,0.0,0.0,0.0,0.0,0.0,0.0,0.0
2026-01-23 16:30:28,3.5,34.4,running,1.8,0.0,22.5,0.9,4.5,2.7,4.4,0.0,8.0,1.1,3.6,0.9,4.0,0.6,0.9,0.0,1.8,2.7,1.3,1.2,0.0,1.3,0.9,10.1,6.3,5.7,3.1,0.4,4.0,1.2,0.0,1.9,5.4,0.0,0.0,0.9,1.3,1.5,1.4,1.8,13.7,1.8,1.4,30.7,2.2,0.5,1.5,0.0,0.0,0.0,0.0,0.0,0.0,0.0,0.0,0.0,0.0,0.0,0.0,0.0,0.0,0.0,0.0,0.0,0.0,0.0,0.0,0.0,0.0,0.0,0.0,0.0,0.0,0.0,0.0,0.0,0.0,0.0,0.0,0.0,0.0,0.0,0.0,0.0,0.0,0.0,0.0,0.0,0.0,0.0,0.0,0.0,0.0,0.0,0.0,0.0
2026-01-23 16:30:31,3.5,34.3,running,3.1,1.3,22.6,1.4,2.7,1.8,5.8,0.7,3.1,0.8,5.4,0.0,2.2,3.3,0.0,0.4,1.8,0.9,2.2,3.3,0.4,1.9,0.9,14.4,3.5,2.7,1.3,1.3,6.2,1.4,3.0,1.3,5.3,0.0,3.4,0.9,0.0,1.2,1.7,0.4,16.0,0.4,0.0,28.6,3.6,1.7,3.6,0.4,0.0,0.0,0.0,0.0,0.0,0.0,0.0,0.0,0.0,0.0,0.0,0.0,0.0,0.0,0.0,0.0,0.0,0.0,0.0,0.0,0.0,0.0,0.0,0.0,0.0,0.0,0.0,0.0,0.0,0.0,0.0,0.0,0.0,0.0,0.0,0.0,0.0,0.0,0.0,0.0,0.0,0.0,0.0,0.0,0.0,0.0,0.0,0.0
2026-01-23 16:30:35,3.6,37.5,running,0.9,0.9,17.3,3.9,8.5,0.9,7.6,0.0,2.2,4.0,4.4,4.4,6.6,2.7,0.0,1.8,0.0,4.4,0.0,1.8,0.4,0.0,1.8,11.1,1.3,4.0,0.4,0.0,2.2,0.4,4.0,1.3,4.0,0.0,0.4,0.4,0.9,0.4,1.8,0.0,45.8,1.8,2.7,0.4,0.9,1.3,0.9,0.4,0.0,0.0,0.0,0.0,0.0,0.0,0.0,0.0,0.0,0.0,0.0,0.0,0.0,0.0,0.0,0.0,0.0,0.0,0.0,0.0,0.0,0.0,0.0,0.0,0.0,0.0,0.0,0.0,0.0,0.0,0.0,0.0,0.0,0.0,0.0,0.0,0.0,0.0,0.0,0.0,0.0,0.0,0.0,0.0,0.0,0.0,0.0,0.0
2026-01-23 16:30:38,3.4,25.0,running,2.7,0.0,22.3,1.3,5.3,0.0,4.9,0.0,5.8,2.2,3.6,1.8,1.3,0.4,2.2,0.5,0.4,0.4,1.8,0.0,6.2,1.8,0.0,11.1,3.1,2.7,8.8,0.9,0.9,2.2,2.2,2.2,5.3,2.2,2.2,0.0,0.9,0.4,1.8,3.1,6.7,2.2,1.8,31.3,4.0,0.0,1.3,0.0,0.0,0.0,0.0,0.0,0.0,0.0,0.0,0.0,0.0,0.0,0.0,0.0,0.0,0.0,0.0,0.0,0.0,0.0,0.0,0.0,0.0,0.0,0.0,0.0,0.0,0.0,0.0,0.0,0.0,0.0,0.0,0.0,0.0,0.0,0.0,0.0,0.0,0.0,0.0,0.0,0.0,0.0,0.0,0.0,0.0,0.0,0.0,0.0
2026-01-23 16:30:42,3.5,31.2,running,4.9,0.0,21.7,0.0,4.0,1.8,4.4,1.3,4.0,0.0,0.0,3.1,3.1,4.9,0.0,2.6,1.8,0.4,0.9,0.9,1.8,3.1,0.4,14.7,4.5,2.7,3.6,0.0,1.9,3.6,0.4,0.0,4.9,0.0,0.4,0.9,0.0,0.0,0.4,0.9,20.5,0.0,1.3,26.3,6.6,0.0,4.9,0.4,0.0,0.0,0.0,0.0,0.0,0.0,0.0,0.0,0.0,0.0,0.0,0.0,0.0,0.0,0.0,0.0,0.0,0.0,0.0,0.0,0.0,0.0,0.0,0.0,0.0,0.0,0.0,0.0,0.0,0.0,0.0,0.0,0.0,0.0,0.0,0.0,0.0,0.0,0.0,0.0,0.0,0.0,0.0,0.0,0.0,0.0,0.0,0.0
2026-01-23 16:30:45,3.7,25.0,running,1.3,0.9,20.0,0.0,3.5,0.4,8.0,0.0,1.8,0.4,3.6,1.2,1.8,2.2,0.0,2.2,2.7,1.3,1.8,2.2,2.2,1.3,1.8,13.8,2.2,1.8,3.6,0.0,2.2,1.8,1.3,0.9,4.9,4.4,1.8,0.0,1.8,0.9,2.7,0.0,39.2,6.6,7.1,0.4,2.2,0.4,4.5,0.0,0.0,0.0,0.0,0.0,0.0,0.0,0.0,0.0,0.0,0.0,0.0,0.0,0.0,0.0,0.0,0.0,0.0,0.0,0.0,0.0,0.0,0.0,0.0,0.0,0.0,0.0,0.0,0.0,0.0,0.0,0.0,0.0,0.0,0.0,0.0,0.0,0.0,0.0,0.0,0.0,0.0,0.0,0.0,0.0,0.0,0.0,0.0,0.0
2026-01-23 16:30:49,2.8,43.7,running,3.1,0.0,22.0,5.3,2.2,1.3,2.2,0.0,0.9,6.2,1.8,0.9,4.9,0.0,3.6,0.4,0.4,1.3,4.5,4.0,1.3,0.9,3.1,9.4,1.8,4.9,1.3,1.3,1.3,1.3,1.3,0.0,4.9,0.0,3.1,1.3,0.4,0.4,2.7,0.0,0.9,3.1,0.4,37.2,5.8,0.0,0.9,0.4,0.0,0.0,0.0,0.0,0.0,0.0,0.0,0.0,0.0,0.0,0.0,0.0,0.0,0.0,0.0,0.0,0.0,0.0,0.0,0.0,0.0,0.0,0.0,0.0,0.0,0.0,0.0,0.0,0.0,0.0,0.0,0.0,0.0,0.0,0.0,0.0,0.0,0.0,0.0,0.0,0.0,0.0,0.0,0.0,0.0,0.0,0.0,0.0
2026-01-23 16:30:52,3.5,34.3,running,3.6,0.0,24.6,0.0,4.0,4.0,4.5,1.9,5.8,0.9,1.3,1.8,1.8,1.8,0.0,0.0,1.3,1.8,0.0,0.4,3.5,0.5,0.4,10.2,0.9,4.5,4.5,3.5,0.9,5.8,1.3,5.3,4.0,5.3,2.7,0.0,0.4,0.9,0.4,0.0,24.1,3.2,3.1,21.0,1.4,0.0,0.4,0.0,0.0,0.0,0.0,0.0,0.0,0.0,0.0,0.0,0.0,0.0,0.0,0.0,0.0,0.0,0.0,0.0,0.0,0.0,0.0,0.0,0.0,0.0,0.0,0.0,0.0,0.0,0.0,0.0,0.0,0.0,0.0,0.0,0.0,0.0,0.0,0.0,0.0,0.0,0.0,0.0,0.0,0.0,0.0,0.0,0.0,0.0,0.0,0.0
2026-01-23 16:30:56,3.4,37.5,running,3.6,1.8,21.9,4.3,5.3,0.0,4.5,0.0,8.0,0.0,4.9,0.0,3.1,0.4,2.2,0.0,0.9,0.0,0.0,2.7,0.0,0.0,2.7,9.4,4.5,2.7,6.6,4.5,1.2,0.9,5.8,0.4,4.9,1.8,0.9,1.3,1.8,0.0,4.0,0.4,41.1,1.5,3.1,0.9,1.8,2.2,2.7,0.0,0.0,0.0,0.0,0.0,0.0,0.0,0.0,0.0,0.0,0.0,0.0,0.0,0.0,0.0,0.0,0.0,0.0,0.0,0.0,0.0,0.0,0.0,0.0,0.0,0.0,0.0,0.0,0.0,0.0,0.0,0.0,0.0,0.0,0.0,0.0,0.0,0.0,0.0,0.0,0.0,0.0,0.0,0.0,0.0,0.0,0.0,0.0,0.0
2026-01-23 16:30:59,3.0,31.2,running,3.6,0.4,18.1,0.0,4.0,4.9,3.1,1.8,2.7,0.0,0.9,2.8,2.7,0.4,0.0,2.2,1.8,3.1,0.9,3.1,0.0,2.9,0.0,10.3,0.4,5.8,4.4,3.5,3.1,0.0,2.2,0.4,2.2,0.9,0.4,2.2,2.7,1.4,4.9,0.4,45.8,0.0,1.8,0.0,1.3,2.2,1.8,0.0,0.0,0.0,0.0,0.0,0.0,0.0,0.0,0.0,0.0,0.0,0.0,0.0,0.0,0.0,0.0,0.0,0.0,0.0,0.0,0.0,0.0,0.0,0.0,0.0,0.0,0.0,0.0,0.0,0.0,0.0,0.0,0.0,0.0,0.0,0.0,0.0,0.0,0.0,0.0,0.0,0.0,0.0,0.0,0.0,0.0,0.0,0.0,0.0
2026-01-23 16:31:03,3.9,37.5,running,4.0,0.0,21.9,0.0,4.4,0.4,3.5,2.7,3.1,0.0,5.3,2.1,2.7,6.2,0.4,1.8,2.2,0.4,0.9,0.9,1.8,0.0,0.9,11.2,4.5,6.7,3.1,0.0,2.7,1.3,4.5,2.7,4.4,0.9,0.0,1.3,1.4,1.7,2.7,0.0,12.4,3.1,2.7,32.2,2.2,4.4,1.8,0.0,0.0,0.0,0.0,0.0,0.0,0.0,0.0,0.0,0.0,0.0,0.0,0.0,0.0,0.0,0.0,0.0,0.0,0.0,0.0,0.0,0.0,0.0,0.0,0.0,0.0,0.0,0.0,0.0,0.0,0.0,0.0,0.0,0.0,0.0,0.0,0.0,0.0,0.0,0.0,0.0,0.0,0.0,0.0,0.0,0.0,0.0,0.0,0.0
2026-01-23 16:31:06,3.5,37.4,running,6.7,0.0,17.8,3.0,3.1,3.2,1.8,0.0,1.8,0.0,2.2,4.9,1.8,1.8,0.9,1.8,1.3,0.9,0.9,0.4,4.5,0.0,3.1,14.0,2.7,0.9,5.4,0.0,0.9,0.0,3.3,2.3,4.9,4.3,0.0,2.7,0.9,0.9,2.2,1.3,8.9,0.4,1.3,32.3,3.1,2.7,4.0,0.0,0.0,0.0,0.0,0.0,0.0,0.0,0.0,0.0,0.0,0.0,0.0,0.0,0.0,0.0,0.0,0.0,0.0,0.0,0.0,0.0,0.0,0.0,0.0,0.0,0.0,0.0,0.0,0.0,0.0,0.0,0.0,0.0,0.0,0.0,0.0,0.0,0.0,0.0,0.0,0.0,0.0,0.0,0.0,0.0,0.0,0.0,0.0,0.0
2026-01-23 16:31:10,3.2,25.0,running,2.7,0.0,18.6,0.0,1.8,0.0,1.3,2.2,1.3,0.0,1.3,0.9,0.4,3.1,0.9,2.7,2.7,0.9,2.2,1.3,3.6,0.4,3.1,11.5,2.2,4.4,5.3,0.9,3.6,0.0,3.0,1.8,5.3,1.2,2.2,1.3,0.4,1.3,4.0,1.8,38.2,1.8,3.6,0.4,1.3,1.3,2.2,0.0,0.0,0.0,0.0,0.0,0.0,0.0,0.0,0.0,0.0,0.0,0.0,0.0,0.0,0.0,0.0,0.0,0.0,0.0,0.0,0.0,0.0,0.0,0.0,0.0,0.0,0.0,0.0,0.0,0.0,0.0,0.0,0.0,0.0,0.0,0.0,0.0,0.0,0.0,0.0,0.0,0.0,0.0,0.0,0.0,0.0,0.0,0.0,0.0
2026-01-23 16:31:13,3.5,34.4,running,1.8,0.9,19.9,1.3,4.9,2.7,5.8,1.8,3.1,0.0,3.6,0.0,3.1,2.7,3.1,2.2,1.3,3.1,1.3,3.6,2.2,1.3,0.4,16.1,4.0,5.8,1.8,0.0,2.2,0.9,0.0,0.4,0.0,6.2,2.7,0.4,2.2,1.3,4.4,1.3,8.6,0.0,0.9,32.9,1.8,1.3,4.5,1.3,0.0,0.0,0.0,0.0,0.0,0.0,0.0,0.0,0.0,0.0,0.0,0.0,0.0,0.0,0.0,0.0,0.0,0.0,0.0,0.0,0.0,0.0,0.0,0.0,0.0,0.0,0.0,0.0,0.0,0.0,0.0,0.0,0.0,0.0,0.0,0.0,0.0,0.0,0.0,0.0,0.0,0.0,0.0,0.0,0.0,0.0,0.0,0.0
2026-01-23 16:31:17,3.4,43.7,running,0.9,0.0,18.7,3.6,4.9,3.6,5.3,1.8,8.0,1.3,4.0,3.0,1.8,1.8,0.0,1.3,0.4,4.5,1.8,1.8,0.4,0.0,0.9,11.9,0.0,0.9,3.1,0.9,0.9,0.9,0.9,0.9,1.3,5.4,2.2,2.2,0.4,1.8,2.2,0.4,9.7,7.5,5.3,28.3,9.8,0.0,3.1,0.4,0.0,0.0,0.0,0.0,0.0,0.0,0.0,0.0,0.0,0.0,0.0,0.0,0.0,0.0,0.0,0.0,0.0,0.0,0.0,0.0,0.0,0.0,0.0,0.0,0.0,0.0,0.0,0.0,0.0,0.0,0.0,0.0,0.0,0.0,0.0,0.0,0.0,0.0,0.0,0.0,0.0,0.0,0.0,0.0,0.0,0.0,0.0,0.0
2026-01-23 16:31:20,3.9,40.6,running,2.7,0.4,21.0,3.1,4.0,0.9,8.5,4.5,1.8,2.2,1.8,4.4,1.8,4.0,1.3,0.9,2.2,4.0,0.0,0.0,0.4,0.0,0.0,10.7,2.7,3.6,2.7,0.0,5.1,2.7,4.4,3.6,1.8,1.8,2.7,0.0,0.0,0.9,4.4,1.8,39.3,0.5,0.4,1.3,4.9,1.8,4.4,0.4,0.0,0.0,0.0,0.0,0.0,0.0,0.0,0.0,0.0,0.0,0.0,0.0,0.0,0.0,0.0,0.0,0.0,0.0,0.0,0.0,0.0,0.0,0.0,0.0,0.0,0.0,0.0,0.0,0.0,0.0,0.0,0.0,0.0,0.0,0.0,0.0,0.0,0.0,0.0,0.0,0.0,0.0,0.0,0.0,0.0,0.0,0.0,0.0
2026-01-23 16:31:24,3.7,31.2,running,6.2,0.9,23.8,1.9,4.0,1.1,1.8,0.0,2.2,0.4,2.7,2.7,0.9,1.3,0.4,0.9,3.1,1.3,2.2,0.0,1.3,0.0,0.9,13.2,0.4,2.2,1.8,0.9,5.1,0.0,4.8,0.0,3.6,4.0,0.9,0.0,1.3,1.3,2.2,2.7,5.4,4.8,0.4,40.5,4.4,3.1,0.4,0.0,0.0,0.0,0.0,0.0,0.0,0.0,0.0,0.0,0.0,0.0,0.0,0.0,0.0,0.0,0.0,0.0,0.0,0.0,0.0,0.0,0.0,0.0,0.0,0.0,0.0,0.0,0.0,0.0,0.0,0.0,0.0,0.0,0.0,0.0,0.0,0.0,0.0,0.0,0.0,0.0,0.0,0.0,0.0,0.0,0.0,0.0,0.0,0.0
2026-01-23 16:31:27,3.2,34.3,running,1.8,0.0,20.4,0.9,3.6,0.4,4.9,0.0,2.7,0.4,2.2,0.4,1.8,4.0,0.9,3.1,0.9,0.4,1.8,0.0,0.0,4.4,0.0,10.7,1.8,0.9,1.8,2.7,3.9,0.0,2.7,0.0,4.5,2.2,0.9,4.9,3.1,0.4,3.1,2.7,0.4,1.3,0.9,44.0,4.9,0.0,4.4,0.0,0.0,0.0,0.0,0.0,0.0,0.0,0.0,0.0,0.0,0.0,0.0,0.0,0.0,0.0,0.0,0.0,0.0,0.0,0.0,0.0,0.0,0.0,0.0,0.0,0.0,0.0,0.0,0.0,0.0,0.0,0.0,0.0,0.0,0.0,0.0,0.0,0.0,0.0,0.0,0.0,0.0,0.0,0.0,0.0,0.0,0.0,0.0,0.0
2026-01-23 16:31:31,3.5,31.2,running,2.6,0.4,25.2,0.0,4.0,2.7,4.0,0.4,1.3,0.0,3.5,4.9,2.2,4.0,2.2,0.4,1.8,2.7,0.0,0.0,0.4,0.4,3.1,10.8,1.8,0.0,4.0,0.5,4.4,0.0,2.2,0.0,1.3,1.8,6.2,2.7,0.9,0.9,0.4,3.6,3.1,0.0,1.3,41.8,6.2,0.9,1.8,0.4,0.0,0.0,0.0,0.0,0.0,0.0,0.0,0.0,0.0,0.0,0.0,0.0,0.0,0.0,0.0,0.0,0.0,0.0,0.0,0.0,0.0,0.0,0.0,0.0,0.0,0.0,0.0,0.0,0.0,0.0,0.0,0.0,0.0,0.0,0.0,0.0,0.0,0.0,0.0,0.0,0.0,0.0,0.0,0.0,0.0,0.0,0.0,0.0
2026-01-23 16:31:34,3.2,43.7,running,5.8,0.0,20.0,2.1,4.0,0.9,2.7,2.4,2.2,0.0,0.4,1.8,0.4,7.5,1.3,2.2,2.2,5.3,0.0,2.7,1.8,3.6,4.9,9.8,1.8,0.0,2.7,1.2,0.9,0.0,0.0,0.0,4.9,3.1,1.8,0.0,0.0,0.4,0.9,0.9,41.1,0.0,0.9,0.0,3.6,0.0,0.9,0.4,0.0,0.0,0.0,0.0,0.0,0.0,0.0,0.0,0.0,0.0,0.0,0.0,0.0,0.0,0.0,0.0,0.0,0.0,0.0,0.0,0.0,0.0,0.0,0.0,0.0,0.0,0.0,0.0,0.0,0.0,0.0,0.0,0.0,0.0,0.0,0.0,0.0,0.0,0.0,0.0,0.0,0.0,0.0,0.0,0.0,0.0,0.0,0.0
2026-01-23 16:31:38,3.1,25.0,running,2.2,0.9,20.4,1.3,7.1,0.0,4.9,2.1,1.8,0.0,0.0,0.9,2.7,2.3,3.6,1.8,4.0,2.2,3.6,0.4,1.3,0.0,4.0,14.3,0.9,0.0,1.8,1.3,0.9,1.3,0.9,0.0,1.3,2.7,4.0,1.8,0.9,0.0,0.4,2.7,14.7,0.0,3.6,26.5,5.3,1.3,3.1,0.0,0.0,0.0,0.0,0.0,0.0,0.0,0.0,0.0,0.0,0.0,0.0,0.0,0.0,0.0,0.0,0.0,0.0,0.0,0.0,0.0,0.0,0.0,0.0,0.0,0.0,0.0,0.0,0.0,0.0,0.0,0.0,0.0,0.0,0.0,0.0,0.0,0.0,0.0,0.0,0.0,0.0,0.0,0.0,0.0,0.0,0.0,0.0,0.0
2026-01-23 16:31:41,3.7,34.3,running,2.2,0.0,21.0,2.2,4.0,1.3,3.6,0.4,2.2,1.8,2.7,1.8,1.4,3.0,6.2,0.9,1.3,0.4,0.9,0.4,4.9,0.4,6.2,12.5,2.2,0.0,3.1,0.9,2.7,2.2,2.7,0.9,1.3,2.2,3.1,1.8,0.4,1.3,2.2,4.5,9.3,0.0,2.7,35.3,4.4,0.4,1.3,0.4,0.0,0.0,0.0,0.0,0.0,0.0,0.0,0.0,0.0,0.0,0.0,0.0,0.0,0.0,0.0,0.0,0.0,0.0,0.0,0.0,0.0,0.0,0.0,0.0,0.0,0.0,0.0,0.0,0.0,0.0,0.0,0.0,0.0,0.0,0.0,0.0,0.0,0.0,0.0,0.0,0.0,0.0,0.0,0.0,0.0,0.0,0.0,0.0
2026-01-23 16:31:45,3.5,34.4,running,4.9,0.0,27.1,0.8,1.8,0.4,4.0,0.0,7.2,4.9,3.6,1.8,2.2,2.2,2.7,0.4,2.2,3.5,0.9,1.8,1.3,0.9,0.4,11.6,0.4,2.7,1.3,1.8,4.3,0.0,4.0,1.4,0.4,6.2,1.3,2.7,0.4,2.2,2.2,0.0,41.6,0.4,3.1,0.0,4.0,1.3,0.0,0.0,0.0,0.0,0.0,0.0,0.0,0.0,0.0,0.0,0.0,0.0,0.0,0.0,0.0,0.0,0.0,0.0,0.0,0.0,0.0,0.0,0.0,0.0,0.0,0.0,0.0,0.0,0.0,0.0,0.0,0.0,0.0,0.0,0.0,0.0,0.0,0.0,0.0,0.0,0.0,0.0,0.0,0.0,0.0,0.0,0.0,0.0,0.0,0.0
2026-01-23 16:31:48,3.7,34.4,running,1.8,1.3,25.8,2.1,4.4,0.4,4.4,0.9,1.8,4.9,2.2,2.7,0.9,5.8,0.4,0.9,0.4,1.3,0.0,0.0,3.1,2.7,1.8,12.1,2.7,4.0,1.3,0.0,2.2,0.4,2.7,0.0,1.3,4.0,4.0,0.0,0.0,0.4,2.2,0.9,43.6,1.3,4.0,0.9,4.4,1.3,0.0,0.0,0.0,0.0,0.0,0.0,0.0,0.0,0.0,0.0,0.0,0.0,0.0,0.0,0.0,0.0,0.0,0.0,0.0,0.0,0.0,0.0,0.0,0.0,0.0,0.0,0.0,0.0,0.0,0.0,0.0,0.0,0.0,0.0,0.0,0.0,0.0,0.0,0.0,0.0,0.0,0.0,0.0,0.0,0.0,0.0,0.0,0.0,0.0,0.0
2026-01-23 16:31:52,3.4,31.2,running,1.8,3.6,21.1,0.4,5.8,0.9,4.0,0.0,0.9,0.4,1.8,0.0,2.2,3.6,0.0,0.4,1.3,3.1,3.6,2.2,2.2,4.0,0.9,13.4,2.2,3.6,1.8,0.0,1.3,3.1,2.7,0.9,1.8,5.4,0.9,0.4,0.0,0.4,0.9,0.0,32.9,0.4,2.2,16.3,4.0,0.0,0.0,0.0,0.0,0.0,0.0,0.0,0.0,0.0,0.0,0.0,0.0,0.0,0.0,0.0,0.0,0.0,0.0,0.0,0.0,0.0,0.0,0.0,0.0,0.0,0.0,0.0,0.0,0.0,0.0,0.0,0.0,0.0,0.0,0.0,0.0,0.0,0.0,0.0,0.0,0.0,0.0,0.0,0.0,0.0,0.0,0.0,0.0,0.0,0.0,0.0
2026-01-23 16:31:55,4.0,31.2,running,1.3,1.3,22.5,2.8,6.2,1.3,7.6,1.3,4.0,1.8,4.4,4.4,3.1,4.5,1.8,3.1,1.8,1.3,2.2,3.1,4.0,1.9,1.3,12.9,1.3,1.8,3.6,0.4,2.2,0.9,2.2,0.0,1.3,0.4,0.9,4.0,1.3,1.3,1.3,0.0,0.4,0.0,0.4,42.7,7.1,0.4,0.4,0.0,0.0,0.0,0.0,0.0,0.0,0.0,0.0,0.0,0.0,0.0,0.0,0.0,0.0,0.0,0.0,0.0,0.0,0.0,0.0,0.0,0.0,0.0,0.0,0.0,0.0,0.0,0.0,0.0,0.0,0.0,0.0,0.0,0.0,0.0,0.0,0.0,0.0,0.0,0.0,0.0,0.0,0.0,0.0,0.0,0.0,0.0,0.0,0.0
2026-01-23 16:31:59,3.1,21.9,running,4.9,0.0,19.3,0.0,2.7,0.4,2.2,0.0,1.3,2.7,4.9,3.6,5.4,2.2,2.2,0.4,0.9,1.3,0.9,0.4,5.3,0.8,0.0,12.0,0.0,0.4,2.2,0.9,2.2,0.9,1.8,0.0,1.8,0.0,4.8,2.2,1.3,0.4,2.6,0.0,35.4,2.7,9.3,4.9,5.3,0.0,1.3,0.4,0.0,0.0,0.0,0.0,0.0,0.0,0.0,0.0,0.0,0.0,0.0,0.0,0.0,0.0,0.0,0.0,0.0,0.0,0.0,0.0,0.0,0.0,0.0,0.0,0.0,0.0,0.0,0.0,0.0,0.0,0.0,0.0,0.0,0.0,0.0,0.0,0.0,0.0,0.0,0.0,0.0,0.0,0.0,0.0,0.0,0.0,0.0,0.0
2026-01-23 16:32:02,3.8,21.9,running,3.6,0.0,20.2,2.7,4.0,2.2,6.2,1.3,5.4,0.0,2.7,3.6,2.2,1.3,4.0,3.6,4.4,2.2,1.8,2.2,2.2,1.0,0.0,11.6,0.0,1.3,3.6,0.4,2.2,0.4,0.4,0.0,0.0,2.2,2.0,1.3,0.9,1.8,1.8,0.4,28.0,0.9,5.0,20.8,7.6,0.0,4.5,0.0,0.0,0.0,0.0,0.0,0.0,0.0,0.0,0.0,0.0,0.0,0.0,0.0,0.0,0.0,0.0,0.0,0.0,0.0,0.0,0.0,0.0,0.0,0.0,0.0,0.0,0.0,0.0,0.0,0.0,0.0,0.0,0.0,0.0,0.0,0.0,0.0,0.0,0.0,0.0,0.0,0.0,0.0,0.0,0.0,0.0,0.0,0.0,0.0
2026-01-23 16:32:06,3.7,15.6,running,1.3,0.0,20.9,1.3,3.1,0.4,5.3,2.7,4.4,0.0,2.2,1.8,4.9,0.0,1.8,1.8,2.6,5.8,1.8,1.3,6.2,0.4,0.4,14.2,1.8,1.3,2.2,2.2,1.3,0.5,0.0,0.0,0.9,0.9,3.6,5.5,0.0,0.9,2.7,0.9,1.8,1.8,2.0,43.5,9.7,0.9,0.9,0.0,0.0,0.0,0.0,0.0,0.0,0.0,0.0,0.0,0.0,0.0,0.0,0.0,0.0,0.0,0.0,0.0,0.0,0.0,0.0,0.0,0.0,0.0,0.0,0.0,0.0,0.0,0.0,0.0,0.0,0.0,0.0,0.0,0.0,0.0,0.0,0.0,0.0,0.0,0.0,0.0,0.0,0.0,0.0,0.0,0.0,0.0,0.0,0.0
2026-01-23 16:32:09,3.8,37.5,running,7.1,0.9,24.4,0.0,4.0,1.3,6.3,0.9,3.6,0.4,2.2,4.0,1.3,3.1,0.5,2.2,2.7,0.0,0.4,1.8,0.9,2.7,0.0,10.7,3.6,4.0,1.8,1.8,0.5,0.0,0.0,5.4,1.8,3.6,0.4,0.0,0.0,1.4,2.2,3.1,38.4,0.9,3.6,1.3,6.7,0.9,0.9,0.0,0.0,0.0,0.0,0.0,0.0,0.0,0.0,0.0,0.0,0.0,0.0,0.0,0.0,0.0,0.0,0.0,0.0,0.0,0.0,0.0,0.0,0.0,0.0,0.0,0.0,0.0,0.0,0.0,0.0,0.0,0.0,0.0,0.0,0.0,0.0,0.0,0.0,0.0,0.0,0.0,0.0,0.0,0.0,0.0,0.0,0.0,0.0,0.0
2026-01-23 16:32:13,3.3,34.3,running,4.0,0.9,19.6,2.2,3.1,0.9,2.7,1.3,1.8,0.9,1.3,2.7,3.1,3.5,0.0,0.4,3.1,1.3,0.9,0.4,2.7,0.4,0.0,11.7,0.9,0.4,2.2,1.3,0.9,0.0,0.4,0.0,2.2,1.8,4.9,2.2,2.7,0.4,0.9,3.1,44.6,2.7,7.5,1.3,3.1,0.4,4.4,0.0,0.0,0.0,0.0,0.0,0.0,0.0,0.0,0.0,0.0,0.0,0.0,0.0,0.0,0.0,0.0,0.0,0.0,0.0,0.0,0.0,0.0,0.0,0.0,0.0,0.0,0.0,0.0,0.0,0.0,0.0,0.0,0.0,0.0,0.0,0.0,0.0,0.0,0.0,0.0,0.0,0.0,0.0,0.0,0.0,0.0,0.0,0.0,0.0
2026-01-23 16:32:16,3.2,28.1,running,2.2,2.2,20.7,3.6,3.1,0.0,0.4,2.7,2.7,0.4,4.4,1.3,1.8,3.1,0.4,0.0,2.7,3.1,3.1,1.8,0.9,1.3,0.4,12.5,2.2,1.3,2.2,0.0,1.7,1.3,0.4,0.4,4.9,4.9,6.2,0.0,0.9,0.9,0.9,0.9,42.9,3.1,5.8,0.9,4.0,0.0,4.0,0.0,0.0,0.0,0.0,0.0,0.0,0.0,0.0,0.0,0.0,0.0,0.0,0.0,0.0,0.0,0.0,0.0,0.0,0.0,0.0,0.0,0.0,0.0,0.0,0.0,0.0,0.0,0.0,0.0,0.0,0.0,0.0,0.0,0.0,0.0,0.0,0.0,0.0,0.0,0.0,0.0,0.0,0.0,0.0,0.0,0.0,0.0,0.0,0.0
2026-01-23 16:32:20,3.4,31.2,running,5.3,2.7,21.7,1.8,7.1,0.9,3.6,0.0,3.6,1.4,5.0,3.5,9.8,6.7,2.7,2.2,1.4,4.0,4.4,5.4,2.2,0.4,0.4,10.2,2.7,4.0,8.0,0.0,0.4,2.2,2.2,0.0,0.0,0.4,2.7,0.0,0.0,0.9,0.4,0.0,40.4,0.9,4.0,3.6,1.8,2.6,0.4,0.0,0.0,0.0,0.0,0.0,0.0,0.0,0.0,0.0,0.0,0.0,0.0,0.0,0.0,0.0,0.0,0.0,0.0,0.0,0.0,0.0,0.0,0.0,0.0,0.0,0.0,0.0,0.0,0.0,0.0,0.0,0.0,0.0,0.0,0.0,0.0,0.0,0.0,0.0,0.0,0.0,0.0,0.0,0.0,0.0,0.0,0.0,0.0,0.0
2026-01-23 16:32:23,3.2,34.4,running,3.1,1.3,22.3,0.0,6.7,1.3,3.6,0.0,3.6,0.0,1.8,0.9,0.9,0.0,0.0,0.4,1.3,2.7,0.4,0.4,0.4,2.7,1.3,12.9,0.4,2.2,3.1,0.4,0.5,4.0,2.2,1.8,3.5,4.9,3.6,0.0,3.1,0.0,3.6,1.3,13.4,0.0,0.9,32.0,5.4,4.0,2.2,0.0,0.0,0.0,0.0,0.0,0.0,0.0,0.0,0.0,0.0,0.0,0.0,0.0,0.0,0.0,0.0,0.0,0.0,0.0,0.0,0.0,0.0,0.0,0.0,0.0,0.0,0.0,0.0,0.0,0.0,0.0,0.0,0.0,0.0,0.0,0.0,0.0,0.0,0.0,0.0,0.0,0.0,0.0,0.0,0.0,0.0,0.0,0.0,0.0
2026-01-23 16:32:27,3.6,21.8,running,0.9,3.1,20.7,0.0,7.5,1.8,1.8,0.9,2.2,3.1,2.7,4.4,1.8,3.1,1.8,1.3,1.3,4.9,2.7,0.9,0.4,0.9,1.3,11.2,3.5,2.2,4.0,1.8,4.3,0.0,0.0,0.0,2.7,4.0,5.3,0.4,2.2,0.4,0.9,4.0,13.8,0.5,0.9,30.0,2.7,1.0,1.3,0.0,0.0,0.0,0.0,0.0,0.0,0.0,0.0,0.0,0.0,0.0,0.0,0.0,0.0,0.0,0.0,0.0,0.0,0.0,0.0,0.0,0.0,0.0,0.0,0.0,0.0,0.0,0.0,0.0,0.0,0.0,0.0,0.0,0.0,0.0,0.0,0.0,0.0,0.0,0.0,0.0,0.0,0.0,0.0,0.0,0.0,0.0,0.0,0.0
2026-01-23 16:32:31,3.8,34.4,running,3.1,0.9,24.1,0.0,7.6,1.8,4.4,1.3,4.4,1.8,4.0,1.8,3.1,1.3,0.9,0.4,1.3,0.0,0.4,2.2,2.7,0.4,0.9,10.2,1.3,1.3,1.8,0.0,4.9,0.0,0.4,3.1,0.9,8.3,6.2,0.4,0.9,0.4,2.2,4.5,42.7,0.8,4.9,0.0,4.0,0.0,2.2,0.0,0.0,0.0,0.0,0.0,0.0,0.0,0.0,0.0,0.0,0.0,0.0,0.0,0.0,0.0,0.0,0.0,0.0,0.0,0.0,0.0,0.0,0.0,0.0,0.0,0.0,0.0,0.0,0.0,0.0,0.0,0.0,0.0,0.0,0.0,0.0,0.0,0.0,0.0,0.0,0.0,0.0,0.0,0.0,0.0,0.0,0.0,0.0,0.0
2026-01-23 16:32:34,3.1,21.9,running,4.9,1.8,20.0,0.0,4.9,0.9,4.0,0.4,3.1,0.4,0.5,4.0,1.3,1.3,0.0,2.2,2.2,0.4,0.0,0.0,1.3,0.0,0.9,11.6,0.0,2.2,4.0,0.0,2.2,0.4,0.4,1.3,0.9,5.4,3.1,2.7,1.3,0.9,1.3,1.3,44.4,0.4,7.6,0.9,4.4,0.9,0.4,0.0,0.0,0.0,0.0,0.0,0.0,0.0,0.0,0.0,0.0,0.0,0.0,0.0,0.0,0.0,0.0,0.0,0.0,0.0,0.0,0.0,0.0,0.0,0.0,0.0,0.0,0.0,0.0,0.0,0.0,0.0,0.0,0.0,0.0,0.0,0.0,0.0,0.0,0.0,0.0,0.0,0.0,0.0,0.0,0.0,0.0,0.0,0.0,0.0
2026-01-23 16:32:38,3.4,28.1,running,0.9,0.0,21.4,1.6,4.5,4.9,1.3,0.0,1.3,2.2,5.3,2.2,4.0,1.3,1.8,1.8,1.3,5.3,0.9,0.4,5.8,0.0,0.0,10.7,5.8,1.8,3.1,1.8,3.1,0.0,0.4,1.3,1.3,1.8,4.9,1.3,0.0,0.0,2.7,0.0,23.8,0.9,7.6,17.0,4.0,0.0,0.4,0.0,0.0,0.0,0.0,0.0,0.0,0.0,0.0,0.0,0.0,0.0,0.0,0.0,0.0,0.0,0.0,0.0,0.0,0.0,0.0,0.0,0.0,0.0,0.0,0.0,0.0,0.0,0.0,0.0,0.0,0.0,0.0,0.0,0.0,0.0,0.0,0.0,0.0,0.0,0.0,0.0,0.0,0.0,0.0,0.0,0.0,0.0,0.0,0.0
2026-01-23 16:32:41,3.5,28.1,running,4.8,0.9,23.0,0.4,7.2,0.4,8.4,0.4,4.9,2.2,2.2,2.3,3.1,0.9,4.0,3.6,1.3,1.3,0.9,0.0,0.9,0.0,0.9,12.6,3.1,4.0,3.1,0.0,4.0,1.3,0.0,4.0,0.0,2.7,2.7,2.7,0.9,0.9,0.4,0.4,0.0,0.0,0.0,40.0,9.2,0.4,0.0,0.0,0.0,0.0,0.0,0.0,0.0,0.0,0.0,0.0,0.0,0.0,0.0,0.0,0.0,0.0,0.0,0.0,0.0,0.0,0.0,0.0,0.0,0.0,0.0,0.0,0.0,0.0,0.0,0.0,0.0,0.0,0.0,0.0,0.0,0.0,0.0,0.0,0.0,0.0,0.0,0.0,0.0,0.0,0.0,0.0,0.0,0.0,0.0,0.0
2026-01-23 16:32:45,3.6,25.0,running,2.7,2.3,20.9,0.0,3.5,0.0,4.0,2.2,3.6,1.8,6.7,1.3,0.9,0.9,0.4,0.0,0.9,1.3,0.5,2.2,0.9,0.0,0.0,11.1,0.0,0.0,0.9,0.4,1.8,2.2,3.6,0.9,1.8,1.3,10.2,0.0,2.2,1.3,0.4,1.8,38.3,1.8,13.3,0.9,7.1,0.9,0.9,0.0,0.0,0.0,0.0,0.0,0.0,0.0,0.0,0.0,0.0,0.0,0.0,0.0,0.0,0.0,0.0,0.0,0.0,0.0,0.0,0.0,0.0,0.0,0.0,0.0,0.0,0.0,0.0,0.0,0.0,0.0,0.0,0.0,0.0,0.0,0.0,0.0,0.0,0.0,0.0,0.0,0.0,0.0,0.0,0.0,0.0,0.0,0.0,0.0
2026-01-23 16:32:48,3.1,25.0,running,5.4,0.0,19.5,1.8,6.6,4.4,1.8,0.9,1.3,0.0,3.1,0.0,1.8,3.1,2.7,0.4,3.1,0.0,0.9,2.7,1.8,0.3,0.0,10.7,4.0,3.1,2.2,0.0,1.3,1.3,3.1,0.9,0.9,2.2,6.2,2.7,2.2,0.0,2.2,0.9,41.8,0.0,4.0,1.3,4.8,0.9,0.0,0.0,0.0,0.0,0.0,0.0,0.0,0.0,0.0,0.0,0.0,0.0,0.0,0.0,0.0,0.0,0.0,0.0,0.0,0.0,0.0,0.0,0.0,0.0,0.0,0.0,0.0,0.0,0.0,0.0,0.0,0.0,0.0,0.0,0.0,0.0,0.0,0.0,0.0,0.0,0.0,0.0,0.0,0.0,0.0,0.0,0.0,0.0,0.0,0.0
2026-01-23 16:32:52,3.5,37.5,running,2.7,3.6,25.9,1.3,7.1,0.9,4.5,3.6,5.4,0.4,3.1,3.1,4.0,0.9,4.0,0.4,2.7,4.0,0.4,1.3,1.8,0.0,0.0,12.1,0.4,8.0,2.2,0.0,3.1,0.0,0.0,0.4,8.4,0.0,4.9,0.0,4.9,1.3,0.4,1.3,33.0,0.0,1.8,4.4,1.8,0.0,2.2,0.4,0.0,0.0,0.0,0.0,0.0,0.0,0.0,0.0,0.0,0.0,0.0,0.0,0.0,0.0,0.0,0.0,0.0,0.0,0.0,0.0,0.0,0.0,0.0,0.0,0.0,0.0,0.0,0.0,0.0,0.0,0.0,0.0,0.0,0.0,0.0,0.0,0.0,0.0,0.0,0.0,0.0,0.0,0.0,0.0,0.0,0.0,0.0,0.0
2026-01-23 16:32:55,3.7,40.6,running,0.9,0.0,26.1,1.3,6.2,3.1,2.7,4.0,4.5,1.3,4.0,3.5,1.8,2.2,2.7,3.1,2.7,0.4,1.8,0.0,0.9,0.0,0.0,8.5,4.0,5.8,4.4,0.8,3.6,1.8,2.7,0.9,5.7,3.2,1.3,0.0,2.7,2.2,3.1,0.0,0.0,0.0,0.0,40.9,4.0,1.3,3.5,0.4,0.0,0.0,0.0,0.0,0.0,0.0,0.0,0.0,0.0,0.0,0.0,0.0,0.0,0.0,0.0,0.0,0.0,0.0,0.0,0.0,0.0,0.0,0.0,0.0,0.0,0.0,0.0,0.0,0.0,0.0,0.0,0.0,0.0,0.0,0.0,0.0,0.0,0.0,0.0,0.0,0.0,0.0,0.0,0.0,0.0,0.0,0.0,0.0
2026-01-23 16:32:59,3.4,28.1,running,3.6,4.9,19.6,0.4,9.3,0.4,1.3,0.4,4.9,0.9,2.2,2.2,4.8,0.9,4.5,0.0,2.7,0.9,0.4,0.0,1.8,0.0,0.9,15.0,3.6,3.1,2.2,0.0,0.9,1.8,0.9,0.0,2.7,0.9,0.9,0.9,0.9,0.0,2.7,1.3,31.0,0.0,0.9,13.3,4.9,4.0,1.3,0.0,0.0,0.0,0.0,0.0,0.0,0.0,0.0,0.0,0.0,0.0,0.0,0.0,0.0,0.0,0.0,0.0,0.0,0.0,0.0,0.0,0.0,0.0,0.0,0.0,0.0,0.0,0.0,0.0,0.0,0.0,0.0,0.0,0.0,0.0,0.0,0.0,0.0,0.0,0.0,0.0,0.0,0.0,0.0,0.0,0.0,0.0,0.0,0.0
2026-01-23 16:33:02,3.2,31.2,running,3.1,0.0,23.6,0.9,6.2,0.9,5.4,2.7,5.3,3.6,4.5,2.2,1.3,2.7,0.0,0.9,1.8,2.2,3.6,2.2,0.9,0.0,0.0,12.0,1.3,0.0,3.6,0.0,0.9,0.4,0.5,0.4,2.2,2.2,4.0,2.7,0.0,0.4,1.3,1.8,44.9,0.0,7.1,1.8,6.2,2.2,0.9,0.5,0.0,0.0,0.0,0.0,0.0,0.0,0.0,0.0,0.0,0.0,0.0,0.0,0.0,0.0,0.0,0.0,0.0,0.0,0.0,0.0,0.0,0.0,0.0,0.0,0.0,0.0,0.0,0.0,0.0,0.0,0.0,0.0,0.0,0.0,0.0,0.0,0.0,0.0,0.0,0.0,0.0,0.0,0.0,0.0,0.0,0.0,0.0,0.0
2026-01-23 16:33:06,3.4,40.6,running,2.2,2.2,22.2,1.3,5.8,1.8,7.1,1.3,5.3,1.3,1.8,0.0,2.2,3.1,1.8,0.9,0.9,3.1,0.9,1.3,0.9,0.0,0.4,12.1,1.3,0.4,2.7,0.0,2.2,1.8,0.4,0.9,0.4,0.0,4.0,4.0,1.3,0.4,0.9,2.7,43.6,0.0,4.0,0.9,2.6,1.8,2.2,0.4,0.0,0.0,0.0,0.0,0.0,0.0,0.0,0.0,0.0,0.0,0.0,0.0,0.0,0.0,0.0,0.0,0.0,0.0,0.0,0.0,0.0,0.0,0.0,0.0,0.0,0.0,0.0,0.0,0.0,0.0,0.0,0.0,0.0,0.0,0.0,0.0,0.0,0.0,0.0,0.0,0.0,0.0,0.0,0.0,0.0,0.0,0.0,0.0
2026-01-23 16:33:09,3.3,31.2,running,1.3,1.3,22.9,0.0,5.4,0.4,4.0,0.5,2.2,0.9,5.0,5.4,4.0,1.4,0.4,3.6,2.2,0.0,1.8,0.5,3.1,0.0,0.9,11.2,0.4,6.3,2.7,1.8,1.4,0.0,0.4,0.0,2.2,1.4,7.6,2.2,1.4,1.3,3.2,1.3,8.9,0.5,3.6,34.1,4.9,0.0,3.1,0.4,0.0,0.0,0.0,0.0,0.0,0.0,0.0,0.0,0.0,0.0,0.0,0.0,0.0,0.0,0.0,0.0,0.0,0.0,0.0,0.0,0.0,0.0,0.0,0.0,0.0,0.0,0.0,0.0,0.0,0.0,0.0,0.0,0.0,0.0,0.0,0.0,0.0,0.0,0.0,0.0,0.0,0.0,0.0,0.0,0.0,0.0,0.0,0.0
2026-01-23 16:33:13,3.2,34.4,running,1.8,0.4,23.6,3.1,4.5,0.0,3.1,4.0,5.4,0.4,1.3,1.3,2.2,0.4,3.6,0.4,4.4,1.3,0.9,0.9,0.4,0.0,0.4,10.2,0.9,2.7,2.2,3.1,1.8,2.2,0.4,0.0,4.8,4.0,0.4,4.0,0.4,1.8,0.9,4.0,19.5,1.8,2.7,24.4,2.7,1.8,0.4,0.0,0.0,0.0,0.0,0.0,0.0,0.0,0.0,0.0,0.0,0.0,0.0,0.0,0.0,0.0,0.0,0.0,0.0,0.0,0.0,0.0,0.0,0.0,0.0,0.0,0.0,0.0,0.0,0.0,0.0,0.0,0.0,0.0,0.0,0.0,0.0,0.0,0.0,0.0,0.0,0.0,0.0,0.0,0.0,0.0,0.0,0.0,0.0,0.0
2026-01-23 16:33:16,3.2,28.1,running,3.1,3.1,28.3,2.7,4.9,0.4,2.2,0.9,4.0,0.0,3.6,3.1,1.3,2.7,0.9,0.0,0.4,0.4,0.0,0.4,3.1,0.0,0.0,10.8,0.4,1.8,3.6,0.4,5.4,1.8,0.5,0.0,7.1,0.9,2.7,0.4,1.8,0.4,0.9,1.8,42.0,0.0,0.4,0.4,1.8,2.2,4.9,0.4,0.0,0.0,0.0,0.0,0.0,0.0,0.0,0.0,0.0,0.0,0.0,0.0,0.0,0.0,0.0,0.0,0.0,0.0,0.0,0.0,0.0,0.0,0.0,0.0,0.0,0.0,0.0,0.0,0.0,0.0,0.0,0.0,0.0,0.0,0.0,0.0,0.0,0.0,0.0,0.0,0.0,0.0,0.0,0.0,0.0,0.0,0.0,0.0
2026-01-23 16:33:20,3.7,31.2,running,4.9,0.9,23.5,0.0,3.6,2.2,4.4,1.8,0.9,0.4,1.3,1.8,1.8,1.8,2.7,0.0,0.4,1.8,2.2,0.9,5.3,0.0,0.9,9.7,3.1,0.4,3.1,4.0,1.8,1.3,2.6,0.9,3.6,0.0,6.7,1.8,3.1,0.0,2.7,0.9,46.2,0.4,6.2,0.9,2.2,1.3,0.9,0.0,0.0,0.0,0.0,0.0,0.0,0.0,0.0,0.0,0.0,0.0,0.0,0.0,0.0,0.0,0.0,0.0,0.0,0.0,0.0,0.0,0.0,0.0,0.0,0.0,0.0,0.0,0.0,0.0,0.0,0.0,0.0,0.0,0.0,0.0,0.0,0.0,0.0,0.0,0.0,0.0,0.0,0.0,0.0,0.0,0.0,0.0,0.0,0.0
2026-01-23 16:33:23,3.8,31.2,running,2.7,0.0,20.0,0.9,6.2,0.0,3.1,1.8,3.1,0.4,0.9,5.4,1.3,0.4,1.3,2.7,1.3,0.9,3.5,7.6,3.6,0.0,0.4,11.1,3.1,3.5,4.0,0.0,3.1,0.0,0.0,0.0,2.7,3.1,0.0,0.0,2.2,0.9,2.2,0.4,21.9,5.7,3.1,26.4,6.2,1.8,5.7,0.0,0.0,0.0,0.0,0.0,0.0,0.0,0.0,0.0,0.0,0.0,0.0,0.0,0.0,0.0,0.0,0.0,0.0,0.0,0.0,0.0,0.0,0.0,0.0,0.0,0.0,0.0,0.0,0.0,0.0,0.0,0.0,0.0,0.0,0.0,0.0,0.0,0.0,0.0,0.0,0.0,0.0,0.0,0.0,0.0,0.0,0.0,0.0,0.0
2026-01-23 16:33:27,3.9,25.0,running,2.2,0.0,26.8,0.0,3.1,8.5,7.1,1.8,1.3,0.9,1.8,5.4,2.7,3.1,4.0,2.7,1.3,5.4,1.8,0.0,4.4,0.0,0.0,11.7,0.9,1.3,8.4,0.0,4.5,0.0,1.8,0.9,2.2,0.4,2.2,0.9,1.8,0.4,0.9,4.5,3.6,0.9,0.0,39.5,5.8,0.0,3.1,0.0,0.0,0.0,0.0,0.0,0.0,0.0,0.0,0.0,0.0,0.0,0.0,0.0,0.0,0.0,0.0,0.0,0.0,0.0,0.0,0.0,0.0,0.0,0.0,0.0,0.0,0.0,0.0,0.0,0.0,0.0,0.0,0.0,0.0,0.0,0.0,0.0,0.0,0.0,0.0,0.0,0.0,0.0,0.0,0.0,0.0,0.0,0.0,0.0
2026-01-23 16:33:30,3.2,25.0,running,3.1,2.7,20.0,2.2,3.6,0.9,0.0,0.4,1.3,4.4,8.0,2.2,3.6,1.3,2.7,1.3,0.9,4.0,4.4,1.3,4.4,0.0,0.4,11.2,2.7,0.4,1.8,0.0,2.2,0.0,0.0,0.0,4.4,0.9,0.0,0.0,1.8,1.8,1.8,0.0,41.2,2.2,6.7,0.4,0.9,0.9,3.6,0.4,0.0,0.0,0.0,0.0,0.0,0.0,0.0,0.0,0.0,0.0,0.0,0.0,0.0,0.0,0.0,0.0,0.0,0.0,0.0,0.0,0.0,0.0,0.0,0.0,0.0,0.0,0.0,0.0,0.0,0.0,0.0,0.0,0.0,0.0,0.0,0.0,0.0,0.0,0.0,0.0,0.0,0.0,0.0,0.0,0.0,0.0,0.0,0.0
2026-01-23 16:33:34,3.8,25.0,running,1.3,2.7,20.4,0.0,7.5,1.8,6.7,0.4,3.1,1.8,3.1,3.6,2.2,0.0,0.4,1.3,0.0,1.8,0.9,3.1,0.0,0.0,0.9,12.9,1.8,1.4,3.6,0.0,1.3,0.0,0.9,0.0,3.1,3.6,1.3,0.9,1.3,1.8,2.2,0.9,18.8,2.7,5.8,28.0,2.2,2.2,2.2,0.0,0.0,0.0,0.0,0.0,0.0,0.0,0.0,0.0,0.0,0.0,0.0,0.0,0.0,0.0,0.0,0.0,0.0,0.0,0.0,0.0,0.0,0.0,0.0,0.0,0.0,0.0,0.0,0.0,0.0,0.0,0.0,0.0,0.0,0.0,0.0,0.0,0.0,0.0,0.0,0.0,0.0,0.0,0.0,0.0,0.0,0.0,0.0,0.0
2026-01-23 16:33:37,3.9,40.6,running,3.5,2.7,21.6,0.0,3.1,3.3,6.7,0.9,3.6,0.0,6.2,0.4,1.3,0.4,1.8,0.0,1.8,0.4,0.0,0.0,3.1,0.4,1.8,11.2,1.8,1.7,5.3,0.0,3.6,0.0,0.0,3.1,5.8,2.2,2.2,1.3,4.0,0.9,1.8,4.4,1.3,0.0,0.0,44.4,0.4,2.7,0.9,0.0,0.0,0.0,0.0,0.0,0.0,0.0,0.0,0.0,0.0,0.0,0.0,0.0,0.0,0.0,0.0,0.0,0.0,0.0,0.0,0.0,0.0,0.0,0.0,0.0,0.0,0.0,0.0,0.0,0.0,0.0,0.0,0.0,0.0,0.0,0.0,0.0,0.0,0.0,0.0,0.0,0.0,0.0,0.0,0.0,0.0,0.0,0.0,0.0
2026-01-23 16:33:41,4.2,34.3,running,3.6,2.2,27.2,4.0,8.5,2.1,6.3,1.8,3.1,0.4,10.8,1.8,6.7,5.4,8.0,2.2,1.8,1.8,4.4,0.9,0.9,1.2,4.5,8.9,4.0,4.0,1.8,0.4,4.5,0.4,8.2,2.2,6.6,5.3,3.6,1.8,0.0,1.3,1.3,2.2,21.6,0.4,2.2,24.9,4.0,1.3,4.0,0.0,0.0,0.0,0.0,0.0,0.0,0.0,0.0,0.0,0.0,0.0,0.0,0.0,0.0,0.0,0.0,0.0,0.0,0.0,0.0,0.0,0.0,0.0,0.0,0.0,0.0,0.0,0.0,0.0,0.0,0.0,0.0,0.0,0.0,0.0,0.0,0.0,0.0,0.0,0.0,0.0,0.0,0.0,0.0,0.0,0.0,0.0,0.0,0.0
2026-01-23 16:33:44,3.9,9.4,running,2.2,1.3,26.0,0.7,5.8,0.0,5.7,0.0,4.9,1.3,4.4,3.6,1.3,1.3,3.1,0.0,2.7,1.3,2.7,3.5,3.1,0.7,0.9,11.1,4.9,0.9,5.3,0.4,4.9,1.8,0.9,0.0,4.9,0.4,1.3,0.4,0.0,0.9,0.9,0.0,11.0,0.9,0.4,35.0,2.2,4.0,1.3,0.9,0.0,0.0,0.0,0.0,0.0,0.0,0.0,0.0,0.0,0.0,0.0,0.0,0.0,0.0,0.0,0.0,0.0,0.0,0.0,0.0,0.0,0.0,0.0,0.0,0.0,0.0,0.0,0.0,0.0,0.0,0.0,0.0,0.0,0.0,0.0,0.0,0.0,0.0,0.0,0.0,0.0,0.0,0.0,0.0,0.0,0.0,0.0,0.0
2026-01-23 16:33:48,3.5,31.2,running,0.9,1.3,21.3,0.9,3.1,0.4,2.7,0.9,1.3,1.3,2.7,0.9,0.9,0.9,3.6,2.7,2.7,4.5,5.3,2.2,4.5,1.8,4.0,12.4,3.6,0.9,2.2,5.4,3.1,1.3,0.9,0.0,5.3,1.8,1.8,3.6,0.4,0.4,1.3,0.4,15.2,2.8,0.4,31.1,2.2,1.8,0.4,0.4,0.0,0.0,0.0,0.0,0.0,0.0,0.0,0.0,0.0,0.0,0.0,0.0,0.0,0.0,0.0,0.0,0.0,0.0,0.0,0.0,0.0,0.0,0.0,0.0,0.0,0.0,0.0,0.0,0.0,0.0,0.0,0.0,0.0,0.0,0.0,0.0,0.0,0.0,0.0,0.0,0.0,0.0,0.0,0.0,0.0,0.0,0.0,0.0
2026-01-23 16:33:51,3.3,21.9,running,5.8,1.8,15.6,1.8,4.0,0.9,8.9,0.4,3.1,1.8,4.0,1.3,0.4,0.9,2.2,2.2,2.2,3.1,0.4,0.4,2.6,3.1,0.4,13.4,3.6,3.6,5.4,0.0,0.9,0.0,0.0,1.8,4.4,0.4,2.2,2.7,0.0,1.3,3.1,1.3,47.3,0.0,4.4,0.9,4.4,0.0,2.2,0.0,0.0,0.0,0.0,0.0,0.0,0.0,0.0,0.0,0.0,0.0,0.0,0.0,0.0,0.0,0.0,0.0,0.0,0.0,0.0,0.0,0.0,0.0,0.0,0.0,0.0,0.0,0.0,0.0,0.0,0.0,0.0,0.0,0.0,0.0,0.0,0.0,0.0,0.0,0.0,0.0,0.0,0.0,0.0,0.0,0.0,0.0,0.0,0.0
2026-01-23 16:33:55,3.3,21.9,running,2.7,0.9,24.9,3.6,10.2,1.8,4.9,4.0,3.1,0.0,6.2,1.3,1.3,3.6,1.3,0.0,1.8,3.6,1.3,3.5,1.8,0.5,1.3,12.1,0.0,4.9,4.9,0.0,4.4,2.7,0.4,0.0,3.9,3.1,2.2,0.0,0.0,0.4,0.9,0.0,3.1,0.9,0.9,33.9,0.4,2.2,3.1,0.4,0.0,0.0,0.0,0.0,0.0,0.0,0.0,0.0,0.0,0.0,0.0,0.0,0.0,0.0,0.0,0.0,0.0,0.0,0.0,0.0,0.0,0.0,0.0,0.0,0.0,0.0,0.0,0.0,0.0,0.0,0.0,0.0,0.0,0.0,0.0,0.0,0.0,0.0,0.0,0.0,0.0,0.0,0.0,0.0,0.0,0.0,0.0,0.0
2026-01-23 16:33:58,3.1,25.0,running,2.2,0.9,19.1,0.0,5.8,1.3,3.6,1.8,6.2,4.4,1.8,2.2,0.9,1.3,3.1,0.4,1.3,4.0,0.4,0.0,0.9,0.4,1.3,12.4,1.3,0.0,2.7,0.0,3.6,1.8,0.4,0.0,3.6,1.3,0.4,1.3,0.4,1.3,1.8,2.2,23.1,4.0,0.4,21.2,4.4,0.0,1.8,0.4,0.0,0.0,0.0,0.0,0.0,0.0,0.0,0.0,0.0,0.0,0.0,0.0,0.0,0.0,0.0,0.0,0.0,0.0,0.0,0.0,0.0,0.0,0.0,0.0,0.0,0.0,0.0,0.0,0.0,0.0,0.0,0.0,0.0,0.0,0.0,0.0,0.0,0.0,0.0,0.0,0.0,0.0,0.0,0.0,0.0,0.0,0.0,0.0
2026-01-23 16:34:02,3.1,34.3,running,1.4,0.0,21.8,0.0,4.5,2.2,4.0,0.0,0.9,0.0,4.9,1.8,1.3,4.9,2.2,1.3,1.3,1.8,0.0,0.0,0.0,1.3,1.8,10.3,3.1,0.9,2.7,1.3,5.8,0.0,0.4,1.3,4.4,2.0,2.7,0.0,0.0,0.4,2.2,0.0,44.4,0.4,4.0,2.7,3.5,0.4,2.7,0.4,0.0,0.0,0.0,0.0,0.0,0.0,0.0,0.0,0.0,0.0,0.0,0.0,0.0,0.0,0.0,0.0,0.0,0.0,0.0,0.0,0.0,0.0,0.0,0.0,0.0,0.0,0.0,0.0,0.0,0.0,0.0,0.0,0.0,0.0,0.0,0.0,0.0,0.0,0.0,0.0,0.0,0.0,0.0,0.0,0.0,0.0,0.0,0.0
2026-01-23 16:34:05,3.6,37.5,running,1.8,8.0,22.4,0.0,3.5,1.8,6.2,0.0,3.1,1.3,4.0,3.1,2.2,1.0,4.9,0.4,1.8,0.9,2.7,0.0,0.9,0.0,3.6,11.1,0.4,5.0,3.6,0.0,5.8,0.0,0.9,1.3,1.8,0.5,3.6,0.0,0.0,2.2,0.9,0.4,0.0,0.0,2.5,37.6,12.4,1.8,1.8,0.4,0.0,0.0,0.0,0.0,0.0,0.0,0.0,0.0,0.0,0.0,0.0,0.0,0.0,0.0,0.0,0.0,0.0,0.0,0.0,0.0,0.0,0.0,0.0,0.0,0.0,0.0,0.0,0.0,0.0,0.0,0.0,0.0,0.0,0.0,0.0,0.0,0.0,0.0,0.0,0.0,0.0,0.0,0.0,0.0,0.0,0.0,0.0,0.0
2026-01-23 16:34:09,4.5,37.5,running,3.6,3.1,19.0,1.2,5.8,4.8,7.6,2.0,3.6,0.9,1.8,2.7,1.8,4.4,4.0,4.4,5.7,0.0,1.3,2.0,3.1,0.4,3.5,9.8,0.4,1.6,4.4,0.8,3.1,0.8,0.9,0.4,6.7,2.0,4.9,0.4,1.6,0.9,5.3,1.3,21.7,0.0,0.4,19.6,1.4,1.3,0.4,0.0,0.0,0.0,0.0,0.0,0.0,0.0,0.0,0.0,0.0,0.0,0.0,0.0,0.0,0.0,0.0,0.0,0.0,0.0,0.0,0.0,0.0,0.0,0.0,0.0,0.0,0.0,0.0,0.0,0.0,0.0,0.0,0.0,0.0,0.0,0.0,0.0,0.0,0.0,0.0,0.0,0.0,0.0,0.0,0.0,0.0,0.0,0.0,0.0
2026-01-23 16:34:12,4.8,34.3,running,4.9,4.5,28.0,0.5,7.1,2.2,4.0,0.9,3.1,1.3,6.2,4.9,2.7,0.9,6.7,0.4,1.3,2.2,6.7,1.3,0.9,0.9,0.4,10.3,4.0,3.6,2.7,4.9,2.7,1.8,3.6,0.4,4.4,0.4,6.2,2.7,0.4,2.2,2.7,1.8,29.1,1.8,3.5,16.0,10.6,1.9,1.8,0.0,0.0,0.0,0.0,0.0,0.0,0.0,0.0,0.0,0.0,0.0,0.0,0.0,0.0,0.0,0.0,0.0,0.0,0.0,0.0,0.0,0.0,0.0,0.0,0.0,0.0,0.0,0.0,0.0,0.0,0.0,0.0,0.0,0.0,0.0,0.0,0.0,0.0,0.0,0.0,0.0,0.0,0.0,0.0,0.0,0.0,0.0,0.0,0.0
2026-01-23 16:34:16,3.7,34.3,running,4.5,2.7,23.5,0.0,3.1,0.4,2.2,0.9,2.7,0.9,8.5,0.9,1.3,5.4,1.8,2.2,1.3,4.5,4.4,0.0,4.9,0.4,3.1,15.1,0.4,4.0,1.3,2.7,2.6,0.0,1.8,0.0,4.5,1.3,4.4,1.8,2.2,2.2,0.9,2.2,1.8,0.4,0.0,0.0,39.7,0.0,6.2,0.0,0.0,0.0,0.0,0.0,0.0,0.0,0.0,0.0,0.0,0.0,0.0,0.0,0.0,0.0,0.0,0.0,0.0,0.0,0.0,0.0,0.0,0.0,0.0,0.0,0.0,0.0,0.0,0.0,0.0,0.0,0.0,0.0,0.0,0.0,0.0,0.0,0.0,0.0,0.0,0.0,0.0,0.0,0.0,0.0,0.0,0.0,0.0,0.0
2026-01-23 16:34:19,3.4,34.3,running,0.9,0.0,19.1,0.0,6.7,0.4,3.6,0.0,4.0,0.0,3.1,0.0,1.8,4.5,5.8,0.9,1.8,1.3,4.5,0.0,5.3,1.0,0.9,13.0,3.1,4.4,5.8,0.0,4.5,4.5,3.5,0.0,4.0,3.4,4.0,0.9,1.8,0.4,3.1,2.7,32.9,2.2,2.7,1.8,11.2,0.4,3.1,0.4,0.0,0.0,0.0,0.0,0.0,0.0,0.0,0.0,0.0,0.0,0.0,0.0,0.0,0.0,0.0,0.0,0.0,0.0,0.0,0.0,0.0,0.0,0.0,0.0,0.0,0.0,0.0,0.0,0.0,0.0,0.0,0.0,0.0,0.0,0.0,0.0,0.0,0.0,0.0,0.0,0.0,0.0,0.0,0.0,0.0,0.0,0.0,0.0
2026-01-23 16:34:23,3.2,34.3,running,3.1,0.4,24.6,1.3,5.3,2.7,4.9,0.9,5.7,0.4,4.0,2.6,2.2,1.3,2.2,3.1,1.8,1.3,0.0,0.0,7.6,0.0,0.9,9.3,4.0,1.8,3.5,0.9,1.3,2.7,2.2,0.0,4.0,1.2,2.7,0.4,3.6,0.4,1.3,0.4,37.7,1.3,5.4,0.0,9.5,1.8,6.6,0.4,0.0,0.0,0.0,0.0,0.0,0.0,0.0,0.0,0.0,0.0,0.0,0.0,0.0,0.0,0.0,0.0,0.0,0.0,0.0,0.0,0.0,0.0,0.0,0.0,0.0,0.0,0.0,0.0,0.0,0.0,0.0,0.0,0.0,0.0,0.0,0.0,0.0,0.0,0.0,0.0,0.0,0.0,0.0,0.0,0.0,0.0,0.0,0.0
2026-01-23 16:34:26,3.4,25.0,running,2.7,0.0,21.9,2.6,8.0,1.3,4.9,0.4,2.2,3.6,8.0,1.3,2.2,0.0,0.0,0.5,0.4,2.2,0.4,1.8,2.2,3.1,0.4,12.5,0.0,4.5,1.3,4.4,3.1,0.4,4.4,0.0,5.8,3.2,0.4,1.8,1.3,0.9,4.4,2.2,0.9,1.3,0.9,0.9,37.4,0.4,8.5,0.0,0.0,0.0,0.0,0.0,0.0,0.0,0.0,0.0,0.0,0.0,0.0,0.0,0.0,0.0,0.0,0.0,0.0,0.0,0.0,0.0,0.0,0.0,0.0,0.0,0.0,0.0,0.0,0.0,0.0,0.0,0.0,0.0,0.0,0.0,0.0,0.0,0.0,0.0,0.0,0.0,0.0,0.0,0.0,0.0,0.0,0.0,0.0,0.0
2026-01-23 16:34:30,6.0,18.7,running,5.8,2.7,50.7,1.2,19.1,0.9,8.8,0.0,3.6,0.0,8.0,2.0,3.1,0.0,1.3,5.3,2.7,1.8,1.8,4.4,5.8,1.6,0.4,10.7,6.2,2.2,3.1,1.6,1.8,4.0,4.1,1.9,8.0,0.0,3.1,2.2,0.4,0.0,3.1,0.0,5.3,1.3,5.4,16.1,38.1,2.2,9.8,0.5,0.0,0.0,0.0,0.0,0.0,0.0,0.0,0.0,0.0,0.0,0.0,0.0,0.0,0.0,0.0,0.0,0.0,0.0,0.0,0.0,0.0,0.0,0.0,0.0,0.0,0.0,0.0,0.0,0.0,0.0,0.0,0.0,0.0,0.0,0.0,0.0,0.0,0.0,0.0,0.0,0.0,0.0,0.0,0.0,0.0,0.0,0.0,0.0
2026-01-23 16:34:33,3.6,25.0,running,3.1,4.9,18.6,0.0,2.7,1.7,3.1,0.0,4.0,2.6,2.7,2.4,0.4,1.5,2.7,0.0,1.3,1.3,0.9,0.0,2.2,1.2,1.3,11.6,0.0,5.3,4.8,0.0,5.0,0.0,0.0,0.0,5.3,0.0,1.8,2.7,3.1,0.9,1.3,0.0,1.8,2.7,1.3,19.8,25.6,0.8,10.1,0.0,0.0,0.0,0.0,0.0,0.0,0.0,0.0,0.0,0.0,0.0,0.0,0.0,0.0,0.0,0.0,0.0,0.0,0.0,0.0,0.0,0.0,0.0,0.0,0.0,0.0,0.0,0.0,0.0,0.0,0.0,0.0,0.0,0.0,0.0,0.0,0.0,0.0,0.0,0.0,0.0,0.0,0.0,0.0,0.0,0.0,0.0,0.0,0.0
2026-01-23 16:34:37,3.8,18.7,running,2.2,2.7,16.9,3.4,6.2,4.0,4.4,0.0,3.6,2.7,8.0,4.9,2.7,2.2,2.2,1.8,3.1,0.9,1.4,0.0,2.7,3.9,3.6,11.2,0.9,2.2,1.4,1.3,1.8,0.0,3.6,1.8,4.0,1.0,1.3,2.2,0.0,0.4,0.9,3.5,2.2,3.1,0.0,46.2,5.3,0.9,1.8,0.4,0.0,0.0,0.0,0.0,0.0,0.0,0.0,0.0,0.0,0.0,0.0,0.0,0.0,0.0,0.0,0.0,0.0,0.0,0.0,0.0,0.0,0.0,0.0,0.0,0.0,0.0,0.0,0.0,0.0,0.0,0.0,0.0,0.0,0.0,0.0,0.0,0.0,0.0,0.0,0.0,0.0,0.0,0.0,0.0,0.0,0.0,0.0,0.0
2026-01-23 16:34:40,5.5,37.5,running,7.6,3.1,20.1,0.4,8.9,0.9,1.3,1.8,1.3,7.6,11.1,3.5,7.9,1.3,16.4,4.9,6.6,3.1,8.1,3.6,4.9,0.4,2.2,11.6,5.3,0.0,4.8,4.5,10.8,2.7,2.2,1.3,4.4,2.7,4.0,2.2,1.8,0.9,1.3,0.9,1.3,1.3,3.1,5.8,41.6,0.0,6.7,0.9,0.0,0.0,0.0,0.0,0.0,0.0,0.0,0.0,0.0,0.0,0.0,0.0,0.0,0.0,0.0,0.0,0.0,0.0,0.0,0.0,0.0,0.0,0.0,0.0,0.0,0.0,0.0,0.0,0.0,0.0,0.0,0.0,0.0,0.0,0.0,0.0,0.0,0.0,0.0,0.0,0.0,0.0,0.0,0.0,0.0,0.0,0.0,0.0
2026-01-23 16:34:44,3.3,18.7,running,2.2,1.8,25.8,1.3,8.0,3.6,3.6,0.0,2.7,1.8,4.0,5.3,2.7,5.3,0.9,0.9,1.3,0.9,9.3,0.9,1.8,0.4,3.1,9.8,7.1,3.2,4.4,0.9,2.6,1.3,0.9,0.0,2.7,1.3,0.4,0.0,1.8,0.0,1.8,2.2,0.9,0.4,2.2,9.3,31.1,0.0,5.8,0.4,0.0,0.0,0.0,0.0,0.0,0.0,0.0,0.0,0.0,0.0,0.0,0.0,0.0,0.0,0.0,0.0,0.0,0.0,0.0,0.0,0.0,0.0,0.0,0.0,0.0,0.0,0.0,0.0,0.0,0.0,0.0,0.0,0.0,0.0,0.0,0.0,0.0,0.0,0.0,0.0,0.0,0.0,0.0,0.0,0.0,0.0,0.0,0.0
2026-01-23 16:34:47,3.3,40.6,running,2.2,0.9,20.8,0.4,2.7,1.8,2.2,0.0,2.2,0.0,3.1,3.1,4.9,0.0,0.0,0.9,1.8,0.0,3.2,0.0,0.9,3.4,0.4,13.0,0.9,0.0,2.2,0.9,2.8,0.0,0.4,0.9,6.2,2.2,2.2,0.0,4.9,1.8,1.4,1.8,1.3,0.4,0.9,0.9,39.1,0.9,9.9,0.4,0.0,0.0,0.0,0.0,0.0,0.0,0.0,0.0,0.0,0.0,0.0,0.0,0.0,0.0,0.0,0.0,0.0,0.0,0.0,0.0,0.0,0.0,0.0,0.0,0.0,0.0,0.0,0.0,0.0,0.0,0.0,0.0,0.0,0.0,0.0,0.0,0.0,0.0,0.0,0.0,0.0,0.0,0.0,0.0,0.0,0.0,0.0,0.0
2026-01-23 16:34:51,3.0,25.0,running,0.9,4.5,18.1,0.4,4.4,0.4,4.9,0.0,5.8,0.4,7.6,0.0,4.0,0.0,0.4,0.0,1.8,0.0,0.0,0.0,0.0,2.2,2.2,15.6,4.9,0.0,2.7,0.9,3.0,1.3,1.3,0.9,3.6,2.7,3.6,0.4,0.4,1.3,3.1,0.9,1.8,0.0,1.8,0.4,40.7,0.0,6.2,0.0,0.0,0.0,0.0,0.0,0.0,0.0,0.0,0.0,0.0,0.0,0.0,0.0,0.0,0.0,0.0,0.0,0.0,0.0,0.0,0.0,0.0,0.0,0.0,0.0,0.0,0.0,0.0,0.0,0.0,0.0,0.0,0.0,0.0,0.0,0.0,0.0,0.0,0.0,0.0,0.0,0.0,0.0,0.0,0.0,0.0,0.0,0.0,0.0
2026-01-23 16:34:54,3.5,21.9,running,4.0,4.0,24.8,1.9,3.1,1.8,6.7,0.4,4.0,0.0,0.4,4.9,3.5,0.5,0.0,0.4,1.3,1.3,0.4,1.8,4.0,2.2,7.6,10.7,1.8,2.7,4.5,4.0,1.3,0.9,2.2,1.8,5.3,2.7,0.9,4.4,0.9,0.9,0.4,3.1,2.2,0.0,0.0,0.4,37.4,2.2,6.3,0.0,0.0,0.0,0.0,0.0,0.0,0.0,0.0,0.0,0.0,0.0,0.0,0.0,0.0,0.0,0.0,0.0,0.0,0.0,0.0,0.0,0.0,0.0,0.0,0.0,0.0,0.0,0.0,0.0,0.0,0.0,0.0,0.0,0.0,0.0,0.0,0.0,0.0,0.0,0.0,0.0,0.0,0.0,0.0,0.0,0.0,0.0,0.0,0.0
2026-01-23 16:34:58,3.1,37.5,running,3.6,4.9,17.8,0.0,2.7,3.1,2.2,0.0,1.8,0.0,6.2,0.9,1.3,0.0,3.6,1.3,0.4,1.8,0.9,0.0,4.9,2.2,0.0,11.1,2.2,3.5,4.0,0.9,0.9,0.0,0.0,0.4,6.2,1.3,1.8,1.8,2.7,0.4,2.2,0.9,4.0,0.4,0.4,1.8,43.6,1.3,5.8,0.5,0.0,0.0,0.0,0.0,0.0,0.0,0.0,0.0,0.0,0.0,0.0,0.0,0.0,0.0,0.0,0.0,0.0,0.0,0.0,0.0,0.0,0.0,0.0,0.0,0.0,0.0,0.0,0.0,0.0,0.0,0.0,0.0,0.0,0.0,0.0,0.0,0.0,0.0,0.0,0.0,0.0,0.0,0.0,0.0,0.0,0.0,0.0,0.0
2026-01-23 16:35:01,3.1,40.6,running,3.6,1.3,21.3,0.9,4.0,0.4,5.4,0.0,2.7,0.4,3.6,1.3,1.8,2.2,0.9,2.2,1.8,4.5,5.8,0.0,1.8,0.4,2.7,11.1,1.8,0.0,1.8,1.8,4.0,1.3,3.1,0.5,5.3,0.9,0.4,0.9,2.2,0.0,8.0,1.3,2.2,0.0,0.0,1.3,37.8,0.9,3.1,0.8,0.0,0.0,0.0,0.0,0.0,0.0,0.0,0.0,0.0,0.0,0.0,0.0,0.0,0.0,0.0,0.0,0.0,0.0,0.0,0.0,0.0,0.0,0.0,0.0,0.0,0.0,0.0,0.0,0.0,0.0,0.0,0.0,0.0,0.0,0.0,0.0,0.0,0.0,0.0,0.0,0.0,0.0,0.0,0.0,0.0,0.0,0.0,0.0
2026-01-23 16:35:05,3.1,28.1,running,1.8,0.9,22.0,0.0,7.1,1.8,5.4,0.0,0.9,1.3,0.4,3.1,0.9,3.1,0.4,2.2,0.9,0.9,2.7,0.0,0.0,1.3,1.8,13.8,5.8,2.2,3.1,0.0,1.8,0.9,0.0,0.4,5.3,3.1,0.9,3.6,0.0,0.4,2.2,3.1,4.8,1.8,0.0,39.1,8.0,0.4,0.9,0.0,0.0,0.0,0.0,0.0,0.0,0.0,0.0,0.0,0.0,0.0,0.0,0.0,0.0,0.0,0.0,0.0,0.0,0.0,0.0,0.0,0.0,0.0,0.0,0.0,0.0,0.0,0.0,0.0,0.0,0.0,0.0,0.0,0.0,0.0,0.0,0.0,0.0,0.0,0.0,0.0,0.0,0.0,0.0,0.0,0.0,0.0,0.0,0.0
2026-01-23 16:35:08,3.4,34.3,running,3.1,2.2,21.2,0.0,6.2,0.0,2.7,3.6,4.5,1.8,2.7,6.8,1.3,1.8,1.8,0.4,0.9,0.0,2.7,0.0,0.9,4.9,0.9,9.9,3.1,3.1,4.0,0.0,2.7,0.0,0.4,0.0,4.8,0.9,1.3,0.4,0.0,1.8,2.7,1.3,3.1,2.2,0.9,24.2,20.4,1.8,3.6,0.0,0.0,0.0,0.0,0.0,0.0,0.0,0.0,0.0,0.0,0.0,0.0,0.0,0.0,0.0,0.0,0.0,0.0,0.0,0.0,0.0,0.0,0.0,0.0,0.0,0.0,0.0,0.0,0.0,0.0,0.0,0.0,0.0,0.0,0.0,0.0,0.0,0.0,0.0,0.0,0.0,0.0,0.0,0.0,0.0,0.0,0.0,0.0,0.0
2026-01-23 16:35:12,3.4,28.1,running,2.2,0.4,22.7,1.8,4.5,2.2,3.6,0.0,5.3,0.0,1.8,5.3,2.7,2.5,0.9,3.5,0.4,0.9,4.0,0.0,3.1,2.2,1.3,11.1,2.7,2.5,2.2,3.1,0.4,0.5,2.0,0.4,11.1,3.1,0.4,0.0,0.0,1.8,0.9,0.0,0.0,4.5,1.8,0.9,34.7,0.4,5.4,0.5,0.0,0.0,0.0,0.0,0.0,0.0,0.0,0.0,0.0,0.0,0.0,0.0,0.0,0.0,0.0,0.0,0.0,0.0,0.0,0.0,0.0,0.0,0.0,0.0,0.0,0.0,0.0,0.0,0.0,0.0,0.0,0.0,0.0,0.0,0.0,0.0,0.0,0.0,0.0,0.0,0.0,0.0,0.0,0.0,0.0,0.0,0.0,0.0
2026-01-23 16:35:15,3.4,31.2,running,0.4,0.4,17.3,0.9,3.6,0.4,1.8,1.1,2.7,6.0,3.1,3.1,4.4,2.0,2.7,1.3,0.9,1.3,5.3,1.2,0.9,3.1,2.7,8.5,2.7,2.0,2.7,1.8,2.6,0.0,3.7,0.0,4.9,2.7,3.6,1.6,4.0,1.3,0.4,0.0,0.9,0.0,0.4,1.3,38.9,0.4,3.6,0.0,0.0,0.0,0.0,0.0,0.0,0.0,0.0,0.0,0.0,0.0,0.0,0.0,0.0,0.0,0.0,0.0,0.0,0.0,0.0,0.0,0.0,0.0,0.0,0.0,0.0,0.0,0.0,0.0,0.0,0.0,0.0,0.0,0.0,0.0,0.0,0.0,0.0,0.0,0.0,0.0,0.0,0.0,0.0,0.0,0.0,0.0,0.0,0.0
2026-01-23 16:35:19,4.0,21.8,running,4.4,2.7,20.0,0.0,1.3,2.2,6.2,0.0,3.6,0.0,2.2,4.0,0.9,7.1,4.0,0.4,0.0,1.8,0.9,0.0,3.6,0.4,0.4,12.8,0.9,2.2,1.8,0.9,2.7,5.3,2.6,3.6,4.4,5.4,2.2,0.9,1.3,0.9,0.9,0.0,1.8,0.0,0.0,20.4,21.5,0.9,4.9,0.0,0.0,0.0,0.0,0.0,0.0,0.0,0.0,0.0,0.0,0.0,0.0,0.0,0.0,0.0,0.0,0.0,0.0,0.0,0.0,0.0,0.0,0.0,0.0,0.0,0.0,0.0,0.0,0.0,0.0,0.0,0.0,0.0,0.0,0.0,0.0,0.0,0.0,0.0,0.0,0.0,0.0,0.0,0.0,0.0,0.0,0.0,0.0,0.0
2026-01-23 16:35:22,3.3,18.7,running,6.2,1.8,22.9,1.5,6.2,1.3,1.8,0.0,3.6,1.3,2.7,2.7,1.3,2.2,0.0,0.0,1.3,0.4,2.2,0.0,0.0,2.7,1.3,10.2,4.4,0.4,3.5,2.7,1.3,0.4,0.4,0.9,5.3,0.0,1.3,2.2,1.3,0.9,1.8,2.2,0.9,2.7,1.3,38.5,5.3,1.3,1.3,0.4,0.0,0.0,0.0,0.0,0.0,0.0,0.0,0.0,0.0,0.0,0.0,0.0,0.0,0.0,0.0,0.0,0.0,0.0,0.0,0.0,0.0,0.0,0.0,0.0,0.0,0.0,0.0,0.0,0.0,0.0,0.0,0.0,0.0,0.0,0.0,0.0,0.0,0.0,0.0,0.0,0.0,0.0,0.0,0.0,0.0,0.0,0.0,0.0
2026-01-23 16:35:26,3.1,18.7,running,1.3,1.8,17.4,0.4,2.2,1.8,2.7,0.4,5.3,0.0,3.1,6.2,2.2,6.7,1.8,1.3,1.8,0.4,0.0,0.0,0.4,0.0,0.9,14.3,4.0,0.0,4.5,1.8,2.2,0.0,0.4,0.0,5.4,2.7,7.1,0.0,1.8,1.4,2.7,1.8,4.9,1.8,7.1,0.4,41.3,0.0,5.3,0.0,0.0,0.0,0.0,0.0,0.0,0.0,0.0,0.0,0.0,0.0,0.0,0.0,0.0,0.0,0.0,0.0,0.0,0.0,0.0,0.0,0.0,0.0,0.0,0.0,0.0,0.0,0.0,0.0,0.0,0.0,0.0,0.0,0.0,0.0,0.0,0.0,0.0,0.0,0.0,0.0,0.0,0.0,0.0,0.0,0.0,0.0,0.0,0.0
2026-01-23 16:35:29,2.6,40.6,running,0.4,2.2,18.8,1.3,4.0,0.0,2.7,2.2,4.4,0.0,5.3,2.7,6.6,2.2,0.0,0.0,1.8,0.9,0.4,1.8,0.0,0.4,2.2,11.1,0.9,3.1,1.3,1.8,1.8,0.0,0.9,0.0,7.0,1.3,2.7,0.0,3.1,1.7,0.4,0.0,0.4,2.7,1.8,28.8,23.3,1.3,2.7,0.0,0.0,0.0,0.0,0.0,0.0,0.0,0.0,0.0,0.0,0.0,0.0,0.0,0.0,0.0,0.0,0.0,0.0,0.0,0.0,0.0,0.0,0.0,0.0,0.0,0.0,0.0,0.0,0.0,0.0,0.0,0.0,0.0,0.0,0.0,0.0,0.0,0.0,0.0,0.0,0.0,0.0,0.0,0.0,0.0,0.0,0.0,0.0,0.0
2026-01-23 16:35:33,3.7,37.5,running,4.0,1.3,23.0,0.0,5.8,0.5,4.9,0.0,3.1,0.4,4.5,7.1,1.8,0.0,2.7,3.8,1.3,0.9,1.8,0.0,4.0,0.0,2.2,11.2,1.3,0.0,4.9,0.9,7.1,0.4,1.3,2.2,2.7,0.5,5.8,0.4,1.3,0.0,1.3,0.0,0.4,4.0,1.8,36.0,14.2,0.4,3.6,0.0,0.0,0.0,0.0,0.0,0.0,0.0,0.0,0.0,0.0,0.0,0.0,0.0,0.0,0.0,0.0,0.0,0.0,0.0,0.0,0.0,0.0,0.0,0.0,0.0,0.0,0.0,0.0,0.0,0.0,0.0,0.0,0.0,0.0,0.0,0.0,0.0,0.0,0.0,0.0,0.0,0.0,0.0,0.0,0.0,0.0,0.0,0.0,0.0
2026-01-23 16:35:36,4.7,37.5,running,3.1,0.9,20.5,4.4,4.5,3.9,7.1,0.0,0.4,1.4,3.6,1.7,6.8,3.9,4.1,0.8,3.1,0.4,0.9,4.5,2.2,0.0,0.4,12.0,0.9,0.0,2.2,2.8,0.9,0.0,4.0,0.0,0.9,3.8,0.0,1.7,3.3,0.0,1.4,1.7,0.5,4.0,1.1,1.4,47.8,0.0,6.2,0.5,0.0,0.0,0.0,0.0,0.0,0.0,0.0,0.0,0.0,0.0,0.0,0.0,0.0,0.0,0.0,0.0,0.0,0.0,0.0,0.0,0.0,0.0,0.0,0.0,0.0,0.0,0.0,0.0,0.0,0.0,0.0,0.0,0.0,0.0,0.0,0.0,0.0,0.0,0.0,0.0,0.0,0.0,0.0,0.0,0.0,0.0,0.0,0.0
2026-01-23 16:35:40,4.0,40.6,running,3.6,0.4,16.1,0.0,2.3,2.7,4.9,3.1,4.5,0.4,3.1,2.6,2.7,1.1,5.3,3.1,2.2,1.8,0.4,0.0,4.9,2.2,1.3,11.1,2.3,0.0,3.6,0.0,1.8,0.0,0.4,0.0,2.7,1.1,1.6,4.1,1.1,0.9,0.8,3.0,1.3,0.0,0.4,1.3,43.3,0.4,11.6,0.0,0.0,0.0,0.0,0.0,0.0,0.0,0.0,0.0,0.0,0.0,0.0,0.0,0.0,0.0,0.0,0.0,0.0,0.0,0.0,0.0,0.0,0.0,0.0,0.0,0.0,0.0,0.0,0.0,0.0,0.0,0.0,0.0,0.0,0.0,0.0,0.0,0.0,0.0,0.0,0.0,0.0,0.0,0.0,0.0,0.0,0.0,0.0,0.0
2026-01-23 16:35:43,3.7,21.9,running,4.0,0.0,26.1,1.3,3.1,3.1,2.7,0.0,4.0,0.9,2.6,3.1,1.8,4.8,5.8,0.0,1.8,2.2,1.8,0.9,0.4,0.9,3.1,11.1,3.6,0.4,2.7,3.1,1.8,0.0,3.6,0.4,5.4,2.7,3.6,0.0,1.8,2.7,2.7,2.2,0.4,2.2,0.0,17.8,26.7,0.4,4.0,0.4,0.0,0.0,0.0,0.0,0.0,0.0,0.0,0.0,0.0,0.0,0.0,0.0,0.0,0.0,0.0,0.0,0.0,0.0,0.0,0.0,0.0,0.0,0.0,0.0,0.0,0.0,0.0,0.0,0.0,0.0,0.0,0.0,0.0,0.0,0.0,0.0,0.0,0.0,0.0,0.0,0.0,0.0,0.0,0.0,0.0,0.0,0.0,0.0
2026-01-23 16:35:47,3.6,34.3,running,1.8,0.0,22.0,0.0,2.7,4.9,9.6,4.4,4.4,0.0,2.7,2.7,0.9,3.0,2.2,1.8,3.1,2.2,2.2,1.8,5.8,4.0,1.8,12.1,0.9,0.0,4.0,0.0,1.3,0.0,3.9,1.3,4.8,3.1,1.3,0.0,0.0,0.4,0.4,0.0,1.3,1.8,0.0,41.8,5.3,0.4,3.1,0.0,0.0,0.0,0.0,0.0,0.0,0.0,0.0,0.0,0.0,0.0,0.0,0.0,0.0,0.0,0.0,0.0,0.0,0.0,0.0,0.0,0.0,0.0,0.0,0.0,0.0,0.0,0.0,0.0,0.0,0.0,0.0,0.0,0.0,0.0,0.0,0.0,0.0,0.0,0.0,0.0,0.0,0.0,0.0,0.0,0.0,0.0,0.0,0.0
2026-01-23 16:35:50,3.5,34.3,running,4.5,4.9,22.7,0.0,4.0,1.8,2.7,2.2,4.0,2.7,0.9,3.1,3.1,2.6,0.0,0.0,2.2,4.9,0.9,0.0,0.4,4.5,0.4,11.2,0.9,8.9,4.9,0.9,2.3,0.0,1.8,0.0,1.8,3.6,1.8,0.0,0.0,1.8,2.7,0.0,1.8,1.3,0.9,36.4,6.2,0.9,2.7,0.0,0.0,0.0,0.0,0.0,0.0,0.0,0.0,0.0,0.0,0.0,0.0,0.0,0.0,0.0,0.0,0.0,0.0,0.0,0.0,0.0,0.0,0.0,0.0,0.0,0.0,0.0,0.0,0.0,0.0,0.0,0.0,0.0,0.0,0.0,0.0,0.0,0.0,0.0,0.0,0.0,0.0,0.0,0.0,0.0,0.0,0.0,0.0,0.0
2026-01-23 16:35:54,3.6,18.7,running,5.8,2.7,21.3,3.8,3.6,0.4,4.0,2.2,2.2,1.3,0.9,1.3,4.4,0.9,0.9,0.9,0.4,1.3,0.4,0.0,0.0,2.2,1.3,11.6,1.8,1.8,5.8,2.7,1.8,0.0,5.8,0.9,4.0,0.9,0.0,0.0,0.0,0.9,1.3,0.9,3.1,2.2,0.4,20.5,18.3,0.5,4.4,0.0,0.0,0.0,0.0,0.0,0.0,0.0,0.0,0.0,0.0,0.0,0.0,0.0,0.0,0.0,0.0,0.0,0.0,0.0,0.0,0.0,0.0,0.0,0.0,0.0,0.0,0.0,0.0,0.0,0.0,0.0,0.0,0.0,0.0,0.0,0.0,0.0,0.0,0.0,0.0,0.0,0.0,0.0,0.0,0.0,0.0,0.0,0.0,0.0
2026-01-23 16:35:57,4.1,25.0,running,0.9,0.9,20.9,1.7,10.6,0.0,1.8,0.9,1.8,2.7,8.0,5.3,2.7,0.9,1.8,0.9,2.6,4.5,4.5,0.9,3.6,0.9,0.0,10.3,2.7,2.2,5.8,0.0,3.6,0.0,0.4,0.9,4.4,3.1,2.2,1.3,4.4,0.0,1.3,0.0,0.4,2.7,0.0,1.8,41.4,0.0,2.7,0.4,0.0,0.0,0.0,0.0,0.0,0.0,0.0,0.0,0.0,0.0,0.0,0.0,0.0,0.0,0.0,0.0,0.0,0.0,0.0,0.0,0.0,0.0,0.0,0.0,0.0,0.0,0.0,0.0,0.0,0.0,0.0,0.0,0.0,0.0,0.0,0.0,0.0,0.0,0.0,0.0,0.0,0.0,0.0,0.0,0.0,0.0,0.0,0.0
2026-01-23 16:36:01,4.8,21.8,running,1.8,0.9,22.2,2.0,6.2,1.0,5.8,0.0,3.1,1.8,4.4,7.1,4.0,2.7,0.0,2.7,4.0,2.2,2.2,0.4,3.1,0.0,2.2,9.7,1.8,7.6,1.8,0.4,4.9,0.0,2.2,1.8,3.6,4.5,3.1,1.3,3.6,0.9,1.3,3.1,3.1,0.5,1.3,24.8,28.0,0.0,8.9,0.0,0.0,0.0,0.0,0.0,0.0,0.0,0.0,0.0,0.0,0.0,0.0,0.0,0.0,0.0,0.0,0.0,0.0,0.0,0.0,0.0,0.0,0.0,0.0,0.0,0.0,0.0,0.0,0.0,0.0,0.0,0.0,0.0,0.0,0.0,0.0,0.0,0.0,0.0,0.0,0.0,0.0,0.0,0.0,0.0,0.0,0.0,0.0,0.0
2026-01-23 16:36:04,4.0,46.8,running,1.8,1.8,21.2,0.0,7.1,0.8,3.6,3.5,4.4,1.3,1.8,3.1,4.8,3.1,1.8,0.4,2.2,2.2,2.7,0.4,1.8,0.0,2.2,8.5,3.1,0.0,4.0,3.1,2.7,0.4,1.8,0.0,6.6,1.3,0.4,1.3,3.6,0.4,3.6,0.0,12.4,0.9,2.2,44.2,5.8,1.8,4.0,0.0,0.0,0.0,0.0,0.0,0.0,0.0,0.0,0.0,0.0,0.0,0.0,0.0,0.0,0.0,0.0,0.0,0.0,0.0,0.0,0.0,0.0,0.0,0.0,0.0,0.0,0.0,0.0,0.0,0.0,0.0,0.0,0.0,0.0,0.0,0.0,0.0,0.0,0.0,0.0,0.0,0.0,0.0,0.0,0.0,0.0,0.0,0.0,0.0
2026-01-23 16:36:08,3.6,31.2,running,7.6,0.4,26.9,0.4,7.1,1.8,2.7,2.7,5.4,1.8,3.6,2.7,4.0,4.4,0.0,0.4,1.3,5.8,1.8,2.7,3.6,3.6,2.2,10.7,0.9,1.8,1.8,0.9,0.9,0.9,0.9,2.2,4.4,4.0,0.0,1.3,0.0,1.8,0.0,0.4,1.8,0.4,0.4,44.1,6.7,1.3,0.0,0.4,0.0,0.0,0.0,0.0,0.0,0.0,0.0,0.0,0.0,0.0,0.0,0.0,0.0,0.0,0.0,0.0,0.0,0.0,0.0,0.0,0.0,0.0,0.0,0.0,0.0,0.0,0.0,0.0,0.0,0.0,0.0,0.0,0.0,0.0,0.0,0.0,0.0,0.0,0.0,0.0,0.0,0.0,0.0,0.0,0.0,0.0,0.0,0.0
2026-01-23 16:36:11,3.7,43.7,running,1.3,2.7,19.8,0.9,4.5,2.7,5.8,4.9,5.8,1.8,3.6,1.3,3.1,7.1,3.6,0.0,2.2,6.7,2.2,0.0,3.5,1.3,2.2,12.1,1.8,3.1,3.1,1.3,1.4,0.0,0.4,1.3,6.2,4.0,3.5,2.2,1.8,1.3,0.9,0.0,1.8,0.0,0.0,42.5,3.6,2.2,0.0,0.0,0.0,0.0,0.0,0.0,0.0,0.0,0.0,0.0,0.0,0.0,0.0,0.0,0.0,0.0,0.0,0.0,0.0,0.0,0.0,0.0,0.0,0.0,0.0,0.0,0.0,0.0,0.0,0.0,0.0,0.0,0.0,0.0,0.0,0.0,0.0,0.0,0.0,0.0,0.0,0.0,0.0,0.0,0.0,0.0,0.0,0.0,0.0,0.0
2026-01-23 16:36:15,3.7,21.9,running,1.3,1.8,14.7,0.4,4.9,3.5,8.5,0.9,3.6,1.4,7.1,1.8,7.6,1.4,3.9,2.1,2.2,1.8,2.2,0.4,2.7,1.3,0.9,12.9,0.9,0.0,4.4,3.5,5.3,0.0,0.4,2.7,7.9,4.3,4.4,1.3,0.9,1.3,2.2,2.7,1.8,2.3,1.3,44.0,6.7,0.0,4.5,0.4,0.0,0.0,0.0,0.0,0.0,0.0,0.0,0.0,0.0,0.0,0.0,0.0,0.0,0.0,0.0,0.0,0.0,0.0,0.0,0.0,0.0,0.0,0.0,0.0,0.0,0.0,0.0,0.0,0.0,0.0,0.0,0.0,0.0,0.0,0.0,0.0,0.0,0.0,0.0,0.0,0.0,0.0,0.0,0.0,0.0,0.0,0.0,0.0
2026-01-23 16:36:18,3.9,25.0,running,1.3,1.8,21.3,0.0,5.3,2.2,2.7,0.0,1.8,0.4,5.4,3.2,5.3,2.3,5.6,1.0,4.4,1.8,3.1,2.2,5.8,0.0,0.9,12.0,4.4,3.4,6.7,0.9,1.3,0.0,1.8,2.9,6.2,2.9,0.9,2.5,0.9,0.0,2.2,0.0,0.4,0.0,1.5,28.1,18.8,0.0,3.1,0.5,0.0,0.0,0.0,0.0,0.0,0.0,0.0,0.0,0.0,0.0,0.0,0.0,0.0,0.0,0.0,0.0,0.0,0.0,0.0,0.0,0.0,0.0,0.0,0.0,0.0,0.0,0.0,0.0,0.0,0.0,0.0,0.0,0.0,0.0,0.0,0.0,0.0,0.0,0.0,0.0,0.0,0.0,0.0,0.0,0.0,0.0,0.0,0.0
2026-01-23 16:36:22,3.4,28.1,running,3.6,1.3,19.3,0.0,2.7,3.6,4.0,0.0,1.8,3.1,1.8,3.4,2.7,2.6,2.1,4.0,2.7,0.9,2.7,0.4,3.6,0.4,3.6,10.7,3.1,4.0,3.1,4.0,3.1,0.0,0.4,0.0,4.0,1.6,0.9,0.8,0.4,1.3,3.1,0.0,3.1,0.0,0.0,0.0,44.0,0.0,7.1,0.0,0.0,0.0,0.0,0.0,0.0,0.0,0.0,0.0,0.0,0.0,0.0,0.0,0.0,0.0,0.0,0.0,0.0,0.0,0.0,0.0,0.0,0.0,0.0,0.0,0.0,0.0,0.0,0.0,0.0,0.0,0.0,0.0,0.0,0.0,0.0,0.0,0.0,0.0,0.0,0.0,0.0,0.0,0.0,0.0,0.0,0.0,0.0,0.0
2026-01-23 16:36:25,2.9,40.6,running,0.9,1.8,17.4,0.0,3.6,0.5,1.8,0.0,3.6,0.4,4.5,5.3,2.2,0.0,3.1,1.8,0.9,3.5,1.3,0.0,1.3,1.3,0.0,11.9,1.8,4.4,0.9,0.4,1.4,6.3,0.0,0.4,2.6,1.8,1.8,3.6,0.9,0.0,0.5,0.0,2.7,0.9,1.8,37.6,10.7,0.9,4.9,0.0,0.0,0.0,0.0,0.0,0.0,0.0,0.0,0.0,0.0,0.0,0.0,0.0,0.0,0.0,0.0,0.0,0.0,0.0,0.0,0.0,0.0,0.0,0.0,0.0,0.0,0.0,0.0,0.0,0.0,0.0,0.0,0.0,0.0,0.0,0.0,0.0,0.0,0.0,0.0,0.0,0.0,0.0,0.0,0.0,0.0,0.0,0.0,0.0
2026-01-23 16:36:29,3.3,40.6,running,0.4,0.9,21.3,1.2,3.6,2.1,3.1,2.2,9.8,0.0,2.7,4.0,4.9,3.1,1.3,1.8,2.2,0.5,4.0,0.9,3.1,3.6,1.3,10.8,4.0,0.4,2.7,11.4,1.3,2.7,0.0,0.4,2.2,2.2,0.0,0.0,3.5,0.9,1.3,0.0,2.7,1.3,0.0,23.2,23.5,0.0,4.5,0.4,0.0,0.0,0.0,0.0,0.0,0.0,0.0,0.0,0.0,0.0,0.0,0.0,0.0,0.0,0.0,0.0,0.0,0.0,0.0,0.0,0.0,0.0,0.0,0.0,0.0,0.0,0.0,0.0,0.0,0.0,0.0,0.0,0.0,0.0,0.0,0.0,0.0,0.0,0.0,0.0,0.0,0.0,0.0,0.0,0.0,0.0,0.0,0.0
2026-01-23 16:36:32,3.8,28.1,running,3.6,1.8,20.9,0.0,7.6,0.4,3.6,2.2,6.6,0.0,3.1,4.0,4.0,0.9,0.4,0.0,3.1,0.4,4.4,0.0,0.9,4.7,1.3,16.0,1.8,6.7,7.5,0.5,1.8,0.0,0.9,1.3,2.2,3.1,5.8,0.0,0.0,0.9,2.7,0.0,0.4,1.3,0.9,0.4,38.7,0.4,7.1,0.0,0.0,0.0,0.0,0.0,0.0,0.0,0.0,0.0,0.0,0.0,0.0,0.0,0.0,0.0,0.0,0.0,0.0,0.0,0.0,0.0,0.0,0.0,0.0,0.0,0.0,0.0,0.0,0.0,0.0,0.0,0.0,0.0,0.0,0.0,0.0,0.0,0.0,0.0,0.0,0.0,0.0,0.0,0.0,0.0,0.0,0.0,0.0,0.0
2026-01-23 16:36:36,2.9,21.8,running,0.9,3.1,20.1,0.4,3.1,2.2,6.2,0.0,4.9,1.0,2.7,6.2,1.3,4.0,3.1,1.3,0.9,0.0,3.1,0.0,1.3,0.0,1.3,13.3,2.7,11.6,4.0,0.0,3.6,3.1,2.2,0.4,0.9,4.9,2.7,1.3,0.0,0.9,1.8,0.0,1.3,0.9,0.4,39.6,4.9,0.0,1.3,0.4,0.0,0.0,0.0,0.0,0.0,0.0,0.0,0.0,0.0,0.0,0.0,0.0,0.0,0.0,0.0,0.0,0.0,0.0,0.0,0.0,0.0,0.0,0.0,0.0,0.0,0.0,0.0,0.0,0.0,0.0,0.0,0.0,0.0,0.0,0.0,0.0,0.0,0.0,0.0,0.0,0.0,0.0,0.0,0.0,0.0,0.0,0.0,0.0
2026-01-23 16:36:39,3.4,25.0,running,1.8,1.3,21.3,0.0,2.7,0.9,4.5,1.3,2.2,2.0,1.3,2.2,1.8,4.0,2.7,0.9,1.3,0.4,3.6,0.0,2.2,0.8,0.0,13.7,2.7,0.9,3.1,0.4,4.4,1.3,0.9,0.9,5.3,0.9,0.9,1.3,0.0,1.3,0.9,4.0,0.0,1.8,2.7,23.0,27.5,0.0,2.7,0.4,0.0,0.0,0.0,0.0,0.0,0.0,0.0,0.0,0.0,0.0,0.0,0.0,0.0,0.0,0.0,0.0,0.0,0.0,0.0,0.0,0.0,0.0,0.0,0.0,0.0,0.0,0.0,0.0,0.0,0.0,0.0,0.0,0.0,0.0,0.0,0.0,0.0,0.0,0.0,0.0,0.0,0.0,0.0,0.0,0.0,0.0,0.0,0.0
2026-01-23 16:36:43,3.0,21.9,running,3.6,2.2,20.5,1.4,8.0,1.8,1.3,1.3,0.9,3.1,4.5,2.7,3.6,2.4,0.0,1.8,0.4,4.4,0.9,1.3,0.4,1.8,0.4,11.2,0.9,2.2,1.3,2.2,1.8,0.9,0.0,4.0,1.8,2.7,0.9,0.9,2.7,1.3,3.1,0.0,0.0,2.2,0.9,3.5,42.5,0.0,4.0,0.0,0.0,0.0,0.0,0.0,0.0,0.0,0.0,0.0,0.0,0.0,0.0,0.0,0.0,0.0,0.0,0.0,0.0,0.0,0.0,0.0,0.0,0.0,0.0,0.0,0.0,0.0,0.0,0.0,0.0,0.0,0.0,0.0,0.0,0.0,0.0,0.0,0.0,0.0,0.0,0.0,0.0,0.0,0.0,0.0,0.0,0.0,0.0,0.0
2026-01-23 16:36:46,3.5,28.1,running,3.5,1.3,25.1,1.3,2.7,3.5,3.6,4.0,3.1,3.1,2.2,1.3,1.8,0.0,0.0,3.1,4.4,0.9,1.3,1.8,0.9,0.9,1.8,13.8,1.3,2.2,3.1,0.4,2.2,0.0,2.7,0.4,6.2,0.0,2.2,0.9,0.4,0.0,3.1,2.7,2.2,1.8,1.8,0.0,44.2,0.0,5.8,0.0,0.0,0.0,0.0,0.0,0.0,0.0,0.0,0.0,0.0,0.0,0.0,0.0,0.0,0.0,0.0,0.0,0.0,0.0,0.0,0.0,0.0,0.0,0.0,0.0,0.0,0.0,0.0,0.0,0.0,0.0,0.0,0.0,0.0,0.0,0.0,0.0,0.0,0.0,0.0,0.0,0.0,0.0,0.0,0.0,0.0,0.0,0.0,0.0
2026-01-23 16:36:50,3.1,25.0,running,2.2,1.8,16.1,0.5,2.2,0.9,4.9,5.4,5.3,0.4,0.9,3.1,1.8,1.3,1.3,4.4,0.9,1.8,3.1,0.4,1.8,0.5,0.9,10.2,0.9,4.4,4.9,1.3,1.8,5.3,0.0,0.0,2.7,0.0,4.0,0.4,0.0,0.0,4.0,0.9,1.3,0.0,0.0,0.4,43.2,1.3,7.1,0.4,0.0,0.0,0.0,0.0,0.0,0.0,0.0,0.0,0.0,0.0,0.0,0.0,0.0,0.0,0.0,0.0,0.0,0.0,0.0,0.0,0.0,0.0,0.0,0.0,0.0,0.0,0.0,0.0,0.0,0.0,0.0,0.0,0.0,0.0,0.0,0.0,0.0,0.0,0.0,0.0,0.0,0.0,0.0,0.0,0.0,0.0,0.0,0.0
2026-01-23 16:36:53,3.3,34.3,running,1.8,1.3,17.8,2.6,4.0,2.7,6.2,2.2,3.1,3.1,3.6,2.2,2.2,1.8,2.2,1.8,3.1,0.9,0.0,0.0,1.8,0.0,1.3,12.5,0.4,5.8,2.2,1.3,0.9,0.9,0.0,0.0,7.9,1.8,2.2,0.0,0.0,0.9,2.7,1.3,1.8,0.0,1.3,0.9,38.8,0.4,7.5,0.4,0.0,0.0,0.0,0.0,0.0,0.0,0.0,0.0,0.0,0.0,0.0,0.0,0.0,0.0,0.0,0.0,0.0,0.0,0.0,0.0,0.0,0.0,0.0,0.0,0.0,0.0,0.0,0.0,0.0,0.0,0.0,0.0,0.0,0.0,0.0,0.0,0.0,0.0,0.0,0.0,0.0,0.0,0.0,0.0,0.0,0.0,0.0,0.0
2026-01-23 16:36:57,4.1,31.2,running,5.4,1.3,20.9,5.3,5.4,0.5,4.9,4.9,2.2,3.6,4.0,0.0,0.9,3.1,1.3,4.4,4.9,1.3,1.8,1.3,0.4,2.2,0.0,10.7,2.7,5.4,2.2,0.9,0.5,0.4,0.0,2.2,3.1,3.1,1.8,6.7,1.3,0.9,0.4,0.4,0.9,0.0,0.0,2.2,41.8,1.8,5.8,0.4,0.0,0.0,0.0,0.0,0.0,0.0,0.0,0.0,0.0,0.0,0.0,0.0,0.0,0.0,0.0,0.0,0.0,0.0,0.0,0.0,0.0,0.0,0.0,0.0,0.0,0.0,0.0,0.0,0.0,0.0,0.0,0.0,0.0,0.0,0.0,0.0,0.0,0.0,0.0,0.0,0.0,0.0,0.0,0.0,0.0,0.0,0.0,0.0
2026-01-23 16:37:00,3.2,25.0,running,1.8,0.0,23.9,2.2,6.7,0.4,4.0,1.8,5.8,0.4,1.8,1.3,1.3,0.4,1.8,0.0,1.8,1.8,0.9,0.9,1.8,0.0,2.2,13.5,3.1,0.4,3.1,5.3,1.7,0.4,1.8,2.2,2.7,3.1,3.6,4.0,2.7,0.4,0.9,0.0,1.8,1.3,0.4,35.0,14.4,0.0,6.2,0.0,0.0,0.0,0.0,0.0,0.0,0.0,0.0,0.0,0.0,0.0,0.0,0.0,0.0,0.0,0.0,0.0,0.0,0.0,0.0,0.0,0.0,0.0,0.0,0.0,0.0,0.0,0.0,0.0,0.0,0.0,0.0,0.0,0.0,0.0,0.0,0.0,0.0,0.0,0.0,0.0,0.0,0.0,0.0,0.0,0.0,0.0,0.0,0.0
2026-01-23 16:37:04,3.8,34.3,running,5.4,0.0,29.1,0.9,4.9,1.3,5.8,0.4,3.6,0.9,4.0,3.1,3.6,0.0,2.2,0.0,1.3,5.4,0.0,0.9,0.9,0.0,2.2,11.5,0.0,2.2,2.2,0.0,3.1,0.0,1.3,2.2,4.9,3.1,1.3,3.1,1.8,1.0,3.6,1.5,0.9,0.9,0.0,26.9,20.8,0.0,2.2,0.0,0.0,0.0,0.0,0.0,0.0,0.0,0.0,0.0,0.0,0.0,0.0,0.0,0.0,0.0,0.0,0.0,0.0,0.0,0.0,0.0,0.0,0.0,0.0,0.0,0.0,0.0,0.0,0.0,0.0,0.0,0.0,0.0,0.0,0.0,0.0,0.0,0.0,0.0,0.0,0.0,0.0,0.0,0.0,0.0,0.0,0.0,0.0,0.0
2026-01-23 16:37:07,3.2,25.0,running,3.1,1.3,21.7,2.8,3.6,0.0,2.7,0.0,3.1,1.3,4.5,3.1,1.3,3.6,3.1,0.4,0.4,1.8,0.0,0.0,0.9,0.0,2.2,10.3,3.1,1.8,4.9,0.0,0.9,1.3,1.3,1.3,3.6,2.2,3.6,2.2,2.7,2.1,0.9,0.9,0.0,2.7,1.8,2.7,39.1,0.9,6.2,0.4,0.0,0.0,0.0,0.0,0.0,0.0,0.0,0.0,0.0,0.0,0.0,0.0,0.0,0.0,0.0,0.0,0.0,0.0,0.0,0.0,0.0,0.0,0.0,0.0,0.0,0.0,0.0,0.0,0.0,0.0,0.0,0.0,0.0,0.0,0.0,0.0,0.0,0.0,0.0,0.0,0.0,0.0,0.0,0.0,0.0,0.0,0.0,0.0
2026-01-23 16:37:11,6.7,34.3,running,4.0,4.9,26.8,2.5,5.8,4.0,4.9,3.6,7.1,4.4,2.6,3.1,5.3,3.9,2.2,0.9,3.1,1.3,3.1,2.7,3.6,1.8,3.1,10.6,5.8,0.9,2.7,2.3,4.4,3.1,0.9,0.9,6.6,2.2,2.7,2.7,1.3,1.3,1.8,0.9,2.2,0.9,0.9,39.8,9.3,0.9,2.2,1.3,0.0,0.0,0.0,0.0,0.0,0.0,0.0,0.0,0.0,0.0,0.0,0.0,0.0,0.0,0.0,0.0,0.0,0.0,0.0,0.0,0.0,0.0,0.0,0.0,0.0,0.0,0.0,0.0,0.0,0.0,0.0,0.0,0.0,0.0,0.0,0.0,0.0,0.0,0.0,0.0,0.0,0.0,0.0,0.0,0.0,0.0,0.0,0.0
2026-01-23 16:37:14,3.1,34.3,running,5.8,0.9,18.6,0.0,3.1,2.2,3.6,3.1,1.8,2.7,4.4,3.1,2.7,1.3,0.9,0.4,0.9,1.8,3.2,0.0,1.3,0.0,3.6,9.3,3.1,3.6,3.5,0.0,3.3,0.0,1.8,0.4,6.2,2.2,5.8,0.0,0.4,0.0,0.4,0.0,1.3,0.0,0.0,19.1,23.0,0.0,5.4,0.0,0.0,0.0,0.0,0.0,0.0,0.0,0.0,0.0,0.0,0.0,0.0,0.0,0.0,0.0,0.0,0.0,0.0,0.0,0.0,0.0,0.0,0.0,0.0,0.0,0.0,0.0,0.0,0.0,0.0,0.0,0.0,0.0,0.0,0.0,0.0,0.0,0.0,0.0,0.0,0.0,0.0,0.0,0.0,0.0,0.0,0.0,0.0,0.0
2026-01-23 16:37:18,3.4,28.1,running,4.0,3.1,19.2,1.4,5.8,2.7,4.9,1.8,1.8,0.0,1.8,2.6,2.7,0.0,4.4,1.3,1.3,1.3,0.9,1.3,2.7,1.8,2.2,13.8,2.2,1.8,7.0,0.5,3.4,0.0,0.9,2.2,8.0,0.0,0.9,0.0,1.3,0.4,1.3,0.0,0.4,1.3,0.0,2.2,44.9,2.3,8.9,0.0,0.0,0.0,0.0,0.0,0.0,0.0,0.0,0.0,0.0,0.0,0.0,0.0,0.0,0.0,0.0,0.0,0.0,0.0,0.0,0.0,0.0,0.0,0.0,0.0,0.0,0.0,0.0,0.0,0.0,0.0,0.0,0.0,0.0,0.0,0.0,0.0,0.0,0.0,0.0,0.0,0.0,0.0,0.0,0.0,0.0,0.0,0.0,0.0
2026-01-23 16:37:21,3.5,31.2,running,4.0,2.7,22.5,1.1,2.7,0.9,1.3,2.2,4.5,3.6,1.8,1.2,2.2,4.0,1.8,0.0,2.7,4.4,2.7,0.0,0.4,0.9,0.9,12.0,1.3,3.6,1.8,0.0,7.1,1.3,4.0,1.3,0.9,1.0,2.2,0.0,0.0,0.0,0.4,1.3,0.9,0.0,0.0,0.4,41.3,0.4,5.8,0.0,0.0,0.0,0.0,0.0,0.0,0.0,0.0,0.0,0.0,0.0,0.0,0.0,0.0,0.0,0.0,0.0,0.0,0.0,0.0,0.0,0.0,0.0,0.0,0.0,0.0,0.0,0.0,0.0,0.0,0.0,0.0,0.0,0.0,0.0,0.0,0.0,0.0,0.0,0.0,0.0,0.0,0.0,0.0,0.0,0.0,0.0,0.0,0.0
2026-01-23 16:37:25,4.1,28.1,running,3.1,1.3,20.9,0.0,5.4,0.9,5.8,2.2,1.3,0.0,1.3,5.8,2.7,3.0,5.3,0.0,0.9,6.7,0.4,0.0,1.3,0.0,2.2,13.5,1.3,3.6,1.8,0.4,0.4,4.0,2.7,0.0,4.0,3.3,0.0,0.0,0.9,1.8,3.6,0.0,0.0,0.0,0.0,27.0,19.7,0.0,4.4,0.5,0.0,0.0,0.0,0.0,0.0,0.0,0.0,0.0,0.0,0.0,0.0,0.0,0.0,0.0,0.0,0.0,0.0,0.0,0.0,0.0,0.0,0.0,0.0,0.0,0.0,0.0,0.0,0.0,0.0,0.0,0.0,0.0,0.0,0.0,0.0,0.0,0.0,0.0,0.0,0.0,0.0,0.0,0.0,0.0,0.0,0.0,0.0,0.0
2026-01-23 16:37:28,4.0,37.4,running,0.9,1.3,21.4,0.9,5.3,4.4,4.9,2.2,5.8,0.0,1.4,3.6,1.3,2.0,5.8,7.6,1.8,0.9,3.6,0.0,1.8,1.2,1.3,12.9,0.4,1.3,4.9,1.8,1.8,1.6,5.8,0.4,6.6,1.8,2.2,0.0,3.6,2.2,1.3,0.0,0.0,0.4,0.4,37.9,3.1,1.7,0.4,0.0,0.0,0.0,0.0,0.0,0.0,0.0,0.0,0.0,0.0,0.0,0.0,0.0,0.0,0.0,0.0,0.0,0.0,0.0,0.0,0.0,0.0,0.0,0.0,0.0,0.0,0.0,0.0,0.0,0.0,0.0,0.0,0.0,0.0,0.0,0.0,0.0,0.0,0.0,0.0,0.0,0.0,0.0,0.0,0.0,0.0,0.0,0.0,0.0
2026-01-23 16:37:32,3.2,31.2,running,6.2,0.0,17.4,0.0,2.7,2.2,1.8,2.2,4.0,0.8,4.0,1.8,0.9,1.3,0.4,4.5,2.2,4.0,1.3,0.0,1.8,2.2,1.3,10.3,0.9,3.1,2.2,0.0,2.7,5.3,3.6,1.3,4.0,2.2,0.0,2.7,1.8,0.0,1.3,0.9,3.1,0.9,0.0,40.5,2.2,0.0,1.3,0.0,0.0,0.0,0.0,0.0,0.0,0.0,0.0,0.0,0.0,0.0,0.0,0.0,0.0,0.0,0.0,0.0,0.0,0.0,0.0,0.0,0.0,0.0,0.0,0.0,0.0,0.0,0.0,0.0,0.0,0.0,0.0,0.0,0.0,0.0,0.0,0.0,0.0,0.0,0.0,0.0,0.0,0.0,0.0,0.0,0.0,0.0,0.0,0.0
2026-01-23 16:37:35,3.8,40.6,running,2.2,0.4,23.0,0.0,5.4,0.4,4.5,0.0,4.0,0.0,2.2,3.6,2.7,0.0,4.4,0.0,0.9,7.0,0.9,2.7,0.4,3.1,2.2,9.4,2.7,0.9,0.9,0.9,6.2,0.5,4.0,0.4,5.7,3.7,3.1,0.4,2.7,0.4,0.0,0.0,3.6,0.9,1.8,12.1,29.5,0.9,2.2,0.4,0.0,0.0,0.0,0.0,0.0,0.0,0.0,0.0,0.0,0.0,0.0,0.0,0.0,0.0,0.0,0.0,0.0,0.0,0.0,0.0,0.0,0.0,0.0,0.0,0.0,0.0,0.0,0.0,0.0,0.0,0.0,0.0,0.0,0.0,0.0,0.0,0.0,0.0,0.0,0.0,0.0,0.0,0.0,0.0,0.0,0.0,0.0,0.0
2026-01-23 16:37:39,3.2,40.6,running,0.9,0.4,19.9,0.4,2.7,2.2,5.8,0.0,3.1,0.4,2.2,2.2,5.8,0.5,1.8,0.4,0.9,2.2,0.9,0.4,0.9,4.0,2.7,14.7,2.2,1.3,1.3,1.8,0.0,0.0,0.4,0.4,6.7,1.9,5.8,5.3,1.8,1.3,3.6,4.9,2.2,0.9,0.0,0.9,43.3,0.0,3.1,0.0,0.0,0.0,0.0,0.0,0.0,0.0,0.0,0.0,0.0,0.0,0.0,0.0,0.0,0.0,0.0,0.0,0.0,0.0,0.0,0.0,0.0,0.0,0.0,0.0,0.0,0.0,0.0,0.0,0.0,0.0,0.0,0.0,0.0,0.0,0.0,0.0,0.0,0.0,0.0,0.0,0.0,0.0,0.0,0.0,0.0,0.0,0.0,0.0
2026-01-23 16:37:42,2.8,34.3,running,1.8,1.3,22.7,0.0,2.7,0.9,7.6,0.0,4.5,3.5,2.7,1.3,2.7,3.1,0.9,1.8,0.9,1.8,0.9,0.0,0.4,3.5,0.9,10.2,2.3,3.1,0.9,4.5,2.2,2.2,6.3,2.2,2.7,3.3,4.5,0.0,1.3,0.9,1.3,1.7,0.4,0.0,0.9,1.8,36.9,3.1,5.8,0.4,0.0,0.0,0.0,0.0,0.0,0.0,0.0,0.0,0.0,0.0,0.0,0.0,0.0,0.0,0.0,0.0,0.0,0.0,0.0,0.0,0.0,0.0,0.0,0.0,0.0,0.0,0.0,0.0,0.0,0.0,0.0,0.0,0.0,0.0,0.0,0.0,0.0,0.0,0.0,0.0,0.0,0.0,0.0,0.0,0.0,0.0,0.0,0.0
2026-01-23 16:37:46,3.9,40.6,running,0.4,0.4,24.9,0.0,2.7,3.1,2.2,0.0,4.5,1.3,3.1,0.0,4.4,0.9,0.0,2.2,1.3,3.6,2.2,2.7,2.7,2.2,0.0,11.2,0.9,6.3,4.9,0.9,3.6,0.4,2.2,0.0,8.0,1.3,1.3,3.1,5.8,0.9,1.3,5.8,1.3,0.0,0.0,34.7,7.1,3.6,1.3,0.0,0.0,0.0,0.0,0.0,0.0,0.0,0.0,0.0,0.0,0.0,0.0,0.0,0.0,0.0,0.0,0.0,0.0,0.0,0.0,0.0,0.0,0.0,0.0,0.0,0.0,0.0,0.0,0.0,0.0,0.0,0.0,0.0,0.0,0.0,0.0,0.0,0.0,0.0,0.0,0.0,0.0,0.0,0.0,0.0,0.0,0.0,0.0,0.0
2026-01-23 16:37:49,3.1,18.7,running,0.0,4.0,22.6,0.5,9.3,3.6,4.0,0.0,2.7,4.0,1.8,1.8,4.4,1.3,3.6,0.0,0.4,1.3,0.0,0.0,2.2,4.9,0.9,11.2,3.6,1.3,1.8,0.0,0.9,4.0,0.4,0.0,4.4,2.2,2.7,0.9,3.1,0.9,0.4,0.0,1.3,0.0,0.0,23.2,19.8,0.4,2.7,0.0,0.0,0.0,0.0,0.0,0.0,0.0,0.0,0.0,0.0,0.0,0.0,0.0,0.0,0.0,0.0,0.0,0.0,0.0,0.0,0.0,0.0,0.0,0.0,0.0,0.0,0.0,0.0,0.0,0.0,0.0,0.0,0.0,0.0,0.0,0.0,0.0,0.0,0.0,0.0,0.0,0.0,0.0,0.0,0.0,0.0,0.0,0.0,0.0
2026-01-23 16:37:53,2.6,28.1,running,0.4,0.0,19.1,0.0,4.9,2.2,6.3,0.0,4.0,1.3,4.0,1.3,2.2,2.4,1.8,4.9,1.8,0.4,4.5,0.9,1.8,2.7,0.4,10.7,3.1,3.5,1.8,1.3,3.5,0.4,0.9,0.4,5.8,3.5,0.9,0.0,2.2,0.4,0.9,0.9,1.3,5.8,0.9,2.2,40.8,0.0,4.9,0.4,0.0,0.0,0.0,0.0,0.0,0.0,0.0,0.0,0.0,0.0,0.0,0.0,0.0,0.0,0.0,0.0,0.0,0.0,0.0,0.0,0.0,0.0,0.0,0.0,0.0,0.0,0.0,0.0,0.0,0.0,0.0,0.0,0.0,0.0,0.0,0.0,0.0,0.0,0.0,0.0,0.0,0.0,0.0,0.0,0.0,0.0,0.0,0.0
2026-01-23 16:37:56,3.3,37.5,running,1.8,1.8,19.2,0.4,4.5,2.7,2.7,0.0,3.1,2.2,1.8,2.2,4.4,0.0,0.0,1.3,0.0,5.8,2.7,0.0,0.4,0.0,1.3,13.4,3.5,0.9,2.2,2.2,3.1,0.4,1.3,0.9,4.5,4.5,6.7,0.4,0.9,0.9,1.8,0.0,0.0,0.0,0.0,46.4,2.7,0.0,1.3,0.0,0.0,0.0,0.0,0.0,0.0,0.0,0.0,0.0,0.0,0.0,0.0,0.0,0.0,0.0,0.0,0.0,0.0,0.0,0.0,0.0,0.0,0.0,0.0,0.0,0.0,0.0,0.0,0.0,0.0,0.0,0.0,0.0,0.0,0.0,0.0,0.0,0.0,0.0,0.0,0.0,0.0,0.0,0.0,0.0,0.0,0.0,0.0,0.0
2026-01-23 16:38:00,3.6,25.0,running,4.4,0.0,22.5,2.7,4.9,3.1,3.1,0.0,4.9,2.2,5.8,2.2,4.4,3.1,0.4,0.0,2.7,0.4,2.7,1.3,2.7,0.0,0.0,11.2,1.3,1.8,3.1,0.9,2.7,0.0,2.7,0.9,4.9,2.2,7.6,3.5,0.4,0.0,8.0,0.0,0.9,0.9,0.4,42.2,2.2,2.7,4.9,0.0,0.0,0.0,0.0,0.0,0.0,0.0,0.0,0.0,0.0,0.0,0.0,0.0,0.0,0.0,0.0,0.0,0.0,0.0,0.0,0.0,0.0,0.0,0.0,0.0,0.0,0.0,0.0,0.0,0.0,0.0,0.0,0.0,0.0,0.0,0.0,0.0,0.0,0.0,0.0,0.0,0.0,0.0,0.0,0.0,0.0,0.0,0.0,0.0
2026-01-23 16:38:03,3.2,28.1,running,2.2,0.0,22.5,3.6,5.3,1.3,3.1,0.0,2.2,2.2,1.8,6.2,3.1,2.2,0.9,1.8,0.4,1.3,1.3,0.0,2.7,0.0,0.9,11.6,1.3,0.9,3.1,0.0,2.7,0.4,0.0,0.4,3.1,5.8,2.2,0.4,0.0,2.6,0.9,5.8,1.8,2.2,1.8,39.8,7.1,2.7,0.9,0.9,0.0,0.0,0.0,0.0,0.0,0.0,0.0,0.0,0.0,0.0,0.0,0.0,0.0,0.0,0.0,0.0,0.0,0.0,0.0,0.0,0.0,0.0,0.0,0.0,0.0,0.0,0.0,0.0,0.0,0.0,0.0,0.0,0.0,0.0,0.0,0.0,0.0,0.0,0.0,0.0,0.0,0.0,0.0,0.0,0.0,0.0,0.0,0.0
2026-01-23 16:38:07,3.5,18.7,running,3.6,3.1,15.2,0.0,1.8,1.3,5.8,0.0,0.0,5.3,2.2,3.1,1.8,3.6,0.9,1.8,3.1,2.2,0.9,0.0,0.9,0.9,1.8,8.4,5.8,2.2,2.7,0.0,1.3,1.3,5.8,0.0,6.7,0.0,0.9,2.2,0.0,0.4,1.3,0.4,1.8,5.3,0.0,1.8,48.2,2.2,8.1,0.0,0.0,0.0,0.0,0.0,0.0,0.0,0.0,0.0,0.0,0.0,0.0,0.0,0.0,0.0,0.0,0.0,0.0,0.0,0.0,0.0,0.0,0.0,0.0,0.0,0.0,0.0,0.0,0.0,0.0,0.0,0.0,0.0,0.0,0.0,0.0,0.0,0.0,0.0,0.0,0.0,0.0,0.0,0.0,0.0,0.0,0.0,0.0,0.0
2026-01-23 16:38:10,3.6,34.3,running,4.5,1.3,26.8,3.5,7.1,0.9,8.5,0.4,3.6,4.4,5.8,3.5,4.0,1.8,2.2,2.1,1.8,0.9,2.7,0.0,1.3,1.8,0.9,13.2,2.2,1.3,2.7,1.8,1.8,0.0,3.5,2.2,4.9,0.9,3.1,3.1,2.2,4.9,1.8,2.2,0.9,3.6,0.0,13.8,38.7,0.0,4.9,0.0,0.0,0.0,0.0,0.0,0.0,0.0,0.0,0.0,0.0,0.0,0.0,0.0,0.0,0.0,0.0,0.0,0.0,0.0,0.0,0.0,0.0,0.0,0.0,0.0,0.0,0.0,0.0,0.0,0.0,0.0,0.0,0.0,0.0,0.0,0.0,0.0,0.0,0.0,0.0,0.0,0.0,0.0,0.0,0.0,0.0,0.0,0.0,0.0
2026-01-23 16:38:14,3.8,25.0,running,0.9,0.0,19.1,0.4,2.2,2.7,4.9,1.8,2.7,2.2,2.7,6.7,3.1,1.3,2.7,2.7,1.8,2.7,0.4,0.0,3.1,0.0,0.4,12.6,0.4,0.0,4.5,3.1,4.9,1.8,4.5,0.9,5.4,1.3,4.5,0.9,0.0,2.2,0.9,0.4,14.6,4.5,2.2,11.5,35.8,0.4,4.4,0.0,0.0,0.0,0.0,0.0,0.0,0.0,0.0,0.0,0.0,0.0,0.0,0.0,0.0,0.0,0.0,0.0,0.0,0.0,0.0,0.0,0.0,0.0,0.0,0.0,0.0,0.0,0.0,0.0,0.0,0.0,0.0,0.0,0.0,0.0,0.0,0.0,0.0,0.0,0.0,0.0,0.0,0.0,0.0,0.0,0.0,0.0,0.0,0.0
2026-01-23 16:38:17,3.1,21.9,running,0.0,3.2,33.2,2.9,9.3,2.7,5.3,4.5,3.5,0.4,4.9,4.0,3.6,2.7,2.2,1.8,2.7,0.9,5.3,0.9,2.7,2.2,2.7,12.9,4.9,2.7,1.8,0.9,2.2,5.8,8.9,1.3,8.8,3.1,4.5,0.4,3.5,3.1,1.3,2.2,24.9,2.6,2.2,19.6,20.1,0.0,2.7,0.0,0.0,0.0,0.0,0.0,0.0,0.0,0.0,0.0,0.0,0.0,0.0,0.0,0.0,0.0,0.0,0.0,0.0,0.0,0.0,0.0,0.0,0.0,0.0,0.0,0.0,0.0,0.0,0.0,0.0,0.0,0.0,0.0,0.0,0.0,0.0,0.0,0.0,0.0,0.0,0.0,0.0,0.0,0.0,0.0,0.0,0.0,0.0,0.0
2026-01-23 16:38:21,3.2,31.2,running,3.1,5.3,21.0,0.7,4.0,1.3,2.7,5.8,1.8,0.9,2.2,4.0,1.3,0.0,1.8,0.0,1.8,1.3,0.4,1.3,0.4,1.3,0.4,11.2,1.8,1.8,4.0,0.4,4.4,0.9,0.5,0.9,7.5,1.3,3.6,4.5,2.3,0.9,4.9,0.9,33.3,0.0,0.9,7.7,5.0,0.4,0.4,0.4,0.0,0.0,0.0,0.0,0.0,0.0,0.0,0.0,0.0,0.0,0.0,0.0,0.0,0.0,0.0,0.0,0.0,0.0,0.0,0.0,0.0,0.0,0.0,0.0,0.0,0.0,0.0,0.0,0.0,0.0,0.0,0.0,0.0,0.0,0.0,0.0,0.0,0.0,0.0,0.0,0.0,0.0,0.0,0.0,0.0,0.0,0.0,0.0
2026-01-23 16:38:24,3.6,28.1,running,2.7,0.4,27.1,0.4,5.8,2.2,8.0,1.3,3.1,3.5,12.4,4.5,5.4,0.4,2.2,0.0,1.3,2.2,6.2,0.9,2.7,1.8,1.8,8.9,2.2,3.1,2.2,1.4,1.3,0.4,0.4,2.2,4.9,0.0,0.4,0.0,4.9,1.3,1.8,0.0,41.5,0.0,2.2,3.5,1.8,1.3,4.0,0.4,0.0,0.0,0.0,0.0,0.0,0.0,0.0,0.0,0.0,0.0,0.0,0.0,0.0,0.0,0.0,0.0,0.0,0.0,0.0,0.0,0.0,0.0,0.0,0.0,0.0,0.0,0.0,0.0,0.0,0.0,0.0,0.0,0.0,0.0,0.0,0.0,0.0,0.0,0.0,0.0,0.0,0.0,0.0,0.0,0.0,0.0,0.0,0.0
2026-01-23 16:38:28,3.5,28.1,running,1.3,4.0,21.5,1.8,3.1,0.4,1.3,0.0,1.3,0.4,2.7,2.7,3.6,2.2,1.8,5.4,1.8,3.1,0.9,0.4,2.7,3.5,1.8,9.8,5.8,2.2,3.1,0.9,1.8,3.6,3.1,1.3,4.0,3.1,1.8,0.9,1.8,1.3,2.2,0.9,44.9,0.0,5.8,0.9,0.9,0.0,0.4,0.4,0.0,0.0,0.0,0.0,0.0,0.0,0.0,0.0,0.0,0.0,0.0,0.0,0.0,0.0,0.0,0.0,0.0,0.0,0.0,0.0,0.0,0.0,0.0,0.0,0.0,0.0,0.0,0.0,0.0,0.0,0.0,0.0,0.0,0.0,0.0,0.0,0.0,0.0,0.0,0.0,0.0,0.0,0.0,0.0,0.0,0.0,0.0,0.0
2026-01-23 16:38:31,4.2,15.6,running,3.6,0.4,25.4,0.0,3.6,0.5,4.0,7.1,0.4,1.3,8.0,8.4,6.2,6.7,5.7,0.0,2.7,1.3,2.2,2.0,2.7,0.0,1.8,10.8,1.8,5.9,6.7,2.4,3.2,0.0,0.0,2.2,5.4,0.0,1.3,0.0,0.0,2.7,3.1,0.0,2.2,1.8,0.0,35.1,5.4,3.8,0.0,0.0,0.0,0.0,0.0,0.0,0.0,0.0,0.0,0.0,0.0,0.0,0.0,0.0,0.0,0.0,0.0,0.0,0.0,0.0,0.0,0.0,0.0,0.0,0.0,0.0,0.0,0.0,0.0,0.0,0.0,0.0,0.0,0.0,0.0,0.0,0.0,0.0,0.0,0.0,0.0,0.0,0.0,0.0,0.0,0.0,0.0,0.0,0.0,0.0
2026-01-23 16:38:35,3.6,21.9,running,1.3,2.2,23.1,2.0,1.3,3.7,2.2,1.0,0.4,0.0,9.4,5.0,2.2,1.3,1.8,2.7,5.8,3.1,3.6,0.8,3.6,0.8,0.9,11.5,1.8,2.5,4.9,3.3,3.1,0.0,3.3,1.3,9.2,2.5,0.5,1.7,0.0,1.3,1.8,0.0,3.6,4.0,0.9,41.7,7.0,0.0,1.2,0.4,0.0,0.0,0.0,0.0,0.0,0.0,0.0,0.0,0.0,0.0,0.0,0.0,0.0,0.0,0.0,0.0,0.0,0.0,0.0,0.0,0.0,0.0,0.0,0.0,0.0,0.0,0.0,0.0,0.0,0.0,0.0,0.0,0.0,0.0,0.0,0.0,0.0,0.0,0.0,0.0,0.0,0.0,0.0,0.0,0.0,0.0,0.0,0.0
2026-01-23 16:38:38,3.0,31.2,running,1.3,0.0,20.4,1.3,4.9,1.3,5.8,0.0,1.8,3.1,1.3,4.8,3.6,5.3,2.2,0.0,1.8,0.4,0.4,0.0,0.0,0.0,2.2,13.3,3.5,2.7,1.8,0.4,4.4,3.6,2.2,0.0,4.4,1.8,0.4,4.0,1.8,0.9,1.8,0.0,5.8,0.0,0.4,36.7,4.0,0.0,1.8,0.4,0.0,0.0,0.0,0.0,0.0,0.0,0.0,0.0,0.0,0.0,0.0,0.0,0.0,0.0,0.0,0.0,0.0,0.0,0.0,0.0,0.0,0.0,0.0,0.0,0.0,0.0,0.0,0.0,0.0,0.0,0.0,0.0,0.0,0.0,0.0,0.0,0.0,0.0,0.0,0.0,0.0,0.0,0.0,0.0,0.0,0.0,0.0,0.0
2026-01-23 16:38:42,3.3,40.6,running,0.4,4.9,25.2,0.0,4.4,2.2,6.2,0.4,3.1,0.0,1.8,1.3,4.0,5.8,0.0,0.0,1.8,5.4,0.4,0.0,0.9,3.6,0.0,11.2,5.3,3.1,1.8,0.0,0.9,0.0,1.8,0.0,5.8,3.6,0.4,0.0,2.7,1.8,3.6,0.8,42.7,0.0,0.4,0.4,0.9,0.4,7.1,0.5,0.0,0.0,0.0,0.0,0.0,0.0,0.0,0.0,0.0,0.0,0.0,0.0,0.0,0.0,0.0,0.0,0.0,0.0,0.0,0.0,0.0,0.0,0.0,0.0,0.0,0.0,0.0,0.0,0.0,0.0,0.0,0.0,0.0,0.0,0.0,0.0,0.0,0.0,0.0,0.0,0.0,0.0,0.0,0.0,0.0,0.0,0.0,0.0
2026-01-23 16:38:45,3.0,40.6,running,4.0,3.1,19.1,3.1,4.5,0.9,4.1,0.0,1.8,1.8,1.8,1.8,2.2,0.0,4.0,0.8,0.9,3.5,1.3,0.0,2.7,0.4,2.2,13.2,1.8,2.2,1.8,0.0,1.3,0.9,2.7,0.9,6.7,5.8,3.5,1.4,0.0,1.8,0.9,1.8,15.3,3.6,2.2,30.4,2.7,0.0,0.0,0.0,0.0,0.0,0.0,0.0,0.0,0.0,0.0,0.0,0.0,0.0,0.0,0.0,0.0,0.0,0.0,0.0,0.0,0.0,0.0,0.0,0.0,0.0,0.0,0.0,0.0,0.0,0.0,0.0,0.0,0.0,0.0,0.0,0.0,0.0,0.0,0.0,0.0,0.0,0.0,0.0,0.0,0.0,0.0,0.0,0.0,0.0,0.0,0.0
2026-01-23 16:38:49,2.9,43.7,running,1.3,0.0,19.1,0.9,4.0,4.4,2.7,0.0,0.9,3.1,0.9,1.8,3.1,1.8,3.1,0.4,2.2,0.9,0.9,3.6,2.7,0.4,1.3,11.6,0.9,8.9,2.2,0.0,1.0,1.8,0.9,0.0,5.8,5.3,4.5,1.8,0.9,1.3,3.6,0.0,13.3,0.0,3.1,29.9,2.7,1.3,1.8,0.4,0.0,0.0,0.0,0.0,0.0,0.0,0.0,0.0,0.0,0.0,0.0,0.0,0.0,0.0,0.0,0.0,0.0,0.0,0.0,0.0,0.0,0.0,0.0,0.0,0.0,0.0,0.0,0.0,0.0,0.0,0.0,0.0,0.0,0.0,0.0,0.0,0.0,0.0,0.0,0.0,0.0,0.0,0.0,0.0,0.0,0.0,0.0,0.0
2026-01-23 16:38:52,3.8,43.7,running,1.3,0.0,22.1,0.4,4.4,2.2,3.5,0.4,0.9,2.2,2.7,3.6,2.2,5.4,0.9,0.9,2.6,1.8,5.8,0.4,1.8,2.7,0.4,16.4,3.6,6.5,7.1,0.0,1.2,1.3,0.0,0.0,2.2,2.2,3.6,1.3,0.9,1.3,1.8,0.9,35.7,0.0,1.8,0.9,3.1,0.9,0.4,0.4,0.0,0.0,0.0,0.0,0.0,0.0,0.0,0.0,0.0,0.0,0.0,0.0,0.0,0.0,0.0,0.0,0.0,0.0,0.0,0.0,0.0,0.0,0.0,0.0,0.0,0.0,0.0,0.0,0.0,0.0,0.0,0.0,0.0,0.0,0.0,0.0,0.0,0.0,0.0,0.0,0.0,0.0,0.0,0.0,0.0,0.0,0.0,0.0
2026-01-23 16:38:56,4.1,25.0,running,2.2,0.9,25.2,1.3,6.2,3.1,8.0,4.0,3.6,1.8,1.8,2.2,4.4,1.5,0.9,0.0,2.2,0.9,0.4,0.4,0.9,0.5,1.3,13.4,0.4,4.3,4.0,0.0,0.9,0.0,0.0,2.2,7.6,0.9,10.1,0.0,3.1,3.1,5.3,1.4,10.7,2.2,0.0,31.4,3.2,1.3,1.3,0.0,0.0,0.0,0.0,0.0,0.0,0.0,0.0,0.0,0.0,0.0,0.0,0.0,0.0,0.0,0.0,0.0,0.0,0.0,0.0,0.0,0.0,0.0,0.0,0.0,0.0,0.0,0.0,0.0,0.0,0.0,0.0,0.0,0.0,0.0,0.0,0.0,0.0,0.0,0.0,0.0,0.0,0.0,0.0,0.0,0.0,0.0,0.0,0.0
2026-01-23 16:38:59,4.4,28.1,running,0.4,0.0,19.1,0.9,4.5,0.9,3.6,1.3,2.2,1.3,8.0,6.2,3.6,4.9,7.1,0.0,3.1,2.2,0.9,0.0,0.9,0.0,2.7,10.8,4.9,0.9,7.1,0.4,0.9,2.2,0.0,1.3,3.1,0.4,4.9,0.9,2.2,0.4,5.8,0.0,19.7,3.6,3.1,29.5,0.0,1.8,2.7,0.0,0.0,0.0,0.0,0.0,0.0,0.0,0.0,0.0,0.0,0.0,0.0,0.0,0.0,0.0,0.0,0.0,0.0,0.0,0.0,0.0,0.0,0.0,0.0,0.0,0.0,0.0,0.0,0.0,0.0,0.0,0.0,0.0,0.0,0.0,0.0,0.0,0.0,0.0,0.0,0.0,0.0,0.0,0.0,0.0,0.0,0.0,0.0,0.0
2026-01-23 16:39:03,3.7,37.5,running,4.0,0.4,20.0,0.4,2.7,2.2,4.0,12.4,8.1,1.3,13.4,5.3,4.9,2.2,9.3,4.0,3.1,1.3,1.3,0.4,3.1,2.7,2.2,11.1,7.1,2.2,6.2,0.0,3.1,0.9,0.9,0.0,3.6,2.7,5.4,0.9,2.2,2.2,4.0,0.0,27.1,0.0,3.1,15.6,3.1,0.0,1.8,1.3,0.0,0.0,0.0,0.0,0.0,0.0,0.0,0.0,0.0,0.0,0.0,0.0,0.0,0.0,0.0,0.0,0.0,0.0,0.0,0.0,0.0,0.0,0.0,0.0,0.0,0.0,0.0,0.0,0.0,0.0,0.0,0.0,0.0,0.0,0.0,0.0,0.0,0.0,0.0,0.0,0.0,0.0,0.0,0.0,0.0,0.0,0.0,0.0
2026-01-23 16:39:07,3.6,25.0,running,3.6,2.2,20.8,0.0,3.1,0.4,4.0,1.3,2.7,3.1,13.2,2.7,2.2,0.4,2.2,4.4,2.2,3.6,0.9,0.0,0.4,0.0,2.7,11.6,1.8,0.4,4.4,0.0,2.2,0.0,1.8,0.0,5.8,3.6,5.4,0.0,0.0,0.9,1.8,2.7,37.3,0.9,5.8,5.8,2.2,0.4,4.0,0.4,0.0,0.0,0.0,0.0,0.0,0.0,0.0,0.0,0.0,0.0,0.0,0.0,0.0,0.0,0.0,0.0,0.0,0.0,0.0,0.0,0.0,0.0,0.0,0.0,0.0,0.0,0.0,0.0,0.0,0.0,0.0,0.0,0.0,0.0,0.0,0.0,0.0,0.0,0.0,0.0,0.0,0.0,0.0,0.0,0.0,0.0,0.0,0.0
2026-01-23 16:39:10,3.2,28.1,running,0.0,4.5,19.6,2.0,5.8,0.4,6.6,1.3,0.4,4.0,2.2,3.6,2.7,0.0,3.5,0.9,1.3,0.4,3.6,0.0,0.4,3.1,5.3,9.8,1.8,3.1,3.6,0.9,3.1,0.0,1.3,0.0,1.8,0.9,6.7,0.0,0.0,1.3,4.0,0.0,18.9,0.4,1.8,21.6,1.8,0.0,3.1,0.4,0.0,0.0,0.0,0.0,0.0,0.0,0.0,0.0,0.0,0.0,0.0,0.0,0.0,0.0,0.0,0.0,0.0,0.0,0.0,0.0,0.0,0.0,0.0,0.0,0.0,0.0,0.0,0.0,0.0,0.0,0.0,0.0,0.0,0.0,0.0,0.0,0.0,0.0,0.0,0.0,0.0,0.0,0.0,0.0,0.0,0.0,0.0,0.0
2026-01-23 16:39:14,3.7,21.9,running,2.7,0.0,19.5,1.8,8.5,0.0,2.7,1.4,2.7,0.0,2.2,1.3,0.9,3.6,3.1,0.9,2.7,3.1,1.3,4.0,0.4,2.7,0.4,11.2,1.8,4.4,0.4,1.8,3.1,0.0,4.0,0.0,3.6,2.3,0.4,1.4,0.0,4.4,1.3,0.5,7.5,0.0,0.4,42.4,4.2,3.6,0.0,0.0,0.0,0.0,0.0,0.0,0.0,0.0,0.0,0.0,0.0,0.0,0.0,0.0,0.0,0.0,0.0,0.0,0.0,0.0,0.0,0.0,0.0,0.0,0.0,0.0,0.0,0.0,0.0,0.0,0.0,0.0,0.0,0.0,0.0,0.0,0.0,0.0,0.0,0.0,0.0,0.0,0.0,0.0,0.0,0.0,0.0,0.0,0.0,0.0
2026-01-23 16:39:17,4.0,37.5,running,1.8,0.0,23.3,0.4,7.1,0.9,3.6,0.0,5.4,3.6,2.7,0.9,2.2,2.6,4.9,5.7,2.2,1.3,2.3,2.6,0.4,0.0,0.9,11.6,0.9,1.8,4.9,0.0,1.3,0.9,0.4,0.0,4.0,3.1,0.0,2.2,0.0,1.3,5.4,0.0,45.1,0.0,2.7,1.8,1.3,0.9,3.5,0.0,0.0,0.0,0.0,0.0,0.0,0.0,0.0,0.0,0.0,0.0,0.0,0.0,0.0,0.0,0.0,0.0,0.0,0.0,0.0,0.0,0.0,0.0,0.0,0.0,0.0,0.0,0.0,0.0,0.0,0.0,0.0,0.0,0.0,0.0,0.0,0.0,0.0,0.0,0.0,0.0,0.0,0.0,0.0,0.0,0.0,0.0,0.0,0.0
2026-01-23 16:39:21,3.2,25.0,running,3.1,0.9,19.9,3.1,5.8,2.2,2.2,0.9,1.3,0.4,3.1,7.1,1.3,3.1,0.0,0.0,0.4,3.1,2.6,2.3,1.3,0.0,2.6,10.2,2.7,4.0,5.3,0.4,0.4,0.9,1.3,2.7,1.3,2.2,4.4,1.8,1.8,0.4,0.9,0.5,14.8,0.0,4.9,24.0,1.8,1.8,1.3,0.0,0.0,0.0,0.0,0.0,0.0,0.0,0.0,0.0,0.0,0.0,0.0,0.0,0.0,0.0,0.0,0.0,0.0,0.0,0.0,0.0,0.0,0.0,0.0,0.0,0.0,0.0,0.0,0.0,0.0,0.0,0.0,0.0,0.0,0.0,0.0,0.0,0.0,0.0,0.0,0.0,0.0,0.0,0.0,0.0,0.0,0.0,0.0,0.0
2026-01-23 16:39:24,4.0,28.1,running,1.4,0.4,24.7,1.1,4.9,1.8,3.1,0.0,6.2,0.0,2.7,1.4,0.4,5.8,1.3,1.8,2.2,1.8,2.7,0.0,3.6,0.4,1.3,12.9,0.9,5.8,1.8,4.8,0.9,0.4,2.2,1.8,2.2,4.9,4.0,0.9,0.0,1.3,3.1,0.4,7.6,4.0,0.4,37.2,2.7,1.3,2.7,0.4,0.0,0.0,0.0,0.0,0.0,0.0,0.0,0.0,0.0,0.0,0.0,0.0,0.0,0.0,0.0,0.0,0.0,0.0,0.0,0.0,0.0,0.0,0.0,0.0,0.0,0.0,0.0,0.0,0.0,0.0,0.0,0.0,0.0,0.0,0.0,0.0,0.0,0.0,0.0,0.0,0.0,0.0,0.0,0.0,0.0,0.0,0.0,0.0
2026-01-23 16:39:28,3.6,31.2,running,2.7,1.8,22.3,0.4,3.1,3.5,3.5,2.7,2.2,3.1,3.6,1.6,0.9,1.3,2.2,0.4,1.8,0.9,0.9,2.7,3.1,0.4,1.3,10.2,3.6,5.3,4.4,3.1,0.9,0.9,0.0,2.2,3.6,0.5,8.0,0.4,1.3,0.0,0.9,2.2,41.9,0.0,1.3,0.4,0.9,2.7,1.8,0.0,0.0,0.0,0.0,0.0,0.0,0.0,0.0,0.0,0.0,0.0,0.0,0.0,0.0,0.0,0.0,0.0,0.0,0.0,0.0,0.0,0.0,0.0,0.0,0.0,0.0,0.0,0.0,0.0,0.0,0.0,0.0,0.0,0.0,0.0,0.0,0.0,0.0,0.0,0.0,0.0,0.0,0.0,0.0,0.0,0.0,0.0,0.0,0.0
2026-01-23 16:39:31,3.1,34.3,running,6.2,0.0,18.2,1.5,6.7,0.9,1.8,0.9,4.9,0.0,2.2,2.7,2.2,2.2,0.4,1.4,2.2,1.8,1.3,1.3,2.2,0.4,4.0,10.7,4.9,0.0,4.4,1.3,2.6,0.4,1.8,4.0,6.2,4.3,4.5,0.0,0.9,1.8,4.0,2.7,13.8,0.0,0.9,33.6,0.9,0.0,1.8,0.0,0.0,0.0,0.0,0.0,0.0,0.0,0.0,0.0,0.0,0.0,0.0,0.0,0.0,0.0,0.0,0.0,0.0,0.0,0.0,0.0,0.0,0.0,0.0,0.0,0.0,0.0,0.0,0.0,0.0,0.0,0.0,0.0,0.0,0.0,0.0,0.0,0.0,0.0,0.0,0.0,0.0,0.0,0.0,0.0,0.0,0.0,0.0,0.0
2026-01-23 16:39:35,3.6,34.3,running,0.9,0.4,24.1,7.7,5.8,2.7,2.7,2.2,3.1,2.7,2.2,2.7,4.0,3.1,0.4,0.0,0.4,4.0,2.2,3.6,1.8,2.2,0.4,10.8,1.3,4.4,3.6,1.3,1.8,0.9,0.9,1.8,5.3,1.3,5.4,2.7,0.4,0.4,0.9,0.9,17.7,2.3,0.4,30.5,1.8,0.0,0.9,0.0,0.0,0.0,0.0,0.0,0.0,0.0,0.0,0.0,0.0,0.0,0.0,0.0,0.0,0.0,0.0,0.0,0.0,0.0,0.0,0.0,0.0,0.0,0.0,0.0,0.0,0.0,0.0,0.0,0.0,0.0,0.0,0.0,0.0,0.0,0.0,0.0,0.0,0.0,0.0,0.0,0.0,0.0,0.0,0.0,0.0,0.0,0.0,0.0
2026-01-23 16:39:38,4.2,34.3,running,2.2,3.6,18.8,0.5,4.9,5.8,6.2,4.9,2.7,2.4,4.0,4.5,1.8,5.0,1.8,5.4,1.3,1.4,2.2,0.0,2.7,0.0,1.8,13.4,6.2,1.9,2.2,2.7,1.3,3.5,0.5,0.0,3.1,2.7,1.3,2.0,1.4,0.9,3.6,1.8,41.2,0.0,7.6,0.0,0.5,0.0,0.0,0.0,0.0,0.0,0.0,0.0,0.0,0.0,0.0,0.0,0.0,0.0,0.0,0.0,0.0,0.0,0.0,0.0,0.0,0.0,0.0,0.0,0.0,0.0,0.0,0.0,0.0,0.0,0.0,0.0,0.0,0.0,0.0,0.0,0.0,0.0,0.0,0.0,0.0,0.0,0.0,0.0,0.0,0.0,0.0,0.0,0.0,0.0,0.0,0.0
2026-01-23 16:39:42,3.8,21.8,running,3.1,0.9,24.1,0.0,3.6,0.9,2.7,1.3,0.9,0.0,3.6,4.9,2.7,0.4,2.7,1.6,3.1,2.6,1.8,1.6,2.7,2.4,0.0,9.5,6.2,1.3,2.7,3.1,2.2,0.8,3.6,4.0,2.2,2.2,4.4,0.4,0.0,0.4,1.8,0.4,6.6,2.4,1.3,38.4,2.1,0.0,1.2,0.0,0.0,0.0,0.0,0.0,0.0,0.0,0.0,0.0,0.0,0.0,0.0,0.0,0.0,0.0,0.0,0.0,0.0,0.0,0.0,0.0,0.0,0.0,0.0,0.0,0.0,0.0,0.0,0.0,0.0,0.0,0.0,0.0,0.0,0.0,0.0,0.0,0.0,0.0,0.0,0.0,0.0,0.0,0.0,0.0,0.0,0.0,0.0,0.0
2026-01-23 16:39:45,3.6,40.6,running,4.5,0.4,17.4,0.5,0.9,3.6,1.3,2.7,3.1,0.4,3.1,1.8,4.0,2.2,0.9,1.3,0.4,1.3,1.3,0.4,3.1,3.5,1.3,12.4,0.4,0.4,4.4,0.4,0.9,0.9,4.4,0.9,4.9,1.3,1.8,0.0,0.0,0.0,0.0,3.1,22.8,0.0,2.7,25.9,4.9,0.0,1.3,0.4,0.0,0.0,0.0,0.0,0.0,0.0,0.0,0.0,0.0,0.0,0.0,0.0,0.0,0.0,0.0,0.0,0.0,0.0,0.0,0.0,0.0,0.0,0.0,0.0,0.0,0.0,0.0,0.0,0.0,0.0,0.0,0.0,0.0,0.0,0.0,0.0,0.0,0.0,0.0,0.0,0.0,0.0,0.0,0.0,0.0,0.0,0.0,0.0
2026-01-23 16:39:49,3.1,21.8,running,0.0,0.9,22.1,1.3,5.3,0.9,4.0,0.0,3.1,0.4,1.8,2.2,2.2,0.4,1.8,2.7,2.7,0.9,1.3,1.3,1.3,0.5,3.6,13.3,0.9,5.8,4.9,0.4,2.2,2.8,0.0,5.7,4.0,2.7,0.4,2.2,1.3,0.9,1.3,3.6,43.8,0.0,2.7,0.4,1.3,0.0,2.7,0.0,0.0,0.0,0.0,0.0,0.0,0.0,0.0,0.0,0.0,0.0,0.0,0.0,0.0,0.0,0.0,0.0,0.0,0.0,0.0,0.0,0.0,0.0,0.0,0.0,0.0,0.0,0.0,0.0,0.0,0.0,0.0,0.0,0.0,0.0,0.0,0.0,0.0,0.0,0.0,0.0,0.0,0.0,0.0,0.0,0.0,0.0,0.0,0.0
2026-01-23 16:39:52,3.6,40.6,running,0.9,0.0,19.6,0.0,4.0,0.0,3.1,0.4,5.8,0.4,2.7,0.9,2.2,2.7,0.4,1.3,2.7,1.8,1.8,0.0,0.4,0.0,0.9,11.1,2.2,1.8,4.0,5.3,5.8,3.8,0.4,3.3,6.7,0.0,2.2,1.3,0.9,1.8,1.8,0.4,0.9,5.8,0.4,42.2,4.0,0.0,2.7,0.0,0.0,0.0,0.0,0.0,0.0,0.0,0.0,0.0,0.0,0.0,0.0,0.0,0.0,0.0,0.0,0.0,0.0,0.0,0.0,0.0,0.0,0.0,0.0,0.0,0.0,0.0,0.0,0.0,0.0,0.0,0.0,0.0,0.0,0.0,0.0,0.0,0.0,0.0,0.0,0.0,0.0,0.0,0.0,0.0,0.0,0.0,0.0,0.0
2026-01-23 16:39:56,3.7,37.5,running,3.5,2.2,22.1,0.9,6.2,2.7,4.4,0.4,4.5,3.6,5.3,5.8,2.7,1.3,1.8,0.0,2.7,1.3,0.4,4.0,1.8,2.7,1.8,11.7,1.3,1.8,2.7,3.1,2.3,0.9,2.2,0.0,2.7,0.0,2.2,0.9,0.9,0.0,1.8,0.4,27.4,0.0,3.6,21.2,3.6,1.8,2.7,0.0,0.0,0.0,0.0,0.0,0.0,0.0,0.0,0.0,0.0,0.0,0.0,0.0,0.0,0.0,0.0,0.0,0.0,0.0,0.0,0.0,0.0,0.0,0.0,0.0,0.0,0.0,0.0,0.0,0.0,0.0,0.0,0.0,0.0,0.0,0.0,0.0,0.0,0.0,0.0,0.0,0.0,0.0,0.0,0.0,0.0,0.0,0.0,0.0
2026-01-23 16:39:59,3.8,21.8,running,2.2,1.3,22.6,0.0,4.5,1.3,4.9,3.6,4.0,0.0,3.1,3.6,2.2,2.2,0.9,0.4,0.9,1.3,4.0,1.8,0.9,4.9,0.9,10.2,3.1,2.7,3.6,0.9,1.8,2.7,2.2,0.4,5.3,0.0,2.7,3.5,3.1,0.9,4.0,0.4,37.1,0.0,2.2,5.8,1.3,0.4,0.0,0.4,0.0,0.0,0.0,0.0,0.0,0.0,0.0,0.0,0.0,0.0,0.0,0.0,0.0,0.0,0.0,0.0,0.0,0.0,0.0,0.0,0.0,0.0,0.0,0.0,0.0,0.0,0.0,0.0,0.0,0.0,0.0,0.0,0.0,0.0,0.0,0.0,0.0,0.0,0.0,0.0,0.0,0.0,0.0,0.0,0.0,0.0,0.0,0.0
2026-01-23 16:40:03,3.4,40.6,running,4.0,1.8,23.3,0.4,2.2,1.8,4.0,2.2,2.2,3.1,6.2,3.6,3.6,0.9,1.8,0.0,1.3,1.3,1.8,2.7,1.3,4.0,0.9,9.8,1.3,2.2,1.8,0.0,2.2,1.3,0.0,2.7,3.1,2.0,1.8,3.6,0.9,0.4,1.8,1.3,3.2,3.6,0.9,44.4,7.6,0.0,2.7,0.4,0.0,0.0,0.0,0.0,0.0,0.0,0.0,0.0,0.0,0.0,0.0,0.0,0.0,0.0,0.0,0.0,0.0,0.0,0.0,0.0,0.0,0.0,0.0,0.0,0.0,0.0,0.0,0.0,0.0,0.0,0.0,0.0,0.0,0.0,0.0,0.0,0.0,0.0,0.0,0.0,0.0,0.0,0.0,0.0,0.0,0.0,0.0,0.0
2026-01-23 16:40:06,3.4,25.0,running,2.2,1.8,24.4,0.6,4.9,0.4,6.6,0.9,1.3,0.9,7.1,1.8,2.7,1.8,10.2,0.0,0.9,0.4,4.0,0.0,2.2,0.0,0.0,11.7,1.3,2.7,1.8,0.0,0.0,0.9,1.3,0.0,2.7,0.0,5.4,0.0,3.6,2.7,6.2,2.2,28.4,1.4,3.6,14.2,0.4,0.0,2.2,0.4,0.0,0.0,0.0,0.0,0.0,0.0,0.0,0.0,0.0,0.0,0.0,0.0,0.0,0.0,0.0,0.0,0.0,0.0,0.0,0.0,0.0,0.0,0.0,0.0,0.0,0.0,0.0,0.0,0.0,0.0,0.0,0.0,0.0,0.0,0.0,0.0,0.0,0.0,0.0,0.0,0.0,0.0,0.0,0.0,0.0,0.0,0.0,0.0
2026-01-23 16:40:10,3.0,37.4,running,6.7,0.0,20.1,0.4,7.2,0.4,4.5,2.2,3.6,0.0,7.1,0.4,4.4,0.4,1.8,0.0,1.8,0.0,0.9,4.1,1.8,2.2,0.0,11.6,0.4,2.2,2.7,0.4,2.2,0.0,0.9,4.4,5.7,2.6,3.6,1.8,0.0,0.0,1.3,0.4,32.1,1.3,4.4,9.7,3.5,1.8,1.8,0.0,0.0,0.0,0.0,0.0,0.0,0.0,0.0,0.0,0.0,0.0,0.0,0.0,0.0,0.0,0.0,0.0,0.0,0.0,0.0,0.0,0.0,0.0,0.0,0.0,0.0,0.0,0.0,0.0,0.0,0.0,0.0,0.0,0.0,0.0,0.0,0.0,0.0,0.0,0.0,0.0,0.0,0.0,0.0,0.0,0.0,0.0,0.0,0.0
2026-01-23 16:40:13,3.1,31.2,running,1.3,1.3,20.8,0.0,5.3,0.4,3.1,0.0,2.2,3.5,8.8,0.0,6.7,5.4,2.2,2.7,0.9,4.9,1.8,6.7,1.8,0.4,2.7,10.7,3.1,1.8,0.9,2.7,1.8,1.3,2.2,3.1,0.9,0.0,0.9,0.0,1.3,0.4,3.1,0.0,2.2,1.3,0.4,43.6,2.7,1.3,0.0,0.4,0.0,0.0,0.0,0.0,0.0,0.0,0.0,0.0,0.0,0.0,0.0,0.0,0.0,0.0,0.0,0.0,0.0,0.0,0.0,0.0,0.0,0.0,0.0,0.0,0.0,0.0,0.0,0.0,0.0,0.0,0.0,0.0,0.0,0.0,0.0,0.0,0.0,0.0,0.0,0.0,0.0,0.0,0.0,0.0,0.0,0.0,0.0,0.0
2026-01-23 16:40:17,3.2,21.9,running,4.0,2.7,29.0,0.4,2.7,2.7,7.1,3.3,4.4,3.1,2.2,2.7,0.4,4.0,3.1,0.9,2.2,2.2,0.9,2.2,4.0,0.0,1.8,9.8,2.7,2.7,1.3,0.9,3.6,0.4,1.8,2.2,2.2,3.0,1.8,0.0,4.5,0.4,0.9,0.0,29.1,2.2,3.6,6.2,3.1,0.9,0.9,0.0,0.0,0.0,0.0,0.0,0.0,0.0,0.0,0.0,0.0,0.0,0.0,0.0,0.0,0.0,0.0,0.0,0.0,0.0,0.0,0.0,0.0,0.0,0.0,0.0,0.0,0.0,0.0,0.0,0.0,0.0,0.0,0.0,0.0,0.0,0.0,0.0,0.0,0.0,0.0,0.0,0.0,0.0,0.0,0.0,0.0,0.0,0.0,0.0
2026-01-23 16:40:20,3.2,28.1,running,4.0,0.0,20.4,0.9,4.4,0.9,4.4,2.2,1.8,0.4,2.7,2.7,4.0,1.8,1.8,2.2,0.9,0.9,1.3,1.8,1.3,0.0,0.0,12.0,1.3,0.0,3.6,1.8,4.4,4.4,3.1,0.0,1.3,0.4,5.7,0.0,3.1,0.4,0.4,0.4,29.9,0.4,4.0,18.2,2.7,0.0,0.4,0.4,0.0,0.0,0.0,0.0,0.0,0.0,0.0,0.0,0.0,0.0,0.0,0.0,0.0,0.0,0.0,0.0,0.0,0.0,0.0,0.0,0.0,0.0,0.0,0.0,0.0,0.0,0.0,0.0,0.0,0.0,0.0,0.0,0.0,0.0,0.0,0.0,0.0,0.0,0.0,0.0,0.0,0.0,0.0,0.0,0.0,0.0,0.0,0.0
2026-01-23 16:40:24,4.1,28.1,running,3.5,1.8,22.8,0.0,4.9,0.4,4.5,0.0,3.2,0.4,3.1,2.7,4.4,1.8,0.9,3.6,0.9,1.3,2.7,0.9,2.7,1.8,1.8,12.4,3.5,2.2,1.8,0.4,2.7,2.2,1.8,4.0,3.1,1.8,3.6,1.8,0.4,1.8,3.1,5.3,2.2,0.9,0.0,46.2,0.4,2.7,0.4,0.4,0.0,0.0,0.0,0.0,0.0,0.0,0.0,0.0,0.0,0.0,0.0,0.0,0.0,0.0,0.0,0.0,0.0,0.0,0.0,0.0,0.0,0.0,0.0,0.0,0.0,0.0,0.0,0.0,0.0,0.0,0.0,0.0,0.0,0.0,0.0,0.0,0.0,0.0,0.0,0.0,0.0,0.0,0.0,0.0,0.0,0.0,0.0,0.0
2026-01-23 16:40:27,4.2,31.2,running,0.9,2.2,23.9,0.4,5.4,2.7,3.1,1.3,3.1,2.2,5.3,1.3,2.2,4.0,0.9,2.2,2.7,0.0,0.9,1.8,1.8,1.3,1.8,12.5,1.3,0.9,3.5,1.3,8.0,0.9,1.3,1.3,3.1,0.4,1.8,3.1,3.1,0.4,3.1,5.4,41.4,0.0,2.7,5.8,1.8,0.4,6.2,0.0,0.0,0.0,0.0,0.0,0.0,0.0,0.0,0.0,0.0,0.0,0.0,0.0,0.0,0.0,0.0,0.0,0.0,0.0,0.0,0.0,0.0,0.0,0.0,0.0,0.0,0.0,0.0,0.0,0.0,0.0,0.0,0.0,0.0,0.0,0.0,0.0,0.0,0.0,0.0,0.0,0.0,0.0,0.0,0.0,0.0,0.0,0.0,0.0
2026-01-23 16:40:31,5.2,25.0,running,3.6,1.8,21.2,1.3,4.9,2.2,3.6,4.9,7.6,5.3,15.6,3.6,8.4,0.0,4.4,2.2,3.1,3.6,5.3,0.4,1.8,1.3,2.2,11.6,3.1,4.4,3.5,2.7,1.8,1.8,1.3,0.0,4.0,1.3,3.1,4.5,2.2,4.4,6.1,1.8,43.9,0.0,7.6,7.2,4.9,2.7,0.4,0.0,0.0,0.0,0.0,0.0,0.0,0.0,0.0,0.0,0.0,0.0,0.0,0.0,0.0,0.0,0.0,0.0,0.0,0.0,0.0,0.0,0.0,0.0,0.0,0.0,0.0,0.0,0.0,0.0,0.0,0.0,0.0,0.0,0.0,0.0,0.0,0.0,0.0,0.0,0.0,0.0,0.0,0.0,0.0,0.0,0.0,0.0,0.0,0.0
2026-01-23 16:40:34,3.8,21.8,running,2.2,1.8,25.6,0.0,4.0,3.6,3.1,0.0,4.4,2.2,14.7,4.4,5.7,0.0,10.7,1.8,4.0,0.4,3.6,2.2,3.1,1.3,2.7,8.9,6.2,2.7,3.1,4.0,1.8,1.3,2.7,0.0,5.8,2.2,1.3,3.1,0.4,0.9,4.0,0.0,40.3,0.9,4.0,7.5,3.1,4.5,0.9,0.0,0.0,0.0,0.0,0.0,0.0,0.0,0.0,0.0,0.0,0.0,0.0,0.0,0.0,0.0,0.0,0.0,0.0,0.0,0.0,0.0,0.0,0.0,0.0,0.0,0.0,0.0,0.0,0.0,0.0,0.0,0.0,0.0,0.0,0.0,0.0,0.0,0.0,0.0,0.0,0.0,0.0,0.0,0.0,0.0,0.0,0.0,0.0,0.0
2026-01-23 16:40:38,3.2,34.3,running,2.2,3.6,26.5,0.4,4.9,1.3,2.7,6.2,3.6,3.1,14.3,0.9,2.2,2.2,1.4,0.0,1.3,4.0,1.3,0.4,3.9,0.0,0.0,12.5,2.2,3.6,3.6,3.6,2.7,0.9,5.4,2.2,4.4,0.0,5.8,0.0,1.3,0.9,4.0,3.5,1.8,0.0,0.4,40.7,8.1,0.0,1.3,0.4,0.0,0.0,0.0,0.0,0.0,0.0,0.0,0.0,0.0,0.0,0.0,0.0,0.0,0.0,0.0,0.0,0.0,0.0,0.0,0.0,0.0,0.0,0.0,0.0,0.0,0.0,0.0,0.0,0.0,0.0,0.0,0.0,0.0,0.0,0.0,0.0,0.0,0.0,0.0,0.0,0.0,0.0,0.0,0.0,0.0,0.0,0.0,0.0
2026-01-23 16:40:41,3.3,31.2,running,1.8,0.4,20.4,0.0,5.8,2.2,2.7,0.5,3.6,0.4,3.6,0.0,3.6,6.2,0.4,0.0,0.4,3.1,0.4,0.0,0.0,0.0,1.3,11.9,6.2,4.9,3.1,0.0,3.6,3.6,0.9,3.1,5.7,0.0,0.9,0.9,2.2,0.9,0.4,1.3,29.6,1.8,4.0,15.2,3.5,1.4,2.7,0.4,0.0,0.0,0.0,0.0,0.0,0.0,0.0,0.0,0.0,0.0,0.0,0.0,0.0,0.0,0.0,0.0,0.0,0.0,0.0,0.0,0.0,0.0,0.0,0.0,0.0,0.0,0.0,0.0,0.0,0.0,0.0,0.0,0.0,0.0,0.0,0.0,0.0,0.0,0.0,0.0,0.0,0.0,0.0,0.0,0.0,0.0,0.0,0.0
2026-01-23 16:40:45,3.4,34.4,running,4.9,0.0,21.3,0.9,8.9,1.8,3.1,0.0,2.2,0.0,2.2,0.0,1.8,3.6,0.4,0.9,0.4,1.3,1.3,0.0,1.8,1.8,0.4,9.8,0.9,1.8,4.0,2.2,1.8,2.7,1.3,0.0,3.6,5.3,3.5,0.9,0.0,0.0,1.8,4.4,35.4,0.0,3.1,11.9,3.6,0.0,1.8,0.0,0.0,0.0,0.0,0.0,0.0,0.0,0.0,0.0,0.0,0.0,0.0,0.0,0.0,0.0,0.0,0.0,0.0,0.0,0.0,0.0,0.0,0.0,0.0,0.0,0.0,0.0,0.0,0.0,0.0,0.0,0.0,0.0,0.0,0.0,0.0,0.0,0.0,0.0,0.0,0.0,0.0,0.0,0.0,0.0,0.0,0.0,0.0,0.0
2026-01-23 16:40:48,3.5,34.3,running,1.8,2.2,19.2,0.0,5.8,1.3,3.1,0.0,0.9,1.3,4.0,2.9,3.4,2.2,4.0,1.8,0.9,9.3,1.3,3.6,0.9,1.8,0.9,12.1,4.8,0.9,2.7,0.0,5.3,1.8,0.4,0.0,4.4,0.4,0.0,0.0,0.0,1.3,2.2,0.4,0.0,0.0,0.9,41.3,3.1,4.0,3.1,0.0,0.0,0.0,0.0,0.0,0.0,0.0,0.0,0.0,0.0,0.0,0.0,0.0,0.0,0.0,0.0,0.0,0.0,0.0,0.0,0.0,0.0,0.0,0.0,0.0,0.0,0.0,0.0,0.0,0.0,0.0,0.0,0.0,0.0,0.0,0.0,0.0,0.0,0.0,0.0,0.0,0.0,0.0,0.0,0.0,0.0,0.0,0.0,0.0
2026-01-23 16:40:52,3.7,28.1,running,1.8,0.4,17.4,0.4,6.2,2.2,3.6,0.4,3.5,0.4,9.8,4.1,5.7,1.5,8.5,0.0,2.7,4.5,3.6,0.4,2.7,0.4,0.4,11.6,3.1,1.3,4.9,0.0,1.8,5.8,1.8,0.0,3.5,2.2,3.1,3.6,0.4,0.4,4.5,1.3,36.9,0.9,7.1,8.9,3.6,3.1,1.3,0.4,0.0,0.0,0.0,0.0,0.0,0.0,0.0,0.0,0.0,0.0,0.0,0.0,0.0,0.0,0.0,0.0,0.0,0.0,0.0,0.0,0.0,0.0,0.0,0.0,0.0,0.0,0.0,0.0,0.0,0.0,0.0,0.0,0.0,0.0,0.0,0.0,0.0,0.0,0.0,0.0,0.0,0.0,0.0,0.0,0.0,0.0,0.0,0.0
2026-01-23 16:40:55,4.1,31.2,running,1.8,0.0,19.6,2.2,4.0,1.3,4.4,4.0,2.7,0.0,6.2,1.3,3.1,0.0,4.0,0.0,1.8,4.9,2.2,2.7,3.1,3.1,0.4,10.6,1.3,5.8,3.1,1.7,0.9,1.8,8.0,1.8,8.8,0.5,5.3,0.0,0.0,1.8,4.9,0.0,25.2,0.9,1.0,17.3,4.4,1.8,2.2,0.0,0.0,0.0,0.0,0.0,0.0,0.0,0.0,0.0,0.0,0.0,0.0,0.0,0.0,0.0,0.0,0.0,0.0,0.0,0.0,0.0,0.0,0.0,0.0,0.0,0.0,0.0,0.0,0.0,0.0,0.0,0.0,0.0,0.0,0.0,0.0,0.0,0.0,0.0,0.0,0.0,0.0,0.0,0.0,0.0,0.0,0.0,0.0,0.0
2026-01-23 16:40:59,4.4,28.1,running,3.6,2.7,19.5,1.4,5.3,2.2,5.4,3.1,4.5,2.2,5.4,1.3,4.0,1.3,7.1,0.0,2.2,1.8,2.2,2.7,6.3,0.0,0.9,11.2,4.0,2.7,4.0,1.3,2.7,2.7,0.0,0.4,7.5,0.8,1.3,0.0,2.7,0.4,1.3,1.3,3.6,1.8,0.4,43.1,5.8,0.0,0.4,0.4,0.0,0.0,0.0,0.0,0.0,0.0,0.0,0.0,0.0,0.0,0.0,0.0,0.0,0.0,0.0,0.0,0.0,0.0,0.0,0.0,0.0,0.0,0.0,0.0,0.0,0.0,0.0,0.0,0.0,0.0,0.0,0.0,0.0,0.0,0.0,0.0,0.0,0.0,0.0,0.0,0.0,0.0,0.0,0.0,0.0,0.0,0.0,0.0
2026-01-23 16:41:02,3.7,37.5,running,1.3,0.0,22.7,2.7,5.4,0.4,1.8,0.4,2.7,1.3,2.2,4.0,4.4,2.7,2.7,4.0,2.7,1.8,0.4,0.0,1.3,2.7,0.0,11.6,0.9,2.7,4.5,0.9,2.2,0.4,3.1,0.4,2.2,2.7,1.8,3.5,1.8,1.8,2.2,0.0,38.2,1.8,4.0,3.6,0.9,2.2,0.0,0.4,0.0,0.0,0.0,0.0,0.0,0.0,0.0,0.0,0.0,0.0,0.0,0.0,0.0,0.0,0.0,0.0,0.0,0.0,0.0,0.0,0.0,0.0,0.0,0.0,0.0,0.0,0.0,0.0,0.0,0.0,0.0,0.0,0.0,0.0,0.0,0.0,0.0,0.0,0.0,0.0,0.0,0.0,0.0,0.0,0.0,0.0,0.0,0.0
2026-01-23 16:41:06,4.8,34.3,running,2.7,0.9,15.6,1.7,4.0,3.6,7.6,2.2,6.2,0.4,4.9,1.3,6.7,2.7,8.0,1.3,4.4,6.7,4.0,0.0,1.3,3.6,0.0,11.6,1.8,3.1,3.6,0.0,4.0,0.4,0.9,0.0,8.5,0.4,1.8,0.0,2.2,2.2,7.1,0.0,29.8,0.0,1.8,18.8,2.2,0.0,2.7,0.0,0.0,0.0,0.0,0.0,0.0,0.0,0.0,0.0,0.0,0.0,0.0,0.0,0.0,0.0,0.0,0.0,0.0,0.0,0.0,0.0,0.0,0.0,0.0,0.0,0.0,0.0,0.0,0.0,0.0,0.0,0.0,0.0,0.0,0.0,0.0,0.0,0.0,0.0,0.0,0.0,0.0,0.0,0.0,0.0,0.0,0.0,0.0,0.0
2026-01-23 16:41:09,3.8,34.4,running,2.7,2.7,20.4,0.4,6.7,2.2,3.1,4.5,2.7,0.4,7.6,0.9,4.0,0.0,4.0,0.9,0.9,3.6,0.4,0.9,2.7,1.3,2.7,15.0,5.8,1.8,5.3,1.3,3.1,1.3,0.0,2.7,5.3,5.3,2.7,0.0,4.4,5.3,3.6,1.3,4.9,1.4,0.4,36.2,2.7,1.3,3.6,0.0,0.0,0.0,0.0,0.0,0.0,0.0,0.0,0.0,0.0,0.0,0.0,0.0,0.0,0.0,0.0,0.0,0.0,0.0,0.0,0.0,0.0,0.0,0.0,0.0,0.0,0.0,0.0,0.0,0.0,0.0,0.0,0.0,0.0,0.0,0.0,0.0,0.0,0.0,0.0,0.0,0.0,0.0,0.0,0.0,0.0,0.0,0.0,0.0
2026-01-23 16:41:13,3.4,21.8,running,1.8,2.2,24.1,1.9,3.1,3.1,4.0,0.0,3.6,1.3,3.6,4.9,0.9,0.0,0.9,0.0,0.4,1.8,1.8,1.5,3.1,1.3,0.4,12.6,1.8,5.4,1.3,2.2,3.6,2.7,1.3,4.5,3.1,0.9,5.3,1.3,0.4,0.9,1.8,0.9,43.6,0.0,0.0,2.2,4.8,0.0,0.0,0.9,0.0,0.0,0.0,0.0,0.0,0.0,0.0,0.0,0.0,0.0,0.0,0.0,0.0,0.0,0.0,0.0,0.0,0.0,0.0,0.0,0.0,0.0,0.0,0.0,0.0,0.0,0.0,0.0,0.0,0.0,0.0,0.0,0.0,0.0,0.0,0.0,0.0,0.0,0.0,0.0,0.0,0.0,0.0,0.0,0.0,0.0,0.0,0.0
2026-01-23 16:41:16,3.5,31.2,running,4.8,0.9,20.4,0.6,4.4,1.3,4.9,0.4,2.7,0.0,6.2,2.2,5.4,5.3,2.7,0.9,1.8,2.7,0.4,1.2,0.9,0.4,0.9,11.6,0.4,2.2,5.8,2.7,3.6,0.4,0.4,0.4,4.4,3.1,5.8,0.9,2.7,2.2,1.3,1.8,18.2,4.0,3.1,25.0,5.8,1.8,1.3,0.4,0.0,0.0,0.0,0.0,0.0,0.0,0.0,0.0,0.0,0.0,0.0,0.0,0.0,0.0,0.0,0.0,0.0,0.0,0.0,0.0,0.0,0.0,0.0,0.0,0.0,0.0,0.0,0.0,0.0,0.0,0.0,0.0,0.0,0.0,0.0,0.0,0.0,0.0,0.0,0.0,0.0,0.0,0.0,0.0,0.0,0.0,0.0,0.0
2026-01-23 16:41:20,3.6,21.9,running,1.3,1.8,21.6,0.0,4.9,0.4,4.9,3.6,2.7,1.8,1.3,2.2,3.5,3.1,4.9,0.0,2.2,4.0,2.2,3.6,3.1,0.0,1.3,12.9,1.8,0.9,3.1,0.0,1.3,0.4,0.0,0.0,5.8,2.2,2.2,0.0,0.4,2.2,0.9,0.4,5.4,2.7,0.5,43.8,2.2,1.8,0.9,0.4,0.0,0.0,0.0,0.0,0.0,0.0,0.0,0.0,0.0,0.0,0.0,0.0,0.0,0.0,0.0,0.0,0.0,0.0,0.0,0.0,0.0,0.0,0.0,0.0,0.0,0.0,0.0,0.0,0.0,0.0,0.0,0.0,0.0,0.0,0.0,0.0,0.0,0.0,0.0,0.0,0.0,0.0,0.0,0.0,0.0,0.0,0.0,0.0
2026-01-23 16:41:23,2.9,37.5,running,0.0,0.4,19.6,0.9,4.5,0.9,3.1,0.9,2.7,1.8,0.9,4.4,1.3,0.0,4.0,0.0,0.9,2.7,0.9,3.1,3.6,1.3,0.4,9.8,2.7,1.8,2.7,0.4,4.9,1.8,0.0,1.3,3.6,2.7,1.8,0.0,0.0,0.4,1.8,1.8,3.1,2.7,2.0,38.8,9.3,0.9,0.4,0.0,0.0,0.0,0.0,0.0,0.0,0.0,0.0,0.0,0.0,0.0,0.0,0.0,0.0,0.0,0.0,0.0,0.0,0.0,0.0,0.0,0.0,0.0,0.0,0.0,0.0,0.0,0.0,0.0,0.0,0.0,0.0,0.0,0.0,0.0,0.0,0.0,0.0,0.0,0.0,0.0,0.0,0.0,0.0,0.0,0.0,0.0,0.0,0.0
2026-01-23 16:41:27,3.6,43.7,running,1.8,0.0,24.0,0.5,6.2,1.3,4.4,2.3,1.8,0.0,1.8,8.0,4.5,0.9,2.2,0.0,2.7,1.8,2.2,0.0,0.4,5.3,0.4,12.1,2.7,1.8,3.6,0.0,2.7,0.0,1.3,1.4,4.5,10.6,0.9,0.0,1.8,0.4,4.5,2.2,2.2,2.2,0.0,40.6,3.1,0.0,0.4,0.4,0.0,0.0,0.0,0.0,0.0,0.0,0.0,0.0,0.0,0.0,0.0,0.0,0.0,0.0,0.0,0.0,0.0,0.0,0.0,0.0,0.0,0.0,0.0,0.0,0.0,0.0,0.0,0.0,0.0,0.0,0.0,0.0,0.0,0.0,0.0,0.0,0.0,0.0,0.0,0.0,0.0,0.0,0.0,0.0,0.0,0.0,0.0,0.0
2026-01-23 16:41:30,3.1,28.1,running,5.4,0.9,21.9,0.0,4.9,2.2,6.7,0.4,1.8,0.4,1.8,3.6,2.2,3.1,1.3,1.1,2.2,1.3,1.3,0.4,0.4,0.9,0.0,11.6,2.7,2.7,2.2,2.2,2.7,0.0,3.1,0.4,4.9,3.9,4.5,0.0,0.0,0.9,1.3,1.8,2.2,2.2,0.0,43.1,3.6,1.3,0.9,0.0,0.0,0.0,0.0,0.0,0.0,0.0,0.0,0.0,0.0,0.0,0.0,0.0,0.0,0.0,0.0,0.0,0.0,0.0,0.0,0.0,0.0,0.0,0.0,0.0,0.0,0.0,0.0,0.0,0.0,0.0,0.0,0.0,0.0,0.0,0.0,0.0,0.0,0.0,0.0,0.0,0.0,0.0,0.0,0.0,0.0,0.0,0.0,0.0
2026-01-23 16:41:34,3.5,18.7,running,0.4,0.0,19.0,0.4,8.0,1.3,4.9,0.9,5.8,3.6,1.3,0.4,2.2,0.0,2.7,1.5,2.2,0.0,0.4,0.9,1.3,0.0,0.0,13.3,0.4,3.1,1.3,0.4,0.0,0.4,2.2,0.0,7.9,4.0,3.1,1.0,1.8,0.9,0.9,5.4,1.3,1.3,0.4,44.1,8.4,1.3,1.8,0.0,0.0,0.0,0.0,0.0,0.0,0.0,0.0,0.0,0.0,0.0,0.0,0.0,0.0,0.0,0.0,0.0,0.0,0.0,0.0,0.0,0.0,0.0,0.0,0.0,0.0,0.0,0.0,0.0,0.0,0.0,0.0,0.0,0.0,0.0,0.0,0.0,0.0,0.0,0.0,0.0,0.0,0.0,0.0,0.0,0.0,0.0,0.0,0.0
2026-01-23 16:41:37,3.3,31.2,running,4.9,0.4,20.0,0.9,6.6,1.8,2.7,0.9,4.0,1.3,3.6,5.3,2.2,3.1,2.7,3.1,4.0,2.2,1.3,2.2,3.1,0.0,4.0,12.4,2.2,0.4,4.9,2.7,2.2,1.8,1.3,0.0,7.5,8.2,4.9,0.5,4.9,0.4,3.6,0.0,36.9,0.0,3.5,7.1,6.3,1.3,1.3,0.4,0.0,0.0,0.0,0.0,0.0,0.0,0.0,0.0,0.0,0.0,0.0,0.0,0.0,0.0,0.0,0.0,0.0,0.0,0.0,0.0,0.0,0.0,0.0,0.0,0.0,0.0,0.0,0.0,0.0,0.0,0.0,0.0,0.0,0.0,0.0,0.0,0.0,0.0,0.0,0.0,0.0,0.0,0.0,0.0,0.0,0.0,0.0,0.0
2026-01-23 16:41:41,3.6,31.2,running,2.2,0.9,23.8,0.0,6.2,1.3,4.5,0.9,3.1,4.0,4.1,5.8,3.1,6.7,5.4,0.0,1.3,4.0,0.0,0.0,0.9,0.0,0.9,10.7,6.2,0.4,0.4,1.3,2.2,0.0,0.0,5.4,7.6,0.4,3.1,2.3,0.0,0.4,2.2,2.2,18.8,0.4,0.9,18.8,5.8,0.0,0.9,0.0,0.0,0.0,0.0,0.0,0.0,0.0,0.0,0.0,0.0,0.0,0.0,0.0,0.0,0.0,0.0,0.0,0.0,0.0,0.0,0.0,0.0,0.0,0.0,0.0,0.0,0.0,0.0,0.0,0.0,0.0,0.0,0.0,0.0,0.0,0.0,0.0,0.0,0.0,0.0,0.0,0.0,0.0,0.0,0.0,0.0,0.0,0.0,0.0
2026-01-23 16:41:44,3.4,21.9,running,0.9,0.0,25.1,1.8,5.8,0.4,1.8,1.3,1.8,0.0,1.3,3.6,3.1,0.9,8.4,4.9,0.9,0.9,0.4,0.4,0.0,3.6,0.4,16.4,3.6,1.8,1.8,0.0,2.2,0.0,0.0,0.4,3.1,6.2,3.1,0.0,0.0,0.4,0.0,1.8,2.2,1.3,1.8,39.1,2.7,0.9,0.4,0.4,0.0,0.0,0.0,0.0,0.0,0.0,0.0,0.0,0.0,0.0,0.0,0.0,0.0,0.0,0.0,0.0,0.0,0.0,0.0,0.0,0.0,0.0,0.0,0.0,0.0,0.0,0.0,0.0,0.0,0.0,0.0,0.0,0.0,0.0,0.0,0.0,0.0,0.0,0.0,0.0,0.0,0.0,0.0,0.0,0.0,0.0,0.0,0.0
2026-01-23 16:41:48,3.1,28.1,running,4.5,0.9,22.0,1.7,4.9,0.4,3.6,0.0,4.5,3.5,2.2,2.7,6.7,0.9,0.0,2.2,0.0,0.4,2.2,1.8,0.4,0.0,0.0,11.7,5.8,0.0,4.9,1.3,1.3,3.1,0.4,1.3,1.8,5.4,0.0,0.4,0.0,0.9,4.0,0.0,2.7,0.0,0.0,41.5,1.8,0.0,0.0,0.4,0.0,0.0,0.0,0.0,0.0,0.0,0.0,0.0,0.0,0.0,0.0,0.0,0.0,0.0,0.0,0.0,0.0,0.0,0.0,0.0,0.0,0.0,0.0,0.0,0.0,0.0,0.0,0.0,0.0,0.0,0.0,0.0,0.0,0.0,0.0,0.0,0.0,0.0,0.0,0.0,0.0,0.0,0.0,0.0,0.0,0.0,0.0,0.0
2026-01-23 16:41:51,4.0,31.2,running,9.7,0.9,27.8,4.6,10.2,2.2,8.0,2.7,6.6,4.0,14.1,3.0,9.3,0.9,5.8,0.9,5.4,3.6,2.7,1.8,2.2,2.2,2.2,12.5,6.7,1.8,7.0,1.3,0.9,1.8,0.9,0.0,4.8,2.2,9.2,3.6,6.2,0.4,7.1,1.8,8.0,0.0,1.8,33.3,5.8,0.0,0.9,0.9,0.0,0.0,0.0,0.0,0.0,0.0,0.0,0.0,0.0,0.0,0.0,0.0,0.0,0.0,0.0,0.0,0.0,0.0,0.0,0.0,0.0,0.0,0.0,0.0,0.0,0.0,0.0,0.0,0.0,0.0,0.0,0.0,0.0,0.0,0.0,0.0,0.0,0.0,0.0,0.0,0.0,0.0,0.0,0.0,0.0,0.0,0.0,0.0
2026-01-23 16:41:55,3.0,28.1,running,3.6,0.0,15.2,0.4,2.2,1.3,1.3,1.8,1.8,0.0,4.9,6.7,6.2,4.9,1.3,0.0,1.8,0.0,0.0,1.8,0.9,0.9,0.4,12.4,3.1,1.8,2.2,2.7,0.9,0.0,0.4,0.0,8.9,0.9,3.1,0.4,3.1,0.5,1.3,0.0,2.2,1.8,1.8,48.2,6.2,1.3,1.3,0.0,0.0,0.0,0.0,0.0,0.0,0.0,0.0,0.0,0.0,0.0,0.0,0.0,0.0,0.0,0.0,0.0,0.0,0.0,0.0,0.0,0.0,0.0,0.0,0.0,0.0,0.0,0.0,0.0,0.0,0.0,0.0,0.0,0.0,0.0,0.0,0.0,0.0,0.0,0.0,0.0,0.0,0.0,0.0,0.0,0.0,0.0,0.0,0.0
2026-01-23 16:41:58,3.8,28.1,running,0.9,0.4,23.1,0.4,6.2,1.3,3.6,0.0,3.1,3.1,1.8,7.1,2.2,4.5,3.1,0.9,0.9,1.3,1.3,1.8,2.7,0.0,0.4,10.3,0.9,6.3,1.8,1.3,5.3,2.2,1.3,3.6,4.0,3.6,0.4,0.0,0.5,1.8,0.9,1.3,1.3,2.2,3.1,40.4,4.0,0.9,0.4,0.0,0.0,0.0,0.0,0.0,0.0,0.0,0.0,0.0,0.0,0.0,0.0,0.0,0.0,0.0,0.0,0.0,0.0,0.0,0.0,0.0,0.0,0.0,0.0,0.0,0.0,0.0,0.0,0.0,0.0,0.0,0.0,0.0,0.0,0.0,0.0,0.0,0.0,0.0,0.0,0.0,0.0,0.0,0.0,0.0,0.0,0.0,0.0,0.0
2026-01-23 16:42:02,3.5,28.1,running,3.1,1.8,26.2,0.9,9.4,0.9,4.8,0.0,3.6,0.4,0.4,6.2,1.8,2.7,1.8,0.0,0.4,0.5,5.4,5.8,0.0,0.0,4.5,11.6,4.0,1.3,4.5,3.1,4.4,1.8,1.4,0.0,2.7,0.0,0.4,4.0,2.6,1.3,3.6,0.0,30.5,1.4,3.1,12.4,1.8,0.0,0.9,0.0,0.0,0.0,0.0,0.0,0.0,0.0,0.0,0.0,0.0,0.0,0.0,0.0,0.0,0.0,0.0,0.0,0.0,0.0,0.0,0.0,0.0,0.0,0.0,0.0,0.0,0.0,0.0,0.0,0.0,0.0,0.0,0.0,0.0,0.0,0.0,0.0,0.0,0.0,0.0,0.0,0.0,0.0,0.0,0.0,0.0,0.0,0.0,0.0
2026-01-23 16:42:05,3.4,21.8,running,0.9,0.0,18.8,1.4,7.0,0.9,3.6,1.5,1.8,3.1,3.6,2.2,2.2,1.0,0.4,0.5,4.0,1.3,3.1,0.4,4.0,2.7,0.4,14.7,0.9,0.9,1.8,1.3,2.2,2.2,0.0,1.2,4.0,3.1,2.2,0.0,1.8,0.4,2.2,2.2,45.8,0.9,6.3,0.4,2.2,0.0,0.4,0.0,0.0,0.0,0.0,0.0,0.0,0.0,0.0,0.0,0.0,0.0,0.0,0.0,0.0,0.0,0.0,0.0,0.0,0.0,0.0,0.0,0.0,0.0,0.0,0.0,0.0,0.0,0.0,0.0,0.0,0.0,0.0,0.0,0.0,0.0,0.0,0.0,0.0,0.0,0.0,0.0,0.0,0.0,0.0,0.0,0.0,0.0,0.0,0.0
2026-01-23 16:42:09,2.9,46.8,running,1.3,4.0,18.6,0.9,3.1,0.4,5.8,0.4,1.8,1.3,0.4,4.0,1.3,1.2,0.0,0.0,3.1,0.9,7.1,0.0,1.3,0.9,0.9,15.0,1.3,3.6,1.8,1.3,1.3,2.2,0.0,1.3,4.9,3.1,3.6,0.0,4.0,0.0,4.5,3.5,40.9,0.4,3.1,0.9,5.4,0.0,0.0,0.0,0.0,0.0,0.0,0.0,0.0,0.0,0.0,0.0,0.0,0.0,0.0,0.0,0.0,0.0,0.0,0.0,0.0,0.0,0.0,0.0,0.0,0.0,0.0,0.0,0.0,0.0,0.0,0.0,0.0,0.0,0.0,0.0,0.0,0.0,0.0,0.0,0.0,0.0,0.0,0.0,0.0,0.0,0.0,0.0,0.0,0.0,0.0,0.0
2026-01-23 16:42:12,3.8,21.8,running,0.4,4.9,18.3,0.9,5.8,0.4,2.2,0.0,2.7,0.0,0.9,6.2,0.9,1.3,0.4,2.2,0.9,1.8,2.7,0.9,1.3,1.8,1.8,12.8,2.7,2.7,3.9,4.0,6.2,0.0,0.9,0.9,3.5,1.3,2.7,0.0,2.2,3.1,4.0,0.9,12.4,0.9,0.9,37.9,4.9,0.0,0.9,0.0,0.0,0.0,0.0,0.0,0.0,0.0,0.0,0.0,0.0,0.0,0.0,0.0,0.0,0.0,0.0,0.0,0.0,0.0,0.0,0.0,0.0,0.0,0.0,0.0,0.0,0.0,0.0,0.0,0.0,0.0,0.0,0.0,0.0,0.0,0.0,0.0,0.0,0.0,0.0,0.0,0.0,0.0,0.0,0.0,0.0,0.0,0.0,0.0
2026-01-23 16:42:16,3.4,21.8,running,5.8,0.4,20.9,0.4,3.6,0.9,3.1,0.5,1.3,3.6,0.9,3.1,0.9,2.7,1.8,0.0,0.4,4.0,0.9,4.5,0.0,0.4,0.4,13.1,4.4,2.7,3.6,0.0,0.9,4.5,2.7,5.6,2.2,1.0,5.8,0.0,0.0,1.8,4.0,0.4,21.9,0.0,2.2,22.7,3.6,1.3,3.6,0.4,0.0,0.0,0.0,0.0,0.0,0.0,0.0,0.0,0.0,0.0,0.0,0.0,0.0,0.0,0.0,0.0,0.0,0.0,0.0,0.0,0.0,0.0,0.0,0.0,0.0,0.0,0.0,0.0,0.0,0.0,0.0,0.0,0.0,0.0,0.0,0.0,0.0,0.0,0.0,0.0,0.0,0.0,0.0,0.0,0.0,0.0,0.0,0.0
2026-01-23 16:42:19,3.9,34.3,running,2.2,3.1,19.6,1.5,5.4,1.8,5.8,0.9,3.1,5.5,5.4,1.8,3.6,1.9,0.0,0.5,0.9,2.7,0.0,1.8,1.8,0.4,3.1,11.9,3.1,7.6,4.0,1.3,4.0,0.4,0.0,0.0,4.9,3.1,4.0,0.0,0.9,1.8,1.8,0.0,46.5,0.0,4.9,0.4,3.5,2.2,2.2,0.0,0.0,0.0,0.0,0.0,0.0,0.0,0.0,0.0,0.0,0.0,0.0,0.0,0.0,0.0,0.0,0.0,0.0,0.0,0.0,0.0,0.0,0.0,0.0,0.0,0.0,0.0,0.0,0.0,0.0,0.0,0.0,0.0,0.0,0.0,0.0,0.0,0.0,0.0,0.0,0.0,0.0,0.0,0.0,0.0,0.0,0.0,0.0,0.0
2026-01-23 16:42:23,3.5,18.7,running,2.7,5.3,21.4,0.0,5.8,0.4,4.0,0.0,3.6,0.0,8.8,3.1,4.0,0.9,6.2,0.0,0.4,0.0,1.8,5.8,3.1,0.4,0.9,10.7,2.7,1.3,2.7,0.0,4.0,1.3,1.8,0.0,11.2,2.2,4.0,0.0,0.0,0.4,11.6,0.4,4.0,0.9,0.0,38.3,4.8,1.0,0.9,0.4,0.0,0.0,0.0,0.0,0.0,0.0,0.0,0.0,0.0,0.0,0.0,0.0,0.0,0.0,0.0,0.0,0.0,0.0,0.0,0.0,0.0,0.0,0.0,0.0,0.0,0.0,0.0,0.0,0.0,0.0,0.0,0.0,0.0,0.0,0.0,0.0,0.0,0.0,0.0,0.0,0.0,0.0,0.0,0.0,0.0,0.0,0.0,0.0
2026-01-23 16:42:26,3.5,28.1,running,3.1,2.2,32.0,0.5,8.9,2.7,3.6,1.8,7.7,0.9,16.4,2.2,2.2,4.4,1.8,0.0,0.9,1.3,1.3,4.0,3.1,1.8,6.2,11.6,7.1,0.9,1.3,0.4,3.6,0.0,1.8,0.4,3.6,4.0,3.5,2.7,0.9,0.9,13.0,0.0,17.5,1.4,1.3,24.1,4.0,0.8,0.9,0.0,0.0,0.0,0.0,0.0,0.0,0.0,0.0,0.0,0.0,0.0,0.0,0.0,0.0,0.0,0.0,0.0,0.0,0.0,0.0,0.0,0.0,0.0,0.0,0.0,0.0,0.0,0.0,0.0,0.0,0.0,0.0,0.0,0.0,0.0,0.0,0.0,0.0,0.0,0.0,0.0,0.0,0.0,0.0,0.0,0.0,0.0,0.0,0.0
2026-01-23 16:42:30,3.2,25.0,running,4.0,0.0,23.1,0.0,4.9,1.3,2.2,0.9,1.8,3.6,1.3,3.5,4.9,6.2,3.1,2.2,0.4,0.9,2.7,0.4,4.9,0.9,0.4,12.9,0.9,2.7,1.3,0.9,5.4,0.0,5.4,0.4,3.5,0.0,0.9,0.0,2.7,0.0,3.6,0.9,0.9,0.0,0.0,40.6,0.9,0.9,1.8,0.0,0.0,0.0,0.0,0.0,0.0,0.0,0.0,0.0,0.0,0.0,0.0,0.0,0.0,0.0,0.0,0.0,0.0,0.0,0.0,0.0,0.0,0.0,0.0,0.0,0.0,0.0,0.0,0.0,0.0,0.0,0.0,0.0,0.0,0.0,0.0,0.0,0.0,0.0,0.0,0.0,0.0,0.0,0.0,0.0,0.0,0.0,0.0,0.0
2026-01-23 16:42:33,3.8,31.2,running,1.3,1.3,21.9,0.0,4.4,0.4,3.1,0.4,1.8,0.0,4.8,7.1,2.7,2.2,5.3,1.3,3.1,1.3,1.3,0.0,0.4,0.4,1.3,13.3,8.0,0.4,4.9,0.0,2.7,0.0,5.3,0.4,7.6,0.4,0.4,0.0,8.8,0.9,5.8,0.6,2.7,0.0,0.6,43.8,3.5,0.5,1.8,0.4,0.0,0.0,0.0,0.0,0.0,0.0,0.0,0.0,0.0,0.0,0.0,0.0,0.0,0.0,0.0,0.0,0.0,0.0,0.0,0.0,0.0,0.0,0.0,0.0,0.0,0.0,0.0,0.0,0.0,0.0,0.0,0.0,0.0,0.0,0.0,0.0,0.0,0.0,0.0,0.0,0.0,0.0,0.0,0.0,0.0,0.0,0.0,0.0
2026-01-23 16:42:37,4.6,25.0,running,5.8,0.0,17.3,0.0,4.0,1.8,4.0,3.1,2.2,0.0,11.2,2.2,1.3,4.4,0.9,1.4,0.9,4.9,5.3,3.6,2.7,1.3,5.3,12.0,2.2,2.7,1.3,0.0,0.9,2.2,0.9,2.7,6.2,7.7,1.8,0.5,14.3,0.9,7.6,0.7,28.9,1.3,4.0,14.3,3.1,0.0,3.6,0.0,0.0,0.0,0.0,0.0,0.0,0.0,0.0,0.0,0.0,0.0,0.0,0.0,0.0,0.0,0.0,0.0,0.0,0.0,0.0,0.0,0.0,0.0,0.0,0.0,0.0,0.0,0.0,0.0,0.0,0.0,0.0,0.0,0.0,0.0,0.0,0.0,0.0,0.0,0.0,0.0,0.0,0.0,0.0,0.0,0.0,0.0,0.0,0.0
2026-01-23 16:42:40,5.7,21.9,running,4.0,1.3,19.6,1.8,3.1,2.2,4.5,8.8,2.7,0.9,10.7,7.5,9.7,3.6,2.7,3.1,5.8,0.9,1.8,0.4,19.9,0.4,2.7,8.6,5.4,3.6,6.2,0.0,3.1,0.0,4.0,11.6,4.9,6.3,3.6,0.0,5.8,2.2,4.0,0.9,32.3,0.0,1.3,12.9,6.7,1.3,3.5,0.0,0.0,0.0,0.0,0.0,0.0,0.0,0.0,0.0,0.0,0.0,0.0,0.0,0.0,0.0,0.0,0.0,0.0,0.0,0.0,0.0,0.0,0.0,0.0,0.0,0.0,0.0,0.0,0.0,0.0,0.0,0.0,0.0,0.0,0.0,0.0,0.0,0.0,0.0,0.0,0.0,0.0,0.0,0.0,0.0,0.0,0.0,0.0,0.0
2026-01-23 16:42:44,3.5,37.4,running,1.3,3.1,20.3,0.0,2.7,1.8,4.9,4.0,1.8,0.4,5.8,0.0,3.6,4.0,1.8,2.2,1.8,2.2,1.3,0.0,21.6,0.9,5.8,14.1,2.7,1.3,5.3,6.2,2.7,1.3,1.8,10.2,2.2,1.5,3.1,0.0,0.9,1.3,2.7,0.0,3.6,1.8,0.0,42.0,3.5,3.1,1.8,0.4,0.0,0.0,0.0,0.0,0.0,0.0,0.0,0.0,0.0,0.0,0.0,0.0,0.0,0.0,0.0,0.0,0.0,0.0,0.0,0.0,0.0,0.0,0.0,0.0,0.0,0.0,0.0,0.0,0.0,0.0,0.0,0.0,0.0,0.0,0.0,0.0,0.0,0.0,0.0,0.0,0.0,0.0,0.0,0.0,0.0,0.0,0.0,0.0
2026-01-23 16:42:47,5.5,34.3,running,3.1,0.0,29.0,0.0,5.3,1.8,5.3,1.3,3.5,0.0,5.3,4.9,5.3,6.2,2.6,0.9,3.1,4.0,3.1,2.2,7.5,3.1,4.4,12.1,3.1,3.1,3.6,3.1,2.7,3.1,6.2,1.8,5.3,2.2,3.1,0.0,1.8,0.0,4.0,2.2,44.7,0.0,3.1,36.7,7.2,0.0,6.2,0.4,0.0,0.0,0.0,0.0,0.0,0.0,0.0,0.0,0.0,0.0,0.0,0.0,0.0,0.0,0.0,0.0,0.0,0.0,0.0,0.0,0.0,0.0,0.0,0.0,0.0,0.0,0.0,0.0,0.0,0.0,0.0,0.0,0.0,0.0,0.0,0.0,0.0,0.0,0.0,0.0,0.0,0.0,0.0,0.0,0.0,0.0,0.0,0.0
2026-01-23 16:42:51,6.3,40.6,running,3.1,1.8,50.7,0.9,7.1,0.4,7.1,0.9,4.5,1.3,9.4,1.8,2.2,0.4,0.4,1.3,0.4,2.2,3.1,1.8,1.3,1.3,4.0,13.8,3.1,5.4,2.7,0.9,2.2,1.8,5.3,2.6,5.3,3.1,2.7,0.4,1.3,1.3,16.9,0.9,33.2,0.0,2.7,18.6,2.2,1.3,1.8,0.0,0.0,0.0,0.0,0.0,0.0,0.0,0.0,0.0,0.0,0.0,0.0,0.0,0.0,0.0,0.0,0.0,0.0,0.0,0.0,0.0,0.0,0.0,0.0,0.0,0.0,0.0,0.0,0.0,0.0,0.0,0.0,0.0,0.0,0.0,0.0,0.0,0.0,0.0,0.0,0.0,0.0,0.0,0.0,0.0,0.0,0.0,0.0,0.0
2026-01-23 16:42:54,5.9,28.1,running,4.0,0.0,77.9,0.0,15.9,0.4,7.1,0.0,31.6,2.2,4.4,0.4,3.5,2.7,4.4,0.4,0.9,1.8,0.9,0.4,0.9,1.3,2.2,14.2,0.9,2.2,4.4,2.7,4.9,0.0,1.3,2.2,7.1,3.1,2.2,2.2,0.0,3.1,3.6,0.9,0.9,0.9,0.0,40.9,6.3,2.2,1.8,0.4,0.0,0.0,0.0,0.0,0.0,0.0,0.0,0.0,0.0,0.0,0.0,0.0,0.0,0.0,0.0,0.0,0.0,0.0,0.0,0.0,0.0,0.0,0.0,0.0,0.0,0.0,0.0,0.0,0.0,0.0,0.0,0.0,0.0,0.0,0.0,0.0,0.0,0.0,0.0,0.0,0.0,0.0,0.0,0.0,0.0,0.0,0.0,0.0
2026-01-23 16:42:58,5.1,34.3,running,1.3,1.3,100.0,0.0,9.8,0.9,19.1,0.9,4.0,0.0,5.8,0.9,1.8,4.4,4.0,2.2,1.3,4.9,0.4,0.4,2.7,0.9,0.4,14.7,1.3,0.0,1.8,0.0,1.8,0.0,1.3,3.1,5.8,4.4,10.6,0.0,0.4,1.3,1.3,3.1,36.0,0.4,7.1,3.1,2.7,0.0,0.9,0.0,0.0,0.0,0.0,0.0,0.0,0.0,0.0,0.0,0.0,0.0,0.0,0.0,0.0,0.0,0.0,0.0,0.0,0.0,0.0,0.0,0.0,0.0,0.0,0.0,0.0,0.0,0.0,0.0,0.0,0.0,0.0,0.0,0.0,0.0,0.0,0.0,0.0,0.0,0.0,0.0,0.0,0.0,0.0,0.0,0.0,0.0,0.0,0.0
2026-01-23 16:43:01,6.5,31.2,running,4.0,0.0,49.1,0.9,17.9,1.3,5.8,2.2,4.9,0.0,6.2,1.8,2.7,2.7,6.2,0.0,9.4,2.7,82.2,0.0,8.0,0.0,0.0,12.9,9.3,3.1,4.0,0.0,0.9,0.9,0.0,0.0,5.3,2.7,3.1,0.0,2.7,1.3,0.0,5.8,21.1,0.4,6.7,20.6,5.8,2.7,1.8,0.4,0.0,0.0,0.0,0.0,0.0,0.0,0.0,0.0,0.0,0.0,0.0,0.0,0.0,0.0,0.0,0.0,0.0,0.0,0.0,0.0,0.0,0.0,0.0,0.0,0.0,0.0,0.0,0.0,0.0,0.0,0.0,0.0,0.0,0.0,0.0,0.0,0.0,0.0,0.0,0.0,0.0,0.0,0.0,0.0,0.0,0.0,0.0,0.0
2026-01-23 16:43:05,5.9,25.0,running,0.9,1.8,44.9,0.0,13.8,0.4,8.0,4.0,4.0,2.2,2.2,0.4,2.7,4.9,4.4,0.4,0.9,3.1,78.1,0.4,8.4,0.0,3.6,12.4,5.8,4.4,3.1,0.0,3.1,0.4,1.8,0.9,6.6,1.3,2.7,0.4,0.0,1.3,6.6,0.0,40.5,0.0,4.4,5.3,4.9,0.4,1.3,0.0,0.0,0.0,0.0,0.0,0.0,0.0,0.0,0.0,0.0,0.0,0.0,0.0,0.0,0.0,0.0,0.0,0.0,0.0,0.0,0.0,0.0,0.0,0.0,0.0,0.0,0.0,0.0,0.0,0.0,0.0,0.0,0.0,0.0,0.0,0.0,0.0,0.0,0.0,0.0,0.0,0.0,0.0,0.0,0.0,0.0,0.0,0.0,0.0
2026-01-23 16:43:08,6.2,31.2,running,2.2,2.7,58.0,0.4,17.6,4.5,18.3,5.3,11.2,0.9,6.2,3.6,6.2,2.2,3.6,2.7,1.8,7.1,1.3,1.8,5.4,1.3,0.0,18.8,1.8,4.9,4.9,0.4,3.6,3.1,4.4,0.9,7.0,0.9,2.7,0.0,1.3,0.4,0.9,0.4,33.3,1.8,4.5,36.8,4.5,0.0,3.6,0.4,0.0,0.0,0.0,0.0,0.0,0.0,0.0,0.0,0.0,0.0,0.0,0.0,0.0,0.0,0.0,0.0,0.0,0.0,0.0,0.0,0.0,0.0,0.0,0.0,0.0,0.0,0.0,0.0,0.0,0.0,0.0,0.0,0.0,0.0,0.0,0.0,0.0,0.0,0.0,0.0,0.0,0.0,0.0,0.0,0.0,0.0,0.0,0.0
2026-01-23 16:43:12,4.6,28.1,running,12.9,3.1,53.6,0.4,21.3,3.6,15.2,6.2,16.4,4.0,27.2,1.8,10.3,11.2,9.9,4.9,7.6,2.7,5.3,1.3,5.4,1.8,5.8,12.1,5.8,5.8,12.5,1.3,12.5,8.4,5.4,4.9,14.2,2.6,9.9,4.9,4.4,0.4,6.2,0.4,43.6,0.0,12.4,19.6,12.8,2.2,8.4,1.3,0.0,0.0,0.0,0.0,0.0,0.0,0.0,0.0,0.0,0.0,0.0,0.0,0.0,0.0,0.0,0.0,0.0,0.0,0.0,0.0,0.0,0.0,0.0,0.0,0.0,0.0,0.0,0.0,0.0,0.0,0.0,0.0,0.0,0.0,0.0,0.0,0.0,0.0,0.0,0.0,0.0,0.0,0.0,0.0,0.0,0.0,0.0,0.0
2026-01-23 16:43:15,4.6,34.3,running,0.4,0.0,24.6,0.0,9.8,0.0,2.2,2.2,9.8,1.8,14.5,0.0,1.3,1.3,0.9,0.4,1.8,0.4,2.2,0.0,5.3,3.5,1.3,11.6,6.7,1.3,9.3,0.4,7.1,5.3,4.0,2.7,8.3,4.7,2.2,8.8,4.0,0.9,2.2,0.0,44.9,2.2,4.0,1.8,4.5,1.8,1.8,2.2,0.0,0.0,0.0,0.0,0.0,0.0,0.0,0.0,0.0,0.0,0.0,0.0,0.0,0.0,0.0,0.0,0.0,0.0,0.0,0.0,0.0,0.0,0.0,0.0,0.0,0.0,0.0,0.0,0.0,0.0,0.0,0.0,0.0,0.0,0.0,0.0,0.0,0.0,0.0,0.0,0.0,0.0,0.0,0.0,0.0,0.0,0.0,0.0
2026-01-23 16:43:19,3.8,31.2,running,2.2,1.3,40.0,2.2,13.4,0.0,9.3,1.0,8.0,0.0,18.4,2.2,4.4,4.9,6.2,1.3,6.7,1.8,0.9,1.5,4.9,0.9,1.8,10.6,7.1,1.8,15.0,0.4,7.6,5.4,11.2,0.4,7.6,0.4,5.3,4.6,3.1,1.3,6.2,0.0,38.7,2.2,7.1,6.2,4.9,4.9,1.3,4.0,0.0,0.0,0.0,0.0,0.0,0.0,0.0,0.0,0.0,0.0,0.0,0.0,0.0,0.0,0.0,0.0,0.0,0.0,0.0,0.0,0.0,0.0,0.0,0.0,0.0,0.0,0.0,0.0,0.0,0.0,0.0,0.0,0.0,0.0,0.0,0.0,0.0,0.0,0.0,0.0,0.0,0.0,0.0,0.0,0.0,0.0,0.0,0.0
2026-01-23 16:43:22,3.7,37.4,running,2.2,0.9,23.0,1.3,6.6,2.1,5.3,0.0,4.9,4.9,3.5,8.3,5.8,1.4,2.2,1.8,0.9,1.3,0.4,0.0,2.2,1.8,1.3,11.2,4.4,2.7,4.9,0.0,4.0,1.8,6.2,0.0,8.4,3.6,6.3,0.0,1.3,1.3,2.2,0.0,2.7,1.8,0.0,47.1,1.3,1.3,1.3,0.4,0.0,0.0,0.0,0.0,0.0,0.0,0.0,0.0,0.0,0.0,0.0,0.0,0.0,0.0,0.0,0.0,0.0,0.0,0.0,0.0,0.0,0.0,0.0,0.0,0.0,0.0,0.0,0.0,0.0,0.0,0.0,0.0,0.0,0.0,0.0,0.0,0.0,0.0,0.0,0.0,0.0,0.0,0.0,0.0,0.0,0.0,0.0,0.0
2026-01-23 16:43:26,3.7,25.0,running,5.3,0.4,24.7,1.8,4.5,0.4,5.4,1.3,3.1,3.1,3.6,4.0,4.4,0.0,0.0,0.9,1.3,0.4,0.0,4.4,0.9,1.0,1.3,12.9,4.0,3.6,2.7,1.8,5.9,0.0,2.7,0.4,1.8,2.4,2.7,2.7,0.0,4.0,0.9,0.0,11.9,1.7,0.0,29.6,2.7,0.4,3.6,0.0,0.0,0.0,0.0,0.0,0.0,0.0,0.0,0.0,0.0,0.0,0.0,0.0,0.0,0.0,0.0,0.0,0.0,0.0,0.0,0.0,0.0,0.0,0.0,0.0,0.0,0.0,0.0,0.0,0.0,0.0,0.0,0.0,0.0,0.0,0.0,0.0,0.0,0.0,0.0,0.0,0.0,0.0,0.0,0.0,0.0,0.0,0.0,0.0
2026-01-23 16:43:29,2.8,25.0,running,0.9,0.0,21.4,0.5,4.9,1.8,4.5,0.9,1.8,0.4,1.8,4.0,2.2,4.5,0.0,0.0,0.9,0.0,3.1,1.8,0.0,1.7,0.9,12.9,1.3,1.3,0.9,3.1,3.0,1.8,3.1,0.0,3.5,0.0,3.1,3.6,2.7,1.8,2.7,0.9,41.3,0.4,6.2,0.4,4.0,2.2,0.4,0.4,0.0,0.0,0.0,0.0,0.0,0.0,0.0,0.0,0.0,0.0,0.0,0.0,0.0,0.0,0.0,0.0,0.0,0.0,0.0,0.0,0.0,0.0,0.0,0.0,0.0,0.0,0.0,0.0,0.0,0.0,0.0,0.0,0.0,0.0,0.0,0.0,0.0,0.0,0.0,0.0,0.0,0.0,0.0,0.0,0.0,0.0,0.0,0.0
2026-01-23 16:43:33,3.4,31.2,running,1.8,0.4,21.0,0.4,3.6,2.7,3.5,0.4,0.9,0.9,4.9,3.1,2.2,2.7,3.1,1.8,1.8,1.8,2.2,1.8,0.9,0.0,1.3,13.7,3.1,4.9,2.7,1.3,3.2,0.0,2.7,0.4,4.0,0.5,3.5,0.4,0.0,0.9,1.8,0.0,11.5,0.0,2.2,35.8,5.4,2.2,2.2,0.4,0.0,0.0,0.0,0.0,0.0,0.0,0.0,0.0,0.0,0.0,0.0,0.0,0.0,0.0,0.0,0.0,0.0,0.0,0.0,0.0,0.0,0.0,0.0,0.0,0.0,0.0,0.0,0.0,0.0,0.0,0.0,0.0,0.0,0.0,0.0,0.0,0.0,0.0,0.0,0.0,0.0,0.0,0.0,0.0,0.0,0.0,0.0,0.0
2026-01-23 16:43:36,4.0,34.3,running,2.2,0.0,22.3,3.1,3.6,4.0,2.7,0.0,3.6,0.0,5.4,0.9,3.6,3.1,0.9,2.2,2.2,3.6,1.8,0.4,1.8,1.3,2.2,10.7,5.8,1.8,5.8,1.3,3.5,6.6,0.9,1.3,2.2,0.4,3.2,0.9,0.0,1.3,2.2,0.0,1.8,0.9,0.9,43.3,2.2,1.8,4.0,0.0,0.0,0.0,0.0,0.0,0.0,0.0,0.0,0.0,0.0,0.0,0.0,0.0,0.0,0.0,0.0,0.0,0.0,0.0,0.0,0.0,0.0,0.0,0.0,0.0,0.0,0.0,0.0,0.0,0.0,0.0,0.0,0.0,0.0,0.0,0.0,0.0,0.0,0.0,0.0,0.0,0.0,0.0,0.0,0.0,0.0,0.0,0.0,0.0
2026-01-23 16:43:40,5.4,25.0,running,0.0,0.0,26.1,0.0,1.8,4.5,0.9,2.0,0.0,0.0,5.8,2.0,2.7,1.0,1.3,2.5,2.2,0.5,0.0,0.0,0.0,5.8,2.2,14.2,3.1,5.6,7.6,2.6,4.0,5.6,0.9,1.0,4.9,5.4,2.2,1.5,1.5,0.9,7.1,0.0,16.4,0.4,4.5,34.2,1.8,0.0,0.0,0.0,0.0,0.0,0.0,0.0,0.0,0.0,0.0,0.0,0.0,0.0,0.0,0.0,0.0,0.0,0.0,0.0,0.0,0.0,0.0,0.0,0.0,0.0,0.0,0.0,0.0,0.0,0.0,0.0,0.0,0.0,0.0,0.0,0.0,0.0,0.0,0.0,0.0,0.0,0.0,0.0,0.0,0.0,0.0,0.0,0.0,0.0,0.0,0.0
2026-01-23 16:43:43,4.6,28.1,running,3.1,0.4,18.9,1.6,5.4,0.4,3.1,0.0,5.8,4.9,16.4,1.2,8.4,2.4,2.2,3.6,3.1,1.6,2.6,0.0,4.4,3.1,8.0,10.5,12.3,0.4,5.3,0.0,4.9,0.0,3.6,1.2,5.4,0.4,3.1,0.4,4.9,1.3,8.0,5.0,1.3,4.4,0.9,44.2,5.8,0.0,3.5,0.0,0.0,0.0,0.0,0.0,0.0,0.0,0.0,0.0,0.0,0.0,0.0,0.0,0.0,0.0,0.0,0.0,0.0,0.0,0.0,0.0,0.0,0.0,0.0,0.0,0.0,0.0,0.0,0.0,0.0,0.0,0.0,0.0,0.0,0.0,0.0,0.0,0.0,0.0,0.0,0.0,0.0,0.0,0.0,0.0,0.0,0.0,0.0,0.0
2026-01-23 16:43:47,3.4,31.2,running,0.4,0.4,23.7,0.0,5.8,2.7,4.9,0.4,3.6,0.0,3.6,2.2,2.2,3.1,0.4,2.2,0.9,2.7,0.9,1.3,3.1,1.8,4.0,12.9,1.3,1.8,4.9,0.0,1.3,0.0,0.9,2.7,2.2,4.0,1.8,5.4,0.9,0.4,1.3,2.7,24.3,0.4,0.9,18.4,4.9,0.0,1.8,0.9,0.0,0.0,0.0,0.0,0.0,0.0,0.0,0.0,0.0,0.0,0.0,0.0,0.0,0.0,0.0,0.0,0.0,0.0,0.0,0.0,0.0,0.0,0.0,0.0,0.0,0.0,0.0,0.0,0.0,0.0,0.0,0.0,0.0,0.0,0.0,0.0,0.0,0.0,0.0,0.0,0.0,0.0,0.0,0.0,0.0,0.0,0.0,0.0
2026-01-23 16:43:50,4.3,12.5,running,5.8,0.0,27.8,2.7,4.9,1.8,8.8,2.2,2.2,0.4,3.1,1.8,5.3,2.2,1.3,2.3,1.8,1.3,3.9,0.9,1.3,0.4,1.3,12.1,1.3,0.0,3.1,3.1,6.7,4.9,2.7,1.3,4.4,0.4,0.9,3.1,1.8,1.3,1.8,0.0,32.1,0.9,0.0,4.5,4.0,6.6,0.9,0.4,0.0,0.0,0.0,0.0,0.0,0.0,0.0,0.0,0.0,0.0,0.0,0.0,0.0,0.0,0.0,0.0,0.0,0.0,0.0,0.0,0.0,0.0,0.0,0.0,0.0,0.0,0.0,0.0,0.0,0.0,0.0,0.0,0.0,0.0,0.0,0.0,0.0,0.0,0.0,0.0,0.0,0.0,0.0,0.0,0.0,0.0,0.0,0.0
2026-01-23 16:43:54,3.4,12.5,running,2.2,0.0,17.4,0.9,7.6,0.9,1.8,0.9,1.8,1.8,2.2,0.0,2.7,2.7,3.1,0.9,1.8,2.2,0.0,0.0,2.7,0.0,2.7,15.4,3.1,6.6,4.0,4.9,5.8,0.9,1.3,1.3,4.0,1.8,6.6,0.9,1.3,0.4,0.9,0.0,42.5,1.3,8.5,0.9,0.9,5.8,0.9,0.0,0.0,0.0,0.0,0.0,0.0,0.0,0.0,0.0,0.0,0.0,0.0,0.0,0.0,0.0,0.0,0.0,0.0,0.0,0.0,0.0,0.0,0.0,0.0,0.0,0.0,0.0,0.0,0.0,0.0,0.0,0.0,0.0,0.0,0.0,0.0,0.0,0.0,0.0,0.0,0.0,0.0,0.0,0.0,0.0,0.0,0.0,0.0,0.0
2026-01-23 16:43:57,3.3,28.1,running,4.0,0.4,20.9,0.0,4.9,0.4,4.0,0.4,1.8,4.0,4.4,1.3,4.0,0.4,1.3,3.1,4.8,0.0,0.4,2.7,0.9,2.7,4.0,12.6,5.3,3.1,2.2,2.7,2.2,0.0,2.7,0.9,2.7,4.4,0.4,0.9,0.0,1.3,0.4,3.1,48.2,0.0,4.4,0.4,0.9,1.8,0.0,0.4,0.0,0.0,0.0,0.0,0.0,0.0,0.0,0.0,0.0,0.0,0.0,0.0,0.0,0.0,0.0,0.0,0.0,0.0,0.0,0.0,0.0,0.0,0.0,0.0,0.0,0.0,0.0,0.0,0.0,0.0,0.0,0.0,0.0,0.0,0.0,0.0,0.0,0.0,0.0,0.0,0.0,0.0,0.0,0.0,0.0,0.0,0.0,0.0
2026-01-23 16:44:01,3.3,31.2,running,0.4,0.4,21.3,0.0,4.4,0.9,3.6,0.4,3.6,2.7,3.1,0.9,5.8,4.0,2.7,0.4,3.5,3.1,1.8,1.8,1.3,0.0,3.1,10.7,4.0,0.9,5.8,2.6,1.3,0.9,2.2,1.3,4.9,1.3,4.4,0.4,0.0,2.7,1.8,0.4,30.8,0.0,4.0,9.8,0.4,0.9,1.3,0.0,0.0,0.0,0.0,0.0,0.0,0.0,0.0,0.0,0.0,0.0,0.0,0.0,0.0,0.0,0.0,0.0,0.0,0.0,0.0,0.0,0.0,0.0,0.0,0.0,0.0,0.0,0.0,0.0,0.0,0.0,0.0,0.0,0.0,0.0,0.0,0.0,0.0,0.0,0.0,0.0,0.0,0.0,0.0,0.0,0.0,0.0,0.0,0.0
2026-01-23 16:44:04,4.1,37.4,running,0.9,1.3,19.1,0.0,4.4,0.4,5.3,0.4,3.6,3.1,1.3,4.5,4.0,4.0,0.0,0.0,0.9,0.9,2.2,2.2,2.2,0.4,3.6,11.7,2.2,4.9,4.4,0.9,4.4,0.4,1.3,2.6,4.4,4.4,1.8,4.9,0.9,2.7,1.8,1.3,0.0,2.7,0.0,42.2,2.2,3.6,0.4,0.0,0.0,0.0,0.0,0.0,0.0,0.0,0.0,0.0,0.0,0.0,0.0,0.0,0.0,0.0,0.0,0.0,0.0,0.0,0.0,0.0,0.0,0.0,0.0,0.0,0.0,0.0,0.0,0.0,0.0,0.0,0.0,0.0,0.0,0.0,0.0,0.0,0.0,0.0,0.0,0.0,0.0,0.0,0.0,0.0,0.0,0.0,0.0,0.0
2026-01-23 16:44:08,3.5,34.3,running,0.4,0.0,19.6,0.0,2.2,0.0,4.0,1.8,1.3,0.9,3.1,0.9,1.3,3.1,1.8,0.9,0.4,0.9,1.8,0.9,4.9,0.4,0.9,11.1,1.8,3.6,6.2,0.0,4.0,2.7,4.0,5.8,1.3,2.7,1.8,0.4,0.9,0.4,2.2,2.7,40.0,1.8,5.8,6.7,2.7,0.0,2.7,0.4,0.0,0.0,0.0,0.0,0.0,0.0,0.0,0.0,0.0,0.0,0.0,0.0,0.0,0.0,0.0,0.0,0.0,0.0,0.0,0.0,0.0,0.0,0.0,0.0,0.0,0.0,0.0,0.0,0.0,0.0,0.0,0.0,0.0,0.0,0.0,0.0,0.0,0.0,0.0,0.0,0.0,0.0,0.0,0.0,0.0,0.0,0.0,0.0
2026-01-23 16:44:11,4.2,21.8,running,3.6,0.9,20.9,1.3,4.4,2.7,2.7,3.1,2.7,3.7,3.6,0.9,1.8,0.5,7.6,0.9,1.8,1.8,4.9,0.9,3.1,0.9,1.3,13.7,2.2,1.8,8.0,0.0,2.2,6.2,3.1,0.0,2.7,0.0,4.0,0.4,0.4,3.1,0.4,0.0,26.8,4.1,6.7,17.3,1.8,2.2,0.9,0.0,0.0,0.0,0.0,0.0,0.0,0.0,0.0,0.0,0.0,0.0,0.0,0.0,0.0,0.0,0.0,0.0,0.0,0.0,0.0,0.0,0.0,0.0,0.0,0.0,0.0,0.0,0.0,0.0,0.0,0.0,0.0,0.0,0.0,0.0,0.0,0.0,0.0,0.0,0.0,0.0,0.0,0.0,0.0,0.0,0.0,0.0,0.0,0.0
2026-01-23 16:44:15,3.4,28.1,running,0.9,0.0,22.0,0.0,4.5,0.0,2.7,1.3,0.4,2.2,3.1,6.2,5.3,3.4,1.8,0.9,2.2,0.9,2.7,0.0,3.6,0.0,2.7,11.7,2.7,0.0,1.3,2.7,2.2,1.3,0.9,3.6,8.8,1.6,4.4,1.8,1.3,2.7,1.3,1.3,2.2,0.4,0.0,44.7,2.2,3.1,0.4,0.0,0.0,0.0,0.0,0.0,0.0,0.0,0.0,0.0,0.0,0.0,0.0,0.0,0.0,0.0,0.0,0.0,0.0,0.0,0.0,0.0,0.0,0.0,0.0,0.0,0.0,0.0,0.0,0.0,0.0,0.0,0.0,0.0,0.0,0.0,0.0,0.0,0.0,0.0,0.0,0.0,0.0,0.0,0.0,0.0,0.0,0.0,0.0,0.0
2026-01-23 16:44:18,3.2,37.5,running,3.6,0.0,23.3,0.0,7.1,0.9,3.6,0.4,3.1,2.6,1.8,4.5,0.4,0.9,0.9,0.9,1.3,1.8,0.9,0.0,5.3,0.9,0.9,12.4,3.1,5.8,3.1,0.0,1.3,0.0,0.4,0.4,3.1,3.1,4.5,0.0,0.0,1.8,3.6,0.0,34.2,0.9,7.2,2.7,4.0,2.7,0.4,0.4,0.0,0.0,0.0,0.0,0.0,0.0,0.0,0.0,0.0,0.0,0.0,0.0,0.0,0.0,0.0,0.0,0.0,0.0,0.0,0.0,0.0,0.0,0.0,0.0,0.0,0.0,0.0,0.0,0.0,0.0,0.0,0.0,0.0,0.0,0.0,0.0,0.0,0.0,0.0,0.0,0.0,0.0,0.0,0.0,0.0,0.0,0.0,0.0
2026-01-23 16:44:22,4.1,18.7,running,2.2,0.4,18.7,0.5,3.6,3.6,2.7,1.8,4.5,2.3,1.3,1.3,1.8,0.0,3.6,0.0,0.9,9.7,2.7,3.1,2.7,2.3,0.9,12.9,1.3,1.3,5.4,1.3,2.2,0.4,3.5,1.5,4.0,1.3,1.3,4.6,0.4,0.0,0.4,0.5,23.2,2.7,2.7,23.0,3.1,4.0,5.8,0.0,0.0,0.0,0.0,0.0,0.0,0.0,0.0,0.0,0.0,0.0,0.0,0.0,0.0,0.0,0.0,0.0,0.0,0.0,0.0,0.0,0.0,0.0,0.0,0.0,0.0,0.0,0.0,0.0,0.0,0.0,0.0,0.0,0.0,0.0,0.0,0.0,0.0,0.0,0.0,0.0,0.0,0.0,0.0,0.0,0.0,0.0,0.0,0.0
2026-01-23 16:44:25,3.2,25.0,running,0.0,0.0,22.3,1.2,2.7,1.3,1.8,2.1,2.7,2.6,0.4,2.2,4.4,0.0,3.2,1.1,1.8,1.3,0.9,0.0,1.3,0.0,0.9,12.9,1.8,5.8,2.2,0.4,1.3,1.8,1.8,0.0,4.5,2.7,6.7,2.0,0.4,3.5,1.8,0.0,5.3,0.4,1.3,42.9,2.2,0.9,0.9,0.4,0.0,0.0,0.0,0.0,0.0,0.0,0.0,0.0,0.0,0.0,0.0,0.0,0.0,0.0,0.0,0.0,0.0,0.0,0.0,0.0,0.0,0.0,0.0,0.0,0.0,0.0,0.0,0.0,0.0,0.0,0.0,0.0,0.0,0.0,0.0,0.0,0.0,0.0,0.0,0.0,0.0,0.0,0.0,0.0,0.0,0.0,0.0,0.0
2026-01-23 16:44:29,3.2,25.0,running,1.8,0.4,21.4,0.0,4.9,0.9,5.3,0.0,2.2,0.0,1.3,1.8,4.0,7.6,1.8,1.3,4.0,3.6,0.9,1.3,0.4,0.0,1.3,13.4,0.9,0.4,2.7,4.5,2.2,2.2,4.4,0.0,1.8,0.9,4.0,0.4,4.5,0.9,4.9,0.0,44.6,0.0,4.0,0.9,0.4,0.9,1.8,0.0,0.0,0.0,0.0,0.0,0.0,0.0,0.0,0.0,0.0,0.0,0.0,0.0,0.0,0.0,0.0,0.0,0.0,0.0,0.0,0.0,0.0,0.0,0.0,0.0,0.0,0.0,0.0,0.0,0.0,0.0,0.0,0.0,0.0,0.0,0.0,0.0,0.0,0.0,0.0,0.0,0.0,0.0,0.0,0.0,0.0,0.0,0.0,0.0
2026-01-23 16:44:32,3.5,40.6,running,0.4,0.0,21.3,0.0,5.3,1.3,4.4,1.8,2.2,4.0,2.2,0.4,1.3,3.1,8.8,0.0,1.3,0.9,1.8,1.8,2.2,0.0,0.4,12.4,2.2,0.4,2.7,1.8,4.4,0.4,0.9,0.0,7.1,0.4,2.7,4.0,4.0,1.3,0.4,0.0,15.8,0.0,3.2,25.3,4.9,1.3,3.6,0.0,0.0,0.0,0.0,0.0,0.0,0.0,0.0,0.0,0.0,0.0,0.0,0.0,0.0,0.0,0.0,0.0,0.0,0.0,0.0,0.0,0.0,0.0,0.0,0.0,0.0,0.0,0.0,0.0,0.0,0.0,0.0,0.0,0.0,0.0,0.0,0.0,0.0,0.0,0.0,0.0,0.0,0.0,0.0,0.0,0.0,0.0,0.0,0.0
2026-01-23 16:44:36,3.2,28.1,running,1.8,0.0,19.6,0.4,5.8,1.3,6.2,0.9,4.9,2.2,0.4,3.1,1.8,1.8,0.4,0.0,1.3,4.9,1.3,0.0,1.8,1.3,1.3,12.0,5.3,1.8,4.4,0.0,2.7,3.6,3.1,0.9,6.7,2.7,2.2,0.0,0.4,0.9,4.4,2.2,0.9,0.0,0.0,44.5,2.7,2.2,0.0,0.0,0.0,0.0,0.0,0.0,0.0,0.0,0.0,0.0,0.0,0.0,0.0,0.0,0.0,0.0,0.0,0.0,0.0,0.0,0.0,0.0,0.0,0.0,0.0,0.0,0.0,0.0,0.0,0.0,0.0,0.0,0.0,0.0,0.0,0.0,0.0,0.0,0.0,0.0,0.0,0.0,0.0,0.0,0.0,0.0,0.0,0.0,0.0,0.0
2026-01-23 16:44:39,3.6,25.0,running,0.9,1.3,22.8,0.9,4.0,1.8,3.6,2.7,4.9,2.2,1.3,0.4,1.3,8.0,0.4,3.1,1.8,1.8,1.3,1.3,4.0,0.4,0.9,12.2,5.8,4.0,4.9,1.3,1.8,0.0,3.1,0.0,9.7,1.6,4.0,0.0,0.4,2.2,0.4,3.1,0.4,1.8,0.0,40.9,4.0,0.0,0.9,0.0,0.0,0.0,0.0,0.0,0.0,0.0,0.0,0.0,0.0,0.0,0.0,0.0,0.0,0.0,0.0,0.0,0.0,0.0,0.0,0.0,0.0,0.0,0.0,0.0,0.0,0.0,0.0,0.0,0.0,0.0,0.0,0.0,0.0,0.0,0.0,0.0,0.0,0.0,0.0,0.0,0.0,0.0,0.0,0.0,0.0,0.0,0.0,0.0
2026-01-23 16:44:43,3.1,31.2,running,0.4,0.4,17.0,0.4,4.0,0.4,4.9,0.4,4.0,5.8,5.3,0.5,1.3,4.9,4.9,2.3,1.8,1.3,1.3,2.2,4.4,2.2,1.3,12.9,0.4,4.0,5.3,2.2,2.6,3.1,0.4,2.2,8.9,4.5,2.7,0.0,2.2,0.9,0.0,0.0,31.1,0.9,3.1,11.7,2.2,1.3,0.0,0.0,0.0,0.0,0.0,0.0,0.0,0.0,0.0,0.0,0.0,0.0,0.0,0.0,0.0,0.0,0.0,0.0,0.0,0.0,0.0,0.0,0.0,0.0,0.0,0.0,0.0,0.0,0.0,0.0,0.0,0.0,0.0,0.0,0.0,0.0,0.0,0.0,0.0,0.0,0.0,0.0,0.0,0.0,0.0,0.0,0.0,0.0,0.0,0.0
2026-01-23 16:44:46,3.2,28.1,running,3.1,0.9,20.8,0.0,1.8,0.0,2.7,0.9,1.8,2.2,4.9,0.4,1.3,1.4,0.5,1.8,1.3,0.9,2.3,0.5,2.2,1.4,4.9,12.4,4.9,1.8,4.0,4.1,1.8,0.0,3.1,2.7,0.9,3.4,3.6,3.2,0.0,0.4,2.7,0.9,25.7,1.3,3.2,16.4,3.7,1.4,1.4,0.4,0.0,0.0,0.0,0.0,0.0,0.0,0.0,0.0,0.0,0.0,0.0,0.0,0.0,0.0,0.0,0.0,0.0,0.0,0.0,0.0,0.0,0.0,0.0,0.0,0.0,0.0,0.0,0.0,0.0,0.0,0.0,0.0,0.0,0.0,0.0,0.0,0.0,0.0,0.0,0.0,0.0,0.0,0.0,0.0,0.0,0.0,0.0,0.0
2026-01-23 16:44:50,3.3,31.2,running,5.3,0.4,23.0,2.2,8.0,0.0,5.8,1.3,4.4,2.7,2.2,1.7,1.3,1.3,1.3,0.0,1.3,0.9,3.5,3.4,1.8,0.4,1.8,12.2,4.0,2.7,1.8,0.9,1.8,0.0,0.9,0.5,4.9,3.5,4.8,1.3,0.0,1.8,1.7,1.3,0.9,0.9,0.0,44.0,3.4,0.0,0.9,0.0,0.0,0.0,0.0,0.0,0.0,0.0,0.0,0.0,0.0,0.0,0.0,0.0,0.0,0.0,0.0,0.0,0.0,0.0,0.0,0.0,0.0,0.0,0.0,0.0,0.0,0.0,0.0,0.0,0.0,0.0,0.0,0.0,0.0,0.0,0.0,0.0,0.0,0.0,0.0,0.0,0.0,0.0,0.0,0.0,0.0,0.0,0.0,0.0
2026-01-23 16:44:53,3.4,21.9,running,3.1,3.1,16.9,0.9,2.2,1.3,4.0,2.2,4.4,3.1,7.6,1.8,0.9,1.8,0.4,0.0,1.3,3.1,1.3,0.9,0.9,0.4,2.7,11.1,3.1,0.4,3.6,2.2,1.3,0.0,1.8,4.0,4.9,0.4,4.4,2.7,1.3,1.3,0.4,0.9,37.4,0.4,2.7,6.3,4.4,0.4,1.8,0.0,0.0,0.0,0.0,0.0,0.0,0.0,0.0,0.0,0.0,0.0,0.0,0.0,0.0,0.0,0.0,0.0,0.0,0.0,0.0,0.0,0.0,0.0,0.0,0.0,0.0,0.0,0.0,0.0,0.0,0.0,0.0,0.0,0.0,0.0,0.0,0.0,0.0,0.0,0.0,0.0,0.0,0.0,0.0,0.0,0.0,0.0,0.0,0.0
2026-01-23 16:44:57,3.6,43.7,running,3.6,1.8,20.4,0.9,9.4,0.4,4.4,0.4,6.2,3.6,2.7,4.0,2.2,0.4,0.9,1.4,1.3,0.0,1.3,8.0,1.8,0.9,1.3,13.9,1.8,0.4,2.7,2.2,0.9,0.4,2.2,0.9,4.0,4.0,1.3,0.4,0.9,2.2,3.6,1.3,24.7,1.8,1.8,19.6,3.6,1.3,1.8,0.4,0.0,0.0,0.0,0.0,0.0,0.0,0.0,0.0,0.0,0.0,0.0,0.0,0.0,0.0,0.0,0.0,0.0,0.0,0.0,0.0,0.0,0.0,0.0,0.0,0.0,0.0,0.0,0.0,0.0,0.0,0.0,0.0,0.0,0.0,0.0,0.0,0.0,0.0,0.0,0.0,0.0,0.0,0.0,0.0,0.0,0.0,0.0,0.0
2026-01-23 16:45:00,3.4,40.6,running,0.0,0.4,21.8,1.3,3.6,0.5,2.2,1.3,5.4,3.1,3.6,0.0,2.7,5.8,0.9,1.3,4.0,2.2,1.8,2.2,1.8,0.0,5.8,15.6,1.4,0.9,5.8,0.0,1.3,2.7,1.3,6.6,5.7,2.7,0.9,1.8,0.0,0.4,1.3,1.3,1.3,0.9,0.0,44.0,0.9,2.2,1.3,0.0,0.0,0.0,0.0,0.0,0.0,0.0,0.0,0.0,0.0,0.0,0.0,0.0,0.0,0.0,0.0,0.0,0.0,0.0,0.0,0.0,0.0,0.0,0.0,0.0,0.0,0.0,0.0,0.0,0.0,0.0,0.0,0.0,0.0,0.0,0.0,0.0,0.0,0.0,0.0,0.0,0.0,0.0,0.0,0.0,0.0,0.0,0.0,0.0
2026-01-23 16:45:04,3.4,28.1,running,1.8,0.0,24.1,1.8,7.0,2.4,5.3,2.7,3.1,0.4,2.2,0.4,0.9,3.6,0.0,0.4,1.3,1.8,0.4,2.7,1.8,0.0,3.1,13.3,2.2,1.3,4.0,1.8,4.4,1.8,0.9,1.8,2.2,2.2,8.4,2.7,1.3,0.9,1.3,0.9,44.9,0.0,2.2,2.7,4.4,0.0,0.0,0.0,0.0,0.0,0.0,0.0,0.0,0.0,0.0,0.0,0.0,0.0,0.0,0.0,0.0,0.0,0.0,0.0,0.0,0.0,0.0,0.0,0.0,0.0,0.0,0.0,0.0,0.0,0.0,0.0,0.0,0.0,0.0,0.0,0.0,0.0,0.0,0.0,0.0,0.0,0.0,0.0,0.0,0.0,0.0,0.0,0.0,0.0,0.0,0.0
2026-01-23 16:45:07,3.4,18.7,running,5.8,0.9,19.2,0.9,5.4,3.5,6.7,0.0,4.0,0.0,1.8,0.0,3.6,1.8,6.2,0.4,1.8,1.3,1.3,0.0,1.8,0.9,2.7,13.3,1.3,0.9,3.1,0.0,3.6,5.8,0.0,1.8,7.1,2.9,0.9,0.4,0.4,0.4,0.9,3.1,44.0,0.0,1.3,0.4,3.1,0.0,2.7,0.4,0.0,0.0,0.0,0.0,0.0,0.0,0.0,0.0,0.0,0.0,0.0,0.0,0.0,0.0,0.0,0.0,0.0,0.0,0.0,0.0,0.0,0.0,0.0,0.0,0.0,0.0,0.0,0.0,0.0,0.0,0.0,0.0,0.0,0.0,0.0,0.0,0.0,0.0,0.0,0.0,0.0,0.0,0.0,0.0,0.0,0.0,0.0,0.0
2026-01-23 16:45:11,3.5,34.3,running,3.1,2.2,26.4,0.9,7.2,0.9,7.1,2.7,3.6,0.9,4.5,2.7,2.7,1.3,1.3,0.0,3.1,5.3,0.4,0.9,2.2,0.9,0.9,12.0,2.7,4.0,1.3,0.0,3.5,2.7,7.5,0.4,7.1,0.0,0.4,2.2,0.4,0.4,0.0,0.4,30.2,1.3,3.1,19.9,2.7,0.0,0.4,0.4,0.0,0.0,0.0,0.0,0.0,0.0,0.0,0.0,0.0,0.0,0.0,0.0,0.0,0.0,0.0,0.0,0.0,0.0,0.0,0.0,0.0,0.0,0.0,0.0,0.0,0.0,0.0,0.0,0.0,0.0,0.0,0.0,0.0,0.0,0.0,0.0,0.0,0.0,0.0,0.0,0.0,0.0,0.0,0.0,0.0,0.0,0.0,0.0
2026-01-23 16:45:14,3.4,21.9,running,3.6,0.9,25.9,1.3,9.4,2.7,9.0,0.0,4.0,0.9,1.8,0.0,2.7,1.3,5.8,0.4,2.2,3.1,2.2,2.7,4.9,0.0,3.6,13.9,8.5,0.0,3.1,0.0,3.2,0.0,2.7,0.0,7.1,2.0,3.6,1.3,1.8,1.8,1.8,0.0,37.3,0.0,0.9,0.9,3.5,1.3,1.8,0.0,0.0,0.0,0.0,0.0,0.0,0.0,0.0,0.0,0.0,0.0,0.0,0.0,0.0,0.0,0.0,0.0,0.0,0.0,0.0,0.0,0.0,0.0,0.0,0.0,0.0,0.0,0.0,0.0,0.0,0.0,0.0,0.0,0.0,0.0,0.0,0.0,0.0,0.0,0.0,0.0,0.0,0.0,0.0,0.0,0.0,0.0,0.0,0.0
2026-01-23 16:45:18,3.8,28.1,running,5.3,0.0,19.9,1.3,5.7,2.7,3.1,0.4,2.7,0.0,1.3,1.3,0.4,1.3,0.4,0.0,1.3,1.8,0.0,4.0,4.0,1.3,2.3,13.2,6.6,0.9,4.4,0.0,2.2,1.3,0.4,1.3,4.9,3.8,0.9,0.4,0.0,0.9,6.7,0.9,45.1,0.0,3.1,0.9,4.4,4.4,2.2,0.4,0.0,0.0,0.0,0.0,0.0,0.0,0.0,0.0,0.0,0.0,0.0,0.0,0.0,0.0,0.0,0.0,0.0,0.0,0.0,0.0,0.0,0.0,0.0,0.0,0.0,0.0,0.0,0.0,0.0,0.0,0.0,0.0,0.0,0.0,0.0,0.0,0.0,0.0,0.0,0.0,0.0,0.0,0.0,0.0,0.0,0.0,0.0,0.0
2026-01-23 16:45:21,3.2,28.1,running,0.4,1.3,20.9,0.0,4.5,0.9,3.6,1.3,2.7,1.8,5.3,0.9,5.8,0.9,0.4,1.3,0.4,1.3,3.1,2.7,1.3,0.9,3.5,10.3,6.7,0.9,3.5,0.0,0.4,0.9,0.0,0.4,5.3,2.2,0.9,0.0,1.8,0.0,3.1,0.0,27.8,0.4,7.6,16.5,1.3,0.0,1.3,0.4,0.0,0.0,0.0,0.0,0.0,0.0,0.0,0.0,0.0,0.0,0.0,0.0,0.0,0.0,0.0,0.0,0.0,0.0,0.0,0.0,0.0,0.0,0.0,0.0,0.0,0.0,0.0,0.0,0.0,0.0,0.0,0.0,0.0,0.0,0.0,0.0,0.0,0.0,0.0,0.0,0.0,0.0,0.0,0.0,0.0,0.0,0.0,0.0
2026-01-23 16:45:25,3.5,25.0,running,1.8,1.3,15.9,4.4,4.0,0.9,6.2,4.0,3.5,0.4,4.0,3.6,5.8,2.2,1.3,2.2,2.2,3.9,2.2,0.9,2.7,0.4,0.9,13.7,3.6,0.0,3.1,0.9,1.3,0.4,3.1,0.0,4.8,0.4,0.0,0.0,0.0,0.9,0.9,0.0,0.0,0.4,0.4,43.6,5.3,1.3,0.9,0.0,0.0,0.0,0.0,0.0,0.0,0.0,0.0,0.0,0.0,0.0,0.0,0.0,0.0,0.0,0.0,0.0,0.0,0.0,0.0,0.0,0.0,0.0,0.0,0.0,0.0,0.0,0.0,0.0,0.0,0.0,0.0,0.0,0.0,0.0,0.0,0.0,0.0,0.0,0.0,0.0,0.0,0.0,0.0,0.0,0.0,0.0,0.0,0.0
2026-01-23 16:45:29,3.0,31.2,running,0.0,0.9,21.4,0.0,4.5,0.9,2.7,0.0,1.8,1.4,3.1,0.9,3.6,0.0,1.8,0.0,1.8,2.2,3.6,0.0,1.8,0.0,1.8,11.6,3.1,0.0,0.9,2.8,2.2,1.9,0.9,0.5,2.2,1.4,2.7,0.0,2.4,0.4,4.5,0.0,38.9,0.0,4.0,7.1,0.9,0.9,6.8,0.0,0.0,0.0,0.0,0.0,0.0,0.0,0.0,0.0,0.0,0.0,0.0,0.0,0.0,0.0,0.0,0.0,0.0,0.0,0.0,0.0,0.0,0.0,0.0,0.0,0.0,0.0,0.0,0.0,0.0,0.0,0.0,0.0,0.0,0.0,0.0,0.0,0.0,0.0,0.0,0.0,0.0,0.0,0.0,0.0,0.0,0.0,0.0,0.0
2026-01-23 16:45:32,3.5,25.0,running,5.8,1.3,20.0,0.4,6.2,0.0,4.0,2.7,4.5,2.7,2.2,2.1,5.4,2.1,0.4,2.1,1.3,1.3,1.8,1.3,0.0,0.0,2.2,10.7,3.6,0.0,7.5,0.0,1.8,0.0,0.9,0.0,8.0,1.2,4.5,0.0,2.1,1.3,3.5,2.1,24.6,0.0,4.4,17.0,4.9,0.0,2.2,0.0,0.0,0.0,0.0,0.0,0.0,0.0,0.0,0.0,0.0,0.0,0.0,0.0,0.0,0.0,0.0,0.0,0.0,0.0,0.0,0.0,0.0,0.0,0.0,0.0,0.0,0.0,0.0,0.0,0.0,0.0,0.0,0.0,0.0,0.0,0.0,0.0,0.0,0.0,0.0,0.0,0.0,0.0,0.0,0.0,0.0,0.0,0.0,0.0
2026-01-23 16:45:36,3.5,28.1,running,4.0,2.7,24.1,6.2,3.6,1.8,3.1,5.8,1.3,1.8,0.9,4.5,1.3,0.9,0.4,0.0,1.3,3.1,0.0,0.4,2.7,0.0,3.6,16.1,1.3,1.3,4.0,0.4,1.3,0.0,0.4,0.0,4.4,0.9,3.6,3.1,1.3,0.0,3.9,0.0,0.4,3.1,1.8,42.4,3.1,0.0,3.6,0.4,0.0,0.0,0.0,0.0,0.0,0.0,0.0,0.0,0.0,0.0,0.0,0.0,0.0,0.0,0.0,0.0,0.0,0.0,0.0,0.0,0.0,0.0,0.0,0.0,0.0,0.0,0.0,0.0,0.0,0.0,0.0,0.0,0.0,0.0,0.0,0.0,0.0,0.0,0.0,0.0,0.0,0.0,0.0,0.0,0.0,0.0,0.0,0.0
2026-01-23 16:45:39,3.4,31.2,running,1.3,0.4,23.5,0.0,2.7,2.7,4.0,0.4,2.2,1.3,2.7,0.0,4.5,0.0,1.3,0.4,1.3,1.8,4.8,1.3,0.4,0.9,7.5,12.5,3.1,3.1,4.5,3.1,2.2,0.4,0.9,0.0,6.6,0.0,0.9,3.2,0.4,0.9,0.9,0.9,37.6,2.2,8.8,1.3,0.9,1.8,0.9,0.0,0.0,0.0,0.0,0.0,0.0,0.0,0.0,0.0,0.0,0.0,0.0,0.0,0.0,0.0,0.0,0.0,0.0,0.0,0.0,0.0,0.0,0.0,0.0,0.0,0.0,0.0,0.0,0.0,0.0,0.0,0.0,0.0,0.0,0.0,0.0,0.0,0.0,0.0,0.0,0.0,0.0,0.0,0.0,0.0,0.0,0.0,0.0,0.0
2026-01-23 16:45:43,4.0,34.3,running,0.9,4.9,20.1,1.0,1.3,0.9,5.8,0.4,4.4,2.7,5.3,1.3,8.5,1.3,2.2,0.0,3.5,1.7,1.8,0.9,0.4,0.0,2.7,11.5,3.1,2.2,3.1,3.6,4.4,0.0,1.0,0.0,8.4,0.0,0.4,3.6,0.9,1.3,0.9,1.8,41.5,2.2,4.0,2.2,4.4,0.0,3.1,0.4,0.0,0.0,0.0,0.0,0.0,0.0,0.0,0.0,0.0,0.0,0.0,0.0,0.0,0.0,0.0,0.0,0.0,0.0,0.0,0.0,0.0,0.0,0.0,0.0,0.0,0.0,0.0,0.0,0.0,0.0,0.0,0.0,0.0,0.0,0.0,0.0,0.0,0.0,0.0,0.0,0.0,0.0,0.0,0.0,0.0,0.0,0.0,0.0
2026-01-23 16:45:46,2.6,28.1,running,1.8,0.4,13.8,0.0,2.7,0.0,4.0,2.2,1.8,2.2,2.7,0.0,1.8,3.1,10.2,1.3,1.3,0.0,0.4,2.2,1.3,0.0,4.4,14.2,0.9,0.4,3.6,0.0,5.8,1.3,3.7,0.0,4.4,3.2,4.4,0.0,0.4,0.4,1.3,1.8,41.3,1.3,7.1,1.3,1.3,2.2,0.0,0.4,0.0,0.0,0.0,0.0,0.0,0.0,0.0,0.0,0.0,0.0,0.0,0.0,0.0,0.0,0.0,0.0,0.0,0.0,0.0,0.0,0.0,0.0,0.0,0.0,0.0,0.0,0.0,0.0,0.0,0.0,0.0,0.0,0.0,0.0,0.0,0.0,0.0,0.0,0.0,0.0,0.0,0.0,0.0,0.0,0.0,0.0,0.0,0.0
2026-01-23 16:45:50,3.8,43.7,running,0.4,4.0,23.2,0.9,3.5,0.9,4.4,3.1,8.0,0.0,0.4,1.8,2.2,3.1,1.3,0.0,1.8,0.4,4.5,4.0,0.9,0.9,4.5,11.7,3.6,0.9,3.5,0.0,1.3,3.1,2.7,0.0,5.4,0.5,2.2,1.8,0.4,0.0,0.4,0.9,43.6,0.5,5.3,0.9,1.3,1.3,6.2,0.9,0.0,0.0,0.0,0.0,0.0,0.0,0.0,0.0,0.0,0.0,0.0,0.0,0.0,0.0,0.0,0.0,0.0,0.0,0.0,0.0,0.0,0.0,0.0,0.0,0.0,0.0,0.0,0.0,0.0,0.0,0.0,0.0,0.0,0.0,0.0,0.0,0.0,0.0,0.0,0.0,0.0,0.0,0.0,0.0,0.0,0.0,0.0,0.0
2026-01-23 16:45:53,3.5,28.1,running,0.0,0.9,17.4,2.2,4.0,0.0,3.5,1.8,5.3,0.0,1.8,1.3,2.2,5.4,2.7,0.0,1.3,1.8,0.4,3.1,0.9,0.4,6.7,10.7,1.8,4.5,5.8,0.4,6.2,0.0,3.1,0.0,4.9,4.6,1.3,0.0,3.6,0.4,0.4,2.2,16.2,0.0,0.0,31.4,3.1,0.4,0.0,0.4,0.0,0.0,0.0,0.0,0.0,0.0,0.0,0.0,0.0,0.0,0.0,0.0,0.0,0.0,0.0,0.0,0.0,0.0,0.0,0.0,0.0,0.0,0.0,0.0,0.0,0.0,0.0,0.0,0.0,0.0,0.0,0.0,0.0,0.0,0.0,0.0,0.0,0.0,0.0,0.0,0.0,0.0,0.0,0.0,0.0,0.0,0.0,0.0
2026-01-23 16:45:57,3.9,21.9,running,0.9,1.8,20.1,0.4,4.9,0.9,5.8,0.0,3.5,2.2,1.3,5.4,2.2,3.1,0.0,1.3,0.9,0.4,0.9,0.0,0.0,0.9,0.9,11.9,2.7,2.7,9.3,0.4,3.9,0.0,1.8,0.0,4.0,3.8,1.8,1.8,0.0,0.0,1.8,3.6,2.2,3.1,0.4,50.4,1.8,0.9,0.4,0.4,0.0,0.0,0.0,0.0,0.0,0.0,0.0,0.0,0.0,0.0,0.0,0.0,0.0,0.0,0.0,0.0,0.0,0.0,0.0,0.0,0.0,0.0,0.0,0.0,0.0,0.0,0.0,0.0,0.0,0.0,0.0,0.0,0.0,0.0,0.0,0.0,0.0,0.0,0.0,0.0,0.0,0.0,0.0,0.0,0.0,0.0,0.0,0.0
2026-01-23 16:46:00,3.8,34.3,running,0.9,0.4,25.1,0.0,5.8,0.0,4.9,0.4,2.7,1.3,0.9,0.0,2.7,3.2,0.0,0.4,1.8,2.7,1.8,4.4,1.8,0.0,0.9,11.9,3.1,2.2,2.2,1.8,5.4,0.0,1.3,0.0,4.9,0.9,3.6,0.0,0.0,0.0,0.4,2.7,0.9,5.4,1.8,40.9,5.8,0.4,4.0,0.0,0.0,0.0,0.0,0.0,0.0,0.0,0.0,0.0,0.0,0.0,0.0,0.0,0.0,0.0,0.0,0.0,0.0,0.0,0.0,0.0,0.0,0.0,0.0,0.0,0.0,0.0,0.0,0.0,0.0,0.0,0.0,0.0,0.0,0.0,0.0,0.0,0.0,0.0,0.0,0.0,0.0,0.0,0.0,0.0,0.0,0.0,0.0,0.0
2026-01-23 16:46:04,2.9,31.2,running,1.3,0.0,18.3,1.8,4.4,0.4,1.3,0.0,0.0,1.8,3.1,0.0,0.9,2.6,2.2,1.3,2.2,7.5,1.3,0.9,0.4,0.0,1.8,13.4,2.6,3.6,2.7,0.0,2.7,0.0,0.9,0.0,4.4,0.9,3.6,1.8,0.0,0.9,0.9,1.8,2.7,0.4,0.9,38.9,4.9,0.9,7.6,0.0,0.0,0.0,0.0,0.0,0.0,0.0,0.0,0.0,0.0,0.0,0.0,0.0,0.0,0.0,0.0,0.0,0.0,0.0,0.0,0.0,0.0,0.0,0.0,0.0,0.0,0.0,0.0,0.0,0.0,0.0,0.0,0.0,0.0,0.0,0.0,0.0,0.0,0.0,0.0,0.0,0.0,0.0,0.0,0.0,0.0,0.0,0.0,0.0
2026-01-23 16:46:07,3.3,34.3,running,1.8,0.9,21.4,0.4,3.1,2.2,1.8,0.4,5.3,1.3,3.6,4.0,0.9,4.4,3.1,2.2,2.2,0.4,0.0,0.0,1.3,1.3,2.2,13.0,2.7,0.0,5.3,1.3,4.0,0.0,2.2,0.0,2.2,3.6,3.3,5.3,0.4,0.4,0.9,1.8,18.7,1.3,1.8,27.7,2.2,2.2,3.6,0.9,0.0,0.0,0.0,0.0,0.0,0.0,0.0,0.0,0.0,0.0,0.0,0.0,0.0,0.0,0.0,0.0,0.0,0.0,0.0,0.0,0.0,0.0,0.0,0.0,0.0,0.0,0.0,0.0,0.0,0.0,0.0,0.0,0.0,0.0,0.0,0.0,0.0,0.0,0.0,0.0,0.0,0.0,0.0,0.0,0.0,0.0,0.0,0.0
2026-01-23 16:46:11,3.7,18.7,running,3.5,4.0,27.4,2.2,6.7,1.8,5.8,0.4,4.0,3.1,2.7,1.3,1.8,1.3,0.4,0.4,0.4,4.0,1.3,1.8,0.0,0.4,2.2,13.7,2.2,3.5,4.0,0.4,3.5,4.4,0.4,0.0,4.4,3.1,0.4,1.8,0.0,0.9,0.9,0.4,45.1,0.4,6.2,0.0,0.9,1.3,1.3,0.4,0.0,0.0,0.0,0.0,0.0,0.0,0.0,0.0,0.0,0.0,0.0,0.0,0.0,0.0,0.0,0.0,0.0,0.0,0.0,0.0,0.0,0.0,0.0,0.0,0.0,0.0,0.0,0.0,0.0,0.0,0.0,0.0,0.0,0.0,0.0,0.0,0.0,0.0,0.0,0.0,0.0,0.0,0.0,0.0,0.0,0.0,0.0,0.0
2026-01-23 16:46:14,3.7,28.1,running,2.2,5.4,21.2,1.3,6.2,1.3,3.6,0.0,5.4,3.6,2.7,0.4,3.1,1.3,3.2,3.6,1.3,1.3,2.7,4.0,0.9,0.9,1.3,16.1,1.3,5.3,1.3,1.3,0.4,1.3,2.7,0.0,4.4,1.9,0.0,4.0,0.4,0.0,2.2,1.3,5.4,0.0,0.0,38.5,4.4,0.4,2.2,0.0,0.0,0.0,0.0,0.0,0.0,0.0,0.0,0.0,0.0,0.0,0.0,0.0,0.0,0.0,0.0,0.0,0.0,0.0,0.0,0.0,0.0,0.0,0.0,0.0,0.0,0.0,0.0,0.0,0.0,0.0,0.0,0.0,0.0,0.0,0.0,0.0,0.0,0.0,0.0,0.0,0.0,0.0,0.0,0.0,0.0,0.0,0.0,0.0
2026-01-23 16:46:18,3.5,28.1,running,3.6,2.7,22.6,0.4,8.0,4.9,4.9,0.4,2.2,1.3,4.0,0.0,1.8,3.1,6.7,2.7,0.9,0.9,3.6,1.3,2.2,0.9,0.0,13.3,3.1,0.0,3.6,0.9,6.7,2.7,0.4,0.0,4.9,2.2,0.4,1.3,1.3,1.3,5.8,0.4,23.1,0.0,2.2,21.3,2.2,0.9,0.4,0.0,0.0,0.0,0.0,0.0,0.0,0.0,0.0,0.0,0.0,0.0,0.0,0.0,0.0,0.0,0.0,0.0,0.0,0.0,0.0,0.0,0.0,0.0,0.0,0.0,0.0,0.0,0.0,0.0,0.0,0.0,0.0,0.0,0.0,0.0,0.0,0.0,0.0,0.0,0.0,0.0,0.0,0.0,0.0,0.0,0.0,0.0,0.0,0.0
2026-01-23 16:46:21,3.3,25.0,running,1.8,0.0,20.0,2.2,5.4,0.4,2.7,0.4,5.3,0.4,2.7,1.8,2.7,2.2,0.9,2.7,2.2,0.9,0.0,0.0,1.3,0.9,3.6,12.1,5.4,1.8,4.0,4.0,0.9,0.0,0.0,0.0,6.2,4.6,4.0,0.4,1.3,1.8,3.1,1.8,38.1,0.0,4.9,2.2,2.7,0.9,0.9,0.0,0.0,0.0,0.0,0.0,0.0,0.0,0.0,0.0,0.0,0.0,0.0,0.0,0.0,0.0,0.0,0.0,0.0,0.0,0.0,0.0,0.0,0.0,0.0,0.0,0.0,0.0,0.0,0.0,0.0,0.0,0.0,0.0,0.0,0.0,0.0,0.0,0.0,0.0,0.0,0.0,0.0,0.0,0.0,0.0,0.0,0.0,0.0,0.0
2026-01-23 16:46:25,3.7,25.0,running,1.8,1.3,23.1,0.0,5.8,1.3,5.3,0.9,4.4,2.7,1.3,1.8,4.0,0.0,5.4,2.2,2.2,0.9,3.5,3.1,1.8,0.4,0.4,11.2,0.4,6.6,4.0,0.0,2.2,0.9,1.8,0.0,4.0,1.5,2.2,1.8,1.3,3.6,0.9,2.2,0.0,0.0,0.0,42.7,5.3,0.0,0.0,0.4,0.0,0.0,0.0,0.0,0.0,0.0,0.0,0.0,0.0,0.0,0.0,0.0,0.0,0.0,0.0,0.0,0.0,0.0,0.0,0.0,0.0,0.0,0.0,0.0,0.0,0.0,0.0,0.0,0.0,0.0,0.0,0.0,0.0,0.0,0.0,0.0,0.0,0.0,0.0,0.0,0.0,0.0,0.0,0.0,0.0,0.0,0.0,0.0
2026-01-23 16:46:28,3.4,28.1,running,5.4,0.9,24.0,0.0,4.4,1.3,6.3,3.6,2.7,0.5,1.8,0.0,1.8,1.3,4.4,1.3,0.9,2.7,1.3,2.2,0.4,0.0,1.8,14.5,4.0,5.7,3.1,0.0,2.7,2.7,0.9,0.0,4.4,2.1,2.7,0.9,0.0,2.2,4.0,0.0,29.2,0.0,0.4,17.4,0.4,1.4,0.4,0.0,0.0,0.0,0.0,0.0,0.0,0.0,0.0,0.0,0.0,0.0,0.0,0.0,0.0,0.0,0.0,0.0,0.0,0.0,0.0,0.0,0.0,0.0,0.0,0.0,0.0,0.0,0.0,0.0,0.0,0.0,0.0,0.0,0.0,0.0,0.0,0.0,0.0,0.0,0.0,0.0,0.0,0.0,0.0,0.0,0.0,0.0,0.0,0.0
2026-01-23 16:46:32,3.2,28.1,running,3.1,0.0,22.5,0.9,6.7,0.9,2.2,3.1,1.8,1.7,4.0,0.4,2.3,4.0,0.0,0.0,0.0,1.3,0.0,0.0,0.9,0.9,4.0,13.0,0.9,0.9,2.7,2.7,1.8,4.0,1.9,0.0,5.3,0.0,2.7,2.1,2.2,1.3,2.7,0.0,34.5,0.9,5.4,9.3,2.2,0.0,3.1,0.0,0.0,0.0,0.0,0.0,0.0,0.0,0.0,0.0,0.0,0.0,0.0,0.0,0.0,0.0,0.0,0.0,0.0,0.0,0.0,0.0,0.0,0.0,0.0,0.0,0.0,0.0,0.0,0.0,0.0,0.0,0.0,0.0,0.0,0.0,0.0,0.0,0.0,0.0,0.0,0.0,0.0,0.0,0.0,0.0,0.0,0.0,0.0,0.0
2026-01-23 16:46:35,3.6,34.3,running,0.9,1.3,27.4,2.2,6.2,0.9,4.9,0.0,5.8,2.7,0.9,4.0,3.1,0.0,2.2,0.0,1.3,2.2,0.4,5.8,2.2,0.9,1.3,12.4,3.1,2.7,1.8,0.9,2.7,0.0,0.4,0.0,6.6,4.5,4.0,1.8,0.9,0.9,1.8,0.0,2.2,1.8,1.3,40.4,4.0,2.2,0.4,0.0,0.0,0.0,0.0,0.0,0.0,0.0,0.0,0.0,0.0,0.0,0.0,0.0,0.0,0.0,0.0,0.0,0.0,0.0,0.0,0.0,0.0,0.0,0.0,0.0,0.0,0.0,0.0,0.0,0.0,0.0,0.0,0.0,0.0,0.0,0.0,0.0,0.0,0.0,0.0,0.0,0.0,0.0,0.0,0.0,0.0,0.0,0.0,0.0
2026-01-23 16:46:39,3.9,37.5,running,1.8,6.2,22.3,0.4,3.6,4.0,4.4,1.3,5.8,0.9,1.3,2.7,1.8,3.1,7.5,1.8,0.4,2.2,0.4,1.3,1.3,2.2,3.1,12.4,0.4,3.6,3.1,0.4,3.6,3.1,1.8,0.0,10.1,0.9,3.1,0.0,0.0,2.2,0.0,1.8,32.3,0.9,3.6,11.2,0.9,0.4,0.0,0.9,0.0,0.0,0.0,0.0,0.0,0.0,0.0,0.0,0.0,0.0,0.0,0.0,0.0,0.0,0.0,0.0,0.0,0.0,0.0,0.0,0.0,0.0,0.0,0.0,0.0,0.0,0.0,0.0,0.0,0.0,0.0,0.0,0.0,0.0,0.0,0.0,0.0,0.0,0.0,0.0,0.0,0.0,0.0,0.0,0.0,0.0,0.0,0.0
2026-01-23 16:46:42,3.8,28.1,running,3.5,0.0,24.0,2.7,3.6,0.9,6.7,0.4,4.4,1.3,0.4,2.8,4.5,4.5,0.9,1.3,1.3,3.6,2.2,4.0,0.4,0.0,1.3,12.9,4.0,1.8,2.2,0.0,4.0,5.8,1.3,0.0,4.4,3.0,0.9,0.0,3.5,0.0,1.8,1.8,41.1,0.0,4.4,0.0,0.0,0.4,1.8,0.0,0.0,0.0,0.0,0.0,0.0,0.0,0.0,0.0,0.0,0.0,0.0,0.0,0.0,0.0,0.0,0.0,0.0,0.0,0.0,0.0,0.0,0.0,0.0,0.0,0.0,0.0,0.0,0.0,0.0,0.0,0.0,0.0,0.0,0.0,0.0,0.0,0.0,0.0,0.0,0.0,0.0,0.0,0.0,0.0,0.0,0.0,0.0,0.0
2026-01-23 16:46:46,3.6,25.0,running,5.3,0.9,27.4,1.3,4.0,0.4,5.4,3.6,3.1,1.3,3.1,0.4,3.1,0.9,0.9,3.6,3.1,1.8,1.3,0.4,0.0,0.0,1.8,12.1,0.9,5.8,5.8,0.9,4.0,0.4,1.3,0.0,3.6,2.0,3.6,6.7,6.6,1.3,1.8,0.9,42.0,0.4,0.4,1.3,0.4,1.8,3.9,0.0,0.0,0.0,0.0,0.0,0.0,0.0,0.0,0.0,0.0,0.0,0.0,0.0,0.0,0.0,0.0,0.0,0.0,0.0,0.0,0.0,0.0,0.0,0.0,0.0,0.0,0.0,0.0,0.0,0.0,0.0,0.0,0.0,0.0,0.0,0.0,0.0,0.0,0.0,0.0,0.0,0.0,0.0,0.0,0.0,0.0,0.0,0.0,0.0
2026-01-23 16:46:49,3.5,43.7,running,0.4,0.0,19.1,4.4,4.5,0.4,2.2,0.0,1.3,3.1,5.3,1.8,5.8,0.4,0.0,3.1,2.7,1.8,0.0,0.0,1.3,3.0,0.4,10.6,2.7,3.5,1.8,0.0,4.0,0.0,0.0,0.0,6.2,4.0,0.9,0.9,3.2,0.0,4.4,0.0,8.0,3.6,2.7,40.0,4.0,0.4,3.1,0.0,0.0,0.0,0.0,0.0,0.0,0.0,0.0,0.0,0.0,0.0,0.0,0.0,0.0,0.0,0.0,0.0,0.0,0.0,0.0,0.0,0.0,0.0,0.0,0.0,0.0,0.0,0.0,0.0,0.0,0.0,0.0,0.0,0.0,0.0,0.0,0.0,0.0,0.0,0.0,0.0,0.0,0.0,0.0,0.0,0.0,0.0,0.0,0.0
2026-01-23 16:46:53,3.2,40.6,running,1.3,0.9,21.0,0.4,3.6,2.2,4.9,0.5,5.4,0.0,7.2,1.8,1.8,2.2,0.5,0.0,0.9,2.7,2.2,0.4,5.3,0.0,4.0,14.3,4.5,0.0,1.3,0.0,3.1,0.0,2.2,0.0,4.0,1.4,3.1,0.9,3.1,0.9,2.7,0.4,1.8,3.1,0.4,43.1,5.8,0.4,2.2,0.0,0.0,0.0,0.0,0.0,0.0,0.0,0.0,0.0,0.0,0.0,0.0,0.0,0.0,0.0,0.0,0.0,0.0,0.0,0.0,0.0,0.0,0.0,0.0,0.0,0.0,0.0,0.0,0.0,0.0,0.0,0.0,0.0,0.0,0.0,0.0,0.0,0.0,0.0,0.0,0.0,0.0,0.0,0.0,0.0,0.0,0.0,0.0,0.0
2026-01-23 16:46:56,3.1,34.3,running,1.8,1.8,19.1,1.3,5.8,5.3,10.2,2.7,5.4,0.0,7.9,1.8,2.2,0.9,1.8,3.1,0.9,2.2,0.4,0.0,0.0,1.8,1.8,14.7,1.8,1.8,3.6,0.4,2.7,3.1,3.4,0.0,6.7,0.0,2.2,4.4,4.0,0.9,1.8,0.4,2.2,0.0,1.8,36.6,2.7,0.0,1.3,0.0,0.0,0.0,0.0,0.0,0.0,0.0,0.0,0.0,0.0,0.0,0.0,0.0,0.0,0.0,0.0,0.0,0.0,0.0,0.0,0.0,0.0,0.0,0.0,0.0,0.0,0.0,0.0,0.0,0.0,0.0,0.0,0.0,0.0,0.0,0.0,0.0,0.0,0.0,0.0,0.0,0.0,0.0,0.0,0.0,0.0,0.0,0.0,0.0
2026-01-23 16:47:00,3.4,28.1,running,0.0,0.4,22.7,1.3,8.0,3.6,4.9,0.0,5.3,3.1,4.4,3.6,4.0,0.4,4.9,0.9,3.1,1.4,0.4,0.0,2.2,0.0,1.3,12.8,0.9,6.2,1.8,2.7,3.5,0.4,0.0,0.0,4.8,1.7,4.0,1.8,0.0,0.9,3.1,0.9,39.1,0.4,3.2,1.3,3.6,0.0,2.2,0.0,0.0,0.0,0.0,0.0,0.0,0.0,0.0,0.0,0.0,0.0,0.0,0.0,0.0,0.0,0.0,0.0,0.0,0.0,0.0,0.0,0.0,0.0,0.0,0.0,0.0,0.0,0.0,0.0,0.0,0.0,0.0,0.0,0.0,0.0,0.0,0.0,0.0,0.0,0.0,0.0,0.0,0.0,0.0,0.0,0.0,0.0,0.0,0.0
2026-01-23 16:47:03,3.6,34.3,running,0.9,2.2,21.8,0.0,2.7,1.8,3.6,0.9,4.5,0.9,4.0,2.2,2.7,2.2,3.6,0.9,1.3,2.1,1.8,0.0,0.4,0.4,0.0,11.6,1.8,1.3,6.7,1.8,2.7,1.9,2.2,0.4,6.2,2.9,0.4,0.0,0.4,0.4,0.0,1.8,21.3,2.6,2.2,26.1,1.8,1.8,2.2,0.0,0.0,0.0,0.0,0.0,0.0,0.0,0.0,0.0,0.0,0.0,0.0,0.0,0.0,0.0,0.0,0.0,0.0,0.0,0.0,0.0,0.0,0.0,0.0,0.0,0.0,0.0,0.0,0.0,0.0,0.0,0.0,0.0,0.0,0.0,0.0,0.0,0.0,0.0,0.0,0.0,0.0,0.0,0.0,0.0,0.0,0.0,0.0,0.0
2026-01-23 16:47:07,3.7,28.1,running,2.2,1.8,17.3,0.0,1.3,1.3,4.9,0.0,4.0,1.8,3.1,1.8,4.0,3.6,4.9,0.9,0.9,0.0,4.0,0.0,4.0,0.4,2.7,11.3,3.6,0.0,2.2,0.9,0.0,1.2,4.0,0.9,6.7,2.1,4.4,0.0,0.4,0.4,0.0,1.3,7.6,1.3,0.0,39.7,3.6,2.7,0.0,0.4,0.0,0.0,0.0,0.0,0.0,0.0,0.0,0.0,0.0,0.0,0.0,0.0,0.0,0.0,0.0,0.0,0.0,0.0,0.0,0.0,0.0,0.0,0.0,0.0,0.0,0.0,0.0,0.0,0.0,0.0,0.0,0.0,0.0,0.0,0.0,0.0,0.0,0.0,0.0,0.0,0.0,0.0,0.0,0.0,0.0,0.0,0.0,0.0
2026-01-23 16:47:10,3.4,25.0,running,0.9,4.0,20.8,0.4,5.8,0.9,3.6,1.3,1.8,0.4,2.2,0.9,4.0,4.0,1.3,3.1,2.2,0.9,0.9,0.9,2.2,0.4,1.3,11.1,0.9,5.3,7.0,0.0,2.2,3.1,0.4,0.0,2.7,5.8,0.4,1.8,4.0,0.4,0.9,2.2,42.2,3.1,7.5,0.9,1.8,1.3,0.9,0.0,0.0,0.0,0.0,0.0,0.0,0.0,0.0,0.0,0.0,0.0,0.0,0.0,0.0,0.0,0.0,0.0,0.0,0.0,0.0,0.0,0.0,0.0,0.0,0.0,0.0,0.0,0.0,0.0,0.0,0.0,0.0,0.0,0.0,0.0,0.0,0.0,0.0,0.0,0.0,0.0,0.0,0.0,0.0,0.0,0.0,0.0,0.0,0.0
2026-01-23 16:47:14,3.2,34.3,running,0.9,1.3,20.1,1.3,5.3,1.3,5.3,0.0,3.1,3.1,3.1,0.4,1.8,4.0,1.3,0.0,1.8,0.4,1.8,0.0,0.0,1.8,3.1,13.8,2.2,0.0,3.1,2.7,1.3,4.4,0.4,0.4,4.4,3.1,3.6,1.3,1.3,1.8,1.3,1.3,47.1,1.3,4.4,0.0,1.8,0.0,0.9,0.0,0.0,0.0,0.0,0.0,0.0,0.0,0.0,0.0,0.0,0.0,0.0,0.0,0.0,0.0,0.0,0.0,0.0,0.0,0.0,0.0,0.0,0.0,0.0,0.0,0.0,0.0,0.0,0.0,0.0,0.0,0.0,0.0,0.0,0.0,0.0,0.0,0.0,0.0,0.0,0.0,0.0,0.0,0.0,0.0,0.0,0.0,0.0,0.0
2026-01-23 16:47:17,3.8,37.5,running,5.8,2.3,16.1,0.4,1.8,0.5,6.7,0.4,1.8,2.7,2.2,4.4,2.7,1.4,1.8,0.9,0.9,2.2,0.9,2.2,2.3,1.3,5.0,11.1,2.2,10.3,0.9,0.0,1.3,1.3,1.3,6.7,4.9,1.8,2.7,0.4,0.9,1.8,0.9,0.0,41.8,2.0,5.8,0.4,1.8,0.0,1.3,0.4,0.0,0.0,0.0,0.0,0.0,0.0,0.0,0.0,0.0,0.0,0.0,0.0,0.0,0.0,0.0,0.0,0.0,0.0,0.0,0.0,0.0,0.0,0.0,0.0,0.0,0.0,0.0,0.0,0.0,0.0,0.0,0.0,0.0,0.0,0.0,0.0,0.0,0.0,0.0,0.0,0.0,0.0,0.0,0.0,0.0,0.0,0.0,0.0
2026-01-23 16:47:21,3.8,25.0,running,1.3,1.3,24.8,0.9,4.0,0.9,5.8,0.0,5.3,3.1,4.5,1.8,2.7,0.0,0.0,0.0,1.3,2.2,2.7,0.0,3.1,2.2,1.8,11.6,3.1,3.1,3.6,2.7,1.3,1.8,1.8,3.6,2.7,4.9,3.1,2.2,2.2,1.3,2.2,1.3,39.1,0.8,2.7,0.4,2.2,0.0,0.4,0.0,0.0,0.0,0.0,0.0,0.0,0.0,0.0,0.0,0.0,0.0,0.0,0.0,0.0,0.0,0.0,0.0,0.0,0.0,0.0,0.0,0.0,0.0,0.0,0.0,0.0,0.0,0.0,0.0,0.0,0.0,0.0,0.0,0.0,0.0,0.0,0.0,0.0,0.0,0.0,0.0,0.0,0.0,0.0,0.0,0.0,0.0,0.0,0.0
2026-01-23 16:47:24,3.7,34.3,running,2.7,0.0,22.7,0.0,6.7,5.8,3.5,0.0,4.8,0.0,2.2,1.8,4.4,0.4,1.3,0.9,2.2,1.3,3.1,0.4,4.8,0.0,3.1,10.3,4.9,0.0,3.1,0.0,3.6,2.7,4.0,4.5,3.1,0.0,9.2,0.4,1.3,0.0,4.0,1.8,8.0,0.0,3.1,38.5,2.7,0.0,0.4,0.0,0.0,0.0,0.0,0.0,0.0,0.0,0.0,0.0,0.0,0.0,0.0,0.0,0.0,0.0,0.0,0.0,0.0,0.0,0.0,0.0,0.0,0.0,0.0,0.0,0.0,0.0,0.0,0.0,0.0,0.0,0.0,0.0,0.0,0.0,0.0,0.0,0.0,0.0,0.0,0.0,0.0,0.0,0.0,0.0,0.0,0.0,0.0,0.0
2026-01-23 16:47:28,4.2,25.0,running,1.8,0.4,22.3,0.4,6.2,1.3,5.4,3.6,5.8,1.3,0.9,2.7,4.4,4.4,6.2,4.5,2.7,1.8,0.9,0.0,2.7,0.0,1.3,10.2,4.5,0.9,1.3,1.3,3.5,0.4,1.3,1.3,7.1,4.4,2.7,7.6,2.7,0.9,2.2,0.9,0.4,0.0,0.9,41.1,0.4,0.0,5.8,0.0,0.0,0.0,0.0,0.0,0.0,0.0,0.0,0.0,0.0,0.0,0.0,0.0,0.0,0.0,0.0,0.0,0.0,0.0,0.0,0.0,0.0,0.0,0.0,0.0,0.0,0.0,0.0,0.0,0.0,0.0,0.0,0.0,0.0,0.0,0.0,0.0,0.0,0.0,0.0,0.0,0.0,0.0,0.0,0.0,0.0,0.0,0.0,0.0
2026-01-23 16:47:31,3.4,28.1,running,2.6,0.0,22.9,0.9,5.3,1.8,3.6,2.2,3.1,0.0,2.7,0.0,5.4,3.1,1.8,2.7,1.8,3.1,0.0,0.0,2.2,0.4,3.6,13.0,0.9,3.5,3.1,0.0,3.1,1.3,1.3,0.0,1.8,1.4,0.9,1.3,1.8,0.0,2.2,0.4,3.1,0.4,0.0,44.5,4.9,1.3,1.8,0.4,0.0,0.0,0.0,0.0,0.0,0.0,0.0,0.0,0.0,0.0,0.0,0.0,0.0,0.0,0.0,0.0,0.0,0.0,0.0,0.0,0.0,0.0,0.0,0.0,0.0,0.0,0.0,0.0,0.0,0.0,0.0,0.0,0.0,0.0,0.0,0.0,0.0,0.0,0.0,0.0,0.0,0.0,0.0,0.0,0.0,0.0,0.0,0.0
2026-01-23 16:47:35,3.0,21.9,running,4.9,0.9,14.7,0.9,4.4,1.8,3.1,0.4,2.2,1.8,6.7,3.1,5.3,0.9,0.9,0.0,2.7,0.4,2.2,3.6,2.7,0.9,5.8,11.2,3.6,0.4,5.3,0.0,1.3,0.0,0.0,0.0,6.7,3.0,1.3,0.0,0.4,0.0,4.4,4.9,41.6,0.0,1.8,1.8,0.0,3.1,0.0,0.0,0.0,0.0,0.0,0.0,0.0,0.0,0.0,0.0,0.0,0.0,0.0,0.0,0.0,0.0,0.0,0.0,0.0,0.0,0.0,0.0,0.0,0.0,0.0,0.0,0.0,0.0,0.0,0.0,0.0,0.0,0.0,0.0,0.0,0.0,0.0,0.0,0.0,0.0,0.0,0.0,0.0,0.0,0.0,0.0,0.0,0.0,0.0,0.0
2026-01-23 16:47:38,3.2,34.3,running,3.1,2.2,22.3,0.0,2.2,0.4,3.1,7.7,2.2,0.0,0.9,0.0,1.8,3.6,0.4,5.8,3.1,3.6,0.9,0.4,3.1,1.8,3.1,12.5,1.3,0.4,1.8,0.4,0.4,4.0,1.8,0.4,4.4,2.7,2.7,3.7,0.4,1.3,0.0,1.8,22.2,0.9,2.3,20.4,0.4,2.2,0.4,0.4,0.0,0.0,0.0,0.0,0.0,0.0,0.0,0.0,0.0,0.0,0.0,0.0,0.0,0.0,0.0,0.0,0.0,0.0,0.0,0.0,0.0,0.0,0.0,0.0,0.0,0.0,0.0,0.0,0.0,0.0,0.0,0.0,0.0,0.0,0.0,0.0,0.0,0.0,0.0,0.0,0.0,0.0,0.0,0.0,0.0,0.0,0.0,0.0
2026-01-23 16:47:42,4.2,31.2,running,1.3,0.4,22.3,1.6,5.3,0.9,5.4,0.0,1.3,0.9,2.2,1.8,3.5,3.6,0.9,0.5,0.9,0.0,1.3,2.2,0.9,0.5,0.4,12.9,0.4,7.6,5.3,1.3,3.1,0.5,0.9,0.5,6.6,1.0,5.3,2.3,1.0,1.8,0.5,2.0,4.6,0.0,0.5,44.2,4.0,0.9,3.3,0.0,0.0,0.0,0.0,0.0,0.0,0.0,0.0,0.0,0.0,0.0,0.0,0.0,0.0,0.0,0.0,0.0,0.0,0.0,0.0,0.0,0.0,0.0,0.0,0.0,0.0,0.0,0.0,0.0,0.0,0.0,0.0,0.0,0.0,0.0,0.0,0.0,0.0,0.0,0.0,0.0,0.0,0.0,0.0,0.0,0.0,0.0,0.0,0.0
2026-01-23 16:47:45,4.1,25.0,running,8.4,0.9,19.1,0.4,4.9,1.8,1.8,0.0,3.5,0.4,4.4,5.8,1.8,1.2,1.7,0.8,0.9,0.9,0.4,2.2,1.8,0.0,1.3,12.9,3.5,2.2,2.2,3.6,1.8,1.2,1.3,0.0,6.6,5.1,3.1,3.4,0.8,1.8,2.1,1.2,4.7,1.3,0.0,45.1,3.1,0.8,2.5,0.4,0.0,0.0,0.0,0.0,0.0,0.0,0.0,0.0,0.0,0.0,0.0,0.0,0.0,0.0,0.0,0.0,0.0,0.0,0.0,0.0,0.0,0.0,0.0,0.0,0.0,0.0,0.0,0.0,0.0,0.0,0.0,0.0,0.0,0.0,0.0,0.0,0.0,0.0,0.0,0.0,0.0,0.0,0.0,0.0,0.0,0.0,0.0,0.0
2026-01-23 16:47:49,4.1,25.0,running,2.7,0.0,26.0,2.3,4.0,1.4,5.8,2.3,9.4,4.0,4.0,7.6,5.4,8.0,6.7,1.3,2.7,0.0,3.6,0.0,2.2,3.1,4.5,10.7,2.7,5.8,9.8,3.6,5.8,2.7,9.4,2.7,5.8,3.1,6.3,3.6,1.8,1.3,4.1,4.0,28.1,0.5,3.1,16.9,1.3,1.8,1.3,0.9,0.0,0.0,0.0,0.0,0.0,0.0,0.0,0.0,0.0,0.0,0.0,0.0,0.0,0.0,0.0,0.0,0.0,0.0,0.0,0.0,0.0,0.0,0.0,0.0,0.0,0.0,0.0,0.0,0.0,0.0,0.0,0.0,0.0,0.0,0.0,0.0,0.0,0.0,0.0,0.0,0.0,0.0,0.0,0.0,0.0,0.0,0.0,0.0
2026-01-23 16:47:52,3.1,59.3,running,1.8,2.7,13.4,1.3,1.8,0.4,3.6,0.4,3.2,2.7,2.7,0.4,2.7,1.8,4.0,0.4,2.2,0.0,2.7,0.0,1.3,1.8,2.7,12.1,4.4,0.9,3.6,1.8,1.3,4.0,1.3,0.0,3.6,2.2,2.2,0.9,1.3,1.8,2.7,0.9,20.4,1.2,4.0,33.5,3.6,0.0,0.4,0.0,0.0,0.0,0.0,0.0,0.0,0.0,0.0,0.0,0.0,0.0,0.0,0.0,0.0,0.0,0.0,0.0,0.0,0.0,0.0,0.0,0.0,0.0,0.0,0.0,0.0,0.0,0.0,0.0,0.0,0.0,0.0,0.0,0.0,0.0,0.0,0.0,0.0,0.0,0.0,0.0,0.0,0.0,0.0,0.0,0.0,0.0,0.0,0.0
2026-01-23 16:47:56,0.5,99.9,running,0.0,0.4,2.2,0.0,0.4,1.3,0.0,0.4,1.3,0.0,1.8,0.0,1.3,0.0,0.9,0.0,2.6,0.0,0.0,0.0,0.9,0.4,0.4,9.8,4.0,0.0,1.8,0.0,0.9,0.0,0.9,0.0,1.3,0.0,0.0,0.0,0.0,0.4,0.0,0.4,4.5,0.0,0.4,0.4,0.0,0.0,0.0,0.0,0.0,0.0,0.0,0.0,0.0,0.0,0.0,0.0,0.0,0.0,0.0,0.0,0.0,0.0,0.0,0.0,0.0,0.0,0.0,0.0,0.0,0.0,0.0,0.0,0.0,0.0,0.0,0.0,0.0,0.0,0.0,0.0,0.0,0.0,0.0,0.0,0.0,0.0,0.0,0.0,0.0,0.0,0.0,0.0,0.0,0.0,0.0,0.0
2026-01-23 16:47:59,0.6,99.9,running,0.4,0.0,0.4,0.4,0.4,0.0,1.3,0.0,0.0,0.5,0.4,0.0,0.9,0.0,0.0,0.0,0.9,0.0,0.0,0.0,0.4,0.0,1.3,14.2,0.4,0.0,1.8,0.0,0.9,0.0,0.0,0.0,1.8,0.0,0.9,0.0,0.9,0.0,0.0,0.0,1.3,0.0,0.0,0.0,0.0,0.0,0.0,0.0,0.0,0.0,0.0,0.0,0.0,0.0,0.0,0.0,0.0,0.0,0.0,0.0,0.0,0.0,0.0,0.0,0.0,0.0,0.0,0.0,0.0,0.0,0.0,0.0,0.0,0.0,0.0,0.0,0.0,0.0,0.0,0.0,0.0,0.0,0.0,0.0,0.0,0.0,0.0,0.0,0.0,0.0,0.0,0.0,0.0,0.0,0.0,0.0
2026-01-23 16:48:03,0.7,99.9,running,0.9,0.0,1.3,0.0,0.9,0.0,0.0,0.0,0.0,0.0,0.0,0.0,0.4,0.0,0.9,0.0,2.2,0.0,0.4,0.0,0.0,0.0,0.0,13.4,0.0,0.0,1.8,0.0,1.3,0.0,0.0,0.0,2.7,0.0,0.0,0.0,2.2,0.0,0.9,0.4,2.2,0.4,0.0,0.0,0.0,0.0,0.9,0.0,0.0,0.0,0.0,0.0,0.0,0.0,0.0,0.0,0.0,0.0,0.0,0.0,0.0,0.0,0.0,0.0,0.0,0.0,0.0,0.0,0.0,0.0,0.0,0.0,0.0,0.0,0.0,0.0,0.0,0.0,0.0,0.0,0.0,0.0,0.0,0.0,0.0,0.0,0.0,0.0,0.0,0.0,0.0,0.0,0.0,0.0,0.0,0.0
2026-01-23 16:48:06,0.4,103.0,running,0.0,0.0,1.3,0.4,0.0,0.4,0.0,0.4,0.0,0.4,0.9,0.0,0.0,0.0,0.4,0.0,1.8,0.0,0.4,0.0,0.0,0.0,0.0,11.6,1.8,0.0,2.2,0.0,0.4,0.0,0.0,0.0,4.0,0.0,0.9,0.0,0.0,0.0,0.0,0.0,0.0,0.0,0.0,0.0,0.0,0.0,0.0,0.0,0.0,0.0,0.0,0.0,0.0,0.0,0.0,0.0,0.0,0.0,0.0,0.0,0.0,0.0,0.0,0.0,0.0,0.0,0.0,0.0,0.0,0.0,0.0,0.0,0.0,0.0,0.0,0.0,0.0,0.0,0.0,0.0,0.0,0.0,0.0,0.0,0.0,0.0,0.0,0.0,0.0,0.0,0.0,0.0,0.0,0.0,0.0,0.0
2026-01-23 16:48:10,1.0,99.9,running,0.9,0.4,1.3,0.4,0.4,0.9,0.4,0.4,0.9,0.4,0.4,0.3,0.9,0.4,0.0,0.4,1.8,0.4,0.4,0.0,0.9,0.0,0.9,12.6,0.0,0.0,0.9,0.0,1.8,0.0,0.0,0.0,3.1,0.0,0.0,0.0,0.9,0.0,0.4,0.0,0.9,0.0,0.4,0.0,0.9,0.0,1.3,0.0,0.0,0.0,0.0,0.0,0.0,0.0,0.0,0.0,0.0,0.0,0.0,0.0,0.0,0.0,0.0,0.0,0.0,0.0,0.0,0.0,0.0,0.0,0.0,0.0,0.0,0.0,0.0,0.0,0.0,0.0,0.0,0.0,0.0,0.0,0.0,0.0,0.0,0.0,0.0,0.0,0.0,0.0,0.0,0.0,0.0,0.0,0.0,0.0
2026-01-23 16:48:13,0.5,99.9,running,0.4,0.0,1.3,0.0,0.0,0.0,0.4,0.0,0.0,0.0,0.0,0.0,0.9,0.0,0.0,0.0,1.8,0.0,0.0,0.0,0.4,0.0,1.3,13.8,0.4,0.0,1.3,0.0,0.0,0.0,0.0,0.0,1.8,0.0,0.0,0.0,0.0,0.0,0.0,0.0,0.9,0.0,0.0,0.0,0.0,0.0,1.3,0.0,0.0,0.0,0.0,0.0,0.0,0.0,0.0,0.0,0.0,0.0,0.0,0.0,0.0,0.0,0.0,0.0,0.0,0.0,0.0,0.0,0.0,0.0,0.0,0.0,0.0,0.0,0.0,0.0,0.0,0.0,0.0,0.0,0.0,0.0,0.0,0.0,0.0,0.0,0.0,0.0,0.0,0.0,0.0,0.0,0.0,0.0,0.0,0.0
2026-01-23 16:48:17,0.5,99.9,running,0.4,0.0,0.4,0.0,0.0,1.8,0.0,0.0,0.0,0.0,0.0,0.0,0.9,0.0,0.4,0.0,2.2,0.0,0.0,0.0,0.0,0.0,0.0,12.9,1.8,0.0,0.0,0.0,0.4,0.0,0.0,0.0,2.2,0.0,0.0,0.0,0.0,0.0,0.0,0.0,2.2,0.0,0.0,0.0,0.0,0.0,0.9,0.4,0.0,0.0,0.0,0.0,0.0,0.0,0.0,0.0,0.0,0.0,0.0,0.0,0.0,0.0,0.0,0.0,0.0,0.0,0.0,0.0,0.0,0.0,0.0,0.0,0.0,0.0,0.0,0.0,0.0,0.0,0.0,0.0,0.0,0.0,0.0,0.0,0.0,0.0,0.0,0.0,0.0,0.0,0.0,0.0,0.0,0.0,0.0,0.0
2026-01-23 16:48:20,0.8,99.9,running,0.0,0.4,0.4,0.4,0.0,0.9,0.5,0.0,2.2,0.4,0.4,0.0,0.4,0.0,0.4,0.0,2.6,0.0,1.3,0.0,0.0,0.0,0.4,9.3,4.5,0.0,1.3,0.0,1.3,0.0,0.0,0.0,3.1,0.0,0.9,0.0,0.0,0.0,0.9,0.0,0.4,0.0,0.0,0.0,0.0,0.0,0.0,0.0,0.0,0.0,0.0,0.0,0.0,0.0,0.0,0.0,0.0,0.0,0.0,0.0,0.0,0.0,0.0,0.0,0.0,0.0,0.0,0.0,0.0,0.0,0.0,0.0,0.0,0.0,0.0,0.0,0.0,0.0,0.0,0.0,0.0,0.0,0.0,0.0,0.0,0.0,0.0,0.0,0.0,0.0,0.0,0.0,0.0,0.0,0.0,0.0
2026-01-23 16:48:24,0.7,99.9,running,0.0,0.0,1.3,0.4,0.4,0.4,0.9,0.0,0.9,0.0,0.4,0.4,1.3,0.0,0.9,0.0,1.3,0.3,0.4,0.0,0.4,0.0,1.8,12.1,1.3,0.0,1.3,0.4,0.9,0.0,0.0,0.0,0.4,0.0,0.0,0.0,0.0,0.0,0.0,0.0,0.9,0.0,1.0,0.0,1.0,0.0,0.0,0.0,0.0,0.0,0.0,0.0,0.0,0.0,0.0,0.0,0.0,0.0,0.0,0.0,0.0,0.0,0.0,0.0,0.0,0.0,0.0,0.0,0.0,0.0,0.0,0.0,0.0,0.0,0.0,0.0,0.0,0.0,0.0,0.0,0.0,0.0,0.0,0.0,0.0,0.0,0.0,0.0,0.0,0.0,0.0,0.0,0.0,0.0,0.0,0.0
2026-01-23 16:48:27,0.6,99.9,running,0.4,0.0,0.4,0.0,0.0,0.0,0.0,0.0,0.0,0.0,0.9,0.0,0.9,0.0,0.9,0.0,1.8,0.0,0.0,0.0,0.9,0.0,0.9,12.5,0.9,0.0,1.8,0.0,0.4,0.0,0.0,0.0,1.3,0.0,0.0,0.0,0.0,0.0,0.0,0.0,0.4,0.0,0.0,0.0,0.0,0.0,0.0,0.4,0.0,0.0,0.0,0.0,0.0,0.0,0.0,0.0,0.0,0.0,0.0,0.0,0.0,0.0,0.0,0.0,0.0,0.0,0.0,0.0,0.0,0.0,0.0,0.0,0.0,0.0,0.0,0.0,0.0,0.0,0.0,0.0,0.0,0.0,0.0,0.0,0.0,0.0,0.0,0.0,0.0,0.0,0.0,0.0,0.0,0.0,0.0,0.0
2026-01-23 16:48:31,0.5,99.9,running,0.0,0.0,1.8,0.0,0.0,0.0,0.9,0.0,0.0,0.0,0.4,0.4,0.4,0.0,0.0,0.0,2.6,0.0,0.0,0.0,0.0,0.0,0.9,11.6,1.8,0.0,0.9,0.0,1.3,0.0,0.9,0.0,2.7,0.0,0.4,0.0,0.0,0.0,0.0,0.0,0.9,0.0,0.0,0.0,0.0,0.0,0.0,0.0,0.0,0.0,0.0,0.0,0.0,0.0,0.0,0.0,0.0,0.0,0.0,0.0,0.0,0.0,0.0,0.0,0.0,0.0,0.0,0.0,0.0,0.0,0.0,0.0,0.0,0.0,0.0,0.0,0.0,0.0,0.0,0.0,0.0,0.0,0.0,0.0,0.0,0.0,0.0,0.0,0.0,0.0,0.0,0.0,0.0,0.0,0.0,0.0
2026-01-23 16:48:34,0.4,99.9,running,0.0,0.0,1.3,0.0,0.0,0.0,0.4,0.0,0.0,0.0,0.0,0.0,0.9,0.0,0.0,0.0,0.9,0.0,0.0,0.0,0.0,0.0,0.4,10.3,3.1,0.0,0.9,0.0,0.0,0.0,0.4,0.0,1.3,0.0,0.0,0.0,0.4,0.0,0.9,0.0,1.3,0.0,0.0,0.0,0.0,0.0,0.0,0.0,0.0,0.0,0.0,0.0,0.0,0.0,0.0,0.0,0.0,0.0,0.0,0.0,0.0,0.0,0.0,0.0,0.0,0.0,0.0,0.0,0.0,0.0,0.0,0.0,0.0,0.0,0.0,0.0,0.0,0.0,0.0,0.0,0.0,0.0,0.0,0.0,0.0,0.0,0.0,0.0,0.0,0.0,0.0,0.0,0.0,0.0,0.0,0.0
2026-01-23 16:48:38,0.4,99.8,running,0.9,0.0,0.0,0.0,0.4,0.0,0.0,0.0,0.0,0.0,0.9,0.0,0.9,0.0,0.4,0.0,1.8,0.0,0.0,0.0,0.0,0.0,0.9,9.8,4.0,0.0,1.3,0.0,0.0,0.0,0.9,0.0,2.7,0.0,0.0,0.0,0.0,0.0,0.0,0.0,0.9,0.0,0.0,0.0,0.0,0.0,0.0,0.0,0.0,0.0,0.0,0.0,0.0,0.0,0.0,0.0,0.0,0.0,0.0,0.0,0.0,0.0,0.0,0.0,0.0,0.0,0.0,0.0,0.0,0.0,0.0,0.0,0.0,0.0,0.0,0.0,0.0,0.0,0.0,0.0,0.0,0.0,0.0,0.0,0.0,0.0,0.0,0.0,0.0,0.0,0.0,0.0,0.0,0.0,0.0,0.0
2026-01-23 16:48:41,0.6,99.8,running,0.0,0.0,0.4,0.9,0.4,1.3,0.0,1.4,2.7,0.9,0.4,0.0,0.9,0.0,0.0,0.0,1.8,0.0,0.0,0.0,0.0,0.7,1.3,12.1,0.9,0.0,0.4,0.5,0.0,0.7,0.9,0.7,2.7,0.8,0.4,0.0,1.8,0.4,0.9,0.9,1.8,0.0,0.0,0.0,0.0,0.0,0.0,0.4,0.0,0.0,0.0,0.0,0.0,0.0,0.0,0.0,0.0,0.0,0.0,0.0,0.0,0.0,0.0,0.0,0.0,0.0,0.0,0.0,0.0,0.0,0.0,0.0,0.0,0.0,0.0,0.0,0.0,0.0,0.0,0.0,0.0,0.0,0.0,0.0,0.0,0.0,0.0,0.0,0.0,0.0,0.0,0.0,0.0,0.0,0.0,0.0
2026-01-23 16:48:45,0.6,103.0,running,0.0,0.0,0.4,0.0,0.0,0.4,0.0,0.0,0.0,0.0,0.0,0.0,0.9,0.0,0.0,0.0,2.6,0.0,0.4,0.0,0.0,0.0,0.9,13.3,0.0,0.0,0.9,0.0,0.0,0.0,0.0,0.0,1.8,0.0,0.0,0.0,0.0,0.0,0.0,0.0,1.3,0.0,0.0,0.0,0.0,0.0,0.0,0.0,0.0,0.0,0.0,0.0,0.0,0.0,0.0,0.0,0.0,0.0,0.0,0.0,0.0,0.0,0.0,0.0,0.0,0.0,0.0,0.0,0.0,0.0,0.0,0.0,0.0,0.0,0.0,0.0,0.0,0.0,0.0,0.0,0.0,0.0,0.0,0.0,0.0,0.0,0.0,0.0,0.0,0.0,0.0,0.0,0.0,0.0,0.0,0.0
2026-01-23 16:48:48,1.7,99.9,running,0.9,0.5,2.7,0.0,0.4,1.9,0.4,0.0,0.0,0.5,0.0,0.0,0.9,0.0,0.5,0.0,1.8,0.0,0.5,0.0,1.4,0.0,1.8,12.0,0.9,0.0,0.0,0.0,1.8,0.0,0.5,0.0,4.4,0.0,0.0,0.0,0.0,0.0,0.0,0.0,1.4,0.0,0.6,0.0,0.0,0.0,0.0,0.0,0.0,0.0,0.0,0.0,0.0,0.0,0.0,0.0,0.0,0.0,0.0,0.0,0.0,0.0,0.0,0.0,0.0,0.0,0.0,0.0,0.0,0.0,0.0,0.0,0.0,0.0,0.0,0.0,0.0,0.0,0.0,0.0,0.0,0.0,0.0,0.0,0.0,0.0,0.0,0.0,0.0,0.0,0.0,0.0,0.0,0.0,0.0,0.0
2026-01-23 16:48:52,0.5,96.8,running,0.4,0.0,0.9,0.0,0.4,0.0,0.0,0.0,0.4,0.0,0.9,0.0,1.7,0.0,0.0,0.0,2.6,0.0,0.0,0.0,0.9,0.0,0.4,11.2,2.1,0.0,0.4,0.0,0.0,0.0,0.0,0.0,3.1,0.0,1.3,0.0,0.0,0.0,0.0,0.0,0.4,0.0,0.0,0.0,0.0,0.0,0.0,0.3,0.0,0.0,0.0,0.0,0.0,0.0,0.0,0.0,0.0,0.0,0.0,0.0,0.0,0.0,0.0,0.0,0.0,0.0,0.0,0.0,0.0,0.0,0.0,0.0,0.0,0.0,0.0,0.0,0.0,0.0,0.0,0.0,0.0,0.0,0.0,0.0,0.0,0.0,0.0,0.0,0.0,0.0,0.0,0.0,0.0,0.0,0.0,0.0
2026-01-23 16:48:55,0.4,99.9,running,0.0,0.0,0.0,0.0,0.4,2.2,0.0,0.0,0.0,0.0,0.4,0.0,0.9,0.4,0.0,0.0,2.6,0.0,0.0,0.0,0.0,0.0,1.3,10.8,2.7,0.0,0.9,0.0,1.3,0.0,0.4,0.0,2.2,0.0,0.4,0.0,0.0,0.0,0.4,0.0,1.8,0.0,0.0,0.0,0.0,0.0,0.0,0.0,0.0,0.0,0.0,0.0,0.0,0.0,0.0,0.0,0.0,0.0,0.0,0.0,0.0,0.0,0.0,0.0,0.0,0.0,0.0,0.0,0.0,0.0,0.0,0.0,0.0,0.0,0.0,0.0,0.0,0.0,0.0,0.0,0.0,0.0,0.0,0.0,0.0,0.0,0.0,0.0,0.0,0.0,0.0,0.0,0.0,0.0,0.0,0.0
2026-01-23 16:48:59,0.5,99.9,running,0.0,0.0,0.4,0.0,0.0,0.9,0.4,0.0,0.0,0.0,0.9,0.0,0.9,0.0,0.0,0.0,0.9,0.0,0.9,0.0,1.3,0.0,1.3,11.6,1.8,1.8,0.0,0.0,0.9,0.0,0.0,0.0,0.9,0.0,0.0,0.0,0.0,0.0,0.0,0.0,1.8,0.0,0.0,0.0,0.0,0.0,0.4,0.0,0.0,0.0,0.0,0.0,0.0,0.0,0.0,0.0,0.0,0.0,0.0,0.0,0.0,0.0,0.0,0.0,0.0,0.0,0.0,0.0,0.0,0.0,0.0,0.0,0.0,0.0,0.0,0.0,0.0,0.0,0.0,0.0,0.0,0.0,0.0,0.0,0.0,0.0,0.0,0.0,0.0,0.0,0.0,0.0,0.0,0.0,0.0,0.0
2026-01-23 16:49:02,0.5,99.9,running,0.4,0.0,0.0,0.0,0.0,0.4,0.0,0.0,0.4,0.0,0.0,0.0,0.9,0.0,0.0,0.0,0.0,0.0,0.0,0.0,0.0,0.0,0.4,12.9,0.4,0.0,2.2,0.0,1.3,0.0,0.0,0.0,1.3,0.0,0.0,0.0,0.0,0.0,0.0,0.0,1.3,0.0,0.9,0.0,0.9,0.0,0.0,0.0,0.0,0.0,0.0,0.0,0.0,0.0,0.0,0.0,0.0,0.0,0.0,0.0,0.0,0.0,0.0,0.0,0.0,0.0,0.0,0.0,0.0,0.0,0.0,0.0,0.0,0.0,0.0,0.0,0.0,0.0,0.0,0.0,0.0,0.0,0.0,0.0,0.0,0.0,0.0,0.0,0.0,0.0,0.0,0.0,0.0,0.0,0.0,0.0
2026-01-23 16:49:06,0.7,99.9,running,0.9,0.0,0.0,0.0,1.3,0.4,0.0,0.0,0.0,0.0,0.4,0.0,0.9,0.0,0.0,0.0,1.8,0.0,0.4,0.0,0.0,0.0,0.4,12.5,0.9,0.3,0.9,0.0,0.4,0.0,0.0,0.0,2.2,0.0,0.4,0.0,0.0,0.0,0.0,0.0,0.0,0.0,0.0,0.0,0.5,0.0,0.0,0.7,0.0,0.0,0.0,0.0,0.0,0.0,0.0,0.0,0.0,0.0,0.0,0.0,0.0,0.0,0.0,0.0,0.0,0.0,0.0,0.0,0.0,0.0,0.0,0.0,0.0,0.0,0.0,0.0,0.0,0.0,0.0,0.0,0.0,0.0,0.0,0.0,0.0,0.0,0.0,0.0,0.0,0.0,0.0,0.0,0.0,0.0,0.0,0.0
2026-01-23 16:49:09,0.5,103.0,running,0.0,0.9,2.2,0.0,0.4,0.0,0.0,0.0,0.0,0.0,0.4,0.0,2.6,0.0,0.4,0.0,1.8,0.0,0.0,0.0,0.0,0.0,0.9,12.1,1.8,0.0,1.3,0.0,0.0,0.0,0.0,0.0,3.1,0.0,0.0,0.0,0.0,0.0,0.0,0.0,2.7,0.3,0.0,0.0,0.0,0.0,0.0,0.0,0.0,0.0,0.0,0.0,0.0,0.0,0.0,0.0,0.0,0.0,0.0,0.0,0.0,0.0,0.0,0.0,0.0,0.0,0.0,0.0,0.0,0.0,0.0,0.0,0.0,0.0,0.0,0.0,0.0,0.0,0.0,0.0,0.0,0.0,0.0,0.0,0.0,0.0,0.0,0.0,0.0,0.0,0.0,0.0,0.0,0.0,0.0,0.0
2026-01-23 16:49:13,0.8,99.9,running,0.4,0.0,0.4,0.0,0.0,0.0,0.0,0.0,0.0,0.0,0.4,0.0,0.4,0.0,0.0,0.9,1.8,0.0,1.8,0.0,0.0,0.0,1.3,13.4,0.0,0.0,0.4,0.0,0.0,0.0,0.0,0.0,2.2,0.0,0.0,0.0,0.0,0.0,0.9,0.0,1.3,0.0,0.0,0.0,0.0,0.0,0.0,0.0,0.0,0.0,0.0,0.0,0.0,0.0,0.0,0.0,0.0,0.0,0.0,0.0,0.0,0.0,0.0,0.0,0.0,0.0,0.0,0.0,0.0,0.0,0.0,0.0,0.0,0.0,0.0,0.0,0.0,0.0,0.0,0.0,0.0,0.0,0.0,0.0,0.0,0.0,0.0,0.0,0.0,0.0,0.0,0.0,0.0,0.0,0.0,0.0
2026-01-23 16:49:16,0.3,99.9,running,0.4,0.0,0.4,0.4,0.0,0.9,0.0,0.0,0.0,0.0,0.0,0.0,0.9,0.0,0.0,0.0,1.8,0.0,0.4,0.0,0.0,0.0,1.3,12.8,0.0,0.0,1.8,0.0,0.0,0.0,0.0,0.0,1.8,0.0,0.0,0.4,0.0,0.0,0.0,0.0,0.4,0.0,1.8,0.0,0.0,0.0,0.0,0.0,0.0,0.0,0.0,0.0,0.0,0.0,0.0,0.0,0.0,0.0,0.0,0.0,0.0,0.0,0.0,0.0,0.0,0.0,0.0,0.0,0.0,0.0,0.0,0.0,0.0,0.0,0.0,0.0,0.0,0.0,0.0,0.0,0.0,0.0,0.0,0.0,0.0,0.0,0.0,0.0,0.0,0.0,0.0,0.0,0.0,0.0,0.0,0.0
2026-01-23 16:49:20,0.5,99.9,running,0.4,0.0,0.9,0.0,0.9,2.2,0.0,0.0,0.0,0.0,0.4,0.0,0.9,0.0,0.0,0.0,2.6,0.0,0.0,0.0,0.0,0.0,0.9,12.5,0.0,0.0,0.4,0.0,0.0,0.0,0.4,0.0,2.2,0.0,0.0,0.0,0.0,0.0,0.0,0.0,1.8,0.0,0.0,0.0,0.0,0.0,0.9,0.4,0.0,0.0,0.0,0.0,0.0,0.0,0.0,0.0,0.0,0.0,0.0,0.0,0.0,0.0,0.0,0.0,0.0,0.0,0.0,0.0,0.0,0.0,0.0,0.0,0.0,0.0,0.0,0.0,0.0,0.0,0.0,0.0,0.0,0.0,0.0,0.0,0.0,0.0,0.0,0.0,0.0,0.0,0.0,0.0,0.0,0.0,0.0,0.0
2026-01-23 16:49:23,0.4,99.9,running,0.9,0.0,1.8,0.0,0.0,1.8,0.0,0.0,0.0,0.0,0.0,0.0,0.4,0.0,0.0,0.0,2.2,0.0,0.0,0.0,0.9,0.0,0.9,12.6,1.8,0.0,1.3,0.0,0.0,0.0,0.0,0.0,1.8,0.0,0.0,0.0,0.0,0.0,0.0,0.0,0.9,0.0,0.0,0.0,0.0,0.0,0.0,0.0,0.0,0.0,0.0,0.0,0.0,0.0,0.0,0.0,0.0,0.0,0.0,0.0,0.0,0.0,0.0,0.0,0.0,0.0,0.0,0.0,0.0,0.0,0.0,0.0,0.0,0.0,0.0,0.0,0.0,0.0,0.0,0.0,0.0,0.0,0.0,0.0,0.0,0.0,0.0,0.0,0.0,0.0,0.0,0.0,0.0,0.0,0.0,0.0
2026-01-23 16:49:27,0.5,99.9,running,0.4,0.0,0.4,0.0,0.0,0.0,0.0,0.0,0.4,0.0,0.0,0.0,0.4,0.0,0.0,0.0,0.9,0.0,0.4,0.0,0.0,0.0,0.9,10.2,2.2,0.0,0.4,0.0,0.4,0.0,0.4,0.0,1.8,0.0,0.9,0.0,0.0,0.0,0.4,0.0,0.0,0.0,0.0,0.0,0.0,0.0,0.0,0.0,0.0,0.0,0.0,0.0,0.0,0.0,0.0,0.0,0.0,0.0,0.0,0.0,0.0,0.0,0.0,0.0,0.0,0.0,0.0,0.0,0.0,0.0,0.0,0.0,0.0,0.0,0.0,0.0,0.0,0.0,0.0,0.0,0.0,0.0,0.0,0.0,0.0,0.0,0.0,0.0,0.0,0.0,0.0,0.0,0.0,0.0,0.0,0.0
2026-01-23 16:49:30,0.6,99.9,running,0.0,0.0,0.9,0.0,0.9,0.0,0.4,0.0,0.0,0.0,0.0,0.0,0.9,0.0,0.0,0.0,0.9,0.0,0.0,0.0,0.0,0.0,0.0,12.5,0.0,0.0,2.7,0.0,0.0,0.0,0.0,0.0,2.2,0.0,0.0,0.0,0.9,0.0,0.0,0.0,0.9,0.0,0.0,0.0,0.0,0.0,0.0,0.4,0.0,0.0,0.0,0.0,0.0,0.0,0.0,0.0,0.0,0.0,0.0,0.0,0.0,0.0,0.0,0.0,0.0,0.0,0.0,0.0,0.0,0.0,0.0,0.0,0.0,0.0,0.0,0.0,0.0,0.0,0.0,0.0,0.0,0.0,0.0,0.0,0.0,0.0,0.0,0.0,0.0,0.0,0.0,0.0,0.0,0.0,0.0,0.0
2026-01-23 16:49:34,0.5,96.7,running,0.0,0.0,0.9,0.5,0.0,0.9,0.4,0.0,0.0,0.0,0.9,0.0,1.3,0.0,0.0,0.0,1.3,0.0,0.4,0.0,0.0,0.0,1.3,11.6,1.8,0.0,0.0,0.0,0.0,0.0,0.4,0.0,0.9,0.0,0.0,0.0,0.0,0.0,0.0,0.0,1.8,0.0,0.0,0.0,0.4,0.0,0.0,0.4,0.0,0.0,0.0,0.0,0.0,0.0,0.0,0.0,0.0,0.0,0.0,0.0,0.0,0.0,0.0,0.0,0.0,0.0,0.0,0.0,0.0,0.0,0.0,0.0,0.0,0.0,0.0,0.0,0.0,0.0,0.0,0.0,0.0,0.0,0.0,0.0,0.0,0.0,0.0,0.0,0.0,0.0,0.0,0.0,0.0,0.0,0.0,0.0
2026-01-23 16:49:37,0.8,99.9,running,1.3,0.0,0.9,0.0,0.0,0.4,0.9,0.0,0.9,0.0,0.0,0.0,0.9,0.0,0.0,0.0,1.3,0.0,0.0,0.0,0.4,0.0,1.8,12.4,0.9,0.0,1.8,0.0,1.8,0.9,0.0,0.4,2.7,0.4,0.0,0.4,0.0,0.0,0.0,0.0,1.3,0.8,0.0,0.0,0.0,0.0,0.4,0.0,0.0,0.0,0.0,0.0,0.0,0.0,0.0,0.0,0.0,0.0,0.0,0.0,0.0,0.0,0.0,0.0,0.0,0.0,0.0,0.0,0.0,0.0,0.0,0.0,0.0,0.0,0.0,0.0,0.0,0.0,0.0,0.0,0.0,0.0,0.0,0.0,0.0,0.0,0.0,0.0,0.0,0.0,0.0,0.0,0.0,0.0,0.0,0.0
2026-01-23 16:49:41,0.4,96.8,running,0.9,0.0,0.4,0.0,1.8,0.0,0.0,1.2,0.5,0.0,0.9,0.0,1.8,0.0,0.0,0.0,0.9,0.0,0.0,0.0,0.0,0.0,0.9,11.6,2.7,0.0,0.9,0.0,1.4,0.0,0.9,0.0,3.1,0.0,0.9,0.0,0.9,0.0,0.4,0.0,0.0,0.0,0.0,0.0,0.0,0.0,0.0,0.0,0.0,0.0,0.0,0.0,0.0,0.0,0.0,0.0,0.0,0.0,0.0,0.0,0.0,0.0,0.0,0.0,0.0,0.0,0.0,0.0,0.0,0.0,0.0,0.0,0.0,0.0,0.0,0.0,0.0,0.0,0.0,0.0,0.0,0.0,0.0,0.0,0.0,0.0,0.0,0.0,0.0,0.0,0.0,0.0,0.0,0.0,0.0,0.0
2026-01-23 16:49:44,0.6,99.9,running,0.4,0.0,0.9,0.4,0.0,0.0,0.0,0.0,0.0,0.0,0.0,0.0,1.8,0.0,1.3,0.0,1.3,0.0,0.0,0.0,0.0,0.0,0.4,12.5,1.8,0.0,0.5,0.0,0.4,0.0,0.0,0.0,0.9,0.0,0.0,0.0,0.0,0.0,0.0,0.0,1.3,0.0,0.0,0.0,0.4,0.0,0.9,0.4,0.0,0.0,0.0,0.0,0.0,0.0,0.0,0.0,0.0,0.0,0.0,0.0,0.0,0.0,0.0,0.0,0.0,0.0,0.0,0.0,0.0,0.0,0.0,0.0,0.0,0.0,0.0,0.0,0.0,0.0,0.0,0.0,0.0,0.0,0.0,0.0,0.0,0.0,0.0,0.0,0.0,0.0,0.0,0.0,0.0,0.0,0.0,0.0
2026-01-23 16:49:48,0.7,99.9,running,0.4,0.0,0.9,0.0,0.0,0.4,0.0,0.0,1.8,0.0,0.0,0.0,1.3,0.4,0.0,0.0,0.9,0.0,0.0,0.0,0.0,0.0,0.4,11.2,2.7,0.0,1.3,0.0,0.0,0.0,0.0,0.0,2.7,0.0,0.4,0.0,0.0,0.5,0.0,0.0,0.4,0.0,0.0,0.0,0.0,0.0,0.4,0.5,0.0,0.0,0.0,0.0,0.0,0.0,0.0,0.0,0.0,0.0,0.0,0.0,0.0,0.0,0.0,0.0,0.0,0.0,0.0,0.0,0.0,0.0,0.0,0.0,0.0,0.0,0.0,0.0,0.0,0.0,0.0,0.0,0.0,0.0,0.0,0.0,0.0,0.0,0.0,0.0,0.0,0.0,0.0,0.0,0.0,0.0,0.0,0.0
2026-01-23 16:49:51,0.5,99.9,running,0.9,0.0,0.4,0.0,0.0,1.3,0.0,0.0,0.9,0.0,0.4,0.0,0.9,0.0,2.2,0.0,0.0,0.0,0.0,0.0,0.0,0.0,0.9,11.9,0.9,0.0,1.3,0.0,0.0,0.0,0.0,0.0,2.2,0.0,1.3,0.0,0.0,0.0,0.9,0.0,0.0,0.0,0.0,0.0,0.0,0.0,0.0,0.0,0.0,0.0,0.0,0.0,0.0,0.0,0.0,0.0,0.0,0.0,0.0,0.0,0.0,0.0,0.0,0.0,0.0,0.0,0.0,0.0,0.0,0.0,0.0,0.0,0.0,0.0,0.0,0.0,0.0,0.0,0.0,0.0,0.0,0.0,0.0,0.0,0.0,0.0,0.0,0.0,0.0,0.0,0.0,0.0,0.0,0.0,0.0,0.0
2026-01-23 16:49:55,0.4,99.9,running,0.0,0.0,0.4,0.0,0.0,0.0,0.0,0.0,0.4,0.4,0.0,0.0,1.3,0.0,0.0,0.0,1.3,0.0,0.0,0.0,0.0,0.0,0.4,9.9,1.3,0.0,1.3,0.0,1.8,0.0,0.9,0.0,1.3,0.0,0.0,0.0,0.0,0.0,0.0,0.0,0.9,0.0,0.0,0.0,0.0,0.0,0.0,0.4,0.0,0.0,0.0,0.0,0.0,0.0,0.0,0.0,0.0,0.0,0.0,0.0,0.0,0.0,0.0,0.0,0.0,0.0,0.0,0.0,0.0,0.0,0.0,0.0,0.0,0.0,0.0,0.0,0.0,0.0,0.0,0.0,0.0,0.0,0.0,0.0,0.0,0.0,0.0,0.0,0.0,0.0,0.0,0.0,0.0,0.0,0.0,0.0
2026-01-23 16:49:58,0.4,99.9,running,0.0,0.0,0.9,0.0,0.4,0.0,0.0,0.0,0.4,0.0,0.0,0.0,1.3,0.0,0.4,0.0,1.8,0.0,0.4,0.0,0.0,0.0,0.4,12.0,0.4,0.0,1.8,0.0,0.4,0.0,0.4,0.0,2.2,0.0,0.0,0.0,0.0,0.0,0.4,0.0,1.3,0.0,0.9,0.0,0.0,0.0,0.0,0.0,0.0,0.0,0.0,0.0,0.0,0.0,0.0,0.0,0.0,0.0,0.0,0.0,0.0,0.0,0.0,0.0,0.0,0.0,0.0,0.0,0.0,0.0,0.0,0.0,0.0,0.0,0.0,0.0,0.0,0.0,0.0,0.0,0.0,0.0,0.0,0.0,0.0,0.0,0.0,0.0,0.0,0.0,0.0,0.0,0.0,0.0,0.0,0.0
2026-01-23 16:50:02,0.5,99.9,running,0.4,0.0,0.0,0.0,0.0,0.9,0.0,0.0,0.0,0.0,0.4,0.0,0.4,0.0,0.0,0.0,3.5,0.0,0.4,0.0,0.0,0.0,0.4,12.1,0.9,0.0,0.9,0.0,0.9,0.0,0.4,0.0,3.1,0.0,1.3,0.0,0.0,0.0,0.4,0.0,0.9,0.0,0.0,0.0,0.0,0.0,0.9,0.0,0.0,0.0,0.0,0.0,0.0,0.0,0.0,0.0,0.0,0.0,0.0,0.0,0.0,0.0,0.0,0.0,0.0,0.0,0.0,0.0,0.0,0.0,0.0,0.0,0.0,0.0,0.0,0.0,0.0,0.0,0.0,0.0,0.0,0.0,0.0,0.0,0.0,0.0,0.0,0.0,0.0,0.0,0.0,0.0,0.0,0.0,0.0,0.0
2026-01-23 16:50:05,0.5,99.8,running,0.0,0.0,0.4,0.0,0.4,0.0,0.9,0.0,0.0,0.0,0.0,0.0,1.8,0.0,0.0,0.0,0.9,0.0,0.0,0.0,0.0,0.0,0.0,11.1,2.7,0.0,1.3,0.0,0.4,0.0,0.0,0.0,1.8,0.0,0.0,0.0,0.9,0.0,0.0,0.0,0.9,0.0,0.0,0.0,0.0,0.0,0.0,0.0,0.0,0.0,0.0,0.0,0.0,0.0,0.0,0.0,0.0,0.0,0.0,0.0,0.0,0.0,0.0,0.0,0.0,0.0,0.0,0.0,0.0,0.0,0.0,0.0,0.0,0.0,0.0,0.0,0.0,0.0,0.0,0.0,0.0,0.0,0.0,0.0,0.0,0.0,0.0,0.0,0.0,0.0,0.0,0.0,0.0,0.0,0.0,0.0
2026-01-23 16:50:09,0.6,99.9,running,0.9,0.0,0.0,0.0,0.4,0.0,0.0,0.0,0.9,0.0,0.0,0.0,0.4,0.0,0.0,0.0,0.9,0.0,0.0,0.0,0.0,0.0,1.3,13.5,0.5,0.0,0.4,0.0,0.4,0.0,0.0,0.0,3.1,0.0,0.4,0.0,0.0,0.0,0.0,0.0,0.9,0.0,0.8,0.0,0.0,0.0,0.0,0.4,0.0,0.0,0.0,0.0,0.0,0.0,0.0,0.0,0.0,0.0,0.0,0.0,0.0,0.0,0.0,0.0,0.0,0.0,0.0,0.0,0.0,0.0,0.0,0.0,0.0,0.0,0.0,0.0,0.0,0.0,0.0,0.0,0.0,0.0,0.0,0.0,0.0,0.0,0.0,0.0,0.0,0.0,0.0,0.0,0.0,0.0,0.0,0.0
2026-01-23 16:50:12,0.5,99.9,running,0.4,0.0,0.0,0.0,0.0,0.4,0.0,0.0,0.0,0.0,0.9,0.0,0.4,0.0,0.0,0.0,0.9,0.0,0.0,0.0,0.0,0.0,0.0,13.4,0.4,0.0,1.8,0.0,0.4,0.0,0.0,0.0,0.9,0.0,0.0,0.5,0.0,0.0,0.0,0.0,0.0,0.0,0.0,0.0,0.9,0.0,0.0,0.0,0.0,0.0,0.0,0.0,0.0,0.0,0.0,0.0,0.0,0.0,0.0,0.0,0.0,0.0,0.0,0.0,0.0,0.0,0.0,0.0,0.0,0.0,0.0,0.0,0.0,0.0,0.0,0.0,0.0,0.0,0.0,0.0,0.0,0.0,0.0,0.0,0.0,0.0,0.0,0.0,0.0,0.0,0.0,0.0,0.0,0.0,0.0,0.0
2026-01-23 16:50:16,0.6,99.9,running,0.0,0.4,2.6,0.0,0.9,0.9,0.4,0.0,0.0,0.4,0.0,0.4,0.9,0.4,0.0,0.0,1.8,0.0,0.0,0.0,0.0,0.0,0.0,11.6,3.1,0.0,1.8,0.0,0.9,0.0,0.4,0.0,2.2,0.0,0.0,0.9,0.0,0.0,0.0,0.0,1.3,0.0,0.0,0.0,0.0,0.0,0.0,0.0,0.0,0.0,0.0,0.0,0.0,0.0,0.0,0.0,0.0,0.0,0.0,0.0,0.0,0.0,0.0,0.0,0.0,0.0,0.0,0.0,0.0,0.0,0.0,0.0,0.0,0.0,0.0,0.0,0.0,0.0,0.0,0.0,0.0,0.0,0.0,0.0,0.0,0.0,0.0,0.0,0.0,0.0,0.0,0.0,0.0,0.0,0.0,0.0
2026-01-23 16:50:19,0.5,99.9,running,0.0,0.0,0.0,0.0,0.0,0.9,0.0,0.0,0.0,0.0,0.9,0.0,0.4,0.0,0.4,0.0,1.3,0.0,0.4,0.0,0.0,0.0,0.9,12.9,0.4,0.0,1.3,0.0,1.3,0.0,0.0,0.0,2.2,0.0,0.9,0.0,0.0,0.0,0.4,0.0,1.8,0.0,0.0,0.0,0.0,0.0,0.4,0.9,0.0,0.0,0.0,0.0,0.0,0.0,0.0,0.0,0.0,0.0,0.0,0.0,0.0,0.0,0.0,0.0,0.0,0.0,0.0,0.0,0.0,0.0,0.0,0.0,0.0,0.0,0.0,0.0,0.0,0.0,0.0,0.0,0.0,0.0,0.0,0.0,0.0,0.0,0.0,0.0,0.0,0.0,0.0,0.0,0.0,0.0,0.0,0.0
2026-01-23 16:50:23,0.4,99.9,running,2.2,0.0,0.9,0.0,0.0,1.8,0.0,0.0,0.0,0.0,0.0,0.0,0.0,0.0,0.0,0.0,0.9,0.0,0.0,0.0,0.0,0.0,0.5,9.9,2.7,0.0,1.4,0.0,1.4,0.0,0.0,0.0,3.5,0.0,0.0,0.0,0.0,0.0,0.0,0.0,2.2,0.0,0.0,0.0,0.0,0.0,0.9,0.0,0.0,0.0,0.0,0.0,0.0,0.0,0.0,0.0,0.0,0.0,0.0,0.0,0.0,0.0,0.0,0.0,0.0,0.0,0.0,0.0,0.0,0.0,0.0,0.0,0.0,0.0,0.0,0.0,0.0,0.0,0.0,0.0,0.0,0.0,0.0,0.0,0.0,0.0,0.0,0.0,0.0,0.0,0.0,0.0,0.0,0.0,0.0,0.0
2026-01-23 16:50:26,0.4,99.9,running,0.4,0.0,0.4,0.0,0.0,0.4,0.0,0.4,0.4,0.0,0.9,0.4,0.9,0.0,0.0,0.0,0.9,0.0,0.9,0.0,0.0,0.0,0.9,12.4,1.3,0.0,2.2,0.0,0.0,0.0,0.9,0.0,1.3,0.0,0.0,0.0,0.0,0.0,0.0,0.0,0.4,0.0,0.0,0.0,0.0,0.0,0.0,0.4,0.0,0.0,0.0,0.0,0.0,0.0,0.0,0.0,0.0,0.0,0.0,0.0,0.0,0.0,0.0,0.0,0.0,0.0,0.0,0.0,0.0,0.0,0.0,0.0,0.0,0.0,0.0,0.0,0.0,0.0,0.0,0.0,0.0,0.0,0.0,0.0,0.0,0.0,0.0,0.0,0.0,0.0,0.0,0.0,0.0,0.0,0.0,0.0
2026-01-23 16:50:30,0.6,99.9,running,0.0,0.0,0.9,0.0,0.0,0.0,0.4,0.0,0.9,0.0,0.4,0.0,0.4,0.0,0.4,0.0,3.5,0.0,0.4,0.0,0.0,0.0,1.3,12.0,1.8,0.0,0.4,0.0,0.0,0.0,0.0,0.0,2.7,0.0,0.4,0.0,0.0,0.0,0.0,0.0,1.3,0.0,0.9,0.0,0.9,0.4,0.9,0.8,0.0,0.0,0.0,0.0,0.0,0.0,0.0,0.0,0.0,0.0,0.0,0.0,0.0,0.0,0.0,0.0,0.0,0.0,0.0,0.0,0.0,0.0,0.0,0.0,0.0,0.0,0.0,0.0,0.0,0.0,0.0,0.0,0.0,0.0,0.0,0.0,0.0,0.0,0.0,0.0,0.0,0.0,0.0,0.0,0.0,0.0,0.0,0.0
2026-01-23 16:50:33,0.5,99.9,running,0.0,0.0,0.4,0.0,0.9,0.0,0.9,0.0,0.4,0.0,1.8,0.0,0.9,0.0,0.4,0.0,2.2,0.0,0.0,0.0,0.0,0.0,0.4,11.2,2.2,0.0,0.9,0.0,0.0,0.0,0.0,0.0,2.2,0.0,0.0,0.0,0.0,0.0,0.0,0.0,0.9,0.0,0.0,0.0,0.0,0.0,0.0,0.0,0.0,0.0,0.0,0.0,0.0,0.0,0.0,0.0,0.0,0.0,0.0,0.0,0.0,0.0,0.0,0.0,0.0,0.0,0.0,0.0,0.0,0.0,0.0,0.0,0.0,0.0,0.0,0.0,0.0,0.0,0.0,0.0,0.0,0.0,0.0,0.0,0.0,0.0,0.0,0.0,0.0,0.0,0.0,0.0,0.0,0.0,0.0,0.0
2026-01-23 16:50:37,0.9,99.9,running,0.0,0.0,1.3,0.4,0.4,1.3,0.0,0.4,0.0,0.9,0.4,0.7,1.3,0.9,0.0,0.0,2.6,0.9,0.0,0.9,0.0,0.0,0.9,10.7,2.7,0.0,0.9,0.0,0.0,0.0,0.0,0.0,1.3,0.0,0.4,0.0,0.0,0.0,0.0,0.0,0.0,0.0,0.0,0.0,0.0,0.0,0.0,0.0,0.0,0.0,0.0,0.0,0.0,0.0,0.0,0.0,0.0,0.0,0.0,0.0,0.0,0.0,0.0,0.0,0.0,0.0,0.0,0.0,0.0,0.0,0.0,0.0,0.0,0.0,0.0,0.0,0.0,0.0,0.0,0.0,0.0,0.0,0.0,0.0,0.0,0.0,0.0,0.0,0.0,0.0,0.0,0.0,0.0,0.0,0.0,0.0
2026-01-23 16:50:40,0.6,99.9,running,0.4,0.0,0.9,0.0,0.4,1.8,0.0,0.0,0.0,0.0,0.0,0.0,0.4,0.0,0.0,0.0,1.8,0.0,0.9,0.0,0.0,0.0,0.4,11.6,1.3,0.0,2.7,0.0,0.4,0.0,0.0,0.0,4.8,0.0,0.9,0.0,0.0,0.0,0.0,0.0,1.8,0.0,0.0,0.0,0.0,0.0,0.0,0.4,0.0,0.0,0.0,0.0,0.0,0.0,0.0,0.0,0.0,0.0,0.0,0.0,0.0,0.0,0.0,0.0,0.0,0.0,0.0,0.0,0.0,0.0,0.0,0.0,0.0,0.0,0.0,0.0,0.0,0.0,0.0,0.0,0.0,0.0,0.0,0.0,0.0,0.0,0.0,0.0,0.0,0.0,0.0,0.0,0.0,0.0,0.0,0.0
2026-01-23 16:50:44,0.8,99.8,running,0.4,0.0,1.3,0.0,0.4,0.4,0.0,0.0,0.0,0.0,0.0,0.0,0.9,0.0,0.0,0.0,2.6,0.0,0.0,0.0,0.0,0.0,0.9,13.3,0.4,0.0,0.0,0.0,0.4,0.0,0.4,0.0,3.1,0.0,0.0,0.0,0.0,0.0,0.0,0.0,0.9,0.0,0.0,0.0,0.4,0.0,0.0,0.0,0.0,0.0,0.0,0.0,0.0,0.0,0.0,0.0,0.0,0.0,0.0,0.0,0.0,0.0,0.0,0.0,0.0,0.0,0.0,0.0,0.0,0.0,0.0,0.0,0.0,0.0,0.0,0.0,0.0,0.0,0.0,0.0,0.0,0.0,0.0,0.0,0.0,0.0,0.0,0.0,0.0,0.0,0.0,0.0,0.0,0.0,0.0,0.0
2026-01-23 16:50:47,0.6,99.9,running,0.9,0.0,0.0,0.0,0.0,0.4,0.0,0.0,0.0,0.0,0.0,0.0,0.4,0.0,0.0,0.0,2.6,0.0,0.4,0.0,0.4,0.0,0.9,10.7,3.1,0.0,2.7,0.0,0.9,0.0,0.0,0.0,1.8,0.0,0.4,0.0,0.0,0.0,0.0,0.0,0.0,0.0,0.0,0.0,0.0,0.0,0.0,0.0,0.0,0.0,0.0,0.0,0.0,0.0,0.0,0.0,0.0,0.0,0.0,0.0,0.0,0.0,0.0,0.0,0.0,0.0,0.0,0.0,0.0,0.0,0.0,0.0,0.0,0.0,0.0,0.0,0.0,0.0,0.0,0.0,0.0,0.0,0.0,0.0,0.0,0.0,0.0,0.0,0.0,0.0,0.0,0.0,0.0,0.0,0.0,0.0
2026-01-23 16:50:51,0.3,99.9,running,1.3,0.0,1.8,0.0,0.0,0.0,0.0,0.0,0.0,0.0,0.0,0.0,1.3,0.0,0.0,0.0,1.8,0.0,0.4,0.0,0.9,0.0,0.9,11.2,1.8,0.0,0.0,0.0,0.4,0.0,0.0,0.0,2.2,0.0,0.0,0.0,0.0,0.0,0.0,0.0,0.9,0.0,0.0,0.0,0.4,0.0,0.0,0.4,0.0,0.0,0.0,0.0,0.0,0.0,0.0,0.0,0.0,0.0,0.0,0.0,0.0,0.0,0.0,0.0,0.0,0.0,0.0,0.0,0.0,0.0,0.0,0.0,0.0,0.0,0.0,0.0,0.0,0.0,0.0,0.0,0.0,0.0,0.0,0.0,0.0,0.0,0.0,0.0,0.0,0.0,0.0,0.0,0.0,0.0,0.0,0.0
2026-01-23 16:50:54,0.5,99.9,running,0.4,0.0,0.9,0.4,0.4,3.1,0.4,0.5,0.4,0.4,0.4,0.0,1.3,0.0,0.4,0.0,2.2,0.0,0.0,0.0,0.0,0.4,0.9,11.1,2.2,0.0,1.8,0.0,1.3,0.0,1.3,0.0,2.2,0.0,0.0,0.0,0.0,0.4,0.0,0.0,0.9,0.0,0.0,0.0,0.9,0.0,0.0,0.0,0.0,0.0,0.0,0.0,0.0,0.0,0.0,0.0,0.0,0.0,0.0,0.0,0.0,0.0,0.0,0.0,0.0,0.0,0.0,0.0,0.0,0.0,0.0,0.0,0.0,0.0,0.0,0.0,0.0,0.0,0.0,0.0,0.0,0.0,0.0,0.0,0.0,0.0,0.0,0.0,0.0,0.0,0.0,0.0,0.0,0.0,0.0,0.0
2026-01-23 16:50:58,0.5,99.9,running,0.4,0.0,0.9,0.0,0.0,0.4,0.0,0.0,0.0,0.0,0.0,0.0,0.4,0.0,0.0,0.0,2.2,0.0,0.0,0.0,0.0,0.0,0.9,13.8,0.0,0.0,0.4,0.0,2.2,0.0,0.0,0.0,1.8,0.0,0.0,0.0,0.0,0.0,0.4,0.0,0.9,0.0,0.0,0.0,0.4,0.0,0.9,0.0,0.0,100.0,0.0,0.0,0.0,0.0,0.0,0.0,0.0,0.0,0.0,0.0,0.0,0.0,100.0,0.0,0.0,0.0,0.0,0.0,0.0,0.0,0.0,0.0,0.0,0.0,0.0,0.0,0.0,0.0,0.0,0.0,0.0,0.0,0.0,0.0,0.0,0.0,0.0,0.0,0.0,0.0,0.0,0.0,0.0,0.0,0.0,0.0
2026-01-23 16:51:01,0.4,99.9,running,0.4,0.0,0.4,0.0,0.0,0.0,0.4,0.0,0.0,0.0,0.9,0.4,0.9,0.0,0.0,0.0,0.9,0.0,0.9,0.0,0.4,0.0,0.9,12.1,0.9,0.0,1.8,0.0,0.4,0.0,0.0,0.0,3.5,0.0,0.0,0.4,0.0,0.0,0.0,0.0,0.4,0.0,0.0,0.0,0.0,0.0,1.3,0.4,0.0,0.0,0.0,0.0,0.0,0.0,0.0,0.0,0.0,0.0,0.0,0.0,0.0,0.0,0.0,0.0,0.0,0.0,0.0,0.0,0.0,0.0,0.0,0.0,0.0,0.0,0.0,0.0,0.0,0.0,0.0,0.0,0.0,0.0,0.0,0.0,0.0,0.0,0.0,0.0,0.0,0.0,0.0,0.0,0.0,0.0,0.0,0.0
2026-01-23 16:51:05,0.8,99.9,running,0.0,0.0,0.9,0.0,1.3,0.0,1.8,0.0,0.0,0.0,0.4,0.0,0.4,0.0,0.0,0.0,0.9,0.0,0.4,0.0,0.0,0.0,1.3,11.2,1.8,0.0,0.9,0.0,0.9,0.0,0.0,0.0,2.6,0.0,0.9,0.0,1.8,0.0,0.0,0.0,0.9,0.0,0.0,0.0,0.0,0.0,0.0,0.0,0.0,0.0,0.0,0.0,0.0,0.0,0.0,0.0,0.0,0.0,0.0,0.0,0.0,0.0,0.0,0.0,0.0,0.0,0.0,0.0,0.0,0.0,0.0,0.0,0.0,0.0,0.0,0.0,0.0,0.0,0.0,0.0,0.0,0.0,0.0,0.0,0.0,0.0,0.0,0.0,0.0,0.0,0.0,0.0,0.0,0.0,0.0,0.0
2026-01-23 16:51:08,0.5,99.9,running,0.4,0.0,0.4,0.0,0.0,0.9,0.0,0.0,0.0,0.0,0.9,0.0,0.9,0.0,0.0,0.0,1.8,0.0,0.0,0.0,0.0,0.0,0.4,12.4,0.9,0.0,0.0,0.0,0.4,0.0,0.4,0.0,1.3,0.0,0.4,0.0,0.0,0.0,0.4,0.0,0.9,0.0,0.4,0.0,0.9,0.0,0.0,0.0,0.0,0.0,0.0,0.0,0.0,0.0,0.0,0.0,0.0,0.0,0.0,0.0,0.0,0.0,0.0,0.0,0.0,0.0,0.0,0.0,0.0,0.0,0.0,0.0,0.0,0.0,0.0,0.0,0.0,0.0,0.0,0.0,0.0,0.0,0.0,0.0,0.0,0.0,0.0,0.0,0.0,0.0,0.0,0.0,0.0,0.0,0.0,0.0
2026-01-23 16:51:12,0.4,99.9,running,0.4,0.0,0.0,0.0,0.4,0.4,0.0,0.0,0.0,0.0,0.0,0.0,0.4,0.0,0.9,0.0,0.9,0.0,0.0,0.0,0.0,0.0,1.3,12.9,0.9,0.0,1.3,0.0,0.4,0.0,0.0,0.0,1.3,0.0,0.0,0.0,0.0,0.0,0.0,0.0,0.0,0.0,1.8,0.0,0.0,0.0,0.0,0.0,0.0,0.0,0.0,0.0,0.0,0.0,0.0,0.0,0.0,0.0,0.0,0.0,0.0,0.0,0.0,0.0,0.0,0.0,0.0,0.0,0.0,0.0,0.0,0.0,0.0,0.0,0.0,0.0,0.0,0.0,0.0,0.0,0.0,0.0,0.0,0.0,0.0,0.0,0.0,0.0,0.0,0.0,0.0,0.0,0.0,0.0,0.0,0.0
2026-01-23 16:51:15,0.7,99.9,running,0.4,0.0,2.7,0.0,0.0,0.4,0.0,0.0,1.3,0.9,0.4,0.0,1.3,0.0,0.0,0.0,3.1,0.0,0.0,0.0,0.0,0.0,1.3,12.8,1.8,0.0,0.4,0.0,0.0,0.0,0.0,0.0,3.1,0.0,0.0,0.0,0.0,0.0,0.0,0.0,0.4,0.0,0.0,0.0,0.0,0.0,0.0,0.4,0.0,0.0,0.0,0.0,0.0,0.0,0.0,0.0,0.0,0.0,0.0,0.0,0.0,0.0,0.0,0.0,0.0,0.0,0.0,0.0,0.0,0.0,0.0,0.0,0.0,0.0,0.0,0.0,0.0,0.0,0.0,0.0,0.0,0.0,0.0,0.0,0.0,0.0,0.0,0.0,0.0,0.0,0.0,0.0,0.0,0.0,0.0,0.0
2026-01-23 16:51:19,0.8,99.9,running,0.0,0.0,0.9,0.0,0.4,0.9,0.9,0.0,0.0,0.0,1.8,0.0,0.9,0.0,0.0,0.0,2.6,0.0,0.0,0.0,0.0,0.0,0.4,10.8,1.8,0.0,1.3,0.0,0.0,0.0,0.0,0.0,2.2,0.0,0.9,0.0,0.9,0.0,0.0,0.0,0.9,0.0,0.0,0.0,0.4,0.0,0.0,0.0,0.0,0.0,0.0,0.0,0.0,0.0,0.0,0.0,0.0,0.0,0.0,0.0,0.0,0.0,0.0,0.0,0.0,0.0,0.0,0.0,0.0,0.0,0.0,0.0,0.0,0.0,0.0,0.0,0.0,0.0,0.0,0.0,0.0,0.0,0.0,0.0,0.0,0.0,0.0,0.0,0.0,0.0,0.0,0.0,0.0,0.0,0.0,0.0
2026-01-23 16:51:22,0.4,99.9,running,0.0,0.0,0.9,0.0,0.0,0.9,0.0,0.0,0.0,0.0,0.4,0.0,1.3,0.0,0.0,0.0,0.9,0.0,0.0,0.0,0.0,0.0,0.9,13.4,0.4,0.0,0.9,0.0,0.0,0.0,0.0,0.0,0.9,0.0,0.0,0.0,0.0,0.0,0.4,0.0,0.9,0.0,0.0,0.0,0.0,0.0,0.0,0.0,0.0,0.0,0.0,0.0,0.0,0.0,0.0,0.0,0.0,0.0,0.0,0.0,0.0,0.0,0.0,0.0,0.0,0.0,0.0,0.0,0.0,0.0,0.0,0.0,0.0,0.0,0.0,0.0,0.0,0.0,0.0,0.0,0.0,0.0,0.0,0.0,0.0,0.0,0.0,0.0,0.0,0.0,0.0,0.0,0.0,0.0,0.0,0.0
2026-01-23 16:51:26,0.5,99.9,running,0.0,0.0,1.8,0.0,0.0,0.9,0.4,0.0,0.0,0.0,0.0,0.0,1.8,0.0,0.0,0.0,1.8,0.0,0.0,0.0,0.0,0.0,0.4,13.3,0.0,0.0,0.4,0.0,1.3,0.0,0.0,0.0,2.2,0.0,0.0,0.0,0.0,0.4,0.0,0.0,0.9,0.0,0.9,0.0,0.0,0.0,0.0,0.4,0.0,0.0,0.0,0.0,0.0,0.0,0.0,0.0,0.0,0.0,0.0,0.0,0.0,0.0,0.0,0.0,0.0,0.0,0.0,0.0,0.0,0.0,0.0,0.0,0.0,0.0,0.0,0.0,0.0,0.0,0.0,0.0,0.0,0.0,0.0,0.0,0.0,0.0,0.0,0.0,0.0,0.0,0.0,0.0,0.0,0.0,0.0,0.0
2026-01-23 16:51:29,0.5,99.9,running,0.0,0.0,2.2,0.0,0.0,1.3,0.0,0.0,0.0,0.0,0.0,0.0,0.4,0.0,0.0,0.0,0.9,0.0,0.4,0.0,0.0,0.0,0.4,13.5,0.0,0.0,1.8,0.0,0.0,0.0,0.0,0.0,3.1,0.0,0.4,0.0,0.0,0.0,0.0,0.0,0.9,0.0,0.0,0.0,0.9,0.0,0.0,0.0,0.0,0.0,0.0,0.0,0.0,0.0,0.0,0.0,0.0,0.0,0.0,0.0,0.0,0.0,0.0,0.0,0.0,0.0,0.0,0.0,0.0,0.0,0.0,0.0,0.0,0.0,0.0,0.0,0.0,0.0,0.0,0.0,0.0,0.0,0.0,0.0,0.0,0.0,0.0,0.0,0.0,0.0,0.0,0.0,0.0,0.0,0.0,0.0
2026-01-23 16:51:33,0.6,99.9,running,0.9,0.0,0.9,0.0,0.4,0.0,0.0,0.0,0.0,0.4,0.0,0.0,1.3,0.0,0.0,0.0,1.8,0.0,0.9,0.0,0.9,0.0,0.4,12.4,1.8,0.0,0.9,0.0,0.9,0.0,0.0,0.0,1.3,0.0,0.0,0.0,0.0,0.0,0.0,0.0,0.0,0.0,0.0,0.0,0.0,0.0,0.0,0.0,0.0,0.0,0.0,0.0,0.0,0.0,0.0,0.0,0.0,0.0,0.0,0.0,0.0,0.0,0.0,0.0,0.0,0.0,0.0,0.0,0.0,0.0,0.0,0.0,0.0,0.0,0.0,0.0,0.0,0.0,0.0,0.0,0.0,0.0,0.0,0.0,0.0,0.0,0.0,0.0,0.0,0.0,0.0,0.0,0.0,0.0,0.0,0.0
2026-01-23 16:51:36,0.5,99.9,running,0.4,0.0,0.4,0.0,0.4,0.4,0.4,0.0,0.0,0.4,0.0,0.0,1.8,0.0,0.0,0.0,2.6,0.0,0.0,0.0,0.9,0.0,0.4,12.5,0.9,0.0,1.8,0.0,0.4,0.0,0.0,0.0,0.9,0.0,0.0,0.0,0.4,0.4,0.9,0.0,0.4,0.0,0.0,0.0,0.0,0.0,0.0,0.0,0.0,0.0,0.0,0.0,0.0,0.0,0.0,0.0,0.0,0.0,0.0,0.0,0.0,0.0,0.0,0.0,0.0,0.0,0.0,0.0,0.0,0.0,0.0,0.0,0.0,0.0,0.0,0.0,0.0,0.0,0.0,0.0,0.0,0.0,0.0,0.0,0.0,0.0,0.0,0.0,0.0,0.0,0.0,0.0,0.0,0.0,0.0,0.0
2026-01-23 16:51:40,0.8,99.9,running,0.9,0.0,0.0,0.9,0.0,3.1,0.0,0.9,0.0,0.9,0.0,0.0,1.3,0.0,0.0,0.0,0.9,0.0,0.0,0.0,0.0,0.0,0.9,12.8,0.0,0.0,1.3,0.0,0.0,0.0,0.0,0.0,3.1,0.0,0.4,0.0,0.0,0.0,0.0,0.0,1.8,0.0,0.0,0.0,1.3,0.0,0.9,0.4,0.0,0.0,0.0,0.0,0.0,0.0,0.0,0.0,0.0,0.0,0.0,0.0,0.0,0.0,0.0,0.0,0.0,0.0,0.0,0.0,0.0,0.0,0.0,0.0,0.0,0.0,0.0,0.0,0.0,0.0,0.0,0.0,0.0,0.0,0.0,0.0,0.0,0.0,0.0,0.0,0.0,0.0,0.0,0.0,0.0,0.0,0.0,0.0
2026-01-23 16:51:43,0.5,99.8,running,0.4,0.0,0.4,0.0,0.0,0.0,0.0,0.0,0.0,0.0,0.5,0.0,0.9,0.0,0.0,0.0,0.9,0.0,0.0,0.0,0.0,0.0,0.9,11.4,0.9,0.0,0.9,0.0,0.0,0.0,0.0,0.0,1.3,0.0,0.0,0.0,0.0,0.0,0.0,0.0,0.9,0.0,0.0,0.0,0.5,0.0,1.8,0.0,0.0,0.0,0.0,0.0,0.0,0.0,0.0,0.0,0.0,0.0,0.0,0.0,0.0,0.0,0.0,0.0,0.0,0.0,0.0,0.0,0.0,0.0,0.0,0.0,0.0,0.0,0.0,0.0,0.0,0.0,0.0,0.0,0.0,0.0,0.0,0.0,0.0,0.0,0.0,0.0,0.0,0.0,0.0,0.0,0.0,0.0,0.0,0.0
2026-01-23 16:51:47,0.6,99.9,running,0.9,0.0,0.9,0.0,0.4,0.4,0.0,0.0,0.0,0.0,0.0,0.0,0.9,0.0,0.9,0.0,0.9,0.0,0.0,0.0,0.0,0.0,1.7,11.4,2.2,0.0,1.3,0.0,0.4,0.0,0.0,0.0,2.2,0.0,0.0,0.0,0.4,0.0,1.3,0.0,0.4,0.0,0.4,0.0,0.4,0.0,0.4,0.0,0.0,0.0,0.0,0.0,0.0,0.0,0.0,0.0,0.0,0.0,0.0,0.0,0.0,0.0,0.0,0.0,0.0,0.0,0.0,0.0,0.0,0.0,0.0,0.0,0.0,0.0,0.0,0.0,0.0,0.0,0.0,0.0,0.0,0.0,0.0,0.0,0.0,0.0,0.0,0.0,0.0,0.0,0.0,0.0,0.0,0.0,0.0,0.0
2026-01-23 16:51:50,0.6,99.8,running,1.3,0.0,0.4,0.0,0.9,0.9,0.4,0.0,0.9,0.0,0.4,0.0,0.9,0.0,0.0,0.0,0.9,0.0,0.0,0.0,0.0,0.0,0.9,13.4,0.0,0.0,0.9,0.0,0.4,0.0,0.0,0.0,0.4,0.0,0.0,0.0,0.0,0.0,0.0,0.0,1.3,0.0,0.4,0.0,0.0,0.0,0.9,0.4,0.0,0.0,0.0,0.0,0.0,0.0,0.0,0.0,0.0,0.0,0.0,0.0,0.0,0.0,0.0,0.0,0.0,0.0,0.0,0.0,0.0,0.0,0.0,0.0,0.0,0.0,0.0,0.0,0.0,0.0,0.0,0.0,0.0,0.0,0.0,0.0,0.0,0.0,0.0,0.0,0.0,0.0,0.0,0.0,0.0,0.0,0.0,0.0
2026-01-23 16:51:54,0.5,99.9,running,1.3,0.0,0.0,0.0,0.0,0.0,0.0,0.0,0.4,0.0,0.0,0.0,1.3,0.0,0.0,0.0,1.3,0.0,0.4,0.0,0.0,0.0,0.4,12.0,0.9,0.0,0.9,0.0,0.0,0.0,0.0,0.0,3.5,0.0,0.4,0.0,0.0,0.0,0.0,0.0,0.9,0.0,0.0,0.0,0.0,0.0,0.4,0.0,0.0,0.0,0.0,0.0,0.0,0.0,0.0,0.0,0.0,0.0,0.0,0.0,0.0,0.0,0.0,0.0,0.0,0.0,0.0,0.0,0.0,0.0,0.0,0.0,0.0,0.0,0.0,0.0,0.0,0.0,0.0,0.0,0.0,0.0,0.0,0.0,0.0,0.0,0.0,0.0,0.0,0.0,0.0,0.0,0.0,0.0,0.0,0.0
2026-01-23 16:51:57,0.4,99.9,running,0.4,0.0,0.4,0.4,0.0,0.9,0.4,0.0,0.0,0.0,0.0,0.0,0.0,0.0,0.4,0.0,1.8,0.0,0.0,0.0,0.0,0.0,0.4,12.1,1.8,0.0,1.8,0.0,1.3,0.0,0.9,0.0,1.8,0.0,0.0,0.0,0.0,0.0,0.0,0.0,0.0,0.0,0.0,0.0,0.0,0.0,0.0,0.0,0.0,0.0,0.0,0.0,0.0,0.0,0.0,0.0,0.0,0.0,0.0,0.0,0.0,0.0,0.0,0.0,0.0,0.0,0.0,0.0,0.0,0.0,0.0,0.0,0.0,0.0,0.0,0.0,0.0,0.0,0.0,0.0,0.0,0.0,0.0,0.0,0.0,0.0,0.0,0.0,0.0,0.0,0.0,0.0,0.0,0.0,0.0,0.0
2026-01-23 16:52:01,0.6,99.8,running,0.9,0.0,0.9,0.0,0.9,0.0,0.4,0.0,0.4,0.0,0.0,0.0,2.2,0.0,0.0,0.0,0.9,0.0,0.0,0.0,0.9,0.0,0.9,12.9,0.9,0.4,0.0,0.0,0.0,0.0,0.0,0.0,3.1,0.0,0.0,0.0,0.0,0.0,0.0,0.0,1.3,0.0,0.0,0.0,1.3,0.0,0.4,0.9,0.0,0.0,0.0,0.0,0.0,0.0,0.0,0.0,0.0,0.0,0.0,0.0,0.0,0.0,0.0,0.0,0.0,0.0,0.0,0.0,0.0,0.0,0.0,0.0,0.0,0.0,0.0,0.0,0.0,0.0,0.0,0.0,0.0,0.0,0.0,0.0,0.0,0.0,0.0,0.0,0.0,0.0,0.0,0.0,0.0,0.0,0.0,0.0
2026-01-23 16:52:05,0.5,99.8,running,0.0,0.0,0.0,0.0,0.4,0.4,0.4,0.0,0.9,0.0,1.3,0.0,1.3,0.0,0.0,0.0,1.3,0.0,0.0,0.0,0.0,0.0,0.0,12.9,0.9,0.0,1.8,0.0,0.0,0.0,0.0,0.0,0.0,0.0,0.0,0.0,0.0,0.0,0.0,0.0,1.3,0.0,0.0,0.0,0.0,0.0,0.0,0.0,0.0,0.0,0.0,0.0,0.0,0.0,0.0,0.0,0.0,0.0,0.0,0.0,0.0,0.0,0.0,0.0,0.0,0.0,0.0,0.0,0.0,0.0,0.0,0.0,0.0,0.0,0.0,0.0,0.0,0.0,0.0,0.0,0.0,0.0,0.0,0.0,0.0,0.0,0.0,0.0,0.0,0.0,0.0,0.0,0.0,0.0,0.0,0.0
2026-01-23 16:52:08,0.5,99.9,running,0.4,0.0,0.0,0.0,0.0,0.0,0.4,0.0,0.4,0.0,0.0,0.0,1.3,0.0,0.0,0.0,0.9,0.0,0.0,0.0,0.0,0.0,0.9,11.1,1.8,0.0,1.3,0.0,0.9,0.0,0.4,0.0,0.0,0.0,0.4,0.0,0.0,0.0,0.0,0.0,0.0,0.0,0.0,0.0,2.7,0.0,0.0,0.0,0.0,0.0,0.0,0.0,0.0,0.0,0.0,0.0,0.0,0.0,0.0,0.0,0.0,0.0,0.0,0.0,0.0,0.0,0.0,0.0,0.0,0.0,0.0,0.0,0.0,0.0,0.0,0.0,0.0,0.0,0.0,0.0,0.0,0.0,0.0,0.0,0.0,0.0,0.0,0.0,0.0,0.0,0.0,0.0,0.0,0.0,0.0,0.0
2026-01-23 16:52:12,1.2,99.9,running,1.8,0.4,1.3,0.0,0.4,0.9,0.9,0.0,0.4,0.0,1.3,0.0,1.8,0.0,0.4,0.0,1.3,0.0,3.5,0.0,1.8,0.0,2.2,13.0,1.8,0.0,2.7,0.4,0.4,0.4,0.9,0.0,0.9,0.0,1.8,0.0,0.4,3.1,2.2,0.4,0.9,1.6,0.4,1.3,1.8,0.4,1.3,0.0,0.0,0.0,0.0,0.0,0.0,0.0,0.0,0.0,0.0,0.0,0.0,0.0,0.0,0.0,0.0,0.0,0.0,0.0,0.0,0.0,0.0,0.0,0.0,0.0,0.0,0.0,0.0,0.0,0.0,0.0,0.0,0.0,0.0,0.0,0.0,0.0,0.0,0.0,0.0,0.0,0.0,0.0,0.0,0.0,0.0,0.0,0.0,0.0
2026-01-23 16:52:15,0.9,99.9,running,1.3,0.0,1.3,0.4,0.9,1.3,0.4,0.0,1.3,0.4,0.0,0.4,1.3,0.0,0.0,0.4,3.9,0.0,0.4,0.0,0.0,0.0,1.8,12.9,0.9,0.0,3.1,0.0,1.8,0.4,0.9,0.0,0.0,0.0,0.4,0.0,0.0,0.0,1.3,0.0,0.9,0.0,0.0,0.4,3.9,0.0,0.4,0.0,0.0,0.0,0.0,0.0,0.0,0.0,0.0,0.0,0.0,0.0,0.0,0.0,0.0,0.0,0.0,0.0,0.0,0.0,0.0,0.0,0.0,0.0,0.0,0.0,0.0,0.0,0.0,0.0,0.0,0.0,0.0,0.0,0.0,0.0,0.0,0.0,0.0,0.0,0.0,0.0,0.0,0.0,0.0,0.0,0.0,0.0,0.0,0.0
2026-01-23 16:52:19,0.7,99.8,running,1.8,0.0,0.0,0.4,0.9,0.0,0.0,0.0,0.0,0.0,0.4,0.0,2.2,0.0,0.9,0.0,2.6,0.0,0.4,0.4,0.0,0.4,1.8,10.7,4.5,0.0,0.0,0.0,0.0,0.0,2.7,0.0,0.9,0.0,0.9,0.4,0.4,0.0,0.9,0.0,0.9,0.0,0.0,0.0,2.2,0.0,0.0,0.4,0.0,0.0,0.0,0.0,0.0,0.0,0.0,0.0,0.0,0.0,0.0,0.0,0.0,0.0,0.0,0.0,0.0,0.0,0.0,0.0,0.0,0.0,0.0,0.0,0.0,0.0,0.0,0.0,0.0,0.0,0.0,0.0,0.0,0.0,0.0,0.0,0.0,0.0,0.0,0.0,0.0,0.0,0.0,0.0,0.0,0.0,0.0,0.0
2026-01-23 16:52:22,0.5,103.0,running,0.0,0.0,0.0,0.0,0.0,0.0,0.9,0.0,0.0,0.0,0.9,0.0,0.9,0.0,0.0,0.0,0.9,0.0,0.0,0.0,0.0,0.0,0.9,13.4,0.0,0.0,1.3,0.0,0.9,0.0,0.9,0.0,0.0,0.0,0.4,0.0,0.4,0.0,0.0,0.0,0.9,0.0,0.0,0.0,1.3,0.0,0.0,0.0,0.0,0.0,0.0,0.0,0.0,0.0,0.0,0.0,0.0,0.0,0.0,0.0,0.0,0.0,0.0,0.0,0.0,0.0,0.0,0.0,0.0,0.0,0.0,0.0,0.0,0.0,0.0,0.0,0.0,0.0,0.0,0.0,0.0,0.0,0.0,0.0,0.0,0.0,0.0,0.0,0.0,0.0,0.0,0.0,0.0,0.0,0.0,0.0
2026-01-23 16:52:26,0.9,99.8,running,0.0,0.4,1.8,0.4,1.3,0.4,0.9,0.0,0.0,0.9,0.0,0.4,1.8,0.0,0.0,0.0,0.9,0.0,0.0,0.0,0.0,0.0,1.8,13.3,2.7,0.0,0.9,0.0,0.9,0.0,0.0,0.0,0.4,0.0,0.4,0.4,0.5,0.0,0.0,0.0,0.9,0.0,0.4,0.0,3.1,0.0,0.0,0.0,0.0,0.0,0.0,0.0,0.0,0.0,0.0,0.0,0.0,0.0,0.0,0.0,0.0,0.0,0.0,0.0,0.0,0.0,0.0,0.0,0.0,0.0,0.0,0.0,0.0,0.0,0.0,0.0,0.0,0.0,0.0,0.0,0.0,0.0,0.0,0.0,0.0,0.0,0.0,0.0,0.0,0.0,0.0,0.0,0.0,0.0,0.0,0.0
2026-01-23 16:52:29,1.1,99.9,running,0.4,0.0,1.3,0.0,0.9,2.2,0.4,0.0,1.6,0.0,0.4,0.4,0.4,0.9,0.4,0.4,1.8,0.0,0.4,0.0,0.9,0.0,1.8,12.6,0.9,0.0,0.4,0.0,0.9,0.0,0.4,0.0,1.3,0.0,0.0,0.0,0.4,0.0,0.8,0.0,2.2,0.0,0.0,0.0,3.1,0.0,0.0,0.0,0.0,0.0,0.0,0.0,0.0,0.0,0.0,0.0,0.0,0.0,0.0,0.0,0.0,0.0,0.0,0.0,0.0,0.0,0.0,0.0,0.0,0.0,0.0,0.0,0.0,0.0,0.0,0.0,0.0,0.0,0.0,0.0,0.0,0.0,0.0,0.0,0.0,0.0,0.0,0.0,0.0,0.0,0.0,0.0,0.0,0.0,0.0,0.0
2026-01-23 16:52:33,0.6,99.9,running,0.4,0.4,0.4,0.0,0.0,0.4,1.3,0.0,0.0,0.0,0.4,0.0,0.9,0.0,1.8,0.0,3.1,0.0,0.0,0.0,0.9,0.0,0.9,11.1,2.7,0.0,0.9,0.0,0.4,0.0,0.0,0.0,0.0,0.0,0.0,0.0,0.0,0.0,1.8,0.0,0.4,0.0,0.0,0.0,2.7,0.0,0.9,0.4,0.0,0.0,0.0,0.0,0.0,0.0,0.0,0.0,0.0,0.0,0.0,0.0,0.0,0.0,0.0,0.0,0.0,0.0,0.0,0.0,0.0,0.0,0.0,0.0,0.0,0.0,0.0,0.0,0.0,0.0,0.0,0.0,0.0,0.0,0.0,0.0,0.0,0.0,0.0,0.0,0.0,0.0,0.0,0.0,0.0,0.0,0.0,0.0
2026-01-23 16:52:36,0.5,99.9,running,0.0,0.0,0.0,0.0,0.0,0.0,0.0,0.0,0.4,0.0,0.9,0.0,1.8,0.0,0.0,0.0,2.6,0.0,0.9,0.0,0.0,0.0,0.4,10.8,1.3,0.0,1.8,0.0,0.9,0.0,0.0,0.0,0.0,0.0,0.0,0.0,0.0,0.0,0.0,0.0,0.0,0.0,0.0,0.9,3.1,0.0,0.4,0.0,0.0,0.0,0.0,0.0,0.0,0.0,0.0,0.0,0.0,0.0,0.0,0.0,0.0,0.0,0.0,0.0,0.0,0.0,0.0,0.0,0.0,0.0,0.0,0.0,0.0,0.0,0.0,0.0,0.0,0.0,0.0,0.0,0.0,0.0,0.0,0.0,0.0,0.0,0.0,0.0,0.0,0.0,0.0,0.0,0.0,0.0,0.0,0.0
2026-01-23 16:52:40,0.6,99.9,running,1.3,0.4,6.2,0.3,1.3,0.4,2.2,0.3,2.7,0.4,4.4,0.0,3.6,0.4,1.8,0.0,3.1,0.0,0.9,6.2,4.4,0.0,4.0,13.3,4.4,0.0,6.2,4.0,4.8,0.4,1.8,0.9,3.1,1.8,7.5,2.2,3.1,0.4,3.1,0.4,1.8,0.4,1.3,1.3,4.9,0.0,0.9,0.0,0.0,0.0,0.0,0.0,0.0,0.0,0.0,0.0,0.0,0.0,0.0,0.0,0.0,0.0,0.0,0.0,0.0,0.0,0.0,0.0,0.0,0.0,0.0,0.0,0.0,0.0,0.0,0.0,0.0,0.0,0.0,0.0,0.0,0.0,0.0,0.0,0.0,0.0,0.0,0.0,0.0,0.0,0.0,0.0,0.0,0.0,0.0,0.0
2026-01-23 16:52:43,0.5,96.8,running,0.9,0.0,0.4,0.0,0.9,0.4,1.4,0.0,0.9,0.4,0.5,0.0,0.4,0.0,0.0,0.0,2.6,0.0,0.4,0.0,0.4,0.0,2.7,11.7,2.2,0.0,3.1,0.0,0.0,0.0,0.4,0.0,0.0,0.0,0.0,0.0,0.4,0.0,0.0,0.0,0.0,0.0,0.0,0.0,2.2,0.0,0.0,0.0,0.0,0.0,0.0,0.0,0.0,0.0,0.0,0.0,0.0,0.0,0.0,0.0,0.0,0.0,0.0,0.0,0.0,0.0,0.0,0.0,0.0,0.0,0.0,0.0,0.0,0.0,0.0,0.0,0.0,0.0,0.0,0.0,0.0,0.0,0.0,0.0,0.0,0.0,0.0,0.0,0.0,0.0,0.0,0.0,0.0,0.0,0.0,0.0
2026-01-23 16:52:47,0.5,99.9,running,0.0,0.0,1.3,0.0,0.4,0.4,0.4,0.0,1.3,0.0,0.4,0.0,1.3,0.0,0.4,0.0,1.8,0.0,0.4,0.0,1.3,0.0,0.4,13.4,0.4,0.0,1.3,0.0,0.0,0.0,0.0,0.0,0.4,0.0,0.0,0.0,0.0,0.0,0.0,0.0,0.0,0.0,0.0,0.9,0.9,0.0,0.4,0.4,0.0,0.0,0.0,0.0,0.0,0.0,0.0,0.0,0.0,0.0,0.0,0.0,0.0,0.0,0.0,0.0,0.0,0.0,0.0,0.0,0.0,0.0,0.0,0.0,0.0,0.0,0.0,0.0,0.0,0.0,0.0,0.0,0.0,0.0,0.0,0.0,0.0,0.0,0.0,0.0,0.0,0.0,0.0,0.0,0.0,0.0,0.0,0.0
2026-01-23 16:52:50,0.6,99.9,running,0.0,0.0,1.3,0.0,0.9,0.0,0.0,0.0,0.4,0.0,0.9,0.0,0.4,0.0,0.9,0.0,0.9,0.0,0.9,0.0,0.9,0.0,0.9,10.6,1.3,0.0,2.7,0.0,0.0,0.0,0.4,0.0,0.0,0.0,0.4,0.0,0.0,0.0,0.0,0.0,0.0,0.9,0.0,0.9,4.4,0.5,0.4,0.5,0.0,0.0,0.0,0.0,0.0,0.0,0.0,0.0,0.0,0.0,0.0,0.0,0.0,0.0,0.0,0.0,0.0,0.0,0.0,0.0,0.0,0.0,0.0,0.0,0.0,0.0,0.0,0.0,0.0,0.0,0.0,0.0,0.0,0.0,0.0,0.0,0.0,0.0,0.0,0.0,0.0,0.0,0.0,0.0,0.0,0.0,0.0,0.0
2026-01-23 16:52:54,0.6,99.9,running,0.4,0.0,0.9,0.0,0.0,0.0,0.0,0.0,0.4,0.0,0.0,0.0,0.4,0.0,0.4,0.0,1.8,0.0,0.0,0.0,0.0,0.0,0.4,12.6,1.3,0.0,1.3,0.0,0.0,0.0,0.0,0.0,0.0,0.0,0.0,0.0,0.5,0.0,0.4,0.0,0.9,0.0,0.0,0.0,3.1,0.0,0.0,0.0,0.0,0.0,0.0,0.0,0.0,0.0,0.0,0.0,0.0,0.0,0.0,0.0,0.0,0.0,0.0,0.0,0.0,0.0,0.0,0.0,0.0,0.0,0.0,0.0,0.0,0.0,0.0,0.0,0.0,0.0,0.0,0.0,0.0,0.0,0.0,0.0,0.0,0.0,0.0,0.0,0.0,0.0,0.0,0.0,0.0,0.0,0.0,0.0
2026-01-23 16:52:57,0.7,99.9,running,0.4,0.0,0.9,0.0,0.0,0.9,0.0,0.0,0.9,0.0,0.4,0.0,0.0,0.9,0.4,0.0,2.2,0.0,0.0,0.0,1.3,0.5,0.9,12.4,0.0,0.0,1.3,0.0,1.3,0.0,0.9,0.0,0.0,0.0,0.0,0.0,0.0,0.0,0.0,0.0,0.4,0.0,0.0,0.9,0.9,0.0,0.0,0.0,0.0,0.0,0.0,0.0,0.0,0.0,0.0,0.0,0.0,0.0,0.0,0.0,0.0,0.0,0.0,0.0,0.0,0.0,0.0,0.0,0.0,0.0,0.0,0.0,0.0,0.0,0.0,0.0,0.0,0.0,0.0,0.0,0.0,0.0,0.0,0.0,0.0,0.0,0.0,0.0,0.0,0.0,0.0,0.0,0.0,0.0,0.0,0.0
2026-01-23 16:53:01,0.5,103.0,running,0.0,0.0,2.2,0.0,0.0,0.4,0.4,0.0,0.0,0.9,0.0,1.3,0.0,0.0,0.0,0.0,1.3,0.0,0.0,0.0,0.0,0.0,0.4,13.9,0.0,0.0,0.9,0.0,1.8,0.0,0.0,0.4,0.0,0.0,0.4,0.0,0.0,0.0,0.4,0.0,0.0,0.3,0.0,1.3,3.1,0.6,0.4,1.3,0.0,0.0,0.0,0.0,0.0,0.0,0.0,0.0,0.0,0.0,0.0,0.0,0.0,0.0,0.0,0.0,0.0,0.0,0.0,0.0,0.0,0.0,0.0,0.0,0.0,0.0,0.0,0.0,0.0,0.0,0.0,0.0,0.0,0.0,0.0,0.0,0.0,0.0,0.0,0.0,0.0,0.0,0.0,0.0,0.0,0.0,0.0,0.0
2026-01-23 16:53:04,0.6,99.9,running,0.4,0.0,1.8,0.0,0.0,0.4,0.9,0.0,0.9,0.0,0.0,0.0,0.4,0.0,0.0,0.0,1.3,0.4,0.4,0.0,0.0,0.0,1.3,13.8,0.0,0.0,1.8,0.0,0.4,0.0,0.0,0.0,0.0,0.0,0.0,0.0,0.0,0.0,0.0,0.0,0.9,0.0,0.0,0.4,2.2,0.0,0.0,0.0,0.0,0.0,0.0,0.0,0.0,0.0,0.0,0.0,0.0,0.0,0.0,0.0,0.0,0.0,0.0,0.0,0.0,0.0,0.0,0.0,0.0,0.0,0.0,0.0,0.0,0.0,0.0,0.0,0.0,0.0,0.0,0.0,0.0,0.0,0.0,0.0,0.0,0.0,0.0,0.0,0.0,0.0,0.0,0.0,0.0,0.0,0.0,0.0
2026-01-23 16:53:08,0.5,99.9,running,0.0,0.4,1.3,0.0,0.0,1.3,0.4,0.4,0.0,0.4,0.5,0.4,0.0,0.5,0.0,0.4,2.2,0.5,0.0,0.4,0.0,0.0,0.4,11.1,2.7,0.0,1.3,0.0,1.3,0.0,0.0,0.0,0.0,0.0,0.0,0.0,0.9,0.0,0.4,0.0,0.0,0.0,0.0,0.4,2.2,0.0,0.0,0.0,0.0,0.0,0.0,0.0,0.0,0.0,0.0,0.0,0.0,0.0,0.0,0.0,0.0,0.0,0.0,0.0,0.0,0.0,0.0,0.0,0.0,0.0,0.0,0.0,0.0,0.0,0.0,0.0,0.0,0.0,0.0,0.0,0.0,0.0,0.0,0.0,0.0,0.0,0.0,0.0,0.0,0.0,0.0,0.0,0.0,0.0,0.0,0.0
2026-01-23 16:53:11,3.6,99.9,running,1.3,0.9,2.2,0.9,1.4,1.3,1.3,1.3,1.8,0.9,1.6,0.9,0.9,0.9,0.9,0.9,3.1,0.9,0.9,0.9,0.9,0.9,2.2,12.9,3.1,0.9,1.8,0.9,1.3,0.9,0.9,0.9,1.3,0.9,0.9,0.9,0.9,0.9,2.2,0.9,0.9,0.9,0.9,1.8,4.8,0.8,1.3,1.8,0.0,0.0,0.0,0.0,0.0,0.0,0.0,0.0,0.0,0.0,0.0,0.0,0.0,0.0,0.0,0.0,0.0,0.0,0.0,0.0,0.0,0.0,0.0,0.0,0.0,0.0,0.0,0.0,0.0,0.0,0.0,0.0,0.0,0.0,0.0,0.0,0.0,0.0,0.0,0.0,0.0,0.0,0.0,0.0,0.0,0.0,0.0,0.0
2026-01-23 16:53:15,0.6,99.9,running,0.4,0.0,2.2,0.0,0.0,0.0,0.9,0.0,0.4,0.0,1.3,0.0,1.3,0.0,0.0,0.0,2.6,0.0,0.0,0.0,0.0,0.0,1.3,13.4,0.0,0.0,1.8,0.0,2.2,0.0,0.0,0.0,0.0,0.0,0.0,0.0,0.0,0.0,0.0,0.0,0.0,0.0,0.0,0.9,2.2,0.0,0.0,0.0,0.0,0.0,0.0,0.0,0.0,0.0,0.0,0.0,0.0,0.0,0.0,0.0,0.0,0.0,0.0,0.0,0.0,0.0,0.0,0.0,0.0,0.0,0.0,0.0,0.0,0.0,0.0,0.0,0.0,0.0,0.0,0.0,0.0,0.0,0.0,0.0,0.0,0.0,0.0,0.0,0.0,0.0,0.0,0.0,0.0,0.0,0.0,0.0
2026-01-23 16:53:18,0.6,99.8,running,0.4,0.0,0.9,0.0,0.0,0.4,0.9,0.0,0.4,0.0,0.0,0.0,0.0,0.4,0.0,0.0,2.2,0.0,0.4,0.0,0.0,0.0,0.4,11.5,1.8,0.0,0.4,0.0,0.4,0.0,0.4,0.0,0.0,0.0,0.4,0.0,0.0,0.0,0.0,0.0,0.9,0.0,0.4,0.0,1.8,0.0,0.0,0.9,0.0,0.0,0.0,0.0,0.0,0.0,0.0,0.0,0.0,0.0,0.0,0.0,0.0,0.0,0.0,0.0,0.0,0.0,0.0,0.0,0.0,0.0,0.0,0.0,0.0,0.0,0.0,0.0,0.0,0.0,0.0,0.0,0.0,0.0,0.0,0.0,0.0,0.0,0.0,0.0,0.0,0.0,0.0,0.0,0.0,0.0,0.0,0.0
2026-01-23 16:53:22,0.5,99.9,running,1.8,0.0,0.4,0.0,0.0,0.0,0.0,0.0,0.0,0.0,0.0,0.0,0.4,0.0,0.0,0.0,1.3,0.0,0.4,0.0,0.0,0.0,0.9,10.3,1.8,0.0,2.2,0.0,0.0,0.9,0.0,0.9,0.9,0.0,0.0,0.9,0.4,0.0,0.9,0.0,0.4,0.0,0.0,0.9,0.9,0.0,0.0,0.9,0.0,0.0,0.0,0.0,0.0,0.0,0.0,0.0,0.0,0.0,0.0,0.0,0.0,0.0,0.0,0.0,0.0,0.0,0.0,0.0,0.0,0.0,0.0,0.0,0.0,0.0,0.0,0.0,0.0,0.0,0.0,0.0,0.0,0.0,0.0,0.0,0.0,0.0,0.0,0.0,0.0,0.0,0.0,0.0,0.0,0.0,0.0,0.0
2026-01-23 16:53:25,0.4,0.0,completed,0.0,0.4,1.3,0.0,0.4,2.7,2.2,0.6,0.3,0.4,1.8,0.0,0.0,0.0,0.0,0.0,0.9,0.0,0.4,0.0,0.0,0.0,1.8,12.5,1.3,0.0,0.0,0.0,0.0,0.0,0.0,0.0,0.0,0.0,0.0,0.0,0.0,0.0,0.0,0.0,0.0,0.0,2.2,0.4,1.3,0.0,0.0,0.0,0.0,0.0,0.0,0.0,0.0,0.0,0.0,0.0,0.0,0.0,0.0,0.0,0.0,0.0,0.0,0.0,0.0,0.0,0.0,0.0,0.0,0.0,0.0,0.0,0.0,0.0,0.0,0.0,0.0,0.0,0.0,0.0,0.0,0.0,0.0,0.0,0.0,0.0,0.0,0.0,0.0,0.0,0.0,0.0,0.0,0.0,0.0,0.0
2026-01-23 16:53:28,0.4,0.0,done,1.6,0.0,1.5,0.0,1.0,0.5,0.5,0.0,0.0,0.0,0.0,0.0,1.0,0.0,0.0,0.0,0.5,0.0,0.0,0.0,0.0,0.0,1.0,13.5,0.0,0.0,1.0,0.0,0.5,0.0,1.6,0.0,0.0,0.0,0.0,0.0,0.0,0.0,0.0,0.0,0.0,0.0,0.0,0.0,1.6,0.0,0.0,0.0,0.0,0.0,0.0,0.0,0.0,0.0,0.0,0.0,0.0,0.0,0.0,0.0,0.0,0.0,0.0,0.0,0.0,0.0,0.0,0.0,0.0,0.0,0.0,0.0,0.0,0.0,0.0,0.0,0.0,0.0,0.0,0.0,0.0,0.0,0.0,0.0,0.0,0.0,0.0,0.0,0.0,0.0,0.0,0.0,0.0,0.0,0.0,0.0
2026-01-23 16:53:31,0.6,0.0,done,1.5,0.0,3.1,0.0,0.5,2.1,0.5,0.0,1.0,0.0,1.5,0.0,1.0,0.0,0.0,0.0,1.6,0.0,0.0,0.0,0.0,0.0,0.5,11.9,1.0,0.0,1.6,0.0,0.5,0.0,0.0,0.0,0.0,0.0,0.0,0.0,0.0,0.0,0.0,0.0,1.0,0.0,0.0,1.0,1.6,0.0,0.0,0.0,0.0,0.0,0.0,0.0,0.0,0.0,0.0,0.0,0.0,0.0,0.0,0.0,0.0,0.0,0.0,0.0,0.0,0.0,0.0,0.0,0.0,0.0,0.0,0.0,0.0,0.0,0.0,0.0,0.0,0.0,0.0,0.0,0.0,0.0,0.0,0.0,0.0,0.0,0.0,0.0,0.0,0.0,0.0,0.0,0.0,0.0,0.0,0.0
2026-01-23 16:53:34,0.6,0.0,done,1.0,0.0,0.0,1.4,0.0,0.5,1.0,0.0,0.0,0.0,1.1,0.0,0.0,0.0,0.0,0.0,1.0,0.0,0.0,0.0,0.5,0.0,0.5,13.0,0.5,0.0,2.6,0.0,0.0,0.0,0.0,0.0,0.0,0.0,0.0,0.0,0.0,0.0,0.0,0.0,0.5,0.0,0.0,0.0,4.6,0.0,0.0,0.0,0.0,0.0,0.0,0.0,0.0,0.0,0.0,0.0,0.0,0.0,0.0,0.0,0.0,0.0,0.0,0.0,0.0,0.0,0.0,0.0,0.0,0.0,0.0,0.0,0.0,0.0,0.0,0.0,0.0,0.0,0.0,0.0,0.0,0.0,0.0,0.0,0.0,0.0,0.0,0.0,0.0,0.0,0.0,0.0,0.0,0.0,0.0,0.0
2026-01-23 16:53:37,0.9,0.0,done,0.5,0.0,1.6,0.0,1.0,0.5,2.1,0.0,2.6,0.0,1.5,0.0,0.5,0.0,0.5,0.0,1.0,0.0,0.0,0.0,0.5,0.0,1.0,13.6,0.0,0.0,1.0,0.0,1.0,0.3,0.0,0.3,0.0,0.5,0.0,0.5,0.0,0.5,0.0,0.5,0.0,0.5,0.0,1.4,5.6,0.0,0.0,0.0,0.0,0.0,0.0,0.0,0.0,0.0,0.0,0.0,0.0,0.0,0.0,0.0,0.0,0.0,0.0,0.0,0.0,0.0,0.0,0.0,0.0,0.0,0.0,0.0,0.0,0.0,0.0,0.0,0.0,0.0,0.0,0.0,0.0,0.0,0.0,0.0,0.0,0.0,0.0,0.0,0.0,0.0,0.0,0.0,0.0,0.0,0.0,0.0
2026-01-23 16:53:40,0.7,0.0,done,0.0,0.0,1.0,0.0,0.5,0.5,1.0,0.0,1.6,0.0,0.0,0.0,0.0,0.0,0.0,0.0,1.1,0.5,0.0,0.0,0.0,0.0,1.6,13.5,0.0,0.0,1.6,0.0,0.5,0.0,0.9,0.0,0.0,0.0,0.0,0.0,0.0,0.0,0.0,0.0,0.0,0.0,0.0,1.1,4.1,0.0,0.5,0.0,0.0,0.0,0.0,0.0,0.0,0.0,0.0,0.0,0.0,0.0,0.0,0.0,0.0,0.0,0.0,0.0,0.0,0.0,0.0,0.0,0.0,0.0,0.0,0.0,0.0,0.0,0.0,0.0,0.0,0.0,0.0,0.0,0.0,0.0,0.0,0.0,0.0,0.0,0.0,0.0,0.0,0.0,0.0,0.0,0.0,0.0,0.0,0.0
