timestamp,elapsed_s,overall_cpu,process_cpu,memory_mb,process_status,core_0,core_1,core_2,core_3,core_4,core_5,core_6,core_7,core_8,core_9,core_10,core_11,core_12,core_13,core_14,core_15,core_16,core_17,core_18,core_19,core_20,core_21,core_22,core_23,core_24,core_25,core_26,core_27,core_28,core_29,core_30,core_31,core_32,core_33,core_34,core_35,core_36,core_37,core_38,core_39,core_40,core_41,core_42,core_43,core_44,core_45,core_46,core_47,core_48,core_49,core_50,core_51,core_52,core_53,core_54,core_55,core_56,core_57,core_58,core_59,core_60,core_61,core_62,core_63,core_64,core_65,core_66,core_67,core_68,core_69,core_70,core_71,core_72,core_73,core_74,core_75,core_76,core_77,core_78,core_79,core_80,core_81,core_82,core_83,core_84,core_85,core_86,core_87,core_88,core_89,core_90,core_91,core_92,core_93,core_94,core_95
2026-02-01T17:28:17.069779,0.0,4.6,77.7,108.0,running,4.7,0.0,95.2,0.0,50.0,0.0,23.8,0.0,24.4,0.0,4.8,2.4,28.6,0.0,11.9,16.7,4.8,4.8,11.9,2.3,4.7,4.8,9.3,0.0,4.8,2.4,4.7,7.1,9.5,9.3,11.9,0.0,7.5,4.7,7.0,0.0,0.0,2.3,11.6,0.0,9.3,2.4,2.3,7.0,7.0,2.4,9.3,2.4,0.0,0.0,0.0,0.0,0.0,0.0,0.0,0.0,0.0,0.0,0.0,0.0,0.0,0.0,0.0,0.0,0.0,0.0,0.0,0.0,0.0,0.0,0.0,0.0,0.0,0.0,0.0,0.0,0.0,0.0,0.0,0.0,0.0,0.0,0.0,0.0,0.0,100.0,0.0,0.0,0.0,0.0,0.0,0.0,0.0,0.0,0.0,0.0
2026-02-01T17:28:19.289194,2.2,84.0,0.0,187.9,running,9.1,5.6,66.2,6.9,16.7,5.6,12.7,7.0,8.4,8.3,10.6,5.6,38.2,5.6,24.3,18.9,13.4,10.5,11.9,7.0,11.3,7.7,8.5,7.0,8.4,5.6,8.4,8.4,12.6,10.6,11.1,6.3,9.0,9.1,6.3,6.9,7.0,7.0,16.8,12.0,9.8,11.1,9.1,8.5,10.6,5.6,9.9,7.7,0.0,0.0,0.0,0.0,0.0,0.0,0.0,0.0,0.0,0.0,0.0,0.0,0.0,0.0,0.0,0.0,0.0,0.0,0.0,0.0,0.0,0.0,0.0,0.0,0.0,0.0,0.0,0.0,0.0,0.0,0.0,0.0,0.0,0.0,0.0,0.0,0.0,0.0,0.0,0.0,0.0,0.0,0.0,0.0,0.0,0.0,0.0,0.0
2026-02-01T17:28:21.506055,4.4,6.9,0.0,187.9,running,22.4,16.9,18.9,91.5,23.9,19.6,31.0,17.7,25.2,18.3,21.8,20.0,44.0,19.1,34.5,21.5,23.4,18.4,21.7,22.4,24.6,17.0,24.6,19.1,21.4,17.6,22.7,18.4,20.4,21.1,19.7,19.0,20.3,17.1,19.7,19.4,18.4,17.0,23.9,19.0,19.9,19.3,19.6,18.9,20.4,16.3,19.9,18.4,0.0,0.0,0.0,0.0,0.0,0.0,0.0,0.0,0.0,0.0,0.0,0.0,0.0,0.0,0.0,0.0,0.0,0.0,0.0,0.0,0.0,0.0,0.0,0.0,0.0,0.0,0.0,0.0,0.0,0.0,0.0,0.0,0.0,0.0,0.0,0.0,0.0,0.0,0.0,0.0,0.0,0.0,0.0,0.0,0.0,0.0,0.0,0.0
2026-02-01T17:28:23.722278,6.7,6.6,0.0,187.9,running,20.1,14.1,48.1,24.3,28.2,15.3,20.4,14.1,44.8,14.7,14.8,16.1,36.8,14.0,25.2,19.9,15.3,18.9,18.9,14.1,17.5,14.7,19.1,14.7,19.4,16.0,18.8,14.1,17.6,17.4,16.3,14.1,16.3,15.4,16.0,14.0,15.3,14.1,17.6,16.8,16.1,17.4,16.7,14.8,16.1,17.6,16.1,17.2,0.0,0.0,0.0,0.0,0.0,0.0,0.0,0.0,0.0,0.0,0.0,0.0,0.0,0.0,0.0,0.0,0.0,0.0,0.0,0.0,0.0,0.0,0.0,0.0,0.0,0.0,0.0,0.0,0.0,0.0,0.0,0.0,0.0,0.0,0.0,0.0,0.0,0.0,0.0,0.0,0.0,0.0,0.0,0.0,0.0,0.0,0.0,0.0
2026-02-01T17:28:25.940175,8.9,7.0,0.0,187.9,running,14.8,8.5,37.7,9.1,45.1,8.3,11.3,9.2,11.9,7.6,13.5,7.7,32.6,6.4,16.8,14.4,9.3,12.0,12.7,9.0,11.3,7.0,14.7,7.0,11.3,7.7,15.4,8.4,9.9,9.2,12.6,7.8,12.7,8.5,9.9,8.5,7.8,7.0,10.6,8.5,8.5,9.1,7.1,9.9,10.6,7.7,66.2,8.5,0.0,0.0,0.0,0.0,0.0,0.0,0.0,0.0,0.0,0.0,0.0,0.0,0.0,0.0,0.0,0.0,0.0,0.0,0.0,0.0,0.0,0.0,0.0,0.0,0.0,0.0,0.0,0.0,0.0,0.0,0.0,0.0,0.0,0.0,0.0,0.0,0.0,0.0,0.0,0.0,0.0,0.0,0.0,0.0,0.0,0.0,0.0,0.0
2026-02-01T17:28:28.157332,11.1,4.8,0.0,187.9,running,16.8,14.2,46.7,15.3,38.0,14.1,23.9,14.7,21.0,13.7,81.2,15.3,42.1,14.0,28.2,17.4,18.6,18.1,24.5,15.5,17.5,14.8,18.9,15.6,17.5,15.4,19.0,15.7,18.9,15.5,17.6,15.4,16.8,17.5,17.5,14.0,17.5,14.2,23.9,18.2,14.8,16.2,17.5,19.7,16.8,15.5,17.7,16.9,0.0,0.0,0.0,0.0,0.0,0.0,0.0,0.0,0.0,0.0,0.0,0.0,0.0,0.0,0.0,0.0,0.0,0.0,0.0,0.0,0.0,0.0,0.0,0.0,0.0,0.0,0.0,0.0,0.0,0.0,0.0,0.0,0.0,0.0,0.0,0.0,0.0,0.0,0.0,0.0,0.0,0.0,0.0,0.0,0.0,0.0,0.0,0.0
2026-02-01T17:28:30.377733,13.3,8.1,0.0,187.9,running,20.0,8.5,47.1,9.0,97.9,9.5,23.9,9.8,17.6,10.6,17.4,11.2,42.8,9.2,25.2,19.3,14.7,12.0,16.2,12.0,16.2,8.5,23.9,11.0,16.2,12.6,14.8,9.0,18.4,12.7,16.1,8.5,13.2,9.2,14.7,10.4,11.3,8.4,12.0,11.8,11.1,8.5,12.6,11.3,9.1,9.7,11.2,14.6,0.0,0.0,0.0,0.0,0.0,0.0,0.0,0.0,0.0,0.0,0.0,0.0,0.0,0.0,0.0,0.0,0.0,0.0,0.0,0.0,0.0,0.0,0.0,0.0,0.0,0.0,0.0,0.0,0.0,0.0,0.0,0.0,0.0,0.0,0.0,0.0,0.0,0.0,0.0,0.0,0.0,0.0,0.0,0.0,0.0,0.0,0.0,0.0
2026-02-01T17:28:32.595449,15.5,7.2,0.0,187.9,running,10.3,9.1,44.3,7.0,76.2,7.0,12.0,9.2,12.7,8.5,14.6,7.8,41.5,7.7,27.5,16.1,14.8,9.1,16.0,11.3,14.0,7.7,17.0,9.8,14.2,8.5,12.6,8.5,15.4,9.3,12.0,7.0,10.6,8.5,12.1,7.0,11.3,7.8,9.2,7.7,9.2,8.5,14.2,9.8,9.9,11.2,9.9,7.1,0.0,0.0,0.0,0.0,0.0,0.0,0.0,0.0,0.0,0.0,0.0,0.0,0.0,0.0,0.0,0.0,0.0,0.0,0.0,0.0,0.0,0.0,0.0,0.0,0.0,0.0,0.0,0.0,0.0,0.0,0.0,0.0,0.0,0.0,0.0,0.0,0.0,0.0,0.0,0.0,0.0,0.0,0.0,0.0,0.0,0.0,0.0,0.0
2026-02-01T17:28:34.813466,17.7,11.6,0.0,187.9,running,9.8,7.7,98.6,7.1,14.1,7.7,10.6,7.7,12.7,8.4,10.6,9.0,46.5,7.7,27.6,18.5,13.3,9.2,8.5,11.7,9.9,9.2,18.3,16.0,15.4,9.0,12.7,7.7,15.4,8.5,12.6,7.7,11.9,9.7,11.9,7.1,9.1,6.3,9.1,8.5,7.7,7.7,9.8,11.9,8.4,9.2,7.7,7.1,0.0,0.0,0.0,0.0,0.0,0.0,0.0,0.0,0.0,0.0,0.0,0.0,0.0,0.0,0.0,0.0,0.0,0.0,0.0,0.0,0.0,0.0,0.0,0.0,0.0,0.0,0.0,0.0,0.0,0.0,0.0,0.0,0.0,0.0,0.0,0.0,0.0,0.0,0.0,0.0,0.0,0.0,0.0,0.0,0.0,0.0,0.0,0.0
2026-02-01T17:28:37.039480,20.0,94.4,0.0,187.9,running,9.2,7.0,98.6,7.0,7.7,7.1,9.9,8.4,11.3,7.0,9.2,8.5,37.8,7.0,19.6,9.7,10.6,9.9,7.0,7.0,10.4,7.0,8.4,8.5,9.2,7.0,9.2,7.0,11.3,7.0,8.5,7.0,8.5,7.1,9.2,7.0,9.2,7.0,9.9,7.0,9.9,8.4,9.2,9.2,9.9,7.1,9.2,7.7,0.0,0.0,0.0,0.0,0.0,0.0,0.0,0.0,0.0,0.0,0.0,0.0,0.0,0.0,0.0,0.0,0.0,0.0,0.0,0.0,0.0,0.0,0.0,0.0,0.0,0.0,0.0,0.0,0.0,0.0,0.0,0.0,0.0,0.0,0.0,0.0,0.0,0.0,0.0,0.0,0.0,0.0,0.0,0.0,0.0,0.0,0.0,0.0
2026-02-01T17:28:39.256467,22.2,7.8,0.0,187.9,running,2.1,0.0,99.3,0.0,1.4,0.7,1.4,5.6,2.1,0.0,2.8,0.0,28.7,0.0,4.9,2.8,0.7,2.1,1.4,0.0,2.8,0.7,2.8,0.0,2.1,0.0,4.2,0.0,6.3,0.0,2.1,0.0,1.4,0.0,0.7,0.0,0.7,0.0,2.1,0.7,1.4,0.0,0.7,2.8,0.7,0.0,1.4,0.0,0.0,0.0,0.0,0.0,0.0,0.0,0.0,0.0,0.0,0.0,0.0,0.0,0.0,0.0,0.0,0.0,0.0,0.0,0.0,0.0,0.0,0.0,0.0,0.0,0.0,0.0,0.0,0.0,0.0,0.0,0.0,0.0,0.0,0.0,0.0,0.0,0.0,0.0,0.0,0.0,0.0,0.0,0.0,0.0,0.0,0.0,0.0,0.0
2026-02-01T17:28:41.474300,24.4,3.5,0.0,187.9,running,12.6,7.7,97.9,7.7,17.6,7.8,13.5,8.5,10.6,8.5,12.1,7.9,36.4,6.3,18.6,11.1,11.3,12.0,8.5,12.9,11.3,7.9,15.7,7.9,12.9,7.8,14.2,8.5,12.7,7.7,16.3,14.1,13.5,9.2,16.1,7.7,13.6,7.7,14.8,7.9,9.9,8.6,11.3,11.1,10.6,7.8,11.9,7.7,0.0,0.0,0.0,0.0,0.0,0.0,0.0,0.0,0.0,0.0,0.0,0.0,0.0,0.0,0.0,0.0,0.0,0.0,0.0,0.0,0.0,0.0,0.0,0.0,0.0,0.0,0.0,0.0,0.0,0.0,0.0,0.0,0.0,0.0,0.0,0.0,0.0,0.0,0.0,0.0,0.0,0.0,0.0,0.0,0.0,0.0,0.0,0.0
2026-02-01T17:28:43.692025,26.6,6.6,0.0,187.9,running,11.1,7.7,98.6,7.7,9.9,7.7,11.2,7.7,8.5,9.1,14.6,7.7,39.3,7.7,13.1,13.0,10.5,9.9,13.4,7.6,9.2,7.7,8.3,7.7,7.6,8.4,8.5,7.7,10.6,7.7,8.5,7.7,7.7,8.4,10.5,8.5,10.3,7.6,10.6,7.7,14.0,7.7,12.4,9.2,11.8,7.6,10.6,7.7,0.0,0.0,0.0,0.0,0.0,0.0,0.0,0.0,0.0,0.0,0.0,0.0,0.0,0.0,0.0,0.0,0.0,0.0,0.0,0.0,0.0,0.0,0.0,0.0,0.0,0.0,0.0,0.0,0.0,0.0,0.0,0.0,0.0,0.0,0.0,0.0,0.0,0.0,0.0,0.0,0.0,0.0,0.0,0.0,0.0,0.0,0.0,0.0
2026-02-01T17:28:45.908844,28.8,5.0,0.0,187.9,running,12.7,7.7,98.6,7.7,9.2,7.7,12.0,9.2,9.7,9.1,9.9,9.1,34.0,8.4,23.9,11.7,12.0,12.7,9.2,10.6,11.3,9.9,12.7,7.7,14.8,7.7,14.0,7.8,16.9,7.0,14.7,7.0,12.6,9.8,16.1,8.4,14.1,7.1,16.8,12.6,12.1,10.3,11.4,12.6,11.3,8.5,12.9,7.7,0.0,0.0,0.0,0.0,0.0,0.0,0.0,0.0,0.0,0.0,0.0,0.0,0.0,0.0,0.0,0.0,0.0,0.0,0.0,0.0,0.0,0.0,0.0,0.0,0.0,0.0,0.0,0.0,0.0,0.0,0.0,0.0,0.0,0.0,0.0,0.0,0.0,0.0,0.0,0.0,0.0,0.0,0.0,0.0,0.0,0.0,0.0,0.0
2026-02-01T17:28:48.126437,31.1,5.1,0.0,187.9,running,19.0,8.5,98.6,8.5,12.0,9.3,11.3,7.7,14.1,8.5,13.3,9.2,32.2,7.8,18.0,15.0,9.9,10.7,11.8,8.4,11.3,11.9,18.9,10.4,15.5,8.5,14.3,7.7,16.9,8.3,13.5,8.5,12.6,9.9,10.6,7.7,11.3,9.1,11.3,10.6,9.9,12.1,9.2,11.2,9.1,8.5,8.5,10.5,0.0,0.0,0.0,0.0,0.0,0.0,0.0,0.0,0.0,0.0,0.0,0.0,0.0,0.0,0.0,0.0,0.0,0.0,0.0,0.0,0.0,0.0,0.0,0.0,0.0,0.0,0.0,0.0,0.0,0.0,0.0,0.0,0.0,0.0,0.0,0.0,0.0,0.0,0.0,0.0,0.0,0.0,0.0,0.0,0.0,0.0,0.0,0.0
2026-02-01T17:28:50.343610,33.3,8.9,0.0,187.9,running,12.6,7.7,99.3,8.2,12.0,7.0,13.3,7.7,11.3,7.7,9.3,7.5,40.8,7.0,15.9,15.0,10.6,16.0,9.9,8.6,14.2,7.1,13.6,8.3,13.5,8.4,13.3,8.3,14.6,9.0,12.6,8.4,12.1,7.7,14.2,8.3,12.0,7.7,11.9,8.3,12.6,9.0,12.6,8.5,14.9,8.5,18.1,6.2,0.0,0.0,0.0,0.0,0.0,0.0,0.0,0.0,0.0,0.0,0.0,0.0,0.0,0.0,0.0,0.0,0.0,0.0,0.0,0.0,0.0,0.0,0.0,0.0,0.0,0.0,0.0,0.0,0.0,0.0,0.0,0.0,0.0,0.0,0.0,0.0,0.0,0.0,0.0,0.0,0.0,0.0,0.0,0.0,0.0,0.0,0.0,0.0
2026-02-01T17:28:52.561276,35.5,13.5,0.0,187.9,running,9.1,8.5,98.6,8.0,9.2,9.0,9.9,9.7,10.6,8.3,9.0,7.3,51.4,9.8,20.3,10.4,10.5,12.7,10.6,9.0,14.0,9.1,14.0,7.9,15.5,7.7,20.3,7.3,15.5,6.7,14.7,8.4,14.0,7.7,17.5,7.9,16.2,7.1,17.5,6.7,16.2,9.3,15.5,9.2,17.6,8.5,19.0,6.7,0.0,0.0,0.0,0.0,0.0,0.0,0.0,0.0,0.0,0.0,0.0,0.0,0.0,0.0,0.0,0.0,0.0,0.0,0.0,0.0,0.0,0.0,0.0,0.0,0.0,0.0,0.0,0.0,0.0,0.0,0.0,0.0,0.0,0.0,0.0,0.0,0.0,0.0,0.0,0.0,0.0,0.0,0.0,0.0,0.0,0.0,0.0,0.0
2026-02-01T17:28:54.778224,37.7,89.7,0.0,187.9,running,10.6,7.7,97.9,7.7,10.0,7.8,9.3,8.5,10.0,8.5,12.1,7.1,43.0,7.8,28.4,14.2,10.6,8.5,11.3,9.9,14.8,8.5,18.1,7.1,10.5,7.7,12.0,7.0,14.1,7.7,12.0,7.9,10.6,7.9,17.0,7.7,16.2,7.7,14.8,7.0,15.4,9.9,16.2,8.4,16.1,7.7,16.1,7.7,0.0,0.0,0.0,0.0,0.0,0.0,0.0,0.0,0.0,0.0,0.0,0.0,0.0,0.0,0.0,0.0,0.0,0.0,0.0,0.0,0.0,0.0,0.0,0.0,0.0,0.0,0.0,0.0,0.0,0.0,0.0,0.0,0.0,0.0,0.0,0.0,0.0,0.0,0.0,0.0,0.0,0.0,0.0,0.0,0.0,0.0,0.0,0.0
2026-02-01T17:28:56.996019,39.9,4.0,0.0,187.9,running,1.4,0.0,100.0,0.0,0.7,0.7,2.1,5.7,2.8,0.8,0.7,0.0,27.7,0.0,5.7,0.0,6.4,3.5,1.4,0.0,4.9,1.4,2.8,0.0,3.6,0.7,4.3,0.0,5.6,0.0,2.9,0.0,2.8,0.0,4.9,0.0,4.2,0.0,3.5,0.0,4.3,0.0,2.8,1.4,3.5,0.0,3.5,0.0,0.0,0.0,0.0,0.0,0.0,0.0,0.0,0.0,0.0,0.0,0.0,0.0,0.0,0.0,0.0,0.0,0.0,0.0,0.0,0.0,0.0,0.0,0.0,0.0,0.0,0.0,0.0,0.0,0.0,0.0,0.0,0.0,0.0,0.0,0.0,0.0,0.0,0.0,0.0,0.0,0.0,0.0,0.0,0.0,0.0,0.0,0.0,0.0
2026-02-01T17:28:59.214593,42.1,3.3,0.0,187.9,running,11.3,7.7,98.6,7.7,11.8,8.4,12.8,8.4,14.2,6.7,9.9,11.0,42.0,7.7,12.6,10.4,10.6,8.5,9.2,7.7,9.9,7.0,12.7,7.0,9.2,7.8,9.9,7.7,11.3,8.1,8.4,7.7,9.8,8.5,9.9,7.7,9.2,7.7,10.6,7.7,9.2,7.7,10.6,10.6,10.5,7.8,9.9,7.7,0.0,0.0,0.0,0.0,0.0,0.0,0.0,0.0,0.0,0.0,0.0,0.0,0.0,0.0,0.0,0.0,0.0,0.0,0.0,0.0,0.0,0.0,0.0,0.0,0.0,0.0,0.0,0.0,0.0,0.0,0.0,0.0,0.0,0.0,0.0,0.0,0.0,0.0,0.0,0.0,0.0,0.0,0.0,0.0,0.0,0.0,0.0,0.0
2026-02-01T17:29:01.432153,44.4,3.4,0.0,187.9,running,12.0,7.7,99.3,7.0,10.6,7.7,9.1,7.1,9.0,8.5,11.2,7.0,49.0,9.3,28.0,18.5,10.5,7.7,11.2,7.0,9.2,7.0,14.8,9.0,11.2,7.0,10.5,7.7,12.6,8.1,9.2,7.0,8.5,7.0,9.2,7.0,9.1,7.7,9.9,7.7,9.2,7.0,9.2,8.5,8.5,7.7,9.9,7.0,0.0,0.0,0.0,0.0,0.0,0.0,0.0,0.0,0.0,0.0,0.0,0.0,0.0,0.0,0.0,0.0,0.0,0.0,0.0,0.0,0.0,0.0,0.0,0.0,0.0,0.0,0.0,0.0,0.0,0.0,0.0,0.0,0.0,0.0,0.0,0.0,0.0,0.0,0.0,0.0,0.0,0.0,0.0,0.0,0.0,0.0,0.0,0.0
2026-02-01T17:29:03.649712,46.6,3.7,0.0,187.9,running,8.4,7.7,98.6,7.0,11.3,7.7,10.6,7.7,9.9,7.0,12.6,6.6,41.5,6.0,19.9,8.4,10.6,9.9,8.5,8.5,9.9,7.1,16.9,7.1,8.5,7.7,9.2,7.0,9.2,7.0,9.8,7.0,7.0,7.7,7.7,7.7,9.2,8.4,7.7,8.4,10.4,9.2,8.4,17.6,9.1,7.7,8.5,7.7,0.0,0.0,0.0,0.0,0.0,0.0,0.0,0.0,0.0,0.0,0.0,0.0,0.0,0.0,0.0,0.0,0.0,0.0,0.0,0.0,0.0,0.0,0.0,0.0,0.0,0.0,0.0,0.0,0.0,0.0,0.0,0.0,0.0,0.0,0.0,0.0,0.0,0.0,0.0,0.0,0.0,0.0,0.0,0.0,0.0,0.0,0.0,0.0
2026-02-01T17:29:05.868273,48.8,4.3,0.0,187.9,running,9.2,7.0,98.6,6.3,9.9,6.4,9.9,6.3,12.7,6.3,10.6,6.3,45.5,7.0,24.5,10.3,12.0,9.2,10.5,7.7,11.3,6.4,17.6,6.3,9.2,7.1,11.3,7.1,11.2,6.3,9.2,6.3,8.5,6.4,9.2,7.1,10.5,6.3,11.1,6.3,9.2,7.7,9.3,7.7,10.6,7.7,10.4,6.4,0.0,0.0,0.0,0.0,0.0,0.0,0.0,0.0,0.0,0.0,0.0,0.0,0.0,0.0,0.0,0.0,0.0,0.0,0.0,0.0,0.0,0.0,0.0,0.0,0.0,0.0,0.0,0.0,0.0,0.0,0.0,0.0,0.0,0.0,0.0,0.0,0.0,0.0,0.0,0.0,0.0,0.0,0.0,0.0,0.0,0.0,0.0,0.0
2026-02-01T17:29:08.086362,51.0,4.2,0.0,187.9,running,20.1,7.0,69.0,12.7,45.5,8.4,13.4,12.0,12.1,7.7,16.7,8.2,45.8,7.0,22.0,11.1,12.8,11.7,15.4,10.5,11.3,10.4,24.5,9.2,14.2,7.0,16.3,7.7,12.6,7.0,9.2,7.8,10.4,7.7,10.6,7.7,10.6,7.0,11.3,7.7,10.5,7.7,10.5,8.4,11.3,7.0,10.6,7.7,0.0,0.0,0.0,0.0,0.0,0.0,0.0,0.0,0.0,0.0,0.0,0.0,0.0,0.0,0.0,0.0,0.0,0.0,0.0,0.0,0.0,0.0,0.0,0.0,0.0,0.0,0.0,0.0,0.0,0.0,0.0,0.0,0.0,0.0,0.0,0.0,0.0,0.0,0.0,0.0,0.0,0.0,0.0,0.0,0.0,0.0,0.0,0.0
2026-02-01T17:29:10.303663,53.2,6.2,0.0,187.9,running,12.7,7.0,33.1,6.3,81.7,7.0,10.7,7.7,12.1,7.7,11.1,6.8,34.3,8.4,26.1,14.9,11.9,10.4,11.9,11.8,11.2,9.2,18.3,11.2,19.3,7.1,16.8,7.7,12.6,12.7,16.1,7.7,13.4,9.1,9.9,7.0,11.8,7.1,12.6,9.0,9.9,8.4,11.3,14.0,12.8,7.7,12.0,8.5,0.0,0.0,0.0,0.0,0.0,0.0,0.0,0.0,0.0,0.0,0.0,0.0,0.0,0.0,0.0,0.0,0.0,0.0,0.0,0.0,0.0,0.0,0.0,0.0,0.0,0.0,0.0,0.0,0.0,0.0,0.0,0.0,0.0,0.0,0.0,0.0,0.0,0.0,0.0,0.0,0.0,0.0,0.0,0.0,0.0,0.0,0.0,0.0
2026-02-01T17:29:12.522788,55.5,80.6,0.0,187.9,running,9.9,7.7,98.6,8.4,12.6,7.8,10.5,8.5,11.2,7.7,13.5,7.7,31.0,8.5,18.2,13.7,10.6,11.3,9.9,9.9,12.7,8.5,13.4,8.5,8.5,7.7,14.9,7.7,12.7,7.7,9.1,7.8,10.5,7.7,14.0,7.7,13.5,7.7,14.8,7.7,12.6,8.4,13.3,13.4,15.3,7.7,14.0,7.7,0.0,0.0,0.0,0.0,0.0,0.0,0.0,0.0,0.0,0.0,0.0,0.0,0.0,0.0,0.0,0.0,0.0,0.0,0.0,0.0,0.0,0.0,0.0,0.0,0.0,0.0,0.0,0.0,0.0,0.0,0.0,0.0,0.0,0.0,0.0,0.0,0.0,0.0,0.0,0.0,0.0,0.0,0.0,0.0,0.0,0.0,0.0,0.0
2026-02-01T17:29:14.740634,57.7,3.7,0.0,187.9,running,8.3,0.7,100.0,0.0,7.0,2.1,4.2,0.0,6.2,2.1,4.2,0.0,32.9,2.1,23.1,8.8,5.6,3.5,7.6,1.4,7.0,2.1,6.3,6.9,6.3,0.0,13.9,0.7,12.0,0.0,6.3,0.7,7.0,0.7,13.3,0.0,11.9,0.0,14.0,0.0,12.6,0.7,12.6,4.2,12.7,0.0,11.1,0.0,0.0,0.0,0.0,0.0,0.0,0.0,0.0,0.0,0.0,0.0,0.0,0.0,0.0,0.0,0.0,0.0,0.0,0.0,0.0,0.0,0.0,0.0,0.0,0.0,0.0,0.0,0.0,0.0,0.0,0.0,0.0,0.0,0.0,0.0,0.0,0.0,0.0,0.0,0.0,0.0,0.0,0.0,0.0,0.0,0.0,0.0,0.0,0.0
2026-02-01T17:29:16.958242,59.9,12.6,0.0,187.9,running,18.6,7.7,98.6,7.0,12.7,9.7,14.1,9.8,14.8,7.7,14.7,7.7,43.4,9.2,30.1,15.8,15.4,12.0,14.8,12.7,21.5,7.1,23.8,7.1,16.2,11.9,23.6,7.0,19.6,8.5,16.2,7.6,16.1,13.1,16.9,8.5,20.1,7.0,24.5,7.8,14.8,7.8,16.9,12.6,14.1,7.7,14.1,7.0,0.0,0.0,0.0,0.0,0.0,0.0,0.0,0.0,0.0,0.0,0.0,0.0,0.0,0.0,0.0,0.0,0.0,0.0,0.0,0.0,0.0,0.0,0.0,0.0,0.0,0.0,0.0,0.0,0.0,0.0,0.0,0.0,0.0,0.0,0.0,0.0,0.0,0.0,0.0,0.0,0.0,0.0,0.0,0.0,0.0,0.0,0.0,0.0
2026-02-01T17:29:19.177284,62.1,9.9,0.0,187.9,running,26.2,7.0,69.4,8.4,13.4,11.3,21.5,10.0,25.2,8.6,16.1,9.2,42.7,10.4,30.1,13.2,18.9,15.5,13.4,14.7,16.9,7.7,19.7,7.0,47.9,13.1,23.1,7.7,19.3,7.0,21.1,8.5,14.7,8.5,27.3,9.1,22.5,7.7,21.8,9.7,22.5,13.5,21.3,10.5,23.2,7.1,22.5,7.0,0.0,0.0,0.0,0.0,0.0,0.0,0.0,0.0,0.0,0.0,0.0,0.0,0.0,0.0,0.0,0.0,0.0,0.0,0.0,0.0,0.0,0.0,0.0,0.0,0.0,0.0,0.0,0.0,0.0,0.0,0.0,0.0,0.0,0.0,0.0,0.0,0.0,0.0,0.0,0.0,0.0,0.0,0.0,0.0,0.0,0.0,0.0,0.0
2026-02-01T17:29:21.395724,64.3,2.5,0.0,187.9,running,19.3,7.0,98.6,7.8,15.5,9.2,17.5,7.7,19.7,8.4,13.4,7.8,37.1,9.9,21.1,11.9,16.9,11.9,14.1,8.5,13.4,8.4,22.2,7.7,16.2,10.6,21.8,7.7,15.5,8.4,19.6,7.7,16.3,9.2,16.9,9.2,13.4,7.7,14.7,7.1,14.9,7.6,14.7,10.6,16.3,7.7,21.8,7.0,0.0,0.0,0.0,0.0,0.0,0.0,0.0,0.0,0.0,0.0,0.0,0.0,0.0,0.0,0.0,0.0,0.0,0.0,0.0,0.0,0.0,0.0,0.0,0.0,0.0,0.0,0.0,0.0,0.0,0.0,0.0,0.0,0.0,0.0,0.0,0.0,0.0,0.0,0.0,0.0,0.0,0.0,0.0,0.0,0.0,0.0,0.0,0.0
2026-02-01T17:29:23.613998,66.5,6.5,0.0,187.9,running,12.6,7.0,98.6,7.0,12.0,7.1,11.2,7.0,9.2,7.7,9.9,7.7,35.0,7.7,15.6,14.3,9.2,9.9,7.7,7.1,12.6,7.0,9.9,7.7,9.2,12.6,14.7,7.7,14.8,7.7,12.0,8.5,13.3,7.8,11.9,7.0,12.7,7.7,14.1,7.0,12.5,8.5,12.1,9.2,13.3,7.0,12.0,7.0,0.0,0.0,0.0,0.0,0.0,0.0,0.0,0.0,0.0,0.0,0.0,0.0,0.0,0.0,0.0,0.0,0.0,0.0,0.0,0.0,0.0,0.0,0.0,0.0,0.0,0.0,0.0,0.0,0.0,0.0,0.0,0.0,0.0,0.0,0.0,0.0,0.0,0.0,0.0,0.0,0.0,0.0,0.0,0.0,0.0,0.0,0.0,0.0
2026-02-01T17:29:25.830747,68.8,6.0,0.0,187.9,running,0.7,0.0,100.0,0.0,9.9,0.0,4.9,0.7,0.7,0.0,2.8,0.0,34.7,0.0,11.8,1.4,2.1,3.6,2.8,0.0,7.7,0.0,8.4,0.0,7.0,0.0,7.0,0.0,11.3,0.0,5.6,0.0,5.6,0.7,4.2,0.0,3.5,0.0,4.2,0.0,3.5,1.4,0.7,2.8,3.6,0.0,4.3,0.0,0.0,0.0,0.0,0.0,0.0,0.0,0.0,0.0,0.0,0.0,0.0,0.0,0.0,0.0,0.0,0.0,0.0,0.0,0.0,0.0,0.0,0.0,0.0,0.0,0.0,0.0,0.0,0.0,0.0,0.0,0.0,0.0,0.0,0.0,0.0,0.0,0.0,0.0,0.0,0.0,0.0,0.0,0.0,0.0,0.0,0.0,0.0,0.0
2026-02-01T17:29:28.049087,71.0,2.9,0.0,187.9,running,9.2,7.8,97.9,7.7,9.2,15.3,9.3,7.9,11.2,8.4,11.2,8.4,38.0,7.9,15.9,13.0,9.9,8.3,12.6,7.6,13.4,7.7,15.5,7.7,9.9,8.4,10.6,7.0,14.1,8.5,11.9,7.7,12.0,9.6,12.5,7.7,9.8,7.7,10.6,7.7,10.5,8.3,9.0,9.2,10.4,7.7,10.4,7.7,0.0,0.0,0.0,0.0,0.0,0.0,0.0,0.0,0.0,0.0,0.0,0.0,0.0,0.0,0.0,0.0,0.0,0.0,0.0,0.0,0.0,0.0,0.0,0.0,0.0,0.0,0.0,0.0,0.0,0.0,0.0,0.0,0.0,0.0,0.0,0.0,0.0,0.0,0.0,0.0,0.0,0.0,0.0,0.0,0.0,0.0,0.0,0.0
2026-02-01T17:29:30.264336,73.2,16.8,0.0,187.9,running,11.9,7.0,98.6,7.2,13.4,7.8,13.2,7.6,9.2,7.8,11.3,8.5,31.7,8.3,15.0,8.4,12.7,11.2,9.2,7.8,11.3,7.8,9.9,7.0,9.9,8.5,12.0,7.0,11.3,7.0,9.9,9.2,17.0,7.1,13.5,7.1,12.1,7.7,10.6,7.7,10.6,9.9,9.9,10.5,11.3,7.7,10.6,7.7,0.0,0.0,0.0,0.0,0.0,0.0,0.0,0.0,0.0,0.0,0.0,0.0,0.0,0.0,0.0,0.0,0.0,0.0,0.0,0.0,0.0,0.0,0.0,0.0,0.0,0.0,0.0,0.0,0.0,0.0,0.0,0.0,0.0,0.0,0.0,0.0,0.0,0.0,0.0,0.0,0.0,0.0,0.0,0.0,0.0,0.0,0.0,0.0
2026-02-01T17:29:32.482222,75.4,3.8,0.0,187.9,running,14.2,6.3,97.2,6.2,17.6,6.3,14.7,8.4,15.6,7.0,8.5,9.2,38.7,7.7,25.2,9.0,12.7,14.9,12.7,7.0,13.6,6.3,12.7,7.1,13.6,12.0,12.1,7.1,14.0,10.6,12.7,7.0,14.1,9.2,15.6,7.0,13.4,7.1,16.9,9.2,16.1,9.8,12.8,10.6,19.1,6.4,16.9,7.8,0.0,0.0,0.0,0.0,0.0,0.0,0.0,0.0,0.0,0.0,0.0,0.0,0.0,0.0,0.0,0.0,0.0,0.0,0.0,0.0,0.0,0.0,0.0,0.0,0.0,0.0,0.0,0.0,0.0,0.0,0.0,0.0,0.0,0.0,0.0,0.0,0.0,0.0,0.0,0.0,0.0,0.0,0.0,0.0,0.0,0.0,0.0,0.0
2026-02-01T17:29:34.700093,77.6,9.3,0.0,187.9,running,14.1,7.7,98.6,7.7,23.8,9.9,20.4,10.6,19.3,7.7,13.3,11.9,39.2,7.7,25.9,10.4,10.6,15.4,16.3,9.2,16.1,8.5,16.2,7.7,14.0,9.9,17.6,7.7,15.4,12.6,16.2,9.2,14.8,9.2,21.1,7.7,19.7,8.4,17.6,7.7,19.9,8.6,17.6,11.8,17.6,7.7,18.4,12.7,0.0,0.0,0.0,0.0,0.0,0.0,0.0,0.0,0.0,0.0,0.0,0.0,0.0,0.0,0.0,0.0,0.0,0.0,0.0,0.0,0.0,0.0,0.0,0.0,0.0,0.0,0.0,0.0,0.0,0.0,0.0,0.0,0.0,0.0,0.0,0.0,0.0,0.0,0.0,0.0,0.0,0.0,0.0,0.0,0.0,0.0,0.0,0.0
2026-02-01T17:29:36.918038,79.8,96.2,0.0,187.9,running,14.1,8.5,99.3,7.7,20.4,8.3,20.6,8.3,16.8,7.7,12.7,9.0,40.8,9.0,22.2,12.4,11.2,11.3,12.6,7.0,13.4,8.3,16.8,7.7,16.2,8.4,13.2,9.1,14.8,10.4,12.6,8.4,11.2,9.8,16.7,8.3,13.4,8.4,16.1,8.4,12.6,8.3,13.9,8.5,12.6,9.1,11.9,8.4,0.0,0.0,0.0,0.0,0.0,0.0,0.0,0.0,0.0,0.0,0.0,0.0,0.0,0.0,0.0,0.0,0.0,0.0,0.0,0.0,0.0,0.0,0.0,0.0,0.0,0.0,0.0,0.0,0.0,0.0,0.0,0.0,0.0,0.0,0.0,0.0,0.0,0.0,0.0,0.0,0.0,0.0,0.0,0.0,0.0,0.0,0.0,0.0
2026-02-01T17:29:39.135999,82.1,5.4,0.0,187.9,running,4.9,0.7,99.3,0.0,12.7,0.0,2.8,0.7,6.3,0.0,1.4,1.4,29.8,0.0,12.8,4.9,0.7,5.0,5.0,0.0,2.8,5.0,4.2,0.0,6.3,3.5,3.5,0.0,4.3,1.4,4.9,0.7,2.8,1.4,2.1,1.4,4.9,0.0,3.5,2.1,2.8,0.7,2.8,2.8,5.7,0.0,2.1,1.4,0.0,0.0,0.0,0.0,0.0,0.0,0.0,0.0,0.0,0.0,0.0,0.0,0.0,0.0,0.0,0.0,0.0,0.0,0.0,0.0,0.0,0.0,0.0,0.0,0.0,0.0,0.0,0.0,0.0,0.0,0.0,0.0,0.0,0.0,0.0,0.0,0.0,0.0,0.0,0.0,0.0,0.0,0.0,0.0,0.0,0.0,0.0,0.0
2026-02-01T17:29:41.350116,84.3,6.2,0.0,187.9,running,13.3,7.0,45.2,9.9,84.6,7.0,15.5,9.2,10.5,7.0,11.2,8.5,33.8,7.0,16.1,12.3,12.0,7.7,12.0,7.7,11.3,7.7,14.1,7.0,15.3,7.7,12.7,7.7,13.4,11.3,9.2,9.1,13.4,7.8,11.3,9.0,10.6,7.0,13.3,8.4,15.5,8.5,10.5,10.5,11.2,7.7,11.1,8.5,0.0,0.0,0.0,0.0,0.0,0.0,0.0,0.0,0.0,0.0,0.0,0.0,0.0,0.0,0.0,0.0,0.0,0.0,0.0,0.0,0.0,0.0,0.0,0.0,0.0,0.0,0.0,0.0,0.0,0.0,0.0,0.0,0.0,0.0,0.0,0.0,0.0,0.0,0.0,0.0,0.0,0.0,0.0,0.0,0.0,0.0,0.0,0.0
2026-02-01T17:29:43.567230,86.5,7.2,0.0,187.9,running,12.7,8.5,65.5,7.0,49.7,7.1,11.3,7.7,12.0,7.8,13.5,7.7,36.4,8.5,20.7,8.5,12.5,9.9,14.0,7.9,9.8,7.8,12.6,7.7,12.7,9.3,12.0,7.8,13.4,8.6,16.2,7.0,9.9,8.5,11.3,7.8,12.7,7.0,12.7,9.2,13.4,7.9,12.7,15.1,12.7,7.7,12.0,9.9,0.0,0.0,0.0,0.0,0.0,0.0,0.0,0.0,0.0,0.0,0.0,0.0,0.0,0.0,0.0,0.0,0.0,0.0,0.0,0.0,0.0,0.0,0.0,0.0,0.0,0.0,0.0,0.0,0.0,0.0,0.0,0.0,0.0,0.0,0.0,0.0,0.0,0.0,0.0,0.0,0.0,0.0,0.0,0.0,0.0,0.0,0.0,0.0
2026-02-01T17:29:45.784082,88.7,2.8,0.0,187.9,running,12.0,9.8,97.9,7.8,12.0,8.4,11.9,7.8,7.8,13.4,10.5,7.7,45.8,8.5,21.5,7.8,12.0,10.3,10.6,7.0,9.9,7.7,12.0,7.8,12.0,8.4,12.0,7.0,12.0,9.0,9.2,8.3,10.5,7.0,13.3,7.8,12.7,7.8,14.2,9.1,13.5,6.8,14.2,11.7,13.5,7.8,13.5,7.1,0.0,0.0,0.0,0.0,0.0,0.0,0.0,0.0,0.0,0.0,0.0,0.0,0.0,0.0,0.0,0.0,0.0,0.0,0.0,0.0,0.0,0.0,0.0,0.0,0.0,0.0,0.0,0.0,0.0,0.0,0.0,0.0,0.0,0.0,0.0,0.0,0.0,0.0,0.0,0.0,0.0,0.0,0.0,0.0,0.0,0.0,0.0,0.0
2026-02-01T17:29:48.001624,90.9,3.6,0.0,187.9,running,8.5,7.0,98.6,6.9,9.9,7.0,8.5,7.7,11.1,6.3,8.5,6.5,39.2,7.0,12.1,7.0,7.8,14.8,9.2,8.5,9.2,7.7,9.9,7.0,11.3,6.3,8.6,6.3,9.2,9.2,7.7,7.1,7.7,6.3,7.8,6.3,9.9,6.9,9.9,15.2,9.8,7.1,9.2,9.8,9.1,6.9,10.9,6.3,0.0,0.0,0.0,0.0,0.0,0.0,0.0,0.0,0.0,0.0,0.0,0.0,0.0,0.0,0.0,0.0,0.0,0.0,0.0,0.0,0.0,0.0,0.0,0.0,0.0,0.0,0.0,0.0,0.0,0.0,0.0,0.0,0.0,0.0,0.0,0.0,0.0,0.0,0.0,0.0,0.0,0.0,0.0,0.0,0.0,0.0,0.0,0.0
2026-02-01T17:29:50.224874,93.1,86.6,0.0,187.9,running,8.4,6.3,100.0,4.9,7.0,4.9,7.0,4.9,5.6,4.9,7.7,4.8,38.2,4.9,11.8,6.2,5.6,9.7,6.3,4.9,7.0,4.9,13.3,4.9,8.4,9.0,8.3,4.9,6.3,8.3,6.3,6.2,7.0,4.9,5.6,4.9,6.3,6.2,6.9,4.9,6.3,6.2,6.3,9.9,6.3,4.9,6.1,4.9,0.0,0.0,0.0,0.0,0.0,0.0,0.0,0.0,0.0,0.0,0.0,0.0,0.0,0.0,0.0,0.0,0.0,0.0,0.0,0.0,0.0,0.0,0.0,0.0,0.0,0.0,0.0,0.0,0.0,0.0,0.0,0.0,0.0,0.0,0.0,0.0,0.0,0.0,0.0,0.0,0.0,0.0,0.0,0.0,0.0,0.0,0.0,0.0
2026-02-01T17:29:52.444229,95.4,13.5,0.0,187.9,running,6.3,2.1,99.3,2.1,16.1,2.1,7.7,2.1,4.2,2.1,6.3,2.1,24.5,2.1,7.7,3.5,2.8,11.6,6.3,11.2,6.3,2.1,7.7,2.1,4.2,2.8,4.2,2.8,2.8,4.2,7.0,2.1,3.5,2.1,2.8,2.1,2.8,2.1,3.5,2.1,4.2,2.1,3.5,5.6,2.8,2.1,2.8,2.1,0.0,0.0,0.0,0.0,0.0,0.0,0.0,0.0,0.0,0.0,0.0,0.0,0.0,0.0,0.0,0.0,0.0,0.0,0.0,0.0,0.0,0.0,0.0,0.0,0.0,0.0,0.0,0.0,0.0,0.0,0.0,0.0,0.0,0.0,0.0,0.0,0.0,0.0,0.0,0.0,0.0,0.0,0.0,0.0,0.0,0.0,0.0,0.0
2026-02-01T17:29:54.661441,97.6,10.2,0.0,187.9,running,11.9,8.5,99.3,7.8,13.4,7.1,14.1,8.6,11.3,7.9,12.8,7.9,36.4,7.9,18.9,8.5,15.5,13.9,14.8,7.1,12.0,9.2,16.1,7.9,14.9,7.8,14.1,7.8,13.4,7.1,19.0,8.5,14.1,7.9,17.7,7.9,14.8,7.9,15.6,8.4,13.5,8.5,14.1,8.5,17.0,7.1,14.2,9.3,0.0,0.0,0.0,0.0,0.0,0.0,0.0,0.0,0.0,0.0,0.0,0.0,0.0,0.0,0.0,0.0,0.0,0.0,0.0,0.0,0.0,0.0,0.0,0.0,0.0,0.0,0.0,0.0,0.0,0.0,0.0,0.0,0.0,0.0,0.0,0.0,0.0,0.0,0.0,0.0,0.0,0.0,0.0,0.0,0.0,0.0,0.0,0.0
2026-02-01T17:29:56.879253,99.8,2.4,0.0,187.9,running,12.5,8.5,97.2,12.2,11.3,7.7,12.7,9.5,10.5,12.1,11.2,11.2,43.0,8.4,23.4,8.4,17.7,13.8,13.4,9.1,16.9,10.0,21.7,7.7,11.3,8.5,18.3,11.2,16.2,9.0,12.6,9.1,11.3,8.4,14.8,11.1,14.7,11.2,13.4,12.4,14.8,7.1,14.9,9.2,15.5,11.2,14.8,8.4,0.0,0.0,0.0,0.0,0.0,0.0,0.0,0.0,0.0,0.0,0.0,0.0,0.0,0.0,0.0,0.0,0.0,0.0,0.0,0.0,0.0,0.0,0.0,0.0,0.0,0.0,0.0,0.0,0.0,0.0,0.0,0.0,0.0,0.0,0.0,0.0,0.0,0.0,0.0,0.0,0.0,0.0,0.0,0.0,0.0,0.0,0.0,0.0
2026-02-01T17:29:59.097370,102.0,9.4,0.0,187.9,running,20.7,8.4,99.3,5.9,12.0,9.2,17.6,10.1,18.2,5.4,12.0,6.4,32.2,7.7,21.8,7.8,20.8,15.4,13.4,7.8,15.5,7.7,12.1,7.0,15.5,7.8,15.5,5.9,16.1,9.1,19.6,8.5,14.1,9.1,15.2,7.6,18.3,5.3,19.6,6.5,16.1,11.9,18.9,12.0,20.8,5.4,16.8,8.5,0.0,0.0,0.0,0.0,0.0,0.0,0.0,0.0,0.0,0.0,0.0,0.0,0.0,0.0,0.0,0.0,0.0,0.0,0.0,0.0,0.0,0.0,0.0,0.0,0.0,0.0,0.0,0.0,0.0,0.0,0.0,0.0,0.0,0.0,0.0,0.0,0.0,0.0,0.0,0.0,0.0,0.0,0.0,0.0,0.0,0.0,0.0,0.0
2026-02-01T17:30:01.316780,104.2,100.0,0.0,187.9,running,10.6,7.0,100.0,7.6,11.3,9.7,11.3,6.9,16.8,6.9,8.5,7.7,38.0,7.0,17.5,7.6,13.4,15.2,12.0,7.7,14.1,7.0,11.2,7.7,11.8,9.0,15.5,7.0,10.6,9.7,12.0,7.0,9.1,7.0,16.2,9.0,14.1,7.6,23.8,6.9,16.9,8.4,16.1,10.5,16.8,6.9,16.2,8.3,0.0,0.0,0.0,0.0,0.0,0.0,0.0,0.0,0.0,0.0,0.0,0.0,0.0,0.0,0.0,0.0,0.0,0.0,0.0,0.0,0.0,0.0,0.0,0.0,0.0,0.0,0.0,0.0,0.0,0.0,0.0,0.0,0.0,0.0,0.0,0.0,0.0,0.0,0.0,0.0,0.0,0.0,0.0,0.0,0.0,0.0,0.0,0.0
2026-02-01T17:30:03.534353,106.5,4.4,0.0,187.9,running,4.9,0.0,98.6,0.7,2.8,0.7,4.9,0.0,2.8,0.0,2.8,2.1,24.6,3.5,12.6,0.0,5.7,11.0,4.9,0.0,7.0,0.0,6.3,0.0,2.1,2.8,7.0,0.0,3.5,0.7,5.0,0.7,3.5,7.1,4.9,0.7,2.8,0.0,7.7,1.4,8.5,2.1,4.9,2.8,2.8,0.0,3.6,2.8,0.0,0.0,0.0,0.0,0.0,0.0,0.0,0.0,0.0,0.0,0.0,0.0,0.0,0.0,0.0,0.0,0.0,0.0,0.0,0.0,0.0,0.0,0.0,0.0,0.0,0.0,0.0,0.0,0.0,0.0,0.0,0.0,0.0,0.0,0.0,0.0,0.0,0.0,0.0,0.0,0.0,0.0,0.0,0.0,0.0,0.0,0.0,0.0
2026-02-01T17:30:05.752341,108.7,4.7,0.0,187.9,running,12.6,7.7,97.2,7.0,16.2,10.6,14.1,7.7,11.3,7.7,12.1,7.7,47.2,9.2,26.1,7.7,18.2,14.5,13.4,10.6,16.3,7.7,21.3,8.5,14.2,8.5,15.6,7.7,14.0,8.5,11.2,9.8,12.1,9.2,16.2,9.1,15.3,7.7,11.9,11.3,13.5,8.4,14.1,12.0,14.8,8.5,14.6,8.5,0.0,0.0,0.0,0.0,0.0,0.0,0.0,0.0,0.0,0.0,0.0,0.0,0.0,0.0,0.0,0.0,0.0,0.0,0.0,0.0,0.0,0.0,0.0,0.0,0.0,0.0,0.0,0.0,0.0,0.0,0.0,0.0,0.0,0.0,0.0,0.0,0.0,0.0,0.0,0.0,0.0,0.0,0.0,0.0,0.0,0.0,0.0,0.0
2026-02-01T17:30:07.970144,110.9,3.7,0.0,187.9,running,9.1,7.0,98.6,7.0,10.4,7.0,11.9,7.7,10.6,7.7,8.4,7.7,40.6,7.0,19.6,7.7,9.8,14.4,8.5,7.7,10.6,9.0,10.6,7.7,10.6,8.5,16.1,7.7,12.7,8.5,12.6,6.3,10.5,7.7,14.7,7.7,14.8,7.7,12.0,7.7,14.1,9.9,19.7,10.6,13.4,7.7,13.4,7.7,0.0,0.0,0.0,0.0,0.0,0.0,0.0,0.0,0.0,0.0,0.0,0.0,0.0,0.0,0.0,0.0,0.0,0.0,0.0,0.0,0.0,0.0,0.0,0.0,0.0,0.0,0.0,0.0,0.0,0.0,0.0,0.0,0.0,0.0,0.0,0.0,0.0,0.0,0.0,0.0,0.0,0.0,0.0,0.0,0.0,0.0,0.0,0.0
2026-02-01T17:30:10.187916,113.1,4.9,0.0,187.9,running,9.2,7.8,98.6,7.7,10.6,7.7,9.9,7.7,12.6,7.7,10.5,7.7,44.1,7.7,20.7,9.8,23.1,11.2,11.2,8.3,11.3,14.9,16.8,7.7,12.0,7.8,11.3,7.7,12.1,7.8,11.3,7.7,11.8,7.7,16.1,7.7,12.6,7.7,16.0,7.7,14.0,8.5,14.7,10.5,15.4,7.7,14.6,7.7,0.0,0.0,0.0,0.0,0.0,0.0,0.0,0.0,0.0,0.0,0.0,0.0,0.0,0.0,0.0,0.0,0.0,0.0,0.0,0.0,0.0,0.0,0.0,0.0,0.0,0.0,0.0,0.0,0.0,0.0,0.0,0.0,0.0,0.0,0.0,0.0,0.0,0.0,0.0,0.0,0.0,0.0,0.0,0.0,0.0,0.0,0.0,0.0
2026-02-01T17:30:12.405442,115.3,3.6,0.0,187.9,running,4.9,14.1,98.6,7.8,7.8,7.8,11.3,7.1,10.6,7.1,12.5,7.1,34.0,7.8,14.9,7.1,11.3,7.8,11.3,9.2,9.1,7.0,9.9,7.1,7.8,8.4,8.4,7.1,8.4,7.0,8.5,7.1,11.1,7.1,7.9,7.1,7.8,7.1,8.5,7.8,7.1,7.1,8.5,8.5,8.4,7.7,8.6,7.1,0.0,0.0,0.0,0.0,0.0,0.0,0.0,0.0,0.0,0.0,0.0,0.0,0.0,0.0,0.0,0.0,0.0,0.0,0.0,0.0,0.0,0.0,0.0,0.0,0.0,0.0,0.0,0.0,0.0,0.0,0.0,0.0,0.0,0.0,0.0,0.0,0.0,0.0,0.0,0.0,0.0,0.0,0.0,0.0,0.0,0.0,0.0,0.0
2026-02-01T17:30:14.626865,117.6,7.8,0.0,187.9,running,1.4,0.0,99.3,0.0,1.4,0.7,3.5,0.7,4.2,0.0,0.7,0.0,29.9,0.0,8.3,0.0,2.1,2.1,2.1,0.7,1.4,1.4,2.1,0.0,1.4,0.0,3.5,0.0,4.2,0.7,2.8,0.0,4.2,0.0,2.8,0.7,3.5,0.0,2.1,0.7,2.1,0.0,1.4,1.4,1.4,0.0,2.8,0.7,0.0,0.0,0.0,0.0,0.0,0.0,0.0,0.0,0.0,0.0,0.0,0.0,0.0,0.0,0.0,0.0,0.0,0.0,0.0,0.0,0.0,0.0,0.0,0.0,0.0,0.0,0.0,0.0,0.0,0.0,0.0,0.0,0.0,0.0,0.0,0.0,0.0,0.0,0.0,0.0,0.0,0.0,0.0,0.0,0.0,0.0,0.0,0.0
2026-02-01T17:30:16.844912,119.8,5.7,0.0,187.9,running,13.8,7.0,99.3,6.4,9.2,7.8,9.2,8.5,12.6,7.9,10.6,7.8,56.3,7.0,13.4,7.8,10.6,7.7,14.0,7.8,14.1,7.9,35.9,7.8,12.7,7.1,11.3,8.0,16.8,7.8,11.3,8.5,16.9,7.1,12.1,7.1,13.9,7.1,9.9,7.1,9.9,7.7,9.9,10.5,9.2,7.1,9.9,7.1,0.0,0.0,0.0,0.0,0.0,0.0,0.0,0.0,0.0,0.0,0.0,0.0,0.0,0.0,0.0,0.0,0.0,0.0,0.0,0.0,0.0,0.0,0.0,0.0,0.0,0.0,0.0,0.0,0.0,0.0,0.0,0.0,0.0,0.0,0.0,0.0,0.0,0.0,0.0,0.0,0.0,0.0,0.0,0.0,0.0,0.0,0.0,0.0
2026-02-01T17:30:19.063249,122.0,4.8,0.0,187.9,running,7.7,7.7,98.6,7.0,11.6,7.0,9.2,7.7,10.4,7.0,16.3,7.0,46.2,7.0,14.8,7.7,12.7,7.0,9.9,9.9,9.7,7.0,10.7,7.0,8.5,7.0,7.7,6.9,12.7,8.5,10.0,7.0,9.9,7.7,7.7,7.7,8.5,7.7,8.4,7.0,8.4,7.0,7.7,9.8,8.4,7.7,7.7,8.5,0.0,0.0,0.0,0.0,0.0,0.0,0.0,0.0,0.0,0.0,0.0,0.0,0.0,0.0,0.0,0.0,0.0,0.0,0.0,0.0,0.0,0.0,0.0,0.0,0.0,0.0,0.0,0.0,0.0,0.0,0.0,0.0,0.0,0.0,0.0,0.0,0.0,0.0,0.0,0.0,0.0,0.0,0.0,0.0,0.0,0.0,0.0,0.0
2026-02-01T17:30:21.281015,124.2,5.4,0.0,187.9,running,12.5,7.7,97.9,7.7,25.5,7.0,7.7,7.8,9.8,7.1,9.2,7.8,45.1,7.0,20.0,7.1,9.9,7.1,12.8,9.8,10.6,7.1,16.8,7.1,9.7,7.0,12.6,7.0,11.8,7.7,7.7,8.4,9.1,7.1,9.2,7.1,9.2,8.5,9.2,7.1,8.5,7.1,7.8,7.0,7.8,7.1,7.1,14.2,0.0,0.0,0.0,0.0,0.0,0.0,0.0,0.0,0.0,0.0,0.0,0.0,0.0,0.0,0.0,0.0,0.0,0.0,0.0,0.0,0.0,0.0,0.0,0.0,0.0,0.0,0.0,0.0,0.0,0.0,0.0,0.0,0.0,0.0,0.0,0.0,0.0,0.0,0.0,0.0,0.0,0.0,0.0,0.0,0.0,0.0,0.0,0.0
2026-02-01T17:30:23.498591,126.4,6.6,0.0,187.9,running,11.7,9.2,98.6,7.0,23.9,8.0,9.0,7.7,9.2,7.7,9.8,7.0,49.0,7.7,14.5,7.7,9.9,8.5,11.9,12.0,12.0,7.7,18.9,7.0,10.0,7.0,7.7,7.0,10.6,7.7,9.0,7.0,9.1,7.0,10.5,7.0,8.4,7.0,9.9,7.0,8.5,7.0,8.5,7.8,8.5,9.1,9.8,7.0,0.0,0.0,0.0,0.0,0.0,0.0,0.0,0.0,0.0,0.0,0.0,0.0,0.0,0.0,0.0,0.0,0.0,0.0,0.0,0.0,0.0,0.0,0.0,0.0,0.0,0.0,0.0,0.0,0.0,0.0,0.0,0.0,0.0,0.0,0.0,0.0,0.0,0.0,0.0,0.0,0.0,0.0,0.0,0.0,0.0,0.0,0.0,0.0
2026-02-01T17:30:25.715944,128.6,5.8,0.0,187.9,running,8.5,6.3,98.6,6.3,15.1,9.0,14.9,7.0,10.6,6.3,7.7,6.3,38.9,7.0,10.0,6.3,11.3,8.5,10.4,7.7,10.4,7.0,11.3,7.0,9.1,7.8,11.3,7.1,9.9,7.7,8.6,7.0,7.8,7.0,9.9,7.0,9.2,7.0,8.5,6.3,8.5,6.3,8.5,12.0,9.9,7.0,9.9,7.0,0.0,0.0,0.0,0.0,0.0,0.0,0.0,0.0,0.0,0.0,0.0,0.0,0.0,0.0,0.0,0.0,0.0,0.0,0.0,0.0,0.0,0.0,0.0,0.0,0.0,0.0,0.0,0.0,0.0,0.0,0.0,0.0,0.0,0.0,0.0,0.0,0.0,0.0,0.0,0.0,0.0,0.0,0.0,0.0,0.0,0.0,0.0,0.0
2026-02-01T17:30:27.933806,130.9,4.5,0.0,187.9,running,4.2,0.0,100.0,0.0,10.3,0.0,3.5,0.0,0.7,0.0,4.2,0.0,33.3,0.7,5.6,1.4,1.4,0.0,4.9,0.0,2.8,0.7,9.1,0.0,0.7,0.7,4.9,0.0,6.9,1.4,1.4,0.7,0.0,0.0,1.4,0.0,2.8,0.0,2.8,0.0,1.4,0.0,1.4,2.1,1.4,0.7,1.4,0.0,0.0,0.0,0.0,0.0,0.0,0.0,0.0,0.0,0.0,0.0,0.0,0.0,0.0,0.0,0.0,0.0,0.0,0.0,0.0,0.0,0.0,0.0,0.0,0.0,0.0,0.0,0.0,0.0,0.0,0.0,0.0,0.0,0.0,0.0,0.0,0.0,0.0,0.0,0.0,0.0,0.0,0.0,0.0,0.0,0.0,0.0,0.0,0.0
2026-02-01T17:30:30.150991,133.1,2.2,0.0,187.9,running,14.6,7.7,98.6,8.5,14.5,9.3,11.3,9.2,11.2,8.5,10.6,6.5,45.1,9.8,15.5,8.5,18.6,8.5,16.9,9.9,11.3,8.5,19.1,7.7,11.9,7.7,9.8,14.7,10.6,7.8,9.8,7.7,9.1,8.4,9.2,7.7,9.3,7.7,7.7,7.7,9.2,7.0,11.2,10.5,10.6,8.5,9.8,8.5,0.0,0.0,0.0,0.0,0.0,0.0,0.0,0.0,0.0,0.0,0.0,0.0,0.0,0.0,0.0,0.0,0.0,0.0,0.0,0.0,0.0,0.0,0.0,0.0,0.0,0.0,0.0,0.0,0.0,0.0,0.0,0.0,0.0,0.0,0.0,0.0,0.0,0.0,0.0,0.0,0.0,0.0,0.0,0.0,0.0,0.0,0.0,0.0
2026-02-01T17:30:32.368158,135.3,3.3,0.0,187.9,running,11.1,6.3,99.3,7.7,9.8,12.7,9.9,8.5,11.3,7.0,8.5,7.0,46.9,7.0,13.5,6.3,11.7,7.7,12.0,7.7,9.9,7.7,12.0,7.0,9.2,7.7,10.6,7.0,11.3,8.5,10.6,7.0,8.5,7.0,8.5,7.7,8.4,7.0,8.5,7.0,8.5,7.7,8.4,11.8,7.0,7.0,7.8,6.3,0.0,0.0,0.0,0.0,0.0,0.0,0.0,0.0,0.0,0.0,0.0,0.0,0.0,0.0,0.0,0.0,0.0,0.0,0.0,0.0,0.0,0.0,0.0,0.0,0.0,0.0,0.0,0.0,0.0,0.0,0.0,0.0,0.0,0.0,0.0,0.0,0.0,0.0,0.0,0.0,0.0,0.0,0.0,0.0,0.0,0.0,0.0,0.0
2026-02-01T17:30:34.584900,137.5,2.6,0.0,187.9,running,8.5,7.0,98.6,7.1,11.8,7.0,9.1,7.0,7.8,7.1,7.7,7.0,36.4,7.1,11.9,7.1,8.5,9.0,9.2,7.0,8.5,7.0,9.1,7.1,7.7,8.5,9.8,7.0,10.5,7.0,9.2,7.8,7.0,14.1,8.5,8.5,9.8,7.1,9.1,7.8,9.8,7.8,8.5,10.6,7.8,7.7,8.5,7.1,0.0,0.0,0.0,0.0,0.0,0.0,0.0,0.0,0.0,0.0,0.0,0.0,0.0,0.0,0.0,0.0,0.0,0.0,0.0,0.0,0.0,0.0,0.0,0.0,0.0,0.0,0.0,0.0,0.0,0.0,0.0,0.0,0.0,0.0,0.0,0.0,0.0,0.0,0.0,0.0,0.0,0.0,0.0,0.0,0.0,0.0,0.0,0.0
2026-02-01T17:30:36.801966,139.7,5.8,0.0,187.9,running,8.4,7.0,98.7,8.3,11.1,7.7,9.9,8.5,8.5,7.0,9.2,7.0,41.0,7.0,12.6,7.0,9.9,9.2,17.6,7.8,11.3,7.0,17.5,7.0,8.6,7.0,10.4,7.0,12.7,7.0,9.9,7.7,10.6,8.4,9.2,7.0,9.0,7.0,7.1,7.0,8.3,7.0,8.5,7.0,10.5,7.0,9.2,7.0,0.0,0.0,0.0,0.0,0.0,0.0,0.0,0.0,0.0,0.0,0.0,0.0,0.0,0.0,0.0,0.0,0.0,0.0,0.0,0.0,0.0,0.0,0.0,0.0,0.0,0.0,0.0,0.0,0.0,0.0,0.0,0.0,0.0,0.0,0.0,0.0,0.0,0.0,0.0,0.0,0.0,0.0,0.0,0.0,0.0,0.0,0.0,0.0
2026-02-01T17:30:39.018715,141.9,5.7,0.0,187.9,running,11.3,7.8,98.6,7.0,10.6,8.4,10.5,8.5,10.4,7.7,10.4,7.9,52.4,7.0,12.8,7.1,10.6,8.5,12.0,9.7,10.7,8.4,20.1,7.0,12.7,7.0,10.6,7.7,12.8,9.2,7.7,7.1,9.0,7.0,9.2,7.0,9.9,7.7,9.2,7.1,12.3,7.7,8.5,17.5,8.4,7.1,8.5,7.1,0.0,0.0,0.0,0.0,0.0,0.0,0.0,0.0,0.0,0.0,0.0,0.0,0.0,0.0,0.0,0.0,0.0,0.0,0.0,0.0,0.0,0.0,0.0,0.0,0.0,0.0,0.0,0.0,0.0,0.0,0.0,0.0,0.0,0.0,0.0,0.0,0.0,0.0,0.0,0.0,0.0,0.0,0.0,0.0,0.0,0.0,0.0,0.0
2026-02-01T17:30:41.237217,144.2,3.2,0.0,187.9,running,4.9,0.7,100.0,0.0,7.7,0.7,10.6,0.0,2.8,1.4,4.2,1.4,31.7,0.0,2.8,0.7,2.8,0.7,1.4,0.7,0.7,0.7,9.8,0.0,4.9,0.0,4.2,0.0,2.1,0.7,1.4,0.0,0.7,0.0,5.6,0.0,2.1,0.0,4.9,0.7,7.6,0.0,1.4,0.0,2.1,0.0,1.4,0.0,0.0,0.0,0.0,0.0,0.0,0.0,0.0,0.0,0.0,0.0,0.0,0.0,0.0,0.0,0.0,0.0,0.0,0.0,0.0,0.0,0.0,0.0,0.0,0.0,0.0,0.0,0.0,0.0,0.0,0.0,0.0,0.0,0.0,0.0,0.0,0.0,0.0,0.0,0.0,0.0,0.0,0.0,0.0,0.0,0.0,0.0,0.0,0.0
2026-02-01T17:30:43.454482,146.4,7.1,0.0,187.9,running,13.3,7.0,98.6,7.0,9.9,8.5,9.2,7.0,9.9,7.8,9.9,7.7,47.9,7.7,13.6,7.0,14.8,8.3,12.0,9.2,11.3,7.7,27.3,7.7,12.9,7.7,9.2,7.7,9.9,7.8,9.2,10.6,9.2,8.5,8.5,8.5,9.9,7.7,9.2,8.5,14.3,8.5,9.9,11.2,7.7,9.7,7.7,9.2,0.0,0.0,0.0,0.0,0.0,0.0,0.0,0.0,0.0,0.0,0.0,0.0,0.0,0.0,0.0,0.0,0.0,0.0,0.0,0.0,0.0,0.0,0.0,0.0,0.0,0.0,0.0,0.0,0.0,0.0,0.0,0.0,0.0,0.0,0.0,0.0,0.0,0.0,0.0,0.0,0.0,0.0,0.0,0.0,0.0,0.0,0.0,0.0
2026-02-01T17:30:45.671480,148.6,4.2,0.0,187.9,running,9.2,7.0,38.8,13.4,73.2,7.0,10.7,7.8,8.4,7.0,9.8,7.0,47.2,7.0,17.1,7.0,12.0,7.7,9.8,9.1,14.0,7.1,12.5,7.0,9.8,8.5,10.6,7.7,14.1,7.7,10.5,7.1,9.2,7.7,9.9,7.0,10.5,8.4,9.2,7.7,16.2,8.9,9.2,11.2,10.5,7.7,10.6,8.4,0.0,0.0,0.0,0.0,0.0,0.0,0.0,0.0,0.0,0.0,0.0,0.0,0.0,0.0,0.0,0.0,0.0,0.0,0.0,0.0,0.0,0.0,0.0,0.0,0.0,0.0,0.0,0.0,0.0,0.0,0.0,0.0,0.0,0.0,0.0,0.0,0.0,0.0,0.0,0.0,0.0,0.0,0.0,0.0,0.0,0.0,0.0,0.0
2026-02-01T17:30:47.887528,150.8,7.4,0.0,187.9,running,10.4,7.8,55.6,9.1,54.2,7.8,7.7,7.7,11.3,7.7,14.1,8.5,52.4,7.7,14.8,8.5,10.5,10.3,14.7,10.5,12.0,7.0,11.3,7.1,14.2,7.7,13.3,7.7,12.7,7.0,9.0,14.6,9.0,7.8,9.1,7.8,11.1,7.0,9.8,7.7,12.4,6.2,7.7,9.2,9.1,7.7,9.1,8.4,0.0,0.0,0.0,0.0,0.0,0.0,0.0,0.0,0.0,0.0,0.0,0.0,0.0,0.0,0.0,0.0,0.0,0.0,0.0,0.0,0.0,0.0,0.0,0.0,0.0,0.0,0.0,0.0,0.0,0.0,0.0,0.0,0.0,0.0,0.0,0.0,0.0,0.0,0.0,0.0,0.0,0.0,0.0,0.0,0.0,0.0,0.0,0.0
2026-02-01T17:30:50.104123,153.0,2.7,0.0,187.9,running,10.0,7.0,97.9,7.1,12.7,7.0,7.7,7.7,9.2,7.7,9.2,13.5,42.7,7.1,11.3,9.2,11.3,7.8,9.8,8.5,9.9,7.7,12.0,7.7,10.6,7.7,11.3,7.8,11.3,7.8,9.2,7.8,9.3,7.7,9.2,7.7,11.3,7.0,11.3,7.1,15.1,7.8,10.6,10.6,9.9,7.1,8.5,8.9,0.0,0.0,0.0,0.0,0.0,0.0,0.0,0.0,0.0,0.0,0.0,0.0,0.0,0.0,0.0,0.0,0.0,0.0,0.0,0.0,0.0,0.0,0.0,0.0,0.0,0.0,0.0,0.0,0.0,0.0,0.0,0.0,0.0,0.0,0.0,0.0,0.0,0.0,0.0,0.0,0.0,0.0,0.0,0.0,0.0,0.0,0.0,0.0
2026-02-01T17:30:52.321498,155.3,57.8,0.0,187.9,running,9.0,9.2,98.6,7.0,10.6,9.9,12.7,8.4,9.2,7.7,8.5,7.0,47.9,7.7,17.6,7.7,8.4,7.7,9.9,7.8,11.3,7.7,18.4,7.7,8.5,7.8,11.2,8.5,11.2,7.7,8.4,7.0,8.4,7.7,9.2,7.1,9.9,7.1,12.1,9.1,15.0,8.5,9.9,8.5,9.2,8.5,9.9,6.2,0.0,0.0,0.0,0.0,0.0,0.0,0.0,0.0,0.0,0.0,0.0,0.0,0.0,0.0,0.0,0.0,0.0,0.0,0.0,0.0,0.0,0.0,0.0,0.0,0.0,0.0,0.0,0.0,0.0,0.0,0.0,0.0,0.0,0.0,0.0,0.0,0.0,0.0,0.0,0.0,0.0,0.0,0.0,0.0,0.0,0.0,0.0,0.0
2026-02-01T17:30:54.538712,157.5,6.1,0.0,187.9,running,3.5,0.0,100.0,0.0,3.5,0.7,1.4,0.0,2.8,0.7,7.6,0.0,40.1,0.0,5.0,0.0,6.3,1.4,3.5,0.7,7.0,0.0,14.1,0.0,4.2,0.0,2.1,0.0,3.5,0.0,3.5,0.0,0.0,0.0,0.7,0.7,2.1,0.0,1.4,4.3,7.5,0.0,2.1,0.0,0.7,0.0,1.4,0.0,0.0,0.0,0.0,0.0,0.0,0.0,0.0,0.0,0.0,0.0,0.0,0.0,0.0,0.0,0.0,0.0,0.0,0.0,0.0,0.0,0.0,0.0,0.0,0.0,0.0,0.0,0.0,0.0,0.0,0.0,0.0,0.0,0.0,0.0,0.0,0.0,0.0,0.0,0.0,0.0,0.0,0.0,0.0,0.0,0.0,0.0,0.0,0.0
2026-02-01T17:30:56.755610,159.7,5.5,0.0,187.9,running,7.8,7.7,97.9,7.7,12.1,7.8,10.6,7.7,14.1,7.7,8.5,7.7,49.3,7.7,16.0,7.7,9.1,9.9,15.4,8.5,9.8,7.8,11.3,7.7,11.3,8.4,11.3,7.7,13.4,7.7,9.1,8.5,9.1,8.4,9.0,8.5,7.7,7.7,9.2,7.7,11.8,7.7,8.5,10.6,8.5,7.8,9.2,7.7,0.0,0.0,0.0,0.0,0.0,0.0,0.0,0.0,0.0,0.0,0.0,0.0,0.0,0.0,0.0,0.0,0.0,0.0,0.0,0.0,0.0,0.0,0.0,0.0,0.0,0.0,0.0,0.0,0.0,0.0,0.0,0.0,0.0,0.0,0.0,0.0,0.0,0.0,0.0,0.0,0.0,0.0,0.0,0.0,0.0,0.0,0.0,0.0
2026-02-01T17:30:58.972404,161.9,6.1,0.0,187.9,running,12.0,9.1,98.6,7.7,14.1,7.0,9.2,7.0,13.1,7.1,10.3,7.7,46.2,7.0,18.9,9.2,9.9,7.6,8.6,8.5,10.6,7.0,17.5,7.0,10.6,7.1,9.2,7.7,9.9,7.1,7.1,8.5,8.5,9.2,7.1,7.8,7.0,7.1,8.4,7.0,11.7,7.2,8.5,9.2,8.5,7.6,15.5,7.7,0.0,0.0,0.0,0.0,0.0,0.0,0.0,0.0,0.0,0.0,0.0,0.0,0.0,0.0,0.0,0.0,0.0,0.0,0.0,0.0,0.0,0.0,0.0,0.0,0.0,0.0,0.0,0.0,0.0,0.0,0.0,0.0,0.0,0.0,0.0,0.0,0.0,0.0,0.0,0.0,0.0,0.0,0.0,0.0,0.0,0.0,0.0,0.0
2026-02-01T17:31:01.189380,164.1,3.6,0.0,187.9,running,11.5,7.7,98.6,7.7,11.1,7.7,10.6,8.5,9.2,9.1,8.5,8.9,46.9,8.5,14.8,7.8,12.7,8.5,8.3,9.0,14.1,7.0,16.8,7.0,11.3,14.9,10.5,8.6,11.3,9.2,9.9,7.0,9.2,7.7,8.5,7.0,11.9,7.0,9.2,9.2,12.5,8.3,9.9,10.5,9.9,7.1,9.2,7.7,0.0,0.0,0.0,0.0,0.0,0.0,0.0,0.0,0.0,0.0,0.0,0.0,0.0,0.0,0.0,0.0,0.0,0.0,0.0,0.0,0.0,0.0,0.0,0.0,0.0,0.0,0.0,0.0,0.0,0.0,0.0,0.0,0.0,0.0,0.0,0.0,0.0,0.0,0.0,0.0,0.0,0.0,0.0,0.0,0.0,0.0,0.0,0.0
2026-02-01T17:31:03.407259,166.3,3.4,0.0,187.9,running,9.1,7.8,98.6,8.7,9.9,8.0,7.7,13.8,9.9,8.0,9.9,7.0,31.0,8.0,9.9,8.0,9.9,7.7,10.0,7.8,9.2,9.3,7.8,8.7,7.7,7.7,9.1,8.6,9.9,9.3,8.5,7.7,8.5,8.7,8.5,7.7,9.2,8.7,8.4,8.7,10.4,7.8,7.7,7.7,8.5,7.7,7.7,7.8,0.0,0.0,0.0,0.0,0.0,0.0,0.0,0.0,0.0,0.0,0.0,0.0,0.0,0.0,0.0,0.0,0.0,0.0,0.0,0.0,0.0,0.0,0.0,0.0,0.0,0.0,0.0,0.0,0.0,0.0,0.0,0.0,0.0,0.0,0.0,0.0,0.0,0.0,0.0,0.0,0.0,0.0,0.0,0.0,0.0,0.0,0.0,0.0
2026-02-01T17:31:05.619892,168.6,75.1,0.0,187.9,running,5.6,4.2,99.3,3.8,4.2,4.7,8.4,4.1,3.5,4.7,4.9,3.2,33.3,4.7,8.4,3.4,6.2,4.2,6.9,3.5,6.2,4.1,4.2,3.8,4.2,3.5,4.8,3.8,4.9,3.8,4.9,3.5,4.9,3.2,6.2,3.5,5.6,3.8,6.2,3.2,8.3,4.2,7.6,4.9,7.6,4.2,5.6,3.5,0.0,0.0,0.0,0.0,0.0,0.0,0.0,0.0,0.0,0.0,0.0,0.0,0.0,0.0,0.0,0.0,0.0,0.0,0.0,0.0,0.0,0.0,0.0,0.0,0.0,0.0,0.0,0.0,0.0,0.0,0.0,0.0,0.0,0.0,0.0,0.0,0.0,0.0,0.0,0.0,0.0,0.0,0.0,0.0,0.0,0.0,0.0,0.0
2026-02-01T17:31:07.835818,170.8,2.8,0.0,187.9,running,3.5,3.5,99.3,3.6,5.7,3.6,5.0,4.3,4.3,3.6,3.5,3.6,35.2,3.6,10.6,3.6,5.7,5.7,5.0,3.5,4.3,3.6,3.5,3.6,3.5,3.5,4.3,3.6,4.3,3.6,6.4,3.6,3.5,3.6,9.9,3.6,5.0,3.6,4.3,4.3,7.0,3.6,4.3,7.1,4.3,5.0,4.3,3.6,0.0,0.0,0.0,0.0,0.0,0.0,0.0,0.0,0.0,0.0,0.0,0.0,0.0,0.0,0.0,0.0,0.0,0.0,0.0,0.0,0.0,0.0,0.0,0.0,0.0,0.0,0.0,0.0,0.0,0.0,0.0,0.0,0.0,0.0,0.0,0.0,0.0,0.0,0.0,0.0,0.0,0.0,0.0,0.0,0.0,0.0,0.0,0.0
2026-02-01T17:31:10.052962,173.0,5.3,0.0,187.9,running,9.2,8.5,98.6,8.5,9.9,8.5,9.9,8.5,9.2,8.5,8.5,7.8,37.5,8.5,9.9,14.1,9.9,11.1,9.9,9.2,9.2,7.7,9.9,7.7,8.5,8.5,11.9,8.5,11.3,8.5,9.9,8.4,9.9,9.1,9.2,8.5,8.4,7.7,9.2,8.5,13.8,7.7,9.2,13.3,9.9,9.7,11.8,8.5,0.0,0.0,0.0,0.0,0.0,0.0,0.0,0.0,0.0,0.0,0.0,0.0,0.0,0.0,0.0,0.0,0.0,0.0,0.0,0.0,0.0,0.0,0.0,0.0,0.0,0.0,0.0,0.0,0.0,0.0,0.0,0.0,0.0,0.0,0.0,0.0,0.0,0.0,0.0,0.0,0.0,0.0,0.0,0.0,0.0,0.0,0.0,0.0
2026-02-01T17:31:12.269624,175.2,5.4,0.0,187.9,running,11.3,8.5,98.6,8.3,11.3,8.5,11.1,8.3,10.6,9.5,17.4,7.7,53.5,8.4,14.2,7.7,8.5,9.2,10.6,9.9,12.7,7.7,21.1,9.0,12.6,7.8,11.3,7.8,12.7,8.3,9.0,7.7,9.2,8.3,9.2,8.5,9.9,8.3,9.2,7.7,15.6,7.8,9.2,15.5,8.5,7.8,9.9,9.5,0.0,0.0,0.0,0.0,0.0,0.0,0.0,0.0,0.0,0.0,0.0,0.0,0.0,0.0,0.0,0.0,0.0,0.0,0.0,0.0,0.0,0.0,0.0,0.0,0.0,0.0,0.0,0.0,0.0,0.0,0.0,0.0,0.0,0.0,0.0,0.0,0.0,0.0,0.0,0.0,0.0,0.0,0.0,0.0,0.0,0.0,0.0,0.0
2026-02-01T17:31:14.486390,177.4,5.0,0.0,187.9,running,11.1,7.8,98.6,6.7,9.2,7.8,11.3,7.1,10.6,6.0,10.7,7.8,53.1,7.1,14.6,8.5,10.5,8.5,11.3,10.6,14.0,7.0,13.5,7.3,13.5,7.0,17.6,7.7,16.1,6.7,9.2,7.1,9.2,7.3,8.5,7.0,9.9,6.7,8.5,7.8,10.5,7.0,9.1,10.5,9.2,7.7,8.4,7.2,0.0,0.0,0.0,0.0,0.0,0.0,0.0,0.0,0.0,0.0,0.0,0.0,0.0,0.0,0.0,0.0,0.0,0.0,0.0,0.0,0.0,0.0,0.0,0.0,0.0,0.0,0.0,0.0,0.0,0.0,0.0,0.0,0.0,0.0,0.0,0.0,0.0,0.0,0.0,0.0,0.0,0.0,0.0,0.0,0.0,0.0,0.0,0.0
2026-02-01T17:31:16.703637,179.6,7.0,0.0,187.9,running,9.1,13.3,98.6,7.0,9.8,7.7,11.3,8.4,8.3,8.4,10.6,7.0,43.0,7.7,12.0,7.7,10.5,9.9,9.8,9.8,9.9,7.1,12.5,8.3,8.5,7.0,9.8,7.7,8.5,7.0,7.1,7.0,8.4,7.0,8.3,7.1,9.2,7.0,8.5,7.0,13.1,7.0,9.2,8.5,9.1,7.7,9.9,7.0,0.0,0.0,0.0,0.0,0.0,0.0,0.0,0.0,0.0,0.0,0.0,0.0,0.0,0.0,0.0,0.0,0.0,0.0,0.0,0.0,0.0,0.0,0.0,0.0,0.0,0.0,0.0,0.0,0.0,0.0,0.0,0.0,0.0,0.0,0.0,0.0,0.0,0.0,0.0,0.0,0.0,0.0,0.0,0.0,0.0,0.0,0.0,0.0
2026-02-01T17:31:18.918565,181.9,2.9,0.0,187.9,running,2.1,0.0,100.0,0.0,6.2,0.0,4.2,0.7,0.7,1.4,0.0,0.0,38.5,0.0,9.0,0.0,1.4,1.4,0.0,1.4,2.1,0.0,0.0,0.0,2.8,1.4,2.9,0.0,5.6,1.4,2.8,1.4,1.4,0.0,1.4,0.0,1.4,0.0,1.4,0.0,6.8,0.7,0.7,0.7,0.0,0.0,0.0,0.0,0.0,0.0,0.0,0.0,0.0,0.0,0.0,0.0,0.0,0.0,0.0,0.0,0.0,0.0,0.0,0.0,0.0,0.0,0.0,0.0,0.0,0.0,0.0,0.0,0.0,0.0,0.0,0.0,0.0,0.0,0.0,0.0,0.0,0.0,0.0,0.0,0.0,0.0,0.0,0.0,0.0,0.0,0.0,0.0,0.0,0.0,0.0,0.0
2026-02-01T17:31:21.135528,184.1,2.7,0.0,187.9,running,13.1,6.4,97.9,6.3,9.9,8.4,8.6,6.3,10.0,7.7,11.9,6.3,42.4,6.3,12.1,6.3,9.2,6.3,12.0,9.0,10.6,6.3,13.4,6.3,9.1,6.3,9.9,6.3,9.2,7.0,7.7,12.7,7.6,6.3,7.1,6.3,7.0,7.0,7.7,6.3,10.4,7.0,6.3,11.2,6.3,7.0,7.7,7.0,0.0,0.0,0.0,0.0,0.0,0.0,0.0,0.0,0.0,0.0,0.0,0.0,0.0,0.0,0.0,0.0,0.0,0.0,0.0,0.0,0.0,0.0,0.0,0.0,0.0,0.0,0.0,0.0,0.0,0.0,0.0,0.0,0.0,0.0,0.0,0.0,0.0,0.0,0.0,0.0,0.0,0.0,0.0,0.0,0.0,0.0,0.0,0.0
2026-02-01T17:31:23.352491,186.3,4.0,0.0,187.9,running,7.7,8.5,99.3,7.0,9.2,7.7,9.1,8.2,7.0,7.7,7.7,13.4,34.7,7.0,13.5,7.7,8.4,9.2,8.5,7.0,11.2,7.0,9.9,8.5,8.5,7.7,9.8,7.7,12.0,7.0,7.8,8.4,8.5,8.5,7.0,8.5,7.7,7.0,7.8,7.0,13.0,7.0,7.1,7.0,7.7,7.7,8.5,7.7,0.0,0.0,0.0,0.0,0.0,0.0,0.0,0.0,0.0,0.0,0.0,0.0,0.0,0.0,0.0,0.0,0.0,0.0,0.0,0.0,0.0,0.0,0.0,0.0,0.0,0.0,0.0,0.0,0.0,0.0,0.0,0.0,0.0,0.0,0.0,0.0,0.0,0.0,0.0,0.0,0.0,0.0,0.0,0.0,0.0,0.0,0.0,0.0
2026-02-01T17:31:25.569060,188.5,7.2,0.0,187.9,running,10.5,9.0,97.9,8.4,9.8,7.1,8.5,7.3,7.1,7.0,9.2,7.0,46.9,7.0,14.8,7.0,7.0,9.9,9.9,7.9,10.7,7.1,12.7,7.0,9.9,7.1,10.6,7.8,12.0,7.1,9.9,7.0,8.5,7.7,9.1,7.7,9.2,13.4,8.4,7.0,14.4,7.0,9.8,9.2,9.2,7.0,8.5,7.0,0.0,0.0,0.0,0.0,0.0,0.0,0.0,0.0,0.0,0.0,0.0,0.0,0.0,0.0,0.0,0.0,0.0,0.0,0.0,0.0,0.0,0.0,0.0,0.0,0.0,0.0,0.0,0.0,0.0,0.0,0.0,0.0,0.0,0.0,0.0,0.0,0.0,0.0,0.0,0.0,0.0,0.0,0.0,0.0,0.0,0.0,0.0,0.0
2026-02-01T17:31:27.786281,190.7,4.4,0.0,187.9,running,7.8,9.1,97.9,8.5,12.7,7.7,9.1,8.5,7.6,8.5,8.4,7.8,50.0,8.5,14.8,7.8,9.9,9.2,12.0,7.7,15.9,7.7,12.6,7.8,14.2,7.7,13.4,8.5,13.4,8.5,12.6,14.1,12.0,7.8,10.7,8.4,9.8,7.8,10.6,7.8,14.4,7.7,9.2,8.5,9.7,7.7,8.5,7.8,0.0,0.0,0.0,0.0,0.0,0.0,0.0,0.0,0.0,0.0,0.0,0.0,0.0,0.0,0.0,0.0,0.0,0.0,0.0,0.0,0.0,0.0,0.0,0.0,0.0,0.0,0.0,0.0,0.0,0.0,0.0,0.0,0.0,0.0,0.0,0.0,0.0,0.0,0.0,0.0,0.0,0.0,0.0,0.0,0.0,0.0,0.0,0.0
2026-02-01T17:31:30.004954,192.9,41.7,0.0,187.9,running,13.2,7.0,97.2,7.7,11.3,7.7,10.6,8.4,9.9,7.6,10.6,7.7,48.6,7.0,13.4,7.7,8.5,7.1,16.1,8.4,14.7,7.0,15.5,7.7,10.5,8.3,11.2,7.0,14.1,8.4,10.6,8.5,8.4,7.7,7.7,7.8,8.5,7.7,8.3,8.3,11.1,7.1,9.8,10.5,9.2,7.8,11.2,11.7,0.0,0.0,0.0,0.0,0.0,0.0,0.0,0.0,0.0,0.0,0.0,0.0,0.0,0.0,0.0,0.0,0.0,0.0,0.0,0.0,0.0,0.0,0.0,0.0,0.0,0.0,0.0,0.0,0.0,0.0,0.0,0.0,0.0,0.0,0.0,0.0,0.0,0.0,0.0,0.0,0.0,0.0,0.0,0.0,0.0,0.0,0.0,0.0
2026-02-01T17:31:32.221589,195.2,4.1,0.0,187.9,running,3.5,0.0,100.0,0.0,1.4,0.0,2.1,0.0,1.4,0.0,0.0,0.0,24.5,0.0,2.8,0.0,2.8,0.7,1.4,0.0,0.0,0.0,0.0,0.0,0.0,0.0,0.0,0.0,1.4,0.0,0.7,0.0,0.0,0.0,0.7,0.0,2.1,0.0,0.7,0.0,6.2,1.4,0.7,1.4,0.7,0.0,1.4,2.8,0.0,0.0,0.0,0.0,0.0,0.0,0.0,0.0,0.0,0.0,0.0,0.0,0.0,0.0,0.0,0.0,0.0,0.0,0.0,0.0,0.0,0.0,0.0,0.0,0.0,0.0,0.0,0.0,0.0,0.0,0.0,0.0,0.0,0.0,0.0,0.0,0.0,0.0,0.0,0.0,0.0,0.0,0.0,0.0,0.0,0.0,0.0,0.0
2026-02-01T17:31:34.438172,197.4,3.8,0.0,187.9,running,11.2,7.8,98.6,6.3,12.0,7.7,9.8,7.8,8.5,8.5,10.5,7.7,52.1,7.8,15.5,7.7,10.0,8.5,9.9,9.2,12.0,7.7,10.6,7.7,11.3,13.9,11.8,7.7,14.9,7.8,9.9,8.4,10.6,8.5,9.8,7.8,8.5,7.7,9.1,8.5,11.8,6.4,9.2,11.2,8.4,8.4,6.3,8.5,0.0,0.0,0.0,0.0,0.0,0.0,0.0,0.0,0.0,0.0,0.0,0.0,0.0,0.0,0.0,0.0,0.0,0.0,0.0,0.0,0.0,0.0,0.0,0.0,0.0,0.0,0.0,0.0,0.0,0.0,0.0,0.0,0.0,0.0,0.0,0.0,0.0,0.0,0.0,0.0,0.0,0.0,0.0,0.0,0.0,0.0,0.0,0.0
2026-02-01T17:31:36.654963,199.6,100.0,0.0,187.9,running,13.9,7.7,97.9,13.4,21.0,8.6,11.2,8.1,12.1,7.7,14.6,13.4,51.4,11.5,14.4,7.9,9.7,8.4,17.5,10.5,11.2,8.5,21.0,13.4,11.2,8.3,10.1,9.8,10.6,10.6,9.6,7.7,8.3,8.5,8.8,11.7,8.5,13.4,9.6,13.4,17.4,12.5,9.0,9.2,8.8,13.4,8.8,8.6,0.0,0.0,0.0,0.0,0.0,0.0,0.0,0.0,0.0,0.0,0.0,0.0,0.0,0.0,0.0,0.0,0.0,0.0,0.0,0.0,0.0,0.0,0.0,0.0,0.0,0.0,0.0,0.0,0.0,0.0,0.0,0.0,0.0,0.0,0.0,0.0,0.0,0.0,0.0,0.0,0.0,0.0,0.0,0.0,0.0,0.0,0.0,0.0
2026-02-01T17:31:38.872092,201.8,4.7,0.0,187.9,running,12.0,8.4,97.9,5.5,9.2,8.4,11.9,8.1,12.1,7.1,12.1,5.5,53.1,5.9,16.3,9.0,12.0,7.8,14.8,12.6,12.8,7.7,19.7,5.5,15.4,7.3,10.3,7.0,11.3,7.6,9.5,7.7,12.7,7.1,8.1,5.8,10.6,6.0,8.1,5.5,12.4,6.6,8.6,9.9,10.1,5.5,9.4,10.3,0.0,0.0,0.0,0.0,0.0,0.0,0.0,0.0,0.0,0.0,0.0,0.0,0.0,0.0,0.0,0.0,0.0,0.0,0.0,0.0,0.0,0.0,0.0,0.0,0.0,0.0,0.0,0.0,0.0,0.0,0.0,0.0,0.0,0.0,0.0,0.0,0.0,0.0,0.0,0.0,0.0,0.0,0.0,0.0,0.0,0.0,0.0,0.0
2026-02-01T17:31:41.088418,204.0,2.9,0.0,187.9,running,10.6,12.0,98.6,8.5,16.9,8.5,12.7,8.4,12.7,8.5,18.8,8.5,46.5,8.5,18.4,9.2,12.6,7.7,12.0,9.2,11.3,8.5,16.9,7.7,13.2,8.4,16.9,7.7,15.5,7.7,12.7,7.7,15.3,8.4,9.2,14.1,9.2,9.2,12.8,8.5,14.6,8.5,10.6,11.3,9.9,8.5,9.2,9.2,0.0,0.0,0.0,0.0,0.0,0.0,0.0,0.0,0.0,0.0,0.0,0.0,0.0,0.0,0.0,0.0,0.0,0.0,0.0,0.0,0.0,0.0,0.0,0.0,0.0,0.0,0.0,0.0,0.0,0.0,0.0,0.0,0.0,0.0,0.0,0.0,0.0,0.0,0.0,0.0,0.0,0.0,0.0,0.0,0.0,0.0,0.0,0.0
2026-02-01T17:31:43.306911,206.2,3.5,0.0,187.9,running,4.9,0.0,100.0,0.0,3.5,0.0,2.1,1.4,3.5,0.0,4.2,0.0,46.8,0.0,12.6,0.0,4.2,0.7,4.2,2.1,4.9,0.0,12.7,0.0,5.7,0.0,5.6,0.7,7.0,0.0,1.4,0.0,0.7,0.0,1.4,0.0,2.1,0.0,0.7,0.0,4.8,0.0,0.7,1.4,2.1,0.0,1.4,0.0,0.0,0.0,0.0,0.0,0.0,0.0,0.0,0.0,0.0,0.0,0.0,0.0,0.0,0.0,0.0,0.0,0.0,0.0,0.0,0.0,0.0,0.0,0.0,0.0,0.0,0.0,0.0,0.0,0.0,0.0,0.0,0.0,0.0,0.0,0.0,0.0,0.0,0.0,0.0,0.0,0.0,0.0,0.0,0.0,0.0,0.0,0.0,0.0
2026-02-01T17:31:45.523126,208.5,2.5,0.0,187.9,running,9.2,9.2,98.6,8.5,14.7,7.6,9.2,7.1,9.2,9.3,9.2,7.8,55.3,9.3,14.8,7.9,9.8,9.2,7.7,7.7,13.5,8.4,14.7,9.3,12.7,7.7,14.7,8.0,12.7,8.5,9.8,11.5,9.1,8.4,11.3,8.5,9.9,8.5,11.1,9.2,16.9,8.4,16.2,9.1,9.8,8.5,12.0,8.5,0.0,0.0,0.0,0.0,0.0,0.0,0.0,0.0,0.0,0.0,0.0,0.0,0.0,0.0,0.0,0.0,0.0,0.0,0.0,0.0,0.0,0.0,0.0,0.0,0.0,0.0,0.0,0.0,0.0,0.0,0.0,0.0,0.0,0.0,0.0,0.0,0.0,0.0,0.0,0.0,0.0,0.0,0.0,0.0,0.0,0.0,0.0,0.0
2026-02-01T17:31:47.740151,210.7,2.5,0.0,187.9,running,11.3,7.0,99.3,7.1,9.2,8.4,9.9,7.0,9.1,7.1,8.5,6.5,35.2,7.1,14.8,7.8,10.6,9.2,9.1,7.0,8.4,7.8,7.7,12.3,9.1,8.5,8.5,8.2,7.7,8.5,9.3,7.1,10.0,7.7,11.2,7.0,10.5,6.5,9.9,7.1,11.2,7.0,9.9,8.5,9.9,6.5,9.1,7.7,0.0,0.0,0.0,0.0,0.0,0.0,0.0,0.0,0.0,0.0,0.0,0.0,0.0,0.0,0.0,0.0,0.0,0.0,0.0,0.0,0.0,0.0,0.0,0.0,0.0,0.0,0.0,0.0,0.0,0.0,0.0,0.0,0.0,0.0,0.0,0.0,0.0,0.0,0.0,0.0,0.0,0.0,0.0,0.0,0.0,0.0,0.0,0.0
2026-02-01T17:31:49.956824,212.9,2.8,0.0,187.9,running,8.5,7.7,98.6,7.8,12.0,7.8,9.2,8.5,9.2,7.7,7.8,8.5,40.3,8.1,12.7,7.7,9.9,9.2,11.3,7.7,9.2,8.4,9.2,7.8,8.6,8.5,9.2,8.5,11.2,9.2,15.5,8.4,7.7,8.5,9.1,7.9,8.4,7.8,9.9,7.1,12.0,7.0,7.7,11.3,8.6,8.5,7.9,8.1,0.0,0.0,0.0,0.0,0.0,0.0,0.0,0.0,0.0,0.0,0.0,0.0,0.0,0.0,0.0,0.0,0.0,0.0,0.0,0.0,0.0,0.0,0.0,0.0,0.0,0.0,0.0,0.0,0.0,0.0,0.0,0.0,0.0,0.0,0.0,0.0,0.0,0.0,0.0,0.0,0.0,0.0,0.0,0.0,0.0,0.0,0.0,0.0
2026-02-01T17:31:52.173455,215.1,4.1,0.0,187.9,running,9.2,8.5,97.2,7.7,8.5,7.7,8.4,8.0,10.0,8.5,8.5,7.0,37.1,7.5,14.1,7.7,7.7,9.9,9.2,8.5,11.3,7.0,12.0,7.7,7.7,7.7,9.2,8.4,10.6,7.7,9.8,13.0,9.2,7.7,7.8,6.9,9.2,7.7,9.2,7.7,7.6,7.8,17.0,9.2,8.4,7.0,10.5,6.8,0.0,0.0,0.0,0.0,0.0,0.0,0.0,0.0,0.0,0.0,0.0,0.0,0.0,0.0,0.0,0.0,0.0,0.0,0.0,0.0,0.0,0.0,0.0,0.0,0.0,0.0,0.0,0.0,0.0,0.0,0.0,0.0,0.0,0.0,0.0,0.0,0.0,0.0,0.0,0.0,0.0,0.0,0.0,0.0,0.0,0.0,0.0,0.0
2026-02-01T17:31:54.391019,217.3,20.3,0.0,187.9,running,12.4,7.7,98.6,7.8,10.5,9.9,10.6,8.2,9.0,8.5,14.7,7.8,46.8,7.7,15.0,7.7,11.3,8.5,10.5,11.2,9.8,7.7,21.5,8.5,10.5,7.8,10.5,8.5,16.0,7.8,9.9,16.1,9.1,7.8,9.9,7.8,10.6,7.8,12.7,7.8,9.2,8.5,9.9,11.2,8.4,7.8,9.2,7.8,0.0,0.0,0.0,0.0,0.0,0.0,0.0,0.0,0.0,0.0,0.0,0.0,0.0,0.0,0.0,0.0,0.0,0.0,0.0,0.0,0.0,0.0,0.0,0.0,0.0,0.0,0.0,0.0,0.0,0.0,0.0,0.0,0.0,0.0,0.0,0.0,0.0,0.0,0.0,0.0,0.0,0.0,0.0,0.0,0.0,0.0,0.0,0.0
2026-02-01T17:31:56.607858,219.5,6.1,0.0,187.9,running,0.0,0.7,100.0,0.0,4.2,0.0,4.2,0.0,0.0,0.0,0.0,0.0,27.8,0.0,5.6,1.4,2.1,2.1,5.7,0.0,0.7,0.7,5.6,0.0,1.4,0.0,2.1,0.0,1.4,0.0,0.7,2.8,0.0,0.0,0.0,0.0,1.4,0.0,1.4,0.0,0.0,0.7,0.0,0.7,0.7,0.0,0.0,0.0,0.0,0.0,0.0,0.0,0.0,0.0,0.0,0.0,0.0,0.0,0.0,0.0,0.0,0.0,0.0,0.0,0.0,0.0,0.0,0.0,0.0,0.0,0.0,0.0,0.0,0.0,0.0,0.0,0.0,0.0,0.0,0.0,0.0,0.0,0.0,0.0,0.0,0.0,0.0,0.0,0.0,0.0,0.0,0.0,0.0,0.0,0.0,0.0
2026-02-01T17:31:58.825213,221.8,2.9,0.0,187.9,running,7.7,7.8,97.9,7.7,13.4,8.3,10.5,7.8,8.5,7.7,9.2,7.7,33.1,8.4,8.4,8.5,9.1,7.7,9.8,9.0,9.2,7.7,9.9,7.7,9.0,7.7,7.7,7.4,9.9,8.3,8.4,13.0,8.4,7.7,7.7,7.9,7.9,7.7,7.7,13.4,8.5,7.7,7.7,12.6,8.3,7.7,9.2,7.7,0.0,0.0,0.0,0.0,0.0,0.0,0.0,0.0,0.0,0.0,0.0,0.0,0.0,0.0,0.0,0.0,0.0,0.0,0.0,0.0,0.0,0.0,0.0,0.0,0.0,0.0,0.0,0.0,0.0,0.0,0.0,0.0,0.0,0.0,0.0,0.0,0.0,0.0,0.0,0.0,0.0,0.0,0.0,0.0,0.0,0.0,0.0,0.0
2026-02-01T17:32:01.042463,224.0,10.3,0.0,187.9,running,9.9,7.7,98.6,7.0,12.6,7.1,10.6,8.4,9.2,9.2,11.3,7.7,49.3,8.5,17.9,7.7,12.9,9.9,16.3,7.8,9.9,7.7,12.1,7.0,13.5,7.1,11.3,7.1,13.4,7.8,10.6,12.9,9.9,7.0,8.5,9.0,7.7,7.0,7.1,7.0,9.8,7.7,9.3,10.6,7.8,7.7,7.0,8.4,0.0,0.0,0.0,0.0,0.0,0.0,0.0,0.0,0.0,0.0,0.0,0.0,0.0,0.0,0.0,0.0,0.0,0.0,0.0,0.0,0.0,0.0,0.0,0.0,0.0,0.0,0.0,0.0,0.0,0.0,0.0,0.0,0.0,0.0,0.0,0.0,0.0,0.0,0.0,0.0,0.0,0.0,0.0,0.0,0.0,0.0,0.0,0.0
2026-02-01T17:32:03.259433,226.2,3.4,0.0,187.9,running,7.0,9.1,98.6,7.1,10.5,8.5,10.6,7.1,9.2,7.0,9.9,7.0,47.5,7.1,16.2,7.1,12.5,7.7,15.4,7.7,12.7,7.1,16.1,7.1,12.1,7.0,12.7,7.7,15.3,7.1,9.2,9.2,8.5,7.1,11.1,7.9,10.5,8.5,16.8,7.8,12.0,7.0,10.6,7.8,11.2,7.1,9.2,7.1,0.0,0.0,0.0,0.0,0.0,0.0,0.0,0.0,0.0,0.0,0.0,0.0,0.0,0.0,0.0,0.0,0.0,0.0,0.0,0.0,0.0,0.0,0.0,0.0,0.0,0.0,0.0,0.0,0.0,0.0,0.0,0.0,0.0,0.0,0.0,0.0,0.0,0.0,0.0,0.0,0.0,0.0,0.0,0.0,0.0,0.0,0.0,0.0
2026-02-01T17:32:05.476381,228.4,3.2,0.0,187.9,running,8.5,7.7,98.6,7.0,9.9,7.7,9.2,7.0,10.5,6.3,9.2,7.0,35.5,7.0,14.8,7.0,9.2,7.7,7.8,9.8,9.9,7.0,11.3,7.0,15.5,7.0,9.1,7.0,9.9,7.0,10.5,9.7,8.5,7.7,8.5,7.7,11.2,7.0,7.7,7.7,8.5,7.0,7.7,8.5,9.2,7.6,8.5,7.0,0.0,0.0,0.0,0.0,0.0,0.0,0.0,0.0,0.0,0.0,0.0,0.0,0.0,0.0,0.0,0.0,0.0,0.0,0.0,0.0,0.0,0.0,0.0,0.0,0.0,0.0,0.0,0.0,0.0,0.0,0.0,0.0,0.0,0.0,0.0,0.0,0.0,0.0,0.0,0.0,0.0,0.0,0.0,0.0,0.0,0.0,0.0,0.0
2026-02-01T17:32:07.698165,230.6,37.5,0.0,187.9,running,3.5,2.8,100.0,1.4,4.9,2.1,7.0,1.4,6.3,2.1,4.2,1.4,35.4,2.1,7.6,1.4,6.3,3.5,4.9,2.1,2.1,1.4,2.1,2.1,2.8,2.1,4.2,2.1,4.9,2.8,2.1,4.9,2.8,2.1,4.2,2.1,4.2,1.4,3.5,1.4,4.2,2.1,3.5,5.6,4.2,1.4,3.5,1.4,0.0,0.0,0.0,0.0,0.0,0.0,0.0,0.0,0.0,0.0,0.0,0.0,0.0,0.0,0.0,0.0,0.0,0.0,0.0,0.0,0.0,0.0,0.0,0.0,0.0,0.0,0.0,0.0,0.0,0.0,0.0,0.0,0.0,0.0,0.0,0.0,0.0,0.0,0.0,0.0,0.0,0.0,0.0,0.0,0.0,0.0,0.0,0.0
2026-02-01T17:32:09.915391,232.8,7.1,0.0,187.9,running,9.8,4.9,97.9,4.3,7.7,12.0,6.3,5.0,7.0,5.3,7.7,4.9,30.3,5.0,8.4,4.9,5.7,5.0,5.7,5.6,8.5,5.0,7.7,5.0,6.3,5.0,5.6,5.6,8.4,5.0,5.0,10.2,5.0,5.0,5.0,5.0,7.0,5.0,5.7,5.0,5.7,5.7,5.6,9.7,5.0,5.6,5.7,5.0,0.0,0.0,0.0,0.0,0.0,0.0,0.0,0.0,0.0,0.0,0.0,0.0,0.0,0.0,0.0,0.0,0.0,0.0,0.0,0.0,0.0,0.0,0.0,0.0,0.0,0.0,0.0,0.0,0.0,0.0,0.0,0.0,0.0,0.0,0.0,0.0,0.0,0.0,0.0,0.0,0.0,0.0,0.0,0.0,0.0,0.0,0.0,0.0
2026-02-01T17:32:12.132731,235.1,5.7,0.0,187.9,running,13.2,7.0,97.9,7.7,14.0,7.3,9.9,8.5,11.2,7.9,12.6,7.1,42.3,8.4,14.2,7.1,11.1,7.7,13.4,9.9,12.7,7.7,17.7,7.0,9.2,7.7,9.9,7.8,10.6,9.1,8.5,11.6,8.5,7.7,14.8,8.5,9.2,7.7,7.7,7.7,7.7,7.7,9.2,9.9,7.7,7.0,9.2,7.7,0.0,0.0,0.0,0.0,0.0,0.0,0.0,0.0,0.0,0.0,0.0,0.0,0.0,0.0,0.0,0.0,0.0,0.0,0.0,0.0,0.0,0.0,0.0,0.0,0.0,0.0,0.0,0.0,0.0,0.0,0.0,0.0,0.0,0.0,0.0,0.0,0.0,0.0,0.0,0.0,0.0,0.0,0.0,0.0,0.0,0.0,0.0,0.0
2026-02-01T17:32:14.349820,237.3,2.6,0.0,187.9,running,8.5,9.2,98.6,8.5,18.9,7.7,10.6,8.5,8.5,9.2,10.5,7.7,39.9,8.5,14.1,8.4,11.3,8.5,10.5,8.4,8.4,8.5,14.0,8.5,8.5,7.7,10.5,8.5,12.7,8.5,9.2,9.1,8.5,7.8,8.5,8.5,9.1,8.5,10.5,14.1,10.5,8.5,9.2,9.2,9.9,7.7,9.9,8.5,0.0,0.0,0.0,0.0,0.0,0.0,0.0,0.0,0.0,0.0,0.0,0.0,0.0,0.0,0.0,0.0,0.0,0.0,0.0,0.0,0.0,0.0,0.0,0.0,0.0,0.0,0.0,0.0,0.0,0.0,0.0,0.0,0.0,0.0,0.0,0.0,0.0,0.0,0.0,0.0,0.0,0.0,0.0,0.0,0.0,0.0,0.0,0.0
2026-02-01T17:32:16.566039,239.5,2.5,0.0,187.9,running,11.1,7.7,71.8,7.0,8.5,7.7,9.2,7.0,9.9,7.0,7.0,7.1,31.0,7.0,11.8,7.0,8.4,7.1,7.0,7.0,8.5,7.0,7.0,7.1,6.3,7.0,31.7,7.1,7.7,7.0,8.5,12.3,8.4,7.0,7.0,7.0,7.1,7.1,7.6,7.7,7.8,7.1,7.0,15.5,8.5,7.1,9.1,7.1,0.0,0.0,0.0,0.0,0.0,0.0,0.0,0.0,0.0,0.0,0.0,0.0,0.0,0.0,0.0,0.0,0.0,0.0,0.0,0.0,0.0,0.0,0.0,0.0,0.0,0.0,0.0,0.0,0.0,0.0,0.0,0.0,0.0,0.0,0.0,0.0,0.0,0.0,0.0,0.0,0.0,0.0,0.0,0.0,0.0,0.0,0.0,0.0
2026-02-01T17:32:18.784205,241.7,15.5,0.0,187.9,running,11.2,7.7,12.0,7.8,8.4,7.0,9.2,7.7,9.9,9.2,8.5,6.9,47.2,6.3,14.1,7.1,10.6,9.0,9.8,8.5,8.5,7.1,10.0,11.8,9.1,7.8,97.1,7.0,11.9,7.1,9.1,9.7,7.7,8.5,9.1,7.1,8.3,7.0,8.5,7.1,8.5,7.7,8.5,9.8,8.4,7.7,8.5,7.7,0.0,0.0,0.0,0.0,0.0,0.0,0.0,0.0,0.0,0.0,0.0,0.0,0.0,0.0,0.0,0.0,0.0,0.0,0.0,0.0,0.0,0.0,0.0,0.0,0.0,0.0,0.0,0.0,0.0,0.0,0.0,0.0,0.0,0.0,0.0,0.0,0.0,0.0,0.0,0.0,0.0,0.0,0.0,0.0,0.0,0.0,0.0,0.0
2026-02-01T17:32:21.001073,243.9,5.2,0.0,187.9,running,1.4,0.0,100.0,0.0,4.2,0.0,1.4,1.5,0.7,0.0,1.4,0.0,36.9,0.0,5.6,0.0,2.1,0.0,1.4,0.7,3.5,0.0,5.6,2.1,0.0,0.0,2.1,0.0,5.6,0.0,1.4,1.4,0.7,0.0,2.8,0.0,1.4,0.0,2.1,0.0,6.3,0.0,3.5,1.4,3.6,0.0,0.7,0.0,0.0,0.0,0.0,0.0,0.0,0.0,0.0,0.0,0.0,0.0,0.0,0.0,0.0,0.0,0.0,0.0,0.0,0.0,0.0,0.0,0.0,0.0,0.0,0.0,0.0,0.0,0.0,0.0,0.0,0.0,0.0,0.0,0.0,0.0,0.0,0.0,0.0,0.0,0.0,0.0,0.0,0.0,0.0,0.0,0.0,0.0,0.0,0.0
2026-02-01T17:32:23.218155,246.1,4.0,0.0,187.9,running,9.9,10.5,97.9,8.4,11.3,8.3,9.9,7.8,7.7,8.4,9.0,7.7,37.1,9.7,11.0,8.5,10.5,7.5,11.9,12.0,9.7,7.0,12.7,7.7,9.9,8.5,10.6,7.7,12.1,8.5,9.9,10.3,8.3,7.7,9.1,7.7,7.7,7.7,7.7,7.7,5.6,8.5,13.5,10.6,7.7,7.7,7.7,7.7,0.0,0.0,0.0,0.0,0.0,0.0,0.0,0.0,0.0,0.0,0.0,0.0,0.0,0.0,0.0,0.0,0.0,0.0,0.0,0.0,0.0,0.0,0.0,0.0,0.0,0.0,0.0,0.0,0.0,0.0,0.0,0.0,0.0,0.0,0.0,0.0,0.0,0.0,0.0,0.0,0.0,0.0,0.0,0.0,0.0,0.0,0.0,0.0
2026-02-01T17:32:25.434954,248.4,4.4,0.0,187.9,running,9.0,8.5,98.6,7.7,9.2,8.4,10.5,9.2,11.6,9.2,14.1,8.5,53.4,7.7,14.9,8.5,10.5,7.7,11.2,10.4,13.5,9.2,18.3,7.7,16.2,7.7,11.2,7.0,12.7,14.1,9.8,6.4,10.6,8.5,9.9,7.7,9.9,7.7,12.8,7.7,11.3,9.1,11.3,10.6,9.9,7.7,9.9,7.7,0.0,0.0,0.0,0.0,0.0,0.0,0.0,0.0,0.0,0.0,0.0,0.0,0.0,0.0,0.0,0.0,0.0,0.0,0.0,0.0,0.0,0.0,0.0,0.0,0.0,0.0,0.0,0.0,0.0,0.0,0.0,0.0,0.0,0.0,0.0,0.0,0.0,0.0,0.0,0.0,0.0,0.0,0.0,0.0,0.0,0.0,0.0,0.0
2026-02-01T17:32:27.652138,250.6,5.4,0.0,187.9,running,11.3,8.5,98.6,8.5,13.4,8.6,10.6,11.3,14.9,8.5,12.0,14.9,52.1,9.2,17.6,8.4,14.1,9.2,12.1,9.9,14.8,9.2,17.6,8.5,16.4,8.4,13.2,8.5,14.8,8.5,10.6,9.2,12.0,8.5,13.2,9.2,12.6,8.5,12.0,8.5,12.7,9.2,11.9,12.7,11.9,8.5,11.2,8.5,0.0,0.0,0.0,0.0,0.0,0.0,0.0,0.0,0.0,0.0,0.0,0.0,0.0,0.0,0.0,0.0,0.0,0.0,0.0,0.0,0.0,0.0,0.0,0.0,0.0,0.0,0.0,0.0,0.0,0.0,0.0,0.0,0.0,0.0,0.0,0.0,0.0,0.0,0.0,0.0,0.0,0.0,0.0,0.0,0.0,0.0,0.0,0.0
2026-02-01T17:32:29.869377,252.8,4.6,0.0,187.9,running,9.9,7.0,97.9,7.7,11.3,7.8,12.7,7.0,9.2,7.0,7.7,7.0,44.1,7.0,17.0,7.1,11.3,9.9,9.9,8.5,9.9,7.1,13.3,7.0,13.3,7.1,10.7,7.0,12.7,8.5,9.2,7.0,7.8,7.1,8.5,7.0,8.5,7.0,8.5,13.4,7.7,7.1,8.5,7.7,7.7,7.0,8.5,7.0,0.0,0.0,0.0,0.0,0.0,0.0,0.0,0.0,0.0,0.0,0.0,0.0,0.0,0.0,0.0,0.0,0.0,0.0,0.0,0.0,0.0,0.0,0.0,0.0,0.0,0.0,0.0,0.0,0.0,0.0,0.0,0.0,0.0,0.0,0.0,0.0,0.0,0.0,0.0,0.0,0.0,0.0,0.0,0.0,0.0,0.0,0.0,0.0
2026-02-01T17:32:32.094007,255.0,3.6,0.0,187.9,running,1.4,0.7,100.0,0.7,1.4,0.7,4.9,1.4,1.4,0.0,3.5,0.7,43.1,0.7,9.7,0.7,4.9,1.4,2.1,2.1,2.8,1.4,3.5,0.7,5.6,1.4,2.1,0.7,4.2,2.1,2.1,1.4,1.4,0.7,0.7,0.7,0.7,0.7,1.4,0.7,1.4,0.7,2.1,3.5,0.7,1.4,0.7,0.7,0.0,0.0,0.0,0.0,0.0,0.0,0.0,0.0,0.0,0.0,0.0,0.0,0.0,0.0,0.0,0.0,0.0,0.0,0.0,0.0,0.0,0.0,0.0,0.0,0.0,0.0,0.0,0.0,0.0,0.0,0.0,0.0,0.0,0.0,0.0,0.0,0.0,0.0,0.0,0.0,0.0,0.0,0.0,0.0,0.0,0.0,0.0,0.0
2026-02-01T17:32:34.310568,257.2,6.6,0.0,187.9,running,9.9,7.0,98.6,7.1,10.6,7.9,9.1,7.9,9.2,9.2,9.2,7.1,40.1,8.5,10.7,7.8,9.2,10.0,7.8,13.5,9.3,7.8,9.2,7.8,13.8,7.9,9.9,7.8,11.9,7.1,10.0,7.8,9.2,7.9,11.4,7.8,9.2,7.8,9.2,7.8,9.2,7.1,10.0,9.2,10.0,7.1,9.2,7.8,0.0,0.0,0.0,0.0,0.0,0.0,0.0,0.0,0.0,0.0,0.0,0.0,0.0,0.0,0.0,0.0,0.0,0.0,0.0,0.0,0.0,0.0,0.0,0.0,0.0,0.0,0.0,0.0,0.0,0.0,0.0,0.0,0.0,0.0,0.0,0.0,0.0,0.0,0.0,0.0,0.0,0.0,0.0,0.0,0.0,0.0,0.0,0.0
2026-02-01T17:32:36.527685,259.5,2.9,0.0,187.9,running,8.5,7.1,99.3,7.8,10.3,8.4,12.7,7.7,11.3,7.8,12.6,7.8,54.2,7.8,12.7,7.0,14.2,7.0,9.9,8.5,9.8,7.1,16.2,7.1,14.5,7.0,13.5,7.1,12.7,9.1,9.0,7.0,9.2,7.0,7.0,7.8,9.8,7.1,9.8,7.8,8.5,7.8,8.3,9.2,6.9,7.8,7.1,13.5,0.0,0.0,0.0,0.0,0.0,0.0,0.0,0.0,0.0,0.0,0.0,0.0,0.0,0.0,0.0,0.0,0.0,0.0,0.0,0.0,0.0,0.0,0.0,0.0,0.0,0.0,0.0,0.0,0.0,0.0,0.0,0.0,0.0,0.0,0.0,0.0,0.0,0.0,0.0,0.0,0.0,0.0,0.0,0.0,0.0,0.0,0.0,0.0
2026-02-01T17:32:38.744233,261.7,4.4,0.0,187.9,running,6.3,7.0,98.6,7.7,9.9,7.0,9.9,7.7,9.1,7.7,7.7,7.7,36.1,8.5,9.8,7.8,6.3,7.7,9.2,7.7,12.0,7.7,9.9,8.5,17.0,7.7,9.8,7.0,9.9,8.5,7.8,7.1,8.5,7.0,7.8,7.7,7.0,7.7,9.3,7.0,15.3,7.7,8.6,9.2,7.9,7.7,8.5,7.0,0.0,0.0,0.0,0.0,0.0,0.0,0.0,0.0,0.0,0.0,0.0,0.0,0.0,0.0,0.0,0.0,0.0,0.0,0.0,0.0,0.0,0.0,0.0,0.0,0.0,0.0,0.0,0.0,0.0,0.0,0.0,0.0,0.0,0.0,0.0,0.0,0.0,0.0,0.0,0.0,0.0,0.0,0.0,0.0,0.0,0.0,0.0,0.0
2026-02-01T17:32:40.960785,263.9,6.7,0.0,187.9,running,11.2,9.1,98.6,7.7,16.8,7.7,16.9,14.3,9.2,8.5,15.4,8.5,33.1,8.5,16.9,7.7,10.5,7.7,11.2,9.2,8.5,8.5,16.2,8.5,14.0,9.8,11.3,8.5,15.4,8.5,14.1,7.7,11.3,7.7,13.4,7.7,11.3,7.7,14.3,7.7,11.3,7.7,12.6,7.7,10.6,7.7,9.2,7.7,0.0,0.0,0.0,0.0,0.0,0.0,0.0,0.0,0.0,0.0,0.0,0.0,0.0,0.0,0.0,0.0,0.0,0.0,0.0,0.0,0.0,0.0,0.0,0.0,0.0,0.0,0.0,0.0,0.0,0.0,0.0,0.0,0.0,0.0,0.0,0.0,0.0,0.0,0.0,0.0,0.0,0.0,0.0,0.0,0.0,0.0,0.0,0.0
2026-02-01T17:32:43.177780,266.1,100.0,0.0,187.9,running,9.9,7.7,100.0,7.0,10.5,8.3,9.9,8.2,9.1,7.7,9.9,7.0,54.2,6.3,11.3,7.0,9.9,7.7,8.5,8.5,10.6,6.9,16.2,7.0,11.2,7.0,13.2,7.0,13.4,8.3,11.8,7.0,10.4,7.0,10.5,7.0,7.7,7.0,14.3,7.7,7.7,7.7,7.7,8.5,7.7,7.7,9.1,7.0,0.0,0.0,0.0,0.0,0.0,0.0,0.0,0.0,0.0,0.0,0.0,0.0,0.0,0.0,0.0,0.0,0.0,0.0,0.0,0.0,0.0,0.0,0.0,0.0,0.0,0.0,0.0,0.0,0.0,0.0,0.0,0.0,0.0,0.0,0.0,0.0,0.0,0.0,0.0,0.0,0.0,0.0,0.0,0.0,0.0,0.0,0.0,0.0
2026-02-01T17:32:45.393784,268.3,2.4,0.0,187.9,running,2.1,0.0,98.6,0.0,1.4,0.0,2.8,1.4,1.4,0.0,3.5,0.0,35.0,0.0,3.5,0.0,2.8,0.7,2.8,0.7,4.2,0.0,8.5,0.7,1.4,1.4,0.7,0.0,4.2,2.1,0.0,0.7,0.0,0.0,7.0,0.0,0.7,0.0,3.5,0.0,0.7,0.0,2.8,4.2,2.8,0.0,2.1,0.0,0.0,0.0,0.0,0.0,0.0,0.0,0.0,0.0,0.0,0.0,0.0,0.0,0.0,0.0,0.0,0.0,0.0,0.0,0.0,0.0,0.0,0.0,0.0,0.0,0.0,0.0,0.0,0.0,0.0,0.0,0.0,0.0,0.0,0.0,0.0,0.0,0.0,0.0,0.0,0.0,0.0,0.0,0.0,0.0,0.0,0.0,0.0,0.0
2026-02-01T17:32:47.610790,270.5,4.5,0.0,187.9,running,9.2,7.7,98.6,7.7,9.2,7.7,9.0,8.5,8.6,7.7,7.7,9.1,35.4,8.5,11.9,14.2,7.7,8.4,11.2,7.8,8.5,7.1,8.5,7.7,7.7,7.1,7.7,7.0,11.2,8.5,10.5,7.7,8.5,7.0,7.9,7.7,7.7,7.0,12.4,7.0,9.2,7.7,7.7,9.2,7.8,7.7,7.7,7.7,0.0,0.0,0.0,0.0,0.0,0.0,0.0,0.0,0.0,0.0,0.0,0.0,0.0,0.0,0.0,0.0,0.0,0.0,0.0,0.0,0.0,0.0,0.0,0.0,0.0,0.0,0.0,0.0,0.0,0.0,0.0,0.0,0.0,0.0,0.0,0.0,0.0,0.0,0.0,0.0,0.0,0.0,0.0,0.0,0.0,0.0,0.0,0.0
2026-02-01T17:32:49.828297,272.8,4.2,0.0,187.9,running,7.7,6.3,98.6,7.1,9.9,7.0,9.9,7.0,9.0,7.1,9.2,7.0,41.4,7.0,10.0,7.6,7.0,8.5,10.6,9.1,9.7,7.6,13.3,7.1,10.6,7.0,9.9,7.8,10.6,7.0,9.9,7.1,7.8,7.1,9.0,7.1,9.2,7.8,16.9,7.8,8.4,7.0,8.5,15.4,8.5,7.1,8.5,7.8,0.0,0.0,0.0,0.0,0.0,0.0,0.0,0.0,0.0,0.0,0.0,0.0,0.0,0.0,0.0,0.0,0.0,0.0,0.0,0.0,0.0,0.0,0.0,0.0,0.0,0.0,0.0,0.0,0.0,0.0,0.0,0.0,0.0,0.0,0.0,0.0,0.0,0.0,0.0,0.0,0.0,0.0,0.0,0.0,0.0,0.0,0.0,0.0
2026-02-01T17:32:52.045672,275.0,3.4,0.0,187.9,running,7.7,8.5,97.9,9.6,9.9,8.5,11.3,8.5,9.2,8.8,7.8,7.8,34.7,8.8,10.6,8.4,9.9,8.5,8.5,7.9,8.5,7.8,8.6,14.3,7.7,8.5,9.9,8.8,9.9,7.9,8.5,7.7,9.9,7.7,8.6,9.5,9.0,9.5,11.1,9.6,9.3,9.2,8.5,8.5,9.2,8.8,9.2,8.8,0.0,0.0,0.0,0.0,0.0,0.0,0.0,0.0,0.0,0.0,0.0,0.0,0.0,0.0,0.0,0.0,0.0,0.0,0.0,0.0,0.0,0.0,0.0,0.0,0.0,0.0,0.0,0.0,0.0,0.0,0.0,0.0,0.0,0.0,0.0,0.0,0.0,0.0,0.0,0.0,0.0,0.0,0.0,0.0,0.0,0.0,0.0,0.0
2026-02-01T17:32:54.263301,277.2,5.4,0.0,187.9,running,9.1,7.0,91.6,11.8,14.7,6.9,13.2,7.6,11.3,6.2,8.4,6.9,38.8,6.2,13.9,6.5,9.1,7.0,10.5,8.3,10.5,7.0,11.1,7.8,9.7,7.6,8.3,6.8,11.2,7.6,7.7,9.0,8.3,7.0,9.0,6.8,9.1,6.2,13.0,6.8,10.4,7.6,9.0,8.5,9.0,6.2,9.0,6.2,0.0,0.0,0.0,0.0,0.0,0.0,0.0,0.0,0.0,0.0,0.0,0.0,0.0,0.0,0.0,0.0,0.0,0.0,0.0,0.0,0.0,0.0,0.0,0.0,0.0,0.0,0.0,0.0,0.0,0.0,0.0,0.0,0.0,0.0,0.0,0.0,0.0,0.0,0.0,0.0,0.0,0.0,0.0,0.0,0.0,0.0,0.0,0.0
2026-02-01T17:32:56.479990,279.4,3.4,0.0,187.9,running,0.7,0.0,4.2,0.0,100.0,0.0,1.4,0.0,3.6,0.0,0.0,0.7,30.5,0.0,2.9,0.0,2.1,0.7,0.7,0.0,0.7,0.0,0.0,0.0,0.0,0.0,0.0,0.0,2.1,0.0,0.7,0.0,0.0,0.0,2.9,0.0,2.8,0.0,5.6,0.0,1.4,0.0,2.1,2.8,2.9,0.0,3.5,0.0,0.0,0.0,0.0,0.0,0.0,0.0,0.0,0.0,0.0,0.0,0.0,0.0,0.0,0.0,0.0,0.0,0.0,0.0,0.0,0.0,0.0,0.0,0.0,0.0,0.0,0.0,0.0,0.0,0.0,0.0,0.0,0.0,0.0,0.0,0.0,0.0,0.0,0.0,0.0,0.0,0.0,0.0,0.0,0.0,0.0,0.0,0.0,0.0
2026-02-01T17:32:58.696692,281.6,3.0,0.0,187.9,running,7.7,7.7,92.3,8.4,17.5,9.2,11.4,7.7,9.7,8.5,9.2,7.7,38.0,6.3,12.0,8.5,9.2,10.6,9.2,7.7,9.9,9.1,9.8,7.7,9.2,9.2,9.2,8.5,8.5,7.7,8.5,13.4,8.5,8.5,8.5,7.7,7.7,9.1,9.9,7.7,8.5,8.5,7.7,8.5,8.5,7.7,8.5,7.7,0.0,0.0,0.0,0.0,0.0,0.0,0.0,0.0,0.0,0.0,0.0,0.0,0.0,0.0,0.0,0.0,0.0,0.0,0.0,0.0,0.0,0.0,0.0,0.0,0.0,0.0,0.0,0.0,0.0,0.0,0.0,0.0,0.0,0.0,0.0,0.0,0.0,0.0,0.0,0.0,0.0,0.0,0.0,0.0,0.0,0.0,0.0,0.0
2026-02-01T17:33:00.913636,283.8,3.7,0.0,187.9,running,9.2,8.5,99.3,7.8,11.3,8.5,9.1,8.7,10.6,7.7,11.2,18.5,39.6,11.4,16.5,9.8,9.2,9.8,11.2,9.2,9.9,9.7,12.0,7.7,9.2,7.7,9.9,9.2,9.2,14.1,11.3,8.5,8.4,8.5,10.6,8.5,16.9,9.1,14.6,8.5,14.1,8.5,12.0,11.3,14.1,7.8,12.6,8.5,0.0,0.0,0.0,0.0,0.0,0.0,0.0,0.0,0.0,0.0,0.0,0.0,0.0,0.0,0.0,0.0,0.0,0.0,0.0,0.0,0.0,0.0,0.0,0.0,0.0,0.0,0.0,0.0,0.0,0.0,0.0,0.0,0.0,0.0,0.0,0.0,0.0,0.0,0.0,0.0,0.0,0.0,0.0,0.0,0.0,0.0,0.0,0.0
2026-02-01T17:33:03.130526,286.1,2.5,0.0,187.9,running,9.8,6.3,98.6,6.3,15.5,6.3,11.2,5.7,8.5,6.3,7.0,6.2,33.8,5.0,10.5,6.4,11.2,8.5,8.5,7.0,7.7,7.8,6.3,7.0,9.8,6.4,7.8,6.3,10.6,7.7,9.9,7.0,7.1,8.5,10.6,6.3,7.8,13.4,13.7,6.3,8.5,7.7,8.4,9.9,8.4,6.9,10.0,8.8,0.0,0.0,0.0,0.0,0.0,0.0,0.0,0.0,0.0,0.0,0.0,0.0,0.0,0.0,0.0,0.0,0.0,0.0,0.0,0.0,0.0,0.0,0.0,0.0,0.0,0.0,0.0,0.0,0.0,0.0,0.0,0.0,0.0,0.0,0.0,0.0,0.0,0.0,0.0,0.0,0.0,0.0,0.0,0.0,0.0,0.0,0.0,0.0
2026-02-01T17:33:05.347428,288.3,3.6,0.0,187.9,running,12.5,7.7,97.9,9.2,9.2,7.8,10.6,8.5,9.3,9.2,12.8,7.7,44.4,7.7,17.0,7.7,8.5,9.1,8.5,15.0,11.3,9.1,13.6,7.7,9.8,8.5,11.9,7.7,11.3,7.7,12.0,7.7,9.2,7.7,9.1,7.7,9.1,7.7,11.8,7.7,9.2,7.7,9.2,9.7,8.5,7.7,8.4,6.4,0.0,0.0,0.0,0.0,0.0,0.0,0.0,0.0,0.0,0.0,0.0,0.0,0.0,0.0,0.0,0.0,0.0,0.0,0.0,0.0,0.0,0.0,0.0,0.0,0.0,0.0,0.0,0.0,0.0,0.0,0.0,0.0,0.0,0.0,0.0,0.0,0.0,0.0,0.0,0.0,0.0,0.0,0.0,0.0,0.0,0.0,0.0,0.0
2026-02-01T17:33:07.576502,290.5,9.7,0.0,187.9,running,1.4,0.7,100.0,0.0,5.6,1.4,4.8,0.0,2.1,2.1,4.2,0.0,39.9,0.0,9.7,0.0,4.9,1.4,4.2,3.5,2.8,0.0,7.6,0.0,4.9,0.0,1.4,0.7,4.2,0.0,3.4,0.0,2.1,0.0,2.1,0.0,0.7,0.7,4.8,0.0,2.1,1.4,2.8,5.6,1.4,0.0,2.1,0.0,0.0,0.0,0.0,0.0,0.0,0.0,0.0,0.0,0.0,0.0,0.0,0.0,0.0,0.0,0.0,0.0,0.0,0.0,0.0,0.0,0.0,0.0,0.0,0.0,0.0,0.0,0.0,0.0,0.0,0.0,0.0,0.0,0.0,0.0,0.0,0.0,0.0,0.0,0.0,0.0,0.0,0.0,0.0,0.0,0.0,0.0,0.0,0.0
2026-02-01T17:33:09.794389,292.7,6.6,0.0,187.9,running,14.6,6.3,97.9,7.1,10.6,7.8,10.5,6.4,9.8,6.4,8.4,6.4,57.1,6.4,10.6,6.4,9.7,7.8,11.2,7.0,12.0,6.4,16.8,6.4,10.5,7.7,12.8,6.4,12.0,7.1,9.9,7.0,7.7,7.1,9.8,6.4,8.5,6.4,9.7,6.4,7.7,6.4,7.8,6.3,8.5,6.4,12.8,6.4,0.0,0.0,0.0,0.0,0.0,0.0,0.0,0.0,0.0,0.0,0.0,0.0,0.0,0.0,0.0,0.0,0.0,0.0,0.0,0.0,0.0,0.0,0.0,0.0,0.0,0.0,0.0,0.0,0.0,0.0,0.0,0.0,0.0,0.0,0.0,0.0,0.0,0.0,0.0,0.0,0.0,0.0,0.0,0.0,0.0,0.0,0.0,0.0
2026-02-01T17:33:12.011799,294.9,3.5,0.0,187.9,running,9.2,8.5,98.6,7.7,13.4,9.0,10.6,9.8,15.1,8.5,12.1,8.5,47.2,9.9,18.9,7.7,12.8,8.4,14.0,12.1,10.6,8.5,20.3,8.5,11.3,14.2,12.5,7.7,11.2,7.7,9.9,7.7,9.9,7.7,9.9,7.7,9.9,8.4,8.5,8.4,9.2,8.4,9.9,12.7,9.9,8.4,9.2,7.7,0.0,0.0,0.0,0.0,0.0,0.0,0.0,0.0,0.0,0.0,0.0,0.0,0.0,0.0,0.0,0.0,0.0,0.0,0.0,0.0,0.0,0.0,0.0,0.0,0.0,0.0,0.0,0.0,0.0,0.0,0.0,0.0,0.0,0.0,0.0,0.0,0.0,0.0,0.0,0.0,0.0,0.0,0.0,0.0,0.0,0.0,0.0,0.0
2026-02-01T17:33:14.238127,297.2,3.9,0.0,187.9,running,9.9,7.7,99.3,7.1,15.4,7.0,10.6,7.7,10.5,9.2,8.4,10.0,44.0,5.8,16.2,7.1,11.3,9.2,9.2,8.5,9.9,8.5,12.7,7.7,9.9,7.0,8.5,7.0,11.3,7.7,9.9,7.0,9.9,7.0,11.3,7.8,9.1,7.8,11.3,7.8,9.9,7.1,10.6,9.2,11.3,7.8,11.3,7.8,0.0,0.0,0.0,0.0,0.0,0.0,0.0,0.0,0.0,0.0,0.0,0.0,0.0,0.0,0.0,0.0,0.0,0.0,0.0,0.0,0.0,0.0,0.0,0.0,0.0,0.0,0.0,0.0,0.0,0.0,0.0,0.0,0.0,0.0,0.0,0.0,0.0,0.0,0.0,0.0,0.0,0.0,0.0,0.0,0.0,0.0,0.0,0.0
2026-02-01T17:33:16.455327,299.4,3.0,0.0,188.0,running,11.1,8.4,75.8,7.0,8.4,7.0,11.9,7.0,13.1,7.0,10.4,5.7,34.2,7.0,10.4,7.0,9.8,9.2,9.8,8.4,10.4,31.2,10.5,7.7,11.2,7.0,7.7,7.7,11.2,7.0,8.5,7.6,7.7,6.9,9.9,13.3,9.8,7.0,9.0,7.0,13.0,7.7,9.1,8.4,9.0,7.0,8.4,7.7,0.0,0.0,0.0,0.0,0.0,0.0,0.0,0.0,0.0,0.0,0.0,0.0,0.0,0.0,0.0,0.0,0.0,0.0,0.0,0.0,0.0,0.0,0.0,0.0,0.0,0.0,0.0,0.0,0.0,0.0,0.0,0.0,0.0,0.0,0.0,0.0,0.0,0.0,0.0,0.0,0.0,0.0,0.0,0.0,0.0,0.0,0.0,0.0
2026-02-01T17:33:18.674064,301.6,21.7,0.0,188.0,running,9.7,7.7,21.2,8.5,11.9,8.5,9.2,7.7,12.9,8.5,9.2,7.8,48.6,11.9,13.4,7.8,14.6,9.0,11.1,12.0,7.7,96.4,16.8,7.8,15.3,8.5,12.8,8.5,14.7,9.9,10.6,9.9,9.9,7.8,8.5,7.8,9.9,7.8,9.3,7.8,8.5,7.8,9.2,9.8,7.9,7.8,9.2,7.8,0.0,0.0,0.0,0.0,0.0,0.0,0.0,0.0,0.0,0.0,0.0,0.0,0.0,0.0,0.0,0.0,0.0,0.0,0.0,0.0,0.0,0.0,0.0,0.0,0.0,0.0,0.0,0.0,0.0,0.0,0.0,0.0,0.0,0.0,0.0,0.0,0.0,0.0,0.0,0.0,0.0,0.0,0.0,0.0,0.0,0.0,0.0,0.0
2026-02-01T17:33:20.891469,303.8,5.8,0.0,188.0,running,6.3,0.0,100.0,0.0,1.4,1.4,2.8,0.7,12.6,1.4,7.0,0.0,49.7,1.4,7.8,0.7,2.8,2.1,5.7,4.2,2.9,0.0,16.9,0.0,2.8,0.0,5.6,0.0,4.9,1.4,2.1,0.0,4.8,0.0,0.7,0.0,1.4,0.0,0.7,0.0,2.1,0.7,0.7,7.0,0.7,0.0,0.7,0.0,0.0,0.0,0.0,0.0,0.0,0.0,0.0,0.0,0.0,0.0,0.0,0.0,0.0,0.0,0.0,0.0,0.0,0.0,0.0,0.0,0.0,0.0,0.0,0.0,0.0,0.0,0.0,0.0,0.0,0.0,0.0,0.0,0.0,0.0,0.0,0.0,0.0,0.0,0.0,0.0,0.0,0.0,0.0,0.0,0.0,0.0,0.0,0.0
2026-02-01T17:33:23.109189,306.0,6.5,0.0,188.0,running,16.6,9.9,99.3,7.0,17.5,8.3,23.2,7.0,18.1,7.7,12.7,7.7,51.7,7.0,14.8,7.0,16.0,8.5,14.1,13.3,15.1,9.9,23.8,7.7,12.7,7.8,10.5,7.7,12.8,9.1,9.1,8.5,9.2,7.7,8.3,7.7,9.8,7.7,11.1,8.4,8.5,7.7,8.5,11.9,8.5,7.7,7.7,7.7,0.0,0.0,0.0,0.0,0.0,0.0,0.0,0.0,0.0,0.0,0.0,0.0,0.0,0.0,0.0,0.0,0.0,0.0,0.0,0.0,0.0,0.0,0.0,0.0,0.0,0.0,0.0,0.0,0.0,0.0,0.0,0.0,0.0,0.0,0.0,0.0,0.0,0.0,0.0,0.0,0.0,0.0,0.0,0.0,0.0,0.0,0.0,0.0
2026-02-01T17:33:25.326624,308.3,5.3,0.0,188.0,running,12.6,7.7,99.3,10.2,23.0,7.8,15.4,8.3,15.2,9.2,11.2,10.2,53.8,9.2,17.7,8.4,9.2,9.2,11.2,9.2,11.9,9.9,15.5,10.1,10.6,9.1,10.6,13.9,12.7,10.1,9.9,9.1,7.7,8.4,12.0,8.5,11.2,10.2,9.8,10.2,9.9,7.8,9.9,16.2,9.9,10.2,9.9,10.2,0.0,0.0,0.0,0.0,0.0,0.0,0.0,0.0,0.0,0.0,0.0,0.0,0.0,0.0,0.0,0.0,0.0,0.0,0.0,0.0,0.0,0.0,0.0,0.0,0.0,0.0,0.0,0.0,0.0,0.0,0.0,0.0,0.0,0.0,0.0,0.0,0.0,0.0,0.0,0.0,0.0,0.0,0.0,0.0,0.0,0.0,0.0,0.0
2026-02-01T17:33:27.545331,310.5,3.1,0.0,188.0,running,9.2,7.0,97.9,5.7,13.8,7.7,9.9,14.9,7.7,7.7,8.5,5.7,39.6,5.7,15.4,7.2,8.4,9.8,7.8,7.0,10.5,6.4,9.2,6.8,9.1,7.0,9.2,7.5,12.7,7.7,11.2,7.0,7.7,7.8,8.4,7.0,8.5,5.7,7.7,5.7,7.0,7.7,7.7,11.3,7.7,6.2,7.7,5.7,0.0,0.0,0.0,0.0,0.0,0.0,0.0,0.0,0.0,0.0,0.0,0.0,0.0,0.0,0.0,0.0,0.0,0.0,0.0,0.0,0.0,0.0,0.0,0.0,0.0,0.0,0.0,0.0,0.0,0.0,0.0,0.0,0.0,0.0,0.0,0.0,0.0,0.0,0.0,0.0,0.0,0.0,0.0,0.0,0.0,0.0,0.0,0.0
2026-02-01T17:33:29.763071,312.7,3.8,0.0,188.0,running,7.7,7.7,98.6,7.1,15.9,6.4,7.8,8.5,10.6,7.1,7.7,7.8,36.4,7.0,16.3,6.4,9.9,10.6,7.7,7.0,10.6,7.1,10.6,7.1,9.9,7.1,9.2,7.8,13.4,7.1,8.5,7.0,14.9,7.1,9.3,7.1,7.7,7.1,7.1,7.1,8.1,7.1,7.7,14.2,7.0,7.1,9.2,7.8,0.0,0.0,0.0,0.0,0.0,0.0,0.0,0.0,0.0,0.0,0.0,0.0,0.0,0.0,0.0,0.0,0.0,0.0,0.0,0.0,0.0,0.0,0.0,0.0,0.0,0.0,0.0,0.0,0.0,0.0,0.0,0.0,0.0,0.0,0.0,0.0,0.0,0.0,0.0,0.0,0.0,0.0,0.0,0.0,0.0,0.0,0.0,0.0
2026-02-01T17:33:31.985091,314.9,4.0,0.0,188.0,running,1.4,0.0,100.0,0.0,0.7,0.0,2.8,0.0,4.3,0.0,1.4,0.0,32.6,0.0,3.5,0.0,3.5,2.1,8.3,0.0,1.4,0.0,3.5,0.0,1.4,0.0,2.8,0.0,1.4,0.7,2.1,0.0,2.1,0.0,0.7,0.0,0.0,0.0,0.0,0.0,0.7,0.0,0.0,0.7,0.0,0.0,0.7,0.0,0.0,0.0,0.0,0.0,0.0,0.0,0.0,0.0,0.0,0.0,0.0,0.0,0.0,0.0,0.0,0.0,0.0,0.0,0.0,0.0,0.0,0.0,0.0,0.0,0.0,0.0,0.0,0.0,0.0,0.0,0.0,0.0,0.0,0.0,0.0,0.0,0.0,0.0,0.0,0.0,0.0,0.0,0.0,0.0,0.0,0.0,0.0,0.0
2026-02-01T17:33:34.202000,317.1,3.3,0.0,188.0,running,9.1,7.0,97.9,7.0,11.8,7.0,12.0,9.8,7.8,7.7,9.8,8.2,35.9,7.0,13.2,7.0,10.4,10.6,9.1,7.0,11.9,7.0,9.1,7.0,9.1,7.7,9.2,7.0,9.2,7.0,10.5,7.0,9.2,7.0,9.7,7.0,9.0,7.0,8.4,7.7,8.5,7.0,6.4,13.2,9.2,7.7,8.5,7.0,0.0,0.0,0.0,0.0,0.0,0.0,0.0,0.0,0.0,0.0,0.0,0.0,0.0,0.0,0.0,0.0,0.0,0.0,0.0,0.0,0.0,0.0,0.0,0.0,0.0,0.0,0.0,0.0,0.0,0.0,0.0,0.0,0.0,0.0,0.0,0.0,0.0,0.0,0.0,0.0,0.0,0.0,0.0,0.0,0.0,0.0,0.0,0.0
2026-02-01T17:33:36.419081,319.3,5.6,0.0,188.0,running,7.7,8.5,98.6,7.0,15.2,7.0,9.2,6.2,9.1,7.0,9.2,5.6,38.0,6.3,11.9,8.9,12.6,9.7,11.9,7.1,11.9,7.1,12.8,8.5,8.5,7.7,8.4,7.0,11.3,7.0,8.6,8.5,8.4,7.1,9.3,7.7,10.0,7.0,10.5,7.0,8.5,13.4,9.2,8.5,9.1,6.9,9.2,7.0,0.0,0.0,0.0,0.0,0.0,0.0,0.0,0.0,0.0,0.0,0.0,0.0,0.0,0.0,0.0,0.0,0.0,0.0,0.0,0.0,0.0,0.0,0.0,0.0,0.0,0.0,0.0,0.0,0.0,0.0,0.0,0.0,0.0,0.0,0.0,0.0,0.0,0.0,0.0,0.0,0.0,0.0,0.0,0.0,0.0,0.0,0.0,0.0
2026-02-01T17:33:38.636081,321.6,2.4,0.0,188.0,running,13.1,8.5,99.3,7.0,19.2,8.4,9.9,7.6,11.2,7.0,9.9,7.0,48.3,7.0,15.4,6.8,14.8,8.4,10.6,7.6,10.6,13.3,21.5,7.0,10.4,9.1,12.6,7.0,12.0,7.7,8.4,8.3,8.4,7.7,9.8,7.7,9.1,7.7,10.6,7.0,9.8,7.0,9.8,9.9,11.3,7.8,9.8,7.6,0.0,0.0,0.0,0.0,0.0,0.0,0.0,0.0,0.0,0.0,0.0,0.0,0.0,0.0,0.0,0.0,0.0,0.0,0.0,0.0,0.0,0.0,0.0,0.0,0.0,0.0,0.0,0.0,0.0,0.0,0.0,0.0,0.0,0.0,0.0,0.0,0.0,0.0,0.0,0.0,0.0,0.0,0.0,0.0,0.0,0.0,0.0,0.0
2026-02-01T17:33:40.850340,323.8,13.7,0.0,188.0,running,9.1,13.4,91.0,8.5,31.5,9.2,9.9,11.2,10.6,9.2,10.6,9.2,32.4,8.5,12.6,8.5,12.0,7.0,10.6,9.1,7.7,7.7,9.9,7.1,9.2,7.0,8.5,7.0,10.6,7.8,9.2,7.1,8.5,7.1,9.2,7.1,8.5,7.0,8.5,7.8,9.1,7.1,8.5,9.2,11.1,7.0,8.5,7.7,0.0,0.0,0.0,0.0,0.0,0.0,0.0,0.0,0.0,0.0,0.0,0.0,0.0,0.0,0.0,0.0,0.0,0.0,0.0,0.0,0.0,0.0,0.0,0.0,0.0,0.0,0.0,0.0,0.0,0.0,0.0,0.0,0.0,0.0,0.0,0.0,0.0,0.0,0.0,0.0,0.0,0.0,0.0,0.0,0.0,0.0,0.0,0.0
2026-02-01T17:33:43.072680,326.0,100.0,0.0,188.0,running,7.7,7.0,15.2,7.0,100.0,6.3,7.0,7.0,7.7,6.3,10.5,7.0,35.2,6.3,9.9,6.3,8.5,7.7,9.9,6.3,7.7,6.3,10.6,7.0,10.6,7.0,9.2,6.3,13.3,6.3,9.9,6.3,8.5,6.3,7.7,6.3,7.7,6.3,7.0,6.3,9.1,6.3,7.0,7.7,8.5,6.3,7.7,6.3,0.0,0.0,0.0,0.0,0.0,0.0,0.0,0.0,0.0,0.0,0.0,0.0,0.0,0.0,0.0,0.0,0.0,0.0,0.0,0.0,0.0,0.0,0.0,0.0,0.0,0.0,0.0,0.0,0.0,0.0,0.0,0.0,0.0,0.0,0.0,0.0,0.0,0.0,0.0,0.0,0.0,0.0,0.0,0.0,0.0,0.0,0.0,0.0
2026-02-01T17:33:45.289900,328.2,2.4,0.0,188.0,running,2.8,1.4,98.6,2.1,6.9,2.1,1.4,2.1,4.9,1.4,3.5,1.4,30.1,1.4,5.0,1.4,4.2,2.8,1.4,2.1,1.4,2.8,3.5,1.4,2.1,1.4,2.1,2.1,3.5,3.5,2.1,1.4,2.1,1.4,8.5,1.4,1.4,1.4,1.4,1.4,1.4,1.4,2.1,2.1,2.1,1.4,2.1,1.4,0.0,0.0,0.0,0.0,0.0,0.0,0.0,0.0,0.0,0.0,0.0,0.0,0.0,0.0,0.0,0.0,0.0,0.0,0.0,0.0,0.0,0.0,0.0,0.0,0.0,0.0,0.0,0.0,0.0,0.0,0.0,0.0,0.0,0.0,0.0,0.0,0.0,0.0,0.0,0.0,0.0,0.0,0.0,0.0,0.0,0.0,0.0,0.0
2026-02-01T17:33:47.507031,330.4,3.2,0.0,188.0,running,6.3,7.7,98.6,7.1,13.0,7.1,9.8,7.7,8.5,14.2,7.7,8.4,33.8,7.7,14.0,7.1,11.2,7.7,8.5,7.8,8.5,7.0,8.5,7.8,7.0,7.7,7.7,7.8,9.2,7.0,7.7,7.1,8.5,7.7,7.7,7.1,9.2,7.1,7.7,7.1,7.0,7.1,7.7,10.4,7.7,7.1,7.8,7.1,0.0,0.0,0.0,0.0,0.0,0.0,0.0,0.0,0.0,0.0,0.0,0.0,0.0,0.0,0.0,0.0,0.0,0.0,0.0,0.0,0.0,0.0,0.0,0.0,0.0,0.0,0.0,0.0,0.0,0.0,0.0,0.0,0.0,0.0,0.0,0.0,0.0,0.0,0.0,0.0,0.0,0.0,0.0,0.0,0.0,0.0,0.0,0.0
2026-02-01T17:33:49.724858,332.7,3.3,0.0,188.0,running,7.7,7.7,98.6,7.0,13.7,7.7,10.6,7.0,8.5,8.4,9.9,7.7,33.8,8.5,12.0,7.7,9.2,9.2,9.2,7.7,7.1,7.7,7.7,9.0,8.4,7.7,7.1,8.4,13.3,7.0,10.6,7.0,9.9,7.7,7.7,8.5,7.6,7.7,13.5,7.0,8.4,7.0,7.7,9.9,11.3,7.0,8.5,7.7,0.0,0.0,0.0,0.0,0.0,0.0,0.0,0.0,0.0,0.0,0.0,0.0,0.0,0.0,0.0,0.0,0.0,0.0,0.0,0.0,0.0,0.0,0.0,0.0,0.0,0.0,0.0,0.0,0.0,0.0,0.0,0.0,0.0,0.0,0.0,0.0,0.0,0.0,0.0,0.0,0.0,0.0,0.0,0.0,0.0,0.0,0.0,0.0
2026-02-01T17:33:51.941529,334.9,3.0,0.0,188.0,running,9.1,7.0,97.2,7.1,15.8,7.0,16.2,7.1,7.7,7.3,7.7,7.1,42.4,7.4,12.0,7.7,7.7,9.2,7.7,13.5,9.1,7.7,9.9,7.7,10.6,7.1,9.1,7.7,9.2,7.7,10.5,7.1,8.5,7.8,8.5,8.5,8.5,7.1,8.4,8.5,7.7,7.7,8.5,10.5,8.5,7.8,8.5,7.4,0.0,0.0,0.0,0.0,0.0,0.0,0.0,0.0,0.0,0.0,0.0,0.0,0.0,0.0,0.0,0.0,0.0,0.0,0.0,0.0,0.0,0.0,0.0,0.0,0.0,0.0,0.0,0.0,0.0,0.0,0.0,0.0,0.0,0.0,0.0,0.0,0.0,0.0,0.0,0.0,0.0,0.0,0.0,0.0,0.0,0.0,0.0,0.0
2026-02-01T17:33:54.159305,337.1,4.0,0.0,188.0,running,9.8,7.8,97.9,9.0,13.1,7.8,9.9,8.5,8.6,7.5,7.8,7.7,36.7,9.3,13.2,8.5,10.5,9.9,9.9,7.7,9.2,7.8,7.7,7.7,8.5,7.7,8.5,7.7,9.2,8.6,10.7,8.4,9.2,7.7,11.3,7.7,7.7,7.7,7.9,7.7,8.6,7.8,7.7,10.5,8.5,7.7,7.7,12.8,0.0,0.0,0.0,0.0,0.0,0.0,0.0,0.0,0.0,0.0,0.0,0.0,0.0,0.0,0.0,0.0,0.0,0.0,0.0,0.0,0.0,0.0,0.0,0.0,0.0,0.0,0.0,0.0,0.0,0.0,0.0,0.0,0.0,0.0,0.0,0.0,0.0,0.0,0.0,0.0,0.0,0.0,0.0,0.0,0.0,0.0,0.0,0.0
2026-02-01T17:33:56.376673,339.3,2.9,0.0,188.0,running,1.4,0.0,100.0,0.0,4.9,0.0,0.0,0.0,0.0,0.0,0.7,0.0,31.5,0.7,5.7,1.4,0.7,0.0,0.7,0.0,0.7,0.0,0.0,0.0,0.0,0.0,0.7,0.0,2.1,0.0,1.4,0.0,0.7,0.0,0.7,0.0,1.4,0.0,0.0,0.0,0.0,0.0,0.0,1.4,0.7,0.0,0.0,0.0,0.0,0.0,0.0,0.0,0.0,0.0,0.0,0.0,0.0,0.0,0.0,0.0,0.0,0.0,0.0,0.0,0.0,0.0,0.0,0.0,0.0,0.0,0.0,0.0,0.0,0.0,0.0,0.0,0.0,0.0,0.0,0.0,0.0,0.0,0.0,0.0,0.0,0.0,0.0,0.0,0.0,0.0,0.0,0.0,0.0,0.0,0.0,0.0
2026-02-01T17:33:58.594073,341.5,4.3,0.0,188.0,running,10.4,7.7,97.9,11.8,11.8,7.8,9.9,9.2,9.8,7.4,10.6,10.7,39.4,9.8,15.4,11.8,9.8,10.5,10.6,8.5,9.2,9.1,16.2,9.2,9.9,8.4,11.3,12.6,10.5,10.6,12.7,8.6,9.1,11.8,9.1,7.7,9.1,11.7,9.1,11.8,8.4,11.1,9.1,11.2,9.9,10.8,8.4,9.0,0.0,0.0,0.0,0.0,0.0,0.0,0.0,0.0,0.0,0.0,0.0,0.0,0.0,0.0,0.0,0.0,0.0,0.0,0.0,0.0,0.0,0.0,0.0,0.0,0.0,0.0,0.0,0.0,0.0,0.0,0.0,0.0,0.0,0.0,0.0,0.0,0.0,0.0,0.0,0.0,0.0,0.0,0.0,0.0,0.0,0.0,0.0,0.0
2026-02-01T17:34:00.811125,343.7,3.3,0.0,188.0,running,9.8,8.5,97.9,6.0,11.3,7.7,11.8,8.5,9.9,7.6,9.2,6.4,37.0,6.6,12.8,6.0,9.9,10.6,13.2,7.8,9.3,7.8,9.2,7.8,9.8,7.8,9.1,6.0,12.7,7.7,9.9,8.2,8.5,6.0,9.9,7.7,9.8,6.0,10.5,6.0,10.6,6.9,8.5,7.7,9.9,7.1,9.8,7.3,0.0,0.0,0.0,0.0,0.0,0.0,0.0,0.0,0.0,0.0,0.0,0.0,0.0,0.0,0.0,0.0,0.0,0.0,0.0,0.0,0.0,0.0,0.0,0.0,0.0,0.0,0.0,0.0,0.0,0.0,0.0,0.0,0.0,0.0,0.0,0.0,0.0,0.0,0.0,0.0,0.0,0.0,0.0,0.0,0.0,0.0,0.0,0.0
2026-02-01T17:34:03.028727,346.0,3.4,0.0,188.0,running,9.9,8.5,98.6,7.7,13.2,7.7,9.2,7.7,8.5,7.7,10.5,7.7,46.9,8.1,12.7,7.7,9.8,8.4,9.8,7.7,9.1,8.4,10.5,8.5,12.7,7.7,10.6,8.4,12.7,7.7,9.9,8.4,16.1,7.7,9.9,8.4,9.2,7.7,9.9,7.7,9.2,7.6,9.9,9.2,9.1,7.7,9.6,7.7,0.0,0.0,0.0,0.0,0.0,0.0,0.0,0.0,0.0,0.0,0.0,0.0,0.0,0.0,0.0,0.0,0.0,0.0,0.0,0.0,0.0,0.0,0.0,0.0,0.0,0.0,0.0,0.0,0.0,0.0,0.0,0.0,0.0,0.0,0.0,0.0,0.0,0.0,0.0,0.0,0.0,0.0,0.0,0.0,0.0,0.0,0.0,0.0
2026-02-01T17:34:05.246155,348.2,4.1,0.0,188.0,running,8.4,7.0,98.6,7.0,8.5,7.0,10.6,7.7,7.1,7.7,7.7,7.0,37.9,6.7,14.7,13.4,8.5,9.2,8.5,9.2,9.2,9.0,12.7,7.7,9.2,7.0,9.9,7.0,11.3,7.7,8.4,8.5,7.7,7.7,10.5,7.1,8.4,7.0,7.7,8.5,9.1,7.1,7.7,10.6,8.4,7.0,6.8,7.9,0.0,0.0,0.0,0.0,0.0,0.0,0.0,0.0,0.0,0.0,0.0,0.0,0.0,0.0,0.0,0.0,0.0,0.0,0.0,0.0,0.0,0.0,0.0,0.0,0.0,0.0,0.0,0.0,0.0,0.0,0.0,0.0,0.0,0.0,0.0,0.0,0.0,0.0,0.0,0.0,0.0,0.0,0.0,0.0,0.0,0.0,0.0,0.0
2026-02-01T17:34:07.467299,350.4,99.7,0.0,188.0,running,5.6,6.3,100.0,6.2,9.8,6.3,7.7,6.3,7.0,6.2,7.0,6.9,41.0,6.2,12.5,6.9,7.7,9.1,8.4,9.0,9.8,9.0,10.5,6.9,8.3,6.2,8.3,6.9,8.4,6.9,7.7,7.0,6.2,6.9,6.3,7.6,7.0,6.9,7.0,6.9,7.0,6.9,9.1,8.4,8.4,6.2,7.7,6.2,0.0,0.0,0.0,0.0,0.0,0.0,0.0,0.0,0.0,0.0,0.0,0.0,0.0,0.0,0.0,0.0,0.0,0.0,0.0,0.0,0.0,0.0,0.0,0.0,0.0,0.0,0.0,0.0,0.0,0.0,0.0,0.0,0.0,0.0,0.0,0.0,0.0,0.0,0.0,0.0,0.0,0.0,0.0,0.0,0.0,0.0,0.0,0.0
2026-02-01T17:34:09.684425,352.6,3.7,0.0,188.0,running,2.1,0.7,98.6,0.7,4.2,2.8,2.9,0.7,2.1,0.7,4.2,0.7,39.6,0.7,6.7,1.5,1.4,1.4,3.5,3.5,2.8,2.8,7.0,0.7,1.4,2.9,1.4,0.7,5.0,1.4,17.1,1.4,5.0,0.7,3.6,1.4,3.6,0.7,1.4,0.7,2.9,0.7,2.9,2.8,3.6,0.7,1.4,7.9,0.0,0.0,0.0,0.0,0.0,0.0,0.0,0.0,0.0,0.0,0.0,0.0,0.0,0.0,0.0,0.0,0.0,0.0,0.0,0.0,0.0,0.0,0.0,0.0,0.0,0.0,0.0,0.0,0.0,0.0,0.0,0.0,0.0,0.0,0.0,0.0,0.0,0.0,0.0,0.0,0.0,0.0,0.0,0.0,0.0,0.0,0.0,0.0
2026-02-01T17:34:11.902078,354.8,3.2,0.0,188.0,running,8.4,7.7,98.6,7.7,12.1,7.0,9.7,7.0,9.1,7.6,9.8,7.7,42.5,7.7,12.8,7.5,8.5,7.7,8.5,9.1,11.3,7.0,13.2,15.4,11.8,7.0,9.8,7.0,9.9,7.0,8.4,7.0,8.4,7.0,8.4,7.0,9.7,7.7,9.0,7.7,8.4,7.7,8.4,8.5,7.7,8.4,9.0,7.7,0.0,0.0,0.0,0.0,0.0,0.0,0.0,0.0,0.0,0.0,0.0,0.0,0.0,0.0,0.0,0.0,0.0,0.0,0.0,0.0,0.0,0.0,0.0,0.0,0.0,0.0,0.0,0.0,0.0,0.0,0.0,0.0,0.0,0.0,0.0,0.0,0.0,0.0,0.0,0.0,0.0,0.0,0.0,0.0,0.0,0.0,0.0,0.0
2026-02-01T17:34:14.120233,357.0,3.5,0.0,188.0,running,9.7,7.0,43.3,13.5,63.4,7.1,12.1,7.8,7.8,7.1,10.6,7.7,44.7,7.1,12.8,7.1,7.0,7.8,11.1,9.2,10.6,8.5,14.9,7.1,7.8,7.1,8.5,7.1,12.6,7.8,7.1,7.1,7.8,7.1,8.5,7.1,8.5,7.1,8.5,7.1,8.5,8.5,9.2,9.9,8.5,7.7,9.2,7.1,0.0,0.0,0.0,0.0,0.0,0.0,0.0,0.0,0.0,0.0,0.0,0.0,0.0,0.0,0.0,0.0,0.0,0.0,0.0,0.0,0.0,0.0,0.0,0.0,0.0,0.0,0.0,0.0,0.0,0.0,0.0,0.0,0.0,0.0,0.0,0.0,0.0,0.0,0.0,0.0,0.0,0.0,0.0,0.0,0.0,0.0,0.0,0.0
2026-02-01T17:34:16.338626,359.3,3.1,0.0,188.0,running,11.9,8.5,47.2,8.5,64.8,8.5,10.4,9.2,9.2,10.4,9.1,8.5,34.7,8.5,11.3,8.5,9.2,9.2,8.5,8.4,9.8,8.5,11.9,8.5,11.2,9.2,12.7,8.4,12.0,8.5,16.2,8.5,9.9,9.2,9.1,8.4,9.9,8.5,8.4,8.5,8.5,8.5,8.5,9.2,9.2,8.5,8.5,8.5,0.0,0.0,0.0,0.0,0.0,0.0,0.0,0.0,0.0,0.0,0.0,0.0,0.0,0.0,0.0,0.0,0.0,0.0,0.0,0.0,0.0,0.0,0.0,0.0,0.0,0.0,0.0,0.0,0.0,0.0,0.0,0.0,0.0,0.0,0.0,0.0,0.0,0.0,0.0,0.0,0.0,0.0,0.0,0.0,0.0,0.0,0.0,0.0
2026-02-01T17:34:18.555899,361.5,2.3,0.0,188.0,running,10.6,7.7,98.6,7.7,12.0,7.7,10.5,7.7,8.5,16.0,9.9,7.7,32.9,7.7,11.3,7.7,8.5,9.8,9.9,7.7,8.5,7.7,9.9,7.7,7.7,7.7,8.5,7.8,9.1,7.7,8.5,7.7,7.7,7.7,8.5,7.7,8.4,7.7,8.5,7.7,7.7,8.5,8.5,8.5,8.5,8.5,9.2,7.7,0.0,0.0,0.0,0.0,0.0,0.0,0.0,0.0,0.0,0.0,0.0,0.0,0.0,0.0,0.0,0.0,0.0,0.0,0.0,0.0,0.0,0.0,0.0,0.0,0.0,0.0,0.0,0.0,0.0,0.0,0.0,0.0,0.0,0.0,0.0,0.0,0.0,0.0,0.0,0.0,0.0,0.0,0.0,0.0,0.0,0.0,0.0,0.0
2026-02-01T17:34:20.781635,363.7,4.0,0.0,188.0,running,3.4,0.7,99.3,0.7,3.5,0.7,2.8,2.1,4.8,7.4,3.5,1.4,40.4,0.7,7.6,0.7,5.5,0.7,2.8,5.5,2.8,2.1,10.5,2.1,1.4,1.4,4.2,1.4,4.9,2.8,0.7,0.7,1.4,2.1,1.4,0.7,0.7,0.7,1.4,0.7,0.7,1.4,1.4,2.1,0.7,0.7,0.7,0.7,0.0,0.0,0.0,0.0,0.0,0.0,0.0,0.0,0.0,0.0,0.0,0.0,0.0,0.0,0.0,0.0,0.0,0.0,0.0,0.0,0.0,0.0,0.0,0.0,0.0,0.0,0.0,0.0,0.0,0.0,0.0,0.0,0.0,0.0,0.0,0.0,0.0,0.0,0.0,0.0,0.0,0.0,0.0,0.0,0.0,0.0,0.0,0.0
2026-02-01T17:34:22.998697,365.9,2.7,0.0,188.0,running,8.4,7.1,98.6,6.4,7.7,6.4,9.8,6.4,9.9,13.6,8.5,6.4,40.1,7.1,12.0,6.4,6.4,6.4,8.5,7.8,8.5,7.1,9.2,6.4,7.8,6.4,7.8,6.4,7.8,6.4,7.1,7.1,6.4,7.1,7.0,7.1,7.1,6.4,7.1,6.4,12.8,6.4,7.8,9.1,7.1,6.4,7.1,7.0,0.0,0.0,0.0,0.0,0.0,0.0,0.0,0.0,0.0,0.0,0.0,0.0,0.0,0.0,0.0,0.0,0.0,0.0,0.0,0.0,0.0,0.0,0.0,0.0,0.0,0.0,0.0,0.0,0.0,0.0,0.0,0.0,0.0,0.0,0.0,0.0,0.0,0.0,0.0,0.0,0.0,0.0,0.0,0.0,0.0,0.0,0.0,0.0
2026-02-01T17:34:25.215967,368.1,3.7,0.0,188.0,running,7.1,7.0,97.9,6.4,7.7,6.4,9.2,6.4,9.2,9.0,7.0,6.4,35.0,6.4,11.4,7.8,9.2,7.1,15.5,6.4,8.5,6.4,9.2,6.4,9.2,6.3,7.1,7.1,9.2,6.4,7.8,7.0,6.4,6.4,8.5,6.3,7.0,6.4,7.8,7.1,8.5,7.1,7.1,9.2,8.5,6.4,8.5,6.4,0.0,0.0,0.0,0.0,0.0,0.0,0.0,0.0,0.0,0.0,0.0,0.0,0.0,0.0,0.0,0.0,0.0,0.0,0.0,0.0,0.0,0.0,0.0,0.0,0.0,0.0,0.0,0.0,0.0,0.0,0.0,0.0,0.0,0.0,0.0,0.0,0.0,0.0,0.0,0.0,0.0,0.0,0.0,0.0,0.0,0.0,0.0,0.0
2026-02-01T17:34:27.434555,370.4,3.7,0.0,188.0,running,12.5,8.5,97.9,7.7,10.6,7.7,10.5,9.2,8.5,9.8,10.4,8.4,38.2,7.7,11.2,8.5,12.6,9.9,9.8,7.7,10.4,8.4,9.2,7.7,8.5,7.7,10.3,7.7,10.5,8.3,9.8,7.8,8.5,7.6,8.5,7.7,7.7,8.5,9.2,7.7,8.5,8.5,7.7,9.1,8.5,8.2,14.1,7.7,0.0,0.0,0.0,0.0,0.0,0.0,0.0,0.0,0.0,0.0,0.0,0.0,0.0,0.0,0.0,0.0,0.0,0.0,0.0,0.0,0.0,0.0,0.0,0.0,0.0,0.0,0.0,0.0,0.0,0.0,0.0,0.0,0.0,0.0,0.0,0.0,0.0,0.0,0.0,0.0,0.0,0.0,0.0,0.0,0.0,0.0,0.0,0.0
2026-02-01T17:34:29.652016,372.6,2.8,0.0,188.0,running,11.2,8.4,98.6,7.7,10.6,7.7,9.1,7.7,8.4,11.1,7.8,7.7,39.0,8.4,15.3,7.7,8.5,9.1,7.8,7.8,9.9,8.5,9.2,7.7,9.2,7.9,14.3,8.4,9.9,7.9,9.9,7.7,9.2,7.9,9.1,7.8,7.7,7.7,8.5,7.7,7.7,8.5,7.7,8.5,8.5,8.0,9.9,7.7,0.0,0.0,0.0,0.0,0.0,0.0,0.0,0.0,0.0,0.0,0.0,0.0,0.0,0.0,0.0,0.0,0.0,0.0,0.0,0.0,0.0,0.0,0.0,0.0,0.0,0.0,0.0,0.0,0.0,0.0,0.0,0.0,0.0,0.0,0.0,0.0,0.0,0.0,0.0,0.0,0.0,0.0,0.0,0.0,0.0,0.0,0.0,0.0
2026-02-01T17:34:31.871566,374.8,97.7,0.0,188.0,running,9.1,7.0,100.0,6.9,11.9,6.9,12.0,7.6,9.1,8.3,9.1,6.9,36.6,8.3,11.9,7.6,9.8,9.1,9.8,7.6,9.1,8.3,9.1,7.6,9.0,7.6,9.0,6.9,11.8,6.9,9.0,8.3,8.3,7.6,11.0,7.6,9.8,7.6,10.4,6.9,9.0,8.3,11.1,9.2,10.4,8.3,9.7,6.9,0.0,0.0,0.0,0.0,0.0,0.0,0.0,0.0,0.0,0.0,0.0,0.0,0.0,0.0,0.0,0.0,0.0,0.0,0.0,0.0,0.0,0.0,0.0,0.0,0.0,0.0,0.0,0.0,0.0,0.0,0.0,0.0,0.0,0.0,0.0,0.0,0.0,0.0,0.0,0.0,0.0,0.0,0.0,0.0,0.0,0.0,0.0,0.0
2026-02-01T17:34:34.089209,377.0,3.6,0.0,188.0,running,0.0,0.7,99.3,0.0,4.3,0.0,0.7,0.0,1.4,5.5,0.7,0.0,32.2,0.0,2.1,0.7,0.0,1.4,1.4,0.0,0.7,0.7,0.0,0.0,1.4,0.0,0.0,0.0,0.7,0.0,0.7,0.0,0.0,0.0,3.5,0.0,2.1,0.0,0.7,0.0,1.4,0.0,1.4,2.1,1.4,0.0,7.1,0.0,0.0,0.0,0.0,0.0,0.0,0.0,0.0,0.0,0.0,0.0,0.0,0.0,0.0,0.0,0.0,0.0,0.0,0.0,0.0,0.0,0.0,0.0,0.0,0.0,0.0,0.0,0.0,0.0,0.0,0.0,0.0,0.0,0.0,0.0,0.0,0.0,0.0,0.0,0.0,0.0,0.0,0.0,0.0,0.0,0.0,0.0,0.0,0.0
2026-02-01T17:34:36.306344,379.2,3.0,0.0,188.0,running,12.5,7.8,99.3,7.7,11.8,7.7,9.9,9.2,9.8,9.2,8.5,8.5,52.1,8.5,13.4,8.4,9.2,8.5,12.0,7.7,14.1,7.7,16.2,7.7,10.6,7.7,10.6,9.1,12.0,7.7,9.2,7.7,8.5,14.8,9.2,7.8,9.8,7.7,10.6,7.7,9.1,7.7,9.2,8.5,12.0,7.7,9.2,7.7,0.0,0.0,0.0,0.0,0.0,0.0,0.0,0.0,0.0,0.0,0.0,0.0,0.0,0.0,0.0,0.0,0.0,0.0,0.0,0.0,0.0,0.0,0.0,0.0,0.0,0.0,0.0,0.0,0.0,0.0,0.0,0.0,0.0,0.0,0.0,0.0,0.0,0.0,0.0,0.0,0.0,0.0,0.0,0.0,0.0,0.0,0.0,0.0
2026-02-01T17:34:38.524216,381.5,2.6,0.0,188.0,running,7.0,7.7,97.9,7.0,10.6,7.7,11.1,7.7,9.9,10.3,7.0,9.2,28.9,13.4,12.7,8.5,9.9,7.1,7.7,7.8,7.7,7.7,7.8,7.7,8.5,7.7,8.4,7.7,9.9,7.7,7.7,7.7,7.7,7.0,7.7,7.0,8.5,8.5,7.7,8.5,7.0,7.7,8.5,10.6,7.7,7.7,7.0,7.7,0.0,0.0,0.0,0.0,0.0,0.0,0.0,0.0,0.0,0.0,0.0,0.0,0.0,0.0,0.0,0.0,0.0,0.0,0.0,0.0,0.0,0.0,0.0,0.0,0.0,0.0,0.0,0.0,0.0,0.0,0.0,0.0,0.0,0.0,0.0,0.0,0.0,0.0,0.0,0.0,0.0,0.0,0.0,0.0,0.0,0.0,0.0,0.0
2026-02-01T17:34:40.737309,383.7,10.4,0.0,188.0,running,13.3,8.5,97.9,7.0,11.2,7.7,14.1,7.6,11.9,11.7,9.2,7.7,37.8,9.8,14.7,7.7,11.3,9.7,9.2,7.7,9.3,7.0,13.2,8.5,8.5,7.0,10.0,8.5,11.3,7.0,7.8,7.8,9.2,7.7,9.8,7.7,9.2,7.7,8.4,7.7,7.7,8.5,9.8,14.8,7.7,7.7,8.4,10.0,0.0,0.0,0.0,0.0,0.0,0.0,0.0,0.0,0.0,0.0,0.0,0.0,0.0,0.0,0.0,0.0,0.0,0.0,0.0,0.0,0.0,0.0,0.0,0.0,0.0,0.0,0.0,0.0,0.0,0.0,0.0,0.0,0.0,0.0,0.0,0.0,0.0,0.0,0.0,0.0,0.0,0.0,0.0,0.0,0.0,0.0,0.0,0.0
2026-02-01T17:34:42.954321,385.9,4.5,0.0,188.0,running,9.2,7.0,98.6,7.1,9.9,9.9,14.1,6.6,8.5,11.0,12.7,7.8,34.3,7.9,12.0,7.9,13.3,9.2,9.2,7.7,10.5,12.6,12.7,7.1,12.6,7.0,11.9,7.0,13.3,7.1,11.3,7.7,11.3,7.7,14.1,7.8,9.7,7.8,8.5,8.5,8.5,7.8,9.2,8.5,9.8,8.5,7.8,6.4,0.0,0.0,0.0,0.0,0.0,0.0,0.0,0.0,0.0,0.0,0.0,0.0,0.0,0.0,0.0,0.0,0.0,0.0,0.0,0.0,0.0,0.0,0.0,0.0,0.0,0.0,0.0,0.0,0.0,0.0,0.0,0.0,0.0,0.0,0.0,0.0,0.0,0.0,0.0,0.0,0.0,0.0,0.0,0.0,0.0,0.0,0.0,0.0
2026-02-01T17:34:45.172056,388.1,3.3,0.0,188.0,running,2.1,0.0,100.0,0.0,4.9,0.7,0.7,0.0,0.0,2.8,0.7,0.7,26.8,0.0,5.0,0.0,0.0,0.7,0.7,0.7,0.7,1.4,0.0,0.0,0.0,1.4,0.0,0.0,3.5,0.0,0.0,0.0,0.0,0.0,2.8,0.0,1.4,0.0,0.7,0.0,1.4,0.0,1.4,2.1,1.4,0.0,2.8,0.0,0.0,0.0,0.0,0.0,0.0,0.0,0.0,0.0,0.0,0.0,0.0,0.0,0.0,0.0,0.0,0.0,0.0,0.0,0.0,0.0,0.0,0.0,0.0,0.0,0.0,0.0,0.0,0.0,0.0,0.0,0.0,0.0,0.0,0.0,0.0,0.0,0.0,0.0,0.0,0.0,0.0,0.0,0.0,0.0,0.0,0.0,0.0,0.0
2026-02-01T17:34:47.389684,390.3,2.8,0.0,188.0,running,8.5,7.0,25.4,7.0,88.7,7.7,9.2,7.7,8.4,8.4,7.0,7.7,37.1,6.3,9.9,7.0,10.4,7.0,8.5,7.0,7.0,7.7,8.5,6.3,8.6,7.7,7.7,7.7,9.2,7.0,7.6,7.7,7.0,7.0,7.8,7.0,7.7,7.7,7.1,7.7,7.0,8.5,7.0,7.7,8.5,7.7,8.4,7.8,0.0,0.0,0.0,0.0,0.0,0.0,0.0,0.0,0.0,0.0,0.0,0.0,0.0,0.0,0.0,0.0,0.0,0.0,0.0,0.0,0.0,0.0,0.0,0.0,0.0,0.0,0.0,0.0,0.0,0.0,0.0,0.0,0.0,0.0,0.0,0.0,0.0,0.0,0.0,0.0,0.0,0.0,0.0,0.0,0.0,0.0,0.0,0.0
2026-02-01T17:34:49.607643,392.5,4.8,0.0,188.0,running,9.8,7.0,75.5,6.3,42.4,7.7,10.6,8.5,8.4,13.6,12.0,8.4,48.0,7.0,12.0,7.0,8.5,8.5,9.2,7.7,12.7,7.7,15.3,8.4,9.0,7.7,11.9,8.4,13.4,7.7,10.6,14.7,8.4,7.0,9.1,7.7,12.4,7.0,7.0,7.7,7.7,7.7,8.4,9.9,9.7,7.1,8.4,7.7,0.0,0.0,0.0,0.0,0.0,0.0,0.0,0.0,0.0,0.0,0.0,0.0,0.0,0.0,0.0,0.0,0.0,0.0,0.0,0.0,0.0,0.0,0.0,0.0,0.0,0.0,0.0,0.0,0.0,0.0,0.0,0.0,0.0,0.0,0.0,0.0,0.0,0.0,0.0,0.0,0.0,0.0,0.0,0.0,0.0,0.0,0.0,0.0
2026-02-01T17:34:51.825016,394.8,7.3,0.0,188.0,running,12.6,7.7,98.6,7.7,9.9,7.7,11.3,7.7,7.8,16.7,8.5,8.4,49.3,8.4,13.9,7.0,13.3,7.7,14.7,11.1,10.6,7.7,23.6,7.0,14.1,9.7,10.6,7.0,12.0,8.4,11.3,7.7,9.2,7.7,10.6,7.7,9.2,7.7,9.1,7.7,8.5,7.7,9.2,12.6,8.5,7.0,9.2,7.8,0.0,0.0,0.0,0.0,0.0,0.0,0.0,0.0,0.0,0.0,0.0,0.0,0.0,0.0,0.0,0.0,0.0,0.0,0.0,0.0,0.0,0.0,0.0,0.0,0.0,0.0,0.0,0.0,0.0,0.0,0.0,0.0,0.0,0.0,0.0,0.0,0.0,0.0,0.0,0.0,0.0,0.0,0.0,0.0,0.0,0.0,0.0,0.0
2026-02-01T17:34:54.042979,397.0,3.1,0.0,188.0,running,9.7,7.0,98.6,6.3,11.2,7.0,9.8,6.3,7.7,9.1,13.2,7.0,36.8,7.0,13.3,7.7,10.6,7.7,10.6,9.2,8.5,7.1,12.0,7.0,11.3,7.1,7.7,7.1,8.5,7.7,8.4,7.1,7.0,7.0,7.1,7.0,8.5,13.4,7.7,7.0,8.5,7.0,7.7,9.8,7.7,7.7,7.7,7.7,0.0,0.0,0.0,0.0,0.0,0.0,0.0,0.0,0.0,0.0,0.0,0.0,0.0,0.0,0.0,0.0,0.0,0.0,0.0,0.0,0.0,0.0,0.0,0.0,0.0,0.0,0.0,0.0,0.0,0.0,0.0,0.0,0.0,0.0,0.0,0.0,0.0,0.0,0.0,0.0,0.0,0.0,0.0,0.0,0.0,0.0,0.0,0.0
2026-02-01T17:34:56.260917,399.2,5.1,0.0,188.0,running,11.0,0.0,100.0,0.0,12.0,1.9,11.2,0.0,5.6,4.1,8.5,0.0,44.0,0.0,14.8,0.7,9.2,4.9,8.5,2.8,6.3,0.7,19.6,0.0,8.5,3.5,6.3,0.0,7.0,0.0,20.6,0.0,4.9,0.0,7.7,0.7,5.6,0.0,4.2,0.7,7.7,0.0,4.2,2.1,4.9,2.8,4.9,0.0,0.0,0.0,0.0,0.0,0.0,0.0,0.0,0.0,0.0,0.0,0.0,0.0,0.0,0.0,0.0,0.0,0.0,0.0,0.0,0.0,0.0,0.0,0.0,0.0,0.0,0.0,0.0,0.0,0.0,0.0,0.0,0.0,0.0,0.0,0.0,0.0,0.0,0.0,0.0,0.0,0.0,0.0,0.0,0.0,0.0,0.0,0.0,0.0
2026-02-01T17:34:58.478048,401.4,3.2,0.0,188.0,running,7.0,7.0,97.9,7.7,9.9,7.0,11.2,7.7,9.8,7.1,8.5,7.0,36.4,7.0,10.6,7.0,8.5,7.0,9.9,13.4,9.2,7.0,7.7,7.0,7.0,7.0,7.7,9.6,7.7,7.7,7.7,7.0,7.7,7.0,7.8,7.1,7.1,7.0,7.0,7.0,7.7,7.7,8.4,8.4,8.4,7.0,8.5,9.1,0.0,0.0,0.0,0.0,0.0,0.0,0.0,0.0,0.0,0.0,0.0,0.0,0.0,0.0,0.0,0.0,0.0,0.0,0.0,0.0,0.0,0.0,0.0,0.0,0.0,0.0,0.0,0.0,0.0,0.0,0.0,0.0,0.0,0.0,0.0,0.0,0.0,0.0,0.0,0.0,0.0,0.0,0.0,0.0,0.0,0.0,0.0,0.0
2026-02-01T17:35:00.696050,403.6,2.9,0.0,188.0,running,9.2,7.0,97.9,7.0,9.2,6.3,9.9,6.3,9.2,5.6,7.0,7.0,34.3,7.0,10.6,6.4,9.8,7.1,9.1,7.8,8.4,7.7,8.4,7.0,9.1,7.0,7.0,12.3,8.5,6.3,9.2,7.0,9.1,8.5,7.7,7.0,9.9,7.0,8.5,7.7,7.7,7.7,8.5,8.5,7.8,6.4,9.9,12.7,0.0,0.0,0.0,0.0,0.0,0.0,0.0,0.0,0.0,0.0,0.0,0.0,0.0,0.0,0.0,0.0,0.0,0.0,0.0,0.0,0.0,0.0,0.0,0.0,0.0,0.0,0.0,0.0,0.0,0.0,0.0,0.0,0.0,0.0,0.0,0.0,0.0,0.0,0.0,0.0,0.0,0.0,0.0,0.0,0.0,0.0,0.0,0.0
2026-02-01T17:35:02.913600,405.8,4.7,0.0,188.0,running,7.7,6.3,97.9,6.3,10.5,7.0,8.4,7.7,9.1,6.3,7.7,7.0,44.4,6.3,17.6,6.9,12.0,7.6,8.5,9.7,9.9,7.0,16.2,7.0,7.7,7.8,14.0,8.5,8.5,7.0,7.1,8.5,9.2,7.7,9.9,7.7,13.6,7.0,7.7,7.0,7.1,7.0,8.5,7.7,8.5,6.3,6.3,10.0,0.0,0.0,0.0,0.0,0.0,0.0,0.0,0.0,0.0,0.0,0.0,0.0,0.0,0.0,0.0,0.0,0.0,0.0,0.0,0.0,0.0,0.0,0.0,0.0,0.0,0.0,0.0,0.0,0.0,0.0,0.0,0.0,0.0,0.0,0.0,0.0,0.0,0.0,0.0,0.0,0.0,0.0,0.0,0.0,0.0,0.0,0.0,0.0
2026-02-01T17:35:05.130870,408.1,20.6,0.0,188.0,running,10.5,8.5,98.6,8.0,17.6,7.5,12.0,9.3,9.1,7.8,10.5,8.1,41.5,6.9,10.4,6.4,9.8,7.0,9.8,9.2,11.3,7.7,18.2,6.4,10.6,6.3,8.6,8.0,10.6,8.0,7.7,7.9,7.0,8.0,9.9,9.2,16.2,8.0,8.5,8.0,7.7,8.5,8.5,8.5,8.5,7.7,8.5,6.6,0.0,0.0,0.0,0.0,0.0,0.0,0.0,0.0,0.0,0.0,0.0,0.0,0.0,0.0,0.0,0.0,0.0,0.0,0.0,0.0,0.0,0.0,0.0,0.0,0.0,0.0,0.0,0.0,0.0,0.0,0.0,0.0,0.0,0.0,0.0,0.0,0.0,0.0,0.0,0.0,0.0,0.0,0.0,0.0,0.0,0.0,0.0,0.0
2026-02-01T17:35:07.348819,410.3,3.8,0.0,188.0,running,3.5,0.7,100.0,0.0,3.5,1.3,4.2,0.0,3.5,1.3,5.0,0.0,38.3,0.0,2.8,0.0,4.3,0.7,7.0,2.9,3.5,0.7,7.0,0.0,2.1,0.7,2.8,0.0,4.9,0.6,0.0,0.0,2.8,0.0,0.7,0.7,6.8,0.0,0.0,0.0,0.0,1.3,0.6,3.5,0.0,0.0,1.3,0.0,0.0,0.0,0.0,0.0,0.0,0.0,0.0,0.0,0.0,0.0,0.0,0.0,0.0,0.0,0.0,0.0,0.0,0.0,0.0,0.0,0.0,0.0,0.0,0.0,0.0,0.0,0.0,0.0,0.0,0.0,0.0,0.0,0.0,0.0,0.0,0.0,0.0,0.0,0.0,0.0,0.0,0.0,0.0,0.0,0.0,0.0,0.0,0.0
2026-02-01T17:35:09.564962,412.5,5.1,0.0,188.0,running,12.9,9.1,97.9,7.0,10.5,9.1,8.5,7.7,10.0,8.4,9.0,7.0,57.2,7.7,11.2,7.0,8.5,7.7,11.2,11.7,9.2,7.0,14.2,7.0,9.2,8.5,12.0,7.7,12.7,8.5,7.8,7.0,14.2,7.0,10.5,7.0,14.4,7.7,9.8,8.5,9.1,8.4,8.5,10.6,8.5,7.7,8.5,7.7,0.0,0.0,0.0,0.0,0.0,0.0,0.0,0.0,0.0,0.0,0.0,0.0,0.0,0.0,0.0,0.0,0.0,0.0,0.0,0.0,0.0,0.0,0.0,0.0,0.0,0.0,0.0,0.0,0.0,0.0,0.0,0.0,0.0,0.0,0.0,0.0,0.0,0.0,0.0,0.0,0.0,0.0,0.0,0.0,0.0,0.0,0.0,0.0
2026-02-01T17:35:11.782328,414.7,4.4,0.0,188.0,running,9.2,8.5,98.6,7.7,13.6,7.7,12.6,9.2,7.6,7.7,9.2,7.7,46.8,14.1,14.2,7.7,11.2,9.9,7.7,8.5,12.6,7.0,14.7,7.8,11.3,7.7,12.6,8.4,12.7,7.7,9.1,7.7,9.1,7.7,9.2,7.7,9.9,7.7,8.5,7.0,9.9,7.8,9.9,9.2,11.8,7.7,9.2,13.5,0.0,0.0,0.0,0.0,0.0,0.0,0.0,0.0,0.0,0.0,0.0,0.0,0.0,0.0,0.0,0.0,0.0,0.0,0.0,0.0,0.0,0.0,0.0,0.0,0.0,0.0,0.0,0.0,0.0,0.0,0.0,0.0,0.0,0.0,0.0,0.0,0.0,0.0,0.0,0.0,0.0,0.0,0.0,0.0,0.0,0.0,0.0,0.0
2026-02-01T17:35:13.999361,416.9,5.1,0.0,188.0,running,9.2,7.7,97.9,7.4,10.5,7.7,9.9,7.1,10.1,7.1,14.0,7.8,42.0,7.4,10.6,7.8,10.5,7.0,14.0,7.0,10.6,7.7,15.5,7.0,9.1,7.7,10.5,7.4,13.4,7.0,7.7,7.4,8.5,14.1,8.4,7.4,10.6,7.4,9.9,7.4,7.7,7.0,7.7,7.7,9.0,7.0,9.6,11.6,0.0,0.0,0.0,0.0,0.0,0.0,0.0,0.0,0.0,0.0,0.0,0.0,0.0,0.0,0.0,0.0,0.0,0.0,0.0,0.0,0.0,0.0,0.0,0.0,0.0,0.0,0.0,0.0,0.0,0.0,0.0,0.0,0.0,0.0,0.0,0.0,0.0,0.0,0.0,0.0,0.0,0.0,0.0,0.0,0.0,0.0,0.0,0.0
2026-02-01T17:35:16.216228,419.1,3.7,0.0,188.0,running,7.7,7.1,97.9,6.8,9.8,7.7,9.2,7.7,9.0,7.0,8.5,7.0,36.4,6.8,11.3,8.5,7.7,7.0,9.2,8.5,8.5,7.1,8.5,7.7,7.0,7.8,7.1,8.1,9.9,14.1,9.2,6.8,7.0,6.8,9.2,6.8,9.2,6.8,9.9,7.4,9.9,7.1,8.5,8.5,8.5,7.8,7.5,7.0,0.0,0.0,0.0,0.0,0.0,0.0,0.0,0.0,0.0,0.0,0.0,0.0,0.0,0.0,0.0,0.0,0.0,0.0,0.0,0.0,0.0,0.0,0.0,0.0,0.0,0.0,0.0,0.0,0.0,0.0,0.0,0.0,0.0,0.0,0.0,0.0,0.0,0.0,0.0,0.0,0.0,0.0,0.0,0.0,0.0,0.0,0.0,0.0
2026-02-01T17:35:18.433657,421.4,94.3,0.0,188.0,running,11.2,7.7,100.0,8.3,9.2,9.2,12.8,7.7,9.2,7.1,7.0,7.1,52.1,7.7,13.4,7.0,9.9,8.5,8.5,7.0,11.3,7.0,10.6,7.1,11.3,7.7,12.7,7.0,11.3,8.5,10.6,7.0,9.9,7.0,9.2,7.7,9.1,7.0,7.1,7.7,9.1,7.0,8.5,11.3,8.5,10.5,9.1,9.7,0.0,0.0,0.0,0.0,0.0,0.0,0.0,0.0,0.0,0.0,0.0,0.0,0.0,0.0,0.0,0.0,0.0,0.0,0.0,0.0,0.0,0.0,0.0,0.0,0.0,0.0,0.0,0.0,0.0,0.0,0.0,0.0,0.0,0.0,0.0,0.0,0.0,0.0,0.0,0.0,0.0,0.0,0.0,0.0,0.0,0.0,0.0,0.0
2026-02-01T17:35:20.651964,423.6,5.3,0.0,188.0,running,2.8,2.8,3.5,5.0,100.0,0.0,4.2,0.0,2.1,1.4,4.9,0.0,49.3,0.0,8.4,0.0,3.5,2.8,3.5,0.7,6.3,0.0,13.9,0.0,4.9,0.0,4.9,0.0,4.9,1.4,2.8,0.0,0.7,0.0,2.1,0.7,2.8,0.0,1.4,0.7,1.4,0.7,0.7,3.5,2.1,0.0,0.7,5.5,0.0,0.0,0.0,0.0,0.0,0.0,0.0,0.0,0.0,0.0,0.0,0.0,0.0,0.0,0.0,0.0,0.0,0.0,0.0,0.0,0.0,0.0,0.0,0.0,0.0,0.0,0.0,0.0,0.0,0.0,0.0,0.0,0.0,0.0,0.0,0.0,0.0,0.0,0.0,0.0,0.0,0.0,0.0,0.0,0.0,0.0,0.0,0.0
2026-02-01T17:35:22.869861,425.8,3.2,0.0,188.0,running,9.1,7.7,85.9,7.0,25.4,8.5,9.2,7.7,11.9,7.7,11.3,7.0,46.5,7.0,16.2,7.0,13.4,9.1,10.6,9.8,11.3,7.1,14.9,7.0,11.3,7.0,9.9,7.7,12.7,7.7,15.6,7.0,7.7,8.5,7.7,7.7,9.1,7.0,7.7,7.0,9.7,8.5,7.0,11.8,8.5,8.5,7.0,10.4,0.0,0.0,0.0,0.0,0.0,0.0,0.0,0.0,0.0,0.0,0.0,0.0,0.0,0.0,0.0,0.0,0.0,0.0,0.0,0.0,0.0,0.0,0.0,0.0,0.0,0.0,0.0,0.0,0.0,0.0,0.0,0.0,0.0,0.0,0.0,0.0,0.0,0.0,0.0,0.0,0.0,0.0,0.0,0.0,0.0,0.0,0.0,0.0
2026-02-01T17:35:25.087288,428.0,3.3,0.0,188.0,running,11.2,7.0,97.9,7.7,9.9,7.8,10.6,8.5,9.8,14.1,9.2,7.7,54.8,7.0,15.5,7.7,14.1,8.5,9.2,8.5,9.9,7.8,14.1,8.5,11.2,8.3,10.6,7.7,12.6,9.1,11.1,7.0,9.2,7.7,9.9,7.7,9.2,8.5,9.2,7.7,10.5,8.4,9.2,9.9,8.5,9.2,8.5,12.3,0.0,0.0,0.0,0.0,0.0,0.0,0.0,0.0,0.0,0.0,0.0,0.0,0.0,0.0,0.0,0.0,0.0,0.0,0.0,0.0,0.0,0.0,0.0,0.0,0.0,0.0,0.0,0.0,0.0,0.0,0.0,0.0,0.0,0.0,0.0,0.0,0.0,0.0,0.0,0.0,0.0,0.0,0.0,0.0,0.0,0.0,0.0,0.0
2026-02-01T17:35:27.306166,430.2,4.7,0.0,188.0,running,11.3,8.4,98.6,6.3,11.9,7.6,9.2,7.0,10.5,7.0,7.7,7.0,50.7,7.0,13.4,7.1,12.7,7.8,11.8,11.2,10.6,9.0,20.4,7.0,9.1,7.7,13.1,7.1,14.1,8.5,8.5,7.0,8.4,7.0,9.9,7.0,7.7,7.0,14.9,7.7,9.2,7.8,9.1,7.0,9.2,8.3,8.5,9.7,0.0,0.0,0.0,0.0,0.0,0.0,0.0,0.0,0.0,0.0,0.0,0.0,0.0,0.0,0.0,0.0,0.0,0.0,0.0,0.0,0.0,0.0,0.0,0.0,0.0,0.0,0.0,0.0,0.0,0.0,0.0,0.0,0.0,0.0,0.0,0.0,0.0,0.0,0.0,0.0,0.0,0.0,0.0,0.0,0.0,0.0,0.0,0.0
2026-02-01T17:35:29.523599,432.5,3.4,0.0,188.0,running,9.1,7.7,100.0,7.7,11.3,7.8,11.3,7.7,13.2,7.7,14.7,7.7,47.2,8.4,14.0,7.7,13.4,8.4,13.3,14.9,11.3,8.5,12.7,7.7,11.3,7.8,12.8,7.7,12.0,7.8,9.9,7.7,10.6,7.8,8.5,7.7,9.0,7.7,9.1,7.7,9.8,7.7,9.8,11.9,8.5,9.2,11.2,11.7,0.0,0.0,0.0,0.0,0.0,0.0,0.0,0.0,0.0,0.0,0.0,0.0,0.0,0.0,0.0,0.0,0.0,0.0,0.0,0.0,0.0,0.0,0.0,0.0,0.0,0.0,0.0,0.0,0.0,0.0,0.0,0.0,0.0,0.0,0.0,0.0,0.0,0.0,0.0,0.0,0.0,0.0,0.0,0.0,0.0,0.0,0.0,0.0
2026-02-01T17:35:31.741246,434.7,3.7,0.0,188.0,running,2.1,0.0,100.0,0.0,2.8,0.0,2.1,0.7,0.7,0.0,1.4,0.0,30.3,0.0,5.7,0.0,2.1,1.4,2.1,0.0,2.8,0.0,0.7,0.0,2.1,0.0,0.0,0.0,0.7,1.4,0.7,0.0,0.7,0.0,2.1,0.0,2.1,0.0,1.4,0.0,0.0,0.0,0.7,2.1,2.1,0.0,0.0,4.1,0.0,0.0,0.0,0.0,0.0,0.0,0.0,0.0,0.0,0.0,0.0,0.0,0.0,0.0,0.0,0.0,0.0,0.0,0.0,0.0,0.0,0.0,0.0,0.0,0.0,0.0,0.0,0.0,0.0,0.0,0.0,0.0,0.0,0.0,0.0,0.0,0.0,0.0,0.0,0.0,0.0,0.0,0.0,0.0,0.0,0.0,0.0,0.0
2026-02-01T17:35:33.958908,436.9,2.6,0.0,188.0,running,9.1,7.7,98.6,7.7,9.8,7.7,10.6,7.7,7.7,7.7,7.7,7.7,36.4,7.7,9.2,7.7,9.2,8.5,8.5,7.7,8.3,7.7,8.5,7.7,7.7,7.7,9.1,7.7,9.9,7.7,7.7,7.7,7.7,7.7,8.5,7.7,7.7,7.7,7.7,7.7,9.2,7.7,7.7,10.5,7.7,8.5,8.8,16.7,0.0,0.0,0.0,0.0,0.0,0.0,0.0,0.0,0.0,0.0,0.0,0.0,0.0,0.0,0.0,0.0,0.0,0.0,0.0,0.0,0.0,0.0,0.0,0.0,0.0,0.0,0.0,0.0,0.0,0.0,0.0,0.0,0.0,0.0,0.0,0.0,0.0,0.0,0.0,0.0,0.0,0.0,0.0,0.0,0.0,0.0,0.0,0.0
2026-02-01T17:35:36.176326,439.1,3.0,0.0,188.0,running,8.5,7.7,97.9,6.4,10.6,7.8,9.9,8.5,9.1,8.5,7.8,8.5,34.5,7.8,12.1,7.7,9.9,11.2,9.9,7.8,10.6,8.5,7.8,7.8,9.9,7.1,9.9,7.8,9.1,9.2,11.3,7.8,9.2,14.2,7.8,7.8,7.8,7.8,8.5,7.7,9.2,7.7,8.6,10.6,7.8,9.1,7.6,10.4,0.0,0.0,0.0,0.0,0.0,0.0,0.0,0.0,0.0,0.0,0.0,0.0,0.0,0.0,0.0,0.0,0.0,0.0,0.0,0.0,0.0,0.0,0.0,0.0,0.0,0.0,0.0,0.0,0.0,0.0,0.0,0.0,0.0,0.0,0.0,0.0,0.0,0.0,0.0,0.0,0.0,0.0,0.0,0.0,0.0,0.0,0.0,0.0
2026-02-01T17:35:38.394412,441.3,2.7,0.0,188.0,running,7.7,7.0,98.6,7.0,9.2,7.0,15.5,7.0,10.6,7.0,8.3,7.7,41.3,5.6,13.4,7.1,7.7,7.7,7.7,7.7,8.4,7.7,8.5,7.0,9.9,8.4,10.4,7.0,10.6,7.7,8.4,7.6,8.6,7.0,8.5,7.7,9.0,7.0,7.7,7.0,8.5,9.2,7.7,9.2,8.3,7.7,9.2,9.7,0.0,0.0,0.0,0.0,0.0,0.0,0.0,0.0,0.0,0.0,0.0,0.0,0.0,0.0,0.0,0.0,0.0,0.0,0.0,0.0,0.0,0.0,0.0,0.0,0.0,0.0,0.0,0.0,0.0,0.0,0.0,0.0,0.0,0.0,0.0,0.0,0.0,0.0,0.0,0.0,0.0,0.0,0.0,0.0,0.0,0.0,0.0,0.0
2026-02-01T17:35:40.612144,443.5,5.4,0.0,188.0,running,11.3,7.7,97.9,7.7,10.5,7.0,8.6,8.5,9.1,7.0,11.2,7.0,50.7,8.4,13.3,7.0,9.8,9.2,14.0,8.3,10.6,7.7,13.2,7.0,11.2,7.0,9.8,7.0,14.7,7.0,8.5,8.4,9.0,7.7,8.4,13.3,9.2,7.7,8.4,7.0,7.7,7.7,8.4,12.7,9.2,8.4,8.3,14.3,0.0,0.0,0.0,0.0,0.0,0.0,0.0,0.0,0.0,0.0,0.0,0.0,0.0,0.0,0.0,0.0,0.0,0.0,0.0,0.0,0.0,0.0,0.0,0.0,0.0,0.0,0.0,0.0,0.0,0.0,0.0,0.0,0.0,0.0,0.0,0.0,0.0,0.0,0.0,0.0,0.0,0.0,0.0,0.0,0.0,0.0,0.0,0.0
2026-02-01T17:35:42.833753,445.8,31.1,0.0,188.0,running,4.2,1.4,100.0,1.4,7.0,1.4,13.9,3.5,4.9,1.4,4.9,2.1,33.8,2.1,6.9,2.8,7.7,2.8,2.1,3.5,8.3,2.1,5.6,1.4,6.3,1.4,7.0,1.4,3.5,2.1,7.6,1.4,4.9,1.4,5.6,2.1,4.9,2.1,8.3,1.4,3.5,2.1,2.1,4.2,2.8,2.8,3.5,4.9,0.0,0.0,0.0,0.0,0.0,0.0,0.0,0.0,0.0,0.0,0.0,0.0,0.0,0.0,0.0,0.0,0.0,0.0,0.0,0.0,0.0,0.0,0.0,0.0,0.0,0.0,0.0,0.0,0.0,0.0,0.0,0.0,0.0,0.0,0.0,0.0,0.0,0.0,0.0,0.0,0.0,0.0,0.0,0.0,0.0,0.0,0.0,0.0
2026-02-01T17:35:45.051505,448.0,3.6,0.0,188.0,running,9.8,5.6,98.6,5.7,7.7,5.7,6.4,6.4,14.7,7.4,7.0,6.4,40.8,12.1,10.7,5.7,6.3,7.7,7.7,7.0,8.5,7.1,9.9,5.7,7.7,5.7,7.8,5.7,10.6,7.1,8.5,5.7,6.4,5.7,6.4,7.1,5.7,5.7,6.4,6.4,6.3,7.1,5.6,7.0,5.7,6.3,7.7,12.2,0.0,0.0,0.0,0.0,0.0,0.0,0.0,0.0,0.0,0.0,0.0,0.0,0.0,0.0,0.0,0.0,0.0,0.0,0.0,0.0,0.0,0.0,0.0,0.0,0.0,0.0,0.0,0.0,0.0,0.0,0.0,0.0,0.0,0.0,0.0,0.0,0.0,0.0,0.0,0.0,0.0,0.0,0.0,0.0,0.0,0.0,0.0,0.0
2026-02-01T17:35:47.269122,450.2,2.4,0.0,188.0,running,11.7,7.1,99.3,7.7,10.5,7.7,9.1,7.0,9.1,7.1,7.7,7.7,33.1,7.7,11.9,8.1,9.2,7.0,8.5,7.7,7.0,7.2,7.7,7.7,7.1,7.7,8.4,8.5,8.5,7.7,9.2,7.0,9.1,8.5,8.3,7.7,7.2,8.5,9.1,7.7,7.6,13.5,8.5,7.7,7.0,7.8,7.8,11.0,0.0,0.0,0.0,0.0,0.0,0.0,0.0,0.0,0.0,0.0,0.0,0.0,0.0,0.0,0.0,0.0,0.0,0.0,0.0,0.0,0.0,0.0,0.0,0.0,0.0,0.0,0.0,0.0,0.0,0.0,0.0,0.0,0.0,0.0,0.0,0.0,0.0,0.0,0.0,0.0,0.0,0.0,0.0,0.0,0.0,0.0,0.0,0.0
2026-02-01T17:35:49.486531,452.4,3.0,0.0,188.0,running,10.6,7.7,98.0,7.1,8.5,7.7,9.2,7.6,8.5,7.3,9.9,8.5,33.6,8.1,16.2,7.3,9.9,7.7,7.7,7.7,8.5,7.5,8.5,13.4,8.4,7.7,9.9,7.1,9.9,8.1,9.2,8.5,9.1,7.8,10.6,8.5,8.7,7.1,9.9,7.7,8.5,7.7,9.2,10.6,9.8,7.7,9.9,10.4,0.0,0.0,0.0,0.0,0.0,0.0,0.0,0.0,0.0,0.0,0.0,0.0,0.0,0.0,0.0,0.0,0.0,0.0,0.0,0.0,0.0,0.0,0.0,0.0,0.0,0.0,0.0,0.0,0.0,0.0,0.0,0.0,0.0,0.0,0.0,0.0,0.0,0.0,0.0,0.0,0.0,0.0,0.0,0.0,0.0,0.0,0.0,0.0
2026-02-01T17:35:51.705328,454.6,7.2,0.0,188.0,running,9.9,7.0,80.4,7.7,35.2,7.7,9.2,7.8,7.9,8.5,11.3,7.7,32.4,7.4,9.2,9.9,8.6,7.8,11.3,7.8,10.6,7.7,10.6,7.7,10.6,7.7,9.9,7.0,11.3,7.4,11.8,7.7,9.9,7.7,11.6,7.1,9.2,9.7,7.0,7.7,7.0,7.7,7.7,7.7,7.8,7.6,7.0,10.4,0.0,0.0,0.0,0.0,0.0,0.0,0.0,0.0,0.0,0.0,0.0,0.0,0.0,0.0,0.0,0.0,0.0,0.0,0.0,0.0,0.0,0.0,0.0,0.0,0.0,0.0,0.0,0.0,0.0,0.0,0.0,0.0,0.0,0.0,0.0,0.0,0.0,0.0,0.0,0.0,0.0,0.0,0.0,0.0,0.0,0.0,0.0,0.0
2026-02-01T17:35:53.923059,456.9,5.2,0.0,188.0,running,11.0,7.0,16.6,10.5,94.4,8.5,12.6,7.7,10.4,7.1,9.9,8.5,46.9,6.3,18.9,7.7,12.9,8.5,14.6,9.0,10.6,8.5,16.9,7.8,10.6,7.1,12.1,7.7,12.9,12.6,9.8,7.1,9.1,7.1,11.3,9.1,9.1,7.1,9.2,7.8,9.9,7.7,9.2,10.5,9.1,7.1,8.6,13.6,0.0,0.0,0.0,0.0,0.0,0.0,0.0,0.0,0.0,0.0,0.0,0.0,0.0,0.0,0.0,0.0,0.0,0.0,0.0,0.0,0.0,0.0,0.0,0.0,0.0,0.0,0.0,0.0,0.0,0.0,0.0,0.0,0.0,0.0,0.0,0.0,0.0,0.0,0.0,0.0,0.0,0.0,0.0,0.0,0.0,0.0,0.0,0.0
2026-02-01T17:35:56.140518,459.1,3.6,0.0,188.0,running,0.7,0.0,100.0,0.0,0.7,0.0,2.8,0.7,0.7,0.0,1.4,0.0,28.6,0.0,2.9,0.0,2.1,1.4,2.1,0.0,0.0,0.0,0.0,0.0,0.0,0.0,0.7,0.0,3.5,0.7,1.4,0.0,0.0,0.0,0.7,0.0,0.7,0.0,1.4,0.0,0.7,0.0,0.7,1.4,1.4,0.0,0.7,6.8,0.0,0.0,0.0,0.0,0.0,0.0,0.0,0.0,0.0,0.0,0.0,0.0,0.0,0.0,0.0,0.0,0.0,0.0,0.0,0.0,0.0,0.0,0.0,0.0,0.0,0.0,0.0,0.0,0.0,0.0,0.0,0.0,0.0,0.0,0.0,0.0,0.0,0.0,0.0,0.0,0.0,0.0,0.0,0.0,0.0,0.0,0.0,0.0
2026-02-01T17:35:58.357895,461.3,5.8,0.0,188.0,running,14.5,7.1,99.3,7.7,9.9,7.7,11.3,7.7,7.1,14.1,12.5,7.7,55.9,8.5,14.0,7.0,11.9,9.2,11.3,8.3,11.7,7.7,18.4,7.0,11.3,7.0,15.4,7.7,11.2,8.4,9.2,8.3,9.9,7.0,9.9,7.0,10.5,7.7,8.3,7.0,9.1,7.7,8.4,7.8,9.2,7.6,8.5,11.6,0.0,0.0,0.0,0.0,0.0,0.0,0.0,0.0,0.0,0.0,0.0,0.0,0.0,0.0,0.0,0.0,0.0,0.0,0.0,0.0,0.0,0.0,0.0,0.0,0.0,0.0,0.0,0.0,0.0,0.0,0.0,0.0,0.0,0.0,0.0,0.0,0.0,0.0,0.0,0.0,0.0,0.0,0.0,0.0,0.0,0.0,0.0,0.0
2026-02-01T17:36:00.576849,463.5,6.5,0.0,188.0,running,11.1,7.7,97.9,7.7,12.0,8.5,12.6,8.5,7.7,7.7,11.3,7.0,52.1,7.7,13.3,14.8,11.3,7.8,12.0,7.8,11.2,8.5,18.2,7.8,13.9,7.7,12.5,7.7,12.0,8.5,8.4,7.8,8.3,7.7,9.8,7.7,10.6,14.1,9.9,8.5,11.3,7.8,9.9,9.2,9.2,8.4,11.6,7.9,0.0,0.0,0.0,0.0,0.0,0.0,0.0,0.0,0.0,0.0,0.0,0.0,0.0,0.0,0.0,0.0,0.0,0.0,0.0,0.0,0.0,0.0,0.0,0.0,0.0,0.0,0.0,0.0,0.0,0.0,0.0,0.0,0.0,0.0,0.0,0.0,0.0,0.0,0.0,0.0,0.0,0.0,0.0,0.0,0.0,0.0,0.0,0.0
2026-02-01T17:36:02.794202,465.7,4.0,0.0,188.0,running,8.5,7.7,98.6,7.0,9.9,7.8,9.9,7.7,11.2,7.0,9.8,8.4,39.0,7.7,15.7,17.3,10.5,8.3,15.5,9.2,9.3,7.7,18.4,8.5,12.8,7.8,7.8,7.0,10.6,7.7,9.2,7.0,7.7,7.0,7.9,7.0,7.7,8.4,7.1,7.0,7.7,8.4,7.7,10.5,8.3,7.9,8.4,7.7,0.0,0.0,0.0,0.0,0.0,0.0,0.0,0.0,0.0,0.0,0.0,0.0,0.0,0.0,0.0,0.0,0.0,0.0,0.0,0.0,0.0,0.0,0.0,0.0,0.0,0.0,0.0,0.0,0.0,0.0,0.0,0.0,0.0,0.0,0.0,0.0,0.0,0.0,0.0,0.0,0.0,0.0,0.0,0.0,0.0,0.0,0.0,0.0
2026-02-01T17:36:05.011708,467.9,3.8,0.0,188.0,running,9.9,6.3,97.9,6.3,10.6,6.3,7.8,7.3,7.9,6.3,6.4,7.7,33.8,7.0,11.4,9.0,7.1,9.9,7.8,6.3,9.0,6.3,8.5,6.3,7.0,7.0,7.1,6.3,9.2,7.0,8.5,6.3,7.1,6.3,8.5,7.0,7.0,6.3,7.0,6.3,8.5,7.1,7.0,6.4,7.8,6.3,14.3,6.3,0.0,0.0,0.0,0.0,0.0,0.0,0.0,0.0,0.0,0.0,0.0,0.0,0.0,0.0,0.0,0.0,0.0,0.0,0.0,0.0,0.0,0.0,0.0,0.0,0.0,0.0,0.0,0.0,0.0,0.0,0.0,0.0,0.0,0.0,0.0,0.0,0.0,0.0,0.0,0.0,0.0,0.0,0.0,0.0,0.0,0.0,0.0,0.0
2026-02-01T17:36:07.235236,470.2,2.6,0.0,188.0,running,2.8,0.0,100.0,0.0,2.1,0.7,1.4,0.0,1.4,0.0,2.1,0.0,41.5,0.0,6.2,4.2,2.8,4.2,4.2,3.5,4.2,0.0,4.9,0.0,2.8,0.0,4.9,0.0,4.2,0.7,2.1,0.7,1.4,0.0,2.8,0.7,0.7,0.0,0.7,0.0,0.7,0.0,0.7,1.4,0.0,0.0,1.4,0.0,0.0,0.0,0.0,0.0,0.0,0.0,0.0,0.0,0.0,0.0,0.0,0.0,0.0,0.0,0.0,0.0,0.0,0.0,0.0,0.0,0.0,0.0,0.0,0.0,0.0,0.0,0.0,0.0,0.0,0.0,0.0,0.0,0.0,0.0,0.0,0.0,0.0,0.0,0.0,0.0,0.0,0.0,0.0,0.0,0.0,0.0,0.0,0.0
2026-02-01T17:36:09.452975,472.4,5.9,0.0,188.0,running,9.0,8.3,98.6,7.0,10.5,7.7,9.8,6.3,9.1,8.5,13.2,6.5,51.0,8.4,18.9,11.6,14.7,7.7,11.2,9.1,11.8,7.0,20.3,9.0,15.2,7.6,10.4,14.0,15.4,7.0,10.5,7.0,9.2,7.0,9.2,9.1,10.4,7.6,7.0,8.3,9.1,7.0,8.4,8.4,7.0,6.9,8.4,7.0,0.0,0.0,0.0,0.0,0.0,0.0,0.0,0.0,0.0,0.0,0.0,0.0,0.0,0.0,0.0,0.0,0.0,0.0,0.0,0.0,0.0,0.0,0.0,0.0,0.0,0.0,0.0,0.0,0.0,0.0,0.0,0.0,0.0,0.0,0.0,0.0,0.0,0.0,0.0,0.0,0.0,0.0,0.0,0.0,0.0,0.0,0.0,0.0
2026-02-01T17:36:11.672157,474.6,3.3,0.0,188.0,running,12.4,7.7,98.6,7.8,13.4,10.6,17.1,8.5,8.5,8.5,12.0,8.5,46.1,7.7,13.5,14.3,14.1,9.1,14.0,11.9,9.9,8.4,15.5,7.7,9.9,7.7,10.0,7.8,11.9,7.8,8.5,7.7,9.0,7.8,10.6,7.7,10.5,7.8,9.8,7.8,8.5,8.5,9.2,10.6,9.9,7.9,11.2,7.8,0.0,0.0,0.0,0.0,0.0,0.0,0.0,0.0,0.0,0.0,0.0,0.0,0.0,0.0,0.0,0.0,0.0,0.0,0.0,0.0,0.0,0.0,0.0,0.0,0.0,0.0,0.0,0.0,0.0,0.0,0.0,0.0,0.0,0.0,0.0,0.0,0.0,0.0,0.0,0.0,0.0,0.0,0.0,0.0,0.0,0.0,0.0,0.0
2026-02-01T17:36:13.889434,476.8,4.0,0.0,188.0,running,8.5,7.0,98.6,7.0,9.9,7.0,7.6,7.0,8.4,7.7,9.9,7.7,34.0,7.1,9.9,11.7,8.5,9.1,9.2,7.9,7.9,7.7,7.8,7.7,7.8,7.8,8.5,7.7,9.2,7.7,9.7,7.7,9.2,7.7,10.3,13.4,7.9,7.0,8.4,7.0,8.5,7.6,7.8,10.6,9.1,7.7,9.2,7.7,0.0,0.0,0.0,0.0,0.0,0.0,0.0,0.0,0.0,0.0,0.0,0.0,0.0,0.0,0.0,0.0,0.0,0.0,0.0,0.0,0.0,0.0,0.0,0.0,0.0,0.0,0.0,0.0,0.0,0.0,0.0,0.0,0.0,0.0,0.0,0.0,0.0,0.0,0.0,0.0,0.0,0.0,0.0,0.0,0.0,0.0,0.0,0.0
2026-02-01T17:36:16.107119,479.0,2.9,0.0,188.0,running,7.7,7.1,98.6,7.0,7.7,7.0,9.8,7.6,8.5,7.0,8.5,7.7,30.3,13.4,13.2,12.4,8.5,8.5,9.0,8.3,7.6,7.7,8.4,7.7,7.7,7.6,10.3,7.0,10.5,6.9,7.7,7.7,7.4,7.0,8.5,7.0,8.5,7.0,7.7,7.0,7.0,7.1,8.3,10.6,8.5,7.7,7.7,8.9,0.0,0.0,0.0,0.0,0.0,0.0,0.0,0.0,0.0,0.0,0.0,0.0,0.0,0.0,0.0,0.0,0.0,0.0,0.0,0.0,0.0,0.0,0.0,0.0,0.0,0.0,0.0,0.0,0.0,0.0,0.0,0.0,0.0,0.0,0.0,0.0,0.0,0.0,0.0,0.0,0.0,0.0,0.0,0.0,0.0,0.0,0.0,0.0
2026-02-01T17:36:18.328344,481.3,87.3,0.0,188.0,running,9.2,5.6,100.0,5.6,8.5,5.6,9.2,5.6,5.6,6.2,7.7,7.6,34.3,5.6,9.9,5.6,7.0,6.3,7.0,6.3,6.3,6.3,6.3,6.2,5.6,6.3,7.7,5.6,7.0,7.0,6.3,6.2,6.1,6.2,6.3,5.6,6.9,6.2,6.3,5.6,5.6,6.3,6.3,9.0,6.3,6.2,5.6,6.6,0.0,0.0,0.0,0.0,0.0,0.0,0.0,0.0,0.0,0.0,0.0,0.0,0.0,0.0,0.0,0.0,0.0,0.0,0.0,0.0,0.0,0.0,0.0,0.0,0.0,0.0,0.0,0.0,0.0,0.0,0.0,0.0,0.0,0.0,0.0,0.0,0.0,0.0,0.0,0.0,0.0,0.0,0.0,0.0,0.0,0.0,0.0,0.0
2026-02-01T17:36:20.545783,483.5,2.3,0.0,188.0,running,2.1,0.7,98.6,0.8,3.5,0.7,0.7,0.7,2.1,0.8,1.4,0.7,28.2,0.8,5.7,0.7,2.8,0.7,2.1,0.7,1.4,0.7,0.7,0.7,1.4,1.4,3.5,1.0,2.1,0.7,0.7,0.7,0.7,0.8,2.1,0.8,0.7,0.8,0.7,0.7,0.7,0.7,1.4,9.2,2.1,0.7,0.7,0.8,0.0,0.0,0.0,0.0,0.0,0.0,0.0,0.0,0.0,0.0,0.0,0.0,0.0,0.0,0.0,0.0,0.0,0.0,0.0,0.0,0.0,0.0,0.0,0.0,0.0,0.0,0.0,0.0,0.0,0.0,0.0,0.0,0.0,0.0,0.0,0.0,0.0,0.0,0.0,0.0,0.0,0.0,0.0,0.0,0.0,0.0,0.0,0.0
2026-02-01T17:36:22.763690,485.7,5.8,0.0,188.0,running,8.5,7.7,98.6,6.1,11.3,8.5,7.1,8.4,10.7,6.1,8.5,8.5,34.0,6.1,15.6,7.5,8.4,8.4,9.9,7.0,9.2,6.9,16.3,6.8,9.2,7.6,11.1,5.6,9.9,8.2,10.6,6.8,9.9,7.3,8.6,6.1,9.2,6.1,9.0,8.2,8.5,7.1,8.4,9.9,9.8,7.7,9.8,6.7,0.0,0.0,0.0,0.0,0.0,0.0,0.0,0.0,0.0,0.0,0.0,0.0,0.0,0.0,0.0,0.0,0.0,0.0,0.0,0.0,0.0,0.0,0.0,0.0,0.0,0.0,0.0,0.0,0.0,0.0,0.0,0.0,0.0,0.0,0.0,0.0,0.0,0.0,0.0,0.0,0.0,0.0,0.0,0.0,0.0,0.0,0.0,0.0
2026-02-01T17:36:24.981532,487.9,2.9,0.0,188.0,running,10.6,14.9,98.6,7.0,18.9,10.6,9.0,7.8,15.4,8.5,9.2,7.7,12.1,7.0,9.8,8.5,10.0,7.8,7.9,7.0,7.0,7.0,8.5,7.7,12.7,7.8,12.5,7.0,9.9,8.5,9.8,8.5,7.7,7.8,8.5,7.1,9.2,7.0,8.6,7.7,7.7,7.0,7.8,12.7,8.5,7.7,8.5,7.1,0.0,0.0,0.0,0.0,0.0,0.0,0.0,0.0,0.0,0.0,0.0,0.0,0.0,0.0,0.0,0.0,0.0,0.0,0.0,0.0,0.0,0.0,0.0,0.0,0.0,0.0,0.0,0.0,0.0,0.0,0.0,0.0,0.0,0.0,0.0,0.0,0.0,0.0,0.0,0.0,0.0,0.0,0.0,0.0,0.0,0.0,0.0,0.0
2026-02-01T17:36:27.199198,490.1,3.2,0.0,188.0,running,7.7,7.0,97.9,6.3,7.7,7.0,9.1,7.0,7.7,7.0,9.0,7.0,7.0,7.0,8.5,7.7,7.0,8.5,7.0,7.0,8.5,8.4,9.2,6.2,7.0,6.9,11.8,6.3,7.8,7.6,6.3,13.4,7.0,7.0,8.5,6.3,7.0,6.3,7.7,6.3,7.1,6.3,6.3,9.1,6.3,7.0,9.1,7.0,0.0,0.0,0.0,0.0,0.0,0.0,0.0,0.0,0.0,0.0,0.0,0.0,0.0,0.0,0.0,0.0,0.0,0.0,0.0,0.0,0.0,0.0,0.0,0.0,0.0,0.0,0.0,0.0,0.0,0.0,0.0,0.0,0.0,0.0,0.0,0.0,0.0,0.0,0.0,0.0,0.0,0.0,0.0,0.0,0.0,0.0,0.0,0.0
2026-02-01T17:36:29.416123,492.3,2.3,0.0,188.0,running,7.8,7.7,97.9,7.7,9.2,7.7,9.2,7.7,9.3,14.1,9.2,7.7,8.4,7.7,10.5,7.8,7.7,8.4,7.7,7.7,9.2,8.5,8.5,7.1,7.8,7.1,12.4,7.1,7.0,10.0,8.5,7.7,8.4,8.5,8.4,8.4,9.9,7.0,7.7,7.7,8.5,7.8,7.7,9.9,9.0,7.7,10.6,7.7,0.0,0.0,0.0,0.0,0.0,0.0,0.0,0.0,0.0,0.0,0.0,0.0,0.0,0.0,0.0,0.0,0.0,0.0,0.0,0.0,0.0,0.0,0.0,0.0,0.0,0.0,0.0,0.0,0.0,0.0,0.0,0.0,0.0,0.0,0.0,0.0,0.0,0.0,0.0,0.0,0.0,0.0,0.0,0.0,0.0,0.0,0.0,0.0
2026-02-01T17:36:31.633992,494.6,2.0,0.0,188.0,running,1.4,0.7,100.0,0.0,0.7,0.0,1.4,0.0,2.1,0.0,2.1,0.0,0.7,0.0,0.7,0.0,0.0,0.7,0.0,0.0,0.7,1.4,3.5,0.0,0.0,0.0,3.5,0.0,0.7,0.0,0.0,0.0,0.0,0.0,0.0,0.0,0.0,0.0,0.0,0.0,0.0,0.7,0.0,2.8,0.0,0.0,0.0,0.0,0.0,0.0,0.0,0.0,0.0,0.0,0.0,0.0,0.0,0.0,0.0,0.0,0.0,0.0,0.0,0.0,0.0,0.0,0.0,0.0,0.0,0.0,0.0,0.0,0.0,0.0,0.0,0.0,0.0,0.0,0.0,0.0,0.0,0.0,0.0,0.0,0.0,0.0,0.0,0.0,0.0,0.0,0.0,0.0,0.0,0.0,0.0,0.0
2026-02-01T17:36:33.852065,496.8,2.6,0.0,188.0,running,9.7,9.2,98.6,7.7,10.5,7.0,8.5,9.2,9.2,7.7,8.5,7.7,9.9,7.0,9.2,7.0,8.5,7.0,10.5,9.3,8.5,7.7,12.1,7.7,8.6,7.7,10.5,4.0,7.8,7.7,9.2,7.0,8.5,7.7,7.7,7.0,8.5,14.2,8.5,7.0,7.7,7.7,7.7,10.5,8.4,7.7,7.9,7.7,0.0,0.0,0.0,0.0,0.0,0.0,0.0,0.0,0.0,0.0,0.0,0.0,0.0,0.0,0.0,0.0,0.0,0.0,0.0,0.0,0.0,0.0,0.0,0.0,0.0,0.0,0.0,0.0,0.0,0.0,0.0,0.0,0.0,0.0,0.0,0.0,0.0,0.0,0.0,0.0,0.0,0.0,0.0,0.0,0.0,0.0,0.0,0.0
2026-02-01T17:36:36.069699,499.0,2.1,0.0,188.0,running,7.9,8.5,99.3,7.7,8.5,8.5,9.8,7.7,9.9,8.5,7.7,10.1,8.4,13.9,7.7,7.0,7.7,9.1,7.0,14.8,9.1,7.7,8.5,7.7,7.7,9.7,8.5,7.7,7.0,7.8,8.5,7.1,8.5,7.7,7.8,7.0,8.4,7.7,7.8,7.0,8.5,7.0,7.7,9.2,8.4,7.1,9.9,7.3,0.0,0.0,0.0,0.0,0.0,0.0,0.0,0.0,0.0,0.0,0.0,0.0,0.0,0.0,0.0,0.0,0.0,0.0,0.0,0.0,0.0,0.0,0.0,0.0,0.0,0.0,0.0,0.0,0.0,0.0,0.0,0.0,0.0,0.0,0.0,0.0,0.0,0.0,0.0,0.0,0.0,0.0,0.0,0.0,0.0,0.0,0.0,0.0
2026-02-01T17:36:38.287086,501.2,2.3,0.0,188.0,running,9.0,8.5,98.6,8.5,7.7,9.2,9.9,7.8,8.5,7.7,9.9,7.3,7.9,5.4,9.2,9.2,8.4,8.6,8.5,9.1,9.1,8.5,9.1,8.5,8.4,9.9,8.5,8.5,9.7,7.7,9.2,9.2,9.2,7.7,9.2,7.8,8.5,7.7,8.5,7.7,8.5,7.7,8.5,10.5,9.3,8.3,10.5,11.0,0.0,0.0,0.0,0.0,0.0,0.0,0.0,0.0,0.0,0.0,0.0,0.0,0.0,0.0,0.0,0.0,0.0,0.0,0.0,0.0,0.0,0.0,0.0,0.0,0.0,0.0,0.0,0.0,0.0,0.0,0.0,0.0,0.0,0.0,0.0,0.0,0.0,0.0,0.0,0.0,0.0,0.0,0.0,0.0,0.0,0.0,0.0,0.0
2026-02-01T17:36:40.504840,503.4,1.9,0.0,188.0,running,9.2,8.4,99.3,7.8,9.2,8.4,9.2,8.4,10.4,7.7,8.4,7.7,8.3,9.1,7.7,8.3,7.7,7.6,15.4,9.0,7.7,7.7,9.8,7.7,7.7,7.7,7.7,7.7,7.7,7.7,9.2,7.7,9.8,7.7,8.6,7.7,7.7,7.7,7.7,8.4,7.7,7.7,7.7,9.9,10.4,7.7,7.7,6.7,0.0,0.0,0.0,0.0,0.0,0.0,0.0,0.0,0.0,0.0,0.0,0.0,0.0,0.0,0.0,0.0,0.0,0.0,0.0,0.0,0.0,0.0,0.0,0.0,0.0,0.0,0.0,0.0,0.0,0.0,0.0,0.0,0.0,0.0,0.0,0.0,0.0,0.0,0.0,0.0,0.0,0.0,0.0,0.0,0.0,0.0,0.0,0.0
2026-02-01T17:36:42.721684,505.7,76.2,0.0,188.0,running,8.5,9.1,97.9,7.7,8.5,8.5,11.2,7.7,18.2,7.7,13.4,7.7,11.3,7.7,9.2,8.5,7.7,7.8,9.2,7.7,9.2,7.7,12.0,7.7,11.3,8.4,11.2,7.7,10.6,8.5,12.7,7.7,10.6,7.7,9.0,7.7,11.2,7.7,7.7,8.5,8.5,7.7,7.7,11.9,7.7,7.7,7.8,7.7,0.0,0.0,0.0,0.0,0.0,0.0,0.0,0.0,0.0,0.0,0.0,0.0,0.0,0.0,0.0,0.0,0.0,0.0,0.0,0.0,0.0,0.0,0.0,0.0,0.0,0.0,0.0,0.0,0.0,0.0,0.0,0.0,0.0,0.0,0.0,0.0,0.0,0.0,0.0,0.0,0.0,0.0,0.0,0.0,0.0,0.0,0.0,0.0
2026-02-01T17:36:44.938912,507.9,2.1,0.0,188.0,running,0.0,0.8,100.0,0.0,1.4,0.7,5.6,0.0,0.7,0.7,0.7,0.0,0.7,0.0,0.7,0.7,0.0,0.0,8.1,0.0,1.4,0.0,1.4,0.0,0.0,0.7,2.1,0.0,0.0,0.0,0.0,0.0,0.0,0.0,0.0,0.0,0.0,0.0,0.7,0.0,0.0,0.0,0.0,1.4,0.7,0.0,0.7,0.0,0.0,0.0,0.0,0.0,0.0,0.0,0.0,0.0,0.0,0.0,0.0,0.0,0.0,0.0,0.0,0.0,0.0,0.0,0.0,0.0,0.0,0.0,0.0,0.0,0.0,0.0,0.0,0.0,0.0,0.0,0.0,0.0,0.0,0.0,0.0,0.0,0.0,0.0,0.0,0.0,0.0,0.0,0.0,0.0,0.0,0.0,0.0,0.0
2026-02-01T17:36:47.155510,510.1,2.8,0.0,188.0,running,9.1,6.6,98.6,6.3,7.7,6.3,9.2,7.7,8.5,7.7,8.5,7.0,7.8,7.0,6.4,7.7,7.8,6.3,10.4,7.0,8.5,6.3,8.5,7.0,7.0,6.4,7.1,6.3,7.1,7.7,9.1,7.0,13.5,6.3,7.0,6.3,6.3,7.7,7.7,7.0,6.4,7.7,6.3,9.2,9.2,6.3,7.0,7.0,0.0,0.0,0.0,0.0,0.0,0.0,0.0,0.0,0.0,0.0,0.0,0.0,0.0,0.0,0.0,0.0,0.0,0.0,0.0,0.0,0.0,0.0,0.0,0.0,0.0,0.0,0.0,0.0,0.0,0.0,0.0,0.0,0.0,0.0,0.0,0.0,0.0,0.0,0.0,0.0,0.0,0.0,0.0,0.0,0.0,0.0,0.0,0.0
2026-02-01T17:36:49.373317,512.3,3.8,0.0,188.0,running,7.7,7.8,97.9,7.8,8.5,8.5,10.6,7.8,7.7,8.6,9.1,7.8,7.7,13.2,6.3,7.8,7.7,7.7,10.4,7.7,7.8,9.0,8.4,7.8,9.2,8.4,9.1,7.8,9.2,7.8,8.5,14.2,7.7,7.8,7.8,7.8,7.7,8.5,7.7,9.1,7.7,8.5,8.5,9.9,8.5,8.5,8.5,12.1,0.0,0.0,0.0,0.0,0.0,0.0,0.0,0.0,0.0,0.0,0.0,0.0,0.0,0.0,0.0,0.0,0.0,0.0,0.0,0.0,0.0,0.0,0.0,0.0,0.0,0.0,0.0,0.0,0.0,0.0,0.0,0.0,0.0,0.0,0.0,0.0,0.0,0.0,0.0,0.0,0.0,0.0,0.0,0.0,0.0,0.0,0.0,0.0
2026-02-01T17:36:51.590827,514.5,3.2,0.0,188.0,running,5.6,7.0,98.6,7.7,9.2,7.0,7.7,8.5,7.0,7.5,9.0,7.0,7.7,5.2,7.0,7.0,8.4,7.1,9.1,7.7,8.5,7.7,9.2,7.0,7.0,7.1,8.5,7.0,8.4,7.0,7.1,7.7,7.8,7.0,7.7,7.0,8.3,7.0,8.5,7.1,7.1,14.1,7.7,9.9,7.7,7.7,8.4,5.2,0.0,0.0,0.0,0.0,0.0,0.0,0.0,0.0,0.0,0.0,0.0,0.0,0.0,0.0,0.0,0.0,0.0,0.0,0.0,0.0,0.0,0.0,0.0,0.0,0.0,0.0,0.0,0.0,0.0,0.0,0.0,0.0,0.0,0.0,0.0,0.0,0.0,0.0,0.0,0.0,0.0,0.0,0.0,0.0,0.0,0.0,0.0,0.0
2026-02-01T17:36:53.808449,516.7,3.7,0.0,188.0,running,9.2,8.4,98.6,7.7,10.6,7.7,8.5,7.7,7.7,7.8,8.5,7.7,7.7,7.7,7.8,7.7,7.7,7.7,7.7,7.9,8.4,8.5,10.6,13.4,8.5,7.7,9.8,7.7,9.2,7.7,7.6,7.8,7.7,7.7,7.7,7.7,7.1,7.7,8.4,8.4,7.7,7.7,7.0,8.4,7.0,8.7,9.1,7.7,0.0,0.0,0.0,0.0,0.0,0.0,0.0,0.0,0.0,0.0,0.0,0.0,0.0,0.0,0.0,0.0,0.0,0.0,0.0,0.0,0.0,0.0,0.0,0.0,0.0,0.0,0.0,0.0,0.0,0.0,0.0,0.0,0.0,0.0,0.0,0.0,0.0,0.0,0.0,0.0,0.0,0.0,0.0,0.0,0.0,0.0,0.0,0.0
2026-02-01T17:36:56.030241,519.0,4.0,0.0,188.0,running,10.5,0.0,100.0,0.0,6.3,3.5,2.8,5.6,6.3,3.5,4.2,0.7,3.5,0.7,2.1,1.4,1.4,1.4,8.3,0.0,2.1,1.4,1.4,2.8,4.9,2.2,0.7,0.0,1.4,0.7,2.8,0.7,3.5,0.0,2.8,0.7,1.4,0.0,4.9,0.0,0.7,2.8,1.4,2.8,0.0,0.0,3.5,0.0,0.0,0.0,0.0,0.0,0.0,0.0,0.0,0.0,0.0,0.0,0.0,0.0,0.0,0.0,0.0,0.0,0.0,0.0,0.0,0.0,0.0,0.0,0.0,0.0,0.0,0.0,0.0,0.0,0.0,0.0,0.0,0.0,0.0,0.0,0.0,0.0,0.0,0.0,0.0,0.0,0.0,0.0,0.0,0.0,0.0,0.0,0.0,0.0
2026-02-01T17:36:58.247778,521.2,3.2,0.0,188.0,running,11.2,7.7,97.9,7.7,9.1,9.9,17.6,7.8,13.4,7.8,11.3,15.0,8.5,9.2,9.2,8.5,7.7,7.7,10.4,7.7,8.5,9.2,11.1,7.7,9.9,8.2,10.6,7.7,8.5,8.5,7.8,7.7,9.2,7.7,9.2,8.5,8.5,7.1,9.2,9.9,8.5,9.2,9.8,8.5,9.9,8.5,8.4,9.2,0.0,0.0,0.0,0.0,0.0,0.0,0.0,0.0,0.0,0.0,0.0,0.0,0.0,0.0,0.0,0.0,0.0,0.0,0.0,0.0,0.0,0.0,0.0,0.0,0.0,0.0,0.0,0.0,0.0,0.0,0.0,0.0,0.0,0.0,0.0,0.0,0.0,0.0,0.0,0.0,0.0,0.0,0.0,0.0,0.0,0.0,0.0,0.0
2026-02-01T17:37:00.464725,523.4,2.6,0.0,188.0,running,11.2,7.7,98.6,8.5,11.3,9.9,9.8,8.5,10.5,9.2,13.3,5.3,11.3,8.5,9.7,8.5,8.4,9.1,13.8,8.4,9.2,9.2,12.7,8.5,11.3,11.2,11.8,8.5,9.8,7.7,8.4,14.2,9.2,7.7,8.5,7.0,9.8,7.7,8.5,12.6,9.0,11.3,8.5,12.0,9.2,9.9,10.6,7.7,0.0,0.0,0.0,0.0,0.0,0.0,0.0,0.0,0.0,0.0,0.0,0.0,0.0,0.0,0.0,0.0,0.0,0.0,0.0,0.0,0.0,0.0,0.0,0.0,0.0,0.0,0.0,0.0,0.0,0.0,0.0,0.0,0.0,0.0,0.0,0.0,0.0,0.0,0.0,0.0,0.0,0.0,0.0,0.0,0.0,0.0,0.0,0.0
2026-02-01T17:37:02.682790,525.6,2.8,0.0,188.0,running,9.9,7.7,98.6,7.7,9.2,9.9,9.9,8.5,10.0,7.7,16.9,9.2,9.1,7.7,8.6,8.4,8.5,7.7,9.9,9.2,9.2,9.7,10.6,8.5,10.6,7.7,7.9,8.5,8.5,7.7,7.8,8.5,8.5,7.7,7.7,7.7,7.8,7.8,9.2,9.8,7.9,9.1,9.2,11.3,8.5,9.2,9.0,7.7,0.0,0.0,0.0,0.0,0.0,0.0,0.0,0.0,0.0,0.0,0.0,0.0,0.0,0.0,0.0,0.0,0.0,0.0,0.0,0.0,0.0,0.0,0.0,0.0,0.0,0.0,0.0,0.0,0.0,0.0,0.0,0.0,0.0,0.0,0.0,0.0,0.0,0.0,0.0,0.0,0.0,0.0,0.0,0.0,0.0,0.0,0.0,0.0
2026-02-01T17:37:04.900254,527.8,4.5,0.0,188.0,running,10.6,7.0,98.0,7.7,17.7,7.0,12.6,7.0,14.6,7.0,11.3,7.7,8.5,7.1,10.5,9.9,8.3,7.7,16.4,9.2,8.5,7.1,9.2,7.0,7.1,8.4,9.2,7.0,7.8,9.8,9.8,7.0,9.2,7.0,10.6,7.0,9.2,7.0,14.1,8.5,8.4,7.0,9.0,12.0,9.1,10.5,7.9,11.8,0.0,0.0,0.0,0.0,0.0,0.0,0.0,0.0,0.0,0.0,0.0,0.0,0.0,0.0,0.0,0.0,0.0,0.0,0.0,0.0,0.0,0.0,0.0,0.0,0.0,0.0,0.0,0.0,0.0,0.0,0.0,0.0,0.0,0.0,0.0,0.0,0.0,0.0,0.0,0.0,0.0,0.0,0.0,0.0,0.0,0.0,0.0,0.0
2026-02-01T17:37:07.118257,530.0,2.0,0.0,188.0,running,2.1,0.0,100.0,0.0,7.7,0.0,13.3,0.0,8.5,0.0,2.8,0.0,3.5,0.0,0.7,0.0,0.0,0.7,2.1,1.4,0.0,0.0,2.8,0.0,0.7,0.7,3.5,0.0,0.0,0.7,0.7,0.0,0.0,0.0,0.0,0.0,0.0,4.1,0.0,0.0,0.0,0.0,0.0,2.1,0.0,0.0,0.0,1.4,0.0,0.0,0.0,0.0,0.0,0.0,0.0,0.0,0.0,0.0,0.0,0.0,0.0,0.0,0.0,0.0,0.0,0.0,0.0,0.0,0.0,0.0,0.0,0.0,0.0,0.0,0.0,0.0,0.0,0.0,0.0,0.0,0.0,0.0,0.0,0.0,0.0,0.0,0.0,0.0,0.0,0.0,0.0,0.0,0.0,0.0,0.0,0.0
2026-02-01T17:37:09.335426,532.3,2.7,0.0,188.0,running,9.8,9.9,98.6,8.4,10.6,7.7,19.0,8.5,11.2,9.2,9.9,7.6,12.8,7.9,8.5,7.8,9.2,7.7,12.3,14.8,8.4,7.7,13.4,7.8,9.9,7.7,12.0,7.8,12.6,9.2,8.5,9.2,11.3,7.8,8.5,10.6,9.2,9.2,7.7,10.5,8.4,7.8,7.7,9.9,7.0,8.2,7.7,9.8,0.0,0.0,0.0,0.0,0.0,0.0,0.0,0.0,0.0,0.0,0.0,0.0,0.0,0.0,0.0,0.0,0.0,0.0,0.0,0.0,0.0,0.0,0.0,0.0,0.0,0.0,0.0,0.0,0.0,0.0,0.0,0.0,0.0,0.0,0.0,0.0,0.0,0.0,0.0,0.0,0.0,0.0,0.0,0.0,0.0,0.0,0.0,0.0
2026-02-01T17:37:11.552504,534.5,2.4,0.0,188.0,running,7.7,7.0,98.6,7.7,13.3,8.5,14.8,7.0,9.8,7.7,10.6,7.7,11.9,4.8,7.7,7.7,7.7,7.7,8.5,7.0,9.2,7.0,9.9,7.7,7.7,7.0,8.5,7.7,8.4,8.5,8.5,7.0,7.7,7.7,7.0,7.7,7.7,7.7,9.2,7.0,7.8,7.0,7.8,9.8,7.0,12.7,8.5,8.5,0.0,0.0,0.0,0.0,0.0,0.0,0.0,0.0,0.0,0.0,0.0,0.0,0.0,0.0,0.0,0.0,0.0,0.0,0.0,0.0,0.0,0.0,0.0,0.0,0.0,0.0,0.0,0.0,0.0,0.0,0.0,0.0,0.0,0.0,0.0,0.0,0.0,0.0,0.0,0.0,0.0,0.0,0.0,0.0,0.0,0.0,0.0,0.0
2026-02-01T17:37:13.769776,536.7,3.4,0.0,188.0,running,7.7,8.5,97.9,8.5,12.7,8.5,11.3,8.5,13.5,8.5,12.0,8.4,8.4,7.7,9.1,7.7,8.5,9.1,7.7,8.4,7.7,7.8,9.9,7.7,8.5,7.7,14.7,7.8,8.5,9.1,7.7,7.7,7.7,7.7,7.7,7.7,7.7,7.7,8.4,7.7,8.5,7.7,8.4,11.3,8.5,7.7,8.4,8.5,0.0,0.0,0.0,0.0,0.0,0.0,0.0,0.0,0.0,0.0,0.0,0.0,0.0,0.0,0.0,0.0,0.0,0.0,0.0,0.0,0.0,0.0,0.0,0.0,0.0,0.0,0.0,0.0,0.0,0.0,0.0,0.0,0.0,0.0,0.0,0.0,0.0,0.0,0.0,0.0,0.0,0.0,0.0,0.0,0.0,0.0,0.0,0.0
2026-02-01T17:37:15.987093,538.9,4.9,0.0,188.0,running,8.5,8.5,86.0,9.2,14.8,14.0,32.6,7.8,15.6,7.7,12.6,7.7,9.9,7.8,7.8,7.1,8.5,7.0,12.5,7.0,8.5,7.7,11.2,7.8,9.2,7.8,7.9,7.7,7.7,8.5,9.2,8.5,9.2,7.1,7.8,7.0,9.2,7.8,9.9,7.7,7.7,7.8,7.7,9.2,10.6,8.5,8.5,8.5,0.0,0.0,0.0,0.0,0.0,0.0,0.0,0.0,0.0,0.0,0.0,0.0,0.0,0.0,0.0,0.0,0.0,0.0,0.0,0.0,0.0,0.0,0.0,0.0,0.0,0.0,0.0,0.0,0.0,0.0,0.0,0.0,0.0,0.0,0.0,0.0,0.0,0.0,0.0,0.0,0.0,0.0,0.0,0.0,0.0,0.0,0.0,0.0
2026-02-01T17:37:18.209524,541.1,41.0,0.0,188.0,running,7.0,4.2,21.9,2.1,5.6,2.1,99.3,2.1,6.9,2.1,7.7,2.1,4.2,2.1,8.3,4.2,2.8,3.5,7.5,2.1,3.5,2.1,9.9,2.1,7.6,2.1,6.9,2.1,7.0,3.5,7.6,4.2,7.0,2.1,6.2,2.1,5.6,2.1,4.2,2.1,4.2,2.8,6.3,7.7,4.2,2.1,3.5,2.8,0.0,0.0,0.0,0.0,0.0,0.0,0.0,0.0,0.0,0.0,0.0,0.0,0.0,0.0,0.0,0.0,0.0,0.0,0.0,0.0,0.0,0.0,0.0,0.0,0.0,0.0,0.0,0.0,0.0,0.0,0.0,0.0,0.0,0.0,0.0,0.0,0.0,0.0,0.0,0.0,0.0,0.0,0.0,0.0,0.0,0.0,0.0,0.0
2026-02-01T17:37:20.426594,543.4,3.5,0.0,188.0,running,7.7,5.7,98.7,5.7,8.5,5.7,7.0,7.7,7.7,5.7,6.3,6.3,5.6,7.0,5.6,6.4,5.7,6.3,7.0,5.6,7.0,5.0,7.0,5.0,5.6,5.7,7.7,5.0,5.7,6.4,7.7,6.3,5.6,5.0,5.7,11.4,5.6,5.7,6.3,5.7,5.6,10.3,7.0,7.8,5.6,7.0,6.4,6.4,0.0,0.0,0.0,0.0,0.0,0.0,0.0,0.0,0.0,0.0,0.0,0.0,0.0,0.0,0.0,0.0,0.0,0.0,0.0,0.0,0.0,0.0,0.0,0.0,0.0,0.0,0.0,0.0,0.0,0.0,0.0,0.0,0.0,0.0,0.0,0.0,0.0,0.0,0.0,0.0,0.0,0.0,0.0,0.0,0.0,0.0,0.0,0.0
2026-02-01T17:37:22.644628,545.6,2.9,0.0,188.0,running,8.5,7.1,98.6,7.0,12.7,7.6,11.2,7.0,19.7,7.0,8.5,7.9,11.3,7.0,8.5,13.5,7.0,7.8,7.0,7.0,7.9,7.0,9.9,7.0,7.0,7.0,7.7,7.0,9.0,7.0,8.5,7.1,7.8,7.0,7.0,7.6,9.2,7.7,7.7,7.0,7.8,11.0,7.7,10.5,9.2,7.8,7.7,9.2,0.0,0.0,0.0,0.0,0.0,0.0,0.0,0.0,0.0,0.0,0.0,0.0,0.0,0.0,0.0,0.0,0.0,0.0,0.0,0.0,0.0,0.0,0.0,0.0,0.0,0.0,0.0,0.0,0.0,0.0,0.0,0.0,0.0,0.0,0.0,0.0,0.0,0.0,0.0,0.0,0.0,0.0,0.0,0.0,0.0,0.0,0.0,0.0
2026-02-01T17:37:24.863077,547.8,7.6,0.0,188.0,running,9.1,6.9,65.8,7.7,21.0,6.4,58.5,7.0,12.0,8.6,8.5,7.8,17.6,6.4,11.9,7.0,10.5,8.5,8.5,7.7,8.4,7.7,9.2,11.3,7.7,9.1,11.9,8.4,10.6,9.8,10.6,7.1,12.1,7.0,11.3,7.0,8.5,7.0,8.5,7.0,8.5,14.7,7.7,9.2,9.2,6.5,8.5,7.0,0.0,0.0,0.0,0.0,0.0,0.0,0.0,0.0,0.0,0.0,0.0,0.0,0.0,0.0,0.0,0.0,0.0,0.0,0.0,0.0,0.0,0.0,0.0,0.0,0.0,0.0,0.0,0.0,0.0,0.0,0.0,0.0,0.0,0.0,0.0,0.0,0.0,0.0,0.0,0.0,0.0,0.0,0.0,0.0,0.0,0.0,0.0,0.0
2026-02-01T17:37:27.080712,550.0,3.7,0.0,188.0,running,13.2,12.1,56.2,9.1,24.6,9.9,78.2,8.5,23.4,9.3,20.5,10.4,21.3,7.7,12.8,8.3,14.7,8.5,12.7,8.5,12.0,8.5,17.5,7.7,10.0,8.5,15.9,9.1,13.5,9.2,13.4,8.4,10.4,7.7,9.7,8.5,11.2,7.7,9.9,7.7,9.1,7.7,6.4,9.9,11.3,8.2,10.5,10.6,0.0,0.0,0.0,0.0,0.0,0.0,0.0,0.0,0.0,0.0,0.0,0.0,0.0,0.0,0.0,0.0,0.0,0.0,0.0,0.0,0.0,0.0,0.0,0.0,0.0,0.0,0.0,0.0,0.0,0.0,0.0,0.0,0.0,0.0,0.0,0.0,0.0,0.0,0.0,0.0,0.0,0.0,0.0,0.0,0.0,0.0,0.0,0.0
2026-02-01T17:37:29.298640,552.2,100.0,0.0,188.0,running,8.4,6.9,100.0,5.8,12.7,7.0,10.6,7.0,11.9,6.8,18.3,7.0,10.4,6.3,10.4,7.0,7.7,6.2,9.1,7.0,11.1,6.3,13.3,7.0,11.1,7.0,10.6,7.7,11.9,9.1,10.5,9.0,9.2,7.0,7.7,7.7,9.8,6.3,7.7,7.7,8.4,10.3,10.5,8.5,8.4,6.3,7.7,7.6,0.0,0.0,0.0,0.0,0.0,0.0,0.0,0.0,0.0,0.0,0.0,0.0,0.0,0.0,0.0,0.0,0.0,0.0,0.0,0.0,0.0,0.0,0.0,0.0,0.0,0.0,0.0,0.0,0.0,0.0,0.0,0.0,0.0,0.0,0.0,0.0,0.0,0.0,0.0,0.0,0.0,0.0,0.0,0.0,0.0,0.0,0.0,0.0
2026-02-01T17:37:31.516034,554.4,4.3,0.0,188.0,running,3.5,0.0,25.2,0.7,98.6,0.0,12.1,0.0,2.8,0.0,2.1,0.7,6.3,1.1,2.1,0.0,0.0,0.0,6.3,0.0,2.8,0.7,2.9,0.0,0.7,1.4,2.1,0.0,1.4,3.5,0.0,0.7,2.8,0.0,0.0,0.0,0.7,0.0,0.7,0.0,0.7,2.8,1.4,2.1,0.7,0.0,2.1,0.0,0.0,0.0,0.0,0.0,0.0,0.0,0.0,0.0,0.0,0.0,0.0,0.0,0.0,0.0,0.0,0.0,0.0,0.0,0.0,0.0,0.0,0.0,0.0,0.0,0.0,0.0,0.0,0.0,0.0,0.0,0.0,0.0,0.0,0.0,0.0,0.0,0.0,0.0,0.0,0.0,0.0,0.0,0.0,0.0,0.0,0.0,0.0,0.0
2026-02-01T17:37:33.734684,556.7,3.4,0.0,188.0,running,11.1,7.7,85.4,8.4,28.7,9.1,14.0,8.5,18.1,7.7,9.2,9.1,7.7,6.1,8.5,8.4,9.1,7.7,12.5,7.7,8.3,9.1,9.0,7.7,7.8,9.1,8.5,7.7,9.0,9.1,7.7,8.5,8.4,8.4,8.3,7.7,7.7,8.4,9.1,7.7,8.3,13.0,8.4,8.5,7.8,6.2,8.5,9.1,0.0,0.0,0.0,0.0,0.0,0.0,0.0,0.0,0.0,0.0,0.0,0.0,0.0,0.0,0.0,0.0,0.0,0.0,0.0,0.0,0.0,0.0,0.0,0.0,0.0,0.0,0.0,0.0,0.0,0.0,0.0,0.0,0.0,0.0,0.0,0.0,0.0,0.0,0.0,0.0,0.0,0.0,0.0,0.0,0.0,0.0,0.0,0.0
2026-02-01T17:37:35.952144,558.9,6.9,0.0,188.0,running,11.8,8.5,71.5,7.8,12.9,8.8,44.1,7.8,21.1,9.2,14.8,9.2,18.4,7.7,9.9,12.0,16.2,8.4,12.0,7.8,12.8,13.4,14.8,8.5,12.6,9.3,15.6,9.2,14.8,10.6,12.7,7.7,11.3,7.8,11.3,7.8,12.0,8.5,12.9,8.5,9.2,9.8,10.0,11.9,12.7,8.4,9.9,7.8,0.0,0.0,0.0,0.0,0.0,0.0,0.0,0.0,0.0,0.0,0.0,0.0,0.0,0.0,0.0,0.0,0.0,0.0,0.0,0.0,0.0,0.0,0.0,0.0,0.0,0.0,0.0,0.0,0.0,0.0,0.0,0.0,0.0,0.0,0.0,0.0,0.0,0.0,0.0,0.0,0.0,0.0,0.0,0.0,0.0,0.0,0.0,0.0
2026-02-01T17:37:38.169409,561.1,3.3,0.0,188.0,running,7.7,8.5,98.6,7.0,11.8,8.2,17.5,8.5,15.6,7.8,9.2,8.5,9.1,7.0,8.5,9.9,9.2,7.9,12.8,7.7,12.7,7.8,8.5,8.5,7.9,9.1,10.6,14.1,8.4,7.8,7.8,8.5,7.8,9.1,8.5,7.7,7.7,7.1,7.7,7.7,7.7,8.4,7.7,9.1,7.7,8.6,9.2,7.7,0.0,0.0,0.0,0.0,0.0,0.0,0.0,0.0,0.0,0.0,0.0,0.0,0.0,0.0,0.0,0.0,0.0,0.0,0.0,0.0,0.0,0.0,0.0,0.0,0.0,0.0,0.0,0.0,0.0,0.0,0.0,0.0,0.0,0.0,0.0,0.0,0.0,0.0,0.0,0.0,0.0,0.0,0.0,0.0,0.0,0.0,0.0,0.0
2026-02-01T17:37:40.386852,563.3,55.8,0.0,188.0,running,6.4,8.3,97.9,7.0,12.8,7.7,9.9,7.0,16.7,6.5,9.2,7.0,8.5,7.8,7.9,7.0,9.8,7.0,8.4,7.0,7.0,7.7,8.5,7.7,7.0,7.1,9.2,7.0,7.6,7.7,8.5,7.0,7.0,7.0,7.0,7.0,7.8,7.0,7.7,7.0,7.7,9.2,7.7,12.6,7.7,7.7,7.0,7.7,0.0,0.0,0.0,0.0,0.0,0.0,0.0,0.0,0.0,0.0,0.0,0.0,0.0,0.0,0.0,0.0,0.0,0.0,0.0,0.0,0.0,0.0,0.0,0.0,0.0,0.0,0.0,0.0,0.0,0.0,0.0,0.0,0.0,0.0,0.0,0.0,0.0,0.0,0.0,0.0,0.0,0.0,0.0,0.0,0.0,0.0,0.0,0.0
2026-02-01T17:37:42.603958,565.5,2.0,0.0,188.0,running,0.7,2.1,100.0,0.0,12.1,0.0,2.1,1.4,3.5,1.4,5.6,0.0,1.4,0.7,2.1,0.0,4.3,0.0,2.8,0.0,0.7,0.7,6.3,0.7,5.6,0.0,4.2,0.0,4.3,2.8,4.2,0.7,2.8,0.0,1.4,0.0,0.7,0.0,4.2,0.0,1.4,0.0,2.1,0.7,0.0,0.0,1.4,0.0,0.0,0.0,0.0,0.0,0.0,0.0,0.0,0.0,0.0,0.0,0.0,0.0,0.0,0.0,0.0,0.0,0.0,0.0,0.0,0.0,0.0,0.0,0.0,0.0,0.0,0.0,0.0,0.0,0.0,0.0,0.0,0.0,0.0,0.0,0.0,0.0,0.0,0.0,0.0,0.0,0.0,0.0,0.0,0.0,0.0,0.0,0.0,0.0
2026-02-01T17:37:44.821417,567.8,1.9,0.0,188.0,running,7.7,9.9,98.6,7.7,8.4,7.0,8.4,7.7,8.4,7.7,8.5,7.0,7.7,7.0,8.6,7.0,8.3,7.7,9.3,7.0,7.8,7.8,7.7,7.7,8.5,7.8,7.7,7.7,7.1,8.5,7.7,7.7,7.8,7.7,7.8,7.7,7.7,7.7,7.7,7.7,7.8,7.7,7.1,7.7,8.5,7.7,15.6,7.7,0.0,0.0,0.0,0.0,0.0,0.0,0.0,0.0,0.0,0.0,0.0,0.0,0.0,0.0,0.0,0.0,0.0,0.0,0.0,0.0,0.0,0.0,0.0,0.0,0.0,0.0,0.0,0.0,0.0,0.0,0.0,0.0,0.0,0.0,0.0,0.0,0.0,0.0,0.0,0.0,0.0,0.0,0.0,0.0,0.0,0.0,0.0,0.0
2026-02-01T17:37:47.038479,570.0,2.1,0.0,188.0,running,8.5,7.7,97.9,7.0,9.9,7.0,10.6,7.0,9.1,7.1,7.7,8.1,8.5,7.1,8.3,14.1,7.8,7.8,8.5,7.0,8.4,7.0,9.2,8.5,7.1,8.5,8.5,7.0,7.7,8.5,8.6,7.1,7.7,7.7,7.0,7.7,8.4,7.0,8.5,7.7,7.7,7.7,7.1,9.2,9.2,7.0,7.7,7.7,0.0,0.0,0.0,0.0,0.0,0.0,0.0,0.0,0.0,0.0,0.0,0.0,0.0,0.0,0.0,0.0,0.0,0.0,0.0,0.0,0.0,0.0,0.0,0.0,0.0,0.0,0.0,0.0,0.0,0.0,0.0,0.0,0.0,0.0,0.0,0.0,0.0,0.0,0.0,0.0,0.0,0.0,0.0,0.0,0.0,0.0,0.0,0.0
2026-02-01T17:37:49.255699,572.2,2.6,0.0,188.0,running,8.5,8.5,98.6,7.7,10.6,7.8,8.5,8.5,13.1,7.0,8.5,7.4,14.2,7.0,8.5,8.5,8.4,7.0,8.4,7.7,9.2,7.7,9.2,7.1,7.7,7.1,7.7,7.0,7.7,7.0,7.7,7.0,8.6,7.7,7.7,7.7,9.2,7.0,8.5,7.1,8.3,7.0,7.0,10.5,7.1,8.5,7.0,7.7,0.0,0.0,0.0,0.0,0.0,0.0,0.0,0.0,0.0,0.0,0.0,0.0,0.0,0.0,0.0,0.0,0.0,0.0,0.0,0.0,0.0,0.0,0.0,0.0,0.0,0.0,0.0,0.0,0.0,0.0,0.0,0.0,0.0,0.0,0.0,0.0,0.0,0.0,0.0,0.0,0.0,0.0,0.0,0.0,0.0,0.0,0.0,0.0
2026-02-01T17:37:51.473710,574.4,1.9,0.0,188.0,running,9.7,8.5,97.9,8.5,12.0,7.7,9.2,7.7,10.4,8.5,9.2,7.7,8.4,8.4,8.5,8.4,7.8,8.4,8.5,7.7,10.6,8.5,8.5,8.4,8.5,8.5,9.2,8.5,9.3,9.2,9.1,7.7,14.7,7.7,7.7,8.5,8.5,7.7,8.5,7.7,7.7,7.7,9.8,9.2,7.7,8.5,7.0,8.5,0.0,0.0,0.0,0.0,0.0,0.0,0.0,0.0,0.0,0.0,0.0,0.0,0.0,0.0,0.0,0.0,0.0,0.0,0.0,0.0,0.0,0.0,0.0,0.0,0.0,0.0,0.0,0.0,0.0,0.0,0.0,0.0,0.0,0.0,0.0,0.0,0.0,0.0,0.0,0.0,0.0,0.0,0.0,0.0,0.0,0.0,0.0,0.0
2026-02-01T17:37:53.697277,576.6,18.4,0.0,188.0,running,2.8,0.7,100.0,0.7,3.5,1.4,2.1,0.7,6.9,0.7,1.4,0.7,1.4,1.4,2.1,1.4,1.4,1.4,1.4,1.4,2.1,0.7,1.4,1.4,1.4,0.7,1.4,1.4,1.4,2.8,1.4,2.1,1.4,0.7,1.4,0.7,1.4,1.4,1.4,1.4,1.4,2.8,1.4,4.2,1.4,0.7,1.4,1.4,0.0,0.0,0.0,0.0,0.0,0.0,0.0,0.0,0.0,0.0,0.0,0.0,0.0,0.0,0.0,0.0,0.0,0.0,0.0,0.0,0.0,0.0,0.0,0.0,0.0,0.0,0.0,0.0,0.0,0.0,0.0,0.0,0.0,0.0,0.0,0.0,0.0,0.0,0.0,0.0,0.0,0.0,0.0,0.0,0.0,0.0,0.0,0.0
2026-02-01T17:37:55.914511,578.8,2.1,0.0,188.0,running,7.0,8.1,98.6,6.4,15.5,6.4,8.5,6.3,7.7,7.1,7.0,6.7,14.2,6.3,6.3,7.2,6.5,6.4,7.8,6.4,6.3,7.0,6.4,6.4,7.1,6.4,8.5,6.4,7.1,6.4,7.8,6.4,7.7,6.4,7.7,6.4,6.4,6.4,6.4,6.4,7.1,7.7,6.4,9.2,7.1,7.1,6.4,7.1,0.0,0.0,0.0,0.0,0.0,0.0,0.0,0.0,0.0,0.0,0.0,0.0,0.0,0.0,0.0,0.0,0.0,0.0,0.0,0.0,0.0,0.0,0.0,0.0,0.0,0.0,0.0,0.0,0.0,0.0,0.0,0.0,0.0,0.0,0.0,0.0,0.0,0.0,0.0,0.0,0.0,0.0,0.0,0.0,0.0,0.0,0.0,0.0
2026-02-01T17:37:58.131898,581.1,2.9,0.0,188.0,running,7.1,6.8,97.9,7.0,11.2,7.1,7.7,7.8,9.2,7.0,8.4,6.8,7.0,7.1,7.0,6.3,7.6,7.1,9.1,7.0,9.3,7.1,7.7,7.0,7.0,7.0,9.1,7.0,7.0,7.7,7.0,7.1,7.6,7.0,7.1,7.0,7.7,7.0,7.0,7.0,7.1,7.7,7.7,14.1,7.1,7.0,7.1,7.7,0.0,0.0,0.0,0.0,0.0,0.0,0.0,0.0,0.0,0.0,0.0,0.0,0.0,0.0,0.0,0.0,0.0,0.0,0.0,0.0,0.0,0.0,0.0,0.0,0.0,0.0,0.0,0.0,0.0,0.0,0.0,0.0,0.0,0.0,0.0,0.0,0.0,0.0,0.0,0.0,0.0,0.0,0.0,0.0,0.0,0.0,0.0,0.0
2026-02-01T17:38:00.347955,583.3,1.9,0.0,188.0,running,9.1,6.3,97.9,7.1,10.6,7.7,9.2,7.9,7.7,7.1,7.8,7.1,7.7,7.0,7.7,7.0,9.9,7.1,10.6,7.1,9.2,14.1,8.5,7.1,7.0,7.1,8.6,8.5,7.8,8.6,7.1,7.7,7.7,7.9,7.9,7.8,7.9,7.8,7.7,7.9,8.5,9.1,8.5,10.6,7.6,7.1,8.3,8.6,0.0,0.0,0.0,0.0,0.0,0.0,0.0,0.0,0.0,0.0,0.0,0.0,0.0,0.0,0.0,0.0,0.0,0.0,0.0,0.0,0.0,0.0,0.0,0.0,0.0,0.0,0.0,0.0,0.0,0.0,0.0,0.0,0.0,0.0,0.0,0.0,0.0,0.0,0.0,0.0,0.0,0.0,0.0,0.0,0.0,0.0,0.0,0.0
2026-02-01T17:38:02.565586,585.5,2.8,0.0,188.0,running,7.0,13.4,98.6,6.3,7.0,7.0,9.9,6.3,10.6,6.3,7.0,6.3,7.7,7.0,7.7,6.3,7.7,6.3,8.4,6.2,6.2,7.7,7.7,6.3,7.1,6.9,6.2,6.9,6.9,6.9,6.3,8.4,7.9,6.3,6.9,6.3,7.6,6.3,6.3,6.3,6.3,9.7,6.3,9.8,7.0,6.3,7.8,6.2,0.0,0.0,0.0,0.0,0.0,0.0,0.0,0.0,0.0,0.0,0.0,0.0,0.0,0.0,0.0,0.0,0.0,0.0,0.0,0.0,0.0,0.0,0.0,0.0,0.0,0.0,0.0,0.0,0.0,0.0,0.0,0.0,0.0,0.0,0.0,0.0,0.0,0.0,0.0,0.0,0.0,0.0,0.0,0.0,0.0,0.0,0.0,0.0
2026-02-01T17:38:04.783198,587.7,4.6,0.0,188.0,running,7.7,7.1,99.3,7.7,12.0,7.1,10.6,8.4,7.7,7.7,9.1,7.7,7.7,7.1,7.9,7.1,8.5,7.0,9.3,7.1,8.5,7.1,9.9,7.0,7.0,7.8,8.5,7.1,8.5,7.1,9.2,14.1,9.9,7.0,7.1,7.7,7.7,7.0,7.9,7.0,7.7,8.4,8.5,9.2,11.2,7.7,7.0,7.8,0.0,0.0,0.0,0.0,0.0,0.0,0.0,0.0,0.0,0.0,0.0,0.0,0.0,0.0,0.0,0.0,0.0,0.0,0.0,0.0,0.0,0.0,0.0,0.0,0.0,0.0,0.0,0.0,0.0,0.0,0.0,0.0,0.0,0.0,0.0,0.0,0.0,0.0,0.0,0.0,0.0,0.0,0.0,0.0,0.0,0.0,0.0,0.0
2026-02-01T17:38:07.000511,589.9,2.8,0.0,188.0,running,0.0,0.0,100.0,0.0,2.1,0.0,3.5,0.0,0.0,0.0,1.4,0.0,0.0,0.0,0.7,0.7,0.0,0.0,0.7,0.0,0.0,0.0,0.7,0.0,0.0,0.0,1.4,0.0,0.0,0.7,0.0,0.7,0.0,0.0,0.0,0.0,0.0,0.0,0.0,0.0,0.0,8.8,0.0,1.4,0.7,0.0,0.0,0.0,0.0,0.0,0.0,0.0,0.0,0.0,0.0,0.0,0.0,0.0,0.0,0.0,0.0,0.0,0.0,0.0,0.0,0.0,0.0,0.0,0.0,0.0,0.0,0.0,0.0,0.0,0.0,0.0,0.0,0.0,0.0,0.0,0.0,0.0,0.0,0.0,0.0,0.0,0.0,0.0,0.0,0.0,0.0,0.0,0.0,0.0,0.0,0.0
2026-02-01T17:38:09.217789,592.1,2.1,0.0,188.0,running,8.3,6.3,98.6,13.2,9.2,6.3,9.9,7.0,13.5,7.1,8.5,7.7,7.7,7.7,6.4,8.5,7.0,7.0,8.4,6.3,7.7,7.7,7.0,7.8,8.5,6.3,7.8,9.1,7.0,7.0,7.8,6.3,7.7,13.2,7.0,6.3,7.6,14.7,7.8,13.2,6.3,12.4,7.7,7.1,8.5,13.2,10.1,7.7,0.0,0.0,0.0,0.0,0.0,0.0,0.0,0.0,0.0,0.0,0.0,0.0,0.0,0.0,0.0,0.0,0.0,0.0,0.0,0.0,0.0,0.0,0.0,0.0,0.0,0.0,0.0,0.0,0.0,0.0,0.0,0.0,0.0,0.0,0.0,0.0,0.0,0.0,0.0,0.0,0.0,0.0,0.0,0.0,0.0,0.0,0.0,0.0
2026-02-01T17:38:11.435231,594.4,2.2,0.0,188.0,running,8.5,7.1,98.6,5.1,9.9,7.0,10.4,7.8,7.7,7.7,7.0,7.0,7.0,7.7,7.0,8.5,7.0,7.7,7.7,7.7,7.8,7.0,8.5,7.7,8.5,7.1,7.7,5.7,9.2,9.2,8.3,7.1,7.7,4.7,6.9,7.0,7.1,8.8,7.7,4.7,7.1,12.3,7.1,9.1,7.8,4.7,6.3,7.8,0.0,0.0,0.0,0.0,0.0,0.0,0.0,0.0,0.0,0.0,0.0,0.0,0.0,0.0,0.0,0.0,0.0,0.0,0.0,0.0,0.0,0.0,0.0,0.0,0.0,0.0,0.0,0.0,0.0,0.0,0.0,0.0,0.0,0.0,0.0,0.0,0.0,0.0,0.0,0.0,0.0,0.0,0.0,0.0,0.0,0.0,0.0,0.0
2026-02-01T17:38:13.652522,596.6,3.2,0.0,188.0,running,11.2,8.5,97.9,7.7,9.8,8.5,8.5,7.7,9.9,7.8,8.5,8.5,7.7,7.7,8.4,7.7,7.9,16.4,7.8,7.7,9.9,8.5,9.8,7.8,7.8,7.7,8.4,7.7,9.2,8.5,8.4,7.7,8.6,7.7,8.6,7.7,7.8,7.7,9.2,8.5,7.6,9.2,7.7,12.7,9.9,7.7,8.3,8.5,0.0,0.0,0.0,0.0,0.0,0.0,0.0,0.0,0.0,0.0,0.0,0.0,0.0,0.0,0.0,0.0,0.0,0.0,0.0,0.0,0.0,0.0,0.0,0.0,0.0,0.0,0.0,0.0,0.0,0.0,0.0,0.0,0.0,0.0,0.0,0.0,0.0,0.0,0.0,0.0,0.0,0.0,0.0,0.0,0.0,0.0,0.0,0.0
2026-02-01T17:38:15.870474,598.8,2.7,0.0,188.1,running,8.4,7.0,79.7,13.3,10.6,7.7,9.3,25.9,8.5,7.7,7.7,7.0,7.7,7.7,8.5,7.0,7.7,11.1,7.7,7.1,8.4,7.7,9.2,8.5,8.4,7.8,8.5,7.7,7.7,7.7,9.2,7.7,7.7,7.7,7.7,7.7,8.4,7.7,7.7,7.7,7.0,7.7,7.7,9.2,7.7,7.0,8.6,7.7,0.0,0.0,0.0,0.0,0.0,0.0,0.0,0.0,0.0,0.0,0.0,0.0,0.0,0.0,0.0,0.0,0.0,0.0,0.0,0.0,0.0,0.0,0.0,0.0,0.0,0.0,0.0,0.0,0.0,0.0,0.0,0.0,0.0,0.0,0.0,0.0,0.0,0.0,0.0,0.0,0.0,0.0,0.0,0.0,0.0,0.0,0.0,0.0
2026-02-01T17:38:18.087504,601.0,99.3,0.0,188.1,running,7.7,7.0,11.3,7.0,7.0,7.7,7.0,99.3,7.7,6.3,7.7,7.6,7.7,7.0,8.3,7.0,6.3,8.4,7.7,7.0,8.5,7.0,7.7,7.0,7.0,8.4,8.4,7.0,7.0,7.7,7.0,7.0,7.0,7.0,7.0,7.0,7.0,7.6,7.0,7.0,7.6,7.7,7.0,9.2,7.0,7.0,7.0,7.0,0.0,0.0,0.0,0.0,0.0,0.0,0.0,0.0,0.0,0.0,0.0,0.0,0.0,0.0,0.0,0.0,0.0,0.0,0.0,0.0,0.0,0.0,0.0,0.0,0.0,0.0,0.0,0.0,0.0,0.0,0.0,0.0,0.0,0.0,0.0,0.0,0.0,0.0,0.0,0.0,0.0,0.0,0.0,0.0,0.0,0.0,0.0,0.0
2026-02-01T17:38:20.304696,603.2,3.2,0.0,188.1,running,0.0,0.0,98.6,0.0,2.1,0.7,2.8,0.0,1.4,0.0,2.1,0.0,0.0,1.4,0.7,0.8,0.0,1.4,1.4,0.7,0.7,0.7,0.0,0.0,0.7,6.4,0.7,0.7,0.0,1.4,0.0,0.0,0.0,0.0,0.7,0.0,0.0,0.0,1.4,0.0,0.0,0.0,0.0,1.4,0.0,0.0,0.0,0.0,0.0,0.0,0.0,0.0,0.0,0.0,0.0,0.0,0.0,0.0,0.0,0.0,0.0,0.0,0.0,0.0,0.0,0.0,0.0,0.0,0.0,0.0,0.0,0.0,0.0,0.0,0.0,0.0,0.0,0.0,0.0,0.0,0.0,0.0,0.0,0.0,0.0,0.0,0.0,0.0,0.0,0.0,0.0,0.0,0.0,0.0,0.0,0.0
2026-02-01T17:38:22.522169,605.5,2.6,0.0,188.1,running,10.5,7.7,98.6,7.7,9.2,7.7,8.5,8.4,14.1,6.7,7.7,7.7,7.7,8.5,9.2,7.0,8.3,11.7,8.4,7.7,8.5,8.5,7.8,7.7,7.8,7.7,9.2,7.7,9.8,9.9,8.4,8.5,7.8,7.7,7.7,7.8,7.7,7.7,7.7,7.7,7.8,7.7,7.7,9.9,9.8,7.8,7.8,8.5,0.0,0.0,0.0,0.0,0.0,0.0,0.0,0.0,0.0,0.0,0.0,0.0,0.0,0.0,0.0,0.0,0.0,0.0,0.0,0.0,0.0,0.0,0.0,0.0,0.0,0.0,0.0,0.0,0.0,0.0,0.0,0.0,0.0,0.0,0.0,0.0,0.0,0.0,0.0,0.0,0.0,0.0,0.0,0.0,0.0,0.0,0.0,0.0
2026-02-01T17:38:24.739813,607.7,2.8,0.0,188.1,running,7.1,7.0,98.7,7.0,9.9,7.0,8.5,7.0,7.0,7.0,9.2,7.0,8.5,7.7,7.0,7.0,7.0,9.7,7.0,9.2,7.0,7.0,7.0,7.0,7.0,7.7,5.6,7.0,7.7,7.0,7.1,7.0,7.0,7.0,7.1,7.0,7.1,13.4,7.0,7.0,7.0,7.1,7.7,7.7,7.1,7.0,7.0,7.1,0.0,0.0,0.0,0.0,0.0,0.0,0.0,0.0,0.0,0.0,0.0,0.0,0.0,0.0,0.0,0.0,0.0,0.0,0.0,0.0,0.0,0.0,0.0,0.0,0.0,0.0,0.0,0.0,0.0,0.0,0.0,0.0,0.0,0.0,0.0,0.0,0.0,0.0,0.0,0.0,0.0,0.0,0.0,0.0,0.0,0.0,0.0,0.0
2026-02-01T17:38:26.957354,609.9,2.4,0.0,188.1,running,8.5,9.8,98.6,7.8,9.9,7.7,9.1,7.7,8.5,8.5,10.0,7.7,9.3,9.2,10.6,6.3,8.5,11.6,15.5,6.3,9.2,8.5,8.5,7.7,7.8,7.7,9.9,8.5,7.7,8.5,9.1,7.7,8.5,7.7,8.4,8.5,7.7,7.7,7.9,8.5,8.5,7.6,7.7,9.9,7.7,5.7,8.5,9.1,0.0,0.0,0.0,0.0,0.0,0.0,0.0,0.0,0.0,0.0,0.0,0.0,0.0,0.0,0.0,0.0,0.0,0.0,0.0,0.0,0.0,0.0,0.0,0.0,0.0,0.0,0.0,0.0,0.0,0.0,0.0,0.0,0.0,0.0,0.0,0.0,0.0,0.0,0.0,0.0,0.0,0.0,0.0,0.0,0.0,0.0,0.0,0.0
2026-02-01T17:38:29.174701,612.1,3.0,0.0,188.1,running,9.1,7.7,98.6,6.3,9.2,6.3,8.5,8.4,9.9,6.3,7.0,7.1,6.9,6.9,7.8,6.3,7.8,9.0,9.9,7.1,7.1,7.1,8.5,7.1,8.5,7.8,9.9,7.7,9.9,6.9,9.2,7.0,9.0,7.1,7.7,7.0,7.8,7.1,7.0,7.1,7.7,6.4,7.8,9.2,7.7,7.0,13.0,6.3,0.0,0.0,0.0,0.0,0.0,0.0,0.0,0.0,0.0,0.0,0.0,0.0,0.0,0.0,0.0,0.0,0.0,0.0,0.0,0.0,0.0,0.0,0.0,0.0,0.0,0.0,0.0,0.0,0.0,0.0,0.0,0.0,0.0,0.0,0.0,0.0,0.0,0.0,0.0,0.0,0.0,0.0,0.0,0.0,0.0,0.0,0.0,0.0
2026-02-01T17:38:31.391851,614.3,7.4,0.0,188.1,running,0.7,0.7,100.0,0.7,2.1,0.0,2.8,0.7,2.8,0.0,3.5,0.0,0.7,0.7,1.4,2.1,0.0,4.1,2.1,0.0,0.7,0.0,1.4,0.7,1.4,0.0,2.8,0.0,0.7,2.8,2.1,0.0,2.1,0.0,0.0,0.0,0.0,0.0,0.7,0.0,0.0,1.4,0.7,0.7,2.1,0.7,0.0,0.7,0.0,0.0,0.0,0.0,0.0,0.0,0.0,0.0,0.0,0.0,0.0,0.0,0.0,0.0,0.0,0.0,0.0,0.0,0.0,0.0,0.0,0.0,0.0,0.0,0.0,0.0,0.0,0.0,0.0,0.0,0.0,0.0,0.0,0.0,0.0,0.0,0.0,0.0,0.0,0.0,0.0,0.0,0.0,0.0,0.0,0.0,0.0,0.0
2026-02-01T17:38:33.610614,616.5,3.8,0.0,188.1,running,9.2,7.7,98.6,52.6,11.4,8.5,9.9,7.1,8.1,55.0,8.6,7.2,7.9,8.5,8.5,7.2,8.1,8.4,10.6,10.6,9.0,12.4,7.9,8.0,7.8,8.6,13.6,7.9,7.9,7.8,7.8,8.0,8.5,10.8,18.9,26.2,8.0,61.1,9.9,9.3,10.9,7.9,61.1,9.9,9.9,55.6,9.5,9.4,0.0,0.0,0.0,0.0,0.0,0.0,0.0,0.0,0.0,0.0,0.0,0.0,0.0,0.0,0.0,0.0,0.0,0.0,0.0,0.0,0.0,0.0,0.0,0.0,0.0,0.0,0.0,0.0,0.0,0.0,0.0,0.0,0.0,0.0,0.0,0.0,0.0,0.0,0.0,0.0,0.0,0.0,0.0,0.0,0.0,0.0,0.0,0.0
2026-02-01T17:38:35.827655,618.8,2.4,0.0,188.1,running,7.9,8.6,98.6,4.5,13.2,7.8,11.2,14.0,10.3,4.6,9.1,8.3,9.1,8.5,8.5,7.6,7.4,9.1,9.8,6.3,8.1,6.2,8.5,8.3,8.5,9.0,9.9,8.5,8.4,9.2,9.0,8.3,9.3,6.3,5.2,5.0,7.6,4.2,8.5,6.9,6.6,8.5,4.5,9.9,10.6,4.5,7.2,9.0,0.0,0.0,0.0,0.0,0.0,0.0,0.0,0.0,0.0,0.0,0.0,0.0,0.0,0.0,0.0,0.0,0.0,0.0,0.0,0.0,0.0,0.0,0.0,0.0,0.0,0.0,0.0,0.0,0.0,0.0,0.0,0.0,0.0,0.0,0.0,0.0,0.0,0.0,0.0,0.0,0.0,0.0,0.0,0.0,0.0,0.0,0.0,0.0
2026-02-01T17:38:38.044016,621.0,2.9,0.0,188.1,running,10.5,8.5,97.9,8.5,12.0,7.8,10.0,9.2,9.9,8.5,9.9,8.5,8.5,8.4,9.2,9.8,8.5,9.9,9.9,9.2,11.2,8.5,10.5,9.2,9.2,9.2,9.2,8.5,8.5,8.4,9.8,8.5,14.8,8.5,8.3,8.5,9.2,8.5,9.9,9.9,8.5,7.7,9.1,11.2,9.1,8.5,8.5,7.8,0.0,0.0,0.0,0.0,0.0,0.0,0.0,0.0,0.0,0.0,0.0,0.0,0.0,0.0,0.0,0.0,0.0,0.0,0.0,0.0,0.0,0.0,0.0,0.0,0.0,0.0,0.0,0.0,0.0,0.0,0.0,0.0,0.0,0.0,0.0,0.0,0.0,0.0,0.0,0.0,0.0,0.0,0.0,0.0,0.0,0.0,0.0,0.0
2026-02-01T17:38:40.260610,623.2,2.0,0.0,188.1,running,8.4,7.7,98.6,7.7,9.1,7.7,9.0,7.7,9.2,7.7,8.5,7.7,14.1,7.8,8.5,7.8,8.5,7.7,8.5,7.7,8.5,7.7,9.1,8.4,9.1,8.4,9.1,7.7,9.1,8.5,9.7,7.7,8.4,7.7,7.9,7.7,7.7,7.7,9.2,7.7,7.7,7.7,7.7,8.5,9.2,7.7,7.7,9.2,0.0,0.0,0.0,0.0,0.0,0.0,0.0,0.0,0.0,0.0,0.0,0.0,0.0,0.0,0.0,0.0,0.0,0.0,0.0,0.0,0.0,0.0,0.0,0.0,0.0,0.0,0.0,0.0,0.0,0.0,0.0,0.0,0.0,0.0,0.0,0.0,0.0,0.0,0.0,0.0,0.0,0.0,0.0,0.0,0.0,0.0,0.0,0.0
2026-02-01T17:38:42.478585,625.4,39.9,0.0,188.1,running,9.0,9.9,97.9,7.0,9.2,9.1,9.9,7.7,9.8,7.7,21.8,7.0,9.1,9.7,11.3,7.7,7.7,7.7,8.5,7.0,7.7,8.5,11.3,9.1,11.2,7.7,10.5,7.0,11.9,7.0,12.1,7.0,10.6,7.0,9.2,7.0,7.7,7.0,10.6,8.4,7.7,9.8,9.9,9.2,9.2,7.0,8.3,7.7,0.0,0.0,0.0,0.0,0.0,0.0,0.0,0.0,0.0,0.0,0.0,0.0,0.0,0.0,0.0,0.0,0.0,0.0,0.0,0.0,0.0,0.0,0.0,0.0,0.0,0.0,0.0,0.0,0.0,0.0,0.0,0.0,0.0,0.0,0.0,0.0,0.0,0.0,0.0,0.0,0.0,0.0,0.0,0.0,0.0,0.0,0.0,0.0
2026-02-01T17:38:44.695184,627.6,1.7,0.0,188.1,running,2.1,0.0,100.0,0.0,0.7,0.0,0.0,0.0,3.5,0.0,0.0,0.0,0.7,0.7,2.1,0.0,0.0,0.0,0.7,0.0,1.4,0.0,0.7,0.0,0.0,0.7,0.0,0.0,0.0,2.1,2.8,0.0,0.0,0.0,0.0,0.0,0.7,0.0,0.0,0.0,0.0,4.3,0.0,2.1,0.0,0.0,1.4,0.0,0.0,0.0,0.0,0.0,0.0,0.0,0.0,0.0,0.0,0.0,0.0,0.0,0.0,0.0,0.0,0.0,0.0,0.0,0.0,0.0,0.0,0.0,0.0,0.0,0.0,0.0,0.0,0.0,0.0,0.0,0.0,0.0,0.0,0.0,0.0,0.0,0.0,0.0,0.0,0.0,0.0,0.0,0.0,0.0,0.0,0.0,0.0,0.0
2026-02-01T17:38:46.912518,629.8,2.1,0.0,188.1,running,7.0,7.6,98.6,7.0,9.2,6.5,7.7,7.0,7.7,7.0,7.7,7.0,7.7,8.4,7.7,6.9,7.7,6.4,8.5,7.1,7.0,14.2,7.0,7.0,7.7,6.3,7.8,7.7,7.1,7.0,8.3,7.7,7.7,7.7,7.0,8.5,9.2,7.0,9.2,7.1,7.7,7.8,8.3,11.3,8.4,7.1,7.8,7.1,0.0,0.0,0.0,0.0,0.0,0.0,0.0,0.0,0.0,0.0,0.0,0.0,0.0,0.0,0.0,0.0,0.0,0.0,0.0,0.0,0.0,0.0,0.0,0.0,0.0,0.0,0.0,0.0,0.0,0.0,0.0,0.0,0.0,0.0,0.0,0.0,0.0,0.0,0.0,0.0,0.0,0.0,0.0,0.0,0.0,0.0,0.0,0.0
2026-02-01T17:38:49.129581,632.1,2.5,0.0,188.1,running,9.2,13.2,97.9,7.7,9.2,8.2,8.5,7.9,7.7,8.0,9.1,7.1,8.6,7.8,8.5,14.3,8.5,7.7,8.5,8.4,9.2,7.7,7.8,8.5,9.9,7.8,9.1,7.7,7.7,7.8,9.8,7.7,7.7,7.7,7.7,7.7,8.4,7.7,8.4,7.7,9.1,7.7,7.8,7.7,9.2,7.7,7.7,8.5,0.0,0.0,0.0,0.0,0.0,0.0,0.0,0.0,0.0,0.0,0.0,0.0,0.0,0.0,0.0,0.0,0.0,0.0,0.0,0.0,0.0,0.0,0.0,0.0,0.0,0.0,0.0,0.0,0.0,0.0,0.0,0.0,0.0,0.0,0.0,0.0,0.0,0.0,0.0,0.0,0.0,0.0,0.0,0.0,0.0,0.0,0.0,0.0
2026-02-01T17:38:51.346510,634.3,1.9,0.0,188.1,running,10.4,7.1,98.6,7.7,10.6,9.1,8.5,7.7,9.9,7.6,8.5,8.5,8.4,9.1,8.5,5.3,8.5,7.8,7.7,9.1,10.6,7.7,8.4,7.8,8.5,8.5,7.7,7.8,9.8,7.0,11.1,13.4,8.5,7.0,8.5,7.7,7.9,7.7,9.2,7.0,8.5,7.1,10.6,9.9,9.3,7.0,8.4,8.5,0.0,0.0,0.0,0.0,0.0,0.0,0.0,0.0,0.0,0.0,0.0,0.0,0.0,0.0,0.0,0.0,0.0,0.0,0.0,0.0,0.0,0.0,0.0,0.0,0.0,0.0,0.0,0.0,0.0,0.0,0.0,0.0,0.0,0.0,0.0,0.0,0.0,0.0,0.0,0.0,0.0,0.0,0.0,0.0,0.0,0.0,0.0,0.0
2026-02-01T17:38:53.563280,636.5,2.3,0.0,188.1,running,8.5,7.7,98.6,7.1,9.2,7.0,8.5,7.8,12.8,9.1,7.9,7.8,8.5,7.8,8.0,7.8,8.5,7.7,9.2,7.8,12.0,7.1,7.1,9.1,7.7,7.1,8.5,7.0,7.7,7.8,10.4,7.1,8.5,7.1,7.7,7.1,8.4,7.1,8.5,7.8,9.2,7.0,7.7,7.0,7.6,7.9,9.3,8.4,0.0,0.0,0.0,0.0,0.0,0.0,0.0,0.0,0.0,0.0,0.0,0.0,0.0,0.0,0.0,0.0,0.0,0.0,0.0,0.0,0.0,0.0,0.0,0.0,0.0,0.0,0.0,0.0,0.0,0.0,0.0,0.0,0.0,0.0,0.0,0.0,0.0,0.0,0.0,0.0,0.0,0.0,0.0,0.0,0.0,0.0,0.0,0.0
2026-02-01T17:38:55.786339,638.7,33.9,0.0,188.1,running,2.1,2.1,100.0,2.1,2.8,2.1,4.2,1.4,2.8,2.1,3.5,2.1,2.1,2.1,2.7,2.1,1.4,2.1,2.1,2.1,4.2,2.1,2.1,2.8,2.1,3.5,4.2,2.1,2.1,2.8,3.5,2.1,3.5,2.1,2.1,2.1,2.1,2.1,3.4,2.1,2.1,2.1,2.1,4.2,2.8,2.1,2.8,2.8,0.0,0.0,0.0,0.0,0.0,0.0,0.0,0.0,0.0,0.0,0.0,0.0,0.0,0.0,0.0,0.0,0.0,0.0,0.0,0.0,0.0,0.0,0.0,0.0,0.0,0.0,0.0,0.0,0.0,0.0,0.0,0.0,0.0,0.0,0.0,0.0,0.0,0.0,0.0,0.0,0.0,0.0,0.0,0.0,0.0,0.0,0.0,0.0
2026-02-01T17:38:58.003069,640.9,2.6,0.0,188.1,running,6.3,5.6,98.6,5.7,9.2,5.7,7.1,5.7,6.3,5.7,5.7,5.7,5.7,5.6,5.7,6.3,5.7,5.9,8.0,5.7,6.4,5.7,5.6,6.4,5.7,5.6,7.7,5.7,5.7,7.7,9.7,5.7,5.7,6.4,5.7,5.7,5.6,5.7,7.1,12.1,6.4,5.6,5.7,9.2,6.3,5.7,5.6,5.7,0.0,0.0,0.0,0.0,0.0,0.0,0.0,0.0,0.0,0.0,0.0,0.0,0.0,0.0,0.0,0.0,0.0,0.0,0.0,0.0,0.0,0.0,0.0,0.0,0.0,0.0,0.0,0.0,0.0,0.0,0.0,0.0,0.0,0.0,0.0,0.0,0.0,0.0,0.0,0.0,0.0,0.0,0.0,0.0,0.0,0.0,0.0,0.0
2026-02-01T17:39:00.219727,643.2,3.3,0.0,188.1,running,9.2,8.6,99.3,7.7,9.9,7.7,9.1,7.1,12.1,7.8,8.5,7.1,8.4,9.8,9.1,7.0,15.4,6.8,10.3,8.5,7.7,7.8,9.2,7.8,8.5,8.5,8.5,7.1,8.5,9.2,7.7,7.7,8.4,7.8,8.5,8.5,8.5,7.8,9.1,8.3,8.5,9.9,8.5,9.9,7.8,8.5,10.6,7.7,0.0,0.0,0.0,0.0,0.0,0.0,0.0,0.0,0.0,0.0,0.0,0.0,0.0,0.0,0.0,0.0,0.0,0.0,0.0,0.0,0.0,0.0,0.0,0.0,0.0,0.0,0.0,0.0,0.0,0.0,0.0,0.0,0.0,0.0,0.0,0.0,0.0,0.0,0.0,0.0,0.0,0.0,0.0,0.0,0.0,0.0,0.0,0.0
2026-02-01T17:39:02.436637,645.4,2.3,0.0,188.1,running,8.5,6.3,97.9,7.0,9.2,7.7,7.9,7.7,9.1,7.0,7.0,7.0,8.5,7.1,8.5,7.8,7.9,8.5,8.5,9.7,8.6,7.7,7.1,7.7,7.7,9.1,9.2,7.7,8.5,9.2,7.0,7.7,7.0,9.3,7.0,7.7,7.1,7.0,8.4,7.1,6.3,7.8,7.0,8.5,7.1,13.3,7.7,8.4,0.0,0.0,0.0,0.0,0.0,0.0,0.0,0.0,0.0,0.0,0.0,0.0,0.0,0.0,0.0,0.0,0.0,0.0,0.0,0.0,0.0,0.0,0.0,0.0,0.0,0.0,0.0,0.0,0.0,0.0,0.0,0.0,0.0,0.0,0.0,0.0,0.0,0.0,0.0,0.0,0.0,0.0,0.0,0.0,0.0,0.0,0.0,0.0
2026-02-01T17:39:04.653488,647.6,3.7,0.0,188.1,running,9.2,7.9,98.6,7.0,18.2,7.7,14.6,7.0,9.1,8.4,9.9,7.0,9.9,8.5,9.7,8.5,8.4,7.7,9.8,7.0,9.0,7.7,7.7,9.1,7.7,8.5,14.7,7.0,9.8,10.6,7.7,7.0,6.3,6.2,7.0,7.7,7.0,7.7,9.9,7.7,7.0,7.7,9.9,13.9,8.5,7.1,7.1,7.1,0.0,0.0,0.0,0.0,0.0,0.0,0.0,0.0,0.0,0.0,0.0,0.0,0.0,0.0,0.0,0.0,0.0,0.0,0.0,0.0,0.0,0.0,0.0,0.0,0.0,0.0,0.0,0.0,0.0,0.0,0.0,0.0,0.0,0.0,0.0,0.0,0.0,0.0,0.0,0.0,0.0,0.0,0.0,0.0,0.0,0.0,0.0,0.0
2026-02-01T17:39:06.872495,649.8,24.3,0.0,188.1,running,7.7,8.5,98.6,7.1,10.6,7.7,18.3,8.5,9.2,7.8,13.5,7.1,8.4,8.5,9.9,7.7,9.3,8.5,11.3,7.8,7.8,8.5,8.4,7.8,8.6,8.3,8.5,7.7,7.7,9.1,11.6,7.8,8.5,8.5,9.2,7.8,9.9,7.8,9.8,7.8,6.9,7.8,7.8,8.5,7.7,7.1,7.8,7.1,0.0,0.0,0.0,0.0,0.0,0.0,0.0,0.0,0.0,0.0,0.0,0.0,0.0,0.0,0.0,0.0,0.0,0.0,0.0,0.0,0.0,0.0,0.0,0.0,0.0,0.0,0.0,0.0,0.0,0.0,0.0,0.0,0.0,0.0,0.0,0.0,0.0,0.0,0.0,0.0,0.0,0.0,0.0,0.0,0.0,0.0,0.0,0.0
2026-02-01T17:39:09.090323,652.0,4.5,0.0,188.1,running,0.7,1.4,100.0,0.0,1.4,0.0,4.2,0.0,0.0,0.0,5.6,0.0,3.6,0.7,1.4,0.0,0.0,0.0,0.7,0.0,0.0,0.0,1.4,0.0,0.0,0.7,2.8,0.0,0.0,2.1,1.4,0.0,0.0,0.0,0.7,0.0,0.0,0.0,0.7,0.0,0.7,0.0,0.0,2.1,1.4,0.0,0.0,0.0,0.0,0.0,0.0,0.0,0.0,0.0,0.0,0.0,0.0,0.0,0.0,0.0,0.0,0.0,0.0,0.0,0.0,0.0,0.0,0.0,0.0,0.0,0.0,0.0,0.0,0.0,0.0,0.0,0.0,0.0,0.0,0.0,0.0,0.0,0.0,0.0,0.0,0.0,0.0,0.0,0.0,0.0,0.0,0.0,0.0,0.0,0.0,0.0
2026-02-01T17:39:11.307795,654.2,3.0,0.0,188.1,running,9.2,8.4,98.6,7.7,14.1,7.7,12.1,7.7,10.5,7.7,14.1,8.5,10.5,7.7,9.1,7.8,8.5,7.7,9.8,7.0,9.2,7.0,11.2,7.0,9.2,8.5,12.1,11.6,11.8,7.7,10.6,7.0,12.1,7.2,14.9,7.0,8.5,14.7,9.9,7.0,8.5,6.3,7.7,11.3,10.5,7.0,7.7,9.9,0.0,0.0,0.0,0.0,0.0,0.0,0.0,0.0,0.0,0.0,0.0,0.0,0.0,0.0,0.0,0.0,0.0,0.0,0.0,0.0,0.0,0.0,0.0,0.0,0.0,0.0,0.0,0.0,0.0,0.0,0.0,0.0,0.0,0.0,0.0,0.0,0.0,0.0,0.0,0.0,0.0,0.0,0.0,0.0,0.0,0.0,0.0,0.0
2026-02-01T17:39:13.525201,656.5,4.9,0.0,188.1,running,7.0,7.8,99.3,7.0,15.8,7.1,17.6,9.0,11.3,7.0,11.1,7.7,11.2,10.8,7.1,7.7,8.4,7.0,8.6,7.0,9.9,7.0,7.7,7.0,7.1,8.4,9.2,7.7,9.3,9.2,7.8,9.7,7.0,7.5,8.4,7.0,7.7,16.1,8.5,7.0,6.3,7.1,7.0,9.2,8.5,7.0,7.0,7.0,0.0,0.0,0.0,0.0,0.0,0.0,0.0,0.0,0.0,0.0,0.0,0.0,0.0,0.0,0.0,0.0,0.0,0.0,0.0,0.0,0.0,0.0,0.0,0.0,0.0,0.0,0.0,0.0,0.0,0.0,0.0,0.0,0.0,0.0,0.0,0.0,0.0,0.0,0.0,0.0,0.0,0.0,0.0,0.0,0.0,0.0,0.0,0.0
2026-02-01T17:39:15.742652,658.7,4.7,0.0,188.1,running,9.8,8.3,99.3,8.6,17.2,7.7,20.8,7.3,11.3,7.0,10.6,7.7,11.3,7.1,10.5,7.8,9.9,7.7,11.8,8.6,9.7,7.8,7.7,8.6,8.4,8.5,9.9,11.0,9.0,7.8,8.5,8.5,7.7,7.8,7.8,8.6,9.2,7.8,10.5,8.5,8.5,8.3,15.4,9.2,7.7,8.6,7.7,10.6,0.0,0.0,0.0,0.0,0.0,0.0,0.0,0.0,0.0,0.0,0.0,0.0,0.0,0.0,0.0,0.0,0.0,0.0,0.0,0.0,0.0,0.0,0.0,0.0,0.0,0.0,0.0,0.0,0.0,0.0,0.0,0.0,0.0,0.0,0.0,0.0,0.0,0.0,0.0,0.0,0.0,0.0,0.0,0.0,0.0,0.0,0.0,0.0
2026-02-01T17:39:17.955807,660.9,5.8,0.0,188.1,running,8.4,7.0,98.6,6.4,17.5,7.7,21.5,7.0,12.6,7.0,11.3,8.4,12.5,7.7,10.6,8.3,9.7,7.7,11.3,7.1,9.2,6.4,10.6,6.4,7.7,8.4,8.5,11.1,14.7,7.7,9.1,7.0,9.1,6.4,7.7,6.4,8.3,6.4,8.5,6.4,7.7,7.2,7.9,10.5,7.7,5.1,7.9,7.8,0.0,0.0,0.0,0.0,0.0,0.0,0.0,0.0,0.0,0.0,0.0,0.0,0.0,0.0,0.0,0.0,0.0,0.0,0.0,0.0,0.0,0.0,0.0,0.0,0.0,0.0,0.0,0.0,0.0,0.0,0.0,0.0,0.0,0.0,0.0,0.0,0.0,0.0,0.0,0.0,0.0,0.0,0.0,0.0,0.0,0.0,0.0,0.0
2026-02-01T17:39:20.172383,663.1,3.1,0.0,188.1,running,0.0,0.0,100.0,0.0,2.8,0.0,4.2,0.7,8.5,0.0,0.7,1.4,0.7,0.0,2.1,0.0,1.4,0.0,0.7,0.0,0.7,0.0,2.1,0.0,0.0,2.1,1.4,1.4,2.9,1.4,0.0,0.0,0.7,0.0,0.7,0.0,2.1,0.0,4.2,0.0,0.0,0.0,0.0,2.8,0.7,0.0,0.0,0.0,0.0,0.0,0.0,0.0,0.0,0.0,0.0,0.0,0.0,0.0,0.0,0.0,0.0,0.0,0.0,0.0,0.0,0.0,0.0,0.0,0.0,0.0,0.0,0.0,0.0,0.0,0.0,0.0,0.0,0.0,0.0,0.0,0.0,0.0,0.0,0.0,0.0,0.0,0.0,0.0,0.0,0.0,0.0,0.0,0.0,0.0,0.0,0.0
2026-02-01T17:39:22.390363,665.3,2.6,0.0,188.1,running,8.5,8.5,33.1,7.7,95.1,7.0,21.0,7.8,15.0,5.1,16.8,7.7,10.4,7.7,10.5,7.7,8.5,9.2,8.4,7.0,11.3,7.8,15.5,8.5,14.8,8.5,14.9,12.3,12.3,9.8,17.7,7.9,15.7,7.7,12.9,7.7,14.2,7.0,9.9,8.5,9.2,7.0,9.2,9.2,9.8,7.7,10.4,7.8,0.0,0.0,0.0,0.0,0.0,0.0,0.0,0.0,0.0,0.0,0.0,0.0,0.0,0.0,0.0,0.0,0.0,0.0,0.0,0.0,0.0,0.0,0.0,0.0,0.0,0.0,0.0,0.0,0.0,0.0,0.0,0.0,0.0,0.0,0.0,0.0,0.0,0.0,0.0,0.0,0.0,0.0,0.0,0.0,0.0,0.0,0.0,0.0
2026-02-01T17:39:24.607561,667.5,5.6,0.0,188.1,running,11.2,7.7,75.0,8.4,36.6,8.5,11.3,7.6,12.4,8.4,9.9,7.7,9.9,7.7,7.7,10.4,8.4,7.7,9.9,7.7,9.7,9.2,9.0,7.7,9.0,7.7,11.9,11.0,9.8,9.2,12.6,9.8,9.8,9.8,7.7,7.7,7.7,9.0,7.7,7.7,7.7,9.8,9.1,13.3,11.3,8.4,12.0,7.7,0.0,0.0,0.0,0.0,0.0,0.0,0.0,0.0,0.0,0.0,0.0,0.0,0.0,0.0,0.0,0.0,0.0,0.0,0.0,0.0,0.0,0.0,0.0,0.0,0.0,0.0,0.0,0.0,0.0,0.0,0.0,0.0,0.0,0.0,0.0,0.0,0.0,0.0,0.0,0.0,0.0,0.0,0.0,0.0,0.0,0.0,0.0,0.0
2026-02-01T17:39:26.825170,669.8,3.9,0.0,188.0,running,13.4,13.5,99.3,7.7,12.0,7.1,11.3,7.7,17.0,8.5,10.6,9.2,12.0,7.0,8.5,16.2,10.6,7.0,9.9,9.2,10.6,7.7,7.8,12.1,14.9,7.0,18.4,10.4,9.2,9.9,13.5,11.3,8.4,11.7,8.5,7.7,8.5,6.8,10.6,8.5,9.9,11.2,9.2,9.9,11.3,7.0,9.2,7.7,0.0,0.0,0.0,0.0,0.0,0.0,0.0,0.0,0.0,0.0,0.0,0.0,0.0,0.0,0.0,0.0,0.0,0.0,0.0,0.0,0.0,0.0,0.0,0.0,0.0,0.0,0.0,0.0,0.0,0.0,0.0,0.0,0.0,0.0,0.0,0.0,0.0,0.0,0.0,0.0,0.0,0.0,0.0,0.0,0.0,0.0,0.0,0.0
2026-02-01T17:39:29.042571,672.0,3.9,0.0,188.0,running,11.9,12.7,98.0,7.7,15.4,8.5,14.1,7.8,16.8,7.7,9.8,11.3,9.2,7.0,7.7,9.9,9.2,7.7,10.6,7.0,7.7,8.5,7.1,9.9,9.9,7.7,15.4,11.1,10.6,9.2,8.4,8.5,9.2,7.0,8.5,7.7,7.7,13.3,7.1,11.2,9.1,7.7,9.9,11.3,14.8,7.0,9.2,7.0,0.0,0.0,0.0,0.0,0.0,0.0,0.0,0.0,0.0,0.0,0.0,0.0,0.0,0.0,0.0,0.0,0.0,0.0,0.0,0.0,0.0,0.0,0.0,0.0,0.0,0.0,0.0,0.0,0.0,0.0,0.0,0.0,0.0,0.0,0.0,0.0,0.0,0.0,0.0,0.0,0.0,0.0,0.0,0.0,0.0,0.0,0.0,0.0
2026-02-01T17:39:31.262980,674.2,5.5,0.0,188.0,running,2.1,0.7,100.0,0.0,5.0,0.7,2.8,0.0,3.5,0.7,1.4,0.0,0.0,0.0,0.0,1.4,0.0,0.0,1.4,0.0,0.0,0.0,0.0,0.0,0.0,0.0,0.7,1.4,0.0,0.0,1.4,0.7,0.0,0.0,0.0,0.0,0.7,0.0,0.7,0.7,0.7,0.0,0.0,2.1,1.4,0.0,1.4,0.0,0.0,0.0,0.0,0.0,0.0,0.0,0.0,0.0,0.0,0.0,0.0,0.0,0.0,0.0,0.0,0.0,0.0,0.0,0.0,0.0,0.0,0.0,0.0,0.0,0.0,0.0,0.0,0.0,0.0,0.0,0.0,0.0,0.0,0.0,0.0,0.0,0.0,0.0,0.0,0.0,0.0,0.0,0.0,0.0,0.0,0.0,0.0,0.0
2026-02-01T17:39:33.480314,676.4,2.7,0.0,188.0,running,15.3,9.2,97.9,7.7,16.0,9.1,13.4,8.5,12.1,9.9,8.5,9.8,10.6,5.8,10.6,9.9,10.6,6.4,10.4,7.0,13.8,7.7,8.4,7.1,10.6,6.3,14.9,9.6,11.3,11.3,12.1,9.1,9.9,6.3,9.2,7.0,8.5,7.0,11.3,7.1,9.2,7.1,14.2,8.4,10.6,8.4,8.5,7.7,0.0,0.0,0.0,0.0,0.0,0.0,0.0,0.0,0.0,0.0,0.0,0.0,0.0,0.0,0.0,0.0,0.0,0.0,0.0,0.0,0.0,0.0,0.0,0.0,0.0,0.0,0.0,0.0,0.0,0.0,0.0,0.0,0.0,0.0,0.0,0.0,0.0,0.0,0.0,0.0,0.0,0.0,0.0,0.0,0.0,0.0,0.0,0.0
2026-02-01T17:39:35.697143,678.6,2.0,0.0,188.0,running,10.5,9.2,98.6,7.7,11.3,9.2,12.0,7.7,9.9,9.1,7.7,10.6,12.1,8.5,8.5,9.2,9.1,7.0,8.5,7.7,11.3,8.1,8.4,8.4,9.9,7.7,13.4,10.5,9.2,12.5,11.3,9.9,8.5,7.7,9.2,7.7,9.1,7.0,12.7,9.1,10.6,8.5,7.7,12.0,12.6,7.7,9.1,13.4,0.0,0.0,0.0,0.0,0.0,0.0,0.0,0.0,0.0,0.0,0.0,0.0,0.0,0.0,0.0,0.0,0.0,0.0,0.0,0.0,0.0,0.0,0.0,0.0,0.0,0.0,0.0,0.0,0.0,0.0,0.0,0.0,0.0,0.0,0.0,0.0,0.0,0.0,0.0,0.0,0.0,0.0,0.0,0.0,0.0,0.0,0.0,0.0
2026-02-01T17:39:37.914508,680.8,3.2,0.0,188.0,running,9.1,9.2,97.9,7.7,11.3,7.7,14.1,7.7,10.5,7.7,9.9,7.7,11.3,7.7,7.6,8.5,7.9,8.5,7.7,7.0,7.7,9.5,9.2,8.5,9.1,7.7,9.8,7.7,7.7,11.1,9.8,7.7,7.7,7.7,7.8,7.7,7.7,7.7,10.0,8.7,8.7,9.1,7.7,10.6,9.2,7.7,9.2,8.5,0.0,0.0,0.0,0.0,0.0,0.0,0.0,0.0,0.0,0.0,0.0,0.0,0.0,0.0,0.0,0.0,0.0,0.0,0.0,0.0,0.0,0.0,0.0,0.0,0.0,0.0,0.0,0.0,0.0,0.0,0.0,0.0,0.0,0.0,0.0,0.0,0.0,0.0,0.0,0.0,0.0,0.0,0.0,0.0,0.0,0.0,0.0,0.0
2026-02-01T17:39:40.131567,683.1,4.2,0.0,188.0,running,7.0,9.2,97.9,7.7,14.1,7.1,9.9,14.2,14.8,7.1,9.2,7.0,8.4,7.1,7.7,9.2,8.3,7.0,9.9,7.1,9.9,7.7,7.7,7.0,9.9,7.7,9.2,11.1,8.5,9.2,7.8,7.0,9.1,7.0,9.2,7.0,7.1,7.0,6.9,8.2,7.5,7.0,8.5,11.9,9.2,7.7,7.8,8.5,0.0,0.0,0.0,0.0,0.0,0.0,0.0,0.0,0.0,0.0,0.0,0.0,0.0,0.0,0.0,0.0,0.0,0.0,0.0,0.0,0.0,0.0,0.0,0.0,0.0,0.0,0.0,0.0,0.0,0.0,0.0,0.0,0.0,0.0,0.0,0.0,0.0,0.0,0.0,0.0,0.0,0.0,0.0,0.0,0.0,0.0,0.0,0.0
2026-02-01T17:39:42.348400,685.3,3.2,0.0,188.0,running,2.8,2.1,100.0,0.0,11.2,0.7,18.1,0.0,7.8,0.7,5.0,1.4,7.0,6.4,2.8,4.2,2.1,0.0,4.9,0.0,3.5,1.4,2.8,0.0,2.1,2.1,4.2,4.8,6.3,0.7,4.9,0.0,2.8,0.0,2.8,0.0,1.4,0.0,2.1,0.0,0.7,0.0,0.7,2.1,3.5,0.0,0.0,0.7,0.0,0.0,0.0,0.0,0.0,0.0,0.0,0.0,0.0,0.0,0.0,0.0,0.0,0.0,0.0,0.0,0.0,0.0,0.0,0.0,0.0,0.0,0.0,0.0,0.0,0.0,0.0,0.0,0.0,0.0,0.0,0.0,0.0,0.0,0.0,0.0,0.0,0.0,0.0,0.0,0.0,0.0,0.0,0.0,0.0,0.0,0.0,0.0
2026-02-01T17:39:44.565446,687.5,6.9,0.0,188.0,running,11.9,7.7,98.6,7.0,14.1,6.4,16.8,7.8,9.2,7.7,8.5,14.1,10.6,8.4,11.3,9.2,8.5,7.7,11.9,7.0,10.0,8.5,9.2,7.0,8.5,7.7,9.2,8.4,9.1,9.2,9.2,8.4,8.4,7.7,13.2,7.7,8.6,7.0,11.2,7.0,7.1,7.7,7.0,9.2,7.8,9.1,9.3,7.7,0.0,0.0,0.0,0.0,0.0,0.0,0.0,0.0,0.0,0.0,0.0,0.0,0.0,0.0,0.0,0.0,0.0,0.0,0.0,0.0,0.0,0.0,0.0,0.0,0.0,0.0,0.0,0.0,0.0,0.0,0.0,0.0,0.0,0.0,0.0,0.0,0.0,0.0,0.0,0.0,0.0,0.0,0.0,0.0,0.0,0.0,0.0,0.0
2026-02-01T17:39:46.782567,689.7,5.9,0.0,188.0,running,7.6,8.4,97.9,7.1,14.7,7.1,18.4,9.1,10.4,7.1,9.8,5.3,8.5,7.0,13.4,9.7,9.1,7.0,9.9,7.0,8.3,8.4,9.1,7.1,9.1,9.7,7.7,9.0,7.7,9.2,9.2,7.0,7.0,7.1,7.0,8.5,7.6,7.8,9.8,7.0,8.3,7.1,7.0,9.9,9.0,7.8,7.6,8.5,0.0,0.0,0.0,0.0,0.0,0.0,0.0,0.0,0.0,0.0,0.0,0.0,0.0,0.0,0.0,0.0,0.0,0.0,0.0,0.0,0.0,0.0,0.0,0.0,0.0,0.0,0.0,0.0,0.0,0.0,0.0,0.0,0.0,0.0,0.0,0.0,0.0,0.0,0.0,0.0,0.0,0.0,0.0,0.0,0.0,0.0,0.0,0.0
2026-02-01T17:39:48.999788,691.9,3.2,0.0,188.0,running,16.2,7.7,97.9,10.3,16.9,7.7,11.9,8.3,9.9,7.8,7.7,7.7,10.6,6.3,8.5,7.9,6.4,8.5,9.9,7.7,10.6,7.7,10.4,7.8,8.5,9.9,7.8,9.1,7.8,8.5,8.6,7.8,7.7,7.8,8.6,7.8,7.7,7.8,9.9,8.5,7.1,13.4,7.9,10.6,8.6,8.5,8.0,7.7,0.0,0.0,0.0,0.0,0.0,0.0,0.0,0.0,0.0,0.0,0.0,0.0,0.0,0.0,0.0,0.0,0.0,0.0,0.0,0.0,0.0,0.0,0.0,0.0,0.0,0.0,0.0,0.0,0.0,0.0,0.0,0.0,0.0,0.0,0.0,0.0,0.0,0.0,0.0,0.0,0.0,0.0,0.0,0.0,0.0,0.0,0.0,0.0
2026-02-01T17:39:51.215683,694.1,4.0,0.0,188.0,running,8.5,7.9,81.8,6.5,33.6,7.0,19.9,6.7,14.1,7.0,7.7,7.0,9.9,7.1,9.0,7.7,7.7,7.0,10.5,7.1,9.3,14.2,7.8,7.0,7.8,9.1,7.7,8.4,8.4,8.4,7.7,7.0,7.1,7.0,7.0,7.6,7.1,7.0,7.7,7.0,7.0,7.0,7.0,7.7,8.4,6.0,8.3,8.5,0.0,0.0,0.0,0.0,0.0,0.0,0.0,0.0,0.0,0.0,0.0,0.0,0.0,0.0,0.0,0.0,0.0,0.0,0.0,0.0,0.0,0.0,0.0,0.0,0.0,0.0,0.0,0.0,0.0,0.0,0.0,0.0,0.0,0.0,0.0,0.0,0.0,0.0,0.0,0.0,0.0,0.0,0.0,0.0,0.0,0.0,0.0,0.0
2026-02-01T17:39:53.429934,696.4,52.9,0.0,188.0,running,1.4,4.8,19.4,2.8,99.3,2.8,15.3,3.5,7.6,3.5,8.5,2.8,5.6,2.8,7.0,2.1,4.2,3.5,7.0,2.8,5.6,4.2,8.4,3.5,6.9,5.6,8.4,4.9,7.0,4.2,7.0,4.2,7.7,2.8,3.5,4.2,4.9,2.8,4.9,3.5,4.2,3.5,3.5,5.6,4.9,3.5,8.3,4.2,0.0,0.0,0.0,0.0,0.0,0.0,0.0,0.0,0.0,0.0,0.0,0.0,0.0,0.0,0.0,0.0,0.0,0.0,0.0,0.0,0.0,0.0,0.0,0.0,0.0,0.0,0.0,0.0,0.0,0.0,0.0,0.0,0.0,0.0,0.0,0.0,0.0,0.0,0.0,0.0,0.0,0.0,0.0,0.0,0.0,0.0,0.0,0.0
2026-02-01T17:39:55.646686,698.6,2.1,0.0,188.0,running,7.7,5.7,21.7,15.0,98.6,5.0,13.5,5.0,12.1,5.7,7.8,5.7,7.1,4.3,7.8,5.0,5.0,4.3,8.6,4.3,5.0,5.0,9.2,4.3,6.4,6.4,7.8,9.7,7.1,7.1,9.6,5.0,8.6,4.3,7.9,4.3,7.1,5.0,6.4,4.3,6.4,4.3,4.3,5.7,6.4,4.3,5.0,5.8,0.0,0.0,0.0,0.0,0.0,0.0,0.0,0.0,0.0,0.0,0.0,0.0,0.0,0.0,0.0,0.0,0.0,0.0,0.0,0.0,0.0,0.0,0.0,0.0,0.0,0.0,0.0,0.0,0.0,0.0,0.0,0.0,0.0,0.0,0.0,0.0,0.0,0.0,0.0,0.0,0.0,0.0,0.0,0.0,0.0,0.0,0.0,0.0
2026-02-01T17:39:57.863531,700.8,2.1,0.0,188.0,running,9.8,7.0,78.2,7.0,30.1,7.1,7.8,7.1,7.9,7.0,8.6,7.0,7.2,7.0,7.1,8.5,8.5,7.0,7.7,7.0,8.6,7.8,8.6,7.0,7.9,7.0,7.9,8.4,7.9,14.2,6.8,7.7,7.7,7.0,7.7,7.0,7.7,7.0,7.7,7.0,7.1,7.0,7.7,8.5,7.7,7.0,7.6,7.7,0.0,0.0,0.0,0.0,0.0,0.0,0.0,0.0,0.0,0.0,0.0,0.0,0.0,0.0,0.0,0.0,0.0,0.0,0.0,0.0,0.0,0.0,0.0,0.0,0.0,0.0,0.0,0.0,0.0,0.0,0.0,0.0,0.0,0.0,0.0,0.0,0.0,0.0,0.0,0.0,0.0,0.0,0.0,0.0,0.0,0.0,0.0,0.0
2026-02-01T17:40:00.079291,703.0,1.9,0.0,188.0,running,9.9,8.5,97.9,7.8,7.7,7.7,7.7,8.4,9.9,12.9,7.7,8.2,8.3,7.8,15.4,7.7,7.7,7.7,9.2,7.7,8.5,7.7,7.7,7.8,7.7,7.7,9.1,11.3,7.0,9.1,9.2,7.8,8.5,7.8,9.1,9.0,7.7,7.8,8.5,7.8,10.5,7.8,9.1,9.2,9.9,7.8,9.8,7.8,0.0,0.0,0.0,0.0,0.0,0.0,0.0,0.0,0.0,0.0,0.0,0.0,0.0,0.0,0.0,0.0,0.0,0.0,0.0,0.0,0.0,0.0,0.0,0.0,0.0,0.0,0.0,0.0,0.0,0.0,0.0,0.0,0.0,0.0,0.0,0.0,0.0,0.0,0.0,0.0,0.0,0.0,0.0,0.0,0.0,0.0,0.0,0.0
2026-02-01T17:40:02.296280,705.2,3.3,0.0,188.0,running,7.7,7.7,97.9,7.0,10.4,7.0,7.7,7.0,7.6,5.4,7.0,7.9,7.0,7.7,7.1,7.7,7.0,7.7,7.7,7.1,7.0,7.1,7.0,7.0,7.0,7.1,7.6,7.0,6.9,7.7,7.1,8.3,8.3,7.0,7.0,9.7,9.2,13.4,7.0,7.7,6.2,7.0,8.4,9.9,7.0,7.0,7.7,7.8,0.0,0.0,0.0,0.0,0.0,0.0,0.0,0.0,0.0,0.0,0.0,0.0,0.0,0.0,0.0,0.0,0.0,0.0,0.0,0.0,0.0,0.0,0.0,0.0,0.0,0.0,0.0,0.0,0.0,0.0,0.0,0.0,0.0,0.0,0.0,0.0,0.0,0.0,0.0,0.0,0.0,0.0,0.0,0.0,0.0,0.0,0.0,0.0
2026-02-01T17:40:04.515423,707.4,20.7,0.0,188.0,running,10.5,11.8,95.1,7.0,10.6,9.9,9.2,7.1,9.9,9.0,7.0,7.8,13.4,6.3,7.0,10.5,8.5,11.2,7.0,7.0,9.9,7.0,7.7,7.7,9.9,7.0,12.8,7.0,11.3,7.7,9.9,12.0,7.8,7.0,9.2,9.7,9.2,7.0,11.2,7.1,8.5,10.4,9.1,15.3,8.5,7.0,8.5,6.5,0.0,0.0,0.0,0.0,0.0,0.0,0.0,0.0,0.0,0.0,0.0,0.0,0.0,0.0,0.0,0.0,0.0,0.0,0.0,0.0,0.0,0.0,0.0,0.0,0.0,0.0,0.0,0.0,0.0,0.0,0.0,0.0,0.0,0.0,0.0,0.0,0.0,0.0,0.0,0.0,0.0,0.0,0.0,0.0,0.0,0.0,0.0,0.0
2026-02-01T17:40:06.731650,709.7,2.1,0.0,188.0,running,2.1,4.2,8.3,1.4,3.6,2.8,2.1,0.0,4.3,2.8,2.8,0.7,3.5,0.0,0.7,0.7,0.0,2.1,2.8,0.0,2.8,0.0,1.4,1.7,2.1,0.0,3.5,0.0,1.4,2.1,1.4,0.0,0.0,0.0,0.0,0.0,3.5,0.0,3.5,3.5,2.1,1.7,0.0,100.0,2.1,0.0,2.8,0.0,0.0,0.0,0.0,0.0,0.0,0.0,0.0,0.0,0.0,0.0,0.0,0.0,0.0,0.0,0.0,0.0,0.0,0.0,0.0,0.0,0.0,0.0,0.0,0.0,0.0,0.0,0.0,0.0,0.0,0.0,0.0,0.0,0.0,0.0,0.0,0.0,0.0,0.0,0.0,0.0,0.0,0.0,0.0,0.0,0.0,0.0,0.0,0.0
2026-02-01T17:40:08.948740,711.9,13.2,0.0,188.0,running,9.9,8.4,89.0,8.4,10.3,9.2,11.7,7.7,11.8,8.5,8.4,7.0,10.6,7.7,7.0,6.9,7.7,7.7,7.7,7.6,9.1,7.0,7.7,6.2,9.2,7.0,8.4,7.7,9.8,8.4,7.8,6.4,9.1,5.5,7.2,9.7,7.7,5.5,7.7,9.2,9.2,6.6,8.3,18.9,10.3,5.5,15.4,6.1,0.0,0.0,0.0,0.0,0.0,0.0,0.0,0.0,0.0,0.0,0.0,0.0,0.0,0.0,0.0,0.0,0.0,0.0,0.0,0.0,0.0,0.0,0.0,0.0,0.0,0.0,0.0,0.0,0.0,0.0,0.0,0.0,0.0,0.0,0.0,0.0,0.0,0.0,0.0,0.0,0.0,0.0,0.0,0.0,0.0,0.0,0.0,0.0
2026-02-01T17:40:11.165739,714.1,2.7,0.0,188.0,running,6.3,9.2,46.5,8.5,70.2,9.6,12.1,8.5,12.8,8.5,9.9,9.5,9.9,7.7,10.6,10.0,9.2,8.6,9.3,8.5,11.1,8.5,8.5,7.7,9.2,8.5,8.5,9.2,12.1,8.5,7.7,8.5,9.2,7.7,9.3,11.2,9.9,8.5,10.0,17.6,10.4,7.1,6.3,11.3,11.5,7.8,10.0,10.6,0.0,0.0,0.0,0.0,0.0,0.0,0.0,0.0,0.0,0.0,0.0,0.0,0.0,0.0,0.0,0.0,0.0,0.0,0.0,0.0,0.0,0.0,0.0,0.0,0.0,0.0,0.0,0.0,0.0,0.0,0.0,0.0,0.0,0.0,0.0,0.0,0.0,0.0,0.0,0.0,0.0,0.0,0.0,0.0,0.0,0.0,0.0,0.0
2026-02-01T17:40:13.382363,716.3,2.6,0.0,188.0,running,9.2,7.7,46.2,8.1,64.8,6.8,8.5,14.0,9.1,7.0,7.7,7.4,8.5,7.7,7.7,7.0,8.5,7.7,8.5,7.8,10.6,7.8,7.8,8.5,7.8,7.7,8.5,8.5,9.1,9.2,8.4,8.5,7.7,8.5,7.7,9.0,8.5,7.0,9.8,6.4,9.2,6.3,7.7,8.5,9.7,7.0,8.5,7.7,0.0,0.0,0.0,0.0,0.0,0.0,0.0,0.0,0.0,0.0,0.0,0.0,0.0,0.0,0.0,0.0,0.0,0.0,0.0,0.0,0.0,0.0,0.0,0.0,0.0,0.0,0.0,0.0,0.0,0.0,0.0,0.0,0.0,0.0,0.0,0.0,0.0,0.0,0.0,0.0,0.0,0.0,0.0,0.0,0.0,0.0,0.0,0.0
2026-02-01T17:40:15.599220,718.5,3.3,0.0,188.0,running,7.0,7.7,98.6,7.5,13.4,7.7,21.8,6.8,16.9,7.0,9.7,7.0,11.9,7.0,9.2,7.7,8.5,8.4,11.3,7.0,9.1,7.7,9.2,7.7,7.7,9.1,9.2,7.7,8.5,8.5,7.8,7.7,14.1,7.0,8.5,8.4,7.8,7.7,7.7,7.7,8.5,7.0,7.0,10.6,9.2,7.0,9.1,7.1,0.0,0.0,0.0,0.0,0.0,0.0,0.0,0.0,0.0,0.0,0.0,0.0,0.0,0.0,0.0,0.0,0.0,0.0,0.0,0.0,0.0,0.0,0.0,0.0,0.0,0.0,0.0,0.0,0.0,0.0,0.0,0.0,0.0,0.0,0.0,0.0,0.0,0.0,0.0,0.0,0.0,0.0,0.0,0.0,0.0,0.0,0.0,0.0
2026-02-01T17:40:17.818748,720.7,3.1,0.0,188.0,running,2.8,0.7,100.0,0.0,2.8,0.0,2.1,0.0,4.9,0.0,2.8,0.0,2.1,0.0,1.4,0.0,0.0,0.0,2.1,0.0,0.7,0.0,0.7,0.0,0.7,1.4,0.7,0.0,0.7,0.7,0.0,0.0,0.0,0.0,0.0,5.5,0.0,0.0,0.0,0.0,1.4,0.0,0.0,4.9,1.4,0.0,0.0,0.7,0.0,0.0,0.0,0.0,0.0,0.0,0.0,0.0,0.0,0.0,0.0,0.0,0.0,0.0,0.0,0.0,0.0,0.0,0.0,0.0,0.0,0.0,0.0,0.0,0.0,0.0,0.0,0.0,0.0,0.0,0.0,0.0,0.0,0.0,0.0,0.0,0.0,0.0,0.0,0.0,0.0,0.0,0.0,0.0,0.0,0.0,0.0,0.0
2026-02-01T17:40:20.036627,723.0,2.7,0.0,188.0,running,8.3,9.1,98.6,7.7,11.3,8.5,17.6,7.8,19.7,8.4,12.6,7.1,14.1,8.0,7.7,14.7,8.5,7.7,11.3,7.7,9.2,7.1,10.5,8.5,10.5,9.1,10.5,7.8,10.5,9.2,10.6,7.8,10.6,8.5,7.7,12.3,7.7,7.7,9.2,7.7,8.3,7.0,7.7,11.2,9.1,7.1,8.5,8.4,0.0,0.0,0.0,0.0,0.0,0.0,0.0,0.0,0.0,0.0,0.0,0.0,0.0,0.0,0.0,0.0,0.0,0.0,0.0,0.0,0.0,0.0,0.0,0.0,0.0,0.0,0.0,0.0,0.0,0.0,0.0,0.0,0.0,0.0,0.0,0.0,0.0,0.0,0.0,0.0,0.0,0.0,0.0,0.0,0.0,0.0,0.0,0.0
2026-02-01T17:40:22.254100,725.2,4.4,0.0,188.0,running,11.9,7.7,98.6,8.1,14.8,7.8,18.3,7.7,12.0,8.0,10.6,7.7,13.3,8.7,8.5,10.5,8.5,7.8,12.0,7.7,9.7,7.5,8.5,15.1,9.2,7.7,8.6,14.1,9.2,9.9,8.5,15.3,9.7,13.7,8.4,12.3,7.7,7.2,9.9,8.5,8.5,11.3,7.7,17.5,9.2,7.7,7.7,9.1,0.0,0.0,0.0,0.0,0.0,0.0,0.0,0.0,0.0,0.0,0.0,0.0,0.0,0.0,0.0,0.0,0.0,0.0,0.0,0.0,0.0,0.0,0.0,0.0,0.0,0.0,0.0,0.0,0.0,0.0,0.0,0.0,0.0,0.0,0.0,0.0,0.0,0.0,0.0,0.0,0.0,0.0,0.0,0.0,0.0,0.0,0.0,0.0
2026-02-01T17:40:24.471943,727.4,2.7,0.0,188.0,running,7.1,9.9,99.3,6.2,12.7,9.0,20.1,8.4,14.7,8.2,12.0,7.0,12.6,6.8,10.6,12.5,9.2,7.6,12.8,7.7,9.2,7.9,13.4,5.2,8.4,7.1,8.3,6.3,7.0,9.2,9.7,6.1,8.5,5.2,7.1,9.7,9.2,8.3,9.9,8.6,8.5,6.9,9.2,9.9,11.2,7.8,8.5,9.9,0.0,0.0,0.0,0.0,0.0,0.0,0.0,0.0,0.0,0.0,0.0,0.0,0.0,0.0,0.0,0.0,0.0,0.0,0.0,0.0,0.0,0.0,0.0,0.0,0.0,0.0,0.0,0.0,0.0,0.0,0.0,0.0,0.0,0.0,0.0,0.0,0.0,0.0,0.0,0.0,0.0,0.0,0.0,0.0,0.0,0.0,0.0,0.0
2026-02-01T17:40:26.690320,729.6,82.1,0.0,188.1,running,11.9,16.3,94.4,16.8,21.8,17.6,25.2,16.2,20.7,18.2,22.7,17.5,18.3,16.2,19.9,18.9,15.4,19.0,20.6,17.6,17.0,18.9,19.1,16.8,17.0,18.9,20.3,17.5,18.3,16.9,18.3,16.7,17.6,16.8,16.9,20.1,17.6,18.2,18.4,16.8,17.7,13.1,17.6,20.8,21.8,16.7,19.7,17.6,0.0,0.0,0.0,0.0,0.0,0.0,0.0,0.0,0.0,0.0,0.0,0.0,0.0,0.0,0.0,0.0,0.0,0.0,0.0,0.0,0.0,0.0,0.0,0.0,0.0,0.0,0.0,0.0,0.0,0.0,0.0,0.0,0.0,0.0,0.0,0.0,0.0,0.0,0.0,0.0,0.0,0.0,0.0,0.0,0.0,0.0,0.0,0.0
2026-02-01T17:40:28.908218,731.8,2.5,0.0,188.1,running,18.2,13.4,80.4,14.7,45.1,17.7,23.6,14.7,20.0,16.1,18.1,20.7,17.5,16.2,14.8,16.1,15.3,15.9,15.3,15.2,16.8,14.2,14.1,15.5,14.2,14.8,15.7,14.7,15.7,14.2,16.2,14.2,14.9,17.0,14.2,18.6,14.6,15.5,14.1,14.8,14.1,15.7,14.1,16.9,15.6,14.9,13.2,15.6,0.0,0.0,0.0,0.0,0.0,0.0,0.0,0.0,0.0,0.0,0.0,0.0,0.0,0.0,0.0,0.0,0.0,0.0,0.0,0.0,0.0,0.0,0.0,0.0,0.0,0.0,0.0,0.0,0.0,0.0,0.0,0.0,0.0,0.0,0.0,0.0,0.0,0.0,0.0,0.0,0.0,0.0,0.0,0.0,0.0,0.0,0.0,0.0
2026-02-01T17:40:31.126182,734.1,14.9,0.0,188.1,running,18.2,14.9,33.6,15.0,50.0,17.1,19.1,16.4,18.9,16.9,17.0,15.5,16.2,14.9,15.4,18.3,58.9,13.8,17.5,13.2,15.0,15.5,16.3,31.2,20.0,15.5,19.4,15.0,18.8,16.8,19.7,14.9,19.3,15.5,15.3,15.0,16.8,15.5,16.0,16.2,16.1,16.0,18.9,16.2,16.0,16.2,16.3,16.1,0.0,0.0,0.0,0.0,0.0,0.0,0.0,0.0,0.0,0.0,0.0,0.0,0.0,0.0,0.0,0.0,0.0,0.0,0.0,0.0,0.0,0.0,0.0,0.0,0.0,0.0,0.0,0.0,0.0,0.0,0.0,0.0,0.0,0.0,0.0,0.0,0.0,0.0,0.0,0.0,0.0,0.0,0.0,0.0,0.0,0.0,0.0,0.0
2026-02-01T17:40:33.342420,736.3,98.0,0.0,188.1,running,16.8,59.0,33.6,14.0,34.8,20.0,18.3,14.6,17.4,16.0,17.4,15.4,17.0,15.4,17.6,14.7,16.1,15.5,19.9,15.5,16.2,15.4,14.7,41.1,16.3,16.2,15.6,15.4,16.9,18.3,16.2,14.7,16.3,15.4,15.6,15.4,16.9,15.4,15.6,14.7,13.4,15.4,15.5,19.0,18.4,14.6,14.1,15.5,0.0,0.0,0.0,0.0,0.0,0.0,0.0,0.0,0.0,0.0,0.0,0.0,0.0,0.0,0.0,0.0,0.0,0.0,0.0,0.0,0.0,0.0,0.0,0.0,0.0,0.0,0.0,0.0,0.0,0.0,0.0,0.0,0.0,0.0,0.0,0.0,0.0,0.0,0.0,0.0,0.0,0.0,0.0,0.0,0.0,0.0,0.0,0.0
2026-02-01T17:40:35.559205,738.5,2.9,0.0,188.1,running,8.5,7.7,51.4,7.1,19.4,7.7,11.8,7.8,10.6,7.0,7.8,7.1,12.0,7.0,7.8,7.7,9.9,7.7,8.5,7.1,7.8,7.1,9.1,7.1,7.0,7.1,9.9,7.0,9.2,8.5,8.5,7.1,7.1,7.1,7.1,7.1,7.7,7.7,8.5,12.0,7.1,7.1,7.7,7.7,7.8,7.1,7.1,9.8,0.0,0.0,0.0,0.0,0.0,0.0,0.0,0.0,0.0,0.0,0.0,0.0,0.0,0.0,0.0,0.0,0.0,0.0,0.0,0.0,0.0,0.0,0.0,0.0,0.0,0.0,0.0,0.0,0.0,0.0,0.0,0.0,0.0,0.0,0.0,0.0,0.0,0.0,0.0,0.0,0.0,0.0,0.0,0.0,0.0,0.0,0.0,0.0
2026-02-01T17:40:37.776157,740.7,3.9,0.0,188.1,running,9.2,7.7,99.3,7.7,17.0,12.4,18.3,8.5,11.3,7.8,9.9,7.7,7.8,7.7,9.0,13.4,7.7,9.1,9.2,8.4,9.9,8.5,8.5,7.7,9.9,8.4,8.4,7.8,8.5,8.5,8.4,7.7,9.0,7.7,7.7,7.7,8.5,7.7,7.7,7.8,9.9,7.7,7.8,8.5,9.7,8.5,8.4,9.2,0.0,0.0,0.0,0.0,0.0,0.0,0.0,0.0,0.0,0.0,0.0,0.0,0.0,0.0,0.0,0.0,0.0,0.0,0.0,0.0,0.0,0.0,0.0,0.0,0.0,0.0,0.0,0.0,0.0,0.0,0.0,0.0,0.0,0.0,0.0,0.0,0.0,0.0,0.0,0.0,0.0,0.0,0.0,0.0,0.0,0.0,0.0,0.0
2026-02-01T17:40:39.993236,742.9,6.5,0.0,188.1,running,8.4,8.4,98.6,7.7,15.3,11.7,18.3,9.1,11.9,10.4,18.9,7.7,12.6,7.7,9.9,10.3,7.9,9.1,11.3,7.7,9.2,7.7,9.8,7.7,7.7,7.7,9.1,7.0,7.0,10.6,7.7,7.7,8.5,7.7,6.3,7.7,9.1,7.8,9.1,8.5,9.8,7.7,8.5,16.2,7.0,7.0,7.7,9.1,0.0,0.0,0.0,0.0,0.0,0.0,0.0,0.0,0.0,0.0,0.0,0.0,0.0,0.0,0.0,0.0,0.0,0.0,0.0,0.0,0.0,0.0,0.0,0.0,0.0,0.0,0.0,0.0,0.0,0.0,0.0,0.0,0.0,0.0,0.0,0.0,0.0,0.0,0.0,0.0,0.0,0.0,0.0,0.0,0.0,0.0,0.0,0.0
2026-02-01T17:40:42.210246,745.1,3.1,0.0,188.1,running,9.1,10.6,98.7,7.0,23.1,9.7,17.7,7.1,19.7,7.5,11.3,8.3,11.2,7.0,8.5,5.6,9.0,6.3,11.3,6.3,7.7,8.5,16.1,7.0,16.2,7.0,16.0,6.3,9.2,7.0,13.4,7.0,11.3,7.0,9.9,7.0,9.9,6.3,12.0,6.9,13.4,7.6,9.2,10.6,9.2,9.1,8.4,10.5,0.0,0.0,0.0,0.0,0.0,0.0,0.0,0.0,0.0,0.0,0.0,0.0,0.0,0.0,0.0,0.0,0.0,0.0,0.0,0.0,0.0,0.0,0.0,0.0,0.0,0.0,0.0,0.0,0.0,0.0,0.0,0.0,0.0,0.0,0.0,0.0,0.0,0.0,0.0,0.0,0.0,0.0,0.0,0.0,0.0,0.0,0.0,0.0
2026-02-01T17:40:44.426619,747.4,2.9,0.0,188.1,running,10.4,9.1,99.3,7.7,21.0,12.4,22.2,9.0,10.6,8.5,11.3,8.6,8.5,14.3,11.3,7.1,9.2,9.8,13.3,7.7,10.6,8.5,9.2,8.5,13.4,9.2,9.9,7.7,10.6,11.2,9.3,11.3,9.9,7.7,8.5,7.0,7.7,7.7,11.2,7.1,9.1,10.6,7.8,10.6,8.5,8.4,7.7,12.0,0.0,0.0,0.0,0.0,0.0,0.0,0.0,0.0,0.0,0.0,0.0,0.0,0.0,0.0,0.0,0.0,0.0,0.0,0.0,0.0,0.0,0.0,0.0,0.0,0.0,0.0,0.0,0.0,0.0,0.0,0.0,0.0,0.0,0.0,0.0,0.0,0.0,0.0,0.0,0.0,0.0,0.0,0.0,0.0,0.0,0.0,0.0,0.0
2026-02-01T17:40:46.643455,749.6,79.1,0.0,188.1,running,7.7,7.7,98.6,7.0,15.5,13.6,19.7,7.0,10.6,8.5,9.2,8.4,20.3,7.0,13.2,7.0,7.0,7.1,10.6,7.7,7.7,7.0,7.7,8.5,7.0,7.1,9.9,7.0,9.0,8.5,7.0,9.7,7.7,7.0,8.5,7.0,8.4,7.0,10.6,7.7,9.9,9.2,7.7,8.5,7.7,7.8,7.8,10.0,0.0,0.0,0.0,0.0,0.0,0.0,0.0,0.0,0.0,0.0,0.0,0.0,0.0,0.0,0.0,0.0,0.0,0.0,0.0,0.0,0.0,0.0,0.0,0.0,0.0,0.0,0.0,0.0,0.0,0.0,0.0,0.0,0.0,0.0,0.0,0.0,0.0,0.0,0.0,0.0,0.0,0.0,0.0,0.0,0.0,0.0,0.0,0.0
2026-02-01T17:40:48.860779,751.8,4.0,0.0,188.1,running,2.1,1.4,100.0,0.0,17.6,6.8,18.3,0.0,14.6,1.4,5.6,0.0,1.4,3.5,1.4,2.1,3.5,2.1,6.2,0.0,2.1,0.0,2.8,4.9,1.4,1.4,3.5,0.0,0.0,2.8,2.8,7.0,0.7,0.0,0.0,0.0,2.1,0.0,2.8,0.0,2.8,2.1,0.7,4.2,0.0,0.7,0.0,2.1,0.0,0.0,0.0,0.0,0.0,0.0,0.0,0.0,0.0,0.0,0.0,0.0,0.0,0.0,0.0,0.0,0.0,0.0,0.0,0.0,0.0,0.0,0.0,0.0,0.0,0.0,0.0,0.0,0.0,0.0,0.0,0.0,0.0,0.0,0.0,0.0,0.0,0.0,0.0,0.0,0.0,0.0,0.0,0.0,0.0,0.0,0.0,0.0
2026-02-01T17:40:51.076359,754.0,3.9,0.0,188.1,running,11.3,7.7,100.0,7.2,31.5,16.7,24.6,7.0,12.1,15.6,13.4,5.5,10.6,8.4,11.3,8.7,7.7,8.5,12.1,7.8,9.9,7.7,10.6,8.5,12.1,9.2,11.9,7.1,13.4,7.7,12.5,9.2,12.0,7.0,9.7,7.2,8.5,7.7,11.3,7.7,9.1,7.0,9.2,10.6,11.3,7.7,7.7,9.9,0.0,0.0,0.0,0.0,0.0,0.0,0.0,0.0,0.0,0.0,0.0,0.0,0.0,0.0,0.0,0.0,0.0,0.0,0.0,0.0,0.0,0.0,0.0,0.0,0.0,0.0,0.0,0.0,0.0,0.0,0.0,0.0,0.0,0.0,0.0,0.0,0.0,0.0,0.0,0.0,0.0,0.0,0.0,0.0,0.0,0.0,0.0,0.0
2026-02-01T17:40:53.294738,756.2,6.4,0.0,188.1,running,9.8,74.1,59.2,8.5,20.4,12.3,14.8,7.7,10.4,8.5,8.4,8.5,9.8,9.2,11.3,8.9,7.7,7.6,10.6,8.5,9.2,7.8,8.5,7.1,8.5,8.5,9.2,7.0,9.2,8.5,12.1,7.7,9.7,7.7,9.1,7.7,8.5,7.0,9.2,13.3,7.8,10.6,6.9,8.4,13.2,7.0,7.7,8.4,0.0,0.0,0.0,0.0,0.0,0.0,0.0,0.0,0.0,0.0,0.0,0.0,0.0,0.0,0.0,0.0,0.0,0.0,0.0,0.0,0.0,0.0,0.0,0.0,0.0,0.0,0.0,0.0,0.0,0.0,0.0,0.0,0.0,0.0,0.0,0.0,0.0,0.0,0.0,0.0,0.0,0.0,0.0,0.0,0.0,0.0,0.0,0.0
2026-02-01T17:40:55.511318,758.4,4.0,0.0,188.1,running,7.7,45.4,74.5,14.3,14.7,13.0,12.0,9.3,9.9,14.1,10.6,7.7,8.5,13.4,6.3,8.3,7.6,9.9,14.8,7.9,9.9,9.8,9.2,8.4,11.9,8.5,7.7,11.6,8.8,9.9,9.2,13.4,7.8,14.5,11.0,13.4,8.5,14.5,9.1,14.6,8.5,9.2,9.9,9.2,8.5,13.0,8.5,8.5,0.0,0.0,0.0,0.0,0.0,0.0,0.0,0.0,0.0,0.0,0.0,0.0,0.0,0.0,0.0,0.0,0.0,0.0,0.0,0.0,0.0,0.0,0.0,0.0,0.0,0.0,0.0,0.0,0.0,0.0,0.0,0.0,0.0,0.0,0.0,0.0,0.0,0.0,0.0,0.0,0.0,0.0,0.0,0.0,0.0,0.0,0.0,0.0
2026-02-01T17:40:57.728393,760.7,22.4,0.0,188.1,running,9.9,10.6,99.4,5.5,33.8,13.1,14.1,7.3,11.3,6.5,14.1,7.0,12.6,5.4,10.5,7.9,9.2,7.0,9.8,6.9,12.5,6.4,11.2,7.1,13.4,10.5,12.0,6.0,12.2,8.4,13.4,5.0,11.3,5.5,8.7,5.9,10.6,5.0,11.3,5.5,11.3,9.8,11.8,7.7,9.2,6.5,9.1,15.5,0.0,0.0,0.0,0.0,0.0,0.0,0.0,0.0,0.0,0.0,0.0,0.0,0.0,0.0,0.0,0.0,0.0,0.0,0.0,0.0,0.0,0.0,0.0,0.0,0.0,0.0,0.0,0.0,0.0,0.0,0.0,0.0,0.0,0.0,0.0,0.0,0.0,0.0,0.0,0.0,0.0,0.0,0.0,0.0,0.0,0.0,0.0,0.0
2026-02-01T17:40:59.944479,762.9,2.9,0.0,188.1,running,13.1,7.7,98.0,7.7,14.2,8.4,9.9,7.0,7.7,8.6,7.8,8.9,8.6,7.0,7.9,7.7,8.6,7.1,8.6,7.7,11.3,7.0,10.6,7.7,10.6,7.1,10.0,12.8,7.7,7.8,8.5,7.0,7.7,7.0,7.7,7.7,7.0,7.7,8.6,8.3,7.7,9.3,7.8,9.9,7.7,7.7,9.2,7.5,0.0,0.0,0.0,0.0,0.0,0.0,0.0,0.0,0.0,0.0,0.0,0.0,0.0,0.0,0.0,0.0,0.0,0.0,0.0,0.0,0.0,0.0,0.0,0.0,0.0,0.0,0.0,0.0,0.0,0.0,0.0,0.0,0.0,0.0,0.0,0.0,0.0,0.0,0.0,0.0,0.0,0.0,0.0,0.0,0.0,0.0,0.0,0.0
2026-02-01T17:41:02.161120,765.1,1.9,0.0,188.1,running,8.4,7.0,98.6,7.0,9.2,8.4,9.2,13.4,9.8,7.0,8.4,6.2,7.0,7.1,7.0,7.1,6.3,7.7,7.7,7.7,8.5,7.0,7.1,7.0,7.7,7.0,7.7,7.0,7.0,9.1,8.5,7.0,9.2,7.7,7.2,7.0,7.0,7.1,9.8,8.5,8.5,7.0,8.5,9.2,8.5,7.0,8.4,6.7,0.0,0.0,0.0,0.0,0.0,0.0,0.0,0.0,0.0,0.0,0.0,0.0,0.0,0.0,0.0,0.0,0.0,0.0,0.0,0.0,0.0,0.0,0.0,0.0,0.0,0.0,0.0,0.0,0.0,0.0,0.0,0.0,0.0,0.0,0.0,0.0,0.0,0.0,0.0,0.0,0.0,0.0,0.0,0.0,0.0,0.0,0.0,0.0
2026-02-01T17:41:04.383542,767.3,100.0,0.0,188.1,running,6.3,6.3,99.3,6.3,6.3,7.7,6.3,6.3,7.7,6.3,7.0,6.3,7.0,6.2,7.0,6.2,6.3,6.3,6.3,6.3,7.6,6.3,6.2,6.3,6.3,6.3,6.3,6.3,7.0,6.3,7.0,7.0,6.3,6.3,6.2,6.3,6.3,6.3,6.3,6.3,6.2,6.3,6.3,9.2,8.5,7.0,6.3,7.0,0.0,0.0,0.0,0.0,0.0,0.0,0.0,0.0,0.0,0.0,0.0,0.0,0.0,0.0,0.0,0.0,0.0,0.0,0.0,0.0,0.0,0.0,0.0,0.0,0.0,0.0,0.0,0.0,0.0,0.0,0.0,0.0,0.0,0.0,0.0,0.0,0.0,0.0,0.0,0.0,0.0,0.0,0.0,0.0,0.0,0.0,0.0,0.0
2026-02-01T17:41:06.599945,769.5,2.4,0.0,188.1,running,2.8,1.4,98.6,1.4,4.9,2.8,3.5,2.1,2.8,2.8,1.4,2.6,2.1,1.4,1.4,1.4,2.8,1.4,2.1,2.1,1.4,1.4,1.4,1.4,1.4,1.4,1.4,1.4,2.8,2.1,1.4,1.4,1.4,1.4,7.8,1.4,1.4,1.4,2.1,2.1,1.4,1.4,2.1,4.2,1.4,1.4,1.4,1.4,0.0,0.0,0.0,0.0,0.0,0.0,0.0,0.0,0.0,0.0,0.0,0.0,0.0,0.0,0.0,0.0,0.0,0.0,0.0,0.0,0.0,0.0,0.0,0.0,0.0,0.0,0.0,0.0,0.0,0.0,0.0,0.0,0.0,0.0,0.0,0.0,0.0,0.0,0.0,0.0,0.0,0.0,0.0,0.0,0.0,0.0,0.0,0.0
2026-02-01T17:41:08.816584,771.7,3.0,0.0,188.1,running,8.4,7.9,98.6,7.8,9.9,13.0,9.9,7.7,7.7,8.3,7.6,5.3,7.8,7.8,7.7,14.1,7.7,7.7,7.7,7.7,8.4,7.7,7.9,7.7,7.7,7.7,11.0,8.5,7.7,7.7,7.9,7.7,7.7,7.8,7.7,7.7,7.9,7.7,8.3,7.6,9.0,8.4,7.7,8.5,8.4,8.5,8.3,10.5,0.0,0.0,0.0,0.0,0.0,0.0,0.0,0.0,0.0,0.0,0.0,0.0,0.0,0.0,0.0,0.0,0.0,0.0,0.0,0.0,0.0,0.0,0.0,0.0,0.0,0.0,0.0,0.0,0.0,0.0,0.0,0.0,0.0,0.0,0.0,0.0,0.0,0.0,0.0,0.0,0.0,0.0,0.0,0.0,0.0,0.0,0.0,0.0
2026-02-01T17:41:11.034228,774.0,1.9,0.0,188.1,running,7.9,7.7,97.9,7.7,9.2,8.4,8.6,8.5,8.5,7.8,9.3,7.8,9.2,7.7,9.1,8.0,7.9,7.7,9.2,7.7,8.6,8.5,8.4,7.7,7.7,8.6,9.9,8.5,7.9,8.5,9.7,7.7,7.9,7.7,7.7,7.7,8.3,7.7,8.6,7.8,7.8,15.0,7.8,10.6,8.5,7.7,7.8,8.5,0.0,0.0,0.0,0.0,0.0,0.0,0.0,0.0,0.0,0.0,0.0,0.0,0.0,0.0,0.0,0.0,0.0,0.0,0.0,0.0,0.0,0.0,0.0,0.0,0.0,0.0,0.0,0.0,0.0,0.0,0.0,0.0,0.0,0.0,0.0,0.0,0.0,0.0,0.0,0.0,0.0,0.0,0.0,0.0,0.0,0.0,0.0,0.0
2026-02-01T17:41:13.251429,776.2,2.2,0.0,188.1,running,9.7,7.0,97.9,6.4,7.0,9.7,6.3,7.0,9.2,7.9,7.0,6.3,7.0,6.3,7.8,6.1,7.0,6.4,7.7,7.1,10.6,12.7,7.1,6.4,7.0,6.3,7.7,7.0,6.3,6.3,7.9,6.4,7.6,6.4,7.1,6.4,7.0,6.4,7.0,6.3,6.4,7.7,7.1,7.7,7.0,7.1,7.3,7.0,0.0,0.0,0.0,0.0,0.0,0.0,0.0,0.0,0.0,0.0,0.0,0.0,0.0,0.0,0.0,0.0,0.0,0.0,0.0,0.0,0.0,0.0,0.0,0.0,0.0,0.0,0.0,0.0,0.0,0.0,0.0,0.0,0.0,0.0,0.0,0.0,0.0,0.0,0.0,0.0,0.0,0.0,0.0,0.0,0.0,0.0,0.0,0.0
2026-02-01T17:41:15.469002,778.4,2.3,0.0,188.1,running,7.7,13.4,97.9,8.4,10.5,16.1,7.7,8.5,7.8,8.3,9.8,8.5,8.4,8.5,7.7,9.6,7.7,7.7,9.8,8.3,9.7,8.4,7.7,9.0,8.4,7.8,9.8,8.5,7.7,7.8,9.8,7.7,8.6,7.7,7.7,7.7,7.7,9.1,8.3,8.5,9.1,9.1,8.5,11.8,9.2,5.6,7.5,7.8,0.0,0.0,0.0,0.0,0.0,0.0,0.0,0.0,0.0,0.0,0.0,0.0,0.0,0.0,0.0,0.0,0.0,0.0,0.0,0.0,0.0,0.0,0.0,0.0,0.0,0.0,0.0,0.0,0.0,0.0,0.0,0.0,0.0,0.0,0.0,0.0,0.0,0.0,0.0,0.0,0.0,0.0,0.0,0.0,0.0,0.0,0.0,0.0
2026-02-01T17:41:17.685570,780.6,3.4,0.0,188.1,running,6.3,7.1,98.6,7.0,9.9,8.4,10.5,8.5,8.4,8.5,7.7,7.7,8.5,7.7,7.0,6.5,7.1,7.7,8.4,7.8,7.9,7.1,8.5,7.1,7.8,7.0,8.5,7.0,8.5,8.4,15.9,9.2,7.7,7.0,7.7,7.0,8.9,7.0,7.8,9.1,7.7,7.0,8.5,9.8,8.4,7.0,7.8,7.0,0.0,0.0,0.0,0.0,0.0,0.0,0.0,0.0,0.0,0.0,0.0,0.0,0.0,0.0,0.0,0.0,0.0,0.0,0.0,0.0,0.0,0.0,0.0,0.0,0.0,0.0,0.0,0.0,0.0,0.0,0.0,0.0,0.0,0.0,0.0,0.0,0.0,0.0,0.0,0.0,0.0,0.0,0.0,0.0,0.0,0.0,0.0,0.0
2026-02-01T17:41:19.901911,782.8,3.0,0.0,188.1,running,9.2,8.5,98.6,7.0,9.9,9.7,9.2,8.5,9.2,14.8,9.2,7.7,8.4,7.6,9.3,7.7,8.5,8.5,9.2,8.4,9.2,7.7,9.1,7.7,8.5,9.2,8.4,8.5,9.2,7.7,9.3,7.7,9.7,7.7,8.5,8.5,8.1,7.7,9.2,9.2,9.1,8.5,7.7,10.6,9.9,7.7,8.5,7.7,0.0,0.0,0.0,0.0,0.0,0.0,0.0,0.0,0.0,0.0,0.0,0.0,0.0,0.0,0.0,0.0,0.0,0.0,0.0,0.0,0.0,0.0,0.0,0.0,0.0,0.0,0.0,0.0,0.0,0.0,0.0,0.0,0.0,0.0,0.0,0.0,0.0,0.0,0.0,0.0,0.0,0.0,0.0,0.0,0.0,0.0,0.0,0.0
2026-02-01T17:41:22.118134,785.0,4.2,0.0,188.1,running,7.0,7.7,98.6,8.3,8.6,9.8,8.5,7.1,7.0,7.0,7.8,7.0,7.8,7.1,7.0,7.0,7.0,8.4,7.0,7.0,7.7,7.0,7.0,7.0,7.0,7.0,7.8,7.7,7.7,7.7,7.0,7.0,8.6,7.7,7.0,7.7,7.8,7.7,7.0,14.0,7.7,8.5,7.0,9.9,10.6,7.0,7.0,7.0,0.0,0.0,0.0,0.0,0.0,0.0,0.0,0.0,0.0,0.0,0.0,0.0,0.0,0.0,0.0,0.0,0.0,0.0,0.0,0.0,0.0,0.0,0.0,0.0,0.0,0.0,0.0,0.0,0.0,0.0,0.0,0.0,0.0,0.0,0.0,0.0,0.0,0.0,0.0,0.0,0.0,0.0,0.0,0.0,0.0,0.0,0.0,0.0
2026-02-01T17:41:24.344143,787.3,18.8,0.0,188.1,running,2.1,1.4,99.3,1.4,2.1,6.8,3.5,2.1,2.8,1.4,2.1,1.4,1.4,2.1,1.4,2.8,2.8,1.4,2.8,1.4,2.1,1.4,2.1,1.4,1.4,2.1,1.4,1.4,1.4,2.1,1.4,1.4,1.4,2.1,1.4,1.4,1.4,1.4,2.1,2.1,0.7,1.4,1.4,2.1,1.4,1.4,1.4,2.1,0.0,0.0,0.0,0.0,0.0,0.0,0.0,0.0,0.0,0.0,0.0,0.0,0.0,0.0,0.0,0.0,0.0,0.0,0.0,0.0,0.0,0.0,0.0,0.0,0.0,0.0,0.0,0.0,0.0,0.0,0.0,0.0,0.0,0.0,0.0,0.0,0.0,0.0,0.0,0.0,0.0,0.0,0.0,0.0,0.0,0.0,0.0,0.0
2026-02-01T17:41:26.560399,789.5,2.6,0.0,188.1,running,4.9,6.4,98.6,6.4,7.7,6.4,7.0,6.4,7.1,6.4,7.1,11.8,9.2,6.4,7.7,6.4,6.4,12.8,6.4,7.8,7.8,6.4,6.4,7.1,6.4,6.4,6.4,6.7,6.4,6.4,7.1,7.1,6.4,6.4,6.3,6.4,7.7,6.4,7.1,7.1,6.4,7.9,7.1,7.0,6.4,7.1,6.4,6.4,0.0,0.0,0.0,0.0,0.0,0.0,0.0,0.0,0.0,0.0,0.0,0.0,0.0,0.0,0.0,0.0,0.0,0.0,0.0,0.0,0.0,0.0,0.0,0.0,0.0,0.0,0.0,0.0,0.0,0.0,0.0,0.0,0.0,0.0,0.0,0.0,0.0,0.0,0.0,0.0,0.0,0.0,0.0,0.0,0.0,0.0,0.0,0.0
2026-02-01T17:41:28.777768,791.7,1.4,0.0,188.1,running,9.8,8.2,98.6,20.7,9.9,8.5,10.6,9.7,9.9,8.7,8.4,9.0,8.5,7.7,9.8,20.7,9.1,7.7,8.4,9.0,9.2,8.3,8.4,8.4,9.0,7.7,8.3,8.8,8.4,9.1,7.7,8.4,8.3,20.7,14.3,20.7,21.1,20.7,8.4,21.1,9.0,8.4,9.8,8.5,9.0,8.4,14.7,7.7,0.0,0.0,0.0,0.0,0.0,0.0,0.0,0.0,0.0,0.0,0.0,0.0,0.0,0.0,0.0,0.0,0.0,0.0,0.0,0.0,0.0,0.0,0.0,0.0,0.0,0.0,0.0,0.0,0.0,0.0,0.0,0.0,0.0,0.0,0.0,0.0,0.0,0.0,0.0,0.0,0.0,0.0,0.0,0.0,0.0,0.0,0.0,0.0
2026-02-01T17:41:30.994310,793.9,2.8,0.0,188.1,running,11.3,7.3,97.9,4.9,10.6,7.7,9.9,7.7,7.8,8.3,9.2,4.9,9.1,10.6,10.5,6.7,9.7,8.5,8.5,7.3,12.7,7.8,7.8,8.5,7.8,7.8,14.8,7.8,9.2,7.8,7.7,8.5,8.5,4.9,5.8,4.9,5.3,4.9,8.5,4.9,7.8,8.5,6.8,9.2,8.5,7.8,9.7,7.8,0.0,0.0,0.0,0.0,0.0,0.0,0.0,0.0,0.0,0.0,0.0,0.0,0.0,0.0,0.0,0.0,0.0,0.0,0.0,0.0,0.0,0.0,0.0,0.0,0.0,0.0,0.0,0.0,0.0,0.0,0.0,0.0,0.0,0.0,0.0,0.0,0.0,0.0,0.0,0.0,0.0,0.0,0.0,0.0,0.0,0.0,0.0,0.0
2026-02-01T17:41:33.210279,796.1,2.0,0.0,188.1,running,11.2,8.5,98.6,8.5,11.2,8.5,9.8,9.2,7.7,8.5,9.2,8.5,8.5,8.5,12.4,6.0,8.5,8.5,9.2,8.5,9.9,8.5,8.4,8.5,8.4,8.5,10.6,8.5,9.1,9.2,7.7,7.7,9.2,8.5,8.5,7.7,8.5,8.5,9.2,8.5,7.7,8.5,8.5,9.9,8.5,8.5,14.9,9.2,0.0,0.0,0.0,0.0,0.0,0.0,0.0,0.0,0.0,0.0,0.0,0.0,0.0,0.0,0.0,0.0,0.0,0.0,0.0,0.0,0.0,0.0,0.0,0.0,0.0,0.0,0.0,0.0,0.0,0.0,0.0,0.0,0.0,0.0,0.0,0.0,0.0,0.0,0.0,0.0,0.0,0.0,0.0,0.0,0.0,0.0,0.0,0.0
2026-02-01T17:41:35.427348,798.4,2.3,0.0,188.1,running,8.4,7.7,98.6,7.0,10.6,7.8,9.2,7.0,7.8,7.8,10.6,7.7,8.5,9.2,7.9,7.4,7.7,8.3,8.5,7.7,9.9,7.7,7.1,7.8,7.9,7.7,9.3,7.7,7.7,7.0,8.5,7.0,9.9,7.0,7.0,12.7,7.1,7.7,7.0,7.7,7.1,8.5,7.0,8.5,7.0,7.7,7.0,8.5,0.0,0.0,0.0,0.0,0.0,0.0,0.0,0.0,0.0,0.0,0.0,0.0,0.0,0.0,0.0,0.0,0.0,0.0,0.0,0.0,0.0,0.0,0.0,0.0,0.0,0.0,0.0,0.0,0.0,0.0,0.0,0.0,0.0,0.0,0.0,0.0,0.0,0.0,0.0,0.0,0.0,0.0,0.0,0.0,0.0,0.0,0.0,0.0
2026-02-01T17:41:37.644356,800.6,2.3,0.0,188.1,running,9.8,7.0,87.3,7.0,22.4,7.0,9.2,8.5,8.4,7.7,7.6,7.0,7.7,7.7,7.7,12.3,7.0,7.7,8.4,7.7,7.6,7.0,7.7,7.0,7.7,7.1,8.5,7.7,7.9,8.5,7.6,7.0,7.7,11.1,8.4,7.0,7.0,7.7,7.7,7.7,7.6,8.4,7.7,9.2,7.8,7.7,7.0,7.8,0.0,0.0,0.0,0.0,0.0,0.0,0.0,0.0,0.0,0.0,0.0,0.0,0.0,0.0,0.0,0.0,0.0,0.0,0.0,0.0,0.0,0.0,0.0,0.0,0.0,0.0,0.0,0.0,0.0,0.0,0.0,0.0,0.0,0.0,0.0,0.0,0.0,0.0,0.0,0.0,0.0,0.0,0.0,0.0,0.0,0.0,0.0,0.0
2026-02-01T17:41:39.859527,802.8,55.5,0.0,188.1,running,3.5,2.8,100.0,2.8,4.9,3.5,5.6,2.8,4.2,2.8,3.5,2.8,4.2,2.8,2.8,2.8,4.2,2.8,2.8,2.8,3.5,2.8,2.8,2.8,4.2,2.8,3.5,3.5,2.8,2.8,4.9,2.8,3.5,2.8,2.8,3.5,4.2,2.8,2.8,2.8,3.5,4.2,2.8,9.1,2.8,2.8,2.8,3.5,0.0,0.0,0.0,0.0,0.0,0.0,0.0,0.0,0.0,0.0,0.0,0.0,0.0,0.0,0.0,0.0,0.0,0.0,0.0,0.0,0.0,0.0,0.0,0.0,0.0,0.0,0.0,0.0,0.0,0.0,0.0,0.0,0.0,0.0,0.0,0.0,0.0,0.0,0.0,0.0,0.0,0.0,0.0,0.0,0.0,0.0,0.0,0.0
2026-02-01T17:41:42.076357,805.0,2.6,0.0,188.1,running,7.1,5.0,99.3,5.0,11.2,5.0,8.4,5.0,18.6,5.7,7.1,5.0,7.7,5.7,5.7,5.7,5.0,5.0,5.7,5.0,7.1,5.0,9.2,5.0,7.9,5.7,10.0,5.7,5.7,7.9,7.1,5.0,6.4,5.0,7.9,5.0,4.9,5.0,8.6,5.0,5.7,5.0,13.5,7.1,6.4,5.0,5.0,7.1,0.0,0.0,0.0,0.0,0.0,0.0,0.0,0.0,0.0,0.0,0.0,0.0,0.0,0.0,0.0,0.0,0.0,0.0,0.0,0.0,0.0,0.0,0.0,0.0,0.0,0.0,0.0,0.0,0.0,0.0,0.0,0.0,0.0,0.0,0.0,0.0,0.0,0.0,0.0,0.0,0.0,0.0,0.0,0.0,0.0,0.0,0.0,0.0
2026-02-01T17:41:44.294617,807.2,5.0,0.0,188.1,running,15.1,9.2,98.7,7.0,23.2,8.4,23.2,8.5,16.0,8.5,11.8,9.1,7.7,10.6,8.4,7.7,9.8,7.7,13.2,7.1,11.9,7.0,7.7,8.5,16.0,7.0,7.7,7.7,8.5,17.2,11.8,7.0,8.4,7.0,7.7,7.0,12.5,7.0,11.8,8.5,8.5,9.2,7.8,11.2,7.7,7.0,8.5,12.8,0.0,0.0,0.0,0.0,0.0,0.0,0.0,0.0,0.0,0.0,0.0,0.0,0.0,0.0,0.0,0.0,0.0,0.0,0.0,0.0,0.0,0.0,0.0,0.0,0.0,0.0,0.0,0.0,0.0,0.0,0.0,0.0,0.0,0.0,0.0,0.0,0.0,0.0,0.0,0.0,0.0,0.0,0.0,0.0,0.0,0.0,0.0,0.0
2026-02-01T17:41:46.512952,809.4,7.8,0.0,188.1,running,9.8,7.0,65.8,14.7,59.2,7.8,15.4,7.7,9.9,7.0,11.4,9.7,8.4,7.6,11.9,7.0,7.7,7.7,11.1,7.7,10.6,7.0,9.2,7.7,10.6,9.9,14.6,7.7,11.9,12.8,10.0,9.1,9.1,7.7,9.1,7.7,12.4,8.5,12.8,8.3,7.8,8.5,8.5,10.5,9.9,9.1,9.0,9.1,0.0,0.0,0.0,0.0,0.0,0.0,0.0,0.0,0.0,0.0,0.0,0.0,0.0,0.0,0.0,0.0,0.0,0.0,0.0,0.0,0.0,0.0,0.0,0.0,0.0,0.0,0.0,0.0,0.0,0.0,0.0,0.0,0.0,0.0,0.0,0.0,0.0,0.0,0.0,0.0,0.0,0.0,0.0,0.0,0.0,0.0,0.0,0.0
2026-02-01T17:41:48.730081,811.7,3.6,0.0,188.1,running,8.5,9.2,58.0,7.1,77.5,7.7,17.5,7.7,12.8,9.9,9.9,9.7,14.6,8.5,11.1,9.9,8.5,9.2,9.1,7.0,9.9,7.7,12.6,7.7,12.0,8.3,15.3,9.4,12.7,12.5,13.2,9.9,8.5,8.4,14.9,7.0,12.7,8.4,12.7,9.2,8.5,10.6,10.6,9.2,11.3,7.1,9.2,12.0,0.0,0.0,0.0,0.0,0.0,0.0,0.0,0.0,0.0,0.0,0.0,0.0,0.0,0.0,0.0,0.0,0.0,0.0,0.0,0.0,0.0,0.0,0.0,0.0,0.0,0.0,0.0,0.0,0.0,0.0,0.0,0.0,0.0,0.0,0.0,0.0,0.0,0.0,0.0,0.0,0.0,0.0,0.0,0.0,0.0,0.0,0.0,0.0
2026-02-01T17:41:50.952947,813.9,33.7,0.0,188.1,running,3.5,6.8,99.3,2.8,6.3,2.1,6.3,2.8,5.6,4.2,3.5,4.2,4.7,3.5,2.8,2.8,4.9,2.8,5.6,2.1,4.2,2.8,3.5,2.1,7.6,2.8,5.6,1.9,2.1,7.7,10.4,4.9,4.8,5.6,4.9,4.1,4.2,3.5,4.2,2.8,3.5,2.8,4.8,2.8,5.6,2.8,5.5,6.3,0.0,0.0,0.0,0.0,0.0,0.0,0.0,0.0,0.0,0.0,0.0,0.0,0.0,0.0,0.0,0.0,0.0,0.0,0.0,0.0,0.0,0.0,0.0,0.0,0.0,0.0,0.0,0.0,0.0,0.0,0.0,0.0,0.0,0.0,0.0,0.0,0.0,0.0,0.0,0.0,0.0,0.0,0.0,0.0,0.0,0.0,0.0,0.0
2026-02-01T17:41:53.170587,816.1,2.8,0.0,188.1,running,10.6,9.1,100.0,7.1,13.4,8.6,18.2,8.5,14.0,7.1,19.0,15.4,14.7,8.5,14.6,7.1,10.6,10.0,9.9,9.2,8.5,7.1,12.6,7.1,10.5,8.4,10.6,7.1,10.6,7.7,9.9,9.2,11.3,8.5,7.7,9.2,9.9,7.7,14.1,8.5,10.6,7.7,10.6,10.5,13.3,7.0,9.1,7.9,0.0,0.0,0.0,0.0,0.0,0.0,0.0,0.0,0.0,0.0,0.0,0.0,0.0,0.0,0.0,0.0,0.0,0.0,0.0,0.0,0.0,0.0,0.0,0.0,0.0,0.0,0.0,0.0,0.0,0.0,0.0,0.0,0.0,0.0,0.0,0.0,0.0,0.0,0.0,0.0,0.0,0.0,0.0,0.0,0.0,0.0,0.0,0.0
2026-02-01T17:41:55.388501,818.3,6.9,0.0,188.1,running,10.5,7.9,98.6,7.0,17.4,7.0,16.2,7.0,12.7,7.0,14.0,12.4,11.2,10.0,12.0,7.7,7.8,6.9,14.1,9.9,11.3,7.0,8.5,7.0,11.3,7.8,8.5,7.0,7.7,13.4,12.7,8.5,11.9,9.8,11.3,7.1,9.2,9.8,9.2,16.2,7.0,7.1,7.7,8.5,7.7,7.7,11.3,9.7,0.0,0.0,0.0,0.0,0.0,0.0,0.0,0.0,0.0,0.0,0.0,0.0,0.0,0.0,0.0,0.0,0.0,0.0,0.0,0.0,0.0,0.0,0.0,0.0,0.0,0.0,0.0,0.0,0.0,0.0,0.0,0.0,0.0,0.0,0.0,0.0,0.0,0.0,0.0,0.0,0.0,0.0,0.0,0.0,0.0,0.0,0.0,0.0
2026-02-01T17:41:57.605563,820.5,4.4,0.0,188.1,running,9.9,7.7,97.9,7.7,14.8,7.7,11.3,7.7,9.9,7.9,12.1,9.8,5.7,9.8,14.8,7.7,7.7,10.6,17.7,9.2,8.6,7.6,9.1,7.7,10.6,9.9,9.3,7.7,9.3,13.4,9.9,7.7,8.6,8.5,7.9,7.7,9.9,10.0,8.5,9.2,9.2,7.7,7.7,9.9,7.1,9.9,9.3,9.9,0.0,0.0,0.0,0.0,0.0,0.0,0.0,0.0,0.0,0.0,0.0,0.0,0.0,0.0,0.0,0.0,0.0,0.0,0.0,0.0,0.0,0.0,0.0,0.0,0.0,0.0,0.0,0.0,0.0,0.0,0.0,0.0,0.0,0.0,0.0,0.0,0.0,0.0,0.0,0.0,0.0,0.0,0.0,0.0,0.0,0.0,0.0,0.0
2026-02-01T17:41:59.822167,822.8,2.2,0.0,188.1,running,8.5,7.0,98.6,7.0,9.9,7.0,9.9,7.7,14.1,6.9,8.5,13.1,7.0,8.4,17.0,7.0,7.8,7.0,11.3,8.5,7.7,7.1,9.2,7.0,10.6,11.3,7.7,7.0,9.8,13.4,8.5,7.0,7.0,10.6,9.1,7.0,8.4,8.4,7.7,9.8,9.1,7.0,7.8,10.5,8.4,10.5,18.8,7.0,0.0,0.0,0.0,0.0,0.0,0.0,0.0,0.0,0.0,0.0,0.0,0.0,0.0,0.0,0.0,0.0,0.0,0.0,0.0,0.0,0.0,0.0,0.0,0.0,0.0,0.0,0.0,0.0,0.0,0.0,0.0,0.0,0.0,0.0,0.0,0.0,0.0,0.0,0.0,0.0,0.0,0.0,0.0,0.0,0.0,0.0,0.0,0.0
2026-02-01T17:42:02.039744,825.0,7.3,0.0,188.1,running,9.0,1.4,100.0,0.0,8.5,0.7,11.1,0.0,13.4,0.0,8.8,5.5,5.1,0.0,6.3,0.9,2.9,2.1,9.1,2.1,4.4,0.0,4.4,0.8,5.8,3.5,5.6,1.4,6.4,4.9,10.6,0.7,4.9,1.7,3.5,0.7,3.5,1.4,2.1,5.8,3.5,0.0,3.5,4.9,4.2,1.5,7.8,2.8,0.0,0.0,0.0,0.0,0.0,0.0,0.0,0.0,0.0,0.0,0.0,0.0,0.0,0.0,0.0,0.0,0.0,0.0,0.0,0.0,0.0,0.0,0.0,0.0,0.0,0.0,0.0,0.0,0.0,0.0,0.0,0.0,0.0,0.0,0.0,0.0,0.0,0.0,0.0,0.0,0.0,0.0,0.0,0.0,0.0,0.0,0.0,0.0
2026-02-01T17:42:04.256738,827.2,2.7,0.0,188.1,running,9.9,9.2,98.6,6.5,13.4,8.2,9.2,7.4,10.6,6.4,7.5,10.6,9.7,9.8,13.9,6.5,9.0,8.5,14.8,8.6,8.9,7.3,8.8,6.7,8.2,11.8,11.3,8.3,14.2,10.6,9.9,7.5,10.0,8.0,8.5,7.4,9.3,8.5,10.6,7.6,8.5,6.5,12.1,9.9,8.5,6.0,9.1,7.7,0.0,0.0,0.0,0.0,0.0,0.0,0.0,0.0,0.0,0.0,0.0,0.0,0.0,0.0,0.0,0.0,0.0,0.0,0.0,0.0,0.0,0.0,0.0,0.0,0.0,0.0,0.0,0.0,0.0,0.0,0.0,0.0,0.0,0.0,0.0,0.0,0.0,0.0,0.0,0.0,0.0,0.0,0.0,0.0,0.0,0.0,0.0,0.0
2026-02-01T17:42:06.473572,829.4,2.4,0.0,188.1,running,8.3,7.6,97.9,7.0,10.4,7.8,11.9,7.1,13.3,7.0,10.5,9.0,8.3,5.6,7.1,7.0,7.7,7.0,17.5,7.7,9.1,8.5,8.5,7.0,10.6,8.4,10.5,7.0,7.6,11.3,7.7,7.1,7.6,7.6,7.6,6.9,9.0,7.7,7.0,7.0,7.0,7.7,6.9,7.0,7.7,9.0,8.3,7.0,0.0,0.0,0.0,0.0,0.0,0.0,0.0,0.0,0.0,0.0,0.0,0.0,0.0,0.0,0.0,0.0,0.0,0.0,0.0,0.0,0.0,0.0,0.0,0.0,0.0,0.0,0.0,0.0,0.0,0.0,0.0,0.0,0.0,0.0,0.0,0.0,0.0,0.0,0.0,0.0,0.0,0.0,0.0,0.0,0.0,0.0,0.0,0.0
2026-02-01T17:42:08.690567,831.6,3.0,0.0,188.1,running,13.3,7.7,98.0,7.8,13.4,7.0,9.8,8.4,11.3,7.1,12.1,8.5,11.3,7.7,9.2,7.8,9.7,9.2,12.1,7.0,9.9,7.8,7.1,7.8,8.5,11.7,9.2,8.5,9.2,12.7,10.6,8.4,8.5,13.4,8.5,7.1,7.8,7.7,8.5,7.8,7.0,8.5,8.5,9.8,9.9,7.1,9.2,7.7,0.0,0.0,0.0,0.0,0.0,0.0,0.0,0.0,0.0,0.0,0.0,0.0,0.0,0.0,0.0,0.0,0.0,0.0,0.0,0.0,0.0,0.0,0.0,0.0,0.0,0.0,0.0,0.0,0.0,0.0,0.0,0.0,0.0,0.0,0.0,0.0,0.0,0.0,0.0,0.0,0.0,0.0,0.0,0.0,0.0,0.0,0.0,0.0
2026-02-01T17:42:10.907298,833.8,3.6,0.0,188.1,running,10.5,8.6,99.3,6.3,9.2,6.3,10.6,6.4,7.0,6.3,9.7,7.9,7.9,6.4,14.1,6.3,7.7,6.4,12.0,7.8,10.0,6.3,8.3,6.3,7.7,9.0,9.9,7.0,8.5,12.7,8.5,7.0,7.1,7.1,7.1,7.1,9.1,6.4,7.7,7.0,8.6,6.3,7.1,7.7,8.6,8.5,9.9,7.1,0.0,0.0,0.0,0.0,0.0,0.0,0.0,0.0,0.0,0.0,0.0,0.0,0.0,0.0,0.0,0.0,0.0,0.0,0.0,0.0,0.0,0.0,0.0,0.0,0.0,0.0,0.0,0.0,0.0,0.0,0.0,0.0,0.0,0.0,0.0,0.0,0.0,0.0,0.0,0.0,0.0,0.0,0.0,0.0,0.0,0.0,0.0,0.0
2026-02-01T17:42:13.126683,836.1,5.0,0.0,188.1,running,2.1,2.8,100.0,0.0,3.5,0.0,4.2,0.0,2.8,0.0,0.7,1.3,1.4,0.0,0.0,0.0,1.4,0.0,5.6,1.4,1.4,0.0,0.0,0.0,0.0,2.8,0.7,0.7,0.7,6.4,2.8,0.7,0.0,1.4,0.0,3.4,2.8,0.7,1.4,0.0,2.1,0.0,0.0,2.1,0.0,0.0,2.1,0.7,0.0,0.0,0.0,0.0,0.0,0.0,0.0,0.0,0.0,0.0,0.0,0.0,0.0,0.0,0.0,0.0,0.0,0.0,0.0,0.0,0.0,0.0,0.0,0.0,0.0,0.0,0.0,0.0,0.0,0.0,0.0,0.0,0.0,0.0,0.0,0.0,0.0,0.0,0.0,0.0,0.0,0.0,0.0,0.0,0.0,0.0,0.0,0.0
2026-02-01T17:42:15.344102,838.3,4.6,0.0,188.1,running,10.5,10.6,98.0,7.8,11.3,8.5,8.5,9.8,8.5,5.6,12.7,5.4,9.2,7.8,9.2,7.1,9.1,9.2,14.2,7.7,9.8,7.0,8.5,7.1,7.0,17.6,9.2,8.5,11.1,14.1,10.6,7.0,8.6,8.6,8.6,7.1,9.3,7.1,8.5,9.9,10.7,7.0,15.0,8.5,9.3,7.1,10.6,9.2,0.0,0.0,0.0,0.0,0.0,0.0,0.0,0.0,0.0,0.0,0.0,0.0,0.0,0.0,0.0,0.0,0.0,0.0,0.0,0.0,0.0,0.0,0.0,0.0,0.0,0.0,0.0,0.0,0.0,0.0,0.0,0.0,0.0,0.0,0.0,0.0,0.0,0.0,0.0,0.0,0.0,0.0,0.0,0.0,0.0,0.0,0.0,0.0
2026-02-01T17:42:17.561981,840.5,3.5,0.0,188.1,running,11.1,7.0,98.6,7.7,11.3,7.7,8.5,7.9,7.0,7.7,11.3,7.0,8.6,6.9,9.8,7.0,7.8,9.2,16.1,7.7,9.9,7.0,14.0,7.0,7.7,11.1,8.4,7.0,8.4,14.1,9.2,8.4,9.2,7.7,7.7,7.7,12.0,7.7,8.5,7.7,8.4,7.0,7.7,9.2,7.7,7.0,10.6,7.8,0.0,0.0,0.0,0.0,0.0,0.0,0.0,0.0,0.0,0.0,0.0,0.0,0.0,0.0,0.0,0.0,0.0,0.0,0.0,0.0,0.0,0.0,0.0,0.0,0.0,0.0,0.0,0.0,0.0,0.0,0.0,0.0,0.0,0.0,0.0,0.0,0.0,0.0,0.0,0.0,0.0,0.0,0.0,0.0,0.0,0.0,0.0,0.0
2026-02-01T17:42:19.778728,842.7,3.3,0.0,188.1,running,12.0,7.6,98.0,7.0,9.9,7.1,10.6,8.8,10.4,7.7,11.9,7.7,7.6,7.7,9.7,9.0,8.3,9.0,16.7,7.8,8.5,9.1,8.5,7.0,7.0,12.3,7.1,7.7,7.1,13.9,9.9,7.7,7.7,12.7,7.7,7.0,7.7,9.0,9.1,8.4,9.2,7.7,7.0,10.5,7.0,9.7,11.0,7.0,0.0,0.0,0.0,0.0,0.0,0.0,0.0,0.0,0.0,0.0,0.0,0.0,0.0,0.0,0.0,0.0,0.0,0.0,0.0,0.0,0.0,0.0,0.0,0.0,0.0,0.0,0.0,0.0,0.0,0.0,0.0,0.0,0.0,0.0,0.0,0.0,0.0,0.0,0.0,0.0,0.0,0.0,0.0,0.0,0.0,0.0,0.0,0.0
2026-02-01T17:42:21.996246,844.9,3.9,0.0,188.1,running,12.0,8.5,98.6,7.0,10.6,8.4,9.9,7.1,7.8,7.0,9.2,7.0,8.5,8.5,8.5,7.0,9.2,7.8,18.2,7.0,8.4,7.1,8.6,7.0,7.7,12.4,10.6,7.7,9.2,12.7,16.2,9.9,9.2,7.7,7.0,7.7,8.5,7.8,11.1,7.1,8.5,7.7,7.1,9.2,7.7,7.8,7.2,8.5,0.0,0.0,0.0,0.0,0.0,0.0,0.0,0.0,0.0,0.0,0.0,0.0,0.0,0.0,0.0,0.0,0.0,0.0,0.0,0.0,0.0,0.0,0.0,0.0,0.0,0.0,0.0,0.0,0.0,0.0,0.0,0.0,0.0,0.0,0.0,0.0,0.0,0.0,0.0,0.0,0.0,0.0,0.0,0.0,0.0,0.0,0.0,0.0
2026-02-01T17:42:24.218151,847.1,89.1,0.0,188.1,running,8.4,7.0,100.0,5.6,8.5,6.2,8.5,5.6,9.1,5.6,8.4,5.6,5.6,6.3,6.3,5.6,7.6,6.2,15.5,5.6,5.6,5.6,7.6,5.6,6.2,6.3,6.9,7.6,8.3,11.2,9.7,5.6,6.2,5.6,7.6,5.6,9.0,6.3,7.7,6.9,6.3,5.6,5.6,7.6,6.9,5.6,6.8,7.6,0.0,0.0,0.0,0.0,0.0,0.0,0.0,0.0,0.0,0.0,0.0,0.0,0.0,0.0,0.0,0.0,0.0,0.0,0.0,0.0,0.0,0.0,0.0,0.0,0.0,0.0,0.0,0.0,0.0,0.0,0.0,0.0,0.0,0.0,0.0,0.0,0.0,0.0,0.0,0.0,0.0,0.0,0.0,0.0,0.0,0.0,0.0,0.0
2026-02-01T17:42:26.434906,849.4,3.5,0.0,188.1,running,2.8,3.5,98.6,1.4,3.5,1.4,2.1,2.1,2.8,1.4,7.1,2.8,5.0,2.1,2.8,1.4,3.6,2.8,13.4,1.4,1.4,1.4,2.8,1.4,1.4,5.5,2.8,2.8,1.4,5.0,3.5,2.1,1.4,1.4,1.4,2.1,1.4,1.4,3.5,1.4,2.8,1.4,2.1,4.2,2.8,2.1,7.9,2.8,0.0,0.0,0.0,0.0,0.0,0.0,0.0,0.0,0.0,0.0,0.0,0.0,0.0,0.0,0.0,0.0,0.0,0.0,0.0,0.0,0.0,0.0,0.0,0.0,0.0,0.0,0.0,0.0,0.0,0.0,0.0,0.0,0.0,0.0,0.0,0.0,0.0,0.0,0.0,0.0,0.0,0.0,0.0,0.0,0.0,0.0,0.0,0.0
2026-02-01T17:42:28.659880,851.6,2.6,0.0,188.1,running,7.9,7.9,98.0,7.7,11.3,7.7,9.7,7.7,7.7,12.8,11.2,7.8,6.9,9.2,8.5,8.5,8.5,8.5,15.5,7.7,9.2,8.5,7.7,8.5,8.5,11.7,10.6,7.8,9.1,9.9,14.2,7.8,11.3,8.5,9.2,9.2,9.9,10.6,12.4,13.4,10.6,8.5,9.9,9.2,10.6,8.4,9.2,9.9,0.0,0.0,0.0,0.0,0.0,0.0,0.0,0.0,0.0,0.0,0.0,0.0,0.0,0.0,0.0,0.0,0.0,0.0,0.0,0.0,0.0,0.0,0.0,0.0,0.0,0.0,0.0,0.0,0.0,0.0,0.0,0.0,0.0,0.0,0.0,0.0,0.0,0.0,0.0,0.0,0.0,0.0,0.0,0.0,0.0,0.0,0.0,0.0
2026-02-01T17:42:30.876511,853.8,5.5,0.0,188.1,running,8.3,5.6,98.6,7.0,10.6,7.7,8.5,8.3,9.0,5.5,6.9,7.7,8.5,7.7,9.1,7.0,7.7,7.6,22.4,8.3,9.2,7.7,7.7,7.7,8.5,14.5,8.4,7.7,7.1,12.5,9.8,7.7,7.7,8.5,7.7,7.7,8.5,8.4,8.5,7.7,7.0,7.0,8.4,9.8,7.6,7.7,9.7,6.9,0.0,0.0,0.0,0.0,0.0,0.0,0.0,0.0,0.0,0.0,0.0,0.0,0.0,0.0,0.0,0.0,0.0,0.0,0.0,0.0,0.0,0.0,0.0,0.0,0.0,0.0,0.0,0.0,0.0,0.0,0.0,0.0,0.0,0.0,0.0,0.0,0.0,0.0,0.0,0.0,0.0,0.0,0.0,0.0,0.0,0.0,0.0,0.0
2026-02-01T17:42:33.094006,856.0,4.7,0.0,188.1,running,13.9,7.7,97.2,7.0,10.6,7.0,11.9,8.5,7.7,7.8,17.6,7.1,9.7,8.5,8.5,7.0,9.9,10.5,17.0,8.5,8.4,7.7,8.5,7.0,8.4,13.8,9.2,7.0,11.1,9.2,9.1,7.0,11.3,7.7,9.8,9.7,8.3,6.3,9.9,7.0,9.9,7.7,8.5,8.5,9.2,7.0,7.7,7.9,0.0,0.0,0.0,0.0,0.0,0.0,0.0,0.0,0.0,0.0,0.0,0.0,0.0,0.0,0.0,0.0,0.0,0.0,0.0,0.0,0.0,0.0,0.0,0.0,0.0,0.0,0.0,0.0,0.0,0.0,0.0,0.0,0.0,0.0,0.0,0.0,0.0,0.0,0.0,0.0,0.0,0.0,0.0,0.0,0.0,0.0,0.0,0.0
2026-02-01T17:42:35.310574,858.2,6.7,0.0,188.1,running,10.6,8.0,98.6,8.0,12.6,8.0,7.7,7.9,8.5,6.5,12.2,8.0,8.5,6.7,9.9,8.5,9.9,8.6,16.1,7.8,8.6,7.8,9.1,8.6,7.8,11.7,15.4,8.6,8.6,9.2,9.9,7.9,9.2,8.5,7.7,7.9,7.9,7.3,10.5,8.0,7.8,6.4,8.5,8.5,9.2,7.9,8.4,8.5,0.0,0.0,0.0,0.0,0.0,0.0,0.0,0.0,0.0,0.0,0.0,0.0,0.0,0.0,0.0,0.0,0.0,0.0,0.0,0.0,0.0,0.0,0.0,0.0,0.0,0.0,0.0,0.0,0.0,0.0,0.0,0.0,0.0,0.0,0.0,0.0,0.0,0.0,0.0,0.0,0.0,0.0,0.0,0.0,0.0,0.0,0.0,0.0
2026-02-01T17:42:37.527595,860.5,3.2,0.0,188.1,running,1.4,0.0,100.0,0.0,3.5,0.0,0.7,0.7,1.4,0.0,4.9,0.0,3.5,0.0,2.8,0.0,1.4,0.7,7.0,0.7,0.7,2.1,1.4,0.0,0.0,6.9,0.0,0.0,1.4,1.4,2.8,0.7,2.8,0.7,2.8,2.1,0.7,0.0,3.5,0.0,1.4,0.0,0.0,2.8,1.4,0.0,0.7,0.0,0.0,0.0,0.0,0.0,0.0,0.0,0.0,0.0,0.0,0.0,0.0,0.0,0.0,0.0,0.0,0.0,0.0,0.0,0.0,0.0,0.0,0.0,0.0,0.0,0.0,0.0,0.0,0.0,0.0,0.0,0.0,0.0,0.0,0.0,0.0,0.0,0.0,0.0,0.0,0.0,0.0,0.0,0.0,0.0,0.0,0.0,0.0,0.0
2026-02-01T17:42:39.744025,862.7,3.6,0.0,188.1,running,11.2,7.7,98.6,7.7,9.2,7.7,14.9,7.7,8.5,6.3,9.2,6.6,14.9,5.3,7.7,5.3,7.8,9.2,15.5,7.8,9.2,8.5,9.8,7.7,9.1,13.2,10.5,7.7,7.7,7.7,9.9,8.5,9.2,8.5,7.8,8.5,8.5,7.7,12.1,7.7,9.8,7.8,9.2,10.6,8.6,7.7,8.5,9.2,0.0,0.0,0.0,0.0,0.0,0.0,0.0,0.0,0.0,0.0,0.0,0.0,0.0,0.0,0.0,0.0,0.0,0.0,0.0,0.0,0.0,0.0,0.0,0.0,0.0,0.0,0.0,0.0,0.0,0.0,0.0,0.0,0.0,0.0,0.0,0.0,0.0,0.0,0.0,0.0,0.0,0.0,0.0,0.0,0.0,0.0,0.0,0.0
2026-02-01T17:42:41.963592,864.9,5.0,0.0,188.1,running,9.9,8.5,56.6,7.0,64.1,7.7,11.3,7.9,8.5,7.7,14.7,9.6,11.7,7.0,12.1,7.0,7.7,7.0,14.8,9.1,9.8,10.5,12.5,7.7,9.9,18.0,13.4,7.7,13.4,11.3,11.2,9.9,9.2,9.8,16.2,8.4,13.9,8.5,15.3,8.4,14.0,7.0,9.2,9.8,8.4,7.7,7.1,8.5,0.0,0.0,0.0,0.0,0.0,0.0,0.0,0.0,0.0,0.0,0.0,0.0,0.0,0.0,0.0,0.0,0.0,0.0,0.0,0.0,0.0,0.0,0.0,0.0,0.0,0.0,0.0,0.0,0.0,0.0,0.0,0.0,0.0,0.0,0.0,0.0,0.0,0.0,0.0,0.0,0.0,0.0,0.0,0.0,0.0,0.0,0.0,0.0
2026-02-01T17:42:44.180838,867.1,5.4,0.0,188.1,running,11.3,7.7,49.0,8.5,68.3,7.7,10.5,7.6,8.4,7.7,12.6,7.4,9.9,14.2,14.5,8.4,9.8,10.4,15.3,8.3,7.7,7.7,7.7,7.7,7.7,12.5,11.1,9.1,8.4,11.2,9.8,9.1,11.2,7.7,9.8,9.2,7.7,7.7,11.3,7.8,8.4,9.0,9.1,9.9,9.7,8.4,9.1,10.3,0.0,0.0,0.0,0.0,0.0,0.0,0.0,0.0,0.0,0.0,0.0,0.0,0.0,0.0,0.0,0.0,0.0,0.0,0.0,0.0,0.0,0.0,0.0,0.0,0.0,0.0,0.0,0.0,0.0,0.0,0.0,0.0,0.0,0.0,0.0,0.0,0.0,0.0,0.0,0.0,0.0,0.0,0.0,0.0,0.0,0.0,0.0,0.0
2026-02-01T17:42:46.398352,869.3,3.2,0.0,188.1,running,8.5,7.7,97.9,7.1,13.4,7.8,10.6,7.7,9.2,7.0,18.9,7.7,10.6,7.7,9.1,7.8,8.5,9.9,19.0,7.8,9.2,7.7,7.8,7.7,7.0,11.8,9.2,8.5,7.8,10.6,8.4,8.5,9.9,9.8,9.2,8.4,9.2,9.1,8.5,7.7,10.5,7.3,7.7,12.0,8.5,7.7,7.0,9.2,0.0,0.0,0.0,0.0,0.0,0.0,0.0,0.0,0.0,0.0,0.0,0.0,0.0,0.0,0.0,0.0,0.0,0.0,0.0,0.0,0.0,0.0,0.0,0.0,0.0,0.0,0.0,0.0,0.0,0.0,0.0,0.0,0.0,0.0,0.0,0.0,0.0,0.0,0.0,0.0,0.0,0.0,0.0,0.0,0.0,0.0,0.0,0.0
2026-02-01T17:42:48.615307,871.5,4.4,0.0,188.1,running,4.9,0.0,100.0,0.0,4.9,0.0,3.5,0.0,6.3,0.0,1.4,0.7,0.0,0.0,3.5,0.0,0.7,2.1,9.8,0.0,0.7,0.0,0.7,2.8,0.0,3.5,4.2,0.0,0.7,0.7,1.4,0.0,2.1,2.1,0.7,1.4,0.7,2.8,1.4,0.0,1.4,0.0,0.0,3.5,0.7,1.4,2.8,4.9,0.0,0.0,0.0,0.0,0.0,0.0,0.0,0.0,0.0,0.0,0.0,0.0,0.0,0.0,0.0,0.0,0.0,0.0,0.0,0.0,0.0,0.0,0.0,0.0,0.0,0.0,0.0,0.0,0.0,0.0,0.0,0.0,0.0,0.0,0.0,0.0,0.0,0.0,0.0,0.0,0.0,0.0,0.0,0.0,0.0,0.0,0.0,0.0
2026-02-01T17:42:50.831829,873.8,1.9,0.0,188.1,running,9.9,8.5,98.6,9.1,10.6,9.9,8.5,8.5,7.8,9.1,9.2,9.9,9.9,8.5,8.5,8.2,7.7,8.5,9.9,9.2,10.0,8.5,14.7,8.5,8.5,9.8,9.9,8.5,9.2,8.5,9.2,8.5,8.5,9.2,7.8,8.5,9.1,9.2,9.2,8.4,8.5,8.5,8.5,8.5,9.8,7.8,8.5,8.6,0.0,0.0,0.0,0.0,0.0,0.0,0.0,0.0,0.0,0.0,0.0,0.0,0.0,0.0,0.0,0.0,0.0,0.0,0.0,0.0,0.0,0.0,0.0,0.0,0.0,0.0,0.0,0.0,0.0,0.0,0.0,0.0,0.0,0.0,0.0,0.0,0.0,0.0,0.0,0.0,0.0,0.0,0.0,0.0,0.0,0.0,0.0,0.0
2026-02-01T17:42:53.048629,876.0,3.2,0.0,188.1,running,5.6,8.5,49.3,7.8,64.8,8.5,8.5,10.8,7.0,7.0,7.8,7.1,7.7,7.8,7.1,7.0,7.7,7.7,7.0,7.1,10.3,7.0,7.1,7.1,7.0,11.1,9.1,7.1,7.7,8.5,7.0,7.7,8.5,7.0,7.0,7.8,8.4,7.7,7.1,7.8,5.7,7.8,7.1,11.2,6.3,7.7,8.5,7.0,0.0,0.0,0.0,0.0,0.0,0.0,0.0,0.0,0.0,0.0,0.0,0.0,0.0,0.0,0.0,0.0,0.0,0.0,0.0,0.0,0.0,0.0,0.0,0.0,0.0,0.0,0.0,0.0,0.0,0.0,0.0,0.0,0.0,0.0,0.0,0.0,0.0,0.0,0.0,0.0,0.0,0.0,0.0,0.0,0.0,0.0,0.0,0.0
2026-02-01T17:42:55.265975,878.2,3.0,0.0,188.1,running,8.5,7.7,48.6,7.1,62.5,7.2,8.5,10.5,7.9,7.8,7.7,7.7,7.8,7.1,7.7,9.6,7.8,7.9,9.9,7.7,9.9,8.1,7.7,7.0,7.9,7.9,9.3,7.7,7.9,8.5,7.8,14.3,9.3,7.8,9.9,7.1,8.4,8.5,9.7,7.1,7.7,7.1,8.5,9.9,9.2,7.7,7.7,7.9,0.0,0.0,0.0,0.0,0.0,0.0,0.0,0.0,0.0,0.0,0.0,0.0,0.0,0.0,0.0,0.0,0.0,0.0,0.0,0.0,0.0,0.0,0.0,0.0,0.0,0.0,0.0,0.0,0.0,0.0,0.0,0.0,0.0,0.0,0.0,0.0,0.0,0.0,0.0,0.0,0.0,0.0,0.0,0.0,0.0,0.0,0.0,0.0
2026-02-01T17:42:57.482439,880.4,3.3,0.0,188.1,running,8.5,7.7,97.9,7.7,9.3,8.5,10.6,13.7,14.8,7.7,7.7,9.2,9.2,7.7,7.7,6.5,8.5,8.5,9.2,7.7,9.9,7.5,8.5,7.7,7.7,7.7,9.2,7.7,8.4,7.7,10.4,7.7,8.3,7.8,9.2,7.7,8.6,7.8,9.2,8.4,9.2,7.7,7.7,9.9,9.9,7.7,7.7,9.0,0.0,0.0,0.0,0.0,0.0,0.0,0.0,0.0,0.0,0.0,0.0,0.0,0.0,0.0,0.0,0.0,0.0,0.0,0.0,0.0,0.0,0.0,0.0,0.0,0.0,0.0,0.0,0.0,0.0,0.0,0.0,0.0,0.0,0.0,0.0,0.0,0.0,0.0,0.0,0.0,0.0,0.0,0.0,0.0,0.0,0.0,0.0,0.0
2026-02-01T17:42:59.707031,882.6,37.5,0.0,188.1,running,3.5,2.1,100.0,2.1,3.5,2.1,3.5,2.8,4.2,2.1,2.1,1.4,2.8,2.8,2.8,2.1,2.1,2.1,2.8,2.1,2.1,2.1,2.8,2.1,2.8,3.5,2.8,2.8,2.1,3.5,2.8,2.1,2.8,3.5,2.8,2.1,2.1,2.1,2.1,2.1,2.8,2.1,2.1,5.6,2.8,2.1,3.5,2.8,0.0,0.0,0.0,0.0,0.0,0.0,0.0,0.0,0.0,0.0,0.0,0.0,0.0,0.0,0.0,0.0,0.0,0.0,0.0,0.0,0.0,0.0,0.0,0.0,0.0,0.0,0.0,0.0,0.0,0.0,0.0,0.0,0.0,0.0,0.0,0.0,0.0,0.0,0.0,0.0,0.0,0.0,0.0,0.0,0.0,0.0,0.0,0.0
2026-02-01T17:43:01.923772,884.9,3.9,0.0,188.1,running,7.0,7.0,99.3,6.2,6.3,5.7,7.1,7.6,5.6,5.7,7.7,6.4,5.7,5.7,6.4,5.7,6.4,5.7,7.0,5.7,6.4,5.7,6.4,7.1,7.1,6.4,6.4,7.0,5.7,6.4,7.1,5.4,7.0,5.7,5.7,5.0,7.1,5.0,5.6,12.4,6.4,5.0,5.7,8.4,5.7,5.7,5.7,5.0,0.0,0.0,0.0,0.0,0.0,0.0,0.0,0.0,0.0,0.0,0.0,0.0,0.0,0.0,0.0,0.0,0.0,0.0,0.0,0.0,0.0,0.0,0.0,0.0,0.0,0.0,0.0,0.0,0.0,0.0,0.0,0.0,0.0,0.0,0.0,0.0,0.0,0.0,0.0,0.0,0.0,0.0,0.0,0.0,0.0,0.0,0.0,0.0
2026-02-01T17:43:04.140923,887.1,3.8,0.0,188.1,running,8.5,7.1,91.0,7.2,22.5,8.5,15.3,9.8,11.4,7.8,9.2,7.7,9.8,8.5,9.7,7.8,7.6,15.4,11.2,7.7,8.3,7.7,7.8,7.6,11.1,7.6,8.3,9.8,7.6,8.4,11.1,7.1,9.3,7.0,7.6,9.8,7.6,8.4,8.5,7.1,7.6,7.8,8.5,9.2,9.9,7.6,8.4,9.2,0.0,0.0,0.0,0.0,0.0,0.0,0.0,0.0,0.0,0.0,0.0,0.0,0.0,0.0,0.0,0.0,0.0,0.0,0.0,0.0,0.0,0.0,0.0,0.0,0.0,0.0,0.0,0.0,0.0,0.0,0.0,0.0,0.0,0.0,0.0,0.0,0.0,0.0,0.0,0.0,0.0,0.0,0.0,0.0,0.0,0.0,0.0,0.0
2026-02-01T17:43:06.358612,889.3,2.5,0.0,188.1,running,9.7,7.7,58.6,7.7,54.2,8.3,12.7,10.4,15.3,6.3,11.3,8.4,10.5,7.7,8.5,7.7,9.9,7.7,14.8,9.0,7.7,9.8,9.1,7.9,9.9,8.5,9.2,8.6,9.9,10.4,9.9,8.6,9.0,9.2,8.5,7.9,9.3,8.5,8.5,7.7,7.9,9.0,8.5,9.2,7.7,7.7,14.3,12.7,0.0,0.0,0.0,0.0,0.0,0.0,0.0,0.0,0.0,0.0,0.0,0.0,0.0,0.0,0.0,0.0,0.0,0.0,0.0,0.0,0.0,0.0,0.0,0.0,0.0,0.0,0.0,0.0,0.0,0.0,0.0,0.0,0.0,0.0,0.0,0.0,0.0,0.0,0.0,0.0,0.0,0.0,0.0,0.0,0.0,0.0,0.0,0.0
2026-02-01T17:43:08.575626,891.5,3.5,0.0,188.1,running,10.6,7.0,98.7,7.0,9.9,7.7,9.2,9.1,14.1,7.0,12.6,7.9,9.9,7.0,8.5,7.7,7.7,9.2,9.2,7.9,8.5,8.6,8.5,7.7,8.5,7.8,16.4,7.0,7.8,7.8,14.0,7.7,7.9,7.8,8.5,7.7,7.0,7.9,7.7,8.6,8.5,11.3,7.7,7.7,7.9,9.2,7.7,8.5,0.0,0.0,0.0,0.0,0.0,0.0,0.0,0.0,0.0,0.0,0.0,0.0,0.0,0.0,0.0,0.0,0.0,0.0,0.0,0.0,0.0,0.0,0.0,0.0,0.0,0.0,0.0,0.0,0.0,0.0,0.0,0.0,0.0,0.0,0.0,0.0,0.0,0.0,0.0,0.0,0.0,0.0,0.0,0.0,0.0,0.0,0.0,0.0
2026-02-01T17:43:10.789897,893.7,70.0,0.0,188.1,running,8.4,4.2,100.0,4.2,9.2,4.9,12.0,6.9,25.7,4.2,7.7,4.2,6.3,4.2,5.6,4.2,4.9,4.2,11.8,4.2,4.2,4.2,6.2,4.2,4.9,6.2,5.6,4.2,7.6,7.0,5.6,4.2,5.6,4.2,6.2,4.2,4.2,4.2,6.3,4.2,4.2,7.0,5.6,7.0,4.9,4.9,4.2,8.3,0.0,0.0,0.0,0.0,0.0,0.0,0.0,0.0,0.0,0.0,0.0,0.0,0.0,0.0,0.0,0.0,0.0,0.0,0.0,0.0,0.0,0.0,0.0,0.0,0.0,0.0,0.0,0.0,0.0,0.0,0.0,0.0,0.0,0.0,0.0,0.0,0.0,0.0,0.0,0.0,0.0,0.0,0.0,0.0,0.0,0.0,0.0,0.0
2026-02-01T17:43:13.007405,895.9,4.3,0.0,188.1,running,7.7,5.0,99.3,5.0,15.5,5.0,18.4,14.5,7.7,5.0,9.9,5.7,7.0,5.6,5.6,5.0,4.9,6.3,7.7,5.0,4.9,5.0,7.7,5.0,7.8,6.3,8.5,5.0,7.8,8.5,6.4,5.0,7.8,5.0,7.8,5.0,6.4,6.4,6.3,5.0,7.9,6.4,5.0,6.3,7.0,7.8,5.6,9.3,0.0,0.0,0.0,0.0,0.0,0.0,0.0,0.0,0.0,0.0,0.0,0.0,0.0,0.0,0.0,0.0,0.0,0.0,0.0,0.0,0.0,0.0,0.0,0.0,0.0,0.0,0.0,0.0,0.0,0.0,0.0,0.0,0.0,0.0,0.0,0.0,0.0,0.0,0.0,0.0,0.0,0.0,0.0,0.0,0.0,0.0,0.0,0.0
2026-02-01T17:43:15.224727,898.2,7.4,0.0,188.1,running,7.7,8.5,97.9,7.7,11.3,8.5,10.5,9.1,12.6,8.0,8.5,8.4,8.5,7.7,7.7,8.4,9.2,7.7,8.5,7.7,9.2,8.4,7.7,7.7,9.1,9.2,8.5,7.7,7.7,10.6,9.1,7.7,9.8,7.7,8.4,14.0,9.7,7.7,8.5,8.4,7.6,7.6,7.7,8.5,7.7,7.7,8.5,8.5,0.0,0.0,0.0,0.0,0.0,0.0,0.0,0.0,0.0,0.0,0.0,0.0,0.0,0.0,0.0,0.0,0.0,0.0,0.0,0.0,0.0,0.0,0.0,0.0,0.0,0.0,0.0,0.0,0.0,0.0,0.0,0.0,0.0,0.0,0.0,0.0,0.0,0.0,0.0,0.0,0.0,0.0,0.0,0.0,0.0,0.0,0.0,0.0
2026-02-01T17:43:17.441678,900.4,2.4,0.0,188.1,running,9.2,7.9,98.0,8.8,12.0,9.9,12.0,8.4,19.3,8.3,11.2,10.1,11.6,7.1,9.3,16.5,8.5,10.0,11.3,7.7,11.4,7.7,12.1,8.8,11.4,8.0,12.8,11.6,12.8,7.1,13.4,7.1,12.7,7.2,10.7,8.1,8.7,7.8,10.6,11.6,10.9,7.8,10.9,11.9,10.6,11.6,10.9,12.4,0.0,0.0,0.0,0.0,0.0,0.0,0.0,0.0,0.0,0.0,0.0,0.0,0.0,0.0,0.0,0.0,0.0,0.0,0.0,0.0,0.0,0.0,0.0,0.0,0.0,0.0,0.0,0.0,0.0,0.0,0.0,0.0,0.0,0.0,0.0,0.0,0.0,0.0,0.0,0.0,0.0,0.0,0.0,0.0,0.0,0.0,0.0,0.0
2026-02-01T17:43:19.658426,902.6,2.0,0.0,188.1,running,11.0,8.3,98.6,5.9,8.5,7.6,7.8,11.0,12.7,7.2,7.9,7.2,7.1,8.3,7.7,6.8,7.1,8.9,7.8,7.8,8.5,7.8,9.9,6.5,9.0,8.8,8.4,7.1,8.3,9.9,9.2,7.7,9.8,8.3,7.7,7.0,7.6,7.7,10.4,6.5,8.2,8.5,7.6,18.3,7.6,7.0,7.2,6.7,0.0,0.0,0.0,0.0,0.0,0.0,0.0,0.0,0.0,0.0,0.0,0.0,0.0,0.0,0.0,0.0,0.0,0.0,0.0,0.0,0.0,0.0,0.0,0.0,0.0,0.0,0.0,0.0,0.0,0.0,0.0,0.0,0.0,0.0,0.0,0.0,0.0,0.0,0.0,0.0,0.0,0.0,0.0,0.0,0.0,0.0,0.0,0.0
2026-02-01T17:43:21.873000,904.8,78.1,0.0,188.1,running,7.6,4.2,100.0,4.2,11.8,4.9,10.4,9.6,8.3,4.2,5.6,4.2,7.0,4.9,4.9,6.9,4.9,4.9,7.6,4.2,6.9,4.2,4.9,4.2,6.3,5.6,8.4,4.2,4.9,4.9,7.0,4.2,4.6,4.8,6.9,5.6,4.9,4.2,6.3,4.2,4.2,6.3,4.2,5.6,4.2,6.2,4.9,4.2,0.0,0.0,0.0,0.0,0.0,0.0,0.0,0.0,0.0,0.0,0.0,0.0,0.0,0.0,0.0,0.0,0.0,0.0,0.0,0.0,0.0,0.0,0.0,0.0,0.0,0.0,0.0,0.0,0.0,0.0,0.0,0.0,0.0,0.0,0.0,0.0,0.0,0.0,0.0,0.0,0.0,0.0,0.0,0.0,0.0,0.0,0.0,0.0
2026-02-01T17:43:24.089366,907.0,2.4,0.0,188.1,running,5.6,3.6,98.6,3.6,4.2,3.6,3.6,8.3,4.3,3.6,3.6,3.6,3.7,3.6,3.6,3.6,4.2,4.9,3.6,3.6,5.0,10.0,3.6,3.6,3.6,3.6,4.3,3.6,3.6,5.0,4.3,3.6,3.6,3.6,3.6,3.6,3.5,3.6,4.3,3.6,3.6,3.6,3.6,3.5,3.6,4.3,4.3,3.6,0.0,0.0,0.0,0.0,0.0,0.0,0.0,0.0,0.0,0.0,0.0,0.0,0.0,0.0,0.0,0.0,0.0,0.0,0.0,0.0,0.0,0.0,0.0,0.0,0.0,0.0,0.0,0.0,0.0,0.0,0.0,0.0,0.0,0.0,0.0,0.0,0.0,0.0,0.0,0.0,0.0,0.0,0.0,0.0,0.0,0.0,0.0,0.0
2026-02-01T17:43:26.306038,909.2,2.1,0.0,188.1,running,8.6,7.0,97.2,10.1,8.5,7.7,6.9,7.1,7.0,7.0,7.7,7.0,6.7,8.4,7.0,7.0,7.1,7.1,7.7,7.0,7.0,7.0,7.0,7.1,6.3,7.0,8.5,7.1,7.0,14.0,7.1,7.0,7.0,7.1,7.0,7.0,7.7,10.1,7.6,10.1,7.7,7.0,7.0,9.2,7.0,7.0,10.1,7.7,0.0,0.0,0.0,0.0,0.0,0.0,0.0,0.0,0.0,0.0,0.0,0.0,0.0,0.0,0.0,0.0,0.0,0.0,0.0,0.0,0.0,0.0,0.0,0.0,0.0,0.0,0.0,0.0,0.0,0.0,0.0,0.0,0.0,0.0,0.0,0.0,0.0,0.0,0.0,0.0,0.0,0.0,0.0,0.0,0.0,0.0,0.0,0.0
2026-02-01T17:43:28.524669,911.5,6.6,0.0,188.1,running,9.8,7.7,98.6,6.0,14.1,7.7,7.7,11.0,10.5,7.8,12.7,7.7,10.6,7.7,11.0,7.7,9.0,8.3,11.2,7.7,7.7,7.8,9.8,7.7,8.4,8.4,9.1,7.7,9.1,13.4,7.7,7.7,7.7,8.5,7.7,7.7,7.7,6.0,9.2,6.0,8.4,7.7,8.3,11.2,7.7,9.1,5.9,9.8,0.0,0.0,0.0,0.0,0.0,0.0,0.0,0.0,0.0,0.0,0.0,0.0,0.0,0.0,0.0,0.0,0.0,0.0,0.0,0.0,0.0,0.0,0.0,0.0,0.0,0.0,0.0,0.0,0.0,0.0,0.0,0.0,0.0,0.0,0.0,0.0,0.0,0.0,0.0,0.0,0.0,0.0,0.0,0.0,0.0,0.0,0.0,0.0
2026-02-01T17:43:30.741482,913.7,8.8,0.0,188.1,running,10.5,7.7,98.6,7.0,22.4,7.7,13.3,11.0,15.5,7.7,9.2,7.0,9.7,9.2,10.6,11.1,9.2,9.4,16.9,8.5,8.5,7.7,9.2,7.0,7.8,9.2,9.9,7.0,8.5,8.4,9.9,7.7,8.5,10.4,9.9,10.6,11.2,7.7,8.5,7.7,7.1,8.5,7.7,8.5,9.1,10.6,9.9,12.0,0.0,0.0,0.0,0.0,0.0,0.0,0.0,0.0,0.0,0.0,0.0,0.0,0.0,0.0,0.0,0.0,0.0,0.0,0.0,0.0,0.0,0.0,0.0,0.0,0.0,0.0,0.0,0.0,0.0,0.0,0.0,0.0,0.0,0.0,0.0,0.0,0.0,0.0,0.0,0.0,0.0,0.0,0.0,0.0,0.0,0.0,0.0,0.0
2026-02-01T17:43:32.960595,915.9,24.0,0.0,188.1,running,9.1,7.0,97.4,7.0,12.7,8.5,12.7,15.0,11.3,7.0,9.2,7.7,7.0,7.7,7.0,8.5,7.0,7.6,7.7,7.0,8.5,7.0,10.6,7.7,6.3,7.0,8.5,7.7,7.0,7.7,8.4,7.0,9.1,8.5,7.7,7.0,7.7,7.7,11.2,7.0,7.0,8.5,9.2,11.3,9.9,7.7,9.7,10.6,0.0,0.0,0.0,0.0,0.0,0.0,0.0,0.0,0.0,0.0,0.0,0.0,0.0,0.0,0.0,0.0,0.0,0.0,0.0,0.0,0.0,0.0,0.0,0.0,0.0,0.0,0.0,0.0,0.0,0.0,0.0,0.0,0.0,0.0,0.0,0.0,0.0,0.0,0.0,0.0,0.0,0.0,0.0,0.0,0.0,0.0,0.0,0.0
2026-02-01T17:43:35.174796,918.1,4.1,0.0,188.1,running,4.2,1.4,37.6,0.7,100.0,0.0,12.0,4.1,3.5,0.0,7.1,0.0,0.7,0.7,2.1,1.4,0.0,0.7,5.6,0.0,0.0,0.0,2.8,0.0,3.5,1.4,1.4,0.0,2.8,1.4,5.7,0.0,2.1,0.0,2.8,1.4,1.4,0.0,4.2,0.0,0.7,2.1,4.2,1.4,2.1,0.0,2.8,1.4,0.0,0.0,0.0,0.0,0.0,0.0,0.0,0.0,0.0,0.0,0.0,0.0,0.0,0.0,0.0,0.0,0.0,0.0,0.0,0.0,0.0,0.0,0.0,0.0,0.0,0.0,0.0,0.0,0.0,0.0,0.0,0.0,0.0,0.0,0.0,0.0,0.0,0.0,0.0,0.0,0.0,0.0,0.0,0.0,0.0,0.0,0.0,0.0
2026-02-01T17:43:37.392308,920.3,5.4,0.0,188.1,running,10.5,7.7,92.3,7.7,36.4,6.0,17.9,11.1,11.3,7.7,20.3,8.0,10.6,10.3,9.2,9.0,8.4,9.9,12.1,7.7,9.8,7.7,14.9,9.1,7.7,8.5,7.7,7.2,8.5,10.6,8.5,7.7,7.7,9.2,8.5,10.6,8.5,6.1,8.5,6.1,7.9,8.5,9.2,8.5,7.8,9.8,9.9,10.4,0.0,0.0,0.0,0.0,0.0,0.0,0.0,0.0,0.0,0.0,0.0,0.0,0.0,0.0,0.0,0.0,0.0,0.0,0.0,0.0,0.0,0.0,0.0,0.0,0.0,0.0,0.0,0.0,0.0,0.0,0.0,0.0,0.0,0.0,0.0,0.0,0.0,0.0,0.0,0.0,0.0,0.0,0.0,0.0,0.0,0.0,0.0,0.0
2026-02-01T17:43:39.609097,922.5,5.1,0.0,188.1,running,9.1,7.0,98.0,7.1,26.6,7.1,26.8,9.7,10.5,7.1,9.2,8.1,7.8,7.0,9.2,7.0,7.1,8.4,9.2,14.1,8.4,7.7,9.7,7.0,8.5,9.2,9.2,7.0,9.2,7.7,8.4,7.0,7.1,8.4,7.7,8.5,7.0,7.0,7.7,7.0,7.7,9.2,8.5,9.2,10.6,6.4,8.4,11.3,0.0,0.0,0.0,0.0,0.0,0.0,0.0,0.0,0.0,0.0,0.0,0.0,0.0,0.0,0.0,0.0,0.0,0.0,0.0,0.0,0.0,0.0,0.0,0.0,0.0,0.0,0.0,0.0,0.0,0.0,0.0,0.0,0.0,0.0,0.0,0.0,0.0,0.0,0.0,0.0,0.0,0.0,0.0,0.0,0.0,0.0,0.0,0.0
2026-02-01T17:43:41.826594,924.8,3.0,0.0,188.1,running,10.7,8.5,99.4,7.0,29.2,7.0,17.5,7.7,14.8,7.7,14.0,8.5,9.2,8.5,9.2,10.6,9.2,7.8,14.2,7.1,10.6,7.7,13.6,7.0,12.1,7.7,19.0,7.1,12.8,9.2,13.4,7.0,12.0,9.9,14.2,7.1,9.9,7.0,10.6,7.1,9.2,8.5,7.0,9.8,9.2,8.5,9.9,8.5,0.0,0.0,0.0,0.0,0.0,0.0,0.0,0.0,0.0,0.0,0.0,0.0,0.0,0.0,0.0,0.0,0.0,0.0,0.0,0.0,0.0,0.0,0.0,0.0,0.0,0.0,0.0,0.0,0.0,0.0,0.0,0.0,0.0,0.0,0.0,0.0,0.0,0.0,0.0,0.0,0.0,0.0,0.0,0.0,0.0,0.0,0.0,0.0
2026-02-01T17:43:44.046845,927.0,89.6,0.0,188.1,running,13.6,6.9,100.0,6.2,14.0,7.6,12.7,7.7,10.5,6.2,7.7,6.9,6.9,8.3,6.3,6.9,6.2,7.6,9.0,6.9,6.9,6.9,5.6,6.9,9.0,5.6,6.2,5.6,6.2,7.0,7.0,6.2,6.9,7.0,8.3,5.6,7.0,6.9,6.2,6.2,6.2,6.2,6.2,10.5,7.6,8.3,6.2,7.6,0.0,0.0,0.0,0.0,0.0,0.0,0.0,0.0,0.0,0.0,0.0,0.0,0.0,0.0,0.0,0.0,0.0,0.0,0.0,0.0,0.0,0.0,0.0,0.0,0.0,0.0,0.0,0.0,0.0,0.0,0.0,0.0,0.0,0.0,0.0,0.0,0.0,0.0,0.0,0.0,0.0,0.0,0.0,0.0,0.0,0.0,0.0,0.0
2026-02-01T17:43:46.263854,929.2,3.9,0.0,188.1,running,3.5,0.7,98.6,0.7,4.2,0.7,3.6,4.2,2.8,0.7,0.7,0.7,1.4,0.7,1.4,0.7,0.7,2.1,1.4,0.7,0.7,2.1,1.4,0.7,0.7,0.7,6.4,0.7,0.7,0.7,0.7,0.7,0.7,0.7,0.7,2.1,0.7,0.7,0.7,0.7,0.7,1.4,1.4,2.8,0.7,0.7,1.4,1.4,0.0,0.0,0.0,0.0,0.0,0.0,0.0,0.0,0.0,0.0,0.0,0.0,0.0,0.0,0.0,0.0,0.0,0.0,0.0,0.0,0.0,0.0,0.0,0.0,0.0,0.0,0.0,0.0,0.0,0.0,0.0,0.0,0.0,0.0,0.0,0.0,0.0,0.0,0.0,0.0,0.0,0.0,0.0,0.0,0.0,0.0,0.0,0.0
2026-02-01T17:43:48.481122,931.4,4.4,0.0,188.1,running,9.2,7.0,99.3,7.0,14.1,7.0,14.0,10.4,16.2,8.5,8.4,7.7,9.2,8.4,9.9,7.0,7.7,7.8,10.6,7.0,10.6,7.8,8.5,7.0,10.6,7.8,9.9,7.7,9.9,10.6,7.7,7.0,7.7,8.5,7.7,14.1,9.2,7.7,8.5,7.7,8.4,9.8,8.4,9.7,11.2,8.4,7.0,10.6,0.0,0.0,0.0,0.0,0.0,0.0,0.0,0.0,0.0,0.0,0.0,0.0,0.0,0.0,0.0,0.0,0.0,0.0,0.0,0.0,0.0,0.0,0.0,0.0,0.0,0.0,0.0,0.0,0.0,0.0,0.0,0.0,0.0,0.0,0.0,0.0,0.0,0.0,0.0,0.0,0.0,0.0,0.0,0.0,0.0,0.0,0.0,0.0
2026-02-01T17:43:50.692844,933.6,2.1,0.0,188.1,running,9.3,7.7,98.6,11.6,14.9,8.5,18.3,11.8,13.5,9.7,13.3,9.7,9.9,11.3,8.5,14.1,7.7,7.8,8.5,8.3,7.7,9.8,9.2,11.6,8.5,7.8,8.5,8.5,7.7,7.8,7.8,11.6,7.7,8.4,9.2,7.8,7.0,11.6,11.2,11.6,7.8,7.8,7.1,7.8,8.5,9.4,7.8,7.1,0.0,0.0,0.0,0.0,0.0,0.0,0.0,0.0,0.0,0.0,0.0,0.0,0.0,0.0,0.0,0.0,0.0,0.0,0.0,0.0,0.0,0.0,0.0,0.0,0.0,0.0,0.0,0.0,0.0,0.0,0.0,0.0,0.0,0.0,0.0,0.0,0.0,0.0,0.0,0.0,0.0,0.0,0.0,0.0,0.0,0.0,0.0,0.0
2026-02-01T17:43:52.910391,935.8,4.0,0.0,188.1,running,9.1,8.5,82.6,5.9,21.7,7.7,20.4,13.7,15.3,8.5,14.7,8.5,12.6,5.4,10.6,8.4,8.5,8.5,10.5,7.3,9.8,6.4,13.9,5.3,12.6,7.7,14.9,6.5,11.9,9.8,12.1,5.3,11.4,7.8,12.1,8.5,12.7,5.8,9.2,5.3,31.9,7.0,8.5,15.5,9.9,6.1,9.4,9.1,0.0,0.0,0.0,0.0,0.0,0.0,0.0,0.0,0.0,0.0,0.0,0.0,0.0,0.0,0.0,0.0,0.0,0.0,0.0,0.0,0.0,0.0,0.0,0.0,0.0,0.0,0.0,0.0,0.0,0.0,0.0,0.0,0.0,0.0,0.0,0.0,0.0,0.0,0.0,0.0,0.0,0.0,0.0,0.0,0.0,0.0,0.0,0.0
2026-02-01T17:43:55.128288,938.1,49.8,0.0,188.1,running,7.6,8.4,21.5,7.7,12.1,7.8,9.9,13.1,8.5,6.4,7.8,6.4,8.5,8.3,7.8,9.2,7.8,9.1,7.8,7.7,8.5,7.7,8.5,10.5,7.7,8.5,9.1,8.4,7.0,9.2,8.5,7.8,8.3,9.1,7.7,7.7,7.7,7.7,8.5,7.7,97.2,8.4,7.7,10.5,8.4,8.4,8.2,9.9,0.0,0.0,0.0,0.0,0.0,0.0,0.0,0.0,0.0,0.0,0.0,0.0,0.0,0.0,0.0,0.0,0.0,0.0,0.0,0.0,0.0,0.0,0.0,0.0,0.0,0.0,0.0,0.0,0.0,0.0,0.0,0.0,0.0,0.0,0.0,0.0,0.0,0.0,0.0,0.0,0.0,0.0,0.0,0.0,0.0,0.0,0.0,0.0
2026-02-01T17:43:57.344961,940.3,3.6,0.0,188.1,running,1.4,0.7,20.7,0.0,95.8,0.0,12.0,4.1,3.5,0.0,1.4,0.0,0.7,0.0,0.0,0.0,1.4,0.7,0.7,0.0,0.7,0.0,0.7,3.5,1.4,0.7,1.4,0.0,1.4,0.7,0.0,0.0,0.0,0.0,0.0,0.0,0.7,0.0,1.4,0.0,0.7,0.7,0.7,2.8,0.7,0.0,0.7,0.7,0.0,0.0,0.0,0.0,0.0,0.0,0.0,0.0,0.0,0.0,0.0,0.0,0.0,0.0,0.0,0.0,0.0,0.0,0.0,0.0,0.0,0.0,0.0,0.0,0.0,0.0,0.0,0.0,0.0,0.0,0.0,0.0,0.0,0.0,0.0,0.0,0.0,0.0,0.0,0.0,0.0,0.0,0.0,0.0,0.0,0.0,0.0,0.0
2026-02-01T17:43:59.561889,942.5,5.8,0.0,188.1,running,8.5,13.5,91.2,13.1,23.2,7.4,15.4,10.4,12.0,13.1,8.4,14.3,10.6,14.1,8.4,12.6,7.6,9.2,9.9,7.7,9.2,7.8,8.6,13.1,8.5,8.5,9.3,8.5,9.2,9.1,7.8,15.3,7.7,8.3,7.7,8.4,7.9,14.3,10.5,14.3,7.7,7.7,7.7,8.5,7.7,9.2,9.1,9.8,0.0,0.0,0.0,0.0,0.0,0.0,0.0,0.0,0.0,0.0,0.0,0.0,0.0,0.0,0.0,0.0,0.0,0.0,0.0,0.0,0.0,0.0,0.0,0.0,0.0,0.0,0.0,0.0,0.0,0.0,0.0,0.0,0.0,0.0,0.0,0.0,0.0,0.0,0.0,0.0,0.0,0.0,0.0,0.0,0.0,0.0,0.0,0.0
2026-02-01T17:44:01.779437,944.7,3.8,0.0,188.1,running,9.2,6.3,98.6,4.5,12.0,7.8,17.5,11.0,10.6,5.6,9.7,4.9,8.4,4.4,8.5,5.0,7.9,7.7,9.7,8.4,8.4,7.0,9.2,5.0,7.8,7.0,7.7,6.3,10.7,6.3,7.7,9.0,7.0,7.8,9.9,6.4,7.7,4.5,11.3,4.5,9.2,9.1,7.7,7.0,7.8,6.3,11.3,7.7,0.0,0.0,0.0,0.0,0.0,0.0,0.0,0.0,0.0,0.0,0.0,0.0,0.0,0.0,0.0,0.0,0.0,0.0,0.0,0.0,0.0,0.0,0.0,0.0,0.0,0.0,0.0,0.0,0.0,0.0,0.0,0.0,0.0,0.0,0.0,0.0,0.0,0.0,0.0,0.0,0.0,0.0,0.0,0.0,0.0,0.0,0.0,0.0
2026-02-01T17:44:03.995311,946.9,4.8,0.0,188.1,running,9.2,9.0,99.3,7.0,11.3,8.4,11.3,9.9,15.5,6.1,9.2,7.7,8.5,7.1,9.2,7.0,8.4,7.1,7.7,7.8,7.8,7.7,9.2,7.0,7.1,7.0,9.2,7.7,9.2,7.0,9.9,7.0,7.8,7.8,7.8,7.0,9.1,7.0,9.2,7.0,7.7,7.1,9.0,7.8,8.5,7.0,8.5,7.1,0.0,0.0,0.0,0.0,0.0,0.0,0.0,0.0,0.0,0.0,0.0,0.0,0.0,0.0,0.0,0.0,0.0,0.0,0.0,0.0,0.0,0.0,0.0,0.0,0.0,0.0,0.0,0.0,0.0,0.0,0.0,0.0,0.0,0.0,0.0,0.0,0.0,0.0,0.0,0.0,0.0,0.0,0.0,0.0,0.0,0.0,0.0,0.0
2026-02-01T17:44:06.212321,949.1,2.6,0.0,188.1,running,8.5,7.9,98.6,7.7,11.3,7.7,10.7,8.5,9.1,7.7,11.3,7.7,9.2,7.7,12.4,8.4,7.8,8.5,8.6,7.8,9.2,7.7,11.9,7.7,9.9,8.6,11.3,9.2,9.9,10.6,12.8,8.5,11.2,7.7,7.7,7.7,11.3,8.4,16.4,7.7,7.8,8.5,9.8,8.5,9.0,7.7,7.7,7.7,0.0,0.0,0.0,0.0,0.0,0.0,0.0,0.0,0.0,0.0,0.0,0.0,0.0,0.0,0.0,0.0,0.0,0.0,0.0,0.0,0.0,0.0,0.0,0.0,0.0,0.0,0.0,0.0,0.0,0.0,0.0,0.0,0.0,0.0,0.0,0.0,0.0,0.0,0.0,0.0,0.0,0.0,0.0,0.0,0.0,0.0,0.0,0.0
2026-02-01T17:44:08.431429,951.4,2.0,0.0,188.1,running,2.8,0.0,100.0,0.0,7.0,0.7,13.9,0.0,2.1,0.0,1.4,0.0,0.7,0.0,0.0,0.0,0.0,2.1,0.7,0.0,0.7,0.0,0.0,0.0,0.7,0.0,0.7,0.0,2.8,3.5,0.0,0.0,0.0,1.4,0.0,1.4,0.7,0.0,3.5,0.0,0.0,0.7,1.4,1.4,4.2,0.0,0.0,0.7,0.0,0.0,0.0,0.0,0.0,0.0,0.0,0.0,0.0,0.0,0.0,0.0,0.0,0.0,0.0,0.0,0.0,0.0,0.0,0.0,0.0,0.0,0.0,0.0,0.0,0.0,0.0,0.0,0.0,0.0,0.0,0.0,0.0,0.0,0.0,0.0,0.0,0.0,0.0,0.0,0.0,0.0,0.0,0.0,0.0,0.0,0.0,0.0
2026-02-01T17:44:10.648599,953.6,3.3,0.0,188.1,running,11.1,7.0,35.3,6.4,97.9,7.0,21.8,9.1,13.5,7.7,12.1,7.7,12.7,7.0,12.7,6.9,9.1,7.7,17.6,8.4,9.9,7.0,10.6,5.3,8.5,8.5,8.5,6.4,7.7,9.9,8.4,7.0,8.4,9.2,8.5,7.7,7.1,6.9,10.6,5.9,7.7,9.1,8.5,11.3,7.8,5.3,9.2,10.6,0.0,0.0,0.0,0.0,0.0,0.0,0.0,0.0,0.0,0.0,0.0,0.0,0.0,0.0,0.0,0.0,0.0,0.0,0.0,0.0,0.0,0.0,0.0,0.0,0.0,0.0,0.0,0.0,0.0,0.0,0.0,0.0,0.0,0.0,0.0,0.0,0.0,0.0,0.0,0.0,0.0,0.0,0.0,0.0,0.0,0.0,0.0,0.0
2026-02-01T17:44:12.865572,955.8,4.3,0.0,188.1,running,7.7,7.0,81.8,7.0,40.8,7.0,17.6,7.8,11.2,7.8,9.8,7.7,10.6,7.0,7.7,7.0,7.7,9.2,9.2,7.0,7.7,8.5,11.3,7.0,12.1,8.5,17.6,7.1,9.2,9.1,10.6,7.0,10.6,8.5,7.7,7.8,7.0,7.8,10.6,7.7,9.9,7.9,9.8,13.2,9.1,7.7,11.3,7.7,0.0,0.0,0.0,0.0,0.0,0.0,0.0,0.0,0.0,0.0,0.0,0.0,0.0,0.0,0.0,0.0,0.0,0.0,0.0,0.0,0.0,0.0,0.0,0.0,0.0,0.0,0.0,0.0,0.0,0.0,0.0,0.0,0.0,0.0,0.0,0.0,0.0,0.0,0.0,0.0,0.0,0.0,0.0,0.0,0.0,0.0,0.0,0.0
2026-02-01T17:44:15.081557,958.0,17.6,0.0,188.1,running,8.5,7.7,96.6,7.7,29.6,7.9,21.8,8.5,16.4,7.7,13.4,7.8,12.6,6.4,11.9,7.8,8.5,9.2,16.1,8.5,10.5,8.5,12.0,7.8,12.0,9.2,12.7,8.4,21.7,10.6,13.4,9.2,11.3,8.5,10.6,7.7,11.3,7.7,10.6,8.5,9.9,8.4,10.6,9.2,7.8,8.5,10.5,9.9,0.0,0.0,0.0,0.0,0.0,0.0,0.0,0.0,0.0,0.0,0.0,0.0,0.0,0.0,0.0,0.0,0.0,0.0,0.0,0.0,0.0,0.0,0.0,0.0,0.0,0.0,0.0,0.0,0.0,0.0,0.0,0.0,0.0,0.0,0.0,0.0,0.0,0.0,0.0,0.0,0.0,0.0,0.0,0.0,0.0,0.0,0.0,0.0
2026-02-01T17:44:17.379778,960.2,6.3,0.0,0.0,N/A,12.6,9.9,32.4,7.8,10.6,14.0,9.9,8.5,10.4,8.4,10.6,8.5,10.5,7.7,7.7,10.4,7.0,8.4,76.6,7.0,8.5,7.1,8.5,7.0,8.5,7.7,7.7,9.8,7.0,9.2,10.6,7.0,7.8,7.0,8.5,7.7,12.6,8.5,9.7,10.6,9.2,9.9,7.7,10.6,7.7,9.9,7.7,7.8,0.0,0.0,0.0,0.0,0.0,0.0,0.0,0.0,0.0,0.0,0.0,0.0,0.0,0.0,0.0,0.0,0.0,0.0,0.0,0.0,0.0,0.0,0.0,0.0,0.0,0.0,0.0,0.0,0.0,0.0,0.0,0.0,0.0,0.0,0.0,0.0,0.0,0.0,0.0,0.0,0.0,0.0,0.0,0.0,0.0,0.0,0.0,0.0
2026-02-01T17:44:19.484617,962.5,1.1,0.0,0.0,N/A,8.6,0.0,33.5,0.0,11.5,0.0,9.5,0.7,6.7,0.0,5.4,0.8,6.1,2.1,8.2,0.0,2.1,0.7,1.4,0.7,3.4,2.0,2.1,0.0,8.8,0.7,9.6,1.4,4.1,2.7,3.4,0.0,3.4,0.0,3.4,0.0,1.4,0.7,8.1,5.4,3.4,2.7,2.1,2.7,1.4,0.0,2.1,2.0,51.4,74.9,78.0,89.7,74.3,79.2,87.4,74.6,100.0,74.6,70.0,76.7,88.9,90.2,76.2,69.3,86.0,76.8,72.6,88.5,86.9,74.9,89.7,75.8,75.3,84.0,75.7,75.7,71.4,72.9,70.4,66.5,73.9,75.7,65.5,74.5,81.2,77.3,88.0,100.0,59.1,89.4,66.1,100.0,66.7,66.7,66.7,66.7
2026-02-01T17:44:21.587768,964.6,0.3,0.0,0.0,N/A,5.2,0.0,5.1,0.0,3.0,2.2,5.1,1.5,5.3,0.8,0.0,0.0,3.0,0.7,3.0,0.9,0.0,0.7,1.5,0.0,2.2,1.6,2.2,0.0,1.5,0.7,8.1,1.5,0.8,1.5,2.9,0.0,1.5,0.0,0.7,0.0,0.7,0.0,2.3,3.0,0.7,0.7,0.8,4.4,3.0,0.0,0.7,0.0,0.0,0.0,0.0,0.0,0.0,0.0,0.0,0.0,0.0,0.0,0.0,0.0,0.0,0.0,0.0,0.0,0.0,0.0,0.0,0.0,0.0,0.0,0.0,0.0,0.0,0.0,0.0,0.0,0.0,0.0,0.0,0.0,0.0,0.0,0.0,0.0,0.0,0.0,0.0,0.0,0.0,0.0,0.0,0.0,0.0,0.0,0.0,0.0
2026-02-01T17:44:23.691362,966.7,0.0,0.0,0.0,N/A,0.8,0.0,6.6,0.0,0.0,0.0,0.0,0.8,1.5,0.0,2.2,0.0,0.0,1.5,0.7,0.0,1.5,1.5,0.0,0.0,0.7,0.0,0.7,0.0,1.5,0.7,2.2,0.7,0.7,0.7,0.0,0.0,0.0,0.0,0.0,0.0,0.0,0.0,1.5,0.0,0.0,0.0,0.0,5.9,0.0,0.0,0.0,0.0,0.0,0.0,0.0,0.0,0.0,0.0,0.0,0.0,0.0,0.0,0.0,0.0,0.0,0.0,0.0,0.0,0.0,0.0,0.0,0.0,0.0,0.0,0.0,0.0,0.0,0.0,0.0,0.0,0.0,0.0,0.0,0.0,0.0,0.0,0.0,0.0,0.0,0.0,0.0,0.0,0.0,0.0,0.0,0.0,0.0,0.0,0.0,0.0
2026-02-01T17:44:25.794276,968.8,3.1,0.0,0.0,N/A,0.0,0.0,7.9,0.0,0.7,0.0,2.2,0.0,0.7,0.0,2.2,1.4,0.7,0.0,0.0,0.0,0.7,1.5,0.0,0.0,0.0,1.5,0.0,0.0,0.0,0.7,0.7,0.7,0.7,0.7,0.7,0.5,0.0,0.0,0.0,0.0,0.7,0.0,0.0,0.0,0.0,0.0,0.0,3.6,0.0,0.0,0.0,0.0,0.0,0.0,0.0,0.0,0.0,0.0,0.0,0.0,0.0,0.0,0.0,0.0,0.0,0.0,0.0,0.0,0.0,0.0,0.0,0.0,0.0,0.0,0.0,0.0,0.0,0.0,0.0,0.0,0.0,0.0,0.0,0.0,0.0,0.0,0.0,0.0,0.0,0.0,0.0,0.0,0.0,0.0,0.0,0.0,0.0,0.0,0.0,0.0
2026-02-01T17:44:27.898174,970.9,5.3,0.0,0.0,N/A,4.4,0.0,19.7,0.0,5.1,0.0,3.0,0.0,11.8,0.0,6.7,1.5,3.7,0.7,7.4,1.5,2.9,2.3,2.2,4.4,1.5,0.0,4.5,0.0,2.2,4.4,6.0,2.3,1.5,2.2,3.0,0.0,1.5,0.0,0.0,0.0,0.0,0.0,5.2,1.5,0.0,2.3,0.0,1.5,3.0,0.0,0.0,2.3,0.0,0.0,0.0,0.0,0.0,0.0,0.0,0.0,0.0,0.0,0.0,0.0,0.0,0.0,0.0,0.0,0.0,0.0,0.0,0.0,0.0,0.0,0.0,0.0,0.0,0.0,0.0,0.0,0.0,0.0,0.0,0.0,0.0,0.0,0.0,0.0,0.0,0.0,0.0,0.0,0.0,0.0,0.0,0.0,0.0,0.0,0.0,0.0
2026-02-01T17:44:30.002784,973.0,1.3,0.0,0.0,N/A,11.5,0.0,22.2,0.0,8.1,2.2,8.1,1.5,8.2,0.0,5.9,3.0,7.4,2.2,5.9,3.0,3.0,0.0,3.0,0.0,3.0,0.0,5.2,0.0,8.9,1.5,14.7,2.2,6.7,0.8,7.4,1.5,5.2,0.0,5.9,0.0,5.2,0.7,6.7,1.5,5.1,5.9,5.9,3.7,3.7,0.0,3.0,0.7,100.0,0.0,100.0,0.0,0.0,0.0,0.0,0.0,0.0,100.0,0.0,0.0,0.0,0.0,100.0,100.0,0.0,100.0,0.0,0.0,0.0,0.0,0.0,100.0,100.0,100.0,0.0,100.0,0.0,100.0,100.0,0.0,100.0,0.0,100.0,100.0,0.0,100.0,0.0,0.0,100.0,0.0,0.0,0.0,0.0,0.0,0.0,0.0
2026-02-01T17:44:32.107664,975.2,7.3,0.0,0.0,N/A,11.7,0.0,9.2,0.0,6.6,3.7,6.6,2.9,4.4,0.0,2.2,4.5,3.7,1.5,3.0,0.0,0.7,0.0,1.5,0.0,1.5,0.0,0.0,0.0,7.4,0.0,6.7,2.2,0.7,1.5,4.4,3.6,1.5,0.0,0.7,0.0,2.9,0.0,8.9,1.5,3.0,8.9,5.1,5.2,4.4,2.9,3.7,2.2,0.0,0.0,0.0,0.0,0.0,0.0,0.0,0.0,0.0,0.0,0.0,0.0,0.0,0.0,0.0,0.0,0.0,0.0,0.0,0.0,0.0,0.0,0.0,0.0,0.0,0.0,0.0,0.0,0.0,0.0,0.0,0.0,0.0,0.0,0.0,0.0,0.0,0.0,0.0,0.0,0.0,0.0,0.0,0.0,0.0,0.0,0.0,0.0
2026-02-01T17:44:34.210902,977.3,0.8,0.0,0.0,N/A,0.8,0.0,0.0,0.0,0.0,3.1,0.7,0.7,0.0,0.0,0.0,0.0,3.7,0.0,0.0,0.0,0.0,0.0,0.0,0.0,1.5,0.0,1.5,0.0,1.5,0.0,3.0,0.0,0.8,0.0,0.8,0.0,0.0,0.0,0.0,0.0,0.0,0.0,0.8,1.5,0.0,0.0,0.0,2.2,0.0,0.0,0.0,0.0,0.0,0.0,0.0,0.0,0.0,0.0,0.0,0.0,0.0,0.0,0.0,0.0,0.0,0.0,0.0,0.0,0.0,0.0,0.0,0.0,0.0,0.0,0.0,0.0,0.0,0.0,0.0,0.0,0.0,0.0,0.0,0.0,0.0,0.0,0.0,0.0,0.0,0.0,0.0,0.0,0.0,0.0,0.0,0.0,0.0,0.0,0.0,0.0
2026-02-01T17:44:36.314322,979.4,0.3,0.0,0.0,N/A,5.8,0.0,12.2,0.0,0.7,0.7,5.3,1.6,8.0,0.0,5.3,0.5,2.2,2.6,4.5,0.0,0.0,0.0,1.5,0.0,1.5,0.0,0.0,0.0,5.1,0.0,2.2,1.5,0.7,1.3,5.9,1.7,4.5,0.0,0.0,0.0,0.7,0.0,5.2,3.0,2.2,3.0,2.3,2.2,4.5,3.5,3.0,3.7,0.0,0.0,0.0,0.0,0.0,0.0,0.0,0.0,0.0,0.0,0.0,0.0,0.0,0.0,0.0,0.0,0.0,0.0,0.0,0.0,0.0,0.0,0.0,0.0,0.0,0.0,0.0,0.0,0.0,0.0,0.0,0.0,0.0,0.0,0.0,0.0,0.0,0.0,0.0,0.0,0.0,0.0,0.0,0.0,0.0,0.0,0.0,0.0
2026-02-01T17:44:38.417940,981.5,2.7,0.0,0.0,N/A,0.0,0.0,4.4,0.0,2.9,0.7,2.2,0.0,0.0,0.0,1.5,0.0,0.0,0.0,0.0,0.0,0.0,1.5,0.0,0.0,1.5,0.0,0.0,0.0,3.0,0.0,3.0,0.0,3.0,0.0,1.5,1.5,0.0,0.0,0.0,0.0,1.5,0.0,0.0,2.2,0.0,0.0,0.0,3.0,1.5,1.4,0.0,0.7,0.0,0.0,0.0,0.0,0.0,0.0,0.0,0.0,0.0,0.0,0.0,0.0,0.0,0.0,0.0,0.0,0.0,0.0,0.0,0.0,0.0,0.0,0.0,0.0,0.0,0.0,0.0,0.0,0.0,0.0,0.0,0.0,0.0,0.0,0.0,0.0,0.0,0.0,0.0,0.0,0.0,0.0,0.0,0.0,0.0,0.0,0.0,0.0
2026-02-01T17:44:40.521766,983.6,0.1,0.0,0.0,N/A,2.2,0.0,11.3,0.0,3.0,3.0,0.7,0.7,0.0,0.0,0.0,1.5,2.9,0.0,2.2,0.0,0.0,0.7,0.0,0.0,0.0,0.0,0.0,0.0,0.7,0.0,2.2,0.0,1.5,0.0,2.2,0.0,0.0,0.0,0.0,0.0,0.0,0.0,0.0,1.5,0.0,0.0,0.0,6.7,0.0,2.2,0.7,0.0,0.0,0.0,0.0,0.0,0.0,0.0,0.0,0.0,0.0,0.0,0.0,0.0,0.0,0.0,0.0,0.0,0.0,0.0,0.0,0.0,0.0,0.0,0.0,0.0,0.0,0.0,0.0,0.0,0.0,0.0,0.0,0.0,0.0,0.0,0.0,0.0,0.0,0.0,0.0,0.0,0.0,0.0,0.0,0.0,0.0,0.0,0.0,0.0
2026-02-01T17:44:42.625345,985.7,1.8,0.0,0.0,N/A,3.7,0.8,32.4,0.8,7.4,0.7,10.4,0.0,4.4,0.8,7.4,1.5,6.7,3.0,3.7,1.5,4.4,1.5,2.9,0.0,2.2,1.6,6.6,0.0,8.1,2.2,12.6,0.0,9.0,4.4,10.4,0.0,7.4,0.0,6.7,0.0,5.9,0.0,6.7,3.7,4.5,0.0,4.7,5.2,4.4,1.5,2.2,2.2,0.0,0.0,0.0,0.0,0.0,0.0,0.0,0.0,0.0,0.0,0.0,0.0,0.0,0.0,0.0,0.0,0.0,0.0,0.0,0.0,0.0,0.0,0.0,0.0,0.0,0.0,0.0,0.0,0.0,0.0,0.0,0.0,0.0,0.0,0.0,0.0,0.0,0.0,0.0,0.0,0.0,0.0,0.0,0.0,0.0,0.0,0.0,0.0
