{
  "run_id": "20260119_003814",
  "config": {
    "n_qubits": 4,
    "n_epochs": 50,
    "n_samples": 25,
    "noise_rate": 0.1,
    "learning_rate": 0.1,
    "seed": 42
  },
  "pennylane_version": "0.43.2",
  "status": "completed",
  "lret": {
    "status": "completed",
    "total_time_seconds": 180.115243434906,
    "avg_epoch_time": 3.6023048686981203,
    "memory_start_mb": 140.875,
    "memory_end_mb": 141.7421875,
    "memory_delta_mb": 0.8671875,
    "final_loss": 1.0460866038025523,
    "losses": [
      1.3816760879806613,
      1.2053123102049035,
      1.124173537107717,
      1.098794441273202,
      1.085087526756893,
      1.0744562226230001,
      1.0658132740489343,
      1.0596898013312903,
      1.0563323550447037,
      1.0553143727640573,
      1.0559186645518874,
      1.057500030827445,
      1.059586542376347,
      1.0618292837014789,
      1.063914756405598,
      1.0654897444073925,
      1.066130899728814,
      1.0654094950935276,
      1.0630865777181364,
      1.0593390876101334,
      1.0547686923714366,
      1.0501087811659953,
      1.0458873740110461,
      1.042279180969899,
      1.0391622471926483,
      1.036351961890632,
      1.0338516512089015,
      1.0318377442455964,
      1.030465856900462,
      1.0298225355183457,
      1.0299900000631592,
      1.0310232004757387,
      1.0328692195597664,
      1.0353551847441151,
      1.038251972264601,
      1.0413464559339094,
      1.0444804751013428,
      1.0475546539696636,
      1.0505110289453317,
      1.0533070682384362,
      1.0558873229936203,
      1.058154453985023,
      1.059942063522652,
      1.061000289308445,
      1.061021554154865,
      1.0597432764616164,
      1.0571260922463732,
      1.0535049364604319,
      1.0495602724327247,
      1.0460866038025523
    ],
    "epoch_times": [
      3.746424674987793,
      3.6047203540802,
      3.5209577083587646,
      3.7177577018737793,
      4.13583517074585,
      3.558345317840576,
      3.6582164764404297,
      3.2836997509002686,
      3.358588457107544,
      3.2953732013702393,
      3.5853207111358643,
      3.4249629974365234,
      5.386530637741089,
      5.91637396812439,
      4.1093504428863525,
      4.37154746055603,
      3.459214210510254,
      3.126718521118164,
      3.247225522994995,
      3.7284319400787354,
      3.262636184692383,
      3.6219162940979004,
      3.4384403228759766,
      3.4408328533172607,
      3.234947681427002,
      3.549983501434326,
      3.63386869430542,
      3.5448615550994873,
      3.425549030303955,
      3.99038028717041,
      3.7748427391052246,
      3.684431552886963,
      3.3468523025512695,
      3.318066358566284,
      3.563225746154785,
      3.2900943756103516,
      3.3413350582122803,
      3.202852487564087,
      3.2944562435150146,
      3.220421075820923,
      3.162482976913452,
      3.065873861312866,
      3.2117538452148438,
      3.6259684562683105,
      3.332357406616211,
      3.4435927867889404,
      3.593080520629883,
      3.897171974182129,
      3.809589147567749,
      3.4579811096191406
    ]
  },
  "baseline": {
    "status": "completed",
    "total_time_seconds": 456.0057792663574,
    "avg_epoch_time": 9.120115585327149,
    "memory_start_mb": 141.7421875,
    "memory_end_mb": 141.94140625,
    "memory_delta_mb": 0.19921875,
    "final_loss": 1.0460944709893696,
    "losses": [
      1.3816487360216199,
      1.2053142663901968,
      1.1241740356054724,
      1.0987922456674806,
      1.0850840053781734,
      1.0744518841478354,
      1.065808204363436,
      1.0596839901333182,
      1.0563258220130662,
      1.0553071619034777,
      1.0559108160819688,
      1.057491582511224,
      1.0595775588501941,
      1.0618199067592415,
      1.0639052749778763,
      1.0654806709589506,
      1.0661229940326016,
      1.0654036146786303,
      1.0630832834451132,
      1.0593382342458115,
      1.0547694571992603,
      1.050110164978073,
      1.045888706481483,
      1.0422803205264406,
      1.0391633843998167,
      1.0363530779229633,
      1.0338522264762182,
      1.0318371344609691,
      1.0304636412327763,
      1.029818366478832,
      1.0299834900777662,
      1.031014142509383,
      1.0328577857404218,
      1.0353418539280383,
      1.0382373135653582,
      1.0413309553303052,
      1.0444644694052854,
      1.0475383508161409,
      1.050494574125142,
      1.0532906361831023,
      1.0558712240542123,
      1.0581392581140832,
      1.0599287211975,
      1.0609901715678764,
      1.0610162444683415,
      1.059743945655482,
      1.0571325964671792,
      1.0535152938155523,
      1.049571129327995,
      1.0460944709893696
    ],
    "epoch_times": [
      8.77419638633728,
      9.094021081924438,
      8.73341679573059,
      8.548495769500732,
      8.63915205001831,
      8.532972574234009,
      8.653745174407959,
      8.520348072052002,
      9.148276805877686,
      8.873791217803955,
      8.776793956756592,
      8.981454610824585,
      8.91045355796814,
      9.447281837463379,
      8.79473614692688,
      8.805527210235596,
      8.64053726196289,
      8.503548383712769,
      10.355483293533325,
      10.067898988723755,
      9.186991453170776,
      9.569071054458618,
      8.713446617126465,
      8.522045612335205,
      8.488839626312256,
      8.697330713272095,
      8.8153395652771,
      8.455519199371338,
      9.371601343154907,
      8.895828008651733,
      8.898123025894165,
      9.112872123718262,
      8.797647953033447,
      8.71783995628357,
      9.103044271469116,
      9.144795656204224,
      8.929622888565063,
      9.449029207229614,
      10.162582397460938,
      11.120392560958862,
      13.246846914291382,
      9.744673490524292,
      8.846619367599487,
      8.806163549423218,
      9.647207021713257,
      8.730242729187012,
      8.73945426940918,
      9.123192548751831,
      8.917072057723999,
      9.141907691955566
    ]
  },
  "default_mixed": {
    "status": "running",
    "current_epoch": 50,
    "current_loss": 1.0460944709893696,
    "elapsed_seconds": 456.0042722225189
  },
  "summary": {
    "speedup": 2.5317445129576654,
    "loss_difference": 7.867186817334115e-06,
    "lret_faster": true,
    "results_match": true
  }
}