n_qubits,depth,lret_wall_mean,lret_wall_std,lret_internal_mean,cirq_mean,cirq_std,speedup,final_rank,fidelity,trace_distance,max_diff
7,15,2.785100,2.815557,0.242567,35.771667,7.779976,12.843943,1,1.0000000000,2.2204460493e-16,3.4694469520e-18
8,15,1.408033,0.247745,0.412000,61.177967,8.566169,43.449233,1,1.0000000000,2.2204460493e-16,1.7347234760e-18
9,15,1.811667,0.407718,0.701567,438.149867,104.216227,241.849060,1,1.0000000000,2.2204460493e-16,8.6736173799e-19
