{
  "execution_time_ms": 0.0588,
  "expectation_values": [],
  "final_rank": 1,
  "samples": null,
  "state": {
    "L_imag": [
      0.0,
      0.0,
      0.0,
      0.0,
      0.0,
      0.0,
      0.0,
      0.0,
      0.0,
      0.0,
      0.0,
      0.0,
      0.0,
      0.0,
      0.0,
      0.0
    ],
    "L_real": [
      0.7071067811865476,
      0.0,
      0.0,
      0.0,
      0.0,
      0.0,
      0.0,
      0.0,
      0.0,
      0.0,
      0.0,
      0.0,
      0.0,
      0.0,
      0.0,
      0.7071067811865476
    ],
    "cols": 1,
    "rows": 16,
    "type": "low_rank"
  },
  "status": "success"
}
