epoch,loss,time_seconds
1,1.010763,769.28
2,0.947562,764.38
3,0.940568,774.80
4,0.934425,784.82
5,0.930319,782.95
6,0.927386,785.39
7,0.925153,794.20
8,0.923514,800.34
9,0.922504,906.72
