timestamp,elapsed_s,overall_cpu,active_cores,total_process_cpu,total_memory_mb,num_processes,core_0,core_1,core_2,core_3,core_4,core_5,core_6,core_7,core_8,core_9,core_10,core_11,core_12,core_13,core_14,core_15,core_16,core_17,core_18,core_19,core_20,core_21,core_22,core_23,core_24,core_25,core_26,core_27,core_28,core_29,core_30,core_31,core_32,core_33,core_34,core_35,core_36,core_37,core_38,core_39,core_40,core_41,core_42,core_43,core_44,core_45,core_46,core_47,core_48,core_49,core_50,core_51,core_52,core_53,core_54,core_55,core_56,core_57,core_58,core_59,core_60,core_61,core_62,core_63,core_64,core_65,core_66,core_67,core_68,core_69,core_70,core_71,core_72,core_73,core_74,core_75,core_76,core_77,core_78,core_79,core_80,core_81,core_82,core_83,core_84,core_85,core_86,core_87,core_88,core_89,core_90,core_91,core_92,core_93,core_94,core_95
2026-02-04T14:52:48.049471,0.0,1.9,45,93.0,45.3,1,62.5,0.0,75.8,0.0,3.1,0.0,3.2,0.0,0.0,0.0,3.2,0.0,0.0,0.0,0.0,0.0,0.0,0.0,0.0,0.0,6.5,0.0,0.0,0.0,0.0,0.0,6.5,6.2,0.0,0.0,0.0,0.0,0.0,0.0,3.2,0.0,0.0,0.0,0.0,0.0,3.3,0.0,0.0,0.0,0.0,0.0,0.0,0.0,29.5,81.7,71.5,77.0,71.4,100.0,15.5,100.0,0.0,100.0,100.0,0.0,56.8,100.0,72.3,100.0,100.0,73.1,100.0,0.0,100.0,100.0,68.5,100.0,100.0,0.0,59.8,100.0,0.0,59.1,100.0,68.7,100.0,100.0,0.0,58.6,100.0,36.1,100.0,100.0,0.0,72.5,100.0,100.0,100.0,100.0,0.0,100.0
2026-02-04T14:52:50.217856,2.2,2.3,43,61.9,89.1,1,43.3,0.0,10.6,0.0,3.6,0.7,5.7,0.0,2.2,5.0,7.1,0.0,1.4,0.0,0.7,0.0,5.0,0.0,1.4,0.0,0.7,0.0,1.4,0.0,3.5,0.0,2.1,2.2,0.7,0.7,0.0,0.0,0.0,0.0,3.6,0.7,0.7,0.0,0.0,0.0,0.7,0.7,0.7,4.3,1.4,1.4,0.0,2.9,0.0,100.0,100.0,100.0,100.0,100.0,100.0,100.0,100.0,0.0,100.0,100.0,100.0,100.0,100.0,0.0,100.0,100.0,0.0,100.0,100.0,0.0,32.7,100.0,0.0,51.2,100.0,0.0,71.4,100.0,100.0,42.5,100.0,100.0,100.0,100.0,50.0,76.3,100.0,0.0,100.0,100.0,28.4,100.0,0.0,100.0,100.0,100.0
2026-02-04T14:52:52.387704,4.3,4.7,28,61.7,128.8,1,45.7,0.0,17.7,1.4,4.3,0.0,1.4,0.0,1.4,1.5,21.4,0.0,0.7,0.0,0.0,0.0,7.2,0.0,2.1,0.0,2.2,0.0,2.2,0.0,2.9,0.0,0.7,5.0,0.0,0.0,0.0,0.0,0.0,0.0,0.7,1.4,0.0,0.0,0.0,0.0,0.7,2.2,0.0,5.7,0.7,2.9,0.7,5.1,100.0,0.0,100.0,0.0,0.0,100.0,0.0,0.0,100.0,100.0,0.0,100.0,0.0,0.0,100.0,0.0,0.0,100.0,100.0,0.0,100.0,100.0,100.0,0.0,100.0,0.0,0.0,100.0,0.0,0.0,100.0,0.0,0.0,0.0,0.0,100.0,100.0,100.0,0.0,100.0,0.0,0.0,100.0,100.0,0.0,0.0,100.0,0.0
2026-02-04T14:52:54.557493,6.5,1.3,4,31.1,156.9,1,8.6,0.0,10.3,0.0,1.4,0.0,0.7,0.0,0.7,0.0,4.3,0.0,1.4,0.0,1.4,0.0,2.2,0.0,3.6,0.0,1.4,1.4,3.6,0.0,0.7,39.2,3.6,5.7,2.2,0.0,0.0,0.0,0.0,0.0,2.2,0.0,0.7,0.7,0.0,0.0,2.1,0.0,0.0,1.4,0.7,1.4,0.7,0.0,0.0,0.0,0.0,0.0,0.0,0.0,0.0,0.0,0.0,0.0,0.0,0.0,0.0,0.0,0.0,0.0,0.0,0.0,0.0,0.0,0.0,0.0,0.0,0.0,0.0,0.0,0.0,0.0,0.0,0.0,0.0,0.0,0.0,0.0,0.0,0.0,0.0,0.0,0.0,0.0,0.0,0.0,0.0,0.0,0.0,0.0,0.0,0.0
2026-02-04T14:52:56.725632,8.7,1.6,2,31.0,170.8,1,51.1,2.9,20.9,0.0,1.4,0.0,0.0,1.4,0.0,0.7,1.4,0.0,0.0,0.0,0.0,0.0,0.0,0.0,0.0,0.7,0.0,0.0,2.9,0.0,2.2,2.2,1.4,2.1,2.1,0.0,0.0,0.0,0.7,0.0,0.0,0.0,0.0,0.0,0.0,0.0,0.7,1.4,0.0,1.4,0.0,0.0,0.0,0.7,0.0,0.0,0.0,0.0,0.0,0.0,0.0,0.0,0.0,0.0,0.0,0.0,0.0,0.0,0.0,0.0,0.0,0.0,0.0,0.0,0.0,0.0,0.0,0.0,0.0,0.0,0.0,0.0,0.0,0.0,0.0,0.0,0.0,0.0,0.0,0.0,0.0,0.0,0.0,0.0,0.0,0.0,0.0,0.0,0.0,0.0,0.0,0.0
2026-02-04T14:52:58.894772,10.8,4.7,4,0.0,187.9,1,60.7,1.4,12.7,0.0,3.6,8.6,2.9,0.7,1.4,0.7,9.4,0.5,0.7,0.0,0.7,0.0,2.9,0.0,1.2,0.0,4.3,0.0,2.2,0.0,2.9,0.7,3.6,2.2,4.4,1.4,0.7,3.5,0.0,0.0,0.7,0.7,0.0,0.0,0.0,0.0,2.1,0.7,0.7,0.7,0.7,0.0,0.0,0.0,0.0,0.0,0.0,0.0,0.0,0.0,0.0,0.0,0.0,0.0,0.0,0.0,0.0,0.0,0.0,0.0,0.0,0.0,0.0,0.0,0.0,0.0,0.0,0.0,0.0,0.0,0.0,0.0,0.0,0.0,0.0,0.0,0.0,0.0,0.0,0.0,0.0,0.0,0.0,0.0,0.0,0.0,0.0,0.0,0.0,0.0,0.0,0.0
2026-02-04T14:53:01.064873,13.0,15.2,48,0.0,187.9,1,52.5,68.3,80.7,69.5,80.0,67.4,72.1,67.6,67.9,67.6,71.9,65.7,69.3,67.1,70.9,66.9,66.4,66.0,66.0,65.5,69.1,68.3,69.0,67.1,70.0,68.3,69.0,66.4,65.5,66.4,68.1,67.6,68.6,66.0,67.4,64.3,68.8,64.8,71.6,61.0,62.6,62.1,70.2,64.0,59.2,60.3,68.5,66.2,0.0,0.0,0.0,0.0,0.0,0.0,0.0,0.0,0.0,0.0,0.0,0.0,0.0,0.0,0.0,0.0,0.0,0.0,0.0,0.0,0.0,0.0,0.0,0.0,0.0,0.0,0.0,0.0,0.0,0.0,0.0,0.0,0.0,0.0,0.0,0.0,0.0,0.0,0.0,0.0,0.0,0.0,0.0,0.0,0.0,0.0,0.0,0.0
2026-02-04T14:53:03.238517,15.2,2.4,48,0.0,187.9,1,37.7,36.8,60.1,48.2,56.5,34.1,39.0,36.5,39.7,40.9,38.7,35.0,40.1,36.5,37.2,35.8,39.4,34.3,39.0,36.2,38.0,36.2,38.0,36.2,37.4,37.0,37.7,37.7,39.4,35.0,37.2,36.5,43.9,35.8,38.6,34.8,39.1,36.2,38.0,35.0,38.2,36.2,42.5,35.5,38.7,35.0,38.2,38.0,0.0,0.0,0.0,0.0,0.0,0.0,0.0,0.0,0.0,0.0,0.0,0.0,0.0,0.0,0.0,0.0,0.0,0.0,0.0,0.0,0.0,0.0,0.0,0.0,0.0,0.0,0.0,0.0,0.0,0.0,0.0,0.0,0.0,0.0,0.0,0.0,0.0,0.0,0.0,0.0,0.0,0.0,0.0,0.0,0.0,0.0,0.0,0.0
2026-02-04T14:53:05.406696,17.4,2.9,48,0.0,187.9,1,28.4,28.6,56.1,26.4,30.0,29.5,49.6,25.2,28.8,27.1,29.5,27.3,30.3,27.3,27.9,27.1,27.9,25.9,28.5,26.4,28.2,26.6,33.1,27.9,29.5,27.0,25.9,47.1,27.9,25.9,28.1,30.0,26.6,26.6,27.1,32.9,28.6,28.6,28.1,25.2,27.9,24.5,27.2,25.0,27.9,26.6,27.0,24.8,0.0,0.0,0.0,0.0,0.0,0.0,0.0,0.0,0.0,0.0,0.0,0.0,0.0,0.0,0.0,0.0,0.0,0.0,0.0,0.0,0.0,0.0,0.0,0.0,0.0,0.0,0.0,0.0,0.0,0.0,0.0,0.0,0.0,0.0,0.0,0.0,0.0,0.0,0.0,0.0,0.0,0.0,0.0,0.0,0.0,0.0,0.0,0.0
2026-02-04T14:53:07.670422,19.5,2.2,48,11614.5,212.4,2,11.5,13.6,72.9,12.9,40.3,13.7,15.1,12.9,14.4,18.6,16.4,12.9,17.0,12.9,15.7,11.5,13.7,12.9,15.5,12.2,13.7,13.7,14.3,12.2,14.4,12.9,12.9,15.1,13.6,14.4,13.7,12.9,15.6,12.9,13.6,12.9,14.3,12.9,14.4,13.8,13.0,12.9,20.1,12.9,13.8,12.9,13.7,13.7,0.0,0.0,0.0,0.0,0.0,0.0,0.0,0.0,0.0,0.0,0.0,0.0,0.0,0.0,0.0,0.0,0.0,0.0,0.0,0.0,0.0,0.0,0.0,0.0,0.0,0.0,0.0,0.0,0.0,0.0,0.0,0.0,0.0,0.0,0.0,0.0,0.0,0.0,0.0,0.0,0.0,0.0,0.0,0.0,0.0,0.0,0.0,0.0
2026-02-04T14:53:09.897117,21.8,42.1,96,93.2,223.4,2,22.1,19.6,56.8,20.0,63.9,20.5,21.9,20.7,20.7,20.0,21.0,21.4,21.9,20.5,20.8,20.0,20.8,20.7,21.1,20.7,21.7,20.0,21.0,20.0,21.2,20.7,21.4,21.4,21.0,21.4,20.0,20.7,23.1,20.5,20.7,20.0,20.7,20.7,20.5,19.9,26.7,20.0,20.5,22.4,20.0,22.1,22.1,21.8,100.0,100.0,100.0,100.0,100.0,100.0,100.0,100.0,100.0,100.0,100.0,100.0,100.0,100.0,100.0,100.0,100.0,100.0,100.0,100.0,100.0,100.0,100.0,100.0,100.0,100.0,100.0,100.0,100.0,100.0,100.0,100.0,100.0,100.0,100.0,100.0,100.0,100.0,100.0,100.0,100.0,100.0,100.0,100.0,100.0,100.0,100.0,100.0
2026-02-04T14:53:12.123183,24.0,76.4,48,123.8,223.4,2,12.6,14.7,56.6,57.3,14.2,14.7,14.2,13.4,14.6,14.0,14.5,14.1,13.4,16.0,14.7,14.0,15.2,14.1,15.0,14.1,14.4,14.0,14.7,14.0,15.4,13.4,15.4,13.3,13.8,13.3,13.4,13.4,14.6,14.7,14.9,14.0,14.8,14.7,13.9,14.1,13.9,14.0,14.2,14.0,13.3,14.0,14.1,13.3,0.0,0.0,0.0,0.0,0.0,0.0,0.0,0.0,0.0,0.0,0.0,0.0,0.0,0.0,0.0,0.0,0.0,0.0,0.0,0.0,0.0,0.0,0.0,0.0,0.0,0.0,0.0,0.0,0.0,0.0,0.0,0.0,0.0,0.0,0.0,0.0,0.0,0.0,0.0,0.0,0.0,0.0,0.0,0.0,0.0,0.0,0.0,0.0
2026-02-04T14:53:14.352374,26.2,99.0,48,123.8,223.6,2,15.3,12.7,57.3,12.5,14.5,12.5,14.5,12.5,13.3,14.0,15.5,12.5,13.2,16.6,11.9,12.5,14.8,13.1,13.9,13.1,12.6,13.1,13.1,14.0,16.8,13.1,14.5,14.7,12.6,13.1,13.1,13.1,13.8,13.1,14.4,13.1,13.1,15.3,14.0,13.1,13.3,13.1,13.7,14.0,13.1,13.2,13.1,13.9,0.0,0.0,0.0,0.0,0.0,0.0,0.0,0.0,0.0,0.0,0.0,0.0,0.0,0.0,0.0,0.0,0.0,0.0,0.0,0.0,0.0,0.0,0.0,0.0,0.0,0.0,0.0,0.0,0.0,0.0,0.0,0.0,0.0,0.0,0.0,0.0,0.0,0.0,0.0,0.0,0.0,0.0,0.0,0.0,0.0,0.0,0.0,0.0
2026-02-04T14:53:16.579060,28.5,2.5,48,8817.2,223.6,2,15.4,55.3,52.1,9.9,10.5,9.9,10.5,11.3,11.3,11.3,16.1,9.9,9.9,11.8,11.9,9.9,11.9,9.3,9.9,9.3,10.6,9.3,9.9,9.2,10.6,9.9,9.2,12.8,9.2,9.3,9.2,9.2,9.9,10.0,10.4,10.7,10.0,9.9,9.9,9.3,10.7,9.3,9.3,9.9,9.9,10.0,9.3,10.0,0.0,0.0,0.0,0.0,0.0,0.0,0.0,0.0,0.0,0.0,0.0,0.0,0.0,0.0,0.0,0.0,0.0,0.0,0.0,0.0,0.0,0.0,0.0,0.0,0.0,0.0,0.0,0.0,0.0,0.0,0.0,0.0,0.0,0.0,0.0,0.0,0.0,0.0,0.0,0.0,0.0,0.0,0.0,0.0,0.0,0.0,0.0,0.0
2026-02-04T14:53:18.805820,30.7,1.9,95,92.9,223.5,2,14.1,13.3,99.3,13.3,14.8,13.3,14.1,13.3,14.7,13.4,15.5,13.7,14.1,15.3,14.2,13.3,16.8,14.0,15.3,13.3,14.8,13.3,16.3,13.4,14.9,13.3,13.4,15.4,14.9,13.3,14.1,14.0,15.4,13.3,12.0,13.4,13.4,13.3,14.8,14.0,13.9,13.3,14.1,14.7,13.4,14.8,15.3,13.4,0.0,50.0,50.0,50.0,50.0,50.0,50.0,50.0,50.0,50.0,50.0,50.0,50.0,50.0,50.0,50.0,50.0,50.0,50.0,50.0,50.0,50.0,50.0,50.0,50.0,50.0,50.0,50.0,50.0,50.0,50.0,50.0,50.0,50.0,50.0,50.0,50.0,50.0,50.0,50.0,50.0,50.0,50.0,50.0,50.0,50.0,50.0,50.0
2026-02-04T14:53:21.032706,32.9,5.4,95,93.4,223.6,2,14.6,14.1,50.0,37.8,44.4,22.4,18.9,14.1,15.5,16.4,19.4,13.7,16.0,14.2,13.9,14.7,14.7,14.7,14.1,14.1,16.1,14.1,14.0,14.8,14.5,14.1,14.0,18.2,15.2,14.1,19.6,15.3,15.4,14.1,16.7,15.9,14.7,14.6,15.2,14.1,20.5,13.9,14.0,14.7,14.9,13.8,14.8,17.2,100.0,100.0,100.0,100.0,100.0,100.0,100.0,100.0,100.0,100.0,100.0,100.0,100.0,100.0,100.0,100.0,100.0,100.0,100.0,100.0,100.0,100.0,100.0,100.0,100.0,100.0,100.0,100.0,100.0,0.0,100.0,100.0,100.0,100.0,100.0,100.0,100.0,100.0,100.0,100.0,100.0,100.0,100.0,100.0,100.0,100.0,100.0,100.0
2026-02-04T14:53:23.259737,35.2,1.9,48,92.4,224.0,2,16.2,14.6,23.9,15.4,33.6,14.1,25.4,15.4,17.5,16.2,16.2,15.3,14.8,15.4,16.2,14.8,15.6,16.1,14.7,16.0,16.2,15.4,14.9,16.0,16.4,14.7,15.4,16.2,15.5,15.4,17.0,14.8,16.2,15.4,14.4,17.6,15.3,15.5,15.6,14.7,15.5,16.3,15.3,16.1,15.3,64.8,15.4,15.6,0.0,0.0,0.0,0.0,0.0,0.0,0.0,0.0,0.0,0.0,0.0,0.0,0.0,0.0,0.0,0.0,0.0,0.0,0.0,0.0,0.0,0.0,0.0,0.0,0.0,0.0,0.0,0.0,0.0,0.0,0.0,0.0,0.0,0.0,0.0,0.0,0.0,0.0,0.0,0.0,0.0,0.0,0.0,0.0,0.0,0.0,0.0,0.0
2026-02-04T14:53:25.492371,37.4,31.0,48,8744.2,224.0,2,9.0,9.8,11.8,9.0,9.0,12.4,50.3,9.0,11.0,9.8,13.9,9.0,10.4,8.3,9.7,8.3,10.4,8.3,8.4,9.7,9.8,9.7,9.0,10.3,9.7,9.7,11.8,10.5,9.8,9.7,10.3,8.3,9.0,9.0,8.3,9.8,10.5,9.1,9.0,9.7,10.5,9.0,9.8,9.1,9.1,8.3,9.0,11.8,0.0,0.0,0.0,0.0,0.0,0.0,0.0,0.0,0.0,0.0,0.0,0.0,0.0,0.0,0.0,0.0,0.0,0.0,0.0,0.0,0.0,0.0,0.0,0.0,0.0,0.0,0.0,0.0,0.0,0.0,0.0,0.0,0.0,0.0,0.0,0.0,0.0,0.0,0.0,0.0,0.0,0.0,0.0,0.0,0.0,0.0,0.0,0.0
2026-02-04T14:53:27.718800,39.6,2.3,48,93.4,224.0,2,15.6,12.6,52.7,12.8,14.0,17.1,14.2,12.8,13.2,18.2,15.6,12.8,12.7,14.2,14.0,12.8,13.5,12.8,13.5,13.5,13.5,14.2,63.1,13.4,14.2,15.2,12.7,15.4,16.1,13.4,15.5,12.8,14.2,14.2,13.5,14.2,13.4,16.2,13.4,12.6,14.2,12.8,13.4,13.4,13.5,12.8,14.2,13.5,0.0,0.0,0.0,0.0,0.0,0.0,0.0,0.0,0.0,0.0,0.0,0.0,0.0,0.0,0.0,0.0,0.0,0.0,0.0,0.0,0.0,0.0,0.0,0.0,0.0,0.0,0.0,0.0,0.0,0.0,0.0,0.0,0.0,0.0,0.0,0.0,0.0,0.0,0.0,0.0,0.0,0.0,0.0,0.0,0.0,0.0,0.0,0.0
2026-02-04T14:53:29.986260,41.8,2.4,48,92.4,224.4,2,13.8,67.4,28.2,15.5,34.0,16.0,16.0,15.5,17.6,15.6,18.8,15.5,16.1,14.8,16.3,14.8,15.5,15.5,14.7,18.3,16.2,15.5,14.8,14.9,14.8,19.6,16.3,19.6,15.6,15.5,15.5,14.1,16.6,15.5,17.2,17.4,15.6,16.2,15.6,16.3,15.5,16.2,16.3,15.4,16.2,15.5,16.1,16.0,0.0,0.0,0.0,0.0,0.0,0.0,0.0,0.0,0.0,0.0,0.0,0.0,0.0,0.0,0.0,0.0,0.0,0.0,0.0,0.0,0.0,0.0,0.0,0.0,0.0,0.0,0.0,0.0,0.0,0.0,0.0,0.0,0.0,0.0,0.0,0.0,0.0,0.0,0.0,0.0,0.0,0.0,0.0,0.0,0.0,0.0,0.0,0.0
2026-02-04T14:53:32.212854,44.1,96.2,48,93.2,224.9,2,13.8,13.7,20.3,13.7,97.9,14.3,16.6,13.7,15.9,13.7,18.4,13.7,14.6,14.3,13.7,14.4,13.7,14.4,15.0,13.7,16.3,14.3,15.0,14.9,14.4,14.9,15.0,15.2,16.3,14.4,15.6,13.7,15.2,14.3,14.5,14.3,15.8,13.7,14.9,16.1,14.4,13.6,15.0,15.2,14.4,13.7,13.7,15.2,0.0,0.0,0.0,0.0,0.0,0.0,0.0,0.0,0.0,0.0,0.0,0.0,0.0,0.0,0.0,0.0,0.0,0.0,0.0,0.0,0.0,0.0,0.0,0.0,0.0,0.0,0.0,0.0,0.0,0.0,0.0,0.0,0.0,0.0,0.0,0.0,0.0,0.0,0.0,0.0,0.0,0.0,0.0,0.0,0.0,0.0,0.0,0.0
2026-02-04T14:53:34.439384,46.3,2.6,48,93.0,225.1,2,8.4,7.0,99.3,7.0,11.9,7.7,7.0,7.7,8.5,7.0,10.6,7.7,9.0,7.0,7.0,7.0,7.0,7.0,7.7,7.0,7.8,7.8,7.7,7.1,7.7,7.1,7.8,9.1,7.8,6.3,8.5,7.0,9.0,7.0,7.1,9.1,7.0,7.0,7.1,11.0,7.7,7.0,7.1,7.1,7.0,7.7,7.0,7.1,0.0,0.0,0.0,0.0,0.0,0.0,0.0,0.0,0.0,0.0,0.0,0.0,0.0,0.0,0.0,0.0,0.0,0.0,0.0,0.0,0.0,0.0,0.0,0.0,0.0,0.0,0.0,0.0,0.0,0.0,0.0,0.0,0.0,0.0,0.0,0.0,0.0,0.0,0.0,0.0,0.0,0.0,0.0,0.0,0.0,0.0,0.0,0.0
2026-02-04T14:53:36.666581,48.6,1.7,48,92.8,226.2,2,16.7,14.8,34.0,69.2,18.3,17.1,16.9,14.7,19.4,15.8,20.8,14.7,16.3,16.2,16.2,15.4,17.4,15.4,15.6,16.1,15.4,15.4,15.5,16.6,16.7,15.3,16.1,16.9,17.5,15.4,17.6,15.3,16.9,14.7,15.4,14.7,15.4,15.4,16.1,18.6,17.4,15.4,15.4,16.7,16.1,14.8,16.1,15.3,0.0,0.0,0.0,0.0,0.0,0.0,0.0,0.0,0.0,0.0,0.0,0.0,0.0,0.0,0.0,0.0,0.0,0.0,0.0,0.0,0.0,0.0,0.0,0.0,0.0,0.0,0.0,0.0,0.0,0.0,0.0,0.0,0.0,0.0,0.0,0.0,0.0,0.0,0.0,0.0,0.0,0.0,0.0,0.0,0.0,0.0,0.0,0.0
2026-02-04T14:53:38.892011,50.8,2.5,48,93.3,226.2,2,7.7,8.3,10.4,55.9,8.3,8.3,7.7,7.7,7.9,8.2,9.8,7.7,7.4,7.7,7.7,9.2,7.7,7.7,7.6,7.7,9.0,7.7,7.7,7.7,7.7,7.7,7.7,10.5,8.5,7.7,8.6,7.7,7.7,12.0,8.3,7.7,7.7,7.7,8.4,9.2,7.8,7.7,7.7,8.5,7.6,7.6,7.7,9.0,0.0,0.0,0.0,0.0,0.0,0.0,0.0,0.0,0.0,0.0,0.0,0.0,0.0,0.0,0.0,0.0,0.0,0.0,0.0,0.0,0.0,0.0,0.0,0.0,0.0,0.0,0.0,0.0,0.0,0.0,0.0,0.0,0.0,0.0,0.0,0.0,0.0,0.0,0.0,0.0,0.0,0.0,0.0,0.0,0.0,0.0,0.0,0.0
2026-02-04T14:53:41.124999,53.0,1.0,48,123.5,226.3,2,16.1,13.4,16.0,24.1,17.0,14.1,14.7,14.0,14.5,14.0,19.7,13.3,14.8,14.0,14.1,14.7,14.8,14.1,16.5,14.1,16.1,14.0,15.2,14.0,14.7,14.0,14.6,14.7,14.0,15.5,15.1,14.0,15.3,14.0,16.4,14.0,14.7,13.4,14.8,14.0,14.7,15.2,14.0,14.0,16.1,16.2,14.0,14.2,0.0,0.0,0.0,0.0,0.0,0.0,0.0,0.0,0.0,0.0,0.0,0.0,0.0,0.0,0.0,0.0,0.0,0.0,0.0,0.0,0.0,0.0,0.0,0.0,0.0,0.0,0.0,0.0,0.0,0.0,0.0,0.0,0.0,0.0,0.0,0.0,0.0,0.0,0.0,0.0,0.0,0.0,0.0,0.0,0.0,0.0,0.0,0.0
2026-02-04T14:53:43.351170,55.2,2.2,48,93.3,226.2,2,7.7,7.7,12.4,7.0,7.6,6.9,8.4,7.6,8.3,7.7,9.1,7.0,8.5,7.7,7.6,7.0,8.4,7.0,7.0,7.0,7.6,7.6,12.9,7.6,7.0,57.6,7.7,11.2,9.0,7.7,7.8,7.0,9.2,7.7,6.2,8.3,7.7,7.7,7.7,11.8,6.9,8.4,7.7,7.6,7.5,7.7,7.7,7.0,0.0,0.0,0.0,0.0,0.0,0.0,0.0,0.0,0.0,0.0,0.0,0.0,0.0,0.0,0.0,0.0,0.0,0.0,0.0,0.0,0.0,0.0,0.0,0.0,0.0,0.0,0.0,0.0,0.0,0.0,0.0,0.0,0.0,0.0,0.0,0.0,0.0,0.0,0.0,0.0,0.0,0.0,0.0,0.0,0.0,0.0,0.0,0.0
2026-02-04T14:53:45.578175,57.5,5.7,48,92.9,226.2,2,15.9,30.1,23.6,16.2,16.9,17.6,15.6,16.2,16.0,19.2,18.9,15.5,15.9,16.2,16.9,15.5,16.1,15.5,15.3,16.7,16.9,15.5,17.8,18.3,16.1,25.5,16.1,16.8,18.3,16.1,16.6,15.5,16.1,15.5,19.0,16.8,15.5,16.1,15.4,75.4,17.6,16.7,16.1,18.3,14.8,15.3,19.4,15.2,0.0,0.0,0.0,0.0,0.0,0.0,0.0,0.0,0.0,0.0,0.0,0.0,0.0,0.0,0.0,0.0,0.0,0.0,0.0,0.0,0.0,0.0,0.0,0.0,0.0,0.0,0.0,0.0,0.0,0.0,0.0,0.0,0.0,0.0,0.0,0.0,0.0,0.0,0.0,0.0,0.0,0.0,0.0,0.0,0.0,0.0,0.0,0.0
2026-02-04T14:53:47.805618,59.7,0.0,48,92.6,226.2,2,7.8,53.6,9.1,7.7,7.7,7.7,7.7,8.3,8.5,7.7,8.4,8.4,7.8,7.0,8.3,7.6,7.7,7.7,7.7,8.4,7.7,7.7,11.7,7.7,7.8,8.4,7.7,9.1,7.8,9.0,8.5,7.7,9.1,7.7,7.7,7.7,7.7,7.7,7.7,7.7,9.1,8.5,7.7,7.7,7.7,11.3,12.5,8.5,0.0,0.0,0.0,0.0,0.0,0.0,0.0,0.0,0.0,0.0,0.0,0.0,0.0,0.0,0.0,0.0,0.0,0.0,0.0,0.0,0.0,0.0,0.0,0.0,0.0,0.0,0.0,0.0,0.0,0.0,0.0,0.0,0.0,0.0,0.0,0.0,0.0,0.0,0.0,0.0,0.0,0.0,0.0,0.0,0.0,0.0,0.0,0.0
2026-02-04T14:53:50.033057,61.9,2.2,48,93.3,226.2,2,14.7,30.1,19.2,15.5,16.8,15.4,15.5,15.5,15.3,16.1,16.9,14.8,15.4,15.5,19.7,15.5,14.6,15.5,16.1,15.4,15.5,16.1,16.1,17.4,16.1,75.4,16.9,16.1,16.1,14.8,17.4,14.8,19.9,15.5,15.3,15.5,16.8,15.5,16.2,14.8,15.5,16.2,15.5,15.5,14.6,16.2,12.3,15.5,0.0,0.0,0.0,0.0,0.0,0.0,0.0,0.0,0.0,0.0,0.0,0.0,0.0,0.0,0.0,0.0,0.0,0.0,0.0,0.0,0.0,0.0,0.0,0.0,0.0,0.0,0.0,0.0,0.0,0.0,0.0,0.0,0.0,0.0,0.0,0.0,0.0,0.0,0.0,0.0,0.0,0.0,0.0,0.0,0.0,0.0,0.0,0.0
2026-02-04T14:53:52.294843,64.2,2.3,48,123.4,226.2,2,6.9,37.3,29.9,7.7,8.5,8.4,8.3,9.8,7.7,7.7,9.2,7.7,7.7,7.7,8.5,7.7,7.8,7.7,7.7,8.5,8.4,7.7,9.8,9.7,7.7,8.5,9.1,9.9,6.3,7.7,8.5,7.7,52.8,8.3,7.8,8.4,9.2,7.7,7.7,7.7,8.3,7.6,7.7,7.7,7.8,11.2,7.7,7.7,0.0,0.0,0.0,0.0,0.0,0.0,0.0,0.0,0.0,0.0,0.0,0.0,0.0,0.0,0.0,0.0,0.0,0.0,0.0,0.0,0.0,0.0,0.0,0.0,0.0,0.0,0.0,0.0,0.0,0.0,0.0,0.0,0.0,0.0,0.0,0.0,0.0,0.0,0.0,0.0,0.0,0.0,0.0,0.0,0.0,0.0,0.0,0.0
2026-02-04T14:53:54.521409,66.4,2.2,82,92.8,226.2,2,15.9,15.9,88.1,15.2,17.2,15.9,15.9,14.5,16.0,18.6,16.7,15.9,16.0,16.3,16.3,15.9,15.2,15.9,16.0,15.2,15.8,16.6,17.1,16.0,14.5,16.9,15.8,17.2,15.9,15.2,15.9,15.2,31.0,16.0,15.8,16.6,15.9,15.9,15.2,15.2,17.2,17.2,15.8,17.8,15.2,15.3,15.2,16.7,100.0,100.0,100.0,100.0,100.0,100.0,100.0,100.0,100.0,100.0,100.0,100.0,100.0,100.0,100.0,100.0,100.0,100.0,100.0,100.0,100.0,100.0,100.0,100.0,100.0,100.0,100.0,100.0,100.0,100.0,100.0,100.0,100.0,100.0,0.0,0.0,0.0,0.0,0.0,0.0,0.0,0.0,0.0,0.0,0.0,0.0,0.0,0.0
2026-02-04T14:53:56.747970,68.6,2.8,47,124.1,226.2,2,9.0,7.0,61.2,50.0,6.3,6.3,8.4,7.8,7.7,6.3,8.3,6.3,7.7,6.3,7.0,7.4,10.5,6.3,6.4,6.3,6.3,8.3,4.9,7.0,6.3,8.7,7.0,7.0,6.3,8.7,8.3,7.9,6.3,11.8,7.0,7.0,6.3,7.9,10.4,8.7,6.3,7.1,6.3,7.7,6.3,6.3,6.3,6.3,0.0,0.0,0.0,0.0,0.0,0.0,0.0,0.0,0.0,0.0,0.0,0.0,0.0,0.0,0.0,0.0,0.0,0.0,0.0,0.0,0.0,0.0,0.0,0.0,0.0,0.0,0.0,0.0,0.0,0.0,0.0,0.0,0.0,0.0,0.0,0.0,0.0,0.0,0.0,0.0,0.0,0.0,0.0,0.0,0.0,0.0,0.0,0.0
2026-02-04T14:53:58.974500,70.9,2.3,48,93.1,226.2,2,14.2,14.0,32.7,29.1,16.1,13.3,16.1,11.2,16.0,16.8,18.2,14.1,14.9,13.3,18.1,12.7,10.5,13.3,16.0,13.3,14.6,11.6,15.4,13.4,14.7,11.8,14.8,14.0,14.7,10.6,12.2,11.6,13.9,12.0,14.1,14.0,14.1,11.7,12.9,11.7,14.8,12.6,14.0,16.1,14.7,14.1,18.3,13.3,0.0,0.0,0.0,0.0,0.0,0.0,0.0,0.0,0.0,0.0,0.0,0.0,0.0,0.0,0.0,0.0,0.0,0.0,0.0,0.0,0.0,0.0,0.0,0.0,0.0,0.0,0.0,0.0,0.0,0.0,0.0,0.0,0.0,0.0,0.0,0.0,0.0,0.0,0.0,0.0,0.0,0.0,0.0,0.0,0.0,0.0,0.0,0.0
2026-02-04T14:54:01.201890,73.1,3.6,48,123.9,226.4,2,7.0,51.4,61.1,7.0,8.4,9.2,9.2,7.0,8.4,7.0,9.9,7.6,7.7,7.7,14.9,7.0,8.5,7.7,9.0,7.7,9.1,7.0,11.3,10.5,7.7,7.6,8.5,11.1,8.5,7.0,7.7,7.0,8.5,7.7,7.0,7.7,7.7,7.7,7.0,7.7,8.4,8.5,7.7,7.0,8.3,7.7,7.7,7.0,0.0,0.0,0.0,0.0,0.0,0.0,0.0,0.0,0.0,0.0,0.0,0.0,0.0,0.0,0.0,0.0,0.0,0.0,0.0,0.0,0.0,0.0,0.0,0.0,0.0,0.0,0.0,0.0,0.0,0.0,0.0,0.0,0.0,0.0,0.0,0.0,0.0,0.0,0.0,0.0,0.0,0.0,0.0,0.0,0.0,0.0,0.0,0.0
2026-02-04T14:54:03.427418,75.3,2.4,48,93.3,226.4,2,18.1,30.5,75.0,14.0,14.2,13.3,14.8,13.3,15.5,12.6,15.4,14.1,14.7,13.4,14.1,14.7,13.2,14.8,15.3,14.0,14.1,14.0,20.1,13.3,14.8,14.1,15.3,16.0,13.4,14.0,14.0,15.8,14.0,13.3,14.0,15.2,14.7,13.3,14.7,15.4,15.5,13.9,14.8,14.1,13.4,12.7,14.7,13.4,0.0,0.0,0.0,0.0,0.0,0.0,0.0,0.0,0.0,0.0,0.0,0.0,0.0,0.0,0.0,0.0,0.0,0.0,0.0,0.0,0.0,0.0,0.0,0.0,0.0,0.0,0.0,0.0,0.0,0.0,0.0,0.0,0.0,0.0,0.0,0.0,0.0,0.0,0.0,0.0,0.0,0.0,0.0,0.0,0.0,0.0,0.0,0.0
2026-02-04T14:54:05.652998,77.5,1.6,48,123.8,226.4,2,9.2,9.4,15.5,7.7,9.7,8.4,8.3,12.9,7.7,7.7,11.2,7.7,8.3,7.7,9.2,7.7,9.1,7.7,8.5,7.7,8.3,7.7,62.0,7.7,7.7,7.7,9.1,11.2,8.4,7.7,9.4,11.6,8.5,7.7,7.7,7.7,8.5,7.7,8.5,7.7,9.1,7.7,7.7,8.3,7.7,7.7,7.7,7.7,0.0,0.0,0.0,0.0,0.0,0.0,0.0,0.0,0.0,0.0,0.0,0.0,0.0,0.0,0.0,0.0,0.0,0.0,0.0,0.0,0.0,0.0,0.0,0.0,0.0,0.0,0.0,0.0,0.0,0.0,0.0,0.0,0.0,0.0,0.0,0.0,0.0,0.0,0.0,0.0,0.0,0.0,0.0,0.0,0.0,0.0,0.0,0.0
2026-02-04T14:54:07.880895,79.8,54.9,48,93.3,226.4,2,18.2,14.1,25.3,14.6,15.5,75.7,16.1,10.9,14.8,15.3,16.0,15.3,15.4,14.6,15.3,15.3,14.6,15.2,13.2,15.3,19.0,14.6,14.6,15.3,14.6,15.9,15.3,16.0,14.6,14.6,13.2,14.8,16.0,15.3,17.4,14.6,14.6,14.6,14.6,14.6,14.8,14.6,15.4,16.2,15.3,14.7,14.6,15.2,0.0,0.0,0.0,0.0,0.0,0.0,0.0,0.0,0.0,0.0,0.0,0.0,0.0,0.0,0.0,0.0,0.0,0.0,0.0,0.0,0.0,0.0,0.0,0.0,0.0,0.0,0.0,0.0,0.0,0.0,0.0,0.0,0.0,0.0,0.0,0.0,0.0,0.0,0.0,0.0,0.0,0.0,0.0,0.0,0.0,0.0,0.0,0.0
2026-02-04T14:54:10.107230,82.0,2.3,48,123.6,226.4,2,16.3,40.6,62.3,7.8,9.8,7.8,9.7,7.8,7.6,9.1,9.8,8.5,8.5,8.3,9.7,7.8,7.8,7.8,8.5,7.1,8.5,7.8,7.8,7.8,7.8,7.8,7.8,9.2,8.5,7.8,7.7,10.5,8.5,7.8,9.2,8.5,7.8,9.2,7.8,7.8,9.2,7.8,9.1,7.7,10.6,7.7,8.5,7.8,0.0,0.0,0.0,0.0,0.0,0.0,0.0,0.0,0.0,0.0,0.0,0.0,0.0,0.0,0.0,0.0,0.0,0.0,0.0,0.0,0.0,0.0,0.0,0.0,0.0,0.0,0.0,0.0,0.0,0.0,0.0,0.0,0.0,0.0,0.0,0.0,0.0,0.0,0.0,0.0,0.0,0.0,0.0,0.0,0.0,0.0,0.0,0.0
2026-02-04T14:54:12.336026,84.2,27.5,48,10083.9,218.8,2,8.3,36.6,74.8,8.3,11.9,9.0,9.2,8.3,9.8,9.8,11.9,8.3,10.4,9.2,9.8,9.0,9.7,8.3,9.8,8.3,8.3,9.0,9.0,9.0,11.1,9.0,8.3,11.2,9.0,8.3,9.9,10.3,9.0,7.6,7.6,9.8,9.7,8.3,9.7,8.3,9.7,8.3,8.4,8.3,9.1,9.0,7.6,9.7,0.0,0.0,0.0,0.0,0.0,0.0,0.0,0.0,0.0,0.0,0.0,0.0,0.0,0.0,0.0,0.0,0.0,0.0,0.0,0.0,0.0,0.0,0.0,0.0,0.0,0.0,0.0,0.0,0.0,0.0,0.0,0.0,0.0,0.0,0.0,0.0,0.0,0.0,0.0,0.0,0.0,0.0,0.0,0.0,0.0,0.0,0.0,0.0
2026-02-04T14:54:14.593227,86.5,3.0,48,123.7,226.4,2,14.2,14.2,26.6,14.2,14.7,15.5,14.0,14.2,13.3,13.5,18.1,13.5,14.2,14.2,15.4,14.9,14.2,14.9,14.2,14.9,14.8,14.2,17.7,14.7,14.2,14.8,14.2,14.1,14.1,14.2,14.2,13.5,14.2,14.2,40.6,14.2,14.2,14.2,14.2,13.5,17.0,14.9,14.0,13.4,14.2,14.2,13.5,14.2,0.0,0.0,0.0,0.0,0.0,0.0,0.0,0.0,0.0,0.0,0.0,0.0,0.0,0.0,0.0,0.0,0.0,0.0,0.0,0.0,0.0,0.0,0.0,0.0,0.0,0.0,0.0,0.0,0.0,0.0,0.0,0.0,0.0,0.0,0.0,0.0,0.0,0.0,0.0,0.0,0.0,0.0,0.0,0.0,0.0,0.0,0.0,0.0
2026-02-04T14:54:16.819330,88.7,1.9,96,5767.0,217.6,2,7.5,8.9,16.1,7.6,11.6,65.1,7.6,7.6,7.6,8.3,8.3,7.8,7.6,7.6,7.7,7.6,7.5,7.6,8.3,7.6,7.7,7.6,7.6,7.7,8.3,7.6,7.6,9.0,7.6,7.6,7.6,8.3,8.2,7.6,42.0,7.6,7.6,7.6,8.9,7.6,7.6,6.9,7.7,7.7,11.7,7.6,7.6,7.6,51.0,70.0,73.2,85.4,74.4,63.3,74.6,74.7,74.9,62.3,68.7,80.6,77.9,83.7,69.4,89.1,75.2,71.5,88.8,89.9,80.8,76.5,83.6,59.7,75.3,78.9,72.8,71.4,70.8,69.4,73.6,73.2,69.9,66.7,72.7,78.2,23.0,34.6,76.8,69.6,76.1,74.9,69.2,64.6,85.3,65.3,75.3,84.6
2026-02-04T14:54:19.045963,90.9,2.3,48,123.7,226.4,2,14.8,16.0,27.0,15.5,20.4,39.2,15.4,15.4,15.6,15.4,15.5,18.4,15.3,16.2,14.7,16.2,18.0,16.2,15.5,15.4,15.4,19.7,15.5,16.1,15.5,16.2,15.5,17.5,15.5,15.5,15.5,14.8,15.5,16.1,15.5,15.5,16.1,16.2,16.7,15.5,13.3,15.4,15.4,16.0,15.5,15.4,16.2,15.5,0.0,0.0,0.0,0.0,0.0,0.0,0.0,0.0,0.0,0.0,0.0,0.0,0.0,0.0,0.0,0.0,0.0,0.0,0.0,0.0,0.0,0.0,0.0,0.0,0.0,0.0,0.0,0.0,0.0,0.0,0.0,0.0,0.0,0.0,0.0,0.0,0.0,0.0,0.0,0.0,0.0,0.0,0.0,0.0,0.0,0.0,0.0,0.0
2026-02-04T14:54:21.271592,93.2,100.0,48,93.3,226.4,2,9.8,7.3,18.0,55.1,18.1,50.0,9.2,14.3,8.1,7.5,10.5,7.1,8.5,13.9,7.6,11.5,7.4,9.8,9.0,14.3,9.0,13.3,7.0,8.3,7.7,15.5,7.0,9.1,9.1,15.3,7.0,15.5,15.5,19.7,14.1,15.5,14.1,8.2,8.3,14.1,7.4,9.0,8.3,6.9,6.9,10.1,9.8,7.8,0.0,0.0,0.0,0.0,0.0,0.0,0.0,0.0,0.0,0.0,0.0,0.0,0.0,0.0,0.0,0.0,0.0,0.0,0.0,0.0,0.0,0.0,0.0,0.0,0.0,0.0,0.0,0.0,0.0,0.0,0.0,0.0,0.0,0.0,0.0,0.0,0.0,0.0,0.0,0.0,0.0,0.0,0.0,0.0,0.0,0.0,0.0,0.0
2026-02-04T14:54:23.496324,95.4,1.0,48,123.9,226.7,2,15.5,13.6,32.2,13.4,78.9,12.4,18.9,8.9,15.2,16.7,16.8,13.9,16.3,9.3,16.9,10.1,14.8,10.9,16.2,8.9,15.5,9.5,15.5,15.5,16.0,8.8,14.1,18.2,17.1,9.3,14.6,8.9,10.2,9.6,9.3,9.3,9.8,12.6,13.2,9.3,13.8,12.7,14.2,14.2,13.4,17.3,11.6,13.8,0.0,0.0,0.0,0.0,0.0,0.0,0.0,0.0,0.0,0.0,0.0,0.0,0.0,0.0,0.0,0.0,0.0,0.0,0.0,0.0,0.0,0.0,0.0,0.0,0.0,0.0,0.0,0.0,0.0,0.0,0.0,0.0,0.0,0.0,0.0,0.0,0.0,0.0,0.0,0.0,0.0,0.0,0.0,0.0,0.0,0.0,0.0,0.0
2026-02-04T14:54:25.722697,97.6,3.1,48,93.1,226.7,2,9.2,50.7,20.9,7.6,10.4,7.6,6.2,7.0,7.7,8.4,10.6,8.3,7.7,7.0,7.7,7.0,7.0,7.0,6.8,7.0,7.7,7.0,7.0,7.0,9.8,9.7,7.7,11.2,8.4,7.0,8.5,7.0,9.1,7.7,7.7,7.7,8.3,7.6,7.7,7.0,7.1,7.0,7.7,7.7,7.0,7.0,7.7,7.0,0.0,0.0,0.0,0.0,0.0,0.0,0.0,0.0,0.0,0.0,0.0,0.0,0.0,0.0,0.0,0.0,0.0,0.0,0.0,0.0,0.0,0.0,0.0,0.0,0.0,0.0,0.0,0.0,0.0,0.0,0.0,0.0,0.0,0.0,0.0,0.0,0.0,0.0,0.0,0.0,0.0,0.0,0.0,0.0,0.0,0.0,0.0,0.0
2026-02-04T14:54:27.950567,99.8,25.1,48,123.6,226.7,2,14.0,32.9,82.1,14.1,16.9,14.1,19.4,14.0,14.6,14.0,17.6,14.8,14.7,14.0,14.8,14.1,14.1,15.3,14.0,14.8,15.2,14.8,14.7,14.6,14.8,15.3,14.1,14.8,14.8,14.1,15.4,14.0,16.2,14.0,14.7,14.1,16.1,14.1,15.5,14.8,15.3,14.1,15.5,13.9,18.9,14.8,14.7,14.8,0.0,0.0,0.0,0.0,0.0,0.0,0.0,0.0,0.0,0.0,0.0,0.0,0.0,0.0,0.0,0.0,0.0,0.0,0.0,0.0,0.0,0.0,0.0,0.0,0.0,0.0,0.0,0.0,0.0,0.0,0.0,0.0,0.0,0.0,0.0,0.0,0.0,0.0,0.0,0.0,0.0,0.0,0.0,0.0,0.0,0.0,0.0,0.0
2026-02-04T14:54:30.175617,102.1,0.0,48,92.9,226.7,2,7.7,7.1,13.5,10.8,7.0,7.7,65.5,7.7,7.1,8.2,13.3,7.0,7.7,7.5,7.7,7.3,7.0,8.9,7.0,7.5,7.7,7.1,7.7,7.0,8.3,9.8,7.0,10.5,7.0,7.5,7.0,8.2,8.3,8.2,8.2,7.6,7.0,7.5,7.5,7.0,7.0,7.0,7.0,7.0,7.0,7.0,7.0,7.5,0.0,0.0,0.0,0.0,0.0,0.0,0.0,0.0,0.0,0.0,0.0,0.0,0.0,0.0,0.0,0.0,0.0,0.0,0.0,0.0,0.0,0.0,0.0,0.0,0.0,0.0,0.0,0.0,0.0,0.0,0.0,0.0,0.0,0.0,0.0,0.0,0.0,0.0,0.0,0.0,0.0,0.0,0.0,0.0,0.0,0.0,0.0,0.0
2026-02-04T14:54:32.402700,104.3,63.2,48,4056.0,226.7,2,11.8,11.8,17.0,55.4,11.9,11.0,11.2,11.7,11.0,11.2,12.5,11.0,11.9,12.3,12.3,10.7,11.7,10.5,11.0,10.5,16.6,10.3,11.1,11.8,11.8,10.5,11.8,11.8,11.1,11.1,11.7,11.0,12.3,10.5,9.8,11.8,11.7,10.5,11.1,12.3,11.8,11.1,11.0,11.1,10.3,11.8,11.7,11.1,0.0,0.0,0.0,0.0,0.0,0.0,0.0,0.0,0.0,0.0,0.0,0.0,0.0,0.0,0.0,0.0,0.0,0.0,0.0,0.0,0.0,0.0,0.0,0.0,0.0,0.0,0.0,0.0,0.0,0.0,0.0,0.0,0.0,0.0,0.0,0.0,0.0,0.0,0.0,0.0,0.0,0.0,0.0,0.0,0.0,0.0,0.0,0.0
2026-02-04T14:54:34.628905,106.5,4.1,48,93.2,226.7,2,12.0,12.4,16.0,11.4,13.4,12.1,74.5,11.4,12.1,12.3,13.4,11.3,11.3,12.1,13.3,12.5,14.1,11.4,12.0,11.4,13.5,12.1,12.7,11.3,14.1,12.1,12.1,14.8,12.1,14.0,13.4,12.1,16.4,11.4,12.9,11.4,12.8,13.4,11.3,11.4,13.6,13.6,11.4,12.0,11.3,11.4,37.3,12.9,0.0,0.0,0.0,0.0,0.0,0.0,0.0,0.0,0.0,0.0,0.0,0.0,0.0,0.0,0.0,0.0,0.0,0.0,0.0,0.0,0.0,0.0,0.0,0.0,0.0,0.0,0.0,0.0,0.0,0.0,0.0,0.0,0.0,0.0,0.0,0.0,0.0,0.0,0.0,0.0,0.0,0.0,0.0,0.0,0.0,0.0,0.0,0.0
2026-02-04T14:54:36.885012,108.7,1.9,48,93.4,226.7,2,7.7,6.8,43.2,7.7,37.9,7.7,9.1,7.0,11.2,8.3,10.5,7.0,9.2,7.7,9.2,6.8,8.5,8.3,7.8,7.7,8.4,7.7,8.4,7.0,9.2,7.7,8.4,11.2,9.1,7.7,9.2,7.7,7.0,8.3,9.0,7.0,8.4,7.8,8.5,7.7,6.3,9.2,7.7,9.2,7.0,7.0,44.7,7.0,0.0,0.0,0.0,0.0,0.0,0.0,0.0,0.0,0.0,0.0,0.0,0.0,0.0,0.0,0.0,0.0,0.0,0.0,0.0,0.0,0.0,0.0,0.0,0.0,0.0,0.0,0.0,0.0,0.0,0.0,0.0,0.0,0.0,0.0,0.0,0.0,0.0,0.0,0.0,0.0,0.0,0.0,0.0,0.0,0.0,0.0,0.0,0.0
2026-02-04T14:54:39.111903,111.0,2.8,74,92.9,226.7,2,12.5,13.9,94.0,13.1,20.7,14.6,14.5,13.9,13.8,13.2,15.3,13.9,15.2,13.1,14.7,13.2,15.3,14.6,13.8,13.8,15.0,17.9,14.6,14.4,14.4,13.9,14.4,15.9,14.3,13.9,15.2,13.8,16.3,13.2,14.5,18.1,14.6,13.7,14.6,14.3,16.9,13.1,14.5,15.1,14.4,13.8,15.3,13.9,100.0,100.0,0.0,0.0,100.0,100.0,100.0,0.0,0.0,100.0,100.0,0.0,0.0,0.0,100.0,0.0,100.0,100.0,0.0,0.0,0.0,0.0,0.0,100.0,0.0,100.0,100.0,100.0,100.0,100.0,100.0,100.0,0.0,100.0,0.0,0.0,100.0,100.0,0.0,100.0,0.0,100.0,100.0,0.0,100.0,100.0,0.0,0.0
2026-02-04T14:54:41.338310,113.2,2.0,48,93.3,226.7,2,7.0,51.7,56.6,9.7,7.7,6.3,8.5,7.0,7.1,8.3,8.4,7.0,7.7,7.0,7.7,6.3,7.0,6.3,6.3,6.3,7.1,7.0,8.5,7.1,7.8,6.3,6.3,9.1,7.8,6.3,7.0,7.0,7.7,7.0,7.7,7.0,7.0,7.0,7.7,6.4,6.3,7.0,7.7,7.7,12.0,6.2,7.0,7.0,0.0,0.0,0.0,0.0,0.0,0.0,0.0,0.0,0.0,0.0,0.0,0.0,0.0,0.0,0.0,0.0,0.0,0.0,0.0,0.0,0.0,0.0,0.0,0.0,0.0,0.0,0.0,0.0,0.0,0.0,0.0,0.0,0.0,0.0,0.0,0.0,0.0,0.0,0.0,0.0,0.0,0.0,0.0,0.0,0.0,0.0,0.0,0.0
2026-02-04T14:54:43.563920,115.5,67.3,48,93.3,230.4,2,16.1,33.1,23.3,14.7,15.4,16.0,16.1,14.7,16.8,79.6,14.8,19.9,16.1,15.4,16.2,16.1,16.0,16.1,16.2,14.7,16.1,14.7,16.1,14.7,15.4,16.7,15.4,16.8,14.7,14.7,14.7,16.1,14.7,16.7,15.4,14.7,14.7,16.2,14.7,15.4,15.4,14.7,14.7,15.4,14.8,14.8,16.1,15.4,0.0,0.0,0.0,0.0,0.0,0.0,0.0,0.0,0.0,0.0,0.0,0.0,0.0,0.0,0.0,0.0,0.0,0.0,0.0,0.0,0.0,0.0,0.0,0.0,0.0,0.0,0.0,0.0,0.0,0.0,0.0,0.0,0.0,0.0,0.0,0.0,0.0,0.0,0.0,0.0,0.0,0.0,0.0,0.0,0.0,0.0,0.0,0.0
2026-02-04T14:54:45.790316,117.7,2.4,48,93.2,229.5,2,8.5,7.0,75.5,7.0,33.8,8.3,7.8,7.7,7.7,8.5,9.8,8.2,7.7,8.5,8.3,7.0,9.2,7.0,7.7,8.5,8.5,7.0,9.8,7.0,7.7,9.9,7.7,11.2,7.8,7.7,7.7,7.7,9.2,7.7,9.1,7.0,7.0,7.7,7.7,7.0,8.5,7.0,7.0,9.2,12.6,8.5,7.0,8.5,0.0,0.0,0.0,0.0,0.0,0.0,0.0,0.0,0.0,0.0,0.0,0.0,0.0,0.0,0.0,0.0,0.0,0.0,0.0,0.0,0.0,0.0,0.0,0.0,0.0,0.0,0.0,0.0,0.0,0.0,0.0,0.0,0.0,0.0,0.0,0.0,0.0,0.0,0.0,0.0,0.0,0.0,0.0,0.0,0.0,0.0,0.0,0.0
2026-02-04T14:54:48.016576,119.9,2.7,48,93.0,228.6,2,9.1,7.6,55.9,9.7,53.5,6.7,9.1,7.0,7.7,13.4,8.5,6.1,7.7,7.0,8.5,7.7,8.5,7.7,7.7,8.3,7.7,7.0,7.7,7.0,7.7,7.0,8.4,9.8,7.6,7.7,7.7,7.0,7.9,7.0,7.7,7.0,7.1,7.7,7.8,7.7,7.7,7.0,8.4,7.0,6.4,8.5,8.4,6.3,0.0,0.0,0.0,0.0,0.0,0.0,0.0,0.0,0.0,0.0,0.0,0.0,0.0,0.0,0.0,0.0,0.0,0.0,0.0,0.0,0.0,0.0,0.0,0.0,0.0,0.0,0.0,0.0,0.0,0.0,0.0,0.0,0.0,0.0,0.0,0.0,0.0,0.0,0.0,0.0,0.0,0.0,0.0,0.0,0.0,0.0,0.0,0.0
2026-02-04T14:54:50.247669,122.1,2.0,48,10272.4,220.7,2,6.3,7.0,99.3,5.5,9.2,11.8,7.6,7.6,7.6,8.3,9.8,6.9,8.3,6.9,6.9,6.9,7.6,8.3,7.0,7.6,6.9,6.9,7.6,6.9,6.9,6.9,7.0,9.2,9.0,6.9,6.9,6.9,6.8,7.6,7.6,6.9,6.9,7.0,7.6,8.3,7.0,8.3,6.9,7.7,5.6,8.3,6.9,6.9,0.0,0.0,0.0,0.0,0.0,0.0,0.0,0.0,0.0,0.0,0.0,0.0,0.0,0.0,0.0,0.0,0.0,0.0,0.0,0.0,0.0,0.0,0.0,0.0,0.0,0.0,0.0,0.0,0.0,0.0,0.0,0.0,0.0,0.0,0.0,0.0,0.0,0.0,0.0,0.0,0.0,0.0,0.0,0.0,0.0,0.0,0.0,0.0
2026-02-04T14:54:52.473739,124.4,2.6,48,93.4,230.5,2,14.1,28.7,54.2,15.5,48.3,14.8,16.7,16.2,15.5,14.0,16.0,19.9,14.1,18.5,16.8,14.9,16.3,15.5,16.2,14.9,15.6,14.8,15.5,14.8,14.9,14.9,15.4,15.4,15.4,16.2,14.9,16.1,14.9,14.9,14.9,15.5,14.9,14.7,14.7,14.2,20.8,14.8,15.5,15.4,17.5,14.1,14.9,14.9,0.0,0.0,0.0,0.0,0.0,0.0,0.0,0.0,0.0,0.0,0.0,0.0,0.0,0.0,0.0,0.0,0.0,0.0,0.0,0.0,0.0,0.0,0.0,0.0,0.0,0.0,0.0,0.0,0.0,0.0,0.0,0.0,0.0,0.0,0.0,0.0,0.0,0.0,0.0,0.0,0.0,0.0,0.0,0.0,0.0,0.0,0.0,0.0
2026-02-04T14:54:54.699756,126.6,100.0,48,123.9,230.5,2,9.0,66.0,45.1,10.9,9.1,7.7,7.8,10.9,7.7,7.8,11.3,7.9,7.7,11.0,7.7,7.7,7.6,10.9,9.0,9.7,7.6,9.9,8.4,8.0,7.7,10.7,14.0,10.5,7.7,10.7,10.9,10.9,10.9,10.9,10.9,10.9,10.9,7.8,11.0,10.9,7.7,7.8,11.0,7.8,7.7,11.0,10.9,10.9,0.0,0.0,0.0,0.0,0.0,0.0,0.0,0.0,0.0,0.0,0.0,0.0,0.0,0.0,0.0,0.0,0.0,0.0,0.0,0.0,0.0,0.0,0.0,0.0,0.0,0.0,0.0,0.0,0.0,0.0,0.0,0.0,0.0,0.0,0.0,0.0,0.0,0.0,0.0,0.0,0.0,0.0,0.0,0.0,0.0,0.0,0.0,0.0
2026-02-04T14:54:56.925538,128.8,3.3,48,93.0,228.6,2,9.0,7.7,99.3,5.4,10.6,7.0,8.3,5.4,8.3,7.7,8.5,7.6,7.7,9.7,7.7,7.0,7.7,5.4,8.5,6.9,7.8,5.7,7.7,6.8,7.6,5.5,8.5,9.0,7.0,5.5,6.5,6.0,6.0,6.0,5.4,6.0,6.0,7.7,5.4,6.0,7.0,8.3,5.9,7.6,7.7,5.4,8.7,5.4,0.0,0.0,0.0,0.0,0.0,0.0,0.0,0.0,0.0,0.0,0.0,0.0,0.0,0.0,0.0,0.0,0.0,0.0,0.0,0.0,0.0,0.0,0.0,0.0,0.0,0.0,0.0,0.0,0.0,0.0,0.0,0.0,0.0,0.0,0.0,0.0,0.0,0.0,0.0,0.0,0.0,0.0,0.0,0.0,0.0,0.0,0.0,0.0
2026-02-04T14:54:59.175345,131.0,57.1,48,529.8,231.3,2,11.2,11.0,99.3,11.0,11.9,11.1,13.3,12.5,13.9,11.7,12.5,11.0,11.1,13.1,11.8,11.7,11.9,11.0,12.5,10.8,11.7,11.7,13.8,11.8,16.7,11.0,12.4,12.5,12.4,11.6,11.1,11.0,11.0,11.0,11.0,12.3,11.7,11.1,11.7,11.0,11.8,11.1,11.8,10.5,11.0,11.0,8.4,11.0,0.0,0.0,0.0,0.0,0.0,0.0,0.0,0.0,0.0,0.0,0.0,0.0,0.0,0.0,0.0,0.0,0.0,0.0,0.0,0.0,0.0,0.0,0.0,0.0,0.0,0.0,0.0,0.0,0.0,0.0,0.0,0.0,0.0,0.0,0.0,0.0,0.0,0.0,0.0,0.0,0.0,0.0,0.0,0.0,0.0,0.0,0.0,0.0
2026-02-04T14:55:01.399866,133.3,2.6,94,92.6,230.6,2,11.1,11.3,99.3,10.6,18.2,10.6,11.9,10.6,11.9,10.6,13.3,11.3,11.9,13.8,12.5,11.3,11.9,11.3,12.7,11.3,12.7,11.3,11.3,11.3,11.3,12.0,12.0,14.6,11.3,10.6,12.0,10.6,10.6,11.3,11.3,15.5,10.6,12.0,11.3,10.6,11.3,10.6,11.3,12.0,10.6,11.3,10.6,11.3,51.0,70.0,73.2,85.4,74.4,63.3,74.6,74.7,74.9,62.3,68.8,80.6,77.9,83.7,69.4,89.1,75.2,71.5,88.8,89.9,80.8,76.5,83.6,59.7,75.3,78.9,72.8,71.4,70.8,69.4,73.6,73.2,69.9,66.7,72.7,78.2,23.0,34.6,76.8,69.6,76.1,74.9,69.2,64.6,85.3,65.3,0.0,0.0
2026-02-04T14:55:03.625568,135.5,2.7,48,93.1,231.3,2,6.9,7.0,98.6,7.0,7.7,7.7,7.0,9.2,7.0,10.1,7.1,7.7,7.7,9.7,7.6,7.7,10.4,7.0,7.7,7.7,6.9,7.0,8.3,7.7,6.9,7.6,6.9,13.3,8.3,7.0,7.7,7.7,7.7,7.0,7.0,7.0,7.0,7.0,7.0,7.0,6.2,9.1,6.9,7.6,7.7,7.7,7.7,7.0,0.0,0.0,0.0,0.0,0.0,0.0,0.0,0.0,0.0,0.0,0.0,0.0,0.0,0.0,0.0,0.0,0.0,0.0,0.0,0.0,0.0,0.0,0.0,0.0,0.0,0.0,0.0,0.0,0.0,0.0,0.0,0.0,0.0,0.0,0.0,0.0,0.0,0.0,0.0,0.0,0.0,0.0,0.0,0.0,0.0,0.0,0.0,0.0
2026-02-04T14:55:05.851776,137.7,1.9,48,92.9,230.4,2,7.7,7.7,99.3,7.7,8.4,7.7,9.9,6.2,7.7,6.0,8.3,7.0,7.0,9.1,7.8,8.7,7.7,7.7,8.5,7.0,7.7,7.0,7.8,7.7,7.8,7.8,7.9,8.5,7.7,8.4,8.4,7.7,8.4,7.7,8.4,7.7,7.7,8.4,7.7,7.7,9.9,7.7,7.8,7.8,12.6,7.7,7.7,7.7,0.0,0.0,0.0,0.0,0.0,0.0,0.0,0.0,0.0,0.0,0.0,0.0,0.0,0.0,0.0,0.0,0.0,0.0,0.0,0.0,0.0,0.0,0.0,0.0,0.0,0.0,0.0,0.0,0.0,0.0,0.0,0.0,0.0,0.0,0.0,0.0,0.0,0.0,0.0,0.0,0.0,0.0,0.0,0.0,0.0,0.0,0.0,0.0
2026-02-04T14:55:08.077489,140.0,2.4,48,93.0,230.4,2,9.8,7.7,82.1,8.5,25.9,7.7,9.2,7.7,7.7,8.5,9.9,8.5,7.7,10.3,9.1,8.2,7.1,7.7,7.0,12.7,7.7,7.7,7.7,9.0,7.7,7.7,8.4,9.2,7.7,8.5,7.7,7.7,7.7,7.7,7.7,7.7,9.0,7.7,7.7,8.4,8.5,7.7,8.5,7.7,7.8,7.7,7.7,8.5,0.0,0.0,0.0,0.0,0.0,0.0,0.0,0.0,0.0,0.0,0.0,0.0,0.0,0.0,0.0,0.0,0.0,0.0,0.0,0.0,0.0,0.0,0.0,0.0,0.0,0.0,0.0,0.0,0.0,0.0,0.0,0.0,0.0,0.0,0.0,0.0,0.0,0.0,0.0,0.0,0.0,0.0,0.0,0.0,0.0,0.0,0.0,0.0
2026-02-04T14:55:10.302457,142.2,1.9,48,92.9,231.4,2,7.7,7.7,99.3,7.7,8.5,7.0,7.0,7.0,7.0,7.7,7.7,8.4,7.0,7.0,9.1,7.0,6.9,8.3,6.9,7.7,7.7,7.0,7.7,7.0,7.0,7.7,7.7,7.7,7.7,7.0,8.4,7.7,8.4,7.0,7.7,7.7,7.7,7.0,8.4,7.0,11.2,7.0,7.6,7.0,7.0,7.7,7.0,7.0,0.0,0.0,0.0,0.0,0.0,0.0,0.0,0.0,0.0,0.0,0.0,0.0,0.0,0.0,0.0,0.0,0.0,0.0,0.0,0.0,0.0,0.0,0.0,0.0,0.0,0.0,0.0,0.0,0.0,0.0,0.0,0.0,0.0,0.0,0.0,0.0,0.0,0.0,0.0,0.0,0.0,0.0,0.0,0.0,0.0,0.0,0.0,0.0
2026-02-04T14:55:12.523622,144.4,30.3,48,7352.3,222.6,2,11.8,11.1,98.6,11.1,12.6,11.1,11.2,11.1,11.1,11.1,11.8,11.8,11.1,20.5,11.1,11.1,11.9,11.8,11.2,11.1,12.6,11.1,11.8,11.9,12.4,11.8,13.0,13.8,12.4,12.4,11.1,11.1,11.1,11.9,11.1,11.1,11.1,11.1,11.7,11.1,9.0,11.8,11.9,11.2,11.1,11.1,11.1,11.7,0.0,0.0,0.0,0.0,0.0,0.0,0.0,0.0,0.0,0.0,0.0,0.0,0.0,0.0,0.0,0.0,0.0,0.0,0.0,0.0,0.0,0.0,0.0,0.0,0.0,0.0,0.0,0.0,0.0,0.0,0.0,0.0,0.0,0.0,0.0,0.0,0.0,0.0,0.0,0.0,0.0,0.0,0.0,0.0,0.0,0.0,0.0,0.0
2026-02-04T14:55:14.748363,146.6,4.3,48,92.5,233.6,2,14.0,11.4,20.3,12.1,92.3,11.4,12.1,10.6,12.1,17.7,13.5,11.4,11.4,15.9,11.3,12.1,13.5,10.6,11.3,10.6,12.1,11.4,12.1,11.4,11.4,11.4,12.1,12.0,12.1,11.3,11.3,11.4,11.3,11.3,12.1,10.7,12.1,17.1,11.4,12.1,11.4,12.1,11.4,12.1,12.1,10.7,12.8,10.7,0.0,0.0,0.0,0.0,0.0,0.0,0.0,0.0,0.0,0.0,0.0,0.0,0.0,0.0,0.0,0.0,0.0,0.0,0.0,0.0,0.0,0.0,0.0,0.0,0.0,0.0,0.0,0.0,0.0,0.0,0.0,0.0,0.0,0.0,0.0,0.0,0.0,0.0,0.0,0.0,0.0,0.0,0.0,0.0,0.0,0.0,0.0,0.0
2026-02-04T14:55:16.974493,148.9,2.7,48,93.0,231.9,2,7.7,8.5,84.7,8.4,25.4,9.1,8.4,9.2,7.6,8.5,11.3,9.1,8.5,9.8,8.4,8.4,7.7,8.5,8.5,8.5,9.4,7.7,8.5,8.5,9.2,8.4,8.5,9.9,8.5,8.5,9.9,8.4,8.5,15.7,9.8,8.4,8.4,8.4,8.4,8.4,9.1,8.4,8.5,8.4,7.7,8.4,7.7,8.4,0.0,0.0,0.0,0.0,0.0,0.0,0.0,0.0,0.0,0.0,0.0,0.0,0.0,0.0,0.0,0.0,0.0,0.0,0.0,0.0,0.0,0.0,0.0,0.0,0.0,0.0,0.0,0.0,0.0,0.0,0.0,0.0,0.0,0.0,0.0,0.0,0.0,0.0,0.0,0.0,0.0,0.0,0.0,0.0,0.0,0.0,0.0,0.0
2026-02-04T14:55:19.206347,151.1,2.2,48,92.8,233.8,2,8.5,7.6,35.9,7.7,72.7,7.7,9.1,7.0,8.4,7.0,9.7,7.0,7.6,9.7,9.2,7.7,7.7,8.5,7.7,7.7,7.1,7.7,9.1,8.4,7.7,7.0,8.3,8.5,7.6,7.0,8.4,7.7,8.4,7.0,7.0,7.7,7.7,7.7,7.7,7.0,8.4,7.0,7.7,7.0,7.7,7.0,8.4,7.7,0.0,0.0,0.0,0.0,0.0,0.0,0.0,0.0,0.0,0.0,0.0,0.0,0.0,0.0,0.0,0.0,0.0,0.0,0.0,0.0,0.0,0.0,0.0,0.0,0.0,0.0,0.0,0.0,0.0,0.0,0.0,0.0,0.0,0.0,0.0,0.0,0.0,0.0,0.0,0.0,0.0,0.0,0.0,0.0,0.0,0.0,0.0,0.0
2026-02-04T14:55:21.462935,153.3,2.0,48,92.7,231.9,2,8.3,7.7,93.1,7.7,15.5,9.1,9.9,7.7,7.7,7.7,10.6,7.7,9.9,7.8,7.6,7.7,7.7,6.9,6.3,8.5,7.7,9.0,7.7,10.5,7.7,7.7,9.1,9.8,14.1,7.7,9.8,7.7,9.1,7.7,7.7,9.0,7.7,7.7,7.7,7.7,7.7,8.4,7.7,9.1,7.7,7.7,7.7,7.7,0.0,0.0,0.0,0.0,0.0,0.0,0.0,0.0,0.0,0.0,0.0,0.0,0.0,0.0,0.0,0.0,0.0,0.0,0.0,0.0,0.0,0.0,0.0,0.0,0.0,0.0,0.0,0.0,0.0,0.0,0.0,0.0,0.0,0.0,0.0,0.0,0.0,0.0,0.0,0.0,0.0,0.0,0.0,0.0,0.0,0.0,0.0,0.0
2026-02-04T14:55:23.689282,155.6,3.9,74,93.3,233.8,2,9.1,7.6,10.9,13.2,100.0,7.6,9.8,7.6,7.7,9.0,10.4,8.3,8.3,12.6,9.0,7.8,6.2,7.6,9.0,7.6,8.2,9.0,7.6,7.5,8.3,7.6,8.3,8.3,7.6,7.6,7.6,7.6,7.6,7.5,7.6,8.9,7.6,8.3,7.6,7.6,7.6,8.3,7.6,7.6,7.6,6.9,12.5,7.6,100.0,100.0,0.0,0.0,100.0,100.0,100.0,0.0,0.0,100.0,100.0,0.0,0.0,0.0,100.0,0.0,100.0,100.0,0.0,0.0,0.0,0.0,0.0,100.0,0.0,100.0,100.0,100.0,100.0,100.0,100.0,100.0,0.0,100.0,0.0,0.0,100.0,100.0,0.0,100.0,0.0,100.0,100.0,0.0,100.0,100.0,0.0,0.0
2026-02-04T14:55:25.916187,157.8,1.8,48,92.6,232.9,2,9.0,8.5,64.8,8.4,44.4,9.0,7.6,8.4,8.3,8.4,12.3,7.7,8.5,6.0,8.3,8.2,8.5,8.4,9.2,8.4,8.5,8.4,9.0,8.5,8.5,14.0,8.3,8.4,9.1,8.5,8.4,9.7,9.1,9.2,8.5,8.5,8.4,8.4,8.4,8.4,8.4,8.3,7.7,8.4,8.4,8.4,6.0,14.9,0.0,0.0,0.0,0.0,0.0,0.0,0.0,0.0,0.0,0.0,0.0,0.0,0.0,0.0,0.0,0.0,0.0,0.0,0.0,0.0,0.0,0.0,0.0,0.0,0.0,0.0,0.0,0.0,0.0,0.0,0.0,0.0,0.0,0.0,0.0,0.0,0.0,0.0,0.0,0.0,0.0,0.0,0.0,0.0,0.0,0.0,0.0,0.0
2026-02-04T14:55:28.142545,160.0,4.5,48,92.9,232.9,2,7.0,8.5,98.6,11.9,11.1,6.3,8.3,6.3,9.9,7.7,9.9,7.7,13.2,7.0,7.7,7.0,6.2,7.0,9.8,6.3,7.7,7.7,8.3,8.4,11.7,7.0,7.7,8.4,8.4,6.3,8.5,8.3,7.6,8.4,7.6,9.1,7.0,8.5,9.0,7.0,9.2,7.7,7.6,7.7,8.3,7.7,7.7,5.5,0.0,0.0,0.0,0.0,0.0,0.0,0.0,0.0,0.0,0.0,0.0,0.0,0.0,0.0,0.0,0.0,0.0,0.0,0.0,0.0,0.0,0.0,0.0,0.0,0.0,0.0,0.0,0.0,0.0,0.0,0.0,0.0,0.0,0.0,0.0,0.0,0.0,0.0,0.0,0.0,0.0,0.0,0.0,0.0,0.0,0.0,0.0,0.0
2026-02-04T14:55:30.368664,162.3,4.2,48,93.0,232.9,2,7.0,7.7,97.9,5.5,19.3,8.4,10.7,7.7,9.1,10.5,18.9,7.7,9.2,7.7,9.0,7.7,7.8,7.7,9.1,7.7,8.4,7.7,8.4,8.4,11.9,7.7,16.1,10.6,9.1,9.1,9.1,9.2,7.8,9.0,7.6,7.7,9.1,11.2,8.5,7.7,10.4,9.9,12.0,10.4,8.4,15.3,9.7,12.7,0.0,0.0,0.0,0.0,0.0,0.0,0.0,0.0,0.0,0.0,0.0,0.0,0.0,0.0,0.0,0.0,0.0,0.0,0.0,0.0,0.0,0.0,0.0,0.0,0.0,0.0,0.0,0.0,0.0,0.0,0.0,0.0,0.0,0.0,0.0,0.0,0.0,0.0,0.0,0.0,0.0,0.0,0.0,0.0,0.0,0.0,0.0,0.0
2026-02-04T14:55:32.594296,164.5,2.9,48,92.9,232.9,2,9.2,12.5,99.3,7.0,11.7,7.0,8.3,8.6,6.2,7.0,8.3,8.6,8.4,7.0,7.7,7.0,7.7,7.7,7.6,7.0,7.0,7.7,7.7,7.7,9.2,7.0,7.0,9.8,7.0,7.0,7.0,7.0,7.7,7.7,7.0,7.0,7.0,7.7,7.7,7.0,7.7,13.8,7.8,7.7,7.0,8.3,7.1,8.5,0.0,0.0,0.0,0.0,0.0,0.0,0.0,0.0,0.0,0.0,0.0,0.0,0.0,0.0,0.0,0.0,0.0,0.0,0.0,0.0,0.0,0.0,0.0,0.0,0.0,0.0,0.0,0.0,0.0,0.0,0.0,0.0,0.0,0.0,0.0,0.0,0.0,0.0,0.0,0.0,0.0,0.0,0.0,0.0,0.0,0.0,0.0,0.0
2026-02-04T14:55:34.820261,166.7,1.9,48,92.8,232.9,2,9.1,8.5,99.3,8.4,10.5,8.4,9.9,7.1,9.2,8.5,8.5,7.1,8.3,8.4,8.5,8.5,8.4,9.0,8.5,9.0,10.4,8.4,9.0,8.4,8.5,8.6,8.5,17.5,9.8,9.0,8.4,8.4,8.4,8.4,9.9,8.4,9.1,8.4,8.4,9.0,8.4,5.9,8.4,8.5,7.7,9.2,8.4,8.4,0.0,0.0,0.0,0.0,0.0,0.0,0.0,0.0,0.0,0.0,0.0,0.0,0.0,0.0,0.0,0.0,0.0,0.0,0.0,0.0,0.0,0.0,0.0,0.0,0.0,0.0,0.0,0.0,0.0,0.0,0.0,0.0,0.0,0.0,0.0,0.0,0.0,0.0,0.0,0.0,0.0,0.0,0.0,0.0,0.0,0.0,0.0,0.0
2026-02-04T14:55:37.047061,168.9,2.4,48,93.4,232.9,2,7.0,7.7,59.7,19.4,47.6,7.7,9.0,14.0,7.6,7.7,9.1,12.8,10.6,12.8,9.0,11.1,7.7,7.8,7.8,12.8,8.5,12.8,8.5,8.5,7.7,7.5,7.7,11.2,9.1,7.7,7.7,12.8,7.7,9.2,14.0,12.8,9.1,7.7,7.7,9.6,7.7,12.2,7.8,7.8,7.0,7.7,11.3,7.7,0.0,0.0,0.0,0.0,0.0,0.0,0.0,0.0,0.0,0.0,0.0,0.0,0.0,0.0,0.0,0.0,0.0,0.0,0.0,0.0,0.0,0.0,0.0,0.0,0.0,0.0,0.0,0.0,0.0,0.0,0.0,0.0,0.0,0.0,0.0,0.0,0.0,0.0,0.0,0.0,0.0,0.0,0.0,0.0,0.0,0.0,0.0,0.0
2026-02-04T14:55:39.272685,171.2,1.9,48,92.7,232.9,2,9.1,7.7,99.3,5.9,11.8,8.8,7.7,6.1,7.8,8.4,7.7,5.5,7.7,6.1,8.4,5.9,7.7,8.4,7.7,5.5,7.7,5.5,7.7,7.7,7.7,13.4,7.7,8.5,7.7,7.7,7.7,5.5,8.4,7.7,5.5,5.5,7.7,7.7,7.7,5.8,7.7,5.6,7.7,7.7,7.7,8.5,5.3,7.7,0.0,0.0,0.0,0.0,0.0,0.0,0.0,0.0,0.0,0.0,0.0,0.0,0.0,0.0,0.0,0.0,0.0,0.0,0.0,0.0,0.0,0.0,0.0,0.0,0.0,0.0,0.0,0.0,0.0,0.0,0.0,0.0,0.0,0.0,0.0,0.0,0.0,0.0,0.0,0.0,0.0,0.0,0.0,0.0,0.0,0.0,0.0,0.0
2026-02-04T14:55:41.498984,173.4,2.7,48,8323.8,221.4,2,7.7,13.4,99.3,7.6,11.0,7.4,8.4,8.4,8.5,7.7,9.1,7.7,8.4,7.7,8.4,8.4,8.4,7.7,7.7,7.7,7.6,7.7,7.7,7.6,7.7,7.7,7.7,9.8,7.7,7.7,7.7,7.7,7.7,8.3,8.5,9.2,7.7,7.7,7.7,7.8,7.7,7.7,7.7,7.6,7.7,7.7,7.7,13.3,0.0,0.0,0.0,0.0,0.0,0.0,0.0,0.0,0.0,0.0,0.0,0.0,0.0,0.0,0.0,0.0,0.0,0.0,0.0,0.0,0.0,0.0,0.0,0.0,0.0,0.0,0.0,0.0,0.0,0.0,0.0,0.0,0.0,0.0,0.0,0.0,0.0,0.0,0.0,0.0,0.0,0.0,0.0,0.0,0.0,0.0,0.0,0.0
2026-02-04T14:55:43.768090,175.6,51.1,48,155.3,233.9,2,11.1,9.7,98.6,8.3,11.9,9.7,11.3,9.7,11.8,9.7,9.8,10.4,9.8,10.3,10.5,10.4,11.1,9.7,9.7,10.4,10.5,9.7,9.7,10.5,10.4,9.7,15.3,10.5,11.1,9.7,10.4,9.7,10.4,11.1,10.4,9.7,10.4,9.7,10.4,9.7,11.0,10.4,10.4,9.8,11.0,9.7,11.0,7.4,0.0,0.0,0.0,0.0,0.0,0.0,0.0,0.0,0.0,0.0,0.0,0.0,0.0,0.0,0.0,0.0,0.0,0.0,0.0,0.0,0.0,0.0,0.0,0.0,0.0,0.0,0.0,0.0,0.0,0.0,0.0,0.0,0.0,0.0,0.0,0.0,0.0,0.0,0.0,0.0,0.0,0.0,0.0,0.0,0.0,0.0,0.0,0.0
2026-02-04T14:55:45.995090,177.9,40.6,48,93.3,232.9,2,11.0,11.7,19.3,11.8,96.6,11.7,13.1,13.1,12.5,11.8,15.3,12.4,12.5,12.4,12.5,12.5,12.5,11.8,12.5,11.8,12.4,11.8,12.5,11.7,12.5,11.8,13.1,16.6,12.5,11.8,12.5,12.5,11.7,12.4,11.8,14.5,12.5,12.5,13.8,12.5,12.5,12.4,12.5,12.4,12.4,11.8,11.8,11.8,0.0,0.0,0.0,0.0,0.0,0.0,0.0,0.0,0.0,0.0,0.0,0.0,0.0,0.0,0.0,0.0,0.0,0.0,0.0,0.0,0.0,0.0,0.0,0.0,0.0,0.0,0.0,0.0,0.0,0.0,0.0,0.0,0.0,0.0,0.0,0.0,0.0,0.0,0.0,0.0,0.0,0.0,0.0,0.0,0.0,0.0,0.0,0.0
2026-02-04T14:55:48.219019,180.1,4.4,48,93.1,234.9,2,9.1,7.1,93.1,11.9,16.6,7.1,8.3,7.7,7.7,7.7,9.8,7.7,7.7,7.7,7.7,7.7,7.7,7.7,9.2,7.7,7.8,7.0,7.0,7.8,9.7,7.7,7.7,10.5,8.5,7.7,7.7,7.7,9.7,7.1,8.5,7.0,7.7,7.0,7.7,7.0,9.1,6.4,7.7,8.5,7.7,7.0,7.7,7.0,0.0,0.0,0.0,0.0,0.0,0.0,0.0,0.0,0.0,0.0,0.0,0.0,0.0,0.0,0.0,0.0,0.0,0.0,0.0,0.0,0.0,0.0,0.0,0.0,0.0,0.0,0.0,0.0,0.0,0.0,0.0,0.0,0.0,0.0,0.0,0.0,0.0,0.0,0.0,0.0,0.0,0.0,0.0,0.0,0.0,0.0,0.0,0.0
2026-02-04T14:55:50.445047,182.3,2.8,48,93.1,232.9,2,7.7,7.7,19.0,7.7,89.4,7.7,7.7,7.7,7.6,8.4,11.3,8.3,7.7,7.7,7.7,7.7,7.7,7.7,7.7,7.7,7.6,7.7,8.4,8.3,8.4,13.3,7.6,9.2,7.7,8.4,7.7,7.7,7.8,7.6,8.3,7.7,8.4,7.7,8.3,7.7,7.7,7.7,7.7,7.6,6.3,9.0,6.3,7.7,0.0,0.0,0.0,0.0,0.0,0.0,0.0,0.0,0.0,0.0,0.0,0.0,0.0,0.0,0.0,0.0,0.0,0.0,0.0,0.0,0.0,0.0,0.0,0.0,0.0,0.0,0.0,0.0,0.0,0.0,0.0,0.0,0.0,0.0,0.0,0.0,0.0,0.0,0.0,0.0,0.0,0.0,0.0,0.0,0.0,0.0,0.0,0.0
2026-02-04T14:55:52.671453,184.6,3.1,48,92.8,234.9,2,7.9,12.8,99.3,7.0,7.0,7.7,7.7,7.0,7.7,8.3,9.8,7.7,7.7,7.9,6.9,7.1,7.0,7.0,7.0,7.0,7.7,7.0,7.0,8.5,7.7,7.7,8.3,7.0,7.7,7.7,7.0,7.0,7.7,8.5,9.1,7.0,7.7,7.0,7.0,7.7,7.7,8.4,7.0,9.1,7.0,7.8,6.9,7.0,0.0,0.0,0.0,0.0,0.0,0.0,0.0,0.0,0.0,0.0,0.0,0.0,0.0,0.0,0.0,0.0,0.0,0.0,0.0,0.0,0.0,0.0,0.0,0.0,0.0,0.0,0.0,0.0,0.0,0.0,0.0,0.0,0.0,0.0,0.0,0.0,0.0,0.0,0.0,0.0,0.0,0.0,0.0,0.0,0.0,0.0,0.0,0.0
2026-02-04T14:55:54.897235,186.8,1.9,48,92.7,232.9,2,8.2,7.6,97.9,7.7,7.7,8.4,9.9,8.4,7.7,8.5,7.6,7.7,7.7,7.0,7.8,7.7,7.6,7.7,7.7,7.7,8.4,7.7,7.7,7.7,7.7,7.7,7.7,10.6,7.7,7.7,7.7,7.7,7.6,8.3,8.5,7.7,7.7,7.7,7.7,7.7,9.1,7.7,7.7,8.4,7.7,9.7,7.7,7.7,0.0,0.0,0.0,0.0,0.0,0.0,0.0,0.0,0.0,0.0,0.0,0.0,0.0,0.0,0.0,0.0,0.0,0.0,0.0,0.0,0.0,0.0,0.0,0.0,0.0,0.0,0.0,0.0,0.0,0.0,0.0,0.0,0.0,0.0,0.0,0.0,0.0,0.0,0.0,0.0,0.0,0.0,0.0,0.0,0.0,0.0,0.0,0.0
2026-02-04T14:55:57.123485,189.0,2.4,48,123.5,233.9,2,7.8,31.2,74.1,12.7,9.1,8.5,7.7,7.0,7.0,8.3,7.7,7.7,7.0,7.8,7.7,6.9,8.5,7.7,7.7,7.0,8.5,7.0,10.3,7.8,7.7,7.0,10.3,7.0,7.7,8.4,7.7,7.7,9.2,7.1,7.7,8.5,8.5,8.5,7.7,8.5,8.3,7.7,7.7,7.1,7.7,7.0,7.0,8.4,0.0,0.0,0.0,0.0,0.0,0.0,0.0,0.0,0.0,0.0,0.0,0.0,0.0,0.0,0.0,0.0,0.0,0.0,0.0,0.0,0.0,0.0,0.0,0.0,0.0,0.0,0.0,0.0,0.0,0.0,0.0,0.0,0.0,0.0,0.0,0.0,0.0,0.0,0.0,0.0,0.0,0.0,0.0,0.0,0.0,0.0,0.0,0.0
2026-02-04T14:55:59.349733,191.2,2.2,48,92.6,232.9,2,5.6,68.1,41.1,7.0,8.5,7.0,7.6,7.0,7.7,7.0,10.6,7.6,7.0,6.9,7.6,7.0,7.6,7.6,7.0,7.0,7.0,7.0,9.1,7.7,8.4,7.5,12.7,7.7,7.7,7.7,7.0,8.3,7.7,7.0,8.4,7.7,7.0,7.0,7.0,6.3,7.0,5.6,7.0,6.9,6.9,7.0,7.0,7.6,0.0,0.0,0.0,0.0,0.0,0.0,0.0,0.0,0.0,0.0,0.0,0.0,0.0,0.0,0.0,0.0,0.0,0.0,0.0,0.0,0.0,0.0,0.0,0.0,0.0,0.0,0.0,0.0,0.0,0.0,0.0,0.0,0.0,0.0,0.0,0.0,0.0,0.0,0.0,0.0,0.0,0.0,0.0,0.0,0.0,0.0,0.0,0.0
2026-02-04T14:56:01.575729,193.5,2.5,48,123.7,234.9,2,8.5,9.0,99.3,9.1,11.9,7.0,11.9,9.1,7.0,11.7,9.7,8.6,7.7,7.0,7.7,7.7,6.9,8.4,6.9,10.0,7.7,9.9,7.7,8.4,9.0,7.9,9.7,9.2,9.2,8.4,10.7,9.1,7.7,7.0,9.1,7.0,8.4,7.6,7.7,8.7,8.5,7.0,10.0,7.0,7.8,8.4,7.0,8.5,0.0,0.0,0.0,0.0,0.0,0.0,0.0,0.0,0.0,0.0,0.0,0.0,0.0,0.0,0.0,0.0,0.0,0.0,0.0,0.0,0.0,0.0,0.0,0.0,0.0,0.0,0.0,0.0,0.0,0.0,0.0,0.0,0.0,0.0,0.0,0.0,0.0,0.0,0.0,0.0,0.0,0.0,0.0,0.0,0.0,0.0,0.0,0.0
2026-02-04T14:56:03.802414,195.7,3.3,48,92.5,233.2,2,9.7,6.6,98.6,6.3,7.7,7.7,7.7,6.3,7.9,6.7,7.7,6.0,7.7,7.0,7.7,7.1,7.8,6.5,8.5,5.7,9.5,5.7,7.0,7.6,7.2,7.0,11.6,9.1,6.9,7.7,6.1,10.9,9.1,7.6,6.2,7.0,7.7,7.8,7.7,5.9,7.0,8.5,6.3,8.4,7.7,7.6,7.7,7.7,0.0,0.0,0.0,0.0,0.0,0.0,0.0,0.0,0.0,0.0,0.0,0.0,0.0,0.0,0.0,0.0,0.0,0.0,0.0,0.0,0.0,0.0,0.0,0.0,0.0,0.0,0.0,0.0,0.0,0.0,0.0,0.0,0.0,0.0,0.0,0.0,0.0,0.0,0.0,0.0,0.0,0.0,0.0,0.0,0.0,0.0,0.0,0.0
2026-02-04T14:56:06.058210,197.9,2.0,48,123.9,235.2,2,10.6,7.7,99.3,7.7,11.2,13.4,7.8,7.7,8.4,7.7,11.3,7.0,7.7,7.0,7.7,7.7,7.7,7.0,8.8,6.3,6.5,7.0,7.7,8.5,9.2,7.0,10.4,9.9,9.2,7.7,7.7,7.0,8.5,9.2,9.2,7.7,8.5,7.0,7.7,7.0,7.7,9.8,7.7,10.5,8.4,9.2,7.7,11.3,0.0,0.0,0.0,0.0,0.0,0.0,0.0,0.0,0.0,0.0,0.0,0.0,0.0,0.0,0.0,0.0,0.0,0.0,0.0,0.0,0.0,0.0,0.0,0.0,0.0,0.0,0.0,0.0,0.0,0.0,0.0,0.0,0.0,0.0,0.0,0.0,0.0,0.0,0.0,0.0,0.0,0.0,0.0,0.0,0.0,0.0,0.0,0.0
2026-02-04T14:56:08.284762,200.2,2.6,48,92.6,233.7,2,10.3,7.6,99.3,7.6,9.7,7.6,8.9,7.6,8.3,7.6,7.6,9.6,8.3,7.6,8.4,7.6,9.6,7.6,8.1,8.3,8.3,7.6,8.3,7.6,9.7,8.3,10.2,8.3,9.0,8.3,7.6,8.3,8.2,7.6,7.5,7.6,7.5,8.3,8.3,7.6,8.9,7.6,8.3,7.6,8.3,7.5,8.3,8.8,0.0,0.0,0.0,0.0,0.0,0.0,0.0,0.0,0.0,0.0,0.0,0.0,0.0,0.0,0.0,0.0,0.0,0.0,0.0,0.0,0.0,0.0,0.0,0.0,0.0,0.0,0.0,0.0,0.0,0.0,0.0,0.0,0.0,0.0,0.0,0.0,0.0,0.0,0.0,0.0,0.0,0.0,0.0,0.0,0.0,0.0,0.0,0.0
2026-02-04T14:56:10.511196,202.4,2.1,48,123.5,234.7,2,8.5,6.3,97.9,7.0,7.0,7.0,9.1,7.0,7.0,7.0,13.4,6.2,7.0,7.6,7.6,7.0,7.1,7.0,6.9,7.0,7.6,7.0,7.0,7.7,7.7,7.0,8.4,8.5,7.0,7.0,7.0,7.7,7.0,7.7,7.1,7.0,7.8,6.3,7.0,7.0,7.1,7.0,7.0,7.1,7.0,6.4,7.6,7.1,0.0,0.0,0.0,0.0,0.0,0.0,0.0,0.0,0.0,0.0,0.0,0.0,0.0,0.0,0.0,0.0,0.0,0.0,0.0,0.0,0.0,0.0,0.0,0.0,0.0,0.0,0.0,0.0,0.0,0.0,0.0,0.0,0.0,0.0,0.0,0.0,0.0,0.0,0.0,0.0,0.0,0.0,0.0,0.0,0.0,0.0,0.0,0.0
2026-02-04T14:56:12.737308,204.6,2.3,48,93.0,233.7,2,5.6,7.7,97.9,8.5,9.9,7.7,8.4,7.7,8.3,13.1,9.7,7.7,8.5,7.7,9.8,7.7,8.5,7.7,7.8,8.5,7.8,7.7,8.5,8.4,7.7,8.5,7.7,9.7,8.4,8.5,8.4,7.7,9.2,8.4,8.5,7.7,15.3,7.7,7.7,8.4,8.4,7.7,7.7,8.4,8.4,8.4,7.7,7.7,0.0,0.0,0.0,0.0,0.0,0.0,0.0,0.0,0.0,0.0,0.0,0.0,0.0,0.0,0.0,0.0,0.0,0.0,0.0,0.0,0.0,0.0,0.0,0.0,0.0,0.0,0.0,0.0,0.0,0.0,0.0,0.0,0.0,0.0,0.0,0.0,0.0,0.0,0.0,0.0,0.0,0.0,0.0,0.0,0.0,0.0,0.0,0.0
2026-02-04T14:56:14.964083,206.9,2.2,48,124.1,234.7,2,9.8,7.7,97.9,7.7,7.6,7.7,8.4,11.3,7.7,5.5,10.6,8.4,7.6,7.7,7.7,13.4,7.6,7.7,7.7,7.7,7.7,7.7,7.7,7.7,7.7,7.7,11.1,8.5,8.5,7.7,7.7,7.7,7.7,7.7,7.7,7.7,7.7,7.7,7.7,8.4,7.7,8.4,7.7,7.7,9.1,7.7,7.7,6.2,0.0,0.0,0.0,0.0,0.0,0.0,0.0,0.0,0.0,0.0,0.0,0.0,0.0,0.0,0.0,0.0,0.0,0.0,0.0,0.0,0.0,0.0,0.0,0.0,0.0,0.0,0.0,0.0,0.0,0.0,0.0,0.0,0.0,0.0,0.0,0.0,0.0,0.0,0.0,0.0,0.0,0.0,0.0,0.0,0.0,0.0,0.0,0.0
2026-02-04T14:56:17.189973,209.1,2.3,48,93.1,234.7,2,9.2,7.7,98.6,7.0,7.7,7.7,8.4,5.3,9.0,8.4,9.7,7.0,8.5,7.0,7.7,7.7,8.5,8.4,7.7,7.0,7.7,7.0,7.7,8.4,8.5,7.0,9.0,7.0,8.4,7.0,7.7,7.0,7.7,7.0,7.7,7.7,7.7,7.7,7.0,7.7,7.7,12.7,8.3,7.0,7.7,7.0,7.7,7.1,0.0,0.0,0.0,0.0,0.0,0.0,0.0,0.0,0.0,0.0,0.0,0.0,0.0,0.0,0.0,0.0,0.0,0.0,0.0,0.0,0.0,0.0,0.0,0.0,0.0,0.0,0.0,0.0,0.0,0.0,0.0,0.0,0.0,0.0,0.0,0.0,0.0,0.0,0.0,0.0,0.0,0.0,0.0,0.0,0.0,0.0,0.0,0.0
2026-02-04T14:56:19.415081,211.3,2.7,48,93.2,234.7,2,6.9,7.1,98.6,7.0,8.5,7.0,9.2,8.7,7.9,7.7,9.3,7.0,9.0,7.9,7.7,7.0,13.2,7.7,6.9,7.0,8.3,7.0,7.0,7.7,7.0,7.0,8.4,8.5,7.7,7.0,7.0,7.0,8.5,7.0,7.0,7.6,7.0,7.0,7.0,7.7,7.8,7.0,7.0,7.0,7.0,6.9,7.0,7.7,0.0,0.0,0.0,0.0,0.0,0.0,0.0,0.0,0.0,0.0,0.0,0.0,0.0,0.0,0.0,0.0,0.0,0.0,0.0,0.0,0.0,0.0,0.0,0.0,0.0,0.0,0.0,0.0,0.0,0.0,0.0,0.0,0.0,0.0,0.0,0.0,0.0,0.0,0.0,0.0,0.0,0.0,0.0,0.0,0.0,0.0,0.0,0.0
2026-02-04T14:56:21.640940,213.5,2.3,48,92.5,234.7,2,8.5,7.7,83.4,7.7,23.1,8.4,7.7,7.0,7.6,7.9,8.4,7.7,7.7,7.5,7.7,7.7,8.5,7.7,7.8,7.7,7.8,8.4,8.5,9.1,7.7,8.5,9.7,8.4,7.7,7.7,7.7,7.7,7.7,8.4,7.6,7.7,8.5,7.7,7.7,7.7,8.3,7.7,7.7,9.0,7.6,7.8,7.7,13.3,0.0,0.0,0.0,0.0,0.0,0.0,0.0,0.0,0.0,0.0,0.0,0.0,0.0,0.0,0.0,0.0,0.0,0.0,0.0,0.0,0.0,0.0,0.0,0.0,0.0,0.0,0.0,0.0,0.0,0.0,0.0,0.0,0.0,0.0,0.0,0.0,0.0,0.0,0.0,0.0,0.0,0.0,0.0,0.0,0.0,0.0,0.0,0.0
2026-02-04T14:56:23.867244,215.8,1.6,48,92.6,234.7,2,9.2,7.7,57.3,7.7,50.7,7.7,9.8,7.6,8.5,7.5,8.3,7.7,8.4,7.7,9.0,7.7,7.8,7.7,7.7,7.7,7.7,8.5,7.7,13.3,7.7,7.7,7.7,8.5,7.7,7.7,8.4,7.7,7.7,8.4,7.8,7.7,7.7,8.3,7.7,7.7,7.7,7.7,7.7,7.7,7.7,8.5,9.7,7.7,0.0,0.0,0.0,0.0,0.0,0.0,0.0,0.0,0.0,0.0,0.0,0.0,0.0,0.0,0.0,0.0,0.0,0.0,0.0,0.0,0.0,0.0,0.0,0.0,0.0,0.0,0.0,0.0,0.0,0.0,0.0,0.0,0.0,0.0,0.0,0.0,0.0,0.0,0.0,0.0,0.0,0.0,0.0,0.0,0.0,0.0,0.0,0.0
2026-02-04T14:56:26.093551,218.0,2.6,48,93.3,233.7,2,9.9,8.4,51.0,12.7,51.4,9.3,8.5,10.3,7.8,7.1,8.5,9.3,7.0,7.0,7.1,7.0,6.9,7.0,7.0,7.0,7.7,8.3,7.0,7.0,7.0,7.0,7.6,8.5,8.5,7.0,7.7,7.0,7.0,7.0,7.0,7.0,6.9,7.0,7.0,7.0,8.4,7.0,7.0,7.0,6.4,7.0,6.4,7.0,0.0,0.0,0.0,0.0,0.0,0.0,0.0,0.0,0.0,0.0,0.0,0.0,0.0,0.0,0.0,0.0,0.0,0.0,0.0,0.0,0.0,0.0,0.0,0.0,0.0,0.0,0.0,0.0,0.0,0.0,0.0,0.0,0.0,0.0,0.0,0.0,0.0,0.0,0.0,0.0,0.0,0.0,0.0,0.0,0.0,0.0,0.0,0.0
2026-02-04T14:56:28.349019,220.2,1.9,48,93.3,234.7,2,9.0,7.7,57.9,7.7,51.4,6.8,8.3,6.2,7.7,8.5,8.5,6.7,9.1,7.7,8.4,8.5,8.4,8.4,7.7,7.7,7.7,8.5,8.4,7.7,7.7,14.0,8.5,9.1,7.7,7.7,9.7,7.7,7.8,8.5,7.7,7.7,7.7,7.7,7.7,7.7,7.7,7.7,7.7,7.7,7.7,7.7,7.7,7.7,0.0,0.0,0.0,0.0,0.0,0.0,0.0,0.0,0.0,0.0,0.0,0.0,0.0,0.0,0.0,0.0,0.0,0.0,0.0,0.0,0.0,0.0,0.0,0.0,0.0,0.0,0.0,0.0,0.0,0.0,0.0,0.0,0.0,0.0,0.0,0.0,0.0,0.0,0.0,0.0,0.0,0.0,0.0,0.0,0.0,0.0,0.0,0.0
2026-02-04T14:56:30.574317,222.5,2.3,49,124.4,234.3,2,9.0,7.6,99.3,7.6,11.1,15.9,8.3,7.6,8.8,8.3,10.3,6.9,9.0,6.9,9.6,8.3,7.8,9.0,8.3,7.6,8.3,8.3,7.6,8.3,9.0,6.9,8.3,9.7,9.0,7.6,8.3,7.6,7.6,8.9,9.1,7.6,8.2,7.6,7.6,7.6,8.3,8.3,9.7,7.6,7.6,7.6,7.6,8.9,100.0,0.0,0.0,0.0,0.0,0.0,0.0,0.0,0.0,0.0,0.0,0.0,0.0,0.0,0.0,0.0,0.0,0.0,0.0,0.0,0.0,0.0,0.0,0.0,0.0,0.0,0.0,0.0,0.0,0.0,0.0,0.0,0.0,0.0,0.0,0.0,0.0,0.0,0.0,0.0,0.0,0.0,0.0,0.0,0.0,0.0,0.0,0.0
2026-02-04T14:56:32.799629,224.7,2.2,48,93.4,234.4,2,11.2,7.7,97.9,7.7,9.1,7.6,7.7,7.7,8.5,9.1,10.6,18.1,9.2,11.3,8.4,7.7,7.0,7.7,9.9,7.7,7.7,8.3,7.7,7.6,8.4,7.7,7.7,9.1,7.7,7.7,7.7,7.7,7.6,7.7,7.7,8.5,9.2,8.5,9.1,7.7,9.0,7.7,8.4,8.3,7.7,8.4,7.7,9.1,0.0,0.0,0.0,0.0,0.0,0.0,0.0,0.0,0.0,0.0,0.0,0.0,0.0,0.0,0.0,0.0,0.0,0.0,0.0,0.0,0.0,0.0,0.0,0.0,0.0,0.0,0.0,0.0,0.0,0.0,0.0,0.0,0.0,0.0,0.0,0.0,0.0,0.0,0.0,0.0,0.0,0.0,0.0,0.0,0.0,0.0,0.0,0.0
2026-02-04T14:56:35.025075,226.9,2.6,48,62.3,234.4,2,12.5,7.7,97.9,9.2,9.2,10.0,10.6,7.7,8.5,7.7,9.8,6.1,8.4,5.9,7.0,14.1,9.1,8.4,7.7,7.7,7.7,10.6,8.5,7.9,7.7,9.0,8.5,9.8,7.7,7.0,7.7,8.4,7.8,7.0,7.8,7.7,8.5,7.0,7.7,8.4,8.5,7.7,9.2,9.9,7.7,7.8,7.8,7.7,0.0,0.0,0.0,0.0,0.0,0.0,0.0,0.0,0.0,0.0,0.0,0.0,0.0,0.0,0.0,0.0,0.0,0.0,0.0,0.0,0.0,0.0,0.0,0.0,0.0,0.0,0.0,0.0,0.0,0.0,0.0,0.0,0.0,0.0,0.0,0.0,0.0,0.0,0.0,0.0,0.0,0.0,0.0,0.0,0.0,0.0,0.0,0.0
2026-02-04T14:56:37.251780,229.1,2.3,48,92.9,234.4,2,6.9,7.7,91.7,6.6,13.3,7.6,8.4,7.7,7.7,7.7,8.4,7.7,7.8,7.7,7.8,8.4,8.5,7.7,10.4,7.7,7.7,8.4,8.4,8.3,9.2,6.7,9.1,9.1,7.7,9.0,7.7,6.6,7.7,7.7,7.7,8.5,7.7,8.5,7.7,8.4,7.7,9.1,14.8,7.7,5.6,7.7,8.4,7.7,0.0,0.0,0.0,0.0,0.0,0.0,0.0,0.0,0.0,0.0,0.0,0.0,0.0,0.0,0.0,0.0,0.0,0.0,0.0,0.0,0.0,0.0,0.0,0.0,0.0,0.0,0.0,0.0,0.0,0.0,0.0,0.0,0.0,0.0,0.0,0.0,0.0,0.0,0.0,0.0,0.0,0.0,0.0,0.0,0.0,0.0,0.0,0.0
2026-02-04T14:56:39.481851,231.4,8.1,48,93.0,234.4,2,7.7,7.7,84.2,8.4,24.6,9.0,11.9,8.3,13.2,7.0,14.8,8.4,10.4,7.7,17.4,8.4,11.8,9.0,17.9,7.7,11.2,8.5,9.1,9.8,9.8,9.0,9.7,8.5,9.1,7.7,9.7,9.8,10.6,7.7,9.7,7.7,9.8,9.7,14.0,8.3,11.8,8.4,9.0,10.5,8.5,6.3,6.9,9.2,0.0,0.0,0.0,0.0,0.0,0.0,0.0,0.0,0.0,0.0,0.0,0.0,0.0,0.0,0.0,0.0,0.0,0.0,0.0,0.0,0.0,0.0,0.0,0.0,0.0,0.0,0.0,0.0,0.0,0.0,0.0,0.0,0.0,0.0,0.0,0.0,0.0,0.0,0.0,0.0,0.0,0.0,0.0,0.0,0.0,0.0,0.0,0.0
2026-02-04T14:56:41.708841,233.6,2.7,48,92.3,234.4,2,12.0,8.5,19.6,9.1,95.1,8.5,11.2,8.6,9.8,10.5,14.0,8.3,9.9,8.6,10.6,8.4,10.6,8.5,15.0,8.4,9.8,8.3,10.6,8.5,9.2,8.3,8.5,8.4,9.2,9.8,8.5,9.1,8.4,9.1,8.4,9.1,9.9,8.5,9.9,8.5,9.2,10.4,8.5,8.4,8.4,8.4,9.2,8.4,0.0,0.0,0.0,0.0,0.0,0.0,0.0,0.0,0.0,0.0,0.0,0.0,0.0,0.0,0.0,0.0,0.0,0.0,0.0,0.0,0.0,0.0,0.0,0.0,0.0,0.0,0.0,0.0,0.0,0.0,0.0,0.0,0.0,0.0,0.0,0.0,0.0,0.0,0.0,0.0,0.0,0.0,0.0,0.0,0.0,0.0,0.0,0.0
2026-02-04T14:56:43.936937,235.8,51.5,48,123.3,234.4,2,6.9,8.2,97.9,7.6,9.1,8.3,7.7,7.5,9.1,7.7,9.1,8.4,9.7,7.5,7.6,7.0,8.3,7.0,14.2,7.6,8.5,7.0,7.7,6.9,7.7,7.0,7.0,9.8,7.7,7.7,10.4,7.0,9.1,7.7,7.0,7.7,7.0,7.6,7.6,7.6,7.7,7.7,6.9,9.1,6.9,7.7,7.7,7.7,0.0,0.0,0.0,0.0,0.0,0.0,0.0,0.0,0.0,0.0,0.0,0.0,0.0,0.0,0.0,0.0,0.0,0.0,0.0,0.0,0.0,0.0,0.0,0.0,0.0,0.0,0.0,0.0,0.0,0.0,0.0,0.0,0.0,0.0,0.0,0.0,0.0,0.0,0.0,0.0,0.0,0.0,0.0,0.0,0.0,0.0,0.0,0.0
2026-02-04T14:56:46.170047,238.1,15.4,8,8912.6,222.4,2,2.8,1.4,100.0,0.7,9.8,0.7,4.2,1.4,3.5,8.3,10.4,1.4,2.1,1.4,2.8,1.4,2.1,2.1,5.5,1.4,1.4,1.4,2.1,1.4,4.2,1.4,2.8,3.5,1.4,5.5,5.6,1.4,2.1,1.4,1.4,3.5,4.2,3.5,2.8,1.4,2.1,4.2,2.8,8.4,2.1,1.4,1.4,1.4,0.0,0.0,0.0,0.0,0.0,0.0,0.0,0.0,0.0,0.0,0.0,0.0,0.0,0.0,0.0,0.0,0.0,0.0,0.0,0.0,0.0,0.0,0.0,0.0,0.0,0.0,0.0,0.0,0.0,0.0,0.0,0.0,0.0,0.0,0.0,0.0,0.0,0.0,0.0,0.0,0.0,0.0,0.0,0.0,0.0,0.0,0.0,0.0
2026-02-04T14:56:48.395989,240.3,3.1,47,92.9,234.4,2,9.0,6.3,97.9,6.3,10.5,7.0,9.2,5.7,6.4,7.0,11.3,7.3,7.7,7.2,5.6,5.7,5.0,8.5,7.7,6.4,5.6,5.7,5.7,5.7,9.8,6.4,6.4,7.7,5.7,7.8,7.1,6.3,7.0,6.3,5.6,7.1,6.4,5.7,7.1,5.7,6.4,8.5,9.2,7.7,7.1,7.1,7.1,6.4,0.0,0.0,0.0,0.0,0.0,0.0,0.0,0.0,0.0,0.0,0.0,0.0,0.0,0.0,0.0,0.0,0.0,0.0,0.0,0.0,0.0,0.0,0.0,0.0,0.0,0.0,0.0,0.0,0.0,0.0,0.0,0.0,0.0,0.0,0.0,0.0,0.0,0.0,0.0,0.0,0.0,0.0,0.0,0.0,0.0,0.0,0.0,0.0
2026-02-04T14:56:50.652355,242.5,2.2,48,124.2,234.4,2,11.9,8.4,99.3,7.7,9.8,7.7,9.0,8.5,7.7,9.2,9.7,8.2,7.8,7.6,9.9,8.4,8.5,7.7,13.1,8.4,8.5,7.7,9.2,8.3,11.3,8.3,9.7,11.9,7.7,9.9,8.4,7.7,7.8,7.7,8.4,8.4,10.3,9.2,8.5,7.7,14.1,8.5,9.8,9.2,7.7,9.1,7.6,7.7,0.0,0.0,0.0,0.0,0.0,0.0,0.0,0.0,0.0,0.0,0.0,0.0,0.0,0.0,0.0,0.0,0.0,0.0,0.0,0.0,0.0,0.0,0.0,0.0,0.0,0.0,0.0,0.0,0.0,0.0,0.0,0.0,0.0,0.0,0.0,0.0,0.0,0.0,0.0,0.0,0.0,0.0,0.0,0.0,0.0,0.0,0.0,0.0
2026-02-04T14:56:52.877833,244.8,2.4,94,92.9,234.4,2,10.3,8.3,98.6,8.9,11.0,7.6,8.5,8.3,7.6,8.3,9.9,10.3,7.6,10.3,8.3,9.0,13.9,10.3,9.7,8.3,8.3,8.3,9.0,7.6,9.6,7.6,8.2,9.7,9.0,8.9,8.4,9.6,10.2,7.7,8.4,8.9,9.1,9.6,9.6,9.6,8.3,8.3,8.9,8.4,8.3,9.0,9.0,8.9,29.4,81.7,71.5,77.0,71.4,100.0,100.0,74.7,74.9,62.3,68.8,80.6,77.9,83.7,69.4,89.1,75.2,71.5,88.8,89.9,80.8,76.5,83.6,59.7,75.3,78.9,72.8,71.4,70.8,69.4,73.6,73.2,69.9,66.7,72.7,78.2,23.0,79.3,76.8,69.6,76.1,74.9,69.2,64.6,85.3,65.3,0.0,0.0
2026-02-04T14:56:55.103527,247.0,3.0,48,93.3,234.4,2,10.4,8.5,97.9,7.9,9.9,9.2,10.3,9.0,8.5,9.2,8.4,7.1,8.5,7.1,8.3,9.1,8.3,8.6,13.1,8.5,8.5,9.1,9.1,9.2,10.5,8.4,8.5,8.5,8.4,7.9,8.4,7.9,9.2,9.0,9.0,7.9,8.3,7.9,7.9,7.9,8.5,8.4,7.9,9.0,15.6,7.9,7.9,9.2,0.0,0.0,0.0,0.0,0.0,0.0,0.0,0.0,0.0,0.0,0.0,0.0,0.0,0.0,0.0,0.0,0.0,0.0,0.0,0.0,0.0,0.0,0.0,0.0,0.0,0.0,0.0,0.0,0.0,0.0,0.0,0.0,0.0,0.0,0.0,0.0,0.0,0.0,0.0,0.0,0.0,0.0,0.0,0.0,0.0,0.0,0.0,0.0
2026-02-04T14:56:57.328780,249.2,2.2,48,93.4,234.4,2,9.9,7.7,98.6,8.4,8.5,7.0,9.1,8.1,8.0,7.7,8.4,7.0,7.7,7.0,7.0,7.7,7.1,8.3,10.3,7.7,9.9,7.0,8.5,7.7,9.8,13.4,7.0,9.1,8.4,7.7,7.7,7.7,7.0,7.8,7.8,7.7,9.2,8.4,8.4,7.7,8.3,7.7,7.7,8.5,8.3,7.0,7.7,7.7,0.0,0.0,0.0,0.0,0.0,0.0,0.0,0.0,0.0,0.0,0.0,0.0,0.0,0.0,0.0,0.0,0.0,0.0,0.0,0.0,0.0,0.0,0.0,0.0,0.0,0.0,0.0,0.0,0.0,0.0,0.0,0.0,0.0,0.0,0.0,0.0,0.0,0.0,0.0,0.0,0.0,0.0,0.0,0.0,0.0,0.0,0.0,0.0
2026-02-04T14:56:59.555424,251.4,2.2,48,91.5,234.4,2,9.7,7.7,98.6,7.7,14.1,8.5,9.9,6.8,8.1,7.7,8.5,7.7,9.1,7.7,8.5,7.7,7.7,7.7,9.1,7.7,7.7,7.7,7.7,7.7,8.4,7.7,7.7,9.8,9.1,7.7,8.5,7.7,9.1,8.4,8.4,7.7,8.5,7.7,9.2,7.7,9.2,7.7,7.7,9.1,8.3,9.8,7.7,7.7,0.0,0.0,0.0,0.0,0.0,0.0,0.0,0.0,0.0,0.0,0.0,0.0,0.0,0.0,0.0,0.0,0.0,0.0,0.0,0.0,0.0,0.0,0.0,0.0,0.0,0.0,0.0,0.0,0.0,0.0,0.0,0.0,0.0,0.0,0.0,0.0,0.0,0.0,0.0,0.0,0.0,0.0,0.0,0.0,0.0,0.0,0.0,0.0
2026-02-04T14:57:01.780919,253.7,2.3,48,93.2,234.4,2,8.3,7.0,98.6,7.0,6.9,7.0,8.4,7.0,7.0,8.5,8.3,7.1,7.0,7.0,7.0,7.7,6.9,7.0,7.6,7.0,9.8,7.7,7.7,7.0,7.7,7.3,7.0,9.8,7.0,7.0,7.0,7.0,6.9,7.7,13.3,7.0,7.0,9.1,7.7,7.0,7.0,7.0,7.0,7.7,7.8,9.1,7.0,7.7,0.0,0.0,0.0,0.0,0.0,0.0,0.0,0.0,0.0,0.0,0.0,0.0,0.0,0.0,0.0,0.0,0.0,0.0,0.0,0.0,0.0,0.0,0.0,0.0,0.0,0.0,0.0,0.0,0.0,0.0,0.0,0.0,0.0,0.0,0.0,0.0,0.0,0.0,0.0,0.0,0.0,0.0,0.0,0.0,0.0,0.0,0.0,0.0
2026-02-04T14:57:04.005812,255.9,2.3,47,93.2,234.4,2,10.6,7.0,97.9,7.0,7.0,7.7,7.8,7.0,5.0,7.0,7.0,6.9,6.9,7.0,7.0,7.0,7.0,7.0,9.1,7.0,7.7,7.0,9.0,7.0,7.7,6.7,7.7,8.5,8.1,7.0,7.7,7.0,9.1,7.7,7.7,12.6,7.0,7.7,7.7,7.0,7.6,7.0,7.7,8.5,7.7,7.0,7.0,7.7,0.0,0.0,0.0,0.0,0.0,0.0,0.0,0.0,0.0,0.0,0.0,0.0,0.0,0.0,0.0,0.0,0.0,0.0,0.0,0.0,0.0,0.0,0.0,0.0,0.0,0.0,0.0,0.0,0.0,0.0,0.0,0.0,0.0,0.0,0.0,0.0,0.0,0.0,0.0,0.0,0.0,0.0,0.0,0.0,0.0,0.0,0.0,0.0
2026-02-04T14:57:06.227068,258.1,2.9,48,124.5,234.4,2,7.1,7.0,98.6,7.0,9.7,7.0,9.8,8.3,7.7,7.7,8.5,7.0,7.7,8.3,7.0,7.0,7.7,7.7,7.4,7.0,7.7,7.7,7.1,7.0,9.2,7.0,7.0,9.2,7.9,7.0,7.0,7.7,7.8,8.3,9.0,8.4,7.7,7.6,7.0,7.0,8.5,8.5,8.5,8.4,7.6,8.4,7.0,7.0,0.0,0.0,0.0,0.0,0.0,0.0,0.0,0.0,0.0,0.0,0.0,0.0,0.0,0.0,0.0,0.0,0.0,0.0,0.0,0.0,0.0,0.0,0.0,0.0,0.0,0.0,0.0,0.0,0.0,0.0,0.0,0.0,0.0,0.0,0.0,0.0,0.0,0.0,0.0,0.0,0.0,0.0,0.0,0.0,0.0,0.0,0.0,0.0
2026-02-04T14:57:08.452815,260.3,2.7,48,93.1,234.4,2,9.6,7.0,46.5,8.1,60.6,7.7,11.2,6.1,7.7,8.5,8.4,8.9,7.7,8.4,9.2,8.1,8.9,8.5,8.1,8.9,13.4,8.9,7.7,8.9,7.7,8.9,7.7,7.7,7.7,10.5,9.7,8.1,9.2,7.7,9.2,11.3,8.5,9.8,9.7,8.1,9.2,7.7,7.0,9.2,9.9,9.8,10.4,8.9,0.0,0.0,0.0,0.0,0.0,0.0,0.0,0.0,0.0,0.0,0.0,0.0,0.0,0.0,0.0,0.0,0.0,0.0,0.0,0.0,0.0,0.0,0.0,0.0,0.0,0.0,0.0,0.0,0.0,0.0,0.0,0.0,0.0,0.0,0.0,0.0,0.0,0.0,0.0,0.0,0.0,0.0,0.0,0.0,0.0,0.0,0.0,0.0
2026-02-04T14:57:10.678073,262.6,2.2,48,93.1,234.4,2,7.9,7.7,97.9,6.9,9.2,7.7,9.2,8.3,8.3,8.4,9.2,6.9,9.1,9.7,9.7,7.5,7.5,8.3,7.7,7.5,9.2,8.1,7.7,6.8,9.9,6.9,7.7,8.4,9.1,8.7,6.9,6.9,7.2,10.0,15.0,6.9,8.5,7.5,8.1,6.9,7.7,7.7,7.7,7.8,8.5,8.5,8.1,7.5,0.0,0.0,0.0,0.0,0.0,0.0,0.0,0.0,0.0,0.0,0.0,0.0,0.0,0.0,0.0,0.0,0.0,0.0,0.0,0.0,0.0,0.0,0.0,0.0,0.0,0.0,0.0,0.0,0.0,0.0,0.0,0.0,0.0,0.0,0.0,0.0,0.0,0.0,0.0,0.0,0.0,0.0,0.0,0.0,0.0,0.0,0.0,0.0
2026-02-04T14:57:12.934835,264.8,2.7,48,123.3,234.4,2,9.0,6.3,98.6,7.0,8.4,7.0,9.8,7.2,7.7,7.7,8.4,7.7,6.5,9.0,9.9,7.7,7.6,7.0,7.7,7.7,7.7,7.0,7.6,7.0,8.3,7.7,7.7,8.4,7.7,8.3,7.6,8.4,7.7,7.6,9.0,7.0,8.4,12.6,7.7,7.0,7.7,7.7,7.0,7.6,7.0,7.0,8.4,7.0,0.0,0.0,0.0,0.0,0.0,0.0,0.0,0.0,0.0,0.0,0.0,0.0,0.0,0.0,0.0,0.0,0.0,0.0,0.0,0.0,0.0,0.0,0.0,0.0,0.0,0.0,0.0,0.0,0.0,0.0,0.0,0.0,0.0,0.0,0.0,0.0,0.0,0.0,0.0,0.0,0.0,0.0,0.0,0.0,0.0,0.0,0.0,0.0
2026-02-04T14:57:15.161445,267.1,2.1,72,93.1,234.4,2,7.5,7.6,98.0,8.3,11.1,6.9,10.3,6.2,7.6,7.5,10.3,7.6,6.9,7.6,6.8,6.9,8.4,8.2,8.6,6.9,8.7,6.9,7.0,6.9,9.7,6.8,7.6,8.3,9.0,7.6,7.7,6.9,8.3,8.3,7.0,13.1,6.9,6.9,6.9,8.3,7.6,6.9,7.6,11.6,8.3,6.9,7.5,6.9,100.0,0.0,0.0,0.0,100.0,0.0,100.0,0.0,0.0,100.0,100.0,0.0,0.0,0.0,100.0,0.0,100.0,100.0,0.0,0.0,0.0,0.0,0.0,100.0,0.0,100.0,100.0,100.0,100.0,100.0,100.0,100.0,0.0,100.0,0.0,0.0,100.0,100.0,0.0,100.0,0.0,100.0,100.0,0.0,100.0,100.0,0.0,0.0
2026-02-04T14:57:17.390116,269.3,22.2,48,92.8,234.4,2,9.0,7.0,97.3,7.7,8.4,7.0,9.1,7.0,9.2,8.5,10.5,7.0,7.7,9.7,7.7,7.0,7.7,7.0,8.2,7.7,7.9,7.0,7.0,7.0,10.5,7.0,7.7,11.9,7.7,7.0,8.4,7.0,7.6,7.7,7.0,7.0,11.1,7.0,7.0,7.0,7.7,7.0,7.0,10.5,5.6,7.7,7.0,9.7,0.0,0.0,0.0,0.0,0.0,0.0,0.0,0.0,0.0,0.0,0.0,0.0,0.0,0.0,0.0,0.0,0.0,0.0,0.0,0.0,0.0,0.0,0.0,0.0,0.0,0.0,0.0,0.0,0.0,0.0,0.0,0.0,0.0,0.0,0.0,0.0,0.0,0.0,0.0,0.0,0.0,0.0,0.0,0.0,0.0,0.0,0.0,0.0
2026-02-04T14:57:19.619198,271.5,99.3,46,123.7,234.4,2,4.9,6.2,98.6,6.2,7.0,6.2,8.4,6.2,6.2,6.2,6.2,5.5,6.2,9.6,6.2,6.2,6.2,6.2,6.2,6.2,6.2,6.2,6.2,6.2,6.2,6.2,6.2,7.7,6.2,6.2,6.2,6.2,6.3,6.2,6.9,6.2,8.4,6.2,6.2,6.2,6.2,6.2,6.8,6.2,4.8,6.2,6.2,6.2,0.0,0.0,0.0,0.0,0.0,0.0,0.0,0.0,0.0,0.0,0.0,0.0,0.0,0.0,0.0,0.0,0.0,0.0,0.0,0.0,0.0,0.0,0.0,0.0,0.0,0.0,0.0,0.0,0.0,0.0,0.0,0.0,0.0,0.0,0.0,0.0,0.0,0.0,0.0,0.0,0.0,0.0,0.0,0.0,0.0,0.0,0.0,0.0
2026-02-04T14:57:21.848027,273.7,2.2,2,6657.2,222.4,2,2.1,2.1,76.5,2.1,25.4,2.1,2.1,2.1,2.1,3.4,2.8,2.1,2.1,2.1,2.8,2.1,2.1,2.1,2.1,2.8,2.1,2.1,2.1,2.1,2.1,2.1,2.1,3.5,2.1,2.1,2.1,2.1,2.1,2.1,2.1,2.1,2.1,3.5,2.1,2.1,2.1,2.1,2.1,2.1,2.1,2.1,3.6,2.1,0.0,0.0,0.0,0.0,0.0,0.0,0.0,0.0,0.0,0.0,0.0,0.0,0.0,0.0,0.0,0.0,0.0,0.0,0.0,0.0,0.0,0.0,0.0,0.0,0.0,0.0,0.0,0.0,0.0,0.0,0.0,0.0,0.0,0.0,0.0,0.0,0.0,0.0,0.0,0.0,0.0,0.0,0.0,0.0,0.0,0.0,0.0,0.0
2026-02-04T14:57:24.074646,276.0,2.2,48,92.6,234.4,2,8.3,7.0,98.0,7.0,10.6,7.7,7.0,8.3,7.7,5.6,7.7,7.7,7.0,10.3,7.7,6.3,7.0,7.7,7.6,6.3,7.7,6.2,7.0,7.0,7.0,7.8,7.0,11.8,7.7,7.0,7.0,7.7,7.7,7.0,7.0,7.7,7.7,7.0,7.7,7.0,7.7,7.0,7.0,8.4,14.0,7.0,6.0,6.9,0.0,0.0,0.0,0.0,0.0,0.0,0.0,0.0,0.0,0.0,0.0,0.0,0.0,0.0,0.0,0.0,0.0,0.0,0.0,0.0,0.0,0.0,0.0,0.0,0.0,0.0,0.0,0.0,0.0,0.0,0.0,0.0,0.0,0.0,0.0,0.0,0.0,0.0,0.0,0.0,0.0,0.0,0.0,0.0,0.0,0.0,0.0,0.0
2026-02-04T14:57:26.301657,278.2,2.6,48,92.5,234.4,2,7.7,8.5,98.7,8.5,8.5,7.0,9.1,8.6,8.1,7.7,7.7,7.7,7.6,12.9,8.3,7.7,7.7,7.7,8.5,8.6,7.7,7.8,7.6,8.5,10.1,7.7,7.6,8.4,7.7,9.4,9.7,7.7,7.7,7.7,7.6,8.6,7.7,7.7,8.6,9.3,7.0,7.7,8.6,7.7,7.7,8.4,8.6,7.7,0.0,0.0,0.0,0.0,0.0,0.0,0.0,0.0,0.0,0.0,0.0,0.0,0.0,0.0,0.0,0.0,0.0,0.0,0.0,0.0,0.0,0.0,0.0,0.0,0.0,0.0,0.0,0.0,0.0,0.0,0.0,0.0,0.0,0.0,0.0,0.0,0.0,0.0,0.0,0.0,0.0,0.0,0.0,0.0,0.0,0.0,0.0,0.0
2026-02-04T14:57:28.528258,280.4,1.9,48,123.7,234.4,2,9.2,8.4,98.7,7.1,8.3,7.7,10.5,7.0,8.0,7.7,8.5,7.7,8.5,9.0,8.5,8.3,8.5,8.4,8.3,8.8,9.1,7.7,8.5,7.7,7.6,8.4,7.8,8.5,7.7,7.6,8.5,8.4,8.4,7.0,8.5,7.6,8.4,7.7,7.6,7.6,8.4,8.4,7.6,8.4,7.6,8.5,7.6,7.7,0.0,0.0,0.0,0.0,0.0,0.0,0.0,0.0,0.0,0.0,0.0,0.0,0.0,0.0,0.0,0.0,0.0,0.0,0.0,0.0,0.0,0.0,0.0,0.0,0.0,0.0,0.0,0.0,0.0,0.0,0.0,0.0,0.0,0.0,0.0,0.0,0.0,0.0,0.0,0.0,0.0,0.0,0.0,0.0,0.0,0.0,0.0,0.0
2026-02-04T14:57:30.755263,282.6,2.3,48,92.8,234.4,2,8.3,8.4,99.3,7.7,7.6,7.7,8.4,9.3,9.1,7.7,9.8,9.3,9.1,11.0,7.7,7.7,7.7,7.7,7.7,8.0,7.7,7.7,9.1,7.7,7.8,7.7,9.0,7.7,7.7,7.7,7.7,7.7,7.7,14.7,7.7,7.7,7.7,8.4,7.7,7.7,7.7,7.7,7.0,7.7,7.8,7.7,8.5,8.4,0.0,0.0,0.0,0.0,0.0,0.0,0.0,0.0,0.0,0.0,0.0,0.0,0.0,0.0,0.0,0.0,0.0,0.0,0.0,0.0,0.0,0.0,0.0,0.0,0.0,0.0,0.0,0.0,0.0,0.0,0.0,0.0,0.0,0.0,0.0,0.0,0.0,0.0,0.0,0.0,0.0,0.0,0.0,0.0,0.0,0.0,0.0,0.0
2026-02-04T14:57:32.981694,284.9,2.9,48,123.5,234.4,2,6.9,7.0,98.0,7.7,9.1,6.9,7.7,6.6,7.7,7.0,11.1,6.0,8.5,9.7,7.7,13.2,7.7,7.0,7.7,7.7,7.7,7.0,8.4,7.0,7.7,7.0,7.7,9.2,7.7,7.0,7.7,7.7,7.7,7.0,7.7,6.9,7.7,7.0,7.7,7.7,8.5,7.0,7.7,8.5,7.7,7.0,7.0,7.7,0.0,0.0,0.0,0.0,0.0,0.0,0.0,0.0,0.0,0.0,0.0,0.0,0.0,0.0,0.0,0.0,0.0,0.0,0.0,0.0,0.0,0.0,0.0,0.0,0.0,0.0,0.0,0.0,0.0,0.0,0.0,0.0,0.0,0.0,0.0,0.0,0.0,0.0,0.0,0.0,0.0,0.0,0.0,0.0,0.0,0.0,0.0,0.0
2026-02-04T14:57:35.238735,287.1,2.0,48,92.9,234.4,2,7.1,12.2,98.6,7.0,7.7,7.0,8.5,7.0,7.7,11.0,10.6,7.0,8.7,9.2,7.7,7.0,7.0,7.8,9.2,7.7,9.2,7.7,7.7,7.7,7.7,7.7,7.0,8.4,7.7,7.7,7.7,7.0,7.7,7.0,9.0,7.8,7.0,7.7,7.7,7.0,7.7,7.0,14.1,7.0,7.7,7.7,7.7,7.7,0.0,0.0,0.0,0.0,0.0,0.0,0.0,0.0,0.0,0.0,0.0,0.0,0.0,0.0,0.0,0.0,0.0,0.0,0.0,0.0,0.0,0.0,0.0,0.0,0.0,0.0,0.0,0.0,0.0,0.0,0.0,0.0,0.0,0.0,0.0,0.0,0.0,0.0,0.0,0.0,0.0,0.0,0.0,0.0,0.0,0.0,0.0,0.0
2026-02-04T14:57:37.465699,289.4,2.5,48,124.2,234.4,2,8.3,11.6,54.7,7.6,57.6,8.7,11.1,7.6,8.3,5.9,9.7,7.6,7.5,7.6,7.7,7.6,9.6,7.6,8.2,7.6,8.3,7.6,13.0,7.6,9.7,7.6,7.6,9.0,8.3,7.6,8.3,7.6,7.6,7.6,8.4,7.6,7.6,7.6,7.6,7.6,8.2,7.6,8.3,8.3,9.0,9.0,7.6,7.6,0.0,0.0,0.0,0.0,0.0,0.0,0.0,0.0,0.0,0.0,0.0,0.0,0.0,0.0,0.0,0.0,0.0,0.0,0.0,0.0,0.0,0.0,0.0,0.0,0.0,0.0,0.0,0.0,0.0,0.0,0.0,0.0,0.0,0.0,0.0,0.0,0.0,0.0,0.0,0.0,0.0,0.0,0.0,0.0,0.0,0.0,0.0,0.0
2026-02-04T14:57:39.691730,291.6,3.9,48,93.0,234.4,2,7.7,10.4,60.1,7.7,53.8,6.2,9.1,13.3,9.9,7.7,10.3,7.0,7.8,7.7,7.7,7.0,9.8,8.5,7.7,8.4,8.4,9.0,7.7,8.4,7.7,7.7,8.3,16.0,8.3,8.4,8.5,8.4,8.5,9.1,8.5,8.4,8.5,7.7,7.7,7.0,8.5,7.6,8.1,8.5,8.4,6.9,8.4,7.7,0.0,0.0,0.0,0.0,0.0,0.0,0.0,0.0,0.0,0.0,0.0,0.0,0.0,0.0,0.0,0.0,0.0,0.0,0.0,0.0,0.0,0.0,0.0,0.0,0.0,0.0,0.0,0.0,0.0,0.0,0.0,0.0,0.0,0.0,0.0,0.0,0.0,0.0,0.0,0.0,0.0,0.0,0.0,0.0,0.0,0.0,0.0,0.0
2026-02-04T14:57:41.917536,293.8,2.0,48,92.7,234.4,2,8.5,8.5,98.6,9.8,7.7,8.5,9.9,6.0,9.1,8.4,9.2,8.4,10.5,8.4,9.0,8.5,9.1,8.9,8.5,11.4,8.3,9.8,8.4,11.4,8.4,8.3,8.5,9.9,8.5,9.8,8.4,8.4,8.4,9.0,8.4,8.4,8.4,9.8,9.1,9.8,8.5,9.9,8.0,8.3,8.5,8.5,8.5,7.7,0.0,0.0,0.0,0.0,0.0,0.0,0.0,0.0,0.0,0.0,0.0,0.0,0.0,0.0,0.0,0.0,0.0,0.0,0.0,0.0,0.0,0.0,0.0,0.0,0.0,0.0,0.0,0.0,0.0,0.0,0.0,0.0,0.0,0.0,0.0,0.0,0.0,0.0,0.0,0.0,0.0,0.0,0.0,0.0,0.0,0.0,0.0,0.0
2026-02-04T14:57:44.143586,296.0,2.5,48,92.7,234.4,2,8.5,7.6,98.6,6.8,9.1,9.2,8.4,8.4,8.4,8.5,8.5,7.7,8.4,7.7,8.5,7.7,8.5,8.0,8.4,6.1,8.5,11.6,8.4,6.1,9.2,7.7,9.0,10.5,8.4,6.2,8.5,7.7,9.7,8.5,8.5,7.7,8.4,7.4,8.5,7.4,8.4,6.8,8.5,8.5,8.5,8.5,8.4,9.7,0.0,0.0,0.0,0.0,0.0,0.0,0.0,0.0,0.0,0.0,0.0,0.0,0.0,0.0,0.0,0.0,0.0,0.0,0.0,0.0,0.0,0.0,0.0,0.0,0.0,0.0,0.0,0.0,0.0,0.0,0.0,0.0,0.0,0.0,0.0,0.0,0.0,0.0,0.0,0.0,0.0,0.0,0.0,0.0,0.0,0.0,0.0,0.0
2026-02-04T14:57:46.370228,298.3,3.1,48,92.6,234.5,2,9.7,9.9,97.9,8.4,8.5,8.5,11.2,8.4,8.4,8.4,9.0,8.4,8.4,8.4,8.4,8.5,10.8,9.7,8.5,8.4,9.7,14.9,8.5,8.5,8.5,9.1,8.5,9.9,8.5,8.4,8.4,8.4,9.9,9.7,9.1,8.4,14.8,8.4,8.4,8.5,7.7,8.4,8.4,8.4,8.4,7.7,9.2,8.5,0.0,0.0,0.0,0.0,0.0,0.0,0.0,0.0,0.0,0.0,0.0,0.0,0.0,0.0,0.0,0.0,0.0,0.0,0.0,0.0,0.0,0.0,0.0,0.0,0.0,0.0,0.0,0.0,0.0,0.0,0.0,0.0,0.0,0.0,0.0,0.0,0.0,0.0,0.0,0.0,0.0,0.0,0.0,0.0,0.0,0.0,0.0,0.0
2026-02-04T14:57:48.595488,300.5,2.3,73,93.0,234.5,2,7.7,8.4,98.6,7.7,9.1,8.3,8.4,8.4,9.2,7.7,9.2,8.5,9.2,7.7,8.5,7.7,6.3,8.5,8.4,7.7,9.2,9.7,8.3,7.7,7.6,8.5,8.5,7.7,8.5,8.5,7.7,8.5,7.7,7.8,13.3,8.5,8.4,7.7,8.5,8.4,8.5,7.7,8.5,7.8,8.4,8.5,8.5,8.5,0.0,0.0,0.0,0.0,0.0,100.0,58.4,46.0,100.0,81.6,67.8,62.3,100.0,75.0,75.0,75.0,75.0,75.0,75.0,75.0,75.0,75.0,75.0,75.0,75.0,75.0,75.0,75.0,0.0,0.0,100.0,0.0,0.0,0.0,0.0,0.0,0.0,0.0,0.0,0.0,0.0,0.0,0.0,0.0,0.0,0.0,100.0,0.0
2026-02-04T14:57:50.820232,302.7,3.1,48,92.7,234.5,2,9.4,7.0,97.2,7.0,9.9,6.3,7.7,7.0,8.3,7.7,7.0,7.7,7.0,7.0,7.0,7.0,7.6,7.7,13.4,7.0,7.7,10.4,7.8,7.0,7.7,9.0,7.0,11.3,7.7,8.4,7.7,7.0,7.0,7.0,7.7,7.0,7.7,7.7,8.4,7.0,7.7,7.0,7.0,7.7,7.1,7.7,6.3,7.0,0.0,0.0,0.0,0.0,0.0,0.0,0.0,0.0,0.0,0.0,0.0,0.0,0.0,0.0,0.0,0.0,0.0,0.0,0.0,0.0,0.0,0.0,0.0,0.0,0.0,0.0,0.0,0.0,0.0,0.0,0.0,0.0,0.0,0.0,0.0,0.0,0.0,0.0,0.0,0.0,0.0,0.0,0.0,0.0,0.0,0.0,0.0,0.0
2026-02-04T14:57:53.044985,304.9,4.2,48,92.9,234.5,2,6.9,6.3,43.0,6.3,69.4,5.6,7.0,6.3,7.0,6.3,7.0,7.0,6.3,6.3,7.0,6.3,5.9,7.0,7.7,6.3,7.0,9.0,7.7,6.3,6.3,7.0,7.7,7.7,6.3,7.0,7.0,7.0,7.6,6.3,9.2,6.3,7.0,6.3,7.0,6.3,6.3,7.7,7.0,7.0,6.3,6.3,6.3,6.3,0.0,0.0,0.0,0.0,0.0,0.0,0.0,0.0,0.0,0.0,0.0,0.0,0.0,0.0,0.0,0.0,0.0,0.0,0.0,0.0,0.0,0.0,0.0,0.0,0.0,0.0,0.0,0.0,0.0,0.0,0.0,0.0,0.0,0.0,0.0,0.0,0.0,0.0,0.0,0.0,0.0,0.0,0.0,0.0,0.0,0.0,0.0,0.0
2026-02-04T14:57:55.268666,307.2,100.0,48,186.4,234.5,2,8.3,7.7,100.0,8.3,7.7,7.6,8.5,8.3,8.4,7.6,10.5,7.6,8.3,7.6,7.6,7.6,7.6,7.6,8.3,7.6,7.6,11.1,7.6,7.6,7.6,7.6,7.6,9.9,7.7,7.7,8.4,7.6,9.2,8.3,7.6,7.6,8.3,8.4,7.6,7.6,7.7,7.6,7.6,8.4,7.6,7.6,9.0,7.6,0.0,0.0,0.0,0.0,0.0,0.0,0.0,0.0,0.0,0.0,0.0,0.0,0.0,0.0,0.0,0.0,0.0,0.0,0.0,0.0,0.0,0.0,0.0,0.0,0.0,0.0,0.0,0.0,0.0,0.0,0.0,0.0,0.0,0.0,0.0,0.0,0.0,0.0,0.0,0.0,0.0,0.0,0.0,0.0,0.0,0.0,0.0,0.0
2026-02-04T14:57:57.521525,309.4,2.9,4,6840.4,222.5,2,2.8,0.0,98.6,0.0,7.0,0.0,2.8,0.0,0.0,0.0,9.2,0.0,0.7,0.0,0.7,0.0,0.0,0.7,1.4,0.0,0.0,5.5,1.4,0.0,2.8,0.0,0.7,0.7,0.0,0.0,0.0,0.0,3.5,0.0,0.0,0.7,0.0,1.4,0.7,0.0,1.4,0.7,2.1,0.7,0.0,2.1,0.0,0.0,0.0,0.0,0.0,0.0,0.0,0.0,0.0,0.0,0.0,0.0,0.0,0.0,0.0,0.0,0.0,0.0,0.0,0.0,0.0,0.0,0.0,0.0,0.0,0.0,0.0,0.0,0.0,0.0,0.0,0.0,0.0,0.0,0.0,0.0,0.0,0.0,0.0,0.0,0.0,0.0,0.0,0.0,0.0,0.0,0.0,0.0,0.0,0.0
2026-02-04T14:57:59.748866,311.6,3.1,95,124.5,234.6,2,7.6,6.9,23.2,7.0,95.2,5.5,9.7,7.6,9.1,7.6,11.0,7.6,10.4,7.7,8.3,7.6,8.3,7.7,7.6,8.6,7.7,10.2,8.3,8.6,9.1,9.2,9.0,9.7,7.7,8.6,7.7,9.3,7.7,7.6,8.5,7.7,7.7,8.3,8.7,7.0,5.6,11.0,7.7,9.7,7.7,8.4,7.6,7.7,29.4,81.7,71.5,77.0,71.4,100.0,100.0,100.0,67.3,1.9,100.0,100.0,76.8,83.7,69.4,89.1,75.2,71.5,88.8,89.9,80.8,76.5,83.6,59.7,75.3,78.9,72.8,71.4,70.8,69.4,71.7,73.2,69.9,66.7,72.7,78.2,23.0,79.3,76.8,69.6,76.1,74.9,69.2,64.6,85.3,65.3,75.3,84.6
2026-02-04T14:58:01.974979,313.9,1.9,48,92.7,234.6,2,7.8,8.4,92.5,8.3,18.3,7.0,9.2,8.4,8.3,15.2,11.9,8.4,8.5,7.5,8.5,9.0,14.1,8.4,8.5,7.5,8.4,11.1,8.5,7.5,8.5,8.2,8.5,8.4,8.3,7.6,8.4,7.6,9.7,9.1,7.8,8.4,8.3,8.5,8.1,7.5,8.5,8.5,9.7,8.5,8.4,8.5,8.4,9.1,0.0,0.0,0.0,0.0,0.0,0.0,0.0,0.0,0.0,0.0,0.0,0.0,0.0,0.0,0.0,0.0,0.0,0.0,0.0,0.0,0.0,0.0,0.0,0.0,0.0,0.0,0.0,0.0,0.0,0.0,0.0,0.0,0.0,0.0,0.0,0.0,0.0,0.0,0.0,0.0,0.0,0.0,0.0,0.0,0.0,0.0,0.0,0.0
2026-02-04T14:58:04.201611,316.1,2.6,48,123.8,234.6,2,8.3,8.5,98.6,7.7,8.4,8.4,11.9,7.7,8.5,5.8,11.2,8.8,8.4,8.5,8.4,8.5,8.5,8.5,8.5,8.5,8.5,9.7,9.1,8.5,7.6,8.4,8.5,10.6,9.9,8.4,8.5,8.5,9.2,8.3,8.5,8.5,9.2,9.1,9.1,8.5,8.4,8.4,8.5,7.0,8.5,14.0,8.5,8.5,0.0,0.0,0.0,0.0,0.0,0.0,0.0,0.0,0.0,0.0,0.0,0.0,0.0,0.0,0.0,0.0,0.0,0.0,0.0,0.0,0.0,0.0,0.0,0.0,0.0,0.0,0.0,0.0,0.0,0.0,0.0,0.0,0.0,0.0,0.0,0.0,0.0,0.0,0.0,0.0,0.0,0.0,0.0,0.0,0.0,0.0,0.0,0.0
2026-02-04T14:58:06.429665,318.3,100.0,48,93.1,234.6,2,7.6,8.4,95.9,17.2,12.7,8.2,9.0,8.5,8.3,11.2,14.7,9.6,9.0,11.6,7.7,8.0,7.7,9.1,9.0,6.5,7.6,11.1,8.4,7.8,9.1,8.8,9.1,16.8,7.7,10.4,9.9,19.0,8.3,19.3,7.7,9.7,7.7,9.7,9.0,19.0,9.0,9.0,9.0,9.0,6.9,9.0,9.0,9.9,0.0,0.0,0.0,0.0,0.0,0.0,0.0,0.0,0.0,0.0,0.0,0.0,0.0,0.0,0.0,0.0,0.0,0.0,0.0,0.0,0.0,0.0,0.0,0.0,0.0,0.0,0.0,0.0,0.0,0.0,0.0,0.0,0.0,0.0,0.0,0.0,0.0,0.0,0.0,0.0,0.0,0.0,0.0,0.0,0.0,0.0,0.0,0.0
2026-02-04T14:58:08.655886,320.5,2.3,44,93.0,234.6,2,8.5,6.5,63.2,4.4,46.9,12.5,7.1,6.8,9.1,7.0,9.2,5.7,7.7,5.3,7.8,6.8,7.0,7.0,7.8,6.8,7.1,11.0,9.0,6.9,9.1,6.9,7.0,9.8,7.0,7.7,8.4,4.4,9.1,4.4,7.0,9.8,8.4,9.2,6.9,4.4,7.1,7.8,9.9,7.1,7.0,8.5,7.8,7.0,0.0,0.0,0.0,0.0,0.0,0.0,0.0,0.0,0.0,0.0,0.0,0.0,0.0,0.0,0.0,0.0,0.0,0.0,0.0,0.0,0.0,0.0,0.0,0.0,0.0,0.0,0.0,0.0,0.0,0.0,0.0,0.0,0.0,0.0,0.0,0.0,0.0,0.0,0.0,0.0,0.0,0.0,0.0,0.0,0.0,0.0,0.0,0.0
2026-02-04T14:58:10.882158,322.8,2.5,48,92.9,234.6,2,8.4,7.0,97.9,7.7,9.9,7.7,8.3,7.3,8.5,8.3,7.7,7.0,8.5,7.0,7.6,7.7,7.0,7.7,7.6,7.0,7.6,14.9,7.7,7.0,7.7,8.4,7.6,8.5,7.7,6.9,7.7,7.0,8.5,8.4,13.8,7.7,7.7,8.3,7.8,7.7,8.3,7.7,7.7,8.3,7.7,9.0,7.0,7.7,0.0,0.0,0.0,0.0,0.0,0.0,0.0,0.0,0.0,0.0,0.0,0.0,0.0,0.0,0.0,0.0,0.0,0.0,0.0,0.0,0.0,0.0,0.0,0.0,0.0,0.0,0.0,0.0,0.0,0.0,0.0,0.0,0.0,0.0,0.0,0.0,0.0,0.0,0.0,0.0,0.0,0.0,0.0,0.0,0.0,0.0,0.0,0.0
2026-02-04T14:58:13.108445,325.0,2.3,48,92.5,234.6,2,9.8,7.7,97.9,7.7,13.1,7.7,9.1,7.0,7.7,7.7,8.3,7.7,7.7,7.7,7.1,13.4,7.0,8.5,7.0,7.7,7.7,7.8,7.1,7.0,9.9,7.7,7.1,9.2,5.6,7.8,7.0,7.0,8.5,6.9,9.2,7.0,8.5,7.7,8.5,7.0,9.0,7.7,8.5,8.4,8.5,9.1,7.7,7.6,0.0,0.0,0.0,0.0,0.0,0.0,0.0,0.0,0.0,0.0,0.0,0.0,0.0,0.0,0.0,0.0,0.0,0.0,0.0,0.0,0.0,0.0,0.0,0.0,0.0,0.0,0.0,0.0,0.0,0.0,0.0,0.0,0.0,0.0,0.0,0.0,0.0,0.0,0.0,0.0,0.0,0.0,0.0,0.0,0.0,0.0,0.0,0.0
2026-02-04T14:58:15.334893,327.2,2.8,48,92.8,234.6,2,7.7,8.5,98.6,7.7,9.2,7.8,7.7,7.7,8.5,7.7,15.5,7.7,8.3,8.4,8.4,7.7,8.4,8.4,9.9,7.7,11.9,9.0,8.3,8.4,9.2,7.7,8.5,9.1,7.0,9.0,8.4,7.7,7.7,8.5,8.4,7.7,8.4,7.7,9.1,8.4,11.2,8.4,8.4,7.7,8.5,8.4,8.4,9.2,0.0,0.0,0.0,0.0,0.0,0.0,0.0,0.0,0.0,0.0,0.0,0.0,0.0,0.0,0.0,0.0,0.0,0.0,0.0,0.0,0.0,0.0,0.0,0.0,0.0,0.0,0.0,0.0,0.0,0.0,0.0,0.0,0.0,0.0,0.0,0.0,0.0,0.0,0.0,0.0,0.0,0.0,0.0,0.0,0.0,0.0,0.0,0.0
2026-02-04T14:58:17.561675,329.5,4.8,48,123.3,234.6,2,13.2,7.7,99.3,7.0,9.7,8.3,10.5,7.7,7.7,7.7,9.9,7.7,8.9,7.7,8.4,7.0,8.5,7.0,8.5,8.4,9.8,7.0,7.1,7.7,15.5,7.0,7.6,7.8,8.3,7.7,9.6,7.7,7.7,8.5,8.4,7.7,7.7,7.8,7.0,7.7,12.5,8.4,7.7,8.5,7.7,9.1,7.7,8.5,0.0,0.0,0.0,0.0,0.0,0.0,0.0,0.0,0.0,0.0,0.0,0.0,0.0,0.0,0.0,0.0,0.0,0.0,0.0,0.0,0.0,0.0,0.0,0.0,0.0,0.0,0.0,0.0,0.0,0.0,0.0,0.0,0.0,0.0,0.0,0.0,0.0,0.0,0.0,0.0,0.0,0.0,0.0,0.0,0.0,0.0,0.0,0.0
2026-02-04T14:58:19.816803,331.7,1.7,48,92.9,234.6,2,7.6,18.1,87.4,14.0,8.5,7.7,9.8,7.9,8.4,8.4,8.3,7.7,7.5,7.7,8.4,8.4,7.6,7.6,7.7,8.3,8.3,7.7,9.1,7.7,8.3,7.7,7.7,8.3,7.9,8.3,14.4,7.7,7.7,9.0,8.3,7.6,9.7,8.3,8.4,7.7,9.0,7.7,8.4,10.3,8.3,7.7,7.6,7.6,0.0,0.0,0.0,0.0,0.0,0.0,0.0,0.0,0.0,0.0,0.0,0.0,0.0,0.0,0.0,0.0,0.0,0.0,0.0,0.0,0.0,0.0,0.0,0.0,0.0,0.0,0.0,0.0,0.0,0.0,0.0,0.0,0.0,0.0,0.0,0.0,0.0,0.0,0.0,0.0,0.0,0.0,0.0,0.0,0.0,0.0,0.0,0.0
2026-02-04T14:58:22.044844,333.9,75.9,73,216.9,234.6,2,10.3,14.7,31.0,8.3,71.4,7.6,9.0,7.5,8.3,9.1,11.9,8.3,7.6,8.3,8.3,8.3,9.1,7.7,9.0,7.7,7.7,8.3,8.3,6.9,10.5,6.9,7.7,10.3,6.2,7.6,9.0,6.9,9.0,7.7,6.9,8.4,9.0,9.0,8.3,6.9,8.4,7.7,9.8,8.4,8.3,7.6,8.4,7.7,100.0,0.0,0.0,0.0,100.0,0.0,100.0,0.0,0.0,100.0,100.0,0.0,0.0,0.0,100.0,0.0,100.0,100.0,0.0,0.0,0.0,0.0,0.0,100.0,0.0,100.0,100.0,100.0,100.0,100.0,100.0,100.0,0.0,100.0,0.0,0.0,100.0,100.0,0.0,100.0,0.0,100.0,100.0,0.0,100.0,100.0,100.0,0.0
2026-02-04T14:58:24.275775,336.2,12.9,1,11722.6,222.6,2,2.8,2.1,99.3,2.1,2.8,2.1,2.8,2.1,3.5,2.1,2.8,2.1,2.1,2.1,2.1,2.1,2.1,2.8,2.1,2.1,2.1,2.1,2.1,2.1,2.1,2.1,2.1,4.9,2.1,2.1,2.1,2.8,2.1,3.5,2.1,2.8,4.9,2.1,2.8,2.8,2.8,2.8,2.1,2.1,2.1,2.1,2.1,2.8,0.0,0.0,0.0,0.0,0.0,0.0,0.0,0.0,0.0,0.0,0.0,0.0,0.0,0.0,0.0,0.0,0.0,0.0,0.0,0.0,0.0,0.0,0.0,0.0,0.0,0.0,0.0,0.0,0.0,0.0,0.0,0.0,0.0,0.0,0.0,0.0,0.0,0.0,0.0,0.0,0.0,0.0,0.0,0.0,0.0,0.0,0.0,0.0
2026-02-04T14:58:26.501969,338.4,2.6,48,92.5,234.6,2,5.6,5.6,98.6,6.4,6.3,5.6,5.6,6.4,6.3,6.3,7.0,12.1,7.0,5.7,5.6,5.6,5.7,9.6,6.3,5.7,5.6,5.7,6.3,6.4,6.3,5.7,5.6,6.3,5.7,6.3,5.7,5.7,6.4,6.3,5.7,5.7,5.7,5.6,5.7,5.7,5.7,6.3,5.7,5.6,5.6,5.6,5.7,5.6,0.0,0.0,0.0,0.0,0.0,0.0,0.0,0.0,0.0,0.0,0.0,0.0,0.0,0.0,0.0,0.0,0.0,0.0,0.0,0.0,0.0,0.0,0.0,0.0,0.0,0.0,0.0,0.0,0.0,0.0,0.0,0.0,0.0,0.0,0.0,0.0,0.0,0.0,0.0,0.0,0.0,0.0,0.0,0.0,0.0,0.0,0.0,0.0
2026-02-04T14:58:28.727375,340.6,2.0,48,93.3,234.6,2,9.7,7.7,98.6,7.7,8.4,8.5,9.2,7.7,7.1,7.7,9.9,7.7,8.4,7.7,7.7,7.7,7.7,10.4,7.9,8.3,7.7,7.7,8.5,7.7,7.8,8.4,7.7,9.2,7.7,9.1,7.7,7.7,8.5,7.7,8.3,7.7,7.7,14.8,7.7,7.7,8.4,7.7,7.7,7.0,7.7,7.0,7.7,8.3,0.0,0.0,0.0,0.0,0.0,0.0,0.0,0.0,0.0,0.0,0.0,0.0,0.0,0.0,0.0,0.0,0.0,0.0,0.0,0.0,0.0,0.0,0.0,0.0,0.0,0.0,0.0,0.0,0.0,0.0,0.0,0.0,0.0,0.0,0.0,0.0,0.0,0.0,0.0,0.0,0.0,0.0,0.0,0.0,0.0,0.0,0.0,0.0
2026-02-04T14:58:30.952970,342.8,2.6,48,93.2,234.6,2,8.5,7.7,98.6,7.7,8.5,7.7,9.2,10.1,8.3,7.7,8.5,8.5,7.7,7.7,8.5,8.4,14.1,9.0,7.6,8.5,7.7,7.7,7.7,7.7,7.7,7.7,7.7,9.2,7.7,8.5,7.7,7.7,7.7,7.7,8.5,7.7,7.7,7.8,7.7,7.7,8.4,7.0,7.7,7.7,8.5,7.7,8.4,7.7,0.0,0.0,0.0,0.0,0.0,0.0,0.0,0.0,0.0,0.0,0.0,0.0,0.0,0.0,0.0,0.0,0.0,0.0,0.0,0.0,0.0,0.0,0.0,0.0,0.0,0.0,0.0,0.0,0.0,0.0,0.0,0.0,0.0,0.0,0.0,0.0,0.0,0.0,0.0,0.0,0.0,0.0,0.0,0.0,0.0,0.0,0.0,0.0
2026-02-04T14:58:33.179025,345.1,2.5,48,92.9,234.6,2,10.3,8.3,97.9,7.7,9.0,7.6,8.4,6.6,8.5,7.7,8.4,8.4,7.7,7.7,9.0,8.4,8.4,10.4,8.5,8.4,7.0,8.4,8.4,7.7,9.0,7.7,8.4,8.4,8.4,7.6,7.7,8.4,7.6,8.4,9.0,7.7,8.4,7.7,8.4,8.4,7.0,7.0,7.7,8.4,12.5,8.4,6.3,7.0,0.0,0.0,0.0,0.0,0.0,0.0,0.0,0.0,0.0,0.0,0.0,0.0,0.0,0.0,0.0,0.0,0.0,0.0,0.0,0.0,0.0,0.0,0.0,0.0,0.0,0.0,0.0,0.0,0.0,0.0,0.0,0.0,0.0,0.0,0.0,0.0,0.0,0.0,0.0,0.0,0.0,0.0,0.0,0.0,0.0,0.0,0.0,0.0
2026-02-04T14:58:35.405519,347.3,3.1,48,123.3,234.6,2,10.6,7.8,98.6,7.7,8.5,7.8,9.8,7.7,9.1,7.7,9.2,7.7,8.5,7.7,8.4,7.7,7.7,9.0,7.7,7.7,7.8,8.5,8.5,7.7,9.2,7.7,14.1,8.4,7.7,7.7,8.4,7.7,7.8,8.5,7.8,7.7,7.7,7.7,7.7,7.7,7.8,7.7,7.7,8.4,7.8,7.7,7.7,7.7,0.0,0.0,0.0,0.0,0.0,0.0,0.0,0.0,0.0,0.0,0.0,0.0,0.0,0.0,0.0,0.0,0.0,0.0,0.0,0.0,0.0,0.0,0.0,0.0,0.0,0.0,0.0,0.0,0.0,0.0,0.0,0.0,0.0,0.0,0.0,0.0,0.0,0.0,0.0,0.0,0.0,0.0,0.0,0.0,0.0,0.0,0.0,0.0
2026-02-04T14:58:37.632942,349.5,2.2,48,92.5,234.6,2,7.0,7.7,42.7,7.7,64.6,7.8,12.0,7.0,8.4,8.4,9.2,8.4,7.6,8.4,8.5,7.7,7.7,9.1,7.7,7.7,7.7,8.3,7.7,7.7,7.7,7.7,7.7,7.7,7.9,7.0,7.7,7.7,10.3,7.7,7.7,7.7,7.7,8.3,7.7,7.7,7.7,7.7,7.0,7.8,7.0,7.0,7.7,7.7,0.0,0.0,0.0,0.0,0.0,0.0,0.0,0.0,0.0,0.0,0.0,0.0,0.0,0.0,0.0,0.0,0.0,0.0,0.0,0.0,0.0,0.0,0.0,0.0,0.0,0.0,0.0,0.0,0.0,0.0,0.0,0.0,0.0,0.0,0.0,0.0,0.0,0.0,0.0,0.0,0.0,0.0,0.0,0.0,0.0,0.0,0.0,0.0
2026-02-04T14:58:39.859638,351.8,1.8,48,92.4,234.6,2,7.7,9.9,60.8,14.8,48.9,7.6,11.3,8.1,7.6,8.6,8.3,13.8,8.4,8.1,9.2,9.0,15.0,16.8,8.5,8.3,11.2,15.0,7.7,10.1,9.4,9.1,8.5,11.2,9.0,8.4,9.1,15.0,9.2,8.5,8.5,23.6,16.0,15.0,9.0,10.2,8.5,8.5,9.0,9.2,9.2,8.4,8.5,10.3,0.0,0.0,0.0,0.0,0.0,0.0,0.0,0.0,0.0,0.0,0.0,0.0,0.0,0.0,0.0,0.0,0.0,0.0,0.0,0.0,0.0,0.0,0.0,0.0,0.0,0.0,0.0,0.0,0.0,0.0,0.0,0.0,0.0,0.0,0.0,0.0,0.0,0.0,0.0,0.0,0.0,0.0,0.0,0.0,0.0,0.0,0.0,0.0
2026-02-04T14:58:42.116245,354.0,2.0,48,92.8,234.6,2,8.4,7.7,97.9,6.3,9.7,8.4,8.3,7.4,9.9,10.4,9.2,5.9,15.5,7.4,8.5,9.2,5.9,10.3,8.5,7.8,8.3,5.4,7.7,7.1,7.6,7.7,8.5,7.0,8.5,7.7,7.8,5.4,8.5,8.3,9.0,5.6,5.9,5.4,9.9,6.9,7.6,7.0,8.5,7.6,8.4,7.8,8.4,6.9,0.0,0.0,0.0,0.0,0.0,0.0,0.0,0.0,0.0,0.0,0.0,0.0,0.0,0.0,0.0,0.0,0.0,0.0,0.0,0.0,0.0,0.0,0.0,0.0,0.0,0.0,0.0,0.0,0.0,0.0,0.0,0.0,0.0,0.0,0.0,0.0,0.0,0.0,0.0,0.0,0.0,0.0,0.0,0.0,0.0,0.0,0.0,0.0
2026-02-04T14:58:44.341226,356.2,2.3,96,123.5,234.6,2,7.6,8.3,98.6,6.9,11.0,9.0,8.2,8.0,8.3,5.7,7.6,8.3,7.7,8.3,8.9,6.8,8.7,9.6,8.9,13.9,8.4,8.3,9.0,8.3,6.9,8.3,8.3,10.4,7.6,8.3,7.6,8.3,8.3,9.1,9.7,8.3,7.6,8.3,8.3,8.3,9.7,7.6,7.6,8.4,6.2,8.2,8.3,6.9,75.0,75.0,75.0,75.0,75.0,75.0,75.0,75.0,75.0,75.0,75.0,75.0,75.0,75.0,66.7,100.0,75.0,75.0,75.0,75.0,75.0,75.0,75.0,75.0,75.0,75.0,75.0,75.0,75.0,75.0,75.0,75.0,75.0,75.0,75.0,75.0,75.0,75.0,75.0,75.0,75.0,75.0,75.0,75.0,75.0,75.0,50.0,66.7
2026-02-04T14:58:46.566747,358.5,1.9,48,92.6,234.6,2,8.4,7.7,98.6,7.0,9.2,9.0,8.5,6.7,7.0,7.7,7.7,7.7,7.0,7.0,7.8,7.7,6.7,11.0,7.8,7.0,7.0,13.3,7.0,7.7,7.0,8.4,7.7,9.1,7.0,7.0,7.0,7.7,7.0,8.4,7.7,7.0,7.0,7.0,7.0,7.0,7.7,7.8,7.0,8.4,8.5,7.7,7.0,7.0,0.0,0.0,0.0,0.0,0.0,0.0,0.0,0.0,0.0,0.0,0.0,0.0,0.0,0.0,0.0,0.0,0.0,0.0,0.0,0.0,0.0,0.0,0.0,0.0,0.0,0.0,0.0,0.0,0.0,0.0,0.0,0.0,0.0,0.0,0.0,0.0,0.0,0.0,0.0,0.0,0.0,0.0,0.0,0.0,0.0,0.0,0.0,0.0
2026-02-04T14:58:48.791714,360.7,1.9,48,123.7,234.6,2,9.1,7.7,73.9,14.1,31.7,7.7,9.9,7.7,9.2,7.7,7.7,7.7,7.6,7.7,8.3,8.5,7.8,9.1,9.0,7.7,8.4,7.7,7.7,7.7,8.4,7.7,9.1,9.9,7.7,7.7,8.5,7.7,7.7,8.4,8.5,9.2,7.7,7.7,7.7,7.7,8.4,7.7,7.7,7.7,8.4,7.7,8.5,9.1,0.0,0.0,0.0,0.0,0.0,0.0,0.0,0.0,0.0,0.0,0.0,0.0,0.0,0.0,0.0,0.0,0.0,0.0,0.0,0.0,0.0,0.0,0.0,0.0,0.0,0.0,0.0,0.0,0.0,0.0,0.0,0.0,0.0,0.0,0.0,0.0,0.0,0.0,0.0,0.0,0.0,0.0,0.0,0.0,0.0,0.0,0.0,0.0
2026-02-04T14:58:51.016553,362.9,2.3,48,92.5,234.6,2,7.0,7.7,25.9,8.4,80.4,8.4,7.7,7.7,7.6,8.4,8.5,7.7,9.2,7.7,8.5,9.0,7.6,9.2,7.7,7.8,7.7,7.7,7.7,7.7,7.7,8.4,7.7,8.4,14.1,7.7,7.7,7.7,7.7,8.5,7.7,7.0,7.7,7.0,8.5,7.7,9.0,7.7,7.7,9.1,7.7,8.4,7.7,7.0,0.0,0.0,0.0,0.0,0.0,0.0,0.0,0.0,0.0,0.0,0.0,0.0,0.0,0.0,0.0,0.0,0.0,0.0,0.0,0.0,0.0,0.0,0.0,0.0,0.0,0.0,0.0,0.0,0.0,0.0,0.0,0.0,0.0,0.0,0.0,0.0,0.0,0.0,0.0,0.0,0.0,0.0,0.0,0.0,0.0,0.0,0.0,0.0
2026-02-04T14:58:53.241922,365.1,2.6,48,92.8,234.6,2,11.1,7.7,31.5,7.7,76.1,7.8,8.5,7.0,14.2,7.0,9.9,7.0,7.7,7.0,8.5,7.0,7.7,7.7,7.8,7.0,11.7,7.0,7.7,7.7,7.8,7.0,7.0,9.2,7.7,7.7,7.7,7.0,7.6,7.0,7.7,7.0,7.7,7.7,7.7,7.7,7.0,7.7,7.7,8.3,5.7,7.7,7.7,7.7,0.0,0.0,0.0,0.0,0.0,0.0,0.0,0.0,0.0,0.0,0.0,0.0,0.0,0.0,0.0,0.0,0.0,0.0,0.0,0.0,0.0,0.0,0.0,0.0,0.0,0.0,0.0,0.0,0.0,0.0,0.0,0.0,0.0,0.0,0.0,0.0,0.0,0.0,0.0,0.0,0.0,0.0,0.0,0.0,0.0,0.0,0.0,0.0
2026-02-04T14:58:55.466059,367.4,72.8,48,217.0,234.6,2,6.2,6.2,98.6,6.3,8.3,7.0,7.7,7.0,7.7,7.0,10.3,6.3,7.0,7.0,6.9,7.7,7.0,6.3,7.0,7.7,8.3,7.7,7.7,6.3,7.7,6.2,7.7,6.3,7.7,6.3,8.4,6.3,7.1,6.3,7.7,6.3,7.0,7.7,7.7,6.3,7.0,6.9,7.0,7.0,6.2,7.0,7.0,8.3,0.0,0.0,0.0,0.0,0.0,0.0,0.0,0.0,0.0,0.0,0.0,0.0,0.0,0.0,0.0,0.0,0.0,0.0,0.0,0.0,0.0,0.0,0.0,0.0,0.0,0.0,0.0,0.0,0.0,0.0,0.0,0.0,0.0,0.0,0.0,0.0,0.0,0.0,0.0,0.0,0.0,0.0,0.0,0.0,0.0,0.0,0.0,0.0
2026-02-04T14:58:57.701892,369.6,5.5,1,11783.3,222.6,2,1.4,1.4,99.3,1.4,1.4,0.7,1.4,0.7,1.4,1.4,0.7,1.4,0.7,0.7,1.4,0.7,0.7,0.7,0.7,0.7,4.8,1.4,1.4,0.7,2.1,0.7,0.7,1.4,1.4,0.7,0.7,1.4,0.7,1.4,1.4,0.7,0.7,0.7,1.4,0.7,0.7,0.7,1.4,1.4,1.4,1.4,1.4,1.4,0.0,0.0,0.0,0.0,0.0,0.0,0.0,0.0,0.0,0.0,0.0,0.0,0.0,0.0,0.0,0.0,0.0,0.0,0.0,0.0,0.0,0.0,0.0,0.0,0.0,0.0,0.0,0.0,0.0,0.0,0.0,0.0,0.0,0.0,0.0,0.0,0.0,0.0,0.0,0.0,0.0,0.0,0.0,0.0,0.0,0.0,0.0,0.0
2026-02-04T14:58:59.927268,371.8,1.9,48,92.5,234.6,2,8.5,7.1,98.6,7.7,9.1,7.7,7.7,11.3,9.1,7.7,7.7,7.7,8.4,12.2,7.7,7.8,13.3,7.7,8.4,7.8,9.0,7.7,9.2,7.7,7.7,9.1,9.1,9.8,7.7,7.7,7.8,7.7,7.8,7.7,7.7,7.7,7.7,7.8,7.7,7.7,8.4,7.8,7.1,7.0,7.1,7.1,7.1,5.7,0.0,0.0,0.0,0.0,0.0,0.0,0.0,0.0,0.0,0.0,0.0,0.0,0.0,0.0,0.0,0.0,0.0,0.0,0.0,0.0,0.0,0.0,0.0,0.0,0.0,0.0,0.0,0.0,0.0,0.0,0.0,0.0,0.0,0.0,0.0,0.0,0.0,0.0,0.0,0.0,0.0,0.0,0.0,0.0,0.0,0.0,0.0,0.0
2026-02-04T14:59:02.152671,374.0,2.6,48,124.0,234.6,2,7.7,7.7,98.6,7.0,9.8,7.0,7.1,5.3,7.1,7.0,7.1,8.2,11.0,5.3,7.7,7.0,7.1,7.0,7.0,7.0,9.7,7.0,7.0,7.0,7.0,7.1,7.0,7.7,7.0,7.0,7.0,7.0,8.3,7.1,7.7,7.0,7.0,7.0,8.5,7.0,7.1,7.0,7.0,7.1,13.3,7.0,7.0,7.0,0.0,0.0,0.0,0.0,0.0,0.0,0.0,0.0,0.0,0.0,0.0,0.0,0.0,0.0,0.0,0.0,0.0,0.0,0.0,0.0,0.0,0.0,0.0,0.0,0.0,0.0,0.0,0.0,0.0,0.0,0.0,0.0,0.0,0.0,0.0,0.0,0.0,0.0,0.0,0.0,0.0,0.0,0.0,0.0,0.0,0.0,0.0,0.0
2026-02-04T14:59:04.407749,376.3,2.5,48,92.7,234.6,2,6.3,7.6,97.2,7.0,7.0,7.0,6.9,7.0,7.0,7.0,7.7,6.2,5.4,7.0,7.0,8.4,7.0,7.7,7.0,7.0,10.3,7.7,7.7,7.0,7.0,8.3,7.0,7.7,7.0,13.4,7.0,7.0,9.2,9.0,8.3,7.0,7.7,7.0,7.0,7.0,6.9,7.0,7.8,7.6,7.6,7.0,8.0,7.0,0.0,0.0,0.0,0.0,0.0,0.0,0.0,0.0,0.0,0.0,0.0,0.0,0.0,0.0,0.0,0.0,0.0,0.0,0.0,0.0,0.0,0.0,0.0,0.0,0.0,0.0,0.0,0.0,0.0,0.0,0.0,0.0,0.0,0.0,0.0,0.0,0.0,0.0,0.0,0.0,0.0,0.0,0.0,0.0,0.0,0.0,0.0,0.0
2026-02-04T14:59:06.633348,378.5,1.9,53,92.8,234.6,2,9.0,8.3,87.5,7.6,27.1,7.6,9.7,10.5,9.0,8.3,9.7,8.3,8.4,7.7,8.3,7.6,7.5,8.3,7.6,8.3,9.6,7.6,8.3,7.6,7.5,7.6,8.3,9.0,8.3,8.3,7.6,8.3,8.4,8.4,8.4,8.3,7.6,7.6,8.3,8.3,7.7,8.3,8.3,7.7,7.6,8.3,7.3,7.6,58.4,62.5,100.0,65.8,100.0,0.0,0.0,0.0,0.0,0.0,0.0,0.0,0.0,0.0,0.0,0.0,0.0,0.0,0.0,0.0,0.0,0.0,0.0,0.0,0.0,0.0,0.0,0.0,0.0,0.0,0.0,0.0,0.0,0.0,0.0,0.0,0.0,0.0,0.0,0.0,0.0,0.0,0.0,0.0,0.0,0.0,0.0,0.0
2026-02-04T14:59:08.858407,380.8,2.3,48,92.7,234.6,2,9.9,7.7,69.4,8.5,37.8,7.7,8.5,6.4,7.1,7.7,9.2,8.0,8.5,7.7,8.4,7.6,8.5,8.5,7.7,7.7,9.0,7.7,7.7,7.7,7.8,7.7,8.5,10.5,7.7,7.7,7.7,8.4,8.3,8.3,8.5,14.1,8.4,8.5,7.7,7.7,9.0,7.7,7.7,7.6,7.7,7.8,7.8,7.7,0.0,0.0,0.0,0.0,0.0,0.0,0.0,0.0,0.0,0.0,0.0,0.0,0.0,0.0,0.0,0.0,0.0,0.0,0.0,0.0,0.0,0.0,0.0,0.0,0.0,0.0,0.0,0.0,0.0,0.0,0.0,0.0,0.0,0.0,0.0,0.0,0.0,0.0,0.0,0.0,0.0,0.0,0.0,0.0,0.0,0.0,0.0,0.0
2026-02-04T14:59:11.083261,383.0,2.2,48,93.2,234.6,2,5.6,7.7,98.6,7.0,9.2,7.0,7.7,7.7,7.1,7.0,9.7,6.8,6.9,7.0,8.4,7.7,8.3,7.0,7.7,7.7,8.4,7.0,7.0,7.0,7.6,8.5,7.7,8.5,7.0,7.0,7.7,7.0,8.5,7.0,7.0,7.7,7.7,7.7,7.0,7.7,7.0,7.7,7.7,7.0,7.0,7.0,7.7,7.7,0.0,0.0,0.0,0.0,0.0,0.0,0.0,0.0,0.0,0.0,0.0,0.0,0.0,0.0,0.0,0.0,0.0,0.0,0.0,0.0,0.0,0.0,0.0,0.0,0.0,0.0,0.0,0.0,0.0,0.0,0.0,0.0,0.0,0.0,0.0,0.0,0.0,0.0,0.0,0.0,0.0,0.0,0.0,0.0,0.0,0.0,0.0,0.0
2026-02-04T14:59:13.308467,385.2,1.7,48,123.5,234.6,2,8.4,7.7,97.9,10.3,9.1,7.6,7.7,10.3,7.6,7.0,8.3,7.1,8.8,8.8,7.7,9.2,7.7,8.5,7.7,10.3,12.2,7.0,9.1,10.3,6.3,8.5,8.5,9.1,11.2,7.0,13.1,10.3,7.8,7.1,7.9,10.3,8.0,10.3,7.0,10.2,7.8,13.4,7.2,7.8,6.9,11.1,7.2,7.7,0.0,0.0,0.0,0.0,0.0,0.0,0.0,0.0,0.0,0.0,0.0,0.0,0.0,0.0,0.0,0.0,0.0,0.0,0.0,0.0,0.0,0.0,0.0,0.0,0.0,0.0,0.0,0.0,0.0,0.0,0.0,0.0,0.0,0.0,0.0,0.0,0.0,0.0,0.0,0.0,0.0,0.0,0.0,0.0,0.0,0.0,0.0,0.0
2026-02-04T14:59:15.533617,387.4,2.3,48,92.6,234.6,2,7.0,7.7,98.6,5.9,8.5,7.0,7.6,5.9,8.5,7.0,7.7,7.0,7.5,5.8,6.9,8.7,7.8,7.0,7.7,5.3,9.1,7.0,14.8,5.3,7.7,7.0,7.7,8.5,5.9,7.0,5.9,5.3,8.4,7.0,7.4,5.3,7.5,5.3,7.7,5.3,7.6,9.1,6.8,7.6,8.5,5.9,7.5,7.7,0.0,0.0,0.0,0.0,0.0,0.0,0.0,0.0,0.0,0.0,0.0,0.0,0.0,0.0,0.0,0.0,0.0,0.0,0.0,0.0,0.0,0.0,0.0,0.0,0.0,0.0,0.0,0.0,0.0,0.0,0.0,0.0,0.0,0.0,0.0,0.0,0.0,0.0,0.0,0.0,0.0,0.0,0.0,0.0,0.0,0.0,0.0,0.0
2026-02-04T14:59:17.758125,389.7,1.9,48,92.6,234.6,2,7.8,14.7,98.6,7.7,8.5,7.7,9.2,8.4,9.8,7.7,9.2,6.9,7.7,8.4,11.8,6.4,6.9,8.5,8.4,9.0,7.8,7.7,9.0,7.0,8.4,7.7,8.4,9.9,7.7,8.4,7.7,8.4,8.5,8.4,8.5,7.7,8.4,7.7,7.6,7.7,9.2,7.7,8.5,7.8,7.7,7.7,8.4,7.6,0.0,0.0,0.0,0.0,0.0,0.0,0.0,0.0,0.0,0.0,0.0,0.0,0.0,0.0,0.0,0.0,0.0,0.0,0.0,0.0,0.0,0.0,0.0,0.0,0.0,0.0,0.0,0.0,0.0,0.0,0.0,0.0,0.0,0.0,0.0,0.0,0.0,0.0,0.0,0.0,0.0,0.0,0.0,0.0,0.0,0.0,0.0,0.0
2026-02-04T14:59:19.982690,391.9,3.5,48,123.3,234.6,2,8.4,8.5,98.6,7.7,8.4,8.5,8.5,7.0,8.3,7.7,9.8,7.8,10.4,7.7,8.5,8.5,8.5,7.7,7.8,7.7,8.3,8.4,7.6,7.7,8.5,7.7,7.7,9.1,14.1,7.7,9.2,7.7,9.0,7.7,8.4,7.7,7.7,8.5,9.0,8.5,8.4,8.4,7.7,9.1,8.3,7.7,7.7,7.8,0.0,0.0,0.0,0.0,0.0,0.0,0.0,0.0,0.0,0.0,0.0,0.0,0.0,0.0,0.0,0.0,0.0,0.0,0.0,0.0,0.0,0.0,0.0,0.0,0.0,0.0,0.0,0.0,0.0,0.0,0.0,0.0,0.0,0.0,0.0,0.0,0.0,0.0,0.0,0.0,0.0,0.0,0.0,0.0,0.0,0.0,0.0,0.0
2026-02-04T14:59:22.207424,394.1,3.3,48,92.8,234.6,2,7.7,7.7,77.6,7.7,30.3,8.4,8.3,7.7,8.9,7.7,11.3,8.4,7.8,8.3,7.8,7.7,9.0,7.0,7.7,7.7,7.7,13.3,7.9,8.4,7.7,7.0,7.7,8.5,7.7,7.0,7.0,7.7,7.7,7.0,7.7,7.7,7.7,7.7,9.1,7.0,7.7,8.4,7.7,7.7,8.6,7.7,7.7,7.7,0.0,0.0,0.0,0.0,0.0,0.0,0.0,0.0,0.0,0.0,0.0,0.0,0.0,0.0,0.0,0.0,0.0,0.0,0.0,0.0,0.0,0.0,0.0,0.0,0.0,0.0,0.0,0.0,0.0,0.0,0.0,0.0,0.0,0.0,0.0,0.0,0.0,0.0,0.0,0.0,0.0,0.0,0.0,0.0,0.0,0.0,0.0,0.0
2026-02-04T14:59:24.431200,396.3,98.6,48,186.7,234.6,2,7.7,7.6,99.3,7.0,8.4,7.0,10.5,6.3,7.3,7.6,8.3,6.9,7.7,7.7,8.3,7.7,7.7,7.7,7.7,7.7,7.0,7.7,7.6,7.7,7.6,7.7,7.6,9.1,8.3,7.7,7.7,7.7,7.7,7.7,8.4,7.6,8.3,7.6,10.3,7.0,9.0,7.0,7.7,7.0,7.6,7.0,7.7,7.0,0.0,0.0,0.0,0.0,0.0,0.0,0.0,0.0,0.0,0.0,0.0,0.0,0.0,0.0,0.0,0.0,0.0,0.0,0.0,0.0,0.0,0.0,0.0,0.0,0.0,0.0,0.0,0.0,0.0,0.0,0.0,0.0,0.0,0.0,0.0,0.0,0.0,0.0,0.0,0.0,0.0,0.0,0.0,0.0,0.0,0.0,0.0,0.0
2026-02-04T14:59:26.687588,398.5,16.3,2,8914.0,222.6,2,0.7,0.7,99.3,0.7,1.4,0.7,1.4,0.7,0.7,1.4,1.4,0.7,0.7,0.7,0.7,0.7,1.4,0.7,0.7,0.7,0.7,0.7,1.4,1.4,0.7,0.7,0.7,1.4,0.7,0.7,0.7,1.4,0.7,0.7,2.1,0.7,6.3,0.7,2.8,0.7,1.4,0.7,1.4,0.7,1.4,0.7,0.7,0.7,0.0,0.0,0.0,0.0,0.0,0.0,0.0,0.0,0.0,0.0,0.0,0.0,0.0,0.0,0.0,0.0,0.0,0.0,0.0,0.0,0.0,0.0,0.0,0.0,0.0,0.0,0.0,0.0,0.0,0.0,0.0,0.0,0.0,0.0,0.0,0.0,0.0,0.0,0.0,0.0,0.0,0.0,0.0,0.0,0.0,0.0,0.0,0.0
2026-02-04T14:59:28.909214,400.8,2.5,50,93.1,255.0,2,6.9,7.0,98.6,7.0,6.9,7.0,6.9,10.5,7.0,10.3,7.0,7.0,6.9,7.0,6.9,7.0,6.9,12.6,7.0,7.0,8.3,7.0,7.7,7.0,7.0,7.0,7.0,8.3,7.0,7.0,7.0,7.0,7.0,6.9,6.9,7.0,7.6,7.0,9.6,7.0,7.0,7.6,7.0,6.9,6.9,7.0,7.0,7.0,0.0,0.0,0.0,0.0,100.0,100.0,0.0,0.0,0.0,0.0,0.0,0.0,0.0,0.0,0.0,0.0,0.0,0.0,0.0,0.0,0.0,0.0,0.0,0.0,0.0,0.0,0.0,0.0,0.0,0.0,0.0,0.0,0.0,0.0,0.0,0.0,0.0,0.0,0.0,0.0,0.0,0.0,0.0,0.0,0.0,0.0,0.0,0.0
2026-02-04T14:59:31.134740,403.0,1.9,96,93.1,234.6,2,5.6,8.5,98.6,7.7,7.7,7.7,7.7,5.8,8.5,5.9,8.5,7.7,8.5,9.0,8.5,7.7,7.8,7.7,7.7,8.5,7.7,7.7,7.7,7.7,7.7,7.7,7.7,8.5,7.7,7.7,7.7,8.4,7.0,7.0,7.7,7.7,8.5,7.8,9.1,7.7,7.7,6.4,7.7,7.7,14.3,7.7,8.5,7.7,100.0,100.0,100.0,100.0,100.0,100.0,100.0,100.0,100.0,100.0,100.0,100.0,100.0,100.0,100.0,100.0,100.0,100.0,100.0,100.0,100.0,100.0,100.0,100.0,100.0,100.0,100.0,100.0,100.0,100.0,100.0,100.0,100.0,100.0,100.0,100.0,100.0,100.0,100.0,100.0,100.0,84.6,50.0,100.0,35.0,22.3,100.0,100.0
2026-02-04T14:59:33.360552,405.3,2.1,93,92.9,234.6,2,9.2,7.7,98.6,7.7,9.8,7.7,9.0,7.7,7.7,8.5,9.0,7.7,7.7,7.7,7.7,7.6,14.8,7.7,7.7,8.4,8.4,7.7,7.7,7.7,7.7,14.1,7.7,8.4,8.4,7.7,8.3,7.0,7.7,8.4,9.7,7.7,7.8,7.7,7.7,7.7,9.1,7.7,7.7,7.7,8.3,7.7,7.0,7.8,100.0,100.0,100.0,100.0,100.0,100.0,100.0,100.0,100.0,100.0,100.0,100.0,100.0,100.0,100.0,100.0,100.0,100.0,100.0,100.0,100.0,100.0,100.0,100.0,100.0,100.0,100.0,100.0,100.0,100.0,100.0,100.0,100.0,100.0,100.0,100.0,100.0,100.0,100.0,100.0,100.0,0.0,100.0,100.0,100.0,100.0,0.0,0.0
2026-02-04T14:59:35.586239,407.5,1.9,48,93.0,234.6,2,7.7,8.5,98.6,8.3,14.8,7.1,8.5,7.0,7.0,7.7,7.1,7.7,8.4,7.0,7.7,7.0,5.4,8.4,7.7,7.0,7.7,7.0,8.4,7.7,7.7,8.4,7.7,8.5,7.7,7.0,7.7,7.0,8.5,7.0,8.5,7.0,8.3,7.0,7.7,7.0,7.7,7.0,7.7,9.2,7.8,7.0,7.7,7.0,0.0,0.0,0.0,0.0,0.0,0.0,0.0,0.0,0.0,0.0,0.0,0.0,0.0,0.0,0.0,0.0,0.0,0.0,0.0,0.0,0.0,0.0,0.0,0.0,0.0,0.0,0.0,0.0,0.0,0.0,0.0,0.0,0.0,0.0,0.0,0.0,0.0,0.0,0.0,0.0,0.0,0.0,0.0,0.0,0.0,0.0,0.0,0.0
2026-02-04T14:59:37.812562,409.7,2.3,48,92.5,234.6,2,9.1,7.7,97.9,7.7,9.1,7.7,8.4,8.3,8.5,8.3,8.4,7.7,8.4,7.7,7.7,7.7,7.7,9.8,7.7,7.7,7.7,7.7,9.0,7.7,7.7,7.7,7.7,9.8,7.7,8.5,8.4,7.7,7.7,7.7,14.1,7.7,9.9,7.7,11.6,8.5,7.7,7.7,7.7,7.7,7.7,7.7,7.7,8.4,0.0,0.0,0.0,0.0,0.0,0.0,0.0,0.0,0.0,0.0,0.0,0.0,0.0,0.0,0.0,0.0,0.0,0.0,0.0,0.0,0.0,0.0,0.0,0.0,0.0,0.0,0.0,0.0,0.0,0.0,0.0,0.0,0.0,0.0,0.0,0.0,0.0,0.0,0.0,0.0,0.0,0.0,0.0,0.0,0.0,0.0,0.0,0.0
2026-02-04T14:59:40.038840,411.9,1.9,48,92.4,234.6,2,7.7,7.7,98.6,7.0,9.9,7.0,7.7,10.3,8.4,7.9,7.7,8.4,9.2,7.7,9.1,12.7,9.2,7.7,8.5,7.0,9.2,7.0,9.2,8.4,7.7,7.7,8.5,9.1,8.4,7.7,8.5,8.4,9.2,7.8,9.2,8.3,9.1,7.7,10.4,8.4,8.4,8.4,8.4,7.8,7.7,8.4,8.4,7.8,0.0,0.0,0.0,0.0,0.0,0.0,0.0,0.0,0.0,0.0,0.0,0.0,0.0,0.0,0.0,0.0,0.0,0.0,0.0,0.0,0.0,0.0,0.0,0.0,0.0,0.0,0.0,0.0,0.0,0.0,0.0,0.0,0.0,0.0,0.0,0.0,0.0,0.0,0.0,0.0,0.0,0.0,0.0,0.0,0.0,0.0,0.0,0.0
2026-02-04T14:59:42.265700,414.2,2.8,48,92.9,234.6,2,8.9,7.7,97.9,7.7,9.7,8.5,8.4,5.9,7.7,7.7,9.8,7.7,7.6,7.7,9.0,7.0,8.3,8.4,8.9,8.3,9.6,7.7,7.7,7.7,9.5,7.7,7.7,8.4,7.7,8.4,7.7,7.7,7.0,8.2,7.6,7.7,9.2,7.7,9.0,7.7,8.4,9.1,12.7,6.9,8.3,7.0,7.0,7.6,0.0,0.0,0.0,0.0,0.0,0.0,0.0,0.0,0.0,0.0,0.0,0.0,0.0,0.0,0.0,0.0,0.0,0.0,0.0,0.0,0.0,0.0,0.0,0.0,0.0,0.0,0.0,0.0,0.0,0.0,0.0,0.0,0.0,0.0,0.0,0.0,0.0,0.0,0.0,0.0,0.0,0.0,0.0,0.0,0.0,0.0,0.0,0.0
2026-02-04T14:59:44.492114,416.4,2.0,48,93.1,234.6,2,8.5,7.7,98.6,7.7,9.2,8.3,8.5,7.0,9.1,7.6,9.7,7.7,8.5,7.7,9.2,8.4,10.8,7.7,8.5,8.3,7.8,7.7,7.7,7.7,6.5,7.7,7.7,8.5,7.7,7.7,7.7,7.7,7.7,7.8,7.8,7.0,8.4,7.0,7.7,7.0,7.7,7.7,7.7,7.1,7.7,7.6,8.4,7.8,0.0,0.0,0.0,0.0,0.0,0.0,0.0,0.0,0.0,0.0,0.0,0.0,0.0,0.0,0.0,0.0,0.0,0.0,0.0,0.0,0.0,0.0,0.0,0.0,0.0,0.0,0.0,0.0,0.0,0.0,0.0,0.0,0.0,0.0,0.0,0.0,0.0,0.0,0.0,0.0,0.0,0.0,0.0,0.0,0.0,0.0,0.0,0.0
2026-02-04T14:59:46.717608,418.6,2.6,48,93.4,234.6,2,9.2,7.0,97.9,8.7,7.7,7.1,9.8,6.9,8.5,7.0,8.4,7.9,7.8,7.0,7.7,7.9,7.1,7.6,7.0,7.7,8.4,7.9,7.0,8.7,7.8,7.7,7.7,9.2,7.9,7.9,9.4,7.9,7.0,7.0,7.6,8.7,8.7,8.7,9.0,7.9,6.9,7.0,7.9,7.0,7.7,8.0,7.0,7.7,0.0,0.0,0.0,0.0,0.0,0.0,0.0,0.0,0.0,0.0,0.0,0.0,0.0,0.0,0.0,0.0,0.0,0.0,0.0,0.0,0.0,0.0,0.0,0.0,0.0,0.0,0.0,0.0,0.0,0.0,0.0,0.0,0.0,0.0,0.0,0.0,0.0,0.0,0.0,0.0,0.0,0.0,0.0,0.0,0.0,0.0,0.0,0.0
2026-02-04T14:59:48.973059,420.8,1.9,48,93.3,234.6,2,8.5,6.9,98.6,6.9,8.5,7.7,9.2,7.7,7.7,7.8,9.8,6.9,9.0,7.7,7.7,6.3,8.4,7.7,7.7,6.5,8.5,6.3,7.6,6.3,7.1,6.5,7.0,8.4,6.9,11.9,7.6,6.3,8.5,7.0,9.7,6.3,6.9,6.3,7.8,6.3,6.3,7.7,8.1,7.7,7.7,6.9,7.7,7.0,0.0,0.0,0.0,0.0,0.0,0.0,0.0,0.0,0.0,0.0,0.0,0.0,0.0,0.0,0.0,0.0,0.0,0.0,0.0,0.0,0.0,0.0,0.0,0.0,0.0,0.0,0.0,0.0,0.0,0.0,0.0,0.0,0.0,0.0,0.0,0.0,0.0,0.0,0.0,0.0,0.0,0.0,0.0,0.0,0.0,0.0,0.0,0.0
2026-02-04T14:59:51.199160,423.1,1.8,48,92.6,234.6,2,8.2,10.9,98.6,7.6,8.3,7.6,9.7,7.6,9.2,13.0,7.7,7.6,9.0,7.6,8.3,8.3,8.3,7.6,7.6,9.0,7.6,8.3,7.7,8.3,8.3,7.6,8.3,7.6,7.6,7.6,9.0,7.6,7.6,8.2,8.3,7.6,8.3,7.6,7.6,7.6,9.0,7.6,8.3,7.6,8.3,7.6,8.3,7.6,0.0,0.0,0.0,0.0,0.0,0.0,0.0,0.0,0.0,0.0,0.0,0.0,0.0,0.0,0.0,0.0,0.0,0.0,0.0,0.0,0.0,0.0,0.0,0.0,0.0,0.0,0.0,0.0,0.0,0.0,0.0,0.0,0.0,0.0,0.0,0.0,0.0,0.0,0.0,0.0,0.0,0.0,0.0,0.0,0.0,0.0,0.0,0.0
2026-02-04T14:59:53.425387,425.3,83.7,48,185.5,234.6,2,7.8,12.9,16.7,8.3,90.2,7.7,8.4,7.7,7.6,7.7,7.7,7.0,7.7,7.0,7.7,7.0,11.1,7.7,8.4,7.7,9.2,7.7,8.4,7.7,8.4,7.7,8.5,9.1,8.4,7.7,7.7,7.7,7.7,7.7,8.5,7.7,9.0,7.7,7.7,8.4,7.7,7.7,7.7,8.5,7.6,5.6,5.6,7.7,0.0,0.0,0.0,0.0,0.0,0.0,0.0,0.0,0.0,0.0,0.0,0.0,0.0,0.0,0.0,0.0,0.0,0.0,0.0,0.0,0.0,0.0,0.0,0.0,0.0,0.0,0.0,0.0,0.0,0.0,0.0,0.0,0.0,0.0,0.0,0.0,0.0,0.0,0.0,0.0,0.0,0.0,0.0,0.0,0.0,0.0,0.0,0.0
2026-02-04T14:59:55.655892,427.5,2.7,1,6854.4,222.6,2,0.0,2.8,100.0,0.0,2.1,0.0,0.0,0.0,0.0,0.0,0.0,0.0,0.0,0.0,2.1,0.0,1.4,0.0,0.0,0.0,0.0,0.0,0.0,0.7,0.0,0.0,0.0,2.8,0.0,0.0,0.0,0.0,0.0,0.0,0.0,0.0,5.0,0.0,0.0,0.0,0.0,0.0,0.0,0.0,0.0,0.0,0.0,0.0,0.0,0.0,0.0,0.0,0.0,0.0,0.0,0.0,0.0,0.0,0.0,0.0,0.0,0.0,0.0,0.0,0.0,0.0,0.0,0.0,0.0,0.0,0.0,0.0,0.0,0.0,0.0,0.0,0.0,0.0,0.0,0.0,0.0,0.0,0.0,0.0,0.0,0.0,0.0,0.0,0.0,0.0,0.0,0.0,0.0,0.0,0.0,0.0
2026-02-04T14:59:57.881757,429.8,2.1,48,92.7,234.6,2,8.3,10.3,98.6,8.4,9.8,9.2,11.1,9.1,9.1,8.3,10.4,7.4,9.8,9.1,8.5,8.5,14.7,9.1,9.2,9.7,9.2,9.1,9.0,8.4,9.1,9.1,9.1,11.1,9.1,9.1,9.1,9.1,9.1,9.1,9.7,9.7,9.1,9.1,9.1,9.1,9.7,9.1,9.1,9.8,9.1,9.1,8.4,10.3,0.0,0.0,0.0,0.0,0.0,0.0,0.0,0.0,0.0,0.0,0.0,0.0,0.0,0.0,0.0,0.0,0.0,0.0,0.0,0.0,0.0,0.0,0.0,0.0,0.0,0.0,0.0,0.0,0.0,0.0,0.0,0.0,0.0,0.0,0.0,0.0,0.0,0.0,0.0,0.0,0.0,0.0,0.0,0.0,0.0,0.0,0.0,0.0
2026-02-04T15:00:00.104583,432.0,2.6,48,124.4,234.6,2,8.4,9.0,98.6,7.0,8.4,7.6,7.7,7.0,7.7,7.1,7.7,7.7,7.7,7.7,7.0,7.0,8.5,7.0,7.9,7.0,7.6,7.7,6.9,7.0,7.7,7.0,7.6,8.5,8.4,7.0,7.7,7.0,9.1,7.1,7.7,7.0,8.5,7.7,8.4,7.0,8.5,7.1,7.7,8.5,14.1,7.1,7.7,7.1,0.0,0.0,0.0,0.0,0.0,0.0,0.0,0.0,0.0,0.0,0.0,0.0,0.0,0.0,0.0,0.0,0.0,0.0,0.0,0.0,0.0,0.0,0.0,0.0,0.0,0.0,0.0,0.0,0.0,0.0,0.0,0.0,0.0,0.0,0.0,0.0,0.0,0.0,0.0,0.0,0.0,0.0,0.0,0.0,0.0,0.0,0.0,0.0
2026-02-04T15:00:02.331010,434.2,3.8,48,93.3,234.6,2,7.0,7.1,97.2,7.0,11.8,9.0,7.7,7.0,7.7,7.0,8.3,7.0,7.7,7.0,7.0,7.6,6.9,7.0,7.5,7.7,9.2,7.0,7.9,7.0,7.0,7.0,7.1,9.1,7.0,7.0,7.7,7.7,7.1,8.4,7.7,7.0,8.5,7.0,7.0,7.7,8.4,7.7,7.0,7.0,6.9,7.7,8.3,7.0,0.0,0.0,0.0,0.0,0.0,0.0,0.0,0.0,0.0,0.0,0.0,0.0,0.0,0.0,0.0,0.0,0.0,0.0,0.0,0.0,0.0,0.0,0.0,0.0,0.0,0.0,0.0,0.0,0.0,0.0,0.0,0.0,0.0,0.0,0.0,0.0,0.0,0.0,0.0,0.0,0.0,0.0,0.0,0.0,0.0,0.0,0.0,0.0
2026-02-04T15:00:04.556931,436.4,1.9,48,92.4,234.6,2,9.1,7.0,97.9,7.0,7.7,7.1,9.2,12.7,7.8,7.0,7.0,8.8,8.5,7.0,7.6,7.0,7.7,7.0,7.0,7.0,7.0,7.0,6.9,7.0,7.0,7.0,6.9,7.7,7.0,8.3,7.0,7.7,7.0,8.5,7.0,7.7,7.0,7.0,7.0,7.0,8.4,8.3,7.0,7.7,7.1,7.7,7.2,7.0,0.0,0.0,0.0,0.0,0.0,0.0,0.0,0.0,0.0,0.0,0.0,0.0,0.0,0.0,0.0,0.0,0.0,0.0,0.0,0.0,0.0,0.0,0.0,0.0,0.0,0.0,0.0,0.0,0.0,0.0,0.0,0.0,0.0,0.0,0.0,0.0,0.0,0.0,0.0,0.0,0.0,0.0,0.0,0.0,0.0,0.0,0.0,0.0
2026-02-04T15:00:06.784539,438.7,2.3,48,92.5,234.6,2,7.1,6.9,79.7,7.0,7.0,7.0,7.0,7.7,24.8,7.7,7.1,5.9,7.7,7.0,7.1,7.0,12.8,7.0,7.0,7.0,7.7,7.0,7.8,7.0,7.7,7.0,7.0,7.0,7.0,7.0,7.0,7.7,7.7,7.0,7.0,7.0,7.0,7.7,7.0,7.0,7.7,7.0,7.7,6.9,7.6,7.0,7.0,7.6,0.0,0.0,0.0,0.0,0.0,0.0,0.0,0.0,0.0,0.0,0.0,0.0,0.0,0.0,0.0,0.0,0.0,0.0,0.0,0.0,0.0,0.0,0.0,0.0,0.0,0.0,0.0,0.0,0.0,0.0,0.0,0.0,0.0,0.0,0.0,0.0,0.0,0.0,0.0,0.0,0.0,0.0,0.0,0.0,0.0,0.0,0.0,0.0
2026-02-04T15:00:09.010171,440.9,2.0,48,123.5,234.6,2,10.3,8.5,58.0,7.7,8.5,7.7,7.7,10.9,50.4,7.7,9.2,7.7,14.7,8.3,8.4,8.4,6.9,9.1,7.7,7.7,8.4,9.0,9.1,8.4,7.7,7.7,7.7,7.7,7.7,8.4,8.5,7.7,7.7,9.2,8.5,7.7,9.1,7.7,9.0,7.7,7.7,7.7,9.0,7.8,7.8,8.4,7.7,9.2,0.0,0.0,0.0,0.0,0.0,0.0,0.0,0.0,0.0,0.0,0.0,0.0,0.0,0.0,0.0,0.0,0.0,0.0,0.0,0.0,0.0,0.0,0.0,0.0,0.0,0.0,0.0,0.0,0.0,0.0,0.0,0.0,0.0,0.0,0.0,0.0,0.0,0.0,0.0,0.0,0.0,0.0,0.0,0.0,0.0,0.0,0.0,0.0
2026-02-04T15:00:11.265712,443.1,2.3,48,92.7,234.6,2,9.0,7.0,97.9,7.7,7.7,7.0,7.0,6.0,7.0,7.0,9.0,7.0,7.0,7.0,7.0,7.0,6.2,7.7,7.0,7.0,7.0,7.0,7.7,7.0,7.0,7.0,7.7,7.7,7.7,7.7,7.0,7.0,7.0,7.0,7.0,7.0,7.0,7.0,7.0,7.0,7.0,7.0,14.7,8.3,7.7,7.0,7.0,7.7,0.0,0.0,0.0,0.0,0.0,0.0,0.0,0.0,0.0,0.0,0.0,0.0,0.0,0.0,0.0,0.0,0.0,0.0,0.0,0.0,0.0,0.0,0.0,0.0,0.0,0.0,0.0,0.0,0.0,0.0,0.0,0.0,0.0,0.0,0.0,0.0,0.0,0.0,0.0,0.0,0.0,0.0,0.0,0.0,0.0,0.0,0.0,0.0
2026-02-04T15:00:13.491900,445.4,1.9,48,92.7,234.6,2,7.6,6.9,98.6,7.6,10.4,6.9,6.9,6.9,6.9,6.9,9.0,6.9,6.9,6.9,6.9,6.9,6.9,6.9,6.9,7.5,6.9,6.9,7.5,13.1,7.6,7.5,7.6,9.0,7.6,6.9,7.6,6.9,8.2,6.9,7.6,6.9,7.6,6.9,7.6,6.9,8.3,7.6,7.6,6.9,6.9,6.9,6.9,7.6,0.0,0.0,0.0,0.0,0.0,0.0,0.0,0.0,0.0,0.0,0.0,0.0,0.0,0.0,0.0,0.0,0.0,0.0,0.0,0.0,0.0,0.0,0.0,0.0,0.0,0.0,0.0,0.0,0.0,0.0,0.0,0.0,0.0,0.0,0.0,0.0,0.0,0.0,0.0,0.0,0.0,0.0,0.0,0.0,0.0,0.0,0.0,0.0
2026-02-04T15:00:15.717742,447.6,2.5,48,92.9,234.6,2,7.7,13.9,98.0,7.0,8.4,7.0,7.7,9.1,7.7,7.7,8.4,7.0,7.7,7.6,7.7,7.0,8.4,9.0,7.7,7.7,7.7,7.7,7.7,7.7,9.0,8.5,8.3,7.7,7.7,7.7,8.5,7.0,7.7,7.7,7.7,7.0,7.7,7.0,8.5,7.0,7.7,7.7,7.7,9.0,7.7,7.0,7.7,7.0,0.0,0.0,0.0,0.0,0.0,0.0,0.0,0.0,0.0,0.0,0.0,0.0,0.0,0.0,0.0,0.0,0.0,0.0,0.0,0.0,0.0,0.0,0.0,0.0,0.0,0.0,0.0,0.0,0.0,0.0,0.0,0.0,0.0,0.0,0.0,0.0,0.0,0.0,0.0,0.0,0.0,0.0,0.0,0.0,0.0,0.0,0.0,0.0
2026-02-04T15:00:17.942501,449.8,2.3,48,92.8,234.6,2,11.1,7.8,98.0,7.7,8.5,7.7,7.7,5.7,7.7,8.2,7.7,7.6,7.7,7.7,7.7,7.0,7.7,6.7,7.7,7.7,9.2,7.7,9.2,7.7,7.7,7.7,7.0,9.8,7.7,7.0,9.1,7.7,7.7,7.8,7.7,7.0,7.7,7.7,7.7,7.0,8.5,7.7,7.7,7.8,8.4,7.7,7.0,8.5,0.0,0.0,0.0,0.0,0.0,0.0,0.0,0.0,0.0,0.0,0.0,0.0,0.0,0.0,0.0,0.0,0.0,0.0,0.0,0.0,0.0,0.0,0.0,0.0,0.0,0.0,0.0,0.0,0.0,0.0,0.0,0.0,0.0,0.0,0.0,0.0,0.0,0.0,0.0,0.0,0.0,0.0,0.0,0.0,0.0,0.0,0.0,0.0
2026-02-04T15:00:20.168665,452.1,2.3,48,124.0,234.6,2,7.7,6.3,98.7,7.7,7.7,7.7,9.1,8.5,8.5,7.9,15.5,7.7,8.5,7.7,8.4,7.7,9.1,7.7,7.7,8.4,8.3,7.7,8.5,7.7,8.5,7.7,8.5,9.8,9.1,6.9,8.4,8.5,8.5,7.6,8.5,7.7,8.4,7.7,8.5,7.7,9.0,8.5,8.5,9.0,8.5,7.7,8.5,8.5,0.0,0.0,0.0,0.0,0.0,0.0,0.0,0.0,0.0,0.0,0.0,0.0,0.0,0.0,0.0,0.0,0.0,0.0,0.0,0.0,0.0,0.0,0.0,0.0,0.0,0.0,0.0,0.0,0.0,0.0,0.0,0.0,0.0,0.0,0.0,0.0,0.0,0.0,0.0,0.0,0.0,0.0,0.0,0.0,0.0,0.0,0.0,0.0
2026-02-04T15:00:22.393561,454.3,5.2,48,93.4,234.6,2,9.1,9.1,70.7,8.5,39.0,7.7,9.9,8.5,8.5,7.7,8.5,7.7,8.5,7.7,8.5,7.7,8.4,9.1,8.5,9.9,9.9,8.5,8.5,7.7,8.5,7.7,8.5,10.6,8.5,8.5,8.5,7.7,8.5,8.5,8.5,8.5,15.3,7.7,7.7,8.5,8.5,7.7,8.5,7.8,7.7,8.5,8.5,8.4,0.0,0.0,0.0,0.0,0.0,0.0,0.0,0.0,0.0,0.0,0.0,0.0,0.0,0.0,0.0,0.0,0.0,0.0,0.0,0.0,0.0,0.0,0.0,0.0,0.0,0.0,0.0,0.0,0.0,0.0,0.0,0.0,0.0,0.0,0.0,0.0,0.0,0.0,0.0,0.0,0.0,0.0,0.0,0.0,0.0,0.0,0.0,0.0
2026-02-04T15:00:24.621372,456.5,100.0,48,215.8,234.6,2,7.6,7.6,100.0,7.6,8.3,8.3,10.4,7.6,7.6,7.6,8.9,7.6,7.6,8.3,8.2,8.3,7.6,8.3,7.6,8.9,8.3,7.6,8.3,7.6,8.3,7.6,8.3,8.4,7.6,8.9,8.9,7.6,8.3,7.6,7.6,7.6,7.7,7.6,8.3,7.6,8.9,7.6,7.6,7.6,6.2,7.6,8.3,8.3,0.0,0.0,0.0,0.0,0.0,0.0,0.0,0.0,0.0,0.0,0.0,0.0,0.0,0.0,0.0,0.0,0.0,0.0,0.0,0.0,0.0,0.0,0.0,0.0,0.0,0.0,0.0,0.0,0.0,0.0,0.0,0.0,0.0,0.0,0.0,0.0,0.0,0.0,0.0,0.0,0.0,0.0,0.0,0.0,0.0,0.0,0.0,0.0
2026-02-04T15:00:26.854603,458.7,6.9,1,8638.9,222.6,2,0.7,0.0,98.6,0.0,1.4,0.0,0.7,0.0,0.7,0.0,2.1,0.0,0.7,0.0,0.7,0.7,0.7,0.0,0.0,0.7,0.0,0.7,0.0,0.7,0.0,0.7,0.7,2.1,0.0,0.7,0.7,0.7,0.7,0.7,0.0,0.7,0.7,0.0,0.7,0.7,0.7,0.7,0.0,0.7,0.0,0.7,0.7,0.0,0.0,0.0,0.0,0.0,0.0,0.0,0.0,0.0,0.0,0.0,0.0,0.0,0.0,0.0,0.0,0.0,0.0,0.0,0.0,0.0,0.0,0.0,0.0,0.0,0.0,0.0,0.0,0.0,0.0,0.0,0.0,0.0,0.0,0.0,0.0,0.0,0.0,0.0,0.0,0.0,0.0,0.0,0.0,0.0,0.0,0.0,0.0,0.0
2026-02-04T15:00:29.081007,461.0,2.9,48,93.2,234.6,2,9.0,7.7,98.6,7.8,10.3,7.7,7.7,7.8,7.8,8.5,16.1,7.8,9.2,7.8,9.2,8.5,9.7,7.8,10.5,7.8,8.5,7.8,8.5,7.8,7.8,7.8,8.5,13.3,8.5,8.5,7.8,7.8,12.0,7.7,7.8,9.2,8.5,7.8,7.8,7.8,8.4,8.5,8.5,9.1,7.8,13.4,7.7,8.5,0.0,0.0,0.0,0.0,0.0,0.0,0.0,0.0,0.0,0.0,0.0,0.0,0.0,0.0,0.0,0.0,0.0,0.0,0.0,0.0,0.0,0.0,0.0,0.0,0.0,0.0,0.0,0.0,0.0,0.0,0.0,0.0,0.0,0.0,0.0,0.0,0.0,0.0,0.0,0.0,0.0,0.0,0.0,0.0,0.0,0.0,0.0,0.0
2026-02-04T15:00:31.307259,463.2,1.9,48,92.6,234.6,2,7.0,7.8,97.9,8.4,10.5,7.7,10.5,13.9,9.7,7.7,14.9,7.6,8.5,8.4,10.5,8.4,7.7,7.0,8.5,7.7,9.1,7.7,9.2,8.4,8.4,14.7,8.4,10.6,8.5,8.4,9.1,7.7,8.5,8.5,8.4,7.7,8.4,8.3,8.4,8.4,8.5,7.7,8.4,9.2,7.0,7.0,7.7,8.4,0.0,0.0,0.0,0.0,0.0,0.0,0.0,0.0,0.0,0.0,0.0,0.0,0.0,0.0,0.0,0.0,0.0,0.0,0.0,0.0,0.0,0.0,0.0,0.0,0.0,0.0,0.0,0.0,0.0,0.0,0.0,0.0,0.0,0.0,0.0,0.0,0.0,0.0,0.0,0.0,0.0,0.0,0.0,0.0,0.0,0.0,0.0,0.0
2026-02-04T15:00:33.564077,465.4,2.6,47,93.1,234.6,2,7.0,7.0,97.2,7.7,13.3,7.0,8.4,4.9,7.0,9.2,7.0,10.5,7.0,8.5,8.5,7.0,7.0,7.0,7.7,7.7,7.0,8.5,7.7,7.7,7.7,7.0,7.7,7.7,7.7,7.7,8.5,7.0,8.5,8.5,9.7,8.4,7.7,7.0,7.7,7.0,7.7,7.1,8.4,7.7,8.5,7.0,9.7,7.8,0.0,0.0,0.0,0.0,0.0,0.0,0.0,0.0,0.0,0.0,0.0,0.0,0.0,0.0,0.0,0.0,0.0,0.0,0.0,0.0,0.0,0.0,0.0,0.0,0.0,0.0,0.0,0.0,0.0,0.0,0.0,0.0,0.0,0.0,0.0,0.0,0.0,0.0,0.0,0.0,0.0,0.0,0.0,0.0,0.0,0.0,0.0,0.0
2026-02-04T15:00:35.790513,467.7,1.9,51,92.8,234.6,2,9.0,7.5,98.6,7.6,10.4,7.6,9.0,8.3,7.6,7.6,9.0,7.6,7.6,7.6,7.7,7.6,7.6,7.6,7.6,7.6,7.6,7.6,7.6,7.6,7.6,7.6,7.6,9.0,7.6,7.6,7.6,7.6,7.6,13.8,9.7,7.6,7.6,8.3,7.6,7.6,6.2,7.6,8.4,7.6,7.6,7.6,7.6,7.6,100.0,0.0,0.0,0.0,0.0,0.0,0.0,0.0,0.0,0.0,0.0,0.0,0.0,0.0,0.0,0.0,0.0,0.0,0.0,0.0,0.0,0.0,0.0,0.0,0.0,0.0,0.0,0.0,0.0,0.0,0.0,0.0,0.0,0.0,0.0,0.0,0.0,0.0,0.0,0.0,0.0,0.0,0.0,0.0,0.0,0.0,75.3,84.6
2026-02-04T15:00:38.016659,469.9,2.3,48,92.7,234.6,2,8.3,8.5,98.6,7.7,9.8,7.6,9.8,7.7,7.6,7.7,11.0,7.7,7.7,7.7,13.9,7.7,7.7,7.7,8.4,7.7,7.7,7.7,7.7,7.7,7.7,8.5,7.7,9.1,7.7,7.7,8.4,7.7,7.7,7.7,9.2,7.7,7.7,7.0,7.7,7.7,6.3,7.7,7.7,8.4,7.6,7.7,9.0,7.9,0.0,0.0,0.0,0.0,0.0,0.0,0.0,0.0,0.0,0.0,0.0,0.0,0.0,0.0,0.0,0.0,0.0,0.0,0.0,0.0,0.0,0.0,0.0,0.0,0.0,0.0,0.0,0.0,0.0,0.0,0.0,0.0,0.0,0.0,0.0,0.0,0.0,0.0,0.0,0.0,0.0,0.0,0.0,0.0,0.0,0.0,0.0,0.0
2026-02-04T15:00:40.242329,472.1,2.3,48,92.8,234.6,2,7.1,7.6,97.9,7.7,10.5,7.8,8.5,8.3,9.2,7.7,9.2,8.5,9.9,8.4,9.2,7.7,7.6,7.7,8.4,8.4,8.4,7.7,8.4,8.5,7.7,8.4,7.7,9.9,8.5,8.4,8.5,7.7,8.5,8.5,8.4,8.4,8.4,7.6,8.4,7.7,7.0,8.3,14.0,8.5,7.7,7.7,13.0,7.6,0.0,0.0,0.0,0.0,0.0,0.0,0.0,0.0,0.0,0.0,0.0,0.0,0.0,0.0,0.0,0.0,0.0,0.0,0.0,0.0,0.0,0.0,0.0,0.0,0.0,0.0,0.0,0.0,0.0,0.0,0.0,0.0,0.0,0.0,0.0,0.0,0.0,0.0,0.0,0.0,0.0,0.0,0.0,0.0,0.0,0.0,0.0,0.0
2026-02-04T15:00:42.469077,474.4,2.3,48,93.1,234.6,2,6.9,7.8,98.6,7.7,8.4,7.7,9.1,7.7,8.5,7.7,10.3,9.2,7.8,8.5,8.0,7.7,7.0,7.7,7.7,7.7,14.1,7.7,9.1,7.7,7.7,7.7,7.7,8.4,8.3,8.4,8.5,7.7,9.0,7.7,7.7,7.7,7.7,7.8,9.2,7.7,7.0,8.5,7.7,7.7,8.4,7.7,11.0,7.7,0.0,0.0,0.0,0.0,0.0,0.0,0.0,0.0,0.0,0.0,0.0,0.0,0.0,0.0,0.0,0.0,0.0,0.0,0.0,0.0,0.0,0.0,0.0,0.0,0.0,0.0,0.0,0.0,0.0,0.0,0.0,0.0,0.0,0.0,0.0,0.0,0.0,0.0,0.0,0.0,0.0,0.0,0.0,0.0,0.0,0.0,0.0,0.0
2026-02-04T15:00:44.696701,476.6,2.7,48,92.5,234.6,2,7.0,13.2,98.6,7.0,7.7,7.0,10.5,9.8,7.7,7.6,7.7,7.0,7.6,7.7,7.4,7.7,7.7,7.7,11.0,7.7,7.7,8.3,8.4,7.7,7.7,8.4,7.7,9.2,7.7,7.7,9.1,7.7,9.9,7.7,7.7,8.3,7.7,8.4,7.7,7.7,8.5,7.7,7.7,7.7,7.7,7.0,8.5,7.7,0.0,0.0,0.0,0.0,0.0,0.0,0.0,0.0,0.0,0.0,0.0,0.0,0.0,0.0,0.0,0.0,0.0,0.0,0.0,0.0,0.0,0.0,0.0,0.0,0.0,0.0,0.0,0.0,0.0,0.0,0.0,0.0,0.0,0.0,0.0,0.0,0.0,0.0,0.0,0.0,0.0,0.0,0.0,0.0,0.0,0.0,0.0,0.0
2026-02-04T15:00:46.922427,478.8,2.6,48,92.5,234.6,2,7.7,7.7,98.6,7.7,8.4,8.3,10.5,6.4,7.7,7.7,7.7,8.5,7.7,8.0,9.2,7.7,8.5,7.7,9.7,8.5,8.0,7.7,7.7,8.5,7.7,7.7,7.7,9.7,7.6,14.1,7.7,8.5,8.5,7.7,8.5,7.7,7.7,7.7,7.7,7.7,7.7,7.7,7.7,7.7,7.7,7.7,7.7,7.7,0.0,0.0,0.0,0.0,0.0,0.0,0.0,0.0,0.0,0.0,0.0,0.0,0.0,0.0,0.0,0.0,0.0,0.0,0.0,0.0,0.0,0.0,0.0,0.0,0.0,0.0,0.0,0.0,0.0,0.0,0.0,0.0,0.0,0.0,0.0,0.0,0.0,0.0,0.0,0.0,0.0,0.0,0.0,0.0,0.0,0.0,0.0,0.0
2026-02-04T15:00:49.148283,481.0,2.8,48,93.2,234.6,2,11.0,7.7,98.6,7.7,9.2,7.0,8.5,7.7,12.6,7.6,7.8,8.4,8.5,7.5,8.5,7.7,7.7,7.7,8.5,7.7,8.1,7.7,7.8,7.7,7.7,7.7,7.8,8.5,8.4,7.7,7.7,8.3,8.4,7.7,7.7,7.7,7.7,7.7,7.7,7.7,7.0,7.7,7.6,7.7,7.7,7.7,7.7,7.7,0.0,0.0,0.0,0.0,0.0,0.0,0.0,0.0,0.0,0.0,0.0,0.0,0.0,0.0,0.0,0.0,0.0,0.0,0.0,0.0,0.0,0.0,0.0,0.0,0.0,0.0,0.0,0.0,0.0,0.0,0.0,0.0,0.0,0.0,0.0,0.0,0.0,0.0,0.0,0.0,0.0,0.0,0.0,0.0,0.0,0.0,0.0,0.0
2026-02-04T15:00:51.369566,483.3,100.0,48,248.7,234.6,2,8.4,7.6,99.3,7.6,8.4,7.6,8.4,7.6,9.0,7.7,10.4,8.3,7.7,7.6,7.6,7.6,7.6,6.9,7.7,7.6,7.6,7.6,7.6,7.6,7.6,7.6,7.6,11.7,7.6,7.6,7.6,7.6,6.9,7.7,7.6,6.9,8.3,7.6,7.6,6.9,7.0,7.6,7.7,8.3,8.3,6.9,7.6,6.9,0.0,0.0,0.0,0.0,0.0,0.0,0.0,0.0,0.0,0.0,0.0,0.0,0.0,0.0,0.0,0.0,0.0,0.0,0.0,0.0,0.0,0.0,0.0,0.0,0.0,0.0,0.0,0.0,0.0,0.0,0.0,0.0,0.0,0.0,0.0,0.0,0.0,0.0,0.0,0.0,0.0,0.0,0.0,0.0,0.0,0.0,0.0,0.0
2026-02-04T15:00:53.595788,485.5,2.3,1,5147.7,222.6,2,0.0,0.0,4.8,0.0,0.0,1.4,97.9,0.0,0.0,0.7,1.4,0.0,0.0,0.0,0.0,0.0,0.0,0.0,0.0,0.0,0.0,0.0,0.0,0.7,0.0,0.0,0.0,0.7,0.0,0.0,0.0,0.0,0.7,0.0,0.0,0.0,0.0,2.1,3.6,0.0,0.0,0.0,0.9,1.4,0.0,0.0,0.0,0.0,0.0,0.0,0.0,0.0,0.0,0.0,0.0,0.0,0.0,0.0,0.0,0.0,0.0,0.0,0.0,0.0,0.0,0.0,0.0,0.0,0.0,0.0,0.0,0.0,0.0,0.0,0.0,0.0,0.0,0.0,0.0,0.0,0.0,0.0,0.0,0.0,0.0,0.0,0.0,0.0,0.0,0.0,0.0,0.0,0.0,0.0,0.0,0.0
2026-02-04T15:00:55.850025,487.7,2.5,39,93.0,234.6,2,8.3,6.9,97.9,5.2,10.4,7.0,8.5,4.5,8.4,7.6,7.6,5.1,6.8,4.1,7.7,6.1,7.0,4.1,7.8,4.1,8.5,4.5,8.3,7.0,4.1,4.1,7.7,9.1,7.6,4.1,7.0,4.5,6.9,7.7,7.1,7.0,8.4,7.0,7.0,7.7,7.0,8.3,5.8,12.4,7.7,7.7,7.7,7.0,0.0,0.0,0.0,0.0,0.0,0.0,0.0,0.0,0.0,0.0,0.0,0.0,0.0,0.0,0.0,0.0,0.0,0.0,0.0,0.0,0.0,0.0,0.0,0.0,0.0,0.0,0.0,0.0,0.0,0.0,0.0,0.0,0.0,0.0,0.0,0.0,0.0,0.0,0.0,0.0,0.0,0.0,0.0,0.0,0.0,0.0,0.0,0.0
2026-02-04T15:00:58.075639,490.0,3.0,94,124.3,234.6,2,8.3,10.3,98.0,7.6,9.0,7.6,7.5,7.6,7.6,7.6,7.7,8.3,8.4,8.8,9.0,7.5,6.9,7.6,7.6,7.6,7.6,7.6,8.4,7.6,8.3,7.6,7.6,9.0,7.6,7.6,7.6,8.3,7.7,8.3,7.6,8.3,8.3,8.3,7.6,9.0,7.6,7.6,7.6,7.6,13.0,7.6,8.3,7.6,51.0,70.0,73.2,85.4,74.4,63.3,74.6,74.7,74.9,62.3,68.8,80.6,77.9,83.7,69.4,89.1,75.2,71.5,88.8,89.9,80.8,76.5,83.6,59.7,75.3,78.9,72.8,71.4,70.8,69.4,73.6,73.2,69.9,66.7,72.7,78.2,23.0,79.3,76.8,69.6,76.1,74.9,69.2,64.6,85.3,65.3,0.0,0.0
2026-02-04T15:01:00.300461,492.2,1.9,48,92.5,234.6,2,7.7,8.6,98.6,7.7,11.3,8.5,15.0,7.7,8.4,9.1,8.5,9.7,9.2,6.8,8.4,8.5,7.7,8.4,8.5,8.4,8.4,7.7,7.7,9.0,8.5,8.4,8.4,7.7,8.4,7.7,8.5,8.4,8.5,9.2,8.4,8.4,7.7,8.4,9.1,8.4,8.5,7.7,7.7,10.4,9.8,8.4,8.4,8.4,0.0,0.0,0.0,0.0,0.0,0.0,0.0,0.0,0.0,0.0,0.0,0.0,0.0,0.0,0.0,0.0,0.0,0.0,0.0,0.0,0.0,0.0,0.0,0.0,0.0,0.0,0.0,0.0,0.0,0.0,0.0,0.0,0.0,0.0,0.0,0.0,0.0,0.0,0.0,0.0,0.0,0.0,0.0,0.0,0.0,0.0,0.0,0.0
2026-02-04T15:01:02.526980,494.4,1.9,48,93.2,234.6,2,8.4,7.0,97.9,7.9,6.3,13.3,9.0,7.0,9.0,7.7,7.6,7.0,6.9,8.6,7.8,7.0,7.0,7.9,8.3,7.9,7.0,8.6,7.7,7.0,8.3,7.9,7.0,7.7,7.0,7.8,7.8,7.0,8.3,7.0,7.0,7.9,8.6,8.7,7.9,7.9,7.0,7.9,7.7,8.4,5.6,7.9,7.0,7.7,0.0,0.0,0.0,0.0,0.0,0.0,0.0,0.0,0.0,0.0,0.0,0.0,0.0,0.0,0.0,0.0,0.0,0.0,0.0,0.0,0.0,0.0,0.0,0.0,0.0,0.0,0.0,0.0,0.0,0.0,0.0,0.0,0.0,0.0,0.0,0.0,0.0,0.0,0.0,0.0,0.0,0.0,0.0,0.0,0.0,0.0,0.0,0.0
2026-02-04T15:01:04.752742,496.6,2.9,48,92.4,234.6,2,9.0,7.7,98.6,11.5,9.1,7.7,7.7,7.0,7.7,7.7,9.8,13.4,7.7,6.5,9.0,7.7,8.5,7.6,7.7,6.9,9.0,7.6,7.7,8.4,7.2,7.0,7.7,7.7,7.7,6.9,7.0,7.7,7.7,14.1,7.7,6.9,7.0,12.4,7.0,7.0,9.1,7.6,8.5,14.1,8.4,7.0,7.7,7.8,0.0,0.0,0.0,0.0,0.0,0.0,0.0,0.0,0.0,0.0,0.0,0.0,0.0,0.0,0.0,0.0,0.0,0.0,0.0,0.0,0.0,0.0,0.0,0.0,0.0,0.0,0.0,0.0,0.0,0.0,0.0,0.0,0.0,0.0,0.0,0.0,0.0,0.0,0.0,0.0,0.0,0.0,0.0,0.0,0.0,0.0,0.0,0.0
2026-02-04T15:01:06.977996,498.9,2.5,48,93.4,234.6,2,7.7,7.7,97.9,5.9,7.7,7.7,9.2,7.7,7.7,7.7,9.3,5.4,7.7,13.5,9.2,7.7,9.8,7.7,7.7,8.5,7.7,7.7,7.6,7.7,7.7,7.7,7.6,8.5,8.0,7.8,7.7,7.7,7.7,8.3,8.4,7.8,9.1,5.4,7.7,7.7,7.6,8.3,7.7,13.0,7.7,7.7,7.7,7.7,0.0,0.0,0.0,0.0,0.0,0.0,0.0,0.0,0.0,0.0,0.0,0.0,0.0,0.0,0.0,0.0,0.0,0.0,0.0,0.0,0.0,0.0,0.0,0.0,0.0,0.0,0.0,0.0,0.0,0.0,0.0,0.0,0.0,0.0,0.0,0.0,0.0,0.0,0.0,0.0,0.0,0.0,0.0,0.0,0.0,0.0,0.0,0.0
2026-02-04T15:01:09.203808,501.1,2.4,48,92.9,234.6,2,7.8,7.7,98.6,7.7,8.4,8.5,11.1,7.0,8.5,9.1,7.7,7.7,7.9,8.5,6.9,8.5,8.5,8.5,8.5,7.7,8.5,7.7,7.8,7.7,7.7,8.5,8.5,8.4,7.5,7.7,8.5,7.7,8.5,7.7,7.7,7.6,8.4,8.5,7.7,8.5,7.7,14.1,7.7,10.3,7.7,7.7,9.1,7.7,0.0,0.0,0.0,0.0,0.0,0.0,0.0,0.0,0.0,0.0,0.0,0.0,0.0,0.0,0.0,0.0,0.0,0.0,0.0,0.0,0.0,0.0,0.0,0.0,0.0,0.0,0.0,0.0,0.0,0.0,0.0,0.0,0.0,0.0,0.0,0.0,0.0,0.0,0.0,0.0,0.0,0.0,0.0,0.0,0.0,0.0,0.0,0.0
2026-02-04T15:01:11.430095,503.3,2.2,48,92.7,234.6,2,7.6,7.0,97.9,7.7,9.9,7.0,8.5,7.0,7.7,7.0,7.0,8.5,7.6,7.0,7.7,7.0,7.0,7.0,8.4,7.7,7.7,13.3,7.0,7.6,8.4,7.0,7.7,9.1,7.7,7.0,7.7,7.0,7.6,7.0,7.0,9.2,7.7,7.0,7.7,7.0,7.7,7.0,7.0,12.4,8.4,7.0,7.7,7.0,0.0,0.0,0.0,0.0,0.0,0.0,0.0,0.0,0.0,0.0,0.0,0.0,0.0,0.0,0.0,0.0,0.0,0.0,0.0,0.0,0.0,0.0,0.0,0.0,0.0,0.0,0.0,0.0,0.0,0.0,0.0,0.0,0.0,0.0,0.0,0.0,0.0,0.0,0.0,0.0,0.0,0.0,0.0,0.0,0.0,0.0,0.0,0.0
2026-02-04T15:01:13.656752,505.5,2.6,48,92.9,234.6,2,9.2,7.7,89.6,7.7,23.1,8.7,7.7,8.7,7.6,7.7,8.4,7.7,7.7,7.7,8.3,7.7,8.4,8.3,7.7,7.7,7.7,7.7,7.7,7.7,7.7,7.7,8.4,8.4,7.0,7.9,7.7,7.7,7.8,8.5,8.5,7.7,7.7,9.0,8.5,8.4,8.5,7.7,7.7,11.0,7.7,7.7,7.7,8.4,0.0,0.0,0.0,0.0,0.0,0.0,0.0,0.0,0.0,0.0,0.0,0.0,0.0,0.0,0.0,0.0,0.0,0.0,0.0,0.0,0.0,0.0,0.0,0.0,0.0,0.0,0.0,0.0,0.0,0.0,0.0,0.0,0.0,0.0,0.0,0.0,0.0,0.0,0.0,0.0,0.0,0.0,0.0,0.0,0.0,0.0,0.0,0.0
2026-02-04T15:01:15.881867,507.8,3.4,48,92.9,234.6,2,7.0,8.4,15.4,8.4,93.7,7.5,9.2,7.5,9.9,8.4,10.6,8.4,8.4,8.4,9.1,8.5,8.5,8.4,8.4,8.4,8.5,8.4,8.4,8.4,8.4,8.4,8.4,10.6,8.4,8.3,9.2,14.0,9.1,9.1,9.0,8.4,8.4,8.5,8.4,8.5,9.0,8.4,8.4,11.7,8.5,8.4,8.4,9.2,0.0,0.0,0.0,0.0,0.0,0.0,0.0,0.0,0.0,0.0,0.0,0.0,0.0,0.0,0.0,0.0,0.0,0.0,0.0,0.0,0.0,0.0,0.0,0.0,0.0,0.0,0.0,0.0,0.0,0.0,0.0,0.0,0.0,0.0,0.0,0.0,0.0,0.0,0.0,0.0,0.0,0.0,0.0,0.0,0.0,0.0,0.0,0.0
2026-02-04T15:01:18.137792,510.0,99.1,48,248.7,234.6,2,5.5,6.9,99.3,5.6,6.9,5.6,6.3,5.6,5.6,5.6,6.9,6.2,6.9,6.2,5.6,6.2,5.6,5.6,5.6,5.6,5.5,5.6,5.6,6.2,6.2,5.6,6.2,5.6,5.6,6.2,6.2,5.6,5.6,6.9,6.2,5.6,5.6,6.2,6.2,5.5,5.6,5.6,5.6,7.6,6.8,5.6,5.6,6.2,0.0,0.0,0.0,0.0,0.0,0.0,0.0,0.0,0.0,0.0,0.0,0.0,0.0,0.0,0.0,0.0,0.0,0.0,0.0,0.0,0.0,0.0,0.0,0.0,0.0,0.0,0.0,0.0,0.0,0.0,0.0,0.0,0.0,0.0,0.0,0.0,0.0,0.0,0.0,0.0,0.0,0.0,0.0,0.0,0.0,0.0,0.0,0.0
2026-02-04T15:01:20.363127,512.3,1.9,3,5060.2,209.2,2,2.8,2.1,98.6,2.1,2.1,2.1,2.1,2.1,2.1,3.5,2.1,9.1,2.8,2.1,2.1,2.1,2.1,2.1,2.8,2.1,2.1,2.1,3.5,2.1,2.1,2.1,2.1,3.5,2.1,2.1,2.1,2.1,3.5,2.1,2.1,2.8,2.1,2.1,2.1,2.1,2.8,2.1,2.1,2.1,2.1,2.1,2.1,2.1,100.0,0.0,0.0,0.0,0.0,0.0,0.0,0.0,0.0,0.0,0.0,0.0,0.0,0.0,0.0,0.0,0.0,0.0,0.0,0.0,0.0,0.0,0.0,0.0,0.0,0.0,0.0,0.0,0.0,0.0,0.0,0.0,0.0,0.0,0.0,0.0,0.0,0.0,0.0,0.0,0.0,0.0,0.0,0.0,0.0,0.0,0.0,0.0
2026-02-04T15:01:22.589674,514.5,2.2,48,124.4,234.6,2,8.3,7.7,47.2,13.8,59.7,8.5,8.5,7.7,7.7,7.7,8.4,7.0,8.3,7.7,7.7,7.7,8.4,7.7,7.7,7.7,7.7,7.7,7.7,7.0,7.7,7.7,7.7,9.2,7.7,7.7,7.7,7.7,8.5,7.7,7.7,7.7,13.4,7.7,7.7,7.0,7.7,7.0,8.4,7.0,7.7,7.0,7.7,7.0,0.0,0.0,0.0,0.0,0.0,0.0,0.0,0.0,0.0,0.0,0.0,0.0,0.0,0.0,0.0,0.0,0.0,0.0,0.0,0.0,0.0,0.0,0.0,0.0,0.0,0.0,0.0,0.0,0.0,0.0,0.0,0.0,0.0,0.0,0.0,0.0,0.0,0.0,0.0,0.0,0.0,0.0,0.0,0.0,0.0,0.0,0.0,0.0
2026-02-04T15:01:24.814791,516.7,2.3,48,93.4,234.6,2,8.5,8.5,86.7,5.9,21.0,6.5,10.4,11.7,7.7,8.4,8.5,7.7,8.5,7.7,7.7,8.4,15.3,7.7,7.7,7.7,9.7,7.7,7.7,7.7,8.5,7.7,7.7,9.8,7.7,7.7,7.7,7.7,7.7,7.7,7.7,7.7,7.7,7.7,8.5,7.7,9.2,7.7,8.4,9.7,9.2,7.7,8.5,7.7,0.0,0.0,0.0,0.0,0.0,0.0,0.0,0.0,0.0,0.0,0.0,0.0,0.0,0.0,0.0,0.0,0.0,0.0,0.0,0.0,0.0,0.0,0.0,0.0,0.0,0.0,0.0,0.0,0.0,0.0,0.0,0.0,0.0,0.0,0.0,0.0,0.0,0.0,0.0,0.0,0.0,0.0,0.0,0.0,0.0,0.0,0.0,0.0
2026-02-04T15:01:27.040273,518.9,1.8,48,92.8,234.6,2,9.0,7.7,98.6,11.8,7.7,7.7,9.2,8.5,5.6,8.5,8.5,7.0,7.7,7.7,7.7,7.0,8.5,11.8,7.0,7.7,7.7,12.9,7.7,12.9,12.5,12.9,7.7,9.2,7.7,12.9,7.0,12.9,7.7,12.9,12.9,13.1,12.9,7.7,7.7,10.3,7.7,7.7,7.8,10.4,14.0,12.9,12.9,7.0,0.0,0.0,0.0,0.0,0.0,0.0,0.0,0.0,0.0,0.0,0.0,0.0,0.0,0.0,0.0,0.0,0.0,0.0,0.0,0.0,0.0,0.0,0.0,0.0,0.0,0.0,0.0,0.0,0.0,0.0,0.0,0.0,0.0,0.0,0.0,0.0,0.0,0.0,0.0,0.0,0.0,0.0,0.0,0.0,0.0,0.0,0.0,0.0
2026-02-04T15:01:29.219388,521.2,98.0,48,0.0,188.0,1,48.3,53.1,93.0,37.1,47.6,53.1,58.0,36.8,54.2,51.7,58.7,52.4,54.9,53.5,55.9,51.7,44.1,37.1,54.5,51.7,54.2,36.3,52.4,36.6,38.9,36.1,52.4,51.7,53.1,37.1,53.5,36.1,53.1,34.8,38.8,34.8,37.8,49.0,54.5,36.9,46.9,49.7,54.9,52.1,49.7,35.8,39.3,52.4,0.0,0.0,0.0,0.0,0.0,0.0,0.0,0.0,0.0,0.0,0.0,0.0,0.0,0.0,0.0,0.0,0.0,0.0,0.0,0.0,0.0,0.0,0.0,0.0,0.0,0.0,0.0,0.0,0.0,0.0,0.0,0.0,0.0,0.0,0.0,0.0,0.0,0.0,0.0,0.0,0.0,0.0,0.0,0.0,0.0,0.0,0.0,0.0
2026-02-04T15:01:31.386082,523.3,15.3,48,0.0,188.0,1,46.8,44.3,80.1,43.3,47.1,42.9,48.2,43.6,47.9,44.3,47.1,44.3,50.4,43.6,51.1,43.6,46.0,45.7,46.8,44.7,47.1,46.4,47.9,43.6,49.3,43.6,45.7,47.5,45.4,45.0,45.4,45.7,47.5,56.7,47.5,46.4,46.4,46.4,46.4,46.4,45.0,46.1,45.0,48.2,42.9,44.3,46.1,46.4,0.0,0.0,0.0,0.0,0.0,0.0,0.0,0.0,0.0,0.0,0.0,0.0,0.0,0.0,0.0,0.0,0.0,0.0,0.0,0.0,0.0,0.0,0.0,0.0,0.0,0.0,0.0,0.0,0.0,0.0,0.0,0.0,0.0,0.0,0.0,0.0,0.0,0.0,0.0,0.0,0.0,0.0,0.0,0.0,0.0,0.0,0.0,0.0
2026-02-04T15:01:33.553347,525.5,81.1,48,0.0,188.0,1,31.7,29.3,72.1,40.6,30.9,30.7,32.4,30.2,33.8,30.2,30.9,31.4,33.1,29.7,31.9,30.9,30.9,31.9,33.1,28.8,30.4,31.7,31.2,30.4,30.4,31.2,31.7,31.7,32.6,30.4,33.1,33.8,31.2,30.2,30.4,33.1,34.5,29.7,29.0,30.4,33.1,28.3,33.1,30.0,31.2,31.7,31.2,30.2,0.0,0.0,0.0,0.0,0.0,0.0,0.0,0.0,0.0,0.0,0.0,0.0,0.0,0.0,0.0,0.0,0.0,0.0,0.0,0.0,0.0,0.0,0.0,0.0,0.0,0.0,0.0,0.0,0.0,0.0,0.0,0.0,0.0,0.0,0.0,0.0,0.0,0.0,0.0,0.0,0.0,0.0,0.0,0.0,0.0,0.0,0.0,0.0
2026-02-04T15:01:35.722276,527.7,37.3,48,0.0,188.0,1,15.7,16.5,95.7,16.4,17.9,15.6,17.9,15.7,21.6,14.3,16.5,14.2,18.0,15.7,15.7,15.1,17.3,13.6,15.7,15.8,17.1,13.6,16.3,14.2,17.1,15.7,16.4,17.3,16.4,16.3,15.7,16.3,16.4,15.8,14.9,20.9,15.7,15.6,16.4,14.3,16.4,16.9,16.3,15.8,15.7,16.4,16.4,15.7,0.0,0.0,0.0,0.0,0.0,0.0,0.0,0.0,0.0,0.0,0.0,0.0,0.0,0.0,0.0,0.0,0.0,0.0,0.0,0.0,0.0,0.0,0.0,0.0,0.0,0.0,0.0,0.0,0.0,0.0,0.0,0.0,0.0,0.0,0.0,0.0,0.0,0.0,0.0,0.0,0.0,0.0,0.0,0.0,0.0,0.0,0.0,0.0
2026-02-04T15:01:37.888152,529.8,4.3,48,0.0,188.0,1,21.6,18.1,79.7,18.1,46.4,18.1,18.8,19.6,19.6,20.3,28.3,19.4,18.1,20.1,19.4,18.8,19.6,18.7,18.1,18.1,20.3,18.1,20.1,18.8,22.1,18.1,18.8,21.7,18.8,20.0,20.3,18.1,20.3,19.6,18.8,20.7,18.7,21.0,18.1,19.6,18.1,18.1,25.4,19.6,18.1,22.3,18.1,20.3,0.0,0.0,0.0,0.0,0.0,0.0,0.0,0.0,0.0,0.0,0.0,0.0,0.0,0.0,0.0,0.0,0.0,0.0,0.0,0.0,0.0,0.0,0.0,0.0,0.0,0.0,0.0,0.0,0.0,0.0,0.0,0.0,0.0,0.0,0.0,0.0,0.0,0.0,0.0,0.0,0.0,0.0,0.0,0.0,0.0,0.0,0.0,0.0
2026-02-04T15:01:40.125652,532.0,97.2,48,93.5,222.9,2,17.9,15.8,55.2,60.1,17.9,15.8,17.3,15.8,15.2,15.1,28.3,15.2,15.2,17.7,15.2,15.2,19.4,15.2,17.4,15.2,16.7,14.5,18.6,15.2,16.7,15.2,15.2,16.5,15.9,19.4,15.9,15.2,14.4,17.3,15.2,15.2,16.7,15.8,15.2,15.8,18.8,15.9,16.7,17.3,16.7,15.8,15.9,18.1,0.0,0.0,0.0,0.0,0.0,0.0,0.0,0.0,0.0,0.0,0.0,0.0,0.0,0.0,0.0,0.0,0.0,0.0,0.0,0.0,0.0,0.0,0.0,0.0,0.0,0.0,0.0,0.0,0.0,0.0,0.0,0.0,0.0,0.0,0.0,0.0,0.0,0.0,0.0,0.0,0.0,0.0,0.0,0.0,0.0,0.0,0.0,0.0
2026-02-04T15:01:42.367108,534.2,98.8,90,5811.6,223.1,2,14.3,55.2,62.6,12.4,14.6,12.4,16.0,13.1,15.1,12.5,15.9,13.1,14.5,14.4,13.8,12.4,12.3,12.4,13.7,13.0,12.4,13.0,13.1,13.7,13.1,12.4,12.4,13.2,15.0,13.1,13.1,12.4,12.5,15.8,14.4,13.6,13.7,13.7,14.3,15.0,12.4,13.1,13.1,13.7,14.4,13.8,13.1,15.8,93.6,100.0,100.0,50.0,100.0,100.0,100.0,100.0,100.0,100.0,100.0,0.0,100.0,0.0,100.0,100.0,100.0,100.0,100.0,0.0,0.0,100.0,100.0,100.0,0.0,100.0,100.0,100.0,100.0,100.0,100.0,100.0,100.0,94.0,100.0,100.0,95.5,77.0,37.5,100.0,0.0,100.0,100.0,86.5,39.2,100.0,100.0,50.5
2026-02-04T15:01:44.599174,536.5,28.4,48,7704.3,216.3,2,11.2,11.1,57.9,9.8,12.6,9.8,9.8,9.8,10.5,9.8,12.6,12.5,10.5,11.1,11.1,9.8,10.5,9.8,10.5,10.4,9.8,10.4,9.8,11.2,10.4,9.8,10.4,11.9,9.8,9.8,9.8,9.8,9.1,11.9,53.8,9.8,11.2,9.8,10.5,10.5,11.1,9.8,9.8,9.8,9.8,10.5,9.8,10.5,0.0,0.0,0.0,0.0,0.0,0.0,0.0,0.0,0.0,0.0,0.0,0.0,0.0,0.0,0.0,0.0,0.0,0.0,0.0,0.0,0.0,0.0,0.0,0.0,0.0,0.0,0.0,0.0,0.0,0.0,0.0,0.0,0.0,0.0,0.0,0.0,0.0,0.0,0.0,0.0,0.0,0.0,0.0,0.0,0.0,0.0,0.0,0.0
2026-02-04T15:01:46.827337,538.7,4.9,48,92.9,221.5,2,16.9,14.8,59.2,14.1,15.8,14.2,15.2,13.9,16.0,14.7,18.9,15.4,13.3,14.6,13.3,12.8,14.7,14.0,14.1,14.7,13.9,19.5,14.6,13.4,13.5,12.8,13.4,13.5,15.5,14.0,14.0,14.0,15.5,14.0,56.6,14.1,14.0,13.5,14.0,14.8,14.0,13.4,14.6,14.6,13.5,13.4,13.5,14.2,0.0,0.0,0.0,0.0,0.0,0.0,0.0,0.0,0.0,0.0,0.0,0.0,0.0,0.0,0.0,0.0,0.0,0.0,0.0,0.0,0.0,0.0,0.0,0.0,0.0,0.0,0.0,0.0,0.0,0.0,0.0,0.0,0.0,0.0,0.0,0.0,0.0,0.0,0.0,0.0,0.0,0.0,0.0,0.0,0.0,0.0,0.0,0.0
2026-02-04T15:01:49.053653,540.9,3.5,48,92.8,224.7,2,12.6,63.6,52.7,14.7,16.2,13.9,16.8,14.2,15.4,13.6,21.0,16.0,15.6,18.6,16.8,14.6,18.0,14.9,14.2,14.9,18.2,14.8,14.9,14.8,14.0,14.7,15.5,14.6,12.7,15.5,14.3,15.0,16.2,14.1,15.7,14.2,14.8,15.4,16.1,14.1,14.2,14.2,15.0,14.8,14.6,14.8,15.3,14.7,0.0,0.0,0.0,0.0,0.0,0.0,0.0,0.0,0.0,0.0,0.0,0.0,0.0,0.0,0.0,0.0,0.0,0.0,0.0,0.0,0.0,0.0,0.0,0.0,0.0,0.0,0.0,0.0,0.0,0.0,0.0,0.0,0.0,0.0,0.0,0.0,0.0,0.0,0.0,0.0,0.0,0.0,0.0,0.0,0.0,0.0,0.0,0.0
2026-02-04T15:01:51.281619,543.2,0.0,48,93.4,224.9,2,16.1,41.7,44.2,14.7,37.9,14.7,18.1,14.8,14.7,15.9,21.0,14.8,14.2,17.4,14.5,14.9,14.4,14.8,16.6,15.4,14.8,14.8,16.7,14.8,18.2,14.7,15.5,16.7,16.1,16.9,14.0,15.2,16.1,17.6,15.4,14.7,15.6,14.1,14.9,13.9,14.6,14.7,13.1,15.5,12.8,14.8,14.8,16.6,0.0,0.0,0.0,0.0,0.0,0.0,0.0,0.0,0.0,0.0,0.0,0.0,0.0,0.0,0.0,0.0,0.0,0.0,0.0,0.0,0.0,0.0,0.0,0.0,0.0,0.0,0.0,0.0,0.0,0.0,0.0,0.0,0.0,0.0,0.0,0.0,0.0,0.0,0.0,0.0,0.0,0.0,0.0,0.0,0.0,0.0,0.0,0.0
2026-02-04T15:01:53.507352,545.4,100.0,48,4324.7,225.2,2,13.4,14.7,48.3,13.3,13.4,14.0,14.7,14.6,14.0,14.5,16.7,13.2,14.5,19.2,14.6,13.2,15.4,15.8,14.0,14.5,12.6,14.5,15.4,13.2,14.6,13.2,15.2,17.4,14.6,14.6,13.2,13.3,16.0,13.9,13.9,13.9,14.6,14.5,15.1,15.4,13.3,13.9,14.8,12.6,13.2,13.9,13.9,13.3,0.0,0.0,0.0,0.0,0.0,0.0,0.0,0.0,0.0,0.0,0.0,0.0,0.0,0.0,0.0,0.0,0.0,0.0,0.0,0.0,0.0,0.0,0.0,0.0,0.0,0.0,0.0,0.0,0.0,0.0,0.0,0.0,0.0,0.0,0.0,0.0,0.0,0.0,0.0,0.0,0.0,0.0,0.0,0.0,0.0,0.0,0.0,0.0
2026-02-04T15:01:55.733279,547.6,1.0,48,92.5,223.5,2,11.3,8.5,62.3,8.5,9.2,8.5,9.2,8.5,9.9,8.5,13.4,10.2,9.8,10.2,9.9,11.1,9.1,8.5,8.5,7.8,9.2,8.5,11.3,8.5,8.5,8.5,11.7,9.8,11.3,7.8,8.5,8.5,9.9,12.6,9.2,8.5,9.8,9.2,7.8,10.5,9.8,9.2,12.1,8.5,13.3,9.2,9.2,8.5,0.0,0.0,0.0,0.0,0.0,0.0,0.0,0.0,0.0,0.0,0.0,0.0,0.0,0.0,0.0,0.0,0.0,0.0,0.0,0.0,0.0,0.0,0.0,0.0,0.0,0.0,0.0,0.0,0.0,0.0,0.0,0.0,0.0,0.0,0.0,0.0,0.0,0.0,0.0,0.0,0.0,0.0,0.0,0.0,0.0,0.0,0.0,0.0
2026-02-04T15:01:57.961463,549.9,0.3,48,92.4,225.6,2,17.2,14.0,15.5,14.8,34.3,14.7,16.7,16.1,16.4,17.4,18.3,12.6,17.5,12.8,19.1,12.5,16.9,14.9,16.8,14.7,14.8,15.4,16.2,14.8,16.1,14.6,19.2,19.6,15.4,14.8,16.1,15.5,15.3,16.0,16.9,14.8,17.0,15.4,16.0,14.9,16.2,16.2,15.5,16.2,13.4,16.2,15.4,16.1,0.0,0.0,0.0,0.0,0.0,0.0,0.0,0.0,0.0,0.0,0.0,0.0,0.0,0.0,0.0,0.0,0.0,0.0,0.0,0.0,0.0,0.0,0.0,0.0,0.0,0.0,0.0,0.0,0.0,0.0,0.0,0.0,0.0,0.0,0.0,0.0,0.0,0.0,0.0,0.0,0.0,0.0,0.0,0.0,0.0,0.0,0.0,0.0
2026-02-04T15:02:00.186946,552.1,75.8,48,124.1,226.1,2,14.9,67.4,20.5,14.8,15.5,14.8,17.2,14.7,14.5,14.9,18.5,14.7,14.6,13.6,16.1,14.7,16.7,14.0,16.1,16.0,15.9,15.5,14.0,14.1,14.1,16.9,14.6,15.4,15.2,14.0,15.4,15.4,15.4,14.1,14.7,14.1,14.0,13.3,15.5,14.0,14.7,14.7,15.4,18.1,16.8,14.8,14.1,16.1,0.0,0.0,0.0,0.0,0.0,0.0,0.0,0.0,0.0,0.0,0.0,0.0,0.0,0.0,0.0,0.0,0.0,0.0,0.0,0.0,0.0,0.0,0.0,0.0,0.0,0.0,0.0,0.0,0.0,0.0,0.0,0.0,0.0,0.0,0.0,0.0,0.0,0.0,0.0,0.0,0.0,0.0,0.0,0.0,0.0,0.0,0.0,0.0
2026-02-04T15:02:02.448093,554.3,1.9,48,93.1,224.3,2,7.6,31.2,49.0,6.2,35.7,7.0,7.1,7.0,7.0,7.0,8.5,6.3,7.7,7.0,9.0,6.3,7.7,6.3,7.9,6.3,7.7,6.3,6.2,7.0,7.7,6.3,11.1,7.7,7.1,7.1,7.0,7.7,8.6,7.7,6.3,7.0,6.3,7.0,7.0,7.0,6.3,7.7,7.0,6.3,6.3,7.7,7.0,7.0,0.0,0.0,0.0,0.0,0.0,0.0,0.0,0.0,0.0,0.0,0.0,0.0,0.0,0.0,0.0,0.0,0.0,0.0,0.0,0.0,0.0,0.0,0.0,0.0,0.0,0.0,0.0,0.0,0.0,0.0,0.0,0.0,0.0,0.0,0.0,0.0,0.0,0.0,0.0,0.0,0.0,0.0,0.0,0.0,0.0,0.0,0.0,0.0
2026-02-04T15:02:04.673440,556.6,2.4,92,93.2,226.3,2,15.8,13.7,30.8,36.7,69.0,13.9,14.4,14.9,19.7,14.4,17.9,15.0,15.0,13.6,14.6,13.9,15.8,15.3,14.2,14.5,14.5,13.8,16.0,13.9,14.5,15.1,13.8,15.2,13.8,14.9,13.7,13.8,15.6,13.8,14.5,13.9,13.8,13.9,13.8,13.8,14.5,15.2,14.6,14.4,13.8,13.9,13.9,13.9,100.0,88.1,67.0,100.0,60.3,63.3,74.6,73.4,74.9,62.3,68.8,80.6,76.8,81.5,69.4,87.5,75.2,71.5,87.2,89.1,76.9,76.1,83.4,59.7,75.3,78.9,72.8,71.4,70.8,69.4,73.6,57.0,0.0,0.0,63.1,0.0,100.0,100.0,100.0,7.7,100.0,69.7,62.0,100.0,100.0,0.0,55.7,100.0
2026-02-04T15:02:06.899443,558.8,2.2,48,123.6,225.7,2,10.4,7.8,30.1,45.1,10.6,6.9,7.0,6.1,7.3,6.3,14.7,6.8,8.5,6.4,6.3,7.0,8.5,6.3,8.2,6.3,9.2,6.3,7.0,9.9,7.0,7.1,7.0,8.5,6.3,7.8,8.5,6.4,10.6,6.3,7.8,6.3,7.7,6.3,6.2,6.3,7.1,7.0,6.3,7.1,7.0,6.3,7.0,6.3,0.0,0.0,0.0,0.0,0.0,0.0,0.0,0.0,0.0,0.0,0.0,0.0,0.0,0.0,0.0,0.0,0.0,0.0,0.0,0.0,0.0,0.0,0.0,0.0,0.0,0.0,0.0,0.0,0.0,0.0,0.0,0.0,0.0,0.0,0.0,0.0,0.0,0.0,0.0,0.0,0.0,0.0,0.0,0.0,0.0,0.0,0.0,0.0
2026-02-04T15:02:09.124699,561.0,2.5,48,92.6,227.5,2,25.9,14.1,74.1,14.1,34.0,14.2,18.9,14.8,16.2,15.4,19.9,14.7,16.9,14.0,16.8,14.1,16.9,14.8,19.4,14.8,14.2,14.1,17.5,14.0,14.1,14.7,15.5,14.0,15.6,14.7,14.7,14.7,13.9,14.0,17.6,15.4,14.1,14.7,14.2,14.0,14.7,16.8,14.1,16.8,14.8,15.4,18.3,14.1,0.0,0.0,0.0,0.0,0.0,0.0,0.0,0.0,0.0,0.0,0.0,0.0,0.0,0.0,0.0,0.0,0.0,0.0,0.0,0.0,0.0,0.0,0.0,0.0,0.0,0.0,0.0,0.0,0.0,0.0,0.0,0.0,0.0,0.0,0.0,0.0,0.0,0.0,0.0,0.0,0.0,0.0,0.0,0.0,0.0,0.0,0.0,0.0
2026-02-04T15:02:11.350072,563.2,1.9,48,92.9,225.7,2,9.2,7.7,50.4,56.2,10.5,8.4,7.7,8.7,8.3,11.9,6.9,7.7,8.5,7.7,8.5,7.0,6.7,8.3,7.5,7.0,7.0,7.7,7.0,7.7,7.7,7.0,8.4,8.4,7.7,7.0,7.7,10.5,7.8,7.0,7.7,7.7,8.5,7.7,7.7,7.0,7.7,5.6,7.7,9.1,7.7,10.3,7.0,7.7,0.0,0.0,0.0,0.0,0.0,0.0,0.0,0.0,0.0,0.0,0.0,0.0,0.0,0.0,0.0,0.0,0.0,0.0,0.0,0.0,0.0,0.0,0.0,0.0,0.0,0.0,0.0,0.0,0.0,0.0,0.0,0.0,0.0,0.0,0.0,0.0,0.0,0.0,0.0,0.0,0.0,0.0,0.0,0.0,0.0,0.0,0.0,0.0
2026-02-04T15:02:13.574480,565.5,2.3,48,92.9,227.5,2,15.3,14.7,15.5,39.9,17.5,14.6,14.7,13.2,15.6,14.1,16.3,14.1,74.6,14.1,15.4,14.8,15.5,15.4,15.5,14.0,16.7,15.3,19.0,14.8,15.4,14.1,14.7,16.2,14.7,14.8,16.2,11.0,15.5,18.2,15.4,14.8,16.1,14.0,15.3,13.9,16.7,15.4,15.9,14.7,15.4,17.2,15.4,14.7,0.0,0.0,0.0,0.0,0.0,0.0,0.0,0.0,0.0,0.0,0.0,0.0,0.0,0.0,0.0,0.0,0.0,0.0,0.0,0.0,0.0,0.0,0.0,0.0,0.0,0.0,0.0,0.0,0.0,0.0,0.0,0.0,0.0,0.0,0.0,0.0,0.0,0.0,0.0,0.0,0.0,0.0,0.0,0.0,0.0,0.0,0.0,0.0
2026-02-04T15:02:15.800260,567.7,2.5,48,92.9,225.7,2,7.0,7.0,55.2,52.1,9.1,7.0,10.4,7.7,9.1,7.0,9.6,7.6,8.3,7.0,7.0,7.0,7.7,7.0,7.0,7.7,7.0,14.4,7.0,7.0,7.7,7.7,7.1,9.0,7.0,7.0,7.7,7.1,7.6,7.0,7.0,7.7,7.0,7.7,7.1,7.8,9.1,7.0,7.8,7.0,7.1,7.7,7.7,7.0,0.0,0.0,0.0,0.0,0.0,0.0,0.0,0.0,0.0,0.0,0.0,0.0,0.0,0.0,0.0,0.0,0.0,0.0,0.0,0.0,0.0,0.0,0.0,0.0,0.0,0.0,0.0,0.0,0.0,0.0,0.0,0.0,0.0,0.0,0.0,0.0,0.0,0.0,0.0,0.0,0.0,0.0,0.0,0.0,0.0,0.0,0.0,0.0
2026-02-04T15:02:18.025564,569.9,1.9,48,123.9,227.5,2,14.8,13.4,26.1,27.1,16.2,14.0,13.4,14.8,15.4,13.3,14.9,14.0,14.9,13.4,14.1,13.4,14.1,14.1,14.1,13.3,17.6,13.4,14.7,14.1,14.1,13.3,14.1,16.8,15.4,13.3,13.9,13.3,14.2,13.3,14.1,13.3,13.3,13.3,14.7,13.3,73.2,13.3,14.0,14.7,13.3,13.4,13.5,14.0,0.0,0.0,0.0,0.0,0.0,0.0,0.0,0.0,0.0,0.0,0.0,0.0,0.0,0.0,0.0,0.0,0.0,0.0,0.0,0.0,0.0,0.0,0.0,0.0,0.0,0.0,0.0,0.0,0.0,0.0,0.0,0.0,0.0,0.0,0.0,0.0,0.0,0.0,0.0,0.0,0.0,0.0,0.0,0.0,0.0,0.0,0.0,0.0
2026-02-04T15:02:20.251228,572.1,2.3,48,92.6,225.7,2,6.3,5.6,54.5,51.1,7.7,6.3,7.7,5.6,6.5,6.3,5.6,7.0,6.2,7.0,6.2,5.6,6.3,6.3,6.3,6.3,6.3,6.3,6.3,6.3,6.3,6.3,6.2,7.7,6.3,6.3,6.3,6.3,9.8,7.0,6.3,7.0,7.0,6.3,7.0,6.3,6.9,5.6,6.3,7.0,6.3,5.7,5.6,6.3,0.0,0.0,0.0,0.0,0.0,0.0,0.0,0.0,0.0,0.0,0.0,0.0,0.0,0.0,0.0,0.0,0.0,0.0,0.0,0.0,0.0,0.0,0.0,0.0,0.0,0.0,0.0,0.0,0.0,0.0,0.0,0.0,0.0,0.0,0.0,0.0,0.0,0.0,0.0,0.0,0.0,0.0,0.0,0.0,0.0,0.0,0.0,0.0
2026-02-04T15:02:22.477178,574.4,1.9,48,123.6,227.5,2,15.5,14.8,86.5,28.5,16.1,15.4,16.2,14.7,14.5,15.3,16.2,15.3,15.6,15.9,14.9,14.9,14.6,14.1,14.0,14.7,14.7,15.3,16.2,14.7,16.1,14.8,15.4,15.5,14.7,14.7,14.7,14.7,14.7,15.3,14.7,15.4,14.7,14.7,15.3,14.7,15.6,15.3,16.0,16.7,15.3,15.4,14.7,15.2,0.0,0.0,0.0,0.0,0.0,0.0,0.0,0.0,0.0,0.0,0.0,0.0,0.0,0.0,0.0,0.0,0.0,0.0,0.0,0.0,0.0,0.0,0.0,0.0,0.0,0.0,0.0,0.0,0.0,0.0,0.0,0.0,0.0,0.0,0.0,0.0,0.0,0.0,0.0,0.0,0.0,0.0,0.0,0.0,0.0,0.0,0.0,0.0
2026-02-04T15:02:24.734204,576.6,2.9,48,92.5,225.7,2,9.2,7.0,9.0,52.5,8.4,7.0,7.7,7.0,7.7,7.0,7.0,7.7,54.5,12.0,7.0,7.0,7.1,7.0,7.0,7.0,7.7,10.6,7.0,7.0,7.0,7.0,7.0,9.8,6.3,7.0,7.0,7.0,7.1,7.0,6.3,7.0,6.3,7.7,7.0,6.3,7.7,7.0,7.7,9.0,7.1,7.0,7.0,8.6,0.0,0.0,0.0,0.0,0.0,0.0,0.0,0.0,0.0,0.0,0.0,0.0,0.0,0.0,0.0,0.0,0.0,0.0,0.0,0.0,0.0,0.0,0.0,0.0,0.0,0.0,0.0,0.0,0.0,0.0,0.0,0.0,0.0,0.0,0.0,0.0,0.0,0.0,0.0,0.0,0.0,0.0,0.0,0.0,0.0,0.0,0.0,0.0
2026-02-04T15:02:26.959931,578.9,1.9,94,92.7,227.5,2,15.9,14.4,30.6,15.2,15.9,15.3,13.8,15.2,14.4,14.5,72.4,13.8,26.6,9.8,14.7,14.5,15.1,13.8,16.6,13.8,13.8,14.5,13.8,13.8,13.9,15.2,14.5,15.2,14.6,14.5,13.8,13.8,17.7,13.8,18.6,15.1,16.9,14.5,14.5,14.5,15.4,13.8,15.2,14.8,19.3,14.7,13.1,16.1,93.6,100.0,100.0,50.0,100.0,100.0,45.5,55.4,0.0,100.0,81.8,91.6,100.0,100.0,100.0,5.5,93.9,100.0,37.5,8.3,72.6,63.3,50.9,99.4,100.0,97.7,92.9,68.2,100.0,100.0,0.0,100.0,100.0,100.0,52.4,100.0,100.0,100.0,100.0,100.0,70.5,100.0,100.0,100.0,26.5,100.0,100.0,92.6
2026-02-04T15:02:29.185908,581.1,2.3,48,92.9,225.7,2,9.8,7.0,53.5,54.5,8.4,7.7,7.7,7.0,8.5,10.6,7.1,7.7,7.7,7.0,7.6,7.7,7.7,7.0,8.4,7.0,7.7,7.0,8.5,7.0,7.0,7.0,7.7,8.5,7.7,7.7,7.0,7.0,7.0,7.0,7.0,7.0,7.0,7.7,7.7,7.0,8.3,7.0,8.5,6.9,7.0,7.0,7.7,7.0,0.0,0.0,0.0,0.0,0.0,0.0,0.0,0.0,0.0,0.0,0.0,0.0,0.0,0.0,0.0,0.0,0.0,0.0,0.0,0.0,0.0,0.0,0.0,0.0,0.0,0.0,0.0,0.0,0.0,0.0,0.0,0.0,0.0,0.0,0.0,0.0,0.0,0.0,0.0,0.0,0.0,0.0,0.0,0.0,0.0,0.0,0.0,0.0
2026-02-04T15:02:31.411835,583.3,3.1,48,92.6,227.8,2,14.0,14.8,15.9,27.0,16.8,14.0,16.3,28.3,74.1,14.7,15.3,14.7,14.6,14.0,15.5,14.0,14.1,14.0,14.0,14.0,14.7,14.0,19.4,14.7,14.0,14.0,15.5,14.7,15.4,14.0,14.0,14.7,14.8,18.2,15.3,14.6,19.2,14.0,15.4,14.0,14.8,14.1,14.0,14.1,14.0,14.0,14.0,14.1,0.0,0.0,0.0,0.0,0.0,0.0,0.0,0.0,0.0,0.0,0.0,0.0,0.0,0.0,0.0,0.0,0.0,0.0,0.0,0.0,0.0,0.0,0.0,0.0,0.0,0.0,0.0,0.0,0.0,0.0,0.0,0.0,0.0,0.0,0.0,0.0,0.0,0.0,0.0,0.0,0.0,0.0,0.0,0.0,0.0,0.0,0.0,0.0
2026-02-04T15:02:33.636599,585.5,3.5,48,93.2,226.0,2,7.7,7.7,9.2,13.6,9.1,8.3,53.5,70.0,9.2,7.7,7.7,7.7,7.7,9.9,8.4,7.7,9.1,9.9,8.5,9.9,11.8,9.9,7.7,9.9,9.2,9.7,7.7,9.8,7.7,9.9,7.7,9.9,9.8,9.9,9.9,9.9,13.0,9.9,9.9,10.7,7.7,7.7,8.9,8.3,7.7,7.7,9.9,7.7,0.0,0.0,0.0,0.0,0.0,0.0,0.0,0.0,0.0,0.0,0.0,0.0,0.0,0.0,0.0,0.0,0.0,0.0,0.0,0.0,0.0,0.0,0.0,0.0,0.0,0.0,0.0,0.0,0.0,0.0,0.0,0.0,0.0,0.0,0.0,0.0,0.0,0.0,0.0,0.0,0.0,0.0,0.0,0.0,0.0,0.0,0.0,0.0
2026-02-04T15:02:35.862344,587.8,2.3,48,92.5,227.7,2,19.7,14.1,25.9,51.7,16.1,12.5,29.6,12.1,14.7,14.8,14.8,17.6,14.0,12.6,14.1,14.8,14.9,11.6,14.8,12.1,14.1,11.6,15.4,11.6,12.7,12.3,14.1,17.4,14.7,11.6,14.1,12.1,15.3,12.1,11.6,12.1,16.6,12.7,11.6,12.2,14.8,13.9,11.9,14.8,14.7,14.1,12.1,16.0,0.0,0.0,0.0,0.0,0.0,0.0,0.0,0.0,0.0,0.0,0.0,0.0,0.0,0.0,0.0,0.0,0.0,0.0,0.0,0.0,0.0,0.0,0.0,0.0,0.0,0.0,0.0,0.0,0.0,0.0,0.0,0.0,0.0,0.0,0.0,0.0,0.0,0.0,0.0,0.0,0.0,0.0,0.0,0.0,0.0,0.0,0.0,0.0
2026-02-04T15:02:38.088269,590.0,1.9,48,124.1,227.8,2,20.6,6.3,85.9,7.0,9.2,6.3,7.0,6.3,7.0,7.1,7.0,7.6,7.0,6.3,7.0,6.3,7.7,6.3,7.0,6.3,7.0,7.0,7.7,6.3,7.0,7.2,7.0,8.5,7.0,7.0,7.7,6.3,9.9,7.6,7.7,7.0,8.4,7.0,7.0,7.0,7.0,7.1,6.3,7.7,7.0,7.0,6.3,8.5,0.0,0.0,0.0,0.0,0.0,0.0,0.0,0.0,0.0,0.0,0.0,0.0,0.0,0.0,0.0,0.0,0.0,0.0,0.0,0.0,0.0,0.0,0.0,0.0,0.0,0.0,0.0,0.0,0.0,0.0,0.0,0.0,0.0,0.0,0.0,0.0,0.0,0.0,0.0,0.0,0.0,0.0,0.0,0.0,0.0,0.0,0.0,0.0
2026-02-04T15:02:40.313691,592.2,3.6,48,92.6,227.8,2,14.6,14.1,40.6,73.2,15.4,13.4,16.7,14.1,13.9,13.3,16.2,12.6,14.9,17.0,14.0,13.3,14.1,13.4,14.8,13.4,14.1,13.4,14.1,13.4,14.8,12.9,13.4,14.7,14.1,14.1,14.1,13.4,13.7,14.1,13.4,14.8,14.2,15.4,14.1,14.1,15.3,13.1,14.0,13.2,18.2,14.1,14.0,14.6,0.0,0.0,0.0,0.0,0.0,0.0,0.0,0.0,0.0,0.0,0.0,0.0,0.0,0.0,0.0,0.0,0.0,0.0,0.0,0.0,0.0,0.0,0.0,0.0,0.0,0.0,0.0,0.0,0.0,0.0,0.0,0.0,0.0,0.0,0.0,0.0,0.0,0.0,0.0,0.0,0.0,0.0,0.0,0.0,0.0,0.0,0.0,0.0
2026-02-04T15:02:42.539190,594.4,1.9,48,123.6,227.8,2,9.2,43.8,62.7,7.7,7.7,7.7,9.2,7.7,8.6,7.7,8.4,6.9,7.7,9.1,8.5,7.7,7.0,8.3,7.7,7.0,7.0,11.2,7.0,7.7,7.1,7.7,7.0,7.7,7.7,7.7,7.7,7.7,7.7,7.7,7.7,8.3,7.7,7.0,7.7,7.7,7.1,7.8,7.7,7.8,7.0,7.0,7.7,7.8,0.0,0.0,0.0,0.0,0.0,0.0,0.0,0.0,0.0,0.0,0.0,0.0,0.0,0.0,0.0,0.0,0.0,0.0,0.0,0.0,0.0,0.0,0.0,0.0,0.0,0.0,0.0,0.0,0.0,0.0,0.0,0.0,0.0,0.0,0.0,0.0,0.0,0.0,0.0,0.0,0.0,0.0,0.0,0.0,0.0,0.0,0.0,0.0
2026-02-04T15:02:44.763962,596.7,100.0,48,185.3,227.8,2,15.9,98.6,16.1,16.0,16.8,15.3,16.8,16.0,15.2,16.0,16.0,16.1,15.3,18.5,16.6,16.0,16.6,16.0,16.7,15.3,16.0,16.0,16.6,16.7,16.9,16.0,16.0,17.5,16.0,16.0,16.0,16.0,19.4,16.0,16.7,16.0,16.0,16.0,16.0,16.0,16.0,16.0,16.6,15.3,16.0,15.3,16.0,16.6,0.0,0.0,0.0,0.0,0.0,0.0,0.0,0.0,0.0,0.0,0.0,0.0,0.0,0.0,0.0,0.0,0.0,0.0,0.0,0.0,0.0,0.0,0.0,0.0,0.0,0.0,0.0,0.0,0.0,0.0,0.0,0.0,0.0,0.0,0.0,0.0,0.0,0.0,0.0,0.0,0.0,0.0,0.0,0.0,0.0,0.0,0.0,0.0
2026-02-04T15:02:47.017445,598.9,1.9,48,92.6,226.9,2,7.8,7.9,40.8,7.8,9.2,7.9,7.9,7.8,7.8,68.8,12.0,7.8,7.8,7.8,7.8,7.9,7.9,7.8,7.9,7.8,7.9,7.8,7.9,7.8,7.1,8.6,7.1,9.2,8.5,7.8,7.8,7.8,7.7,7.8,7.8,7.8,7.8,7.8,7.9,7.8,7.8,7.8,7.8,7.8,7.9,8.5,12.6,7.8,0.0,0.0,0.0,0.0,0.0,0.0,0.0,0.0,0.0,0.0,0.0,0.0,0.0,0.0,0.0,0.0,0.0,0.0,0.0,0.0,0.0,0.0,0.0,0.0,0.0,0.0,0.0,0.0,0.0,0.0,0.0,0.0,0.0,0.0,0.0,0.0,0.0,0.0,0.0,0.0,0.0,0.0,0.0,0.0,0.0,0.0,0.0,0.0
2026-02-04T15:02:49.245849,601.1,40.3,73,8851.5,218.0,2,11.6,10.2,40.0,69.2,14.5,10.9,10.9,10.3,9.6,9.6,10.3,10.3,10.3,10.9,10.3,10.8,10.2,10.3,10.2,10.3,10.9,10.3,10.9,14.4,10.9,10.2,10.2,11.0,10.3,10.3,10.3,10.3,12.3,11.0,10.3,10.3,10.3,10.3,10.9,10.3,10.3,10.3,10.3,11.0,10.2,10.3,12.9,9.6,100.0,100.0,0.0,100.0,100.0,100.0,100.0,100.0,100.0,0.0,0.0,0.0,0.0,0.0,100.0,100.0,100.0,0.0,100.0,0.0,100.0,100.0,100.0,0.0,100.0,0.0,100.0,0.0,0.0,0.0,100.0,100.0,100.0,0.0,100.0,100.0,0.0,0.0,0.0,0.0,0.0,0.0,100.0,0.0,0.0,100.0,100.0,0.0
2026-02-04T15:02:51.471486,603.4,2.6,48,92.6,228.0,2,15.5,12.8,69.0,12.7,12.1,11.3,12.7,12.1,11.3,12.1,13.5,11.4,14.1,11.4,16.2,11.3,12.6,12.1,12.1,12.1,12.1,11.3,12.1,11.4,12.1,12.8,11.3,14.1,12.1,12.1,11.4,12.9,16.4,12.1,38.0,12.1,13.4,12.9,12.1,12.8,12.8,12.1,12.8,12.1,11.3,12.1,12.8,12.8,0.0,0.0,0.0,0.0,0.0,0.0,0.0,0.0,0.0,0.0,0.0,0.0,0.0,0.0,0.0,0.0,0.0,0.0,0.0,0.0,0.0,0.0,0.0,0.0,0.0,0.0,0.0,0.0,0.0,0.0,0.0,0.0,0.0,0.0,0.0,0.0,0.0,0.0,0.0,0.0,0.0,0.0,0.0,0.0,0.0,0.0,0.0,0.0
2026-02-04T15:02:53.696870,605.6,0.4,48,124.2,226.3,2,7.1,7.0,43.0,7.0,9.0,7.7,9.7,14.9,9.4,9.1,12.0,7.4,6.4,7.7,9.1,7.0,8.5,7.0,7.0,7.0,7.7,7.0,7.7,7.6,7.7,7.0,7.0,7.7,7.0,7.0,7.7,7.0,7.0,7.0,7.8,7.0,7.0,7.0,7.0,7.0,7.6,7.0,7.0,8.3,7.8,7.0,7.0,7.7,0.0,0.0,0.0,0.0,0.0,0.0,0.0,0.0,0.0,0.0,0.0,0.0,0.0,0.0,0.0,0.0,0.0,0.0,0.0,0.0,0.0,0.0,0.0,0.0,0.0,0.0,0.0,0.0,0.0,0.0,0.0,0.0,0.0,0.0,0.0,0.0,0.0,0.0,0.0,0.0,0.0,0.0,0.0,0.0,0.0,0.0,0.0,0.0
2026-02-04T15:02:55.923496,607.8,2.6,48,92.9,228.0,2,14.6,77.8,14.7,14.0,15.4,14.0,34.7,10.7,12.7,15.5,15.1,14.0,15.4,14.5,16.9,14.0,14.6,15.5,14.7,14.1,19.0,14.1,16.1,14.7,14.5,15.5,14.8,15.4,14.8,14.1,14.8,15.8,16.1,14.1,18.3,14.1,14.8,14.8,14.1,14.8,14.1,14.8,15.4,14.7,14.0,15.4,14.8,14.8,0.0,0.0,0.0,0.0,0.0,0.0,0.0,0.0,0.0,0.0,0.0,0.0,0.0,0.0,0.0,0.0,0.0,0.0,0.0,0.0,0.0,0.0,0.0,0.0,0.0,0.0,0.0,0.0,0.0,0.0,0.0,0.0,0.0,0.0,0.0,0.0,0.0,0.0,0.0,0.0,0.0,0.0,0.0,0.0,0.0,0.0,0.0,0.0
2026-02-04T15:02:58.149334,610.0,100.0,48,123.6,226.3,2,8.5,8.8,8.5,13.3,7.7,7.0,100.0,12.5,9.1,7.6,7.5,14.5,9.1,6.9,7.7,8.1,7.7,7.1,8.7,14.5,13.2,14.5,8.0,13.2,9.7,7.2,7.2,7.7,8.8,14.3,13.2,10.4,8.8,13.2,19.5,14.5,14.5,14.5,14.5,14.5,7.0,10.2,10.6,7.7,7.8,14.5,7.9,7.6,0.0,0.0,0.0,0.0,0.0,0.0,0.0,0.0,0.0,0.0,0.0,0.0,0.0,0.0,0.0,0.0,0.0,0.0,0.0,0.0,0.0,0.0,0.0,0.0,0.0,0.0,0.0,0.0,0.0,0.0,0.0,0.0,0.0,0.0,0.0,0.0,0.0,0.0,0.0,0.0,0.0,0.0,0.0,0.0,0.0,0.0,0.0,0.0
2026-02-04T15:03:00.373842,612.3,2.3,48,92.3,228.0,2,14.7,12.6,77.8,9.6,15.3,14.9,28.4,9.6,18.3,14.2,14.2,10.0,14.9,14.5,14.7,13.6,14.2,14.5,12.6,10.5,10.0,9.6,17.7,9.6,11.8,13.7,23.5,16.3,12.5,9.6,10.0,14.2,12.9,9.6,9.9,9.6,9.6,10.0,9.6,9.6,15.9,11.3,10.5,14.7,13.9,10.0,13.8,14.2,0.0,0.0,0.0,0.0,0.0,0.0,0.0,0.0,0.0,0.0,0.0,0.0,0.0,0.0,0.0,0.0,0.0,0.0,0.0,0.0,0.0,0.0,0.0,0.0,0.0,0.0,0.0,0.0,0.0,0.0,0.0,0.0,0.0,0.0,0.0,0.0,0.0,0.0,0.0,0.0,0.0,0.0,0.0,0.0,0.0,0.0,0.0,0.0
2026-02-04T15:03:02.599126,614.5,1.9,48,93.0,226.3,2,9.1,7.7,50.7,8.4,9.8,8.5,8.5,7.7,9.9,7.7,7.7,7.7,7.7,9.0,8.5,7.7,7.7,7.7,7.7,8.3,7.7,6.9,7.7,7.7,7.7,7.7,59.3,7.6,9.1,7.7,9.2,8.4,8.4,7.7,7.7,11.9,8.3,7.0,7.7,7.7,7.0,7.7,7.7,7.1,7.7,7.7,7.7,7.7,0.0,0.0,0.0,0.0,0.0,0.0,0.0,0.0,0.0,0.0,0.0,0.0,0.0,0.0,0.0,0.0,0.0,0.0,0.0,0.0,0.0,0.0,0.0,0.0,0.0,0.0,0.0,0.0,0.0,0.0,0.0,0.0,0.0,0.0,0.0,0.0,0.0,0.0,0.0,0.0,0.0,0.0,0.0,0.0,0.0,0.0,0.0,0.0
2026-02-04T15:03:04.824825,616.7,51.0,48,154.5,227.1,2,16.0,15.3,38.5,14.7,20.1,15.2,15.2,15.4,15.5,14.7,16.1,75.5,15.3,14.7,17.5,14.7,14.7,15.4,15.4,14.7,15.9,14.8,15.2,14.7,15.9,14.7,15.3,19.7,15.4,15.4,15.4,15.4,15.5,15.4,14.7,15.3,16.2,16.0,15.4,15.4,15.6,15.4,15.4,15.5,15.3,16.0,15.4,15.4,0.0,0.0,0.0,0.0,0.0,0.0,0.0,0.0,0.0,0.0,0.0,0.0,0.0,0.0,0.0,0.0,0.0,0.0,0.0,0.0,0.0,0.0,0.0,0.0,0.0,0.0,0.0,0.0,0.0,0.0,0.0,0.0,0.0,0.0,0.0,0.0,0.0,0.0,0.0,0.0,0.0,0.0,0.0,0.0,0.0,0.0,0.0,0.0
2026-02-04T15:03:07.050179,618.9,2.3,48,92.5,227.1,2,8.4,6.4,75.2,6.3,31.7,8.0,7.7,6.8,7.9,7.5,7.6,6.8,6.4,7.6,6.3,6.3,6.3,6.8,7.0,6.8,10.6,6.8,6.3,6.8,7.6,6.8,7.0,8.3,7.1,7.1,6.8,7.6,6.4,6.8,7.6,6.8,8.3,6.8,8.3,6.8,6.2,6.3,6.8,6.2,7.1,6.4,6.8,6.3,0.0,0.0,0.0,0.0,0.0,0.0,0.0,0.0,0.0,0.0,0.0,0.0,0.0,0.0,0.0,0.0,0.0,0.0,0.0,0.0,0.0,0.0,0.0,0.0,0.0,0.0,0.0,0.0,0.0,0.0,0.0,0.0,0.0,0.0,0.0,0.0,0.0,0.0,0.0,0.0,0.0,0.0,0.0,0.0,0.0,0.0,0.0,0.0
2026-02-04T15:03:09.303413,621.2,13.9,48,9984.1,218.2,2,8.4,9.0,10.5,9.0,39.2,7.5,9.1,8.4,7.6,8.4,9.8,7.8,8.3,8.4,9.1,8.4,9.7,8.4,9.1,8.4,9.7,7.8,9.8,7.8,8.4,7.8,9.1,10.4,9.0,8.3,8.4,8.4,9.0,7.8,12.9,7.8,8.4,8.4,8.4,7.8,9.1,9.0,9.0,9.7,8.3,8.3,7.8,8.3,0.0,0.0,0.0,0.0,0.0,0.0,0.0,0.0,0.0,0.0,0.0,0.0,0.0,0.0,0.0,0.0,0.0,0.0,0.0,0.0,0.0,0.0,0.0,0.0,0.0,0.0,0.0,0.0,0.0,0.0,0.0,0.0,0.0,0.0,0.0,0.0,0.0,0.0,0.0,0.0,0.0,0.0,0.0,0.0,0.0,0.0,0.0,0.0
2026-02-04T15:03:11.528105,623.4,2.3,80,93.1,228.1,2,13.3,14.1,37.9,14.0,16.3,14.1,13.9,14.0,19.4,12.7,15.5,14.1,14.2,12.7,14.5,13.4,76.2,13.4,14.1,13.4,15.4,14.8,14.1,14.7,14.1,13.4,14.1,14.6,14.1,13.4,13.4,14.1,15.5,13.4,14.6,13.4,14.1,13.4,14.0,13.4,14.8,13.3,14.0,13.4,18.3,12.6,13.4,14.0,100.0,100.0,100.0,100.0,100.0,100.0,100.0,100.0,100.0,100.0,100.0,100.0,100.0,100.0,0.0,100.0,100.0,100.0,100.0,0.0,100.0,100.0,100.0,100.0,100.0,100.0,100.0,100.0,100.0,100.0,100.0,100.0,100.0,100.0,0.0,0.0,0.0,0.0,0.0,0.0,0.0,0.0,0.0,0.0,0.0,0.0,0.0,0.0
2026-02-04T15:03:13.754077,625.6,3.2,62,92.8,228.2,2,7.7,7.0,100.0,7.0,9.8,7.0,9.1,7.0,7.7,7.0,9.1,7.7,7.6,7.0,7.1,7.7,7.0,7.7,7.7,7.7,7.7,7.0,7.7,7.0,7.7,12.0,7.0,8.5,7.7,7.7,13.4,7.7,6.9,7.7,9.2,8.9,7.7,7.0,7.7,7.0,7.0,7.8,7.7,7.6,7.0,7.7,8.3,7.0,0.0,0.0,100.0,100.0,0.0,0.0,0.0,100.0,100.0,0.0,0.0,0.0,100.0,100.0,0.0,0.0,0.0,100.0,100.0,0.0,0.0,0.0,100.0,100.0,0.0,0.0,0.0,100.0,100.0,0.0,0.0,0.0,100.0,100.0,0.0,0.0,0.0,0.0,0.0,0.0,0.0,0.0,0.0,0.0,0.0,0.0,0.0,0.0
2026-02-04T15:03:15.983200,627.9,88.6,61,8826.5,224.9,2,14.7,12.5,40.4,13.1,13.3,13.2,15.4,13.1,14.0,13.1,17.9,13.1,12.5,12.4,17.2,13.0,14.5,13.1,12.5,13.1,13.2,12.4,12.5,12.4,13.6,13.1,12.5,13.3,13.1,12.5,8.8,12.5,13.3,13.7,13.2,13.9,13.1,13.1,13.9,13.8,12.5,17.2,12.4,14.6,13.2,13.9,13.2,13.1,0.0,0.0,100.0,100.0,0.0,0.0,0.0,100.0,100.0,0.0,0.0,0.0,100.0,100.0,0.0,0.0,0.0,100.0,100.0,0.0,0.0,0.0,100.0,0.0,0.0,0.0,0.0,100.0,100.0,0.0,0.0,0.0,100.0,100.0,0.0,0.0,0.0,0.0,0.0,0.0,0.0,0.0,0.0,0.0,0.0,0.0,0.0,0.0
2026-02-04T15:03:18.209340,630.1,4.3,61,92.3,229.1,2,9.9,9.2,100.0,9.2,11.9,9.2,10.6,10.6,12.7,9.2,14.8,9.9,13.2,9.2,10.6,9.2,12.0,9.2,10.2,9.2,10.6,9.2,10.0,9.9,10.0,19.1,10.0,9.9,9.9,9.2,9.3,11.3,12.7,9.9,9.9,11.8,12.0,10.6,12.0,9.3,9.9,9.2,11.3,9.9,9.9,9.9,9.9,9.2,0.0,0.0,100.0,100.0,0.0,0.0,0.0,100.0,100.0,0.0,0.0,0.0,100.0,0.0,0.0,0.0,0.0,100.0,100.0,0.0,0.0,0.0,100.0,100.0,0.0,0.0,0.0,100.0,100.0,0.0,0.0,0.0,100.0,100.0,0.0,0.0,0.0,0.0,0.0,0.0,0.0,0.0,0.0,0.0,0.0,0.0,0.0,0.0
2026-02-04T15:03:20.431553,632.3,2.4,62,92.7,228.2,2,9.8,7.7,100.0,7.7,11.7,7.7,11.9,9.1,9.2,9.2,23.3,7.8,7.7,9.1,13.3,8.4,12.0,9.1,8.5,7.7,7.7,7.7,12.6,7.7,9.0,7.7,7.7,9.8,9.2,7.7,7.7,8.4,7.8,7.0,7.8,9.0,7.7,9.8,8.5,7.7,9.2,9.8,7.7,8.5,7.7,9.8,7.7,9.2,0.0,0.0,100.0,100.0,0.0,0.0,0.0,100.0,100.0,0.0,0.0,0.0,100.0,100.0,0.0,0.0,0.0,100.0,100.0,0.0,0.0,0.0,100.0,100.0,0.0,0.0,0.0,100.0,100.0,0.0,0.0,0.0,100.0,100.0,0.0,0.0,0.0,0.0,0.0,0.0,0.0,0.0,0.0,0.0,0.0,0.0,0.0,0.0
2026-02-04T15:03:22.657595,634.6,2.9,62,93.2,228.2,2,7.7,9.0,94.4,8.5,13.3,8.5,9.7,7.0,7.9,12.0,9.3,8.4,8.4,8.5,8.5,7.7,9.9,7.7,9.3,7.7,8.5,7.0,9.2,7.0,8.4,7.0,7.7,8.5,8.4,7.0,7.7,8.5,7.7,7.7,7.0,12.4,7.0,7.7,7.7,7.0,7.7,7.0,9.1,7.7,7.7,8.3,7.7,8.5,0.0,0.0,100.0,100.0,0.0,0.0,0.0,100.0,100.0,0.0,0.0,0.0,100.0,100.0,0.0,0.0,0.0,100.0,100.0,0.0,0.0,0.0,100.0,100.0,0.0,0.0,0.0,100.0,100.0,0.0,0.0,0.0,100.0,100.0,0.0,0.0,0.0,0.0,0.0,0.0,0.0,0.0,0.0,0.0,0.0,0.0,0.0,0.0
2026-02-04T15:03:24.884750,636.8,35.5,62,9454.8,220.3,2,11.9,9.8,75.0,9.0,38.7,9.6,11.9,10.4,12.4,10.3,19.4,9.8,10.4,9.0,15.3,9.8,15.1,10.3,11.3,10.5,9.1,9.8,11.8,9.7,9.8,13.9,10.4,10.6,9.8,9.7,11.9,9.7,9.1,9.8,10.4,12.5,10.4,10.6,10.5,9.8,9.8,9.1,9.8,13.3,9.7,10.5,10.3,11.0,0.0,0.0,100.0,100.0,0.0,0.0,0.0,100.0,100.0,0.0,0.0,0.0,100.0,100.0,0.0,0.0,0.0,100.0,100.0,0.0,0.0,0.0,100.0,100.0,0.0,0.0,0.0,100.0,100.0,0.0,0.0,0.0,100.0,100.0,0.0,0.0,0.0,0.0,0.0,0.0,0.0,0.0,0.0,0.0,0.0,0.0,0.0,0.0
2026-02-04T15:03:27.111406,639.0,2.3,61,92.5,229.9,2,14.0,12.8,97.9,13.4,13.3,12.8,14.7,12.8,14.7,12.8,15.4,14.2,18.4,13.5,14.7,13.4,14.2,13.5,13.6,12.8,12.6,13.5,12.7,12.8,12.7,12.8,13.5,12.6,13.4,13.4,14.2,14.2,13.5,13.3,13.5,15.4,12.8,14.2,12.8,12.8,17.7,12.1,12.8,13.3,14.9,12.7,12.8,14.1,0.0,0.0,100.0,100.0,0.0,0.0,0.0,100.0,100.0,0.0,0.0,0.0,100.0,100.0,0.0,0.0,0.0,100.0,100.0,0.0,0.0,0.0,100.0,0.0,0.0,0.0,0.0,100.0,100.0,0.0,0.0,0.0,100.0,100.0,0.0,0.0,0.0,0.0,0.0,0.0,0.0,0.0,0.0,0.0,0.0,0.0,0.0,0.0
2026-02-04T15:03:29.338123,641.2,2.0,62,123.6,231.8,2,8.5,8.3,99.3,6.3,8.5,6.3,9.9,7.0,12.0,7.0,8.5,7.0,8.3,6.3,9.2,7.0,8.5,7.7,7.6,7.0,8.4,7.0,7.7,6.3,7.7,6.3,7.7,6.3,7.0,7.0,8.4,7.0,7.0,7.7,7.7,7.0,7.7,6.3,7.7,6.3,7.6,6.3,7.7,9.1,7.0,8.5,7.0,7.0,0.0,0.0,100.0,100.0,0.0,0.0,0.0,100.0,100.0,0.0,0.0,0.0,100.0,100.0,0.0,0.0,0.0,100.0,100.0,0.0,0.0,0.0,100.0,100.0,0.0,0.0,0.0,100.0,100.0,0.0,0.0,0.0,100.0,100.0,0.0,0.0,0.0,0.0,0.0,0.0,0.0,0.0,0.0,0.0,0.0,0.0,0.0,0.0
2026-02-04T15:03:31.594522,643.5,100.0,62,93.2,230.2,2,7.6,9.1,54.2,7.0,6.9,12.8,9.7,12.3,9.7,11.6,8.5,15.5,56.2,13.4,7.0,10.0,6.9,7.0,7.0,13.4,9.7,12.3,9.0,12.3,10.2,13.4,7.0,8.4,7.6,12.3,12.0,12.3,7.7,7.1,8.5,7.0,7.6,8.4,7.7,7.9,9.0,8.1,11.2,7.0,7.7,7.0,12.2,12.0,0.0,0.0,100.0,100.0,0.0,0.0,0.0,100.0,100.0,0.0,0.0,0.0,100.0,100.0,0.0,0.0,0.0,100.0,100.0,0.0,0.0,0.0,100.0,100.0,0.0,0.0,0.0,100.0,100.0,0.0,0.0,0.0,100.0,100.0,0.0,0.0,0.0,0.0,0.0,0.0,0.0,0.0,0.0,0.0,0.0,0.0,0.0,0.0
2026-02-04T15:03:33.821111,645.7,2.0,54,92.5,229.9,2,9.0,59.8,18.7,6.9,7.7,6.5,7.6,4.9,7.6,5.4,10.3,5.4,38.2,7.7,7.6,5.9,9.8,7.6,8.9,5.4,8.3,5.3,7.7,5.3,5.8,5.3,7.7,9.0,9.0,5.3,7.4,5.3,8.3,7.5,7.5,7.6,7.7,7.6,9.7,6.9,7.6,7.3,5.8,7.6,7.6,8.3,5.4,5.8,0.0,0.0,0.0,0.0,0.0,100.0,0.0,0.0,0.0,0.0,100.0,0.0,0.0,0.0,0.0,100.0,0.0,0.0,0.0,0.0,100.0,0.0,0.0,0.0,0.0,100.0,0.0,0.0,0.0,0.0,100.0,0.0,0.0,0.0,0.0,100.0,0.0,0.0,0.0,0.0,0.0,0.0,0.0,0.0,0.0,0.0,0.0,0.0
2026-02-04T15:03:36.058242,647.9,17.4,48,6931.6,220.4,2,9.1,21.7,86.3,7.6,9.0,8.3,8.4,8.3,8.4,8.3,10.4,9.0,10.5,5.3,9.1,8.3,9.7,8.3,7.7,9.0,7.7,7.6,8.9,8.3,9.0,8.3,9.0,10.4,7.7,9.0,10.5,7.6,9.0,9.8,9.8,9.0,11.6,9.0,9.7,9.0,12.3,7.6,9.7,9.1,14.5,9.0,8.3,9.7,0.0,0.0,0.0,0.0,0.0,0.0,0.0,0.0,0.0,0.0,0.0,0.0,0.0,0.0,0.0,0.0,0.0,0.0,0.0,0.0,0.0,0.0,0.0,0.0,0.0,0.0,0.0,0.0,0.0,0.0,0.0,0.0,0.0,0.0,0.0,0.0,0.0,0.0,0.0,0.0,0.0,0.0,0.0,0.0,0.0,0.0,0.0,0.0
2026-02-04T15:03:38.284491,650.2,4.6,48,92.8,230.9,2,13.3,14.2,85.5,14.2,14.7,14.2,27.5,13.5,14.1,13.5,14.7,13.4,15.4,14.2,14.8,14.2,13.4,14.2,18.3,14.2,14.1,13.5,15.4,14.2,13.5,13.5,14.7,14.0,14.1,13.5,14.1,14.1,14.1,14.2,14.2,13.5,14.2,13.4,14.7,13.5,21.2,13.5,13.5,14.8,12.8,14.7,13.4,13.5,0.0,0.0,0.0,0.0,0.0,0.0,0.0,0.0,0.0,0.0,0.0,0.0,0.0,0.0,0.0,0.0,0.0,0.0,0.0,0.0,0.0,0.0,0.0,0.0,0.0,0.0,0.0,0.0,0.0,0.0,0.0,0.0,0.0,0.0,0.0,0.0,0.0,0.0,0.0,0.0,0.0,0.0,0.0,0.0,0.0,0.0,0.0,0.0
2026-02-04T15:03:40.515826,652.4,2.6,48,123.6,232.9,2,7.7,7.7,98.6,7.7,11.2,7.7,7.7,7.7,9.1,8.3,8.5,7.7,7.7,8.4,8.4,12.6,7.7,7.7,8.5,7.7,8.3,7.7,9.1,7.7,7.7,9.6,7.7,9.2,7.8,6.9,7.7,7.8,7.7,8.4,7.7,7.7,8.3,8.5,7.8,7.7,7.8,7.7,5.6,7.7,7.6,9.2,8.5,7.0,0.0,0.0,0.0,0.0,0.0,0.0,0.0,0.0,0.0,0.0,0.0,0.0,0.0,0.0,0.0,0.0,0.0,0.0,0.0,0.0,0.0,0.0,0.0,0.0,0.0,0.0,0.0,0.0,0.0,0.0,0.0,0.0,0.0,0.0,0.0,0.0,0.0,0.0,0.0,0.0,0.0,0.0,0.0,0.0,0.0,0.0,0.0,0.0
2026-02-04T15:03:42.742274,654.6,1.9,48,123.6,233.2,2,7.0,7.7,98.6,7.7,9.1,7.7,7.6,10.0,7.7,7.7,11.2,7.7,8.3,7.7,7.7,8.4,8.4,8.5,7.7,7.7,7.8,7.7,8.5,7.7,7.7,9.7,8.5,8.4,8.3,7.7,9.1,9.2,7.7,7.7,8.3,7.7,13.3,9.0,7.7,7.7,8.4,7.7,7.7,8.5,7.7,7.0,7.7,7.7,0.0,0.0,0.0,0.0,0.0,0.0,0.0,0.0,0.0,0.0,0.0,0.0,0.0,0.0,0.0,0.0,0.0,0.0,0.0,0.0,0.0,0.0,0.0,0.0,0.0,0.0,0.0,0.0,0.0,0.0,0.0,0.0,0.0,0.0,0.0,0.0,0.0,0.0,0.0,0.0,0.0,0.0,0.0,0.0,0.0,0.0,0.0,0.0
2026-02-04T15:03:44.971523,656.9,2.9,48,92.8,232.2,2,8.3,7.0,94.6,7.0,12.6,7.0,7.7,5.7,9.8,6.9,18.1,7.0,9.0,7.8,7.6,7.0,9.1,7.6,9.1,7.7,8.3,7.0,6.9,6.9,6.9,8.5,6.9,7.0,8.4,7.6,9.0,6.0,9.0,7.7,9.2,7.0,7.6,7.7,6.9,9.0,7.6,7.0,7.0,6.9,7.0,9.1,7.7,8.3,0.0,0.0,0.0,0.0,0.0,0.0,0.0,0.0,0.0,0.0,0.0,0.0,0.0,0.0,0.0,0.0,0.0,0.0,0.0,0.0,0.0,0.0,0.0,0.0,0.0,0.0,0.0,0.0,0.0,0.0,0.0,0.0,0.0,0.0,0.0,0.0,0.0,0.0,0.0,0.0,0.0,0.0,0.0,0.0,0.0,0.0,0.0,0.0
2026-02-04T15:03:47.197377,659.1,2.7,48,92.9,231.5,2,10.4,8.5,58.7,7.7,52.1,8.5,9.9,8.5,8.5,8.5,9.9,9.1,9.2,7.7,9.0,7.7,8.4,7.7,10.3,7.7,7.7,8.5,10.6,8.5,8.4,8.4,8.5,9.2,8.5,8.5,12.4,7.7,9.2,8.5,8.4,14.7,8.5,8.5,8.5,8.5,8.4,9.8,8.5,9.0,8.4,8.4,8.5,8.5,0.0,0.0,0.0,0.0,0.0,0.0,0.0,0.0,0.0,0.0,0.0,0.0,0.0,0.0,0.0,0.0,0.0,0.0,0.0,0.0,0.0,0.0,0.0,0.0,0.0,0.0,0.0,0.0,0.0,0.0,0.0,0.0,0.0,0.0,0.0,0.0,0.0,0.0,0.0,0.0,0.0,0.0,0.0,0.0,0.0,0.0,0.0,0.0
2026-02-04T15:03:49.423567,661.3,2.2,48,92.4,231.5,2,11.1,7.7,98.6,7.7,9.2,8.5,8.5,7.0,10.5,15.0,9.8,8.5,7.7,7.7,8.5,7.8,8.5,7.7,9.1,7.7,9.1,7.7,8.4,7.7,7.8,7.7,9.0,7.7,7.7,7.7,9.7,8.4,8.5,7.7,7.7,7.7,7.7,7.7,9.1,7.7,7.7,9.1,8.3,8.5,7.8,9.1,7.7,7.7,0.0,0.0,0.0,0.0,0.0,0.0,0.0,0.0,0.0,0.0,0.0,0.0,0.0,0.0,0.0,0.0,0.0,0.0,0.0,0.0,0.0,0.0,0.0,0.0,0.0,0.0,0.0,0.0,0.0,0.0,0.0,0.0,0.0,0.0,0.0,0.0,0.0,0.0,0.0,0.0,0.0,0.0,0.0,0.0,0.0,0.0,0.0,0.0
2026-02-04T15:03:51.648655,663.5,7.3,48,93.1,231.5,2,14.6,9.0,95.1,7.0,23.8,7.0,11.8,7.0,12.0,6.3,10.4,7.7,7.8,7.0,7.8,7.7,8.4,7.7,11.9,7.0,9.8,7.0,11.3,7.0,12.5,9.7,10.6,8.5,17.9,11.2,11.0,7.0,7.0,7.7,7.6,7.0,7.0,8.3,7.1,7.7,7.7,8.5,9.2,7.0,7.0,7.7,7.7,7.0,0.0,0.0,0.0,0.0,0.0,0.0,0.0,0.0,0.0,0.0,0.0,0.0,0.0,0.0,0.0,0.0,0.0,0.0,0.0,0.0,0.0,0.0,0.0,0.0,0.0,0.0,0.0,0.0,0.0,0.0,0.0,0.0,0.0,0.0,0.0,0.0,0.0,0.0,0.0,0.0,0.0,0.0,0.0,0.0,0.0,0.0,0.0,0.0
2026-02-04T15:03:53.905021,665.8,2.6,48,93.2,231.5,2,9.1,13.5,27.9,8.4,99.3,7.0,12.4,7.7,8.5,8.4,15.1,7.7,8.3,7.7,10.4,7.7,12.1,9.0,10.6,8.4,10.6,8.4,9.1,7.7,7.8,13.5,7.7,9.8,9.0,7.7,12.2,8.5,14.7,9.9,7.7,8.5,8.5,8.5,15.3,7.7,7.0,7.7,9.5,8.4,7.0,8.5,8.2,9.1,0.0,0.0,0.0,0.0,0.0,0.0,0.0,0.0,0.0,0.0,0.0,0.0,0.0,0.0,0.0,0.0,0.0,0.0,0.0,0.0,0.0,0.0,0.0,0.0,0.0,0.0,0.0,0.0,0.0,0.0,0.0,0.0,0.0,0.0,0.0,0.0,0.0,0.0,0.0,0.0,0.0,0.0,0.0,0.0,0.0,0.0,0.0,0.0
2026-02-04T15:03:56.136513,668.0,11.4,85,92.6,232.5,2,7.6,6.9,91.0,6.9,29.9,6.9,13.2,9.5,9.6,9.6,15.5,8.3,11.0,6.9,11.1,7.7,8.2,11.6,11.6,7.6,9.6,7.6,9.0,7.7,8.2,7.5,9.0,12.6,9.7,7.6,15.0,7.0,26.2,8.2,11.0,7.6,10.8,6.9,19.3,6.9,8.3,8.3,8.6,8.3,10.4,6.8,8.4,6.8,100.0,100.0,100.0,100.0,100.0,100.0,100.0,100.0,100.0,100.0,100.0,100.0,100.0,100.0,100.0,100.0,100.0,100.0,100.0,100.0,100.0,100.0,100.0,100.0,100.0,100.0,100.0,100.0,100.0,100.0,100.0,100.0,100.0,100.0,100.0,100.0,100.0,0.0,0.0,0.0,0.0,0.0,0.0,0.0,0.0,0.0,0.0,0.0
2026-02-04T15:03:58.365153,670.3,8.6,63,92.7,232.5,2,19.3,8.4,99.3,8.3,15.9,9.1,18.6,8.5,16.1,9.7,23.8,11.7,11.9,8.3,15.3,8.4,12.7,12.0,17.6,11.8,44.8,9.0,22.1,8.3,14.8,24.3,14.7,10.5,9.0,36.6,20.8,10.4,17.6,8.3,16.0,13.7,12.5,7.7,11.0,9.8,12.4,12.6,10.5,13.8,13.2,12.8,15.8,12.1,0.0,100.0,89.4,74.8,85.7,69.9,22.7,50.0,50.0,50.0,50.0,50.0,50.0,50.0,0.0,0.0,0.0,0.0,0.0,0.0,0.0,0.0,0.0,0.0,0.0,0.0,0.0,0.0,0.0,0.0,0.0,0.0,0.0,0.0,0.0,100.0,0.0,0.0,0.0,0.0,0.0,0.0,0.0,0.0,100.0,0.0,0.0,0.0
2026-02-04T15:04:00.591448,672.5,3.3,61,93.2,232.5,2,7.7,7.7,99.3,7.7,9.1,6.3,9.0,5.6,7.0,7.7,9.1,7.7,9.2,7.0,7.0,7.0,7.7,7.6,9.7,7.0,11.5,7.7,9.9,7.0,7.0,13.5,7.7,7.7,8.5,7.0,8.5,7.2,7.0,7.8,7.0,8.5,10.4,8.3,7.0,7.7,7.8,7.8,7.0,9.2,7.1,6.3,7.7,7.0,100.0,0.0,0.0,0.0,100.0,100.0,100.0,100.0,100.0,100.0,0.0,100.0,0.0,0.0,100.0,100.0,0.0,0.0,0.0,0.0,0.0,0.0,0.0,0.0,0.0,0.0,0.0,0.0,0.0,0.0,0.0,0.0,0.0,0.0,0.0,0.0,100.0,0.0,100.0,100.0,0.0,0.0,0.0,0.0,0.0,0.0,0.0,0.0
2026-02-04T15:04:02.817048,674.7,1.8,48,92.7,232.5,2,11.8,7.7,23.8,7.7,88.7,7.7,7.7,7.7,8.5,7.7,8.5,7.7,7.7,7.7,7.7,7.7,7.7,7.7,8.4,7.7,6.7,7.7,7.7,7.7,7.7,7.7,7.7,8.4,7.7,7.7,7.7,7.7,9.0,7.7,7.7,7.7,9.0,7.7,7.7,7.7,7.7,7.7,8.4,7.7,9.1,7.7,7.7,7.7,0.0,0.0,0.0,0.0,0.0,0.0,0.0,0.0,0.0,0.0,0.0,0.0,0.0,0.0,0.0,0.0,0.0,0.0,0.0,0.0,0.0,0.0,0.0,0.0,0.0,0.0,0.0,0.0,0.0,0.0,0.0,0.0,0.0,0.0,0.0,0.0,0.0,0.0,0.0,0.0,0.0,0.0,0.0,0.0,0.0,0.0,0.0,0.0
2026-02-04T15:04:05.052564,676.9,3.3,48,6757.9,221.0,2,9.8,9.0,95.8,8.3,16.0,9.0,9.1,10.3,9.0,9.0,16.0,9.7,9.0,8.3,9.7,8.3,9.1,8.3,9.1,9.0,9.1,8.3,10.4,8.3,8.3,8.3,9.7,10.4,9.0,8.3,9.6,9.7,11.2,9.0,9.0,11.0,8.3,8.3,9.0,8.3,9.0,8.3,11.0,8.3,8.3,8.3,6.9,8.3,0.0,0.0,0.0,0.0,0.0,0.0,0.0,0.0,0.0,0.0,0.0,0.0,0.0,0.0,0.0,0.0,0.0,0.0,0.0,0.0,0.0,0.0,0.0,0.0,0.0,0.0,0.0,0.0,0.0,0.0,0.0,0.0,0.0,0.0,0.0,0.0,0.0,0.0,0.0,0.0,0.0,0.0,0.0,0.0,0.0,0.0,0.0,0.0
2026-02-04T15:04:07.285953,679.2,18.8,48,4218.5,223.0,2,15.2,15.4,68.1,7.0,41.3,9.8,8.4,7.7,12.6,8.3,15.4,9.8,11.9,7.7,9.8,7.7,9.8,9.1,17.5,7.7,14.6,7.7,12.6,7.7,9.7,8.4,14.5,9.7,13.3,19.6,11.2,7.7,11.1,14.0,8.4,12.2,8.4,7.7,7.7,7.0,18.1,7.7,9.1,8.4,10.5,5.6,9.8,7.0,0.0,0.0,0.0,0.0,0.0,0.0,0.0,0.0,0.0,0.0,0.0,0.0,0.0,0.0,0.0,0.0,0.0,0.0,0.0,0.0,0.0,0.0,0.0,0.0,0.0,0.0,0.0,0.0,0.0,0.0,0.0,0.0,0.0,0.0,0.0,0.0,0.0,0.0,0.0,0.0,0.0,0.0,0.0,0.0,0.0,0.0,0.0,0.0
2026-02-04T15:04:09.516804,681.4,100.0,48,8616.7,223.0,2,15.3,12.5,99.3,11.9,14.6,11.9,11.9,11.9,12.6,11.9,13.3,13.3,12.6,11.9,13.3,11.9,13.2,12.6,14.0,12.5,11.9,12.5,13.3,11.9,11.9,11.9,11.9,13.3,12.6,15.4,12.6,12.6,11.9,12.6,11.9,15.6,11.9,12.5,11.9,12.6,12.5,12.6,13.2,12.6,12.5,14.0,13.2,12.6,0.0,0.0,0.0,0.0,0.0,0.0,0.0,0.0,0.0,0.0,0.0,0.0,0.0,0.0,0.0,0.0,0.0,0.0,0.0,0.0,0.0,0.0,0.0,0.0,0.0,0.0,0.0,0.0,0.0,0.0,0.0,0.0,0.0,0.0,0.0,0.0,0.0,0.0,0.0,0.0,0.0,0.0,0.0,0.0,0.0,0.0,0.0,0.0
2026-02-04T15:04:11.746429,683.6,42.2,48,247.4,232.5,2,12.6,16.9,99.3,11.3,12.6,12.6,12.6,11.9,12.0,11.3,11.9,11.2,11.2,11.3,11.3,11.3,11.9,11.9,13.9,12.6,11.3,11.9,12.7,11.9,11.2,11.3,11.8,12.6,11.8,11.8,11.9,11.3,11.2,11.8,11.9,13.8,12.7,11.3,11.3,11.3,14.0,11.9,12.6,11.9,11.3,12.0,11.3,11.3,0.0,0.0,0.0,0.0,0.0,0.0,0.0,0.0,0.0,0.0,0.0,0.0,0.0,0.0,0.0,0.0,0.0,0.0,0.0,0.0,0.0,0.0,0.0,0.0,0.0,0.0,0.0,0.0,0.0,0.0,0.0,0.0,0.0,0.0,0.0,0.0,0.0,0.0,0.0,0.0,0.0,0.0,0.0,0.0,0.0,0.0,0.0,0.0
2026-02-04T15:04:13.973629,685.9,4.4,48,93.0,232.5,2,7.7,8.3,93.8,12.6,14.7,7.0,7.0,7.7,7.0,7.7,7.8,7.1,7.1,7.7,7.7,7.0,7.7,7.7,7.7,7.0,7.7,7.1,8.4,7.1,9.2,7.0,7.0,7.0,8.5,6.3,7.8,7.0,7.0,9.8,7.7,10.3,9.2,8.4,8.5,7.0,9.9,7.0,7.9,7.0,7.7,8.4,7.0,7.0,0.0,0.0,0.0,0.0,0.0,0.0,0.0,0.0,0.0,0.0,0.0,0.0,0.0,0.0,0.0,0.0,0.0,0.0,0.0,0.0,0.0,0.0,0.0,0.0,0.0,0.0,0.0,0.0,0.0,0.0,0.0,0.0,0.0,0.0,0.0,0.0,0.0,0.0,0.0,0.0,0.0,0.0,0.0,0.0,0.0,0.0,0.0,0.0
2026-02-04T15:04:16.238952,688.1,3.0,48,123.7,233.5,2,9.9,7.7,19.6,7.7,87.4,7.7,8.3,7.7,9.0,8.3,9.0,7.7,7.6,7.7,7.6,7.7,8.2,7.7,8.5,7.7,9.2,7.7,9.9,8.3,7.6,13.3,7.7,9.1,7.7,9.1,7.7,7.7,7.8,9.1,8.3,12.9,9.0,8.4,8.4,8.4,7.6,7.7,7.5,8.4,7.7,8.5,7.7,8.4,0.0,0.0,0.0,0.0,0.0,0.0,0.0,0.0,0.0,0.0,0.0,0.0,0.0,0.0,0.0,0.0,0.0,0.0,0.0,0.0,0.0,0.0,0.0,0.0,0.0,0.0,0.0,0.0,0.0,0.0,0.0,0.0,0.0,0.0,0.0,0.0,0.0,0.0,0.0,0.0,0.0,0.0,0.0,0.0,0.0,0.0,0.0,0.0
2026-02-04T15:04:18.468120,690.4,3.4,48,93.0,233.5,2,8.9,7.5,84.5,11.6,24.7,6.2,8.3,6.2,6.9,6.2,14.5,6.2,6.9,6.2,9.7,6.8,7.2,6.2,11.0,6.2,9.0,6.9,10.3,6.2,9.0,6.2,6.9,8.3,7.5,7.6,6.8,6.9,7.6,6.9,6.2,8.9,6.9,6.8,6.8,6.2,6.2,7.6,6.9,6.2,6.9,8.3,8.3,6.2,0.0,0.0,0.0,0.0,0.0,0.0,0.0,0.0,0.0,0.0,0.0,0.0,0.0,0.0,0.0,0.0,0.0,0.0,0.0,0.0,0.0,0.0,0.0,0.0,0.0,0.0,0.0,0.0,0.0,0.0,0.0,0.0,0.0,0.0,0.0,0.0,0.0,0.0,0.0,0.0,0.0,0.0,0.0,0.0,0.0,0.0,0.0,0.0
2026-02-04T15:04:20.695052,692.6,3.2,48,92.7,232.5,2,11.9,7.7,29.9,7.7,79.0,7.7,7.7,7.7,9.2,7.8,19.0,10.3,13.9,9.6,9.8,9.2,11.7,8.3,11.3,7.7,9.2,7.7,9.2,8.4,9.8,7.7,13.3,9.1,6.3,54.5,11.5,7.7,8.5,9.2,9.1,9.1,7.7,9.0,9.9,7.7,9.0,7.7,9.8,9.7,7.7,8.3,7.6,9.2,0.0,0.0,0.0,0.0,0.0,0.0,0.0,0.0,0.0,0.0,0.0,0.0,0.0,0.0,0.0,0.0,0.0,0.0,0.0,0.0,0.0,0.0,0.0,0.0,0.0,0.0,0.0,0.0,0.0,0.0,0.0,0.0,0.0,0.0,0.0,0.0,0.0,0.0,0.0,0.0,0.0,0.0,0.0,0.0,0.0,0.0,0.0,0.0
2026-02-04T15:04:22.922488,694.8,6.4,48,92.2,232.5,2,9.0,8.5,49.3,13.3,61.8,7.0,12.5,8.4,10.3,8.3,13.9,6.9,10.6,6.9,9.7,9.7,9.1,9.8,10.4,8.5,8.3,9.2,10.4,8.5,9.0,9.2,9.7,9.1,9.0,7.7,8.2,9.1,7.6,7.7,8.5,12.3,8.4,9.1,8.4,7.7,7.0,9.1,8.3,9.8,9.6,8.4,9.2,8.3,0.0,0.0,0.0,0.0,0.0,0.0,0.0,0.0,0.0,0.0,0.0,0.0,0.0,0.0,0.0,0.0,0.0,0.0,0.0,0.0,0.0,0.0,0.0,0.0,0.0,0.0,0.0,0.0,0.0,0.0,0.0,0.0,0.0,0.0,0.0,0.0,0.0,0.0,0.0,0.0,0.0,0.0,0.0,0.0,0.0,0.0,0.0,0.0
2026-02-04T15:04:25.144598,697.0,3.7,48,93.2,233.5,2,11.8,7.7,34.0,7.7,76.8,8.5,6.3,7.7,7.9,8.5,7.7,7.7,9.2,7.7,9.9,8.5,9.1,8.5,9.2,7.7,8.5,7.7,8.5,7.7,6.4,7.7,15.7,11.3,8.5,7.7,7.7,8.5,9.2,7.7,7.7,10.3,8.5,10.4,10.5,7.7,9.7,9.1,8.5,7.7,8.6,8.4,7.8,9.1,0.0,0.0,0.0,0.0,0.0,0.0,0.0,0.0,0.0,0.0,0.0,0.0,0.0,0.0,0.0,0.0,0.0,0.0,0.0,0.0,0.0,0.0,0.0,0.0,0.0,0.0,0.0,0.0,0.0,0.0,0.0,0.0,0.0,0.0,0.0,0.0,0.0,0.0,0.0,0.0,0.0,0.0,0.0,0.0,0.0,0.0,0.0,0.0
2026-02-04T15:04:27.371350,699.3,3.7,48,92.9,233.5,2,7.7,7.0,41.3,7.7,77.6,8.4,9.9,8.4,11.0,10.5,13.3,10.5,9.0,9.2,11.3,8.4,12.0,9.2,12.7,8.4,10.4,7.7,16.9,9.0,8.5,18.2,8.4,9.9,14.0,12.6,9.0,9.9,8.5,7.6,7.7,15.5,10.4,12.6,10.5,11.8,7.7,13.5,8.5,10.6,9.7,12.6,11.2,16.2,0.0,0.0,0.0,0.0,0.0,0.0,0.0,0.0,0.0,0.0,0.0,0.0,0.0,0.0,0.0,0.0,0.0,0.0,0.0,0.0,0.0,0.0,0.0,0.0,0.0,0.0,0.0,0.0,0.0,0.0,0.0,0.0,0.0,0.0,0.0,0.0,0.0,0.0,0.0,0.0,0.0,0.0,0.0,0.0,0.0,0.0,0.0,0.0
2026-02-04T15:04:29.597693,701.5,3.3,48,92.8,232.5,2,9.8,7.7,99.3,7.7,9.1,7.0,9.1,7.7,7.8,9.0,9.9,8.5,7.8,7.7,7.7,7.7,9.1,7.7,10.5,7.7,8.3,7.7,8.4,8.5,8.4,8.4,7.7,14.7,8.5,7.7,7.7,7.7,7.7,7.8,8.5,11.6,7.8,7.7,9.2,7.7,7.8,7.7,7.7,7.0,7.0,7.0,7.7,7.8,0.0,0.0,0.0,0.0,0.0,0.0,0.0,0.0,0.0,0.0,0.0,0.0,0.0,0.0,0.0,0.0,0.0,0.0,0.0,0.0,0.0,0.0,0.0,0.0,0.0,0.0,0.0,0.0,0.0,0.0,0.0,0.0,0.0,0.0,0.0,0.0,0.0,0.0,0.0,0.0,0.0,0.0,0.0,0.0,0.0,0.0,0.0,0.0
2026-02-04T15:04:31.817254,703.7,16.8,48,124.3,232.5,2,11.9,8.4,83.3,6.9,39.2,7.0,12.7,7.0,12.5,7.7,11.2,7.0,12.4,7.7,10.4,6.9,9.9,8.3,9.1,7.7,10.5,7.7,11.3,9.0,9.1,7.7,9.0,9.2,11.7,8.4,10.6,7.7,7.7,10.3,8.3,10.4,11.1,7.7,10.6,7.6,7.6,8.3,7.6,7.0,6.9,7.7,8.4,6.9,0.0,0.0,0.0,0.0,0.0,0.0,0.0,0.0,0.0,0.0,0.0,0.0,0.0,0.0,0.0,0.0,0.0,0.0,0.0,0.0,0.0,0.0,0.0,0.0,0.0,0.0,0.0,0.0,0.0,0.0,0.0,0.0,0.0,0.0,0.0,0.0,0.0,0.0,0.0,0.0,0.0,0.0,0.0,0.0,0.0,0.0,0.0,0.0
2026-02-04T15:04:34.041662,705.9,12.6,48,92.7,232.8,2,10.5,9.8,29.4,9.2,98.6,8.5,18.1,8.5,19.0,14.7,30.8,9.2,13.4,8.5,14.8,9.2,10.6,7.7,10.5,8.5,9.2,14.8,15.5,8.5,11.3,12.6,15.4,9.2,16.1,9.1,16.0,7.7,9.9,8.5,21.1,7.7,11.3,9.9,9.1,7.7,14.7,8.5,13.4,8.5,9.2,11.8,16.2,9.2,0.0,0.0,0.0,0.0,0.0,0.0,0.0,0.0,0.0,0.0,0.0,0.0,0.0,0.0,0.0,0.0,0.0,0.0,0.0,0.0,0.0,0.0,0.0,0.0,0.0,0.0,0.0,0.0,0.0,0.0,0.0,0.0,0.0,0.0,0.0,0.0,0.0,0.0,0.0,0.0,0.0,0.0,0.0,0.0,0.0,0.0,0.0,0.0
2026-02-04T15:04:36.269336,708.2,5.6,48,92.9,232.8,2,11.6,6.3,46.9,8.3,68.5,6.3,13.4,11.9,9.8,7.7,18.2,7.7,8.4,7.0,10.5,7.0,13.3,8.4,11.2,9.2,8.5,7.7,8.5,7.0,9.1,17.9,9.9,10.4,17.1,7.7,9.8,7.0,11.9,8.4,12.7,8.3,8.5,7.7,7.7,6.3,7.7,8.5,7.7,9.2,7.0,6.9,9.9,7.6,0.0,0.0,0.0,0.0,0.0,0.0,0.0,0.0,0.0,0.0,0.0,0.0,0.0,0.0,0.0,0.0,0.0,0.0,0.0,0.0,0.0,0.0,0.0,0.0,0.0,0.0,0.0,0.0,0.0,0.0,0.0,0.0,0.0,0.0,0.0,0.0,0.0,0.0,0.0,0.0,0.0,0.0,0.0,0.0,0.0,0.0,0.0,0.0
2026-02-04T15:04:38.527272,710.4,4.2,48,124.6,233.3,2,9.8,7.8,56.8,10.5,62.0,7.0,10.4,9.8,11.2,8.5,15.5,10.5,10.6,7.7,16.1,8.5,11.8,8.4,9.9,9.7,9.7,7.8,8.4,9.2,9.9,10.6,8.0,9.8,14.6,9.9,10.6,11.1,10.6,9.8,16.1,7.7,9.1,9.1,9.9,8.5,7.0,7.6,8.5,14.4,8.4,9.9,8.5,12.7,0.0,0.0,0.0,0.0,0.0,0.0,0.0,0.0,0.0,0.0,0.0,0.0,0.0,0.0,0.0,0.0,0.0,0.0,0.0,0.0,0.0,0.0,0.0,0.0,0.0,0.0,0.0,0.0,0.0,0.0,0.0,0.0,0.0,0.0,0.0,0.0,0.0,0.0,0.0,0.0,0.0,0.0,0.0,0.0,0.0,0.0,0.0,0.0
2026-02-04T15:04:40.756616,712.6,6.7,48,93.3,234.3,2,10.3,6.9,98.6,6.1,11.0,6.9,12.2,7.0,13.8,6.9,15.2,9.1,8.3,7.6,8.3,8.3,7.6,7.6,7.6,7.7,6.9,13.6,6.9,6.9,6.8,29.0,10.0,8.9,8.2,7.6,8.2,8.4,6.9,9.0,10.4,7.5,8.3,11.7,9.7,8.2,7.6,8.3,7.6,8.3,7.7,7.6,7.6,9.0,0.0,0.0,0.0,0.0,0.0,0.0,0.0,0.0,0.0,0.0,0.0,0.0,0.0,0.0,0.0,0.0,0.0,0.0,0.0,0.0,0.0,0.0,0.0,0.0,0.0,0.0,0.0,0.0,0.0,0.0,0.0,0.0,0.0,0.0,0.0,0.0,0.0,0.0,0.0,0.0,0.0,0.0,0.0,0.0,0.0,0.0,0.0,0.0
2026-02-04T15:04:42.984500,714.9,2.4,47,93.1,233.3,2,8.4,7.7,56.5,8.1,65.3,7.7,16.1,9.0,14.6,7.7,13.4,9.0,9.9,8.4,10.6,8.5,8.4,8.5,10.6,8.5,9.8,8.5,8.5,7.7,10.5,10.5,9.8,11.6,10.6,9.9,10.5,7.7,8.3,9.7,9.8,8.4,14.6,9.2,9.2,7.7,4.9,13.3,9.1,10.4,8.3,9.7,7.7,9.2,0.0,0.0,0.0,0.0,0.0,0.0,0.0,0.0,0.0,0.0,0.0,0.0,0.0,0.0,0.0,0.0,0.0,0.0,0.0,0.0,0.0,0.0,0.0,0.0,0.0,0.0,0.0,0.0,0.0,0.0,0.0,0.0,0.0,0.0,0.0,0.0,0.0,0.0,0.0,0.0,0.0,0.0,0.0,0.0,0.0,0.0,0.0,0.0
2026-02-04T15:04:45.212285,717.1,1.9,48,92.5,234.3,2,9.9,7.0,98.6,6.7,8.5,8.3,7.7,7.0,8.0,7.7,7.7,7.0,8.5,7.0,10.5,7.7,9.1,7.7,7.7,7.0,7.7,7.0,9.2,7.7,7.9,7.0,8.4,12.4,9.1,7.7,8.5,7.0,8.5,8.4,8.5,7.1,7.7,6.9,7.7,7.0,7.7,8.5,7.7,8.5,8.4,7.1,8.4,7.0,0.0,0.0,0.0,0.0,0.0,0.0,0.0,0.0,0.0,0.0,0.0,0.0,0.0,0.0,0.0,0.0,0.0,0.0,0.0,0.0,0.0,0.0,0.0,0.0,0.0,0.0,0.0,0.0,0.0,0.0,0.0,0.0,0.0,0.0,0.0,0.0,0.0,0.0,0.0,0.0,0.0,0.0,0.0,0.0,0.0,0.0,0.0,0.0
2026-02-04T15:04:47.441009,719.3,3.8,48,92.5,233.3,2,9.1,8.5,98.6,7.7,9.8,7.7,9.8,7.7,8.2,7.7,8.5,6.9,8.4,7.7,7.7,7.7,8.5,7.6,7.7,7.7,8.4,7.7,8.4,7.0,8.3,8.4,7.7,13.0,7.0,8.4,8.5,7.0,8.5,7.7,8.5,7.0,7.0,9.9,7.7,8.5,8.5,7.7,9.1,8.4,9.1,7.0,8.5,7.7,0.0,0.0,0.0,0.0,0.0,0.0,0.0,0.0,0.0,0.0,0.0,0.0,0.0,0.0,0.0,0.0,0.0,0.0,0.0,0.0,0.0,0.0,0.0,0.0,0.0,0.0,0.0,0.0,0.0,0.0,0.0,0.0,0.0,0.0,0.0,0.0,0.0,0.0,0.0,0.0,0.0,0.0,0.0,0.0,0.0,0.0,0.0,0.0
2026-02-04T15:04:49.668409,721.6,3.4,48,124.0,234.3,2,8.4,7.7,98.6,7.0,9.9,7.0,9.9,8.5,7.8,7.0,8.4,7.1,7.7,7.0,7.7,8.5,8.3,14.5,9.9,7.0,9.8,7.0,7.7,7.7,9.1,8.5,7.7,10.5,8.1,7.7,8.4,7.0,7.7,7.0,7.6,7.0,7.7,7.0,7.0,7.0,7.6,7.0,7.7,7.7,8.5,7.6,7.0,7.0,0.0,0.0,0.0,0.0,0.0,0.0,0.0,0.0,0.0,0.0,0.0,0.0,0.0,0.0,0.0,0.0,0.0,0.0,0.0,0.0,0.0,0.0,0.0,0.0,0.0,0.0,0.0,0.0,0.0,0.0,0.0,0.0,0.0,0.0,0.0,0.0,0.0,0.0,0.0,0.0,0.0,0.0,0.0,0.0,0.0,0.0,0.0,0.0
2026-02-04T15:04:51.896858,723.8,2.5,48,93.1,233.3,2,7.7,7.7,98.6,7.7,8.4,7.7,8.4,6.6,7.7,7.7,7.6,8.5,7.7,7.7,9.1,6.6,8.4,6.9,9.1,7.7,13.3,7.7,8.4,7.7,7.7,7.7,7.7,10.4,7.4,7.7,8.5,7.7,9.7,7.7,8.3,7.7,7.7,7.7,7.7,7.7,7.7,7.7,7.7,7.7,9.0,7.8,7.7,9.7,0.0,0.0,0.0,0.0,0.0,0.0,0.0,0.0,0.0,0.0,0.0,0.0,0.0,0.0,0.0,0.0,0.0,0.0,0.0,0.0,0.0,0.0,0.0,0.0,0.0,0.0,0.0,0.0,0.0,0.0,0.0,0.0,0.0,0.0,0.0,0.0,0.0,0.0,0.0,0.0,0.0,0.0,0.0,0.0,0.0,0.0,0.0,0.0
2026-02-04T15:04:54.124803,726.0,2.2,48,92.6,234.3,2,8.4,7.7,98.6,8.4,9.2,7.7,9.1,8.4,8.4,7.7,8.6,7.7,9.2,7.7,8.5,8.4,9.2,7.6,8.5,7.7,14.9,8.4,7.7,8.4,10.5,7.7,8.4,12.9,7.0,7.7,7.7,8.4,8.5,7.7,8.5,7.0,8.4,8.4,8.4,7.7,8.5,7.7,7.7,7.7,8.5,8.3,8.5,7.7,0.0,0.0,0.0,0.0,0.0,0.0,0.0,0.0,0.0,0.0,0.0,0.0,0.0,0.0,0.0,0.0,0.0,0.0,0.0,0.0,0.0,0.0,0.0,0.0,0.0,0.0,0.0,0.0,0.0,0.0,0.0,0.0,0.0,0.0,0.0,0.0,0.0,0.0,0.0,0.0,0.0,0.0,0.0,0.0,0.0,0.0,0.0,0.0
2026-02-04T15:04:56.348486,728.2,2.1,48,93.1,233.3,2,8.5,13.4,98.6,7.0,8.4,8.5,9.2,7.7,7.7,7.7,9.1,8.3,7.6,7.7,8.5,7.0,8.5,7.6,9.1,7.7,8.5,7.0,8.5,7.7,11.1,7.7,8.8,9.1,9.2,7.7,8.5,7.7,8.4,7.9,8.5,7.7,8.6,7.7,7.7,8.5,8.5,7.7,8.4,9.2,8.4,7.7,8.4,7.7,0.0,0.0,0.0,0.0,0.0,0.0,0.0,0.0,0.0,0.0,0.0,0.0,0.0,0.0,0.0,0.0,0.0,0.0,0.0,0.0,0.0,0.0,0.0,0.0,0.0,0.0,0.0,0.0,0.0,0.0,0.0,0.0,0.0,0.0,0.0,0.0,0.0,0.0,0.0,0.0,0.0,0.0,0.0,0.0,0.0,0.0,0.0,0.0
2026-02-04T15:04:58.576326,730.5,2.0,48,92.9,234.3,2,8.5,7.7,98.6,8.5,8.5,7.7,9.8,8.5,9.7,8.4,11.9,8.5,9.9,8.4,9.2,8.4,9.8,8.5,11.3,8.4,8.9,8.4,9.7,8.5,9.2,14.1,8.1,11.8,9.7,8.5,8.4,8.5,9.2,8.3,8.5,7.7,7.5,8.4,8.5,8.4,8.4,10.6,8.5,9.7,8.5,10.3,8.4,7.7,0.0,0.0,0.0,0.0,0.0,0.0,0.0,0.0,0.0,0.0,0.0,0.0,0.0,0.0,0.0,0.0,0.0,0.0,0.0,0.0,0.0,0.0,0.0,0.0,0.0,0.0,0.0,0.0,0.0,0.0,0.0,0.0,0.0,0.0,0.0,0.0,0.0,0.0,0.0,0.0,0.0,0.0,0.0,0.0,0.0,0.0,0.0,0.0
2026-02-04T15:05:00.836348,732.7,1.8,48,92.6,233.9,2,7.7,7.0,98.6,7.0,9.2,13.3,9.2,7.0,7.0,7.7,8.4,7.7,7.7,7.7,9.7,8.3,9.7,7.7,8.3,7.7,7.3,8.3,7.7,7.7,11.6,7.7,8.5,11.7,8.4,8.4,7.7,8.4,8.3,8.4,7.7,7.7,8.3,7.7,8.4,7.7,7.7,7.7,7.7,8.5,7.7,7.7,7.8,7.0,0.0,0.0,0.0,0.0,0.0,0.0,0.0,0.0,0.0,0.0,0.0,0.0,0.0,0.0,0.0,0.0,0.0,0.0,0.0,0.0,0.0,0.0,0.0,0.0,0.0,0.0,0.0,0.0,0.0,0.0,0.0,0.0,0.0,0.0,0.0,0.0,0.0,0.0,0.0,0.0,0.0,0.0,0.0,0.0,0.0,0.0,0.0,0.0
2026-02-04T15:05:03.066065,735.0,2.7,48,92.7,233.9,2,9.7,7.6,97.9,8.3,8.8,7.6,11.0,8.3,9.0,7.6,8.3,7.6,9.6,8.3,9.0,7.6,7.9,8.3,8.3,7.6,8.3,7.6,8.3,7.6,8.3,7.6,8.3,12.2,9.0,7.6,13.0,7.6,7.7,8.3,7.6,7.6,8.4,8.3,7.6,7.6,6.2,7.5,7.6,10.3,7.6,7.6,7.6,7.6,0.0,0.0,0.0,0.0,0.0,0.0,0.0,0.0,0.0,0.0,0.0,0.0,0.0,0.0,0.0,0.0,0.0,0.0,0.0,0.0,0.0,0.0,0.0,0.0,0.0,0.0,0.0,0.0,0.0,0.0,0.0,0.0,0.0,0.0,0.0,0.0,0.0,0.0,0.0,0.0,0.0,0.0,0.0,0.0,0.0,0.0,0.0,0.0
2026-02-04T15:05:05.294324,737.2,2.2,48,123.9,234.0,2,8.5,7.7,98.6,7.7,9.9,9.1,7.7,8.4,9.2,7.6,8.3,7.7,7.7,7.7,7.7,7.6,8.8,8.4,9.1,8.4,9.1,7.7,7.6,8.4,8.3,8.4,8.0,10.4,8.4,7.7,8.4,7.7,7.7,9.1,7.7,7.7,8.4,7.7,8.4,7.7,7.7,8.5,8.4,9.8,8.5,8.4,8.4,7.7,0.0,0.0,0.0,0.0,0.0,0.0,0.0,0.0,0.0,0.0,0.0,0.0,0.0,0.0,0.0,0.0,0.0,0.0,0.0,0.0,0.0,0.0,0.0,0.0,0.0,0.0,0.0,0.0,0.0,0.0,0.0,0.0,0.0,0.0,0.0,0.0,0.0,0.0,0.0,0.0,0.0,0.0,0.0,0.0,0.0,0.0,0.0,0.0
2026-02-04T15:05:07.525869,739.4,25.2,48,185.5,234.0,2,9.1,9.0,96.5,7.0,13.2,7.7,9.8,7.0,7.6,7.7,9.0,7.7,7.7,7.7,7.7,7.0,11.2,8.3,8.4,7.0,8.4,8.4,9.2,8.3,9.9,7.7,7.5,13.0,8.4,9.0,7.7,7.7,7.6,8.4,8.3,7.7,7.7,7.0,7.7,7.7,7.6,11.1,7.7,7.7,7.7,7.7,8.3,7.7,0.0,0.0,0.0,0.0,0.0,0.0,0.0,0.0,0.0,0.0,0.0,0.0,0.0,0.0,0.0,0.0,0.0,0.0,0.0,0.0,0.0,0.0,0.0,0.0,0.0,0.0,0.0,0.0,0.0,0.0,0.0,0.0,0.0,0.0,0.0,0.0,0.0,0.0,0.0,0.0,0.0,0.0,0.0,0.0,0.0,0.0,0.0,0.0
2026-02-04T15:05:09.757750,741.6,86.4,29,8809.6,222.0,2,9.7,4.2,11.9,4.2,99.3,4.2,7.6,7.6,9.1,7.6,11.1,4.8,7.0,5.5,8.3,6.2,12.6,5.6,14.7,4.2,9.0,4.2,6.9,4.2,9.0,4.2,4.8,9.6,6.2,4.2,8.3,4.2,6.2,4.9,4.2,4.2,4.2,4.2,4.2,4.9,5.6,7.7,4.2,7.0,12.5,8.3,6.9,6.2,0.0,0.0,0.0,0.0,0.0,0.0,0.0,0.0,0.0,0.0,0.0,0.0,0.0,0.0,0.0,0.0,0.0,0.0,0.0,0.0,0.0,0.0,0.0,0.0,0.0,0.0,0.0,0.0,0.0,0.0,0.0,0.0,0.0,0.0,0.0,0.0,0.0,0.0,0.0,0.0,0.0,0.0,0.0,0.0,0.0,0.0,0.0,0.0
2026-02-04T15:05:11.985808,743.9,5.2,18,93.1,234.0,2,9.7,3.5,99.3,3.5,7.0,3.5,4.2,3.5,5.6,3.5,7.7,3.5,4.9,3.5,3.5,4.9,5.6,3.5,39.9,4.2,16.2,9.9,18.9,3.5,12.7,3.5,7.0,7.6,3.5,3.5,9.7,9.2,4.9,3.5,3.5,4.2,4.2,4.2,6.3,4.3,3.5,4.2,4.2,8.3,3.5,3.5,3.5,8.4,0.0,0.0,0.0,0.0,0.0,0.0,0.0,0.0,0.0,0.0,0.0,0.0,0.0,0.0,0.0,0.0,0.0,0.0,0.0,0.0,0.0,0.0,0.0,0.0,0.0,0.0,0.0,0.0,0.0,0.0,0.0,0.0,0.0,0.0,0.0,0.0,0.0,0.0,0.0,0.0,0.0,0.0,0.0,0.0,0.0,0.0,0.0,0.0
2026-02-04T15:05:14.215636,746.1,2.0,48,123.6,234.0,2,10.5,7.7,23.1,8.5,92.3,7.7,9.7,7.7,10.6,7.7,12.0,9.1,7.7,7.7,7.7,7.7,8.0,7.8,22.5,8.4,14.7,7.7,14.1,7.7,9.9,8.5,8.5,16.3,8.6,7.8,9.3,7.7,8.6,7.7,9.0,7.8,11.2,7.7,9.2,7.7,7.7,7.0,7.7,9.1,9.0,7.7,7.7,7.7,0.0,0.0,0.0,0.0,0.0,0.0,0.0,0.0,0.0,0.0,0.0,0.0,0.0,0.0,0.0,0.0,0.0,0.0,0.0,0.0,0.0,0.0,0.0,0.0,0.0,0.0,0.0,0.0,0.0,0.0,0.0,0.0,0.0,0.0,0.0,0.0,0.0,0.0,0.0,0.0,0.0,0.0,0.0,0.0,0.0,0.0,0.0,0.0
2026-02-04T15:05:16.444821,748.3,2.3,48,92.5,234.0,2,7.0,7.0,86.2,6.3,24.1,7.0,8.4,7.0,6.9,12.6,7.8,7.0,7.0,7.0,7.7,7.0,7.8,7.7,7.8,7.7,7.7,7.0,7.0,7.0,7.0,8.3,9.0,11.0,7.6,13.3,7.0,7.0,6.9,7.0,7.0,7.0,7.1,7.0,7.0,7.7,7.1,7.0,7.0,7.7,7.8,7.0,8.9,7.0,0.0,0.0,0.0,0.0,0.0,0.0,0.0,0.0,0.0,0.0,0.0,0.0,0.0,0.0,0.0,0.0,0.0,0.0,0.0,0.0,0.0,0.0,0.0,0.0,0.0,0.0,0.0,0.0,0.0,0.0,0.0,0.0,0.0,0.0,0.0,0.0,0.0,0.0,0.0,0.0,0.0,0.0,0.0,0.0,0.0,0.0,0.0,0.0
2026-02-04T15:05:18.673521,750.6,2.5,48,92.7,234.0,2,9.1,7.0,97.9,7.7,7.7,7.0,9.1,7.0,7.0,5.3,14.7,9.0,8.5,7.0,7.7,7.0,6.8,7.0,10.3,7.0,9.0,7.0,7.7,7.0,9.9,12.2,8.5,7.7,7.7,7.0,9.7,7.0,6.2,6.9,8.5,7.0,8.9,7.0,7.7,7.6,7.7,7.6,7.7,7.6,8.4,6.9,6.4,7.0,0.0,0.0,0.0,0.0,0.0,0.0,0.0,0.0,0.0,0.0,0.0,0.0,0.0,0.0,0.0,0.0,0.0,0.0,0.0,0.0,0.0,0.0,0.0,0.0,0.0,0.0,0.0,0.0,0.0,0.0,0.0,0.0,0.0,0.0,0.0,0.0,0.0,0.0,0.0,0.0,0.0,0.0,0.0,0.0,0.0,0.0,0.0,0.0
2026-02-04T15:05:20.902771,752.8,2.3,48,124.0,234.0,2,10.5,7.7,98.6,8.6,9.2,7.7,9.2,7.7,8.8,8.9,7.6,7.3,9.1,7.7,9.7,7.7,8.8,7.7,9.4,9.6,7.8,9.6,8.5,10.5,9.1,7.8,7.7,8.4,7.0,7.7,8.5,10.5,7.7,8.5,9.1,7.7,15.6,9.0,9.7,8.5,7.6,7.7,7.7,7.1,7.7,8.5,7.0,9.6,0.0,0.0,0.0,0.0,0.0,0.0,0.0,0.0,0.0,0.0,0.0,0.0,0.0,0.0,0.0,0.0,0.0,0.0,0.0,0.0,0.0,0.0,0.0,0.0,0.0,0.0,0.0,0.0,0.0,0.0,0.0,0.0,0.0,0.0,0.0,0.0,0.0,0.0,0.0,0.0,0.0,0.0,0.0,0.0,0.0,0.0,0.0,0.0
2026-02-04T15:05:23.164025,755.0,2.6,48,92.7,234.0,2,10.4,7.6,98.6,6.5,9.1,7.7,8.4,10.7,7.4,6.4,7.7,7.6,9.0,12.5,9.7,7.0,7.5,11.4,14.5,5.8,7.6,5.8,8.4,5.8,7.7,8.4,7.0,9.1,7.0,7.7,7.7,5.8,7.8,7.7,7.7,7.0,7.7,7.6,7.0,7.7,8.5,7.0,7.7,7.7,7.7,7.6,9.0,9.3,0.0,0.0,0.0,0.0,0.0,0.0,0.0,0.0,0.0,0.0,0.0,0.0,0.0,0.0,0.0,0.0,0.0,0.0,0.0,0.0,0.0,0.0,0.0,0.0,0.0,0.0,0.0,0.0,0.0,0.0,0.0,0.0,0.0,0.0,0.0,0.0,0.0,0.0,0.0,0.0,0.0,0.0,0.0,0.0,0.0,0.0,0.0,0.0
2026-02-04T15:05:25.393186,757.3,3.0,48,93.0,234.0,2,11.0,7.7,97.9,8.3,10.3,6.9,8.3,7.2,7.6,9.0,7.6,7.6,8.2,5.5,7.6,8.3,8.8,5.5,11.3,6.9,8.3,6.9,8.9,7.6,9.5,7.6,7.6,10.3,8.3,7.6,7.6,7.6,7.6,7.5,7.6,8.8,7.6,8.9,7.6,8.3,8.2,8.3,7.6,7.6,13.2,7.7,8.3,5.6,0.0,0.0,0.0,0.0,0.0,0.0,0.0,0.0,0.0,0.0,0.0,0.0,0.0,0.0,0.0,0.0,0.0,0.0,0.0,0.0,0.0,0.0,0.0,0.0,0.0,0.0,0.0,0.0,0.0,0.0,0.0,0.0,0.0,0.0,0.0,0.0,0.0,0.0,0.0,0.0,0.0,0.0,0.0,0.0,0.0,0.0,0.0,0.0
2026-02-04T15:05:27.622805,759.5,2.7,48,123.1,234.0,2,13.6,7.0,98.6,7.0,14.7,7.6,14.7,8.3,8.5,8.4,17.2,8.4,10.6,6.9,12.1,7.6,11.3,7.0,10.1,7.7,11.2,7.7,10.5,7.0,11.1,13.3,8.3,9.2,8.4,7.7,8.4,7.7,7.0,9.8,7.7,7.0,10.4,7.7,7.0,8.5,8.5,7.0,7.7,9.8,7.7,8.3,8.4,7.7,0.0,0.0,0.0,0.0,0.0,0.0,0.0,0.0,0.0,0.0,0.0,0.0,0.0,0.0,0.0,0.0,0.0,0.0,0.0,0.0,0.0,0.0,0.0,0.0,0.0,0.0,0.0,0.0,0.0,0.0,0.0,0.0,0.0,0.0,0.0,0.0,0.0,0.0,0.0,0.0,0.0,0.0,0.0,0.0,0.0,0.0,0.0,0.0
2026-02-04T15:05:29.855498,761.7,3.5,48,92.5,234.0,2,9.7,8.4,99.3,8.4,9.8,7.7,8.4,14.8,6.9,8.4,11.9,7.0,8.3,9.2,8.3,9.2,11.9,7.0,8.4,9.6,11.8,7.7,9.0,7.0,8.3,8.3,7.6,11.8,8.4,8.4,9.0,8.3,9.0,9.1,9.7,9.0,8.5,12.2,9.7,7.7,8.3,8.3,7.7,9.8,9.1,7.7,8.4,7.7,0.0,0.0,0.0,0.0,0.0,0.0,0.0,0.0,0.0,0.0,0.0,0.0,0.0,0.0,0.0,0.0,0.0,0.0,0.0,0.0,0.0,0.0,0.0,0.0,0.0,0.0,0.0,0.0,0.0,0.0,0.0,0.0,0.0,0.0,0.0,0.0,0.0,0.0,0.0,0.0,0.0,0.0,0.0,0.0,0.0,0.0,0.0,0.0
2026-02-04T15:05:32.082659,764.0,2.9,48,92.6,234.0,2,10.4,7.7,59.7,7.7,47.6,7.7,9.8,7.7,7.7,8.5,9.0,11.0,9.1,8.5,8.5,8.4,9.7,8.5,8.5,7.7,7.1,8.5,9.2,7.0,8.5,7.7,9.2,9.7,7.7,7.7,8.4,10.6,9.8,7.1,9.9,7.0,7.7,10.3,7.8,7.7,7.8,9.2,7.7,7.8,8.3,7.0,7.7,7.7,0.0,0.0,0.0,0.0,0.0,0.0,0.0,0.0,0.0,0.0,0.0,0.0,0.0,0.0,0.0,0.0,0.0,0.0,0.0,0.0,0.0,0.0,0.0,0.0,0.0,0.0,0.0,0.0,0.0,0.0,0.0,0.0,0.0,0.0,0.0,0.0,0.0,0.0,0.0,0.0,0.0,0.0,0.0,0.0,0.0,0.0,0.0,0.0
2026-02-04T15:05:34.310295,766.2,2.0,48,92.8,234.0,2,7.0,8.4,97.2,7.0,9.2,7.7,7.0,7.7,7.0,8.3,7.7,6.3,9.2,7.0,7.7,7.0,7.1,7.0,7.0,7.0,7.6,7.0,7.7,7.0,7.0,7.7,8.4,7.7,7.7,7.6,8.5,7.0,7.8,7.7,7.6,7.6,8.4,10.3,7.0,7.0,7.0,7.0,7.7,7.6,7.0,7.0,7.7,6.9,0.0,0.0,0.0,0.0,0.0,0.0,0.0,0.0,0.0,0.0,0.0,0.0,0.0,0.0,0.0,0.0,0.0,0.0,0.0,0.0,0.0,0.0,0.0,0.0,0.0,0.0,0.0,0.0,0.0,0.0,0.0,0.0,0.0,0.0,0.0,0.0,0.0,0.0,0.0,0.0,0.0,0.0,0.0,0.0,0.0,0.0,0.0,0.0
2026-02-04T15:05:36.537496,768.4,100.0,48,93.1,234.0,2,7.0,7.2,81.9,7.0,8.4,6.7,7.7,6.4,9.8,7.1,9.1,6.2,7.1,6.4,7.9,9.8,7.6,8.9,7.6,8.9,7.8,8.9,8.3,8.9,30.6,8.9,7.9,7.0,7.1,8.9,7.9,7.9,7.1,7.1,7.6,8.9,8.0,9.9,7.1,8.9,7.9,6.3,9.8,6.3,6.3,6.9,7.1,6.4,0.0,0.0,0.0,0.0,0.0,0.0,0.0,0.0,0.0,0.0,0.0,0.0,0.0,0.0,0.0,0.0,0.0,0.0,0.0,0.0,0.0,0.0,0.0,0.0,0.0,0.0,0.0,0.0,0.0,0.0,0.0,0.0,0.0,0.0,0.0,0.0,0.0,0.0,0.0,0.0,0.0,0.0,0.0,0.0,0.0,0.0,0.0,0.0
2026-02-04T15:05:38.764990,770.7,3.9,48,92.5,234.0,2,8.4,6.9,24.3,7.7,9.2,8.1,7.8,8.3,7.6,8.3,9.2,9.2,8.2,8.2,8.8,6.9,10.6,6.4,8.8,6.4,8.3,6.4,13.1,6.4,84.4,6.4,7.6,10.6,7.6,6.4,8.2,7.6,7.6,7.6,9.2,6.4,7.4,7.6,8.3,6.4,8.3,8.4,6.4,9.9,11.6,7.8,7.6,8.3,0.0,0.0,0.0,0.0,0.0,0.0,0.0,0.0,0.0,0.0,0.0,0.0,0.0,0.0,0.0,0.0,0.0,0.0,0.0,0.0,0.0,0.0,0.0,0.0,0.0,0.0,0.0,0.0,0.0,0.0,0.0,0.0,0.0,0.0,0.0,0.0,0.0,0.0,0.0,0.0,0.0,0.0,0.0,0.0,0.0,0.0,0.0,0.0
2026-02-04T15:05:40.994199,772.9,2.2,48,92.4,234.0,2,13.3,8.3,90.2,13.3,7.0,7.6,13.2,7.0,8.5,7.0,8.9,8.4,7.0,7.0,7.0,7.0,8.0,7.0,6.7,7.6,7.7,7.0,7.0,7.0,7.0,8.4,7.6,10.3,7.0,7.0,8.5,7.0,7.7,7.0,9.9,7.0,7.7,7.0,7.0,7.0,7.6,8.3,7.0,7.7,9.7,7.7,8.3,7.0,0.0,0.0,0.0,0.0,0.0,0.0,0.0,0.0,0.0,0.0,0.0,0.0,0.0,0.0,0.0,0.0,0.0,0.0,0.0,0.0,0.0,0.0,0.0,0.0,0.0,0.0,0.0,0.0,0.0,0.0,0.0,0.0,0.0,0.0,0.0,0.0,0.0,0.0,0.0,0.0,0.0,0.0,0.0,0.0,0.0,0.0,0.0,0.0
2026-02-04T15:05:43.221309,775.1,100.0,48,2455.6,234.0,2,9.8,9.0,20.0,8.3,13.8,7.6,100.0,7.6,11.9,9.0,14.0,11.1,11.2,7.6,11.8,7.6,9.4,8.3,10.5,7.6,9.7,8.3,9.0,9.0,8.3,8.3,7.6,9.0,9.7,9.0,10.4,7.6,7.6,10.3,8.3,7.6,7.6,8.3,9.0,8.3,9.0,9.1,7.6,9.7,12.4,9.7,7.6,11.1,0.0,0.0,0.0,0.0,0.0,0.0,0.0,0.0,0.0,0.0,0.0,0.0,0.0,0.0,0.0,0.0,0.0,0.0,0.0,0.0,0.0,0.0,0.0,0.0,0.0,0.0,0.0,0.0,0.0,0.0,0.0,0.0,0.0,0.0,0.0,0.0,0.0,0.0,0.0,0.0,0.0,0.0,0.0,0.0,0.0,0.0,0.0,0.0
2026-02-04T15:05:45.504444,777.3,1.2,2,11490.0,222.0,2,4.2,1.4,99.3,1.4,2.1,1.4,2.1,2.8,2.1,0.7,1.4,2.1,2.1,0.7,2.8,1.4,0.7,2.1,3.5,1.4,3.5,1.4,1.4,1.4,2.1,0.7,2.1,3.5,2.1,1.4,7.7,1.4,2.8,2.1,1.4,1.4,2.1,0.7,2.1,1.4,1.4,1.4,1.4,2.1,2.1,1.4,0.7,1.4,0.0,0.0,0.0,0.0,0.0,0.0,0.0,0.0,0.0,0.0,0.0,0.0,0.0,0.0,0.0,0.0,0.0,0.0,0.0,0.0,0.0,0.0,0.0,0.0,0.0,0.0,0.0,0.0,0.0,0.0,0.0,0.0,0.0,0.0,0.0,0.0,0.0,0.0,0.0,0.0,0.0,0.0,0.0,0.0,0.0,0.0,0.0,0.0
2026-02-04T15:05:47.732022,779.6,2.1,48,93.0,234.0,2,12.2,6.9,99.3,10.7,7.6,6.2,8.3,6.2,6.9,6.2,12.4,6.9,7.6,6.2,11.0,7.0,9.0,6.9,6.2,7.6,6.9,6.2,6.2,6.9,6.9,6.9,6.9,7.6,6.9,6.9,6.9,6.9,8.3,6.9,6.2,6.9,6.9,6.9,6.9,7.6,6.9,6.9,7.0,6.9,7.5,6.9,7.0,6.2,0.0,0.0,0.0,0.0,0.0,0.0,0.0,0.0,0.0,0.0,0.0,0.0,0.0,0.0,0.0,0.0,0.0,0.0,0.0,0.0,0.0,0.0,0.0,0.0,0.0,0.0,0.0,0.0,0.0,0.0,0.0,0.0,0.0,0.0,0.0,0.0,0.0,0.0,0.0,0.0,0.0,0.0,0.0,0.0,0.0,0.0,0.0,0.0
2026-02-04T15:05:49.958851,781.9,4.3,47,92.8,234.0,2,13.1,7.0,97.9,5.0,14.7,7.0,10.6,7.0,9.9,7.7,8.1,7.0,9.9,6.9,11.2,7.6,12.6,7.0,9.2,7.0,9.7,9.7,9.1,7.0,9.2,7.0,7.7,11.2,7.8,8.5,7.7,7.0,7.0,7.0,9.9,7.7,8.5,8.5,7.8,7.0,7.1,9.9,6.9,8.4,8.3,9.2,9.1,7.7,0.0,0.0,0.0,0.0,0.0,0.0,0.0,0.0,0.0,0.0,0.0,0.0,0.0,0.0,0.0,0.0,0.0,0.0,0.0,0.0,0.0,0.0,0.0,0.0,0.0,0.0,0.0,0.0,0.0,0.0,0.0,0.0,0.0,0.0,0.0,0.0,0.0,0.0,0.0,0.0,0.0,0.0,0.0,0.0,0.0,0.0,0.0,0.0
2026-02-04T15:05:52.185959,784.1,2.7,48,93.2,234.0,2,8.5,8.4,100.0,7.7,9.8,7.7,9.1,7.6,8.3,7.7,9.4,8.4,8.9,7.7,8.7,7.7,8.5,7.0,7.0,7.7,9.2,7.0,8.4,7.0,8.4,7.0,7.7,9.2,7.6,7.0,7.7,7.0,7.7,7.0,9.0,7.0,7.7,7.7,8.4,7.7,6.3,7.7,7.7,9.1,11.6,7.7,7.7,7.7,0.0,0.0,0.0,0.0,0.0,0.0,0.0,0.0,0.0,0.0,0.0,0.0,0.0,0.0,0.0,0.0,0.0,0.0,0.0,0.0,0.0,0.0,0.0,0.0,0.0,0.0,0.0,0.0,0.0,0.0,0.0,0.0,0.0,0.0,0.0,0.0,0.0,0.0,0.0,0.0,0.0,0.0,0.0,0.0,0.0,0.0,0.0,0.0
2026-02-04T15:05:54.413942,786.3,1.8,48,92.8,234.0,2,9.8,9.2,98.6,13.8,12.6,10.5,9.7,10.1,9.2,10.4,9.2,10.5,9.2,9.2,8.9,9.2,9.0,11.0,9.1,10.4,9.8,9.2,9.2,9.7,11.2,11.1,9.0,10.5,9.9,9.1,10.5,9.5,10.5,14.8,9.2,10.3,9.1,9.8,9.2,9.1,9.2,9.7,9.2,9.2,9.8,9.9,8.5,9.1,0.0,0.0,0.0,0.0,0.0,0.0,0.0,0.0,0.0,0.0,0.0,0.0,0.0,0.0,0.0,0.0,0.0,0.0,0.0,0.0,0.0,0.0,0.0,0.0,0.0,0.0,0.0,0.0,0.0,0.0,0.0,0.0,0.0,0.0,0.0,0.0,0.0,0.0,0.0,0.0,0.0,0.0,0.0,0.0,0.0,0.0,0.0,0.0
2026-02-04T15:05:56.641792,788.5,2.5,48,93.1,234.0,2,8.4,8.4,97.9,5.8,10.4,7.7,9.1,7.1,8.5,8.4,8.5,9.0,8.3,9.2,7.9,7.7,9.9,6.5,9.2,6.9,7.7,8.5,9.0,7.7,8.4,6.6,14.9,11.2,7.7,7.7,7.7,7.0,9.7,9.0,7.6,9.2,7.7,8.3,9.8,7.7,7.7,9.2,7.7,9.8,11.6,11.1,8.3,7.7,0.0,0.0,0.0,0.0,0.0,0.0,0.0,0.0,0.0,0.0,0.0,0.0,0.0,0.0,0.0,0.0,0.0,0.0,0.0,0.0,0.0,0.0,0.0,0.0,0.0,0.0,0.0,0.0,0.0,0.0,0.0,0.0,0.0,0.0,0.0,0.0,0.0,0.0,0.0,0.0,0.0,0.0,0.0,0.0,0.0,0.0,0.0,0.0
2026-02-04T15:05:58.870062,790.8,2.1,48,124.2,234.0,2,10.6,7.7,98.6,13.4,16.8,8.4,9.9,8.3,9.7,8.4,8.4,7.0,7.8,6.6,8.2,7.0,7.7,7.7,9.7,7.7,9.1,7.0,8.3,7.7,7.7,7.7,7.6,9.1,9.7,8.4,7.6,8.5,9.2,9.9,7.8,7.7,7.7,8.4,7.7,7.7,7.0,8.3,7.7,7.7,9.1,8.5,7.8,10.6,0.0,0.0,0.0,0.0,0.0,0.0,0.0,0.0,0.0,0.0,0.0,0.0,0.0,0.0,0.0,0.0,0.0,0.0,0.0,0.0,0.0,0.0,0.0,0.0,0.0,0.0,0.0,0.0,0.0,0.0,0.0,0.0,0.0,0.0,0.0,0.0,0.0,0.0,0.0,0.0,0.0,0.0,0.0,0.0,0.0,0.0,0.0,0.0
2026-02-04T15:06:01.103119,793.0,3.2,48,93.1,234.0,2,11.0,7.7,97.9,5.4,9.8,8.5,8.4,7.7,8.4,7.7,11.3,7.7,9.7,9.7,7.7,8.5,7.9,7.7,9.0,8.5,8.5,7.7,8.4,8.3,8.4,8.5,9.1,9.1,9.9,7.7,7.8,9.0,15.5,7.7,7.7,8.5,8.5,7.7,7.7,8.3,8.5,9.2,7.7,9.9,11.0,7.6,7.7,9.8,0.0,0.0,0.0,0.0,0.0,0.0,0.0,0.0,0.0,0.0,0.0,0.0,0.0,0.0,0.0,0.0,0.0,0.0,0.0,0.0,0.0,0.0,0.0,0.0,0.0,0.0,0.0,0.0,0.0,0.0,0.0,0.0,0.0,0.0,0.0,0.0,0.0,0.0,0.0,0.0,0.0,0.0,0.0,0.0,0.0,0.0,0.0,0.0
2026-02-04T15:06:03.330879,795.2,2.1,48,93.1,234.0,2,16.1,7.7,97.9,7.7,7.7,8.3,9.1,7.7,9.0,9.0,6.2,7.7,8.5,6.4,7.7,7.7,10.2,7.6,10.4,8.4,7.7,7.7,8.5,7.7,7.7,7.7,7.7,9.1,6.9,8.4,16.7,8.4,8.4,8.4,7.6,9.0,8.4,7.7,8.4,7.7,6.9,7.6,7.7,8.5,11.6,8.5,7.6,9.0,0.0,0.0,0.0,0.0,0.0,0.0,0.0,0.0,0.0,0.0,0.0,0.0,0.0,0.0,0.0,0.0,0.0,0.0,0.0,0.0,0.0,0.0,0.0,0.0,0.0,0.0,0.0,0.0,0.0,0.0,0.0,0.0,0.0,0.0,0.0,0.0,0.0,0.0,0.0,0.0,0.0,0.0,0.0,0.0,0.0,0.0,0.0,0.0
2026-02-04T15:06:05.557464,797.4,3.2,48,124.1,234.0,2,10.4,6.9,97.9,7.0,7.0,8.5,8.4,6.3,7.7,7.0,7.0,6.3,9.0,7.0,7.6,7.6,7.7,7.0,7.1,7.0,7.6,7.0,7.0,7.0,7.0,7.0,7.0,8.4,7.7,7.6,7.7,7.0,7.0,7.7,8.5,7.0,7.0,7.0,7.0,7.0,13.4,7.7,5.6,7.6,11.0,7.6,7.0,7.0,0.0,0.0,0.0,0.0,0.0,0.0,0.0,0.0,0.0,0.0,0.0,0.0,0.0,0.0,0.0,0.0,0.0,0.0,0.0,0.0,0.0,0.0,0.0,0.0,0.0,0.0,0.0,0.0,0.0,0.0,0.0,0.0,0.0,0.0,0.0,0.0,0.0,0.0,0.0,0.0,0.0,0.0,0.0,0.0,0.0,0.0,0.0,0.0
2026-02-04T15:06:07.824474,799.7,2.7,48,92.4,234.0,2,6.9,9.1,98.0,8.5,7.7,8.7,9.1,7.7,7.7,7.7,8.5,7.7,7.7,8.7,9.2,7.7,10.0,7.7,7.7,7.7,8.5,7.7,8.5,7.7,7.7,7.7,9.0,9.1,9.2,8.5,9.0,7.7,6.9,13.4,7.7,7.7,7.7,7.7,8.5,7.7,6.0,8.5,7.7,5.6,7.6,9.2,7.7,8.4,0.0,0.0,0.0,0.0,0.0,0.0,0.0,0.0,0.0,0.0,0.0,0.0,0.0,0.0,0.0,0.0,0.0,0.0,0.0,0.0,0.0,0.0,0.0,0.0,0.0,0.0,0.0,0.0,0.0,0.0,0.0,0.0,0.0,0.0,0.0,0.0,0.0,0.0,0.0,0.0,0.0,0.0,0.0,0.0,0.0,0.0,0.0,0.0
2026-02-04T15:06:10.043248,801.9,7.5,53,92.6,234.1,2,6.9,13.0,98.6,6.9,14.5,6.8,11.7,7.5,9.7,6.9,11.5,6.9,7.6,6.3,8.2,7.5,7.0,7.6,7.5,6.9,8.2,6.9,6.8,7.6,7.6,15.9,7.6,7.6,7.5,9.0,6.9,6.9,8.4,6.9,7.0,9.7,6.9,6.9,9.0,7.1,7.7,7.8,6.8,8.2,6.9,6.9,7.6,9.0,58.4,62.5,100.0,65.8,100.0,0.0,0.0,0.0,0.0,0.0,0.0,0.0,0.0,0.0,0.0,0.0,0.0,0.0,0.0,0.0,0.0,0.0,0.0,0.0,0.0,0.0,0.0,0.0,0.0,0.0,0.0,0.0,0.0,0.0,0.0,0.0,0.0,0.0,0.0,0.0,0.0,0.0,0.0,0.0,0.0,0.0,0.0,0.0
2026-02-04T15:06:12.278139,804.2,60.8,48,154.7,234.1,2,24.3,10.5,66.7,8.9,84.5,7.7,31.7,11.2,22.2,10.3,31.2,8.3,25.9,7.6,19.0,7.0,17.6,8.3,26.9,8.3,19.4,6.9,18.9,7.6,15.3,16.1,10.5,12.7,17.5,11.0,13.9,8.3,13.8,9.7,13.8,11.1,11.6,7.6,12.6,8.1,22.8,11.5,12.6,11.9,15.9,10.6,9.7,11.8,0.0,0.0,0.0,0.0,0.0,0.0,0.0,0.0,0.0,0.0,0.0,0.0,0.0,0.0,0.0,0.0,0.0,0.0,0.0,0.0,0.0,0.0,0.0,0.0,0.0,0.0,0.0,0.0,0.0,0.0,0.0,0.0,0.0,0.0,0.0,0.0,0.0,0.0,0.0,0.0,0.0,0.0,0.0,0.0,0.0,0.0,0.0,0.0
2026-02-04T15:06:14.502572,806.4,2.2,8,6564.8,220.3,2,6.2,0.7,100.0,0.0,12.6,2.1,14.7,3.5,4.9,0.0,2.8,0.7,0.0,1.4,4.2,0.0,4.9,0.0,6.3,0.0,4.2,0.0,0.0,0.0,0.7,0.0,3.5,0.7,0.0,0.0,2.8,0.7,11.8,0.0,0.0,0.0,0.0,0.7,11.1,0.0,10.5,0.0,0.0,1.4,4.1,0.0,4.2,0.0,0.0,0.0,0.0,0.0,0.0,0.0,0.0,0.0,0.0,0.0,0.0,0.0,0.0,0.0,0.0,0.0,0.0,0.0,0.0,0.0,0.0,0.0,0.0,0.0,0.0,0.0,0.0,0.0,0.0,0.0,0.0,0.0,0.0,0.0,0.0,0.0,0.0,0.0,0.0,0.0,0.0,0.0,0.0,0.0,0.0,0.0,0.0,0.0
2026-02-04T15:06:16.729663,808.6,2.5,48,124.5,234.1,2,10.3,10.6,98.7,7.8,19.7,7.1,17.6,7.1,9.2,8.5,14.1,7.8,8.5,7.0,9.4,7.1,10.6,8.5,8.6,7.1,7.0,7.8,8.5,7.8,7.7,7.1,7.8,9.2,8.5,7.8,8.5,7.1,21.8,7.8,9.9,7.1,7.8,7.1,8.5,7.8,7.1,8.5,7.1,11.8,11.7,7.8,9.9,8.5,0.0,0.0,0.0,0.0,0.0,0.0,0.0,0.0,0.0,0.0,0.0,0.0,0.0,0.0,0.0,0.0,0.0,0.0,0.0,0.0,0.0,0.0,0.0,0.0,0.0,0.0,0.0,0.0,0.0,0.0,0.0,0.0,0.0,0.0,0.0,0.0,0.0,0.0,0.0,0.0,0.0,0.0,0.0,0.0,0.0,0.0,0.0,0.0
2026-02-04T15:06:18.956608,810.8,3.3,48,61.9,234.1,2,9.1,7.7,98.7,12.2,19.7,7.7,18.8,11.0,8.4,8.5,9.9,16.1,9.1,7.7,8.3,7.6,10.4,8.1,9.0,12.2,11.2,12.2,9.2,7.7,8.4,8.5,8.5,9.8,11.3,7.7,9.1,8.7,22.1,8.7,7.7,7.7,9.4,12.2,8.4,12.2,8.4,8.5,9.4,9.2,9.7,12.2,8.5,8.5,0.0,0.0,0.0,0.0,0.0,0.0,0.0,0.0,0.0,0.0,0.0,0.0,0.0,0.0,0.0,0.0,0.0,0.0,0.0,0.0,0.0,0.0,0.0,0.0,0.0,0.0,0.0,0.0,0.0,0.0,0.0,0.0,0.0,0.0,0.0,0.0,0.0,0.0,0.0,0.0,0.0,0.0,0.0,0.0,0.0,0.0,0.0,0.0
2026-02-04T15:06:21.182744,813.1,1.9,48,93.0,234.1,2,9.9,7.6,98.7,5.6,11.8,8.4,11.3,6.6,7.7,7.7,7.7,9.2,8.3,7.7,8.4,7.8,7.7,8.0,12.4,5.6,9.2,6.2,7.7,7.7,7.8,7.6,7.7,7.7,7.7,7.7,7.7,7.0,12.5,7.0,8.7,8.4,7.0,5.6,7.8,5.6,8.5,7.7,7.0,7.7,11.7,5.7,7.6,7.7,0.0,0.0,0.0,0.0,0.0,0.0,0.0,0.0,0.0,0.0,0.0,0.0,0.0,0.0,0.0,0.0,0.0,0.0,0.0,0.0,0.0,0.0,0.0,0.0,0.0,0.0,0.0,0.0,0.0,0.0,0.0,0.0,0.0,0.0,0.0,0.0,0.0,0.0,0.0,0.0,0.0,0.0,0.0,0.0,0.0,0.0,0.0,0.0
2026-02-04T15:06:23.410237,815.3,3.1,48,92.7,234.1,2,8.3,7.7,98.0,7.0,11.2,7.6,16.6,10.6,10.5,7.0,7.8,7.0,7.0,7.0,6.9,7.0,7.7,7.0,7.6,7.7,7.1,7.7,7.6,7.0,7.7,7.0,7.0,7.7,7.0,7.0,7.0,7.0,17.2,7.0,6.2,7.0,7.6,7.0,7.0,7.0,6.9,7.7,7.0,7.1,10.3,6.9,7.0,6.9,0.0,0.0,0.0,0.0,0.0,0.0,0.0,0.0,0.0,0.0,0.0,0.0,0.0,0.0,0.0,0.0,0.0,0.0,0.0,0.0,0.0,0.0,0.0,0.0,0.0,0.0,0.0,0.0,0.0,0.0,0.0,0.0,0.0,0.0,0.0,0.0,0.0,0.0,0.0,0.0,0.0,0.0,0.0,0.0,0.0,0.0,0.0,0.0
2026-02-04T15:06:25.637001,817.5,2.0,48,92.7,234.1,2,8.5,7.0,99.3,7.7,19.7,7.9,16.1,6.1,9.2,7.0,8.5,7.7,9.1,8.4,7.1,8.5,9.2,7.7,8.5,7.0,8.5,7.0,8.5,7.0,7.7,7.0,7.0,14.8,7.7,7.7,7.0,7.7,21.1,7.7,7.7,7.0,10.4,7.7,9.1,7.0,7.8,7.7,7.0,7.0,10.6,7.7,8.5,7.0,0.0,0.0,0.0,0.0,0.0,0.0,0.0,0.0,0.0,0.0,0.0,0.0,0.0,0.0,0.0,0.0,0.0,0.0,0.0,0.0,0.0,0.0,0.0,0.0,0.0,0.0,0.0,0.0,0.0,0.0,0.0,0.0,0.0,0.0,0.0,0.0,0.0,0.0,0.0,0.0,0.0,0.0,0.0,0.0,0.0,0.0,0.0,0.0
2026-02-04T15:06:27.863498,819.8,3.2,48,92.9,234.1,2,10.3,9.7,98.6,8.5,14.7,8.3,17.2,8.6,9.9,8.5,8.4,8.5,8.5,7.8,9.0,8.4,10.4,8.4,9.1,8.5,9.0,7.7,9.2,8.5,10.6,8.5,8.5,10.5,8.4,7.7,8.3,15.3,19.0,8.4,8.4,8.5,12.3,9.1,8.5,8.5,8.5,8.4,8.5,9.0,9.0,8.5,8.5,8.5,0.0,0.0,0.0,0.0,0.0,0.0,0.0,0.0,0.0,0.0,0.0,0.0,0.0,0.0,0.0,0.0,0.0,0.0,0.0,0.0,0.0,0.0,0.0,0.0,0.0,0.0,0.0,0.0,0.0,0.0,0.0,0.0,0.0,0.0,0.0,0.0,0.0,0.0,0.0,0.0,0.0,0.0,0.0,0.0,0.0,0.0,0.0,0.0
2026-02-04T15:06:30.127798,822.0,1.9,48,93.2,234.2,2,11.1,7.7,99.3,7.0,14.8,7.7,15.4,7.6,7.0,9.1,7.7,7.0,9.0,7.7,8.5,7.7,7.8,7.7,7.8,7.7,8.5,7.7,7.6,7.7,9.0,7.7,9.0,9.2,8.5,7.7,8.5,7.7,18.8,7.7,9.1,7.0,16.7,7.0,7.0,8.3,7.7,7.0,7.0,7.7,8.5,7.0,7.7,7.0,0.0,0.0,0.0,0.0,0.0,0.0,0.0,0.0,0.0,0.0,0.0,0.0,0.0,0.0,0.0,0.0,0.0,0.0,0.0,0.0,0.0,0.0,0.0,0.0,0.0,0.0,0.0,0.0,0.0,0.0,0.0,0.0,0.0,0.0,0.0,0.0,0.0,0.0,0.0,0.0,0.0,0.0,0.0,0.0,0.0,0.0,0.0,0.0
2026-02-04T15:06:32.354413,824.2,2.0,96,124.1,234.2,2,10.8,8.3,98.7,7.6,27.4,7.6,16.6,8.3,11.6,9.8,11.0,7.6,7.6,9.7,8.9,7.6,7.9,9.0,8.2,13.8,9.7,7.6,11.0,7.6,9.7,7.6,8.2,10.3,10.3,6.9,8.3,8.3,20.5,8.2,8.2,7.6,10.2,7.6,11.6,7.6,8.2,9.6,7.6,10.3,8.9,8.3,8.3,7.5,100.0,88.1,67.0,100.0,60.3,63.3,74.6,74.7,74.9,62.3,68.8,80.6,77.9,83.7,69.4,89.1,75.2,71.5,88.8,89.9,80.8,76.5,83.6,59.7,75.3,78.9,72.8,71.4,70.8,69.4,73.6,73.2,69.9,66.7,72.7,78.2,23.0,79.3,76.8,69.6,76.1,74.9,69.2,64.6,85.3,65.3,75.3,84.6
2026-02-04T15:06:34.581059,826.5,2.3,48,92.9,234.2,2,10.4,9.2,98.6,8.5,7.7,8.4,9.1,9.1,9.9,7.9,8.3,11.0,9.9,8.4,8.5,7.7,8.8,9.9,7.8,7.7,9.7,8.4,8.5,7.7,8.3,7.7,8.5,8.4,9.2,8.5,9.8,8.5,8.5,9.2,9.1,8.5,9.7,8.5,9.2,8.5,8.4,8.5,8.5,9.7,9.0,14.7,8.4,9.9,0.0,0.0,0.0,0.0,0.0,0.0,0.0,0.0,0.0,0.0,0.0,0.0,0.0,0.0,0.0,0.0,0.0,0.0,0.0,0.0,0.0,0.0,0.0,0.0,0.0,0.0,0.0,0.0,0.0,0.0,0.0,0.0,0.0,0.0,0.0,0.0,0.0,0.0,0.0,0.0,0.0,0.0,0.0,0.0,0.0,0.0,0.0,0.0
2026-02-04T15:06:36.809037,828.7,100.0,48,154.6,234.2,2,13.9,9.7,79.7,9.0,17.4,9.1,47.2,9.0,17.2,9.7,13.3,9.8,12.3,9.7,11.1,9.7,13.8,9.7,10.3,8.3,12.4,18.6,16.6,11.6,10.5,16.6,9.0,14.5,13.1,10.3,8.3,11.0,9.0,9.7,9.8,9.0,13.7,13.1,10.4,11.7,11.2,11.0,8.3,11.8,9.1,11.0,10.3,10.3,0.0,0.0,0.0,0.0,0.0,0.0,0.0,0.0,0.0,0.0,0.0,0.0,0.0,0.0,0.0,0.0,0.0,0.0,0.0,0.0,0.0,0.0,0.0,0.0,0.0,0.0,0.0,0.0,0.0,0.0,0.0,0.0,0.0,0.0,0.0,0.0,0.0,0.0,0.0,0.0,0.0,0.0,0.0,0.0,0.0,0.0,0.0,0.0
2026-02-04T15:06:39.039179,830.9,12.4,32,92.8,234.2,2,11.8,0.7,99.3,0.0,34.5,6.3,25.0,5.6,30.1,3.5,21.8,3.5,7.7,7.1,16.6,2.1,25.2,2.1,7.7,2.1,3.5,22.0,13.9,0.7,7.0,23.9,11.0,5.6,13.9,14.0,18.8,0.0,6.3,40.8,14.8,6.3,14.0,5.7,5.6,9.2,8.4,0.7,6.2,3.5,4.2,2.1,4.9,3.5,0.0,0.0,0.0,0.0,0.0,0.0,0.0,0.0,0.0,0.0,0.0,0.0,0.0,0.0,0.0,0.0,0.0,0.0,0.0,0.0,0.0,0.0,0.0,0.0,0.0,0.0,0.0,0.0,0.0,0.0,0.0,0.0,0.0,0.0,0.0,0.0,0.0,0.0,0.0,0.0,0.0,0.0,0.0,0.0,0.0,0.0,0.0,0.0
2026-02-04T15:06:41.260877,833.2,4.2,48,92.8,234.2,2,14.7,9.1,76.2,9.7,41.7,11.3,92.4,9.1,21.0,11.3,20.3,13.4,14.6,14.6,15.4,10.3,16.2,14.9,10.6,15.3,9.9,12.5,17.5,9.0,11.8,11.3,18.2,13.3,15.5,19.7,16.8,9.2,17.6,12.8,19.7,11.2,14.5,14.7,12.6,9.9,12.0,11.2,9.2,12.0,10.6,11.1,10.6,12.1,0.0,0.0,0.0,0.0,0.0,0.0,0.0,0.0,0.0,0.0,0.0,0.0,0.0,0.0,0.0,0.0,0.0,0.0,0.0,0.0,0.0,0.0,0.0,0.0,0.0,0.0,0.0,0.0,0.0,0.0,0.0,0.0,0.0,0.0,0.0,0.0,0.0,0.0,0.0,0.0,0.0,0.0,0.0,0.0,0.0,0.0,0.0,0.0
2026-02-04T15:06:43.489807,835.4,2.2,48,92.9,234.2,2,8.3,8.8,79.2,16.7,23.1,7.7,42.3,9.2,12.8,9.8,14.1,10.8,8.8,11.8,11.3,9.9,12.3,10.1,9.2,7.7,9.9,14.3,13.3,7.7,7.7,9.4,10.6,9.2,13.4,12.1,11.4,11.0,10.6,9.9,13.2,14.7,15.8,14.5,8.5,14.3,10.0,8.7,9.9,11.1,9.0,5.6,11.7,6.2,0.0,0.0,0.0,0.0,0.0,0.0,0.0,0.0,0.0,0.0,0.0,0.0,0.0,0.0,0.0,0.0,0.0,0.0,0.0,0.0,0.0,0.0,0.0,0.0,0.0,0.0,0.0,0.0,0.0,0.0,0.0,0.0,0.0,0.0,0.0,0.0,0.0,0.0,0.0,0.0,0.0,0.0,0.0,0.0,0.0,0.0,0.0,0.0
2026-02-04T15:06:45.717520,837.6,2.2,48,93.1,234.2,2,11.2,7.4,98.6,5.3,14.7,7.7,10.4,8.4,10.2,8.5,10.4,7.7,8.1,7.3,8.4,7.7,10.9,6.6,8.3,8.4,7.7,6.8,9.9,7.7,7.8,8.8,8.3,7.7,9.7,9.7,9.0,6.0,8.3,9.8,7.0,7.7,12.3,6.2,9.2,5.3,8.3,6.0,8.4,7.7,8.5,7.7,6.1,10.5,0.0,0.0,0.0,0.0,0.0,0.0,0.0,0.0,0.0,0.0,0.0,0.0,0.0,0.0,0.0,0.0,0.0,0.0,0.0,0.0,0.0,0.0,0.0,0.0,0.0,0.0,0.0,0.0,0.0,0.0,0.0,0.0,0.0,0.0,0.0,0.0,0.0,0.0,0.0,0.0,0.0,0.0,0.0,0.0,0.0,0.0,0.0,0.0
2026-02-04T15:06:47.945116,839.8,2.2,48,92.6,234.2,2,9.2,8.5,98.6,8.4,9.9,7.7,9.2,9.2,6.5,7.7,8.4,8.5,7.9,7.7,7.6,8.5,7.5,7.7,7.8,8.4,8.3,7.7,8.4,7.6,7.7,7.6,9.0,9.0,9.2,7.6,9.2,7.7,8.4,8.4,9.1,7.7,13.6,7.7,7.7,7.7,14.0,7.7,7.7,8.4,7.7,8.5,7.7,7.9,0.0,0.0,0.0,0.0,0.0,0.0,0.0,0.0,0.0,0.0,0.0,0.0,0.0,0.0,0.0,0.0,0.0,0.0,0.0,0.0,0.0,0.0,0.0,0.0,0.0,0.0,0.0,0.0,0.0,0.0,0.0,0.0,0.0,0.0,0.0,0.0,0.0,0.0,0.0,0.0,0.0,0.0,0.0,0.0,0.0,0.0,0.0,0.0
2026-02-04T15:06:50.172837,842.1,3.3,48,93.1,234.2,2,7.6,7.7,72.7,7.7,11.2,7.7,7.7,9.7,8.5,7.7,8.5,7.7,6.3,9.0,9.2,7.7,6.2,7.7,7.8,9.8,7.7,12.7,7.7,32.9,7.6,7.8,8.4,9.1,8.4,7.8,7.7,8.4,7.6,8.5,9.2,7.7,12.3,8.4,7.7,7.7,7.7,7.7,7.7,7.7,7.7,8.5,7.7,9.1,0.0,0.0,0.0,0.0,0.0,0.0,0.0,0.0,0.0,0.0,0.0,0.0,0.0,0.0,0.0,0.0,0.0,0.0,0.0,0.0,0.0,0.0,0.0,0.0,0.0,0.0,0.0,0.0,0.0,0.0,0.0,0.0,0.0,0.0,0.0,0.0,0.0,0.0,0.0,0.0,0.0,0.0,0.0,0.0,0.0,0.0,0.0,0.0
2026-02-04T15:06:52.440563,844.3,2.3,48,93.0,234.2,2,9.1,8.4,19.5,13.3,22.5,8.3,7.7,8.4,7.7,9.1,7.7,8.3,7.7,7.7,8.5,8.5,7.8,7.7,8.5,7.7,9.9,7.7,7.7,84.3,8.5,7.7,7.7,8.5,7.7,7.7,7.7,7.7,8.5,8.4,10.3,7.7,10.5,7.7,7.7,7.7,7.7,8.5,6.3,9.2,6.3,8.5,7.7,7.7,0.0,0.0,0.0,0.0,0.0,0.0,0.0,0.0,0.0,0.0,0.0,0.0,0.0,0.0,0.0,0.0,0.0,0.0,0.0,0.0,0.0,0.0,0.0,0.0,0.0,0.0,0.0,0.0,0.0,0.0,0.0,0.0,0.0,0.0,0.0,0.0,0.0,0.0,0.0,0.0,0.0,0.0,0.0,0.0,0.0,0.0,0.0,0.0
2026-02-04T15:06:54.668150,846.6,6.1,76,124.4,234.2,2,7.5,6.8,26.8,9.0,93.2,7.6,9.0,7.5,8.2,7.5,10.2,8.2,8.2,6.9,9.5,8.2,8.2,6.2,7.5,7.6,6.8,6.9,10.3,8.2,10.1,8.2,7.5,9.0,6.8,8.2,8.8,13.0,9.6,8.2,9.0,8.3,8.2,8.3,7.5,8.3,7.5,6.8,7.6,8.2,5.4,8.8,7.6,8.2,100.0,100.0,0.0,0.0,100.0,100.0,100.0,0.0,100.0,100.0,100.0,0.0,0.0,0.0,100.0,0.0,100.0,100.0,0.0,0.0,0.0,0.0,0.0,100.0,0.0,100.0,100.0,100.0,100.0,100.0,100.0,100.0,0.0,100.0,0.0,0.0,100.0,100.0,0.0,100.0,0.0,100.0,100.0,0.0,100.0,100.0,100.0,0.0
2026-02-04T15:06:56.897608,848.8,79.8,8,8863.0,222.2,2,4.2,4.8,99.3,4.1,4.2,3.5,5.6,3.5,3.5,4.2,4.2,7.5,5.6,3.5,4.9,3.5,3.5,4.2,4.2,3.5,6.2,3.5,4.9,3.5,4.2,4.2,4.2,5.6,4.2,3.5,5.6,3.5,3.5,5.6,4.2,4.2,4.9,3.5,4.2,3.5,3.5,4.2,4.2,3.5,4.2,3.5,3.5,4.2,0.0,0.0,0.0,0.0,0.0,0.0,0.0,0.0,0.0,0.0,0.0,0.0,0.0,0.0,0.0,0.0,0.0,0.0,0.0,0.0,0.0,0.0,0.0,0.0,0.0,0.0,0.0,0.0,0.0,0.0,0.0,0.0,0.0,0.0,0.0,0.0,0.0,0.0,0.0,0.0,0.0,0.0,0.0,0.0,0.0,0.0,0.0,0.0
2026-02-04T15:06:59.124809,851.0,2.5,3,92.8,234.2,2,4.2,3.5,98.6,4.2,4.2,3.5,3.5,3.5,3.5,3.5,12.0,4.9,3.5,3.5,3.5,3.5,4.2,3.5,3.5,3.5,3.5,3.5,4.2,4.3,3.5,3.5,3.5,5.6,3.5,3.5,4.2,3.5,3.5,3.5,3.5,3.5,3.5,3.5,3.5,3.5,4.2,3.5,3.5,3.5,4.2,3.5,3.5,4.9,0.0,0.0,0.0,0.0,0.0,0.0,0.0,0.0,0.0,0.0,0.0,0.0,0.0,0.0,0.0,0.0,0.0,0.0,0.0,0.0,0.0,0.0,0.0,0.0,0.0,0.0,0.0,0.0,0.0,0.0,0.0,0.0,0.0,0.0,0.0,0.0,0.0,0.0,0.0,0.0,0.0,0.0,0.0,0.0,0.0,0.0,0.0,0.0
2026-02-04T15:07:01.352024,853.2,1.9,48,92.6,234.2,2,10.6,7.0,98.6,7.0,8.5,7.0,9.9,7.0,7.7,7.7,6.6,9.7,7.7,7.0,6.9,7.0,7.0,7.0,7.0,7.0,8.4,7.0,8.4,7.0,7.0,7.7,7.0,8.4,7.0,7.0,8.3,6.9,7.7,7.7,7.7,7.0,13.4,7.7,7.0,8.4,7.0,7.0,7.7,7.0,7.0,7.0,7.7,7.0,0.0,0.0,0.0,0.0,0.0,0.0,0.0,0.0,0.0,0.0,0.0,0.0,0.0,0.0,0.0,0.0,0.0,0.0,0.0,0.0,0.0,0.0,0.0,0.0,0.0,0.0,0.0,0.0,0.0,0.0,0.0,0.0,0.0,0.0,0.0,0.0,0.0,0.0,0.0,0.0,0.0,0.0,0.0,0.0,0.0,0.0,0.0,0.0
2026-02-04T15:07:03.579773,855.5,2.6,48,92.5,234.2,2,9.2,7.7,98.6,7.7,8.4,7.7,8.4,7.7,8.4,8.3,7.7,11.0,9.0,7.7,8.5,8.5,15.4,7.7,7.7,7.0,8.5,7.7,9.0,7.7,7.7,7.7,7.8,11.9,7.7,7.7,7.7,7.7,7.7,8.3,8.5,7.7,8.4,7.7,7.7,6.2,7.7,7.7,7.7,8.5,7.0,8.4,7.7,7.7,0.0,0.0,0.0,0.0,0.0,0.0,0.0,0.0,0.0,0.0,0.0,0.0,0.0,0.0,0.0,0.0,0.0,0.0,0.0,0.0,0.0,0.0,0.0,0.0,0.0,0.0,0.0,0.0,0.0,0.0,0.0,0.0,0.0,0.0,0.0,0.0,0.0,0.0,0.0,0.0,0.0,0.0,0.0,0.0,0.0,0.0,0.0,0.0
2026-02-04T15:07:05.807432,857.7,2.3,48,123.6,234.2,2,11.0,7.0,97.9,7.7,8.5,8.3,7.7,7.7,9.0,7.7,10.8,11.0,8.3,7.7,8.4,7.7,7.7,7.7,9.7,7.7,8.5,7.7,9.2,7.6,7.7,7.7,7.7,9.8,8.4,8.4,9.1,8.5,8.4,8.5,9.1,7.7,7.7,7.7,7.7,7.7,7.7,7.7,8.3,8.4,14.0,7.7,7.7,7.0,0.0,0.0,0.0,0.0,0.0,0.0,0.0,0.0,0.0,0.0,0.0,0.0,0.0,0.0,0.0,0.0,0.0,0.0,0.0,0.0,0.0,0.0,0.0,0.0,0.0,0.0,0.0,0.0,0.0,0.0,0.0,0.0,0.0,0.0,0.0,0.0,0.0,0.0,0.0,0.0,0.0,0.0,0.0,0.0,0.0,0.0,0.0,0.0
2026-02-04T15:07:08.035821,859.9,7.0,48,93.0,234.2,2,7.7,9.7,97.9,7.7,11.2,7.7,14.0,7.7,11.3,7.7,6.6,7.7,7.7,66.2,9.0,9.0,9.0,9.0,7.7,9.7,9.0,9.1,10.3,8.5,12.6,7.6,17.9,9.1,11.8,9.2,13.8,9.9,12.5,9.1,13.2,8.3,10.5,8.4,9.1,7.7,9.0,9.0,8.5,9.8,7.6,9.0,8.3,7.6,0.0,0.0,0.0,0.0,0.0,0.0,0.0,0.0,0.0,0.0,0.0,0.0,0.0,0.0,0.0,0.0,0.0,0.0,0.0,0.0,0.0,0.0,0.0,0.0,0.0,0.0,0.0,0.0,0.0,0.0,0.0,0.0,0.0,0.0,0.0,0.0,0.0,0.0,0.0,0.0,0.0,0.0,0.0,0.0,0.0,0.0,0.0,0.0
2026-02-04T15:07:10.264420,862.2,4.1,48,93.0,234.2,2,14.0,7.7,85.3,9.1,30.8,13.5,55.2,12.4,9.2,8.5,14.2,16.0,9.2,15.5,14.0,8.5,9.9,14.2,8.0,9.2,9.2,9.1,10.6,8.5,11.2,7.7,18.2,12.5,25.9,8.4,11.8,10.4,9.8,7.7,8.5,8.5,7.7,10.6,11.2,7.7,13.3,9.9,7.7,11.1,7.7,9.2,8.5,9.2,0.0,0.0,0.0,0.0,0.0,0.0,0.0,0.0,0.0,0.0,0.0,0.0,0.0,0.0,0.0,0.0,0.0,0.0,0.0,0.0,0.0,0.0,0.0,0.0,0.0,0.0,0.0,0.0,0.0,0.0,0.0,0.0,0.0,0.0,0.0,0.0,0.0,0.0,0.0,0.0,0.0,0.0,0.0,0.0,0.0,0.0,0.0,0.0
2026-02-04T15:07:12.491168,864.4,3.3,48,92.7,234.2,2,13.3,9.7,48.6,9.0,50.3,7.7,66.2,7.7,19.4,9.7,25.9,8.3,11.0,9.2,14.0,7.0,13.4,11.2,16.2,7.0,15.5,8.5,11.9,9.7,11.1,13.3,18.5,10.5,36.9,7.7,12.6,10.5,11.1,8.3,12.7,9.0,13.4,9.0,11.0,8.3,14.8,11.2,11.1,9.1,7.7,7.6,7.7,9.1,0.0,0.0,0.0,0.0,0.0,0.0,0.0,0.0,0.0,0.0,0.0,0.0,0.0,0.0,0.0,0.0,0.0,0.0,0.0,0.0,0.0,0.0,0.0,0.0,0.0,0.0,0.0,0.0,0.0,0.0,0.0,0.0,0.0,0.0,0.0,0.0,0.0,0.0,0.0,0.0,0.0,0.0,0.0,0.0,0.0,0.0,0.0,0.0
2026-02-04T15:07:14.754517,866.6,3.4,48,93.4,234.2,2,10.4,9.2,35.4,8.5,87.3,8.4,12.6,9.8,9.9,10.0,9.1,9.7,9.1,8.4,17.5,9.1,10.4,8.5,9.9,8.5,9.9,8.3,10.6,8.5,8.5,8.4,12.6,9.2,18.3,9.2,18.2,8.5,8.4,9.8,8.4,8.5,8.4,8.5,11.3,8.5,12.6,9.0,11.8,8.5,9.2,8.5,8.5,8.4,0.0,0.0,0.0,0.0,0.0,0.0,0.0,0.0,0.0,0.0,0.0,0.0,0.0,0.0,0.0,0.0,0.0,0.0,0.0,0.0,0.0,0.0,0.0,0.0,0.0,0.0,0.0,0.0,0.0,0.0,0.0,0.0,0.0,0.0,0.0,0.0,0.0,0.0,0.0,0.0,0.0,0.0,0.0,0.0,0.0,0.0,0.0,0.0
2026-02-04T15:07:16.980675,868.9,4.3,96,92.5,234.2,2,8.9,6.2,97.2,6.2,17.2,6.2,15.9,5.7,6.1,6.4,9.6,12.1,6.9,6.2,6.9,6.2,9.6,5.5,7.0,6.2,7.6,6.2,6.9,7.5,6.9,6.2,11.1,6.2,6.8,6.2,22.9,6.2,7.7,6.2,6.2,6.9,6.2,6.9,6.2,6.8,12.4,6.9,6.2,6.2,6.2,6.2,6.9,6.2,58.4,62.5,100.0,65.8,100.0,87.5,58.3,74.7,73.8,86.5,63.4,65.6,87.6,64.3,74.0,73.0,65.9,71.5,79.7,59.3,88.1,85.2,60.4,65.2,76.7,73.3,64.9,74.5,73.8,87.9,77.3,80.7,75.2,77.3,66.3,79.6,85.3,71.9,67.4,80.8,100.0,76.3,76.3,89.5,68.1,73.5,75.9,78.1
2026-02-04T15:07:19.203387,871.1,86.1,10,8570.6,222.2,2,6.2,4.2,99.3,4.2,9.8,4.2,16.6,4.2,4.9,5.5,4.2,8.2,4.2,4.9,5.6,4.2,4.6,4.9,4.1,4.2,4.2,4.2,4.2,4.2,4.2,4.2,5.5,4.2,4.9,4.2,14.0,4.2,4.2,4.2,4.2,4.2,4.2,4.2,5.6,4.2,4.2,4.2,4.2,4.2,4.2,4.2,4.2,4.2,0.0,0.0,0.0,0.0,0.0,0.0,0.0,0.0,0.0,0.0,0.0,0.0,0.0,0.0,0.0,0.0,0.0,0.0,0.0,0.0,0.0,0.0,0.0,0.0,0.0,0.0,0.0,0.0,0.0,0.0,0.0,0.0,0.0,0.0,0.0,0.0,0.0,0.0,0.0,0.0,0.0,0.0,0.0,0.0,0.0,0.0,0.0,0.0
2026-02-04T15:07:21.428194,873.3,3.6,19,123.4,234.2,2,3.5,5.0,98.6,3.5,8.5,3.5,12.6,2.8,4.2,6.4,6.3,5.6,2.8,3.6,9.3,2.8,2.8,2.8,2.8,7.7,2.9,4.3,3.5,2.8,2.8,14.1,12.6,9.9,11.3,5.0,11.9,2.8,4.9,3.5,5.6,3.5,4.2,3.5,6.3,4.3,5.6,3.5,2.8,9.1,2.8,5.7,3.5,5.6,0.0,0.0,0.0,0.0,0.0,0.0,0.0,0.0,0.0,0.0,0.0,0.0,0.0,0.0,0.0,0.0,0.0,0.0,0.0,0.0,0.0,0.0,0.0,0.0,0.0,0.0,0.0,0.0,0.0,0.0,0.0,0.0,0.0,0.0,0.0,0.0,0.0,0.0,0.0,0.0,0.0,0.0,0.0,0.0,0.0,0.0,0.0,0.0
2026-02-04T15:07:23.654331,875.5,2.6,48,92.8,234.2,2,14.5,17.5,97.9,7.0,16.1,7.0,14.7,7.7,16.8,7.7,14.1,11.6,7.7,20.1,14.7,7.7,9.1,5.6,8.5,9.8,9.8,7.0,8.5,9.2,7.7,7.0,15.3,9.7,26.6,7.0,21.8,7.7,7.8,11.2,11.8,9.2,7.7,9.2,13.5,7.0,10.5,9.2,7.0,14.0,8.5,10.5,7.0,7.1,0.0,0.0,0.0,0.0,0.0,0.0,0.0,0.0,0.0,0.0,0.0,0.0,0.0,0.0,0.0,0.0,0.0,0.0,0.0,0.0,0.0,0.0,0.0,0.0,0.0,0.0,0.0,0.0,0.0,0.0,0.0,0.0,0.0,0.0,0.0,0.0,0.0,0.0,0.0,0.0,0.0,0.0,0.0,0.0,0.0,0.0,0.0,0.0
2026-02-04T15:07:25.880931,877.8,5.6,48,93.4,234.2,2,14.1,7.7,98.6,7.7,12.7,9.1,9.8,13.9,9.1,5.6,11.8,11.7,8.3,16.7,18.1,8.5,12.8,9.2,8.5,11.7,13.4,7.7,13.8,10.5,7.8,28.0,15.9,18.3,26.4,8.4,17.5,17.2,11.7,10.5,8.4,9.0,7.7,7.7,10.6,10.6,5.6,9.0,10.3,13.1,8.3,11.1,11.9,8.4,0.0,0.0,0.0,0.0,0.0,0.0,0.0,0.0,0.0,0.0,0.0,0.0,0.0,0.0,0.0,0.0,0.0,0.0,0.0,0.0,0.0,0.0,0.0,0.0,0.0,0.0,0.0,0.0,0.0,0.0,0.0,0.0,0.0,0.0,0.0,0.0,0.0,0.0,0.0,0.0,0.0,0.0,0.0,0.0,0.0,0.0,0.0,0.0
2026-02-04T15:07:28.111192,880.0,7.1,47,92.8,234.2,2,9.7,7.7,47.6,9.7,67.8,6.9,17.5,4.8,10.4,16.0,14.1,10.3,12.6,8.5,11.1,5.6,8.3,9.0,9.7,7.0,12.3,7.7,11.9,7.7,8.2,19.0,15.3,10.5,21.8,6.9,11.3,7.7,9.8,9.2,9.9,8.3,7.7,7.6,8.2,7.0,9.0,8.3,7.0,9.0,7.7,7.7,7.0,7.7,0.0,0.0,0.0,0.0,0.0,0.0,0.0,0.0,0.0,0.0,0.0,0.0,0.0,0.0,0.0,0.0,0.0,0.0,0.0,0.0,0.0,0.0,0.0,0.0,0.0,0.0,0.0,0.0,0.0,0.0,0.0,0.0,0.0,0.0,0.0,0.0,0.0,0.0,0.0,0.0,0.0,0.0,0.0,0.0,0.0,0.0,0.0,0.0
2026-02-04T15:07:30.331334,882.2,10.5,48,123.9,234.2,2,11.8,34.9,34.9,9.9,68.5,9.9,20.4,9.2,29.4,9.8,23.1,12.5,12.7,14.7,12.0,7.0,10.6,9.9,13.3,9.0,10.6,7.7,10.6,8.5,12.0,15.4,8.5,8.5,16.0,8.5,9.8,9.8,8.5,7.7,8.4,7.8,10.5,13.5,14.1,7.0,11.8,9.2,8.3,9.2,7.7,14.0,7.7,9.9,0.0,0.0,0.0,0.0,0.0,0.0,0.0,0.0,0.0,0.0,0.0,0.0,0.0,0.0,0.0,0.0,0.0,0.0,0.0,0.0,0.0,0.0,0.0,0.0,0.0,0.0,0.0,0.0,0.0,0.0,0.0,0.0,0.0,0.0,0.0,0.0,0.0,0.0,0.0,0.0,0.0,0.0,0.0,0.0,0.0,0.0,0.0,0.0
2026-02-04T15:07:32.556359,884.5,6.6,48,124.3,234.2,2,14.0,13.5,53.1,9.2,22.4,10.6,14.1,8.5,72.5,8.5,13.3,13.2,14.1,16.1,13.4,8.5,15.5,9.9,18.3,14.8,16.9,8.5,14.8,8.5,11.3,12.0,15.4,11.9,13.4,9.7,16.9,8.5,13.9,10.6,11.8,9.9,12.7,8.5,10.6,8.4,16.9,16.7,18.3,9.2,8.6,10.6,10.6,10.4,0.0,0.0,0.0,0.0,0.0,0.0,0.0,0.0,0.0,0.0,0.0,0.0,0.0,0.0,0.0,0.0,0.0,0.0,0.0,0.0,0.0,0.0,0.0,0.0,0.0,0.0,0.0,0.0,0.0,0.0,0.0,0.0,0.0,0.0,0.0,0.0,0.0,0.0,0.0,0.0,0.0,0.0,0.0,0.0,0.0,0.0,0.0,0.0
2026-02-04T15:07:34.782260,886.7,4.3,48,93.1,234.2,2,15.5,8.5,97.9,7.7,34.3,8.3,18.3,9.1,14.1,7.0,16.9,9.7,15.2,11.3,11.9,7.7,10.4,7.7,12.6,9.0,10.4,7.0,11.3,8.5,10.4,11.3,11.8,9.8,32.4,8.5,11.3,9.2,9.9,11.2,9.2,7.7,11.2,7.0,12.0,7.7,9.2,7.1,7.7,13.9,8.3,11.3,9.8,23.9,0.0,0.0,0.0,0.0,0.0,0.0,0.0,0.0,0.0,0.0,0.0,0.0,0.0,0.0,0.0,0.0,0.0,0.0,0.0,0.0,0.0,0.0,0.0,0.0,0.0,0.0,0.0,0.0,0.0,0.0,0.0,0.0,0.0,0.0,0.0,0.0,0.0,0.0,0.0,0.0,0.0,0.0,0.0,0.0,0.0,0.0,0.0,0.0
2026-02-04T15:07:37.022282,888.9,77.6,48,185.1,234.2,2,11.1,7.7,98.6,7.0,9.2,8.5,9.2,7.7,9.1,8.5,7.7,9.1,7.5,7.7,9.9,7.6,9.9,7.7,8.5,8.4,9.2,7.7,9.1,7.7,7.6,9.8,9.2,11.2,18.9,7.7,8.4,9.0,8.3,7.7,7.7,7.7,7.7,9.1,7.7,7.7,8.4,7.6,7.7,9.2,7.7,7.7,7.7,7.7,0.0,0.0,0.0,0.0,0.0,0.0,0.0,0.0,0.0,0.0,0.0,0.0,0.0,0.0,0.0,0.0,0.0,0.0,0.0,0.0,0.0,0.0,0.0,0.0,0.0,0.0,0.0,0.0,0.0,0.0,0.0,0.0,0.0,0.0,0.0,0.0,0.0,0.0,0.0,0.0,0.0,0.0,0.0,0.0,0.0,0.0,0.0,0.0
2026-02-04T15:07:39.257077,891.1,3.2,42,5934.6,221.6,2,0.7,0.0,100.0,0.0,2.1,0.0,1.4,0.0,0.0,0.0,0.0,0.0,0.0,0.0,0.0,0.0,1.4,0.0,0.0,0.0,0.0,0.0,0.0,0.0,0.7,0.0,0.0,4.9,0.0,0.7,0.7,0.0,2.8,0.0,0.0,0.0,0.0,0.7,0.0,1.4,0.0,0.0,0.0,0.0,0.0,0.0,0.0,0.0,0.0,0.0,0.0,0.0,100.0,47.4,100.0,100.0,100.0,66.5,100.0,100.0,51.4,100.0,100.0,100.0,87.4,100.0,100.0,100.0,7.8,84.3,91.4,92.3,95.5,95.9,100.0,61.4,100.0,100.0,100.0,28.6,100.0,0.0,100.0,100.0,78.6,100.0,100.0,100.0,0.0,100.0,95.7,95.2,92.9,100.0,100.0,0.0
2026-02-04T15:07:41.484568,893.4,2.3,48,92.8,234.2,2,9.8,7.7,98.6,7.0,16.1,7.8,14.0,9.2,17.7,7.8,14.9,9.0,7.8,7.1,12.0,7.1,11.3,7.8,9.9,8.5,7.8,7.1,10.6,7.1,9.8,7.1,9.2,9.9,8.5,7.1,7.8,7.1,11.3,8.5,8.5,8.5,8.5,9.2,8.5,9.1,7.8,7.8,7.0,10.6,7.0,7.8,9.2,7.1,0.0,0.0,0.0,0.0,0.0,0.0,0.0,0.0,0.0,0.0,0.0,0.0,0.0,0.0,0.0,0.0,0.0,0.0,0.0,0.0,0.0,0.0,0.0,0.0,0.0,0.0,0.0,0.0,0.0,0.0,0.0,0.0,0.0,0.0,0.0,0.0,0.0,0.0,0.0,0.0,0.0,0.0,0.0,0.0,0.0,0.0,0.0,0.0
2026-02-04T15:07:43.710812,895.6,3.3,48,123.4,234.2,2,11.1,7.9,97.9,7.7,9.8,7.7,8.6,7.7,7.7,15.0,7.7,16.7,7.7,7.8,8.3,7.7,8.5,7.7,8.3,7.7,7.6,7.7,8.4,7.7,7.7,7.7,9.0,8.4,7.6,9.0,8.5,7.7,7.7,7.7,7.7,14.0,8.4,7.7,7.7,6.3,7.7,7.7,7.7,7.6,7.1,7.7,7.7,7.7,0.0,0.0,0.0,0.0,0.0,0.0,0.0,0.0,0.0,0.0,0.0,0.0,0.0,0.0,0.0,0.0,0.0,0.0,0.0,0.0,0.0,0.0,0.0,0.0,0.0,0.0,0.0,0.0,0.0,0.0,0.0,0.0,0.0,0.0,0.0,0.0,0.0,0.0,0.0,0.0,0.0,0.0,0.0,0.0,0.0,0.0,0.0,0.0
2026-02-04T15:07:45.938566,897.8,3.0,48,92.9,234.2,2,15.8,12.6,62.3,8.5,73.3,8.3,28.1,8.5,16.0,6.8,20.8,6.3,10.4,9.0,14.1,14.1,14.7,8.5,14.1,9.7,17.0,7.7,12.1,7.7,9.9,14.1,14.8,9.9,11.9,7.7,12.3,10.6,9.9,8.5,9.1,9.2,8.4,11.3,9.2,8.5,8.4,9.9,8.4,14.7,9.1,11.2,10.4,8.5,0.0,0.0,0.0,0.0,0.0,0.0,0.0,0.0,0.0,0.0,0.0,0.0,0.0,0.0,0.0,0.0,0.0,0.0,0.0,0.0,0.0,0.0,0.0,0.0,0.0,0.0,0.0,0.0,0.0,0.0,0.0,0.0,0.0,0.0,0.0,0.0,0.0,0.0,0.0,0.0,0.0,0.0,0.0,0.0,0.0,0.0,0.0,0.0
2026-02-04T15:07:48.166386,900.1,1.8,48,123.7,234.2,2,9.0,7.7,63.2,7.6,55.9,8.4,12.6,8.5,11.2,7.7,10.5,7.7,8.3,8.5,7.6,8.4,9.8,7.7,8.5,8.4,9.0,8.4,8.3,7.7,8.5,7.7,9.8,10.4,6.3,7.7,9.1,8.4,7.6,7.7,9.2,7.6,10.3,7.7,7.7,8.4,14.1,7.7,8.4,9.0,8.4,7.7,9.1,7.7,0.0,0.0,0.0,0.0,0.0,0.0,0.0,0.0,0.0,0.0,0.0,0.0,0.0,0.0,0.0,0.0,0.0,0.0,0.0,0.0,0.0,0.0,0.0,0.0,0.0,0.0,0.0,0.0,0.0,0.0,0.0,0.0,0.0,0.0,0.0,0.0,0.0,0.0,0.0,0.0,0.0,0.0,0.0,0.0,0.0,0.0,0.0,0.0
2026-02-04T15:07:50.393298,902.3,2.6,48,92.9,234.2,2,13.1,7.0,71.5,8.5,44.1,7.0,11.9,7.6,7.7,11.3,13.1,9.8,9.2,9.1,9.2,8.4,9.8,9.2,9.7,8.5,14.8,9.2,8.5,8.4,7.8,8.4,9.9,10.5,7.7,8.4,9.9,8.3,7.7,10.1,9.4,8.4,7.8,8.4,10.9,9.2,7.7,10.1,9.2,9.2,7.0,9.2,9.2,8.4,0.0,0.0,0.0,0.0,0.0,0.0,0.0,0.0,0.0,0.0,0.0,0.0,0.0,0.0,0.0,0.0,0.0,0.0,0.0,0.0,0.0,0.0,0.0,0.0,0.0,0.0,0.0,0.0,0.0,0.0,0.0,0.0,0.0,0.0,0.0,0.0,0.0,0.0,0.0,0.0,0.0,0.0,0.0,0.0,0.0,0.0,0.0,0.0
2026-02-04T15:07:52.618039,904.5,2.0,48,123.4,234.2,2,12.5,15.0,98.6,6.0,9.9,8.7,7.9,14.3,8.4,8.4,8.5,6.7,8.3,8.3,8.3,7.6,7.7,7.2,8.4,6.0,11.1,6.6,8.5,6.6,7.0,7.2,7.7,9.2,7.7,6.6,7.7,6.1,8.4,6.6,7.6,6.6,7.7,6.6,7.2,6.0,8.5,6.0,6.6,7.0,8.3,7.7,8.5,6.6,0.0,0.0,0.0,0.0,0.0,0.0,0.0,0.0,0.0,0.0,0.0,0.0,0.0,0.0,0.0,0.0,0.0,0.0,0.0,0.0,0.0,0.0,0.0,0.0,0.0,0.0,0.0,0.0,0.0,0.0,0.0,0.0,0.0,0.0,0.0,0.0,0.0,0.0,0.0,0.0,0.0,0.0,0.0,0.0,0.0,0.0,0.0,0.0
2026-02-04T15:07:54.843789,906.7,2.4,48,92.9,234.2,2,8.4,6.3,97.2,7.0,7.7,6.9,6.9,7.0,7.0,7.7,8.3,7.6,7.1,7.6,7.7,7.1,7.0,8.5,7.7,7.0,7.7,7.0,8.4,7.0,7.0,7.0,7.0,7.0,7.0,7.7,7.0,7.1,9.2,7.0,7.7,7.8,7.0,7.0,7.0,7.0,7.0,7.7,7.0,10.4,7.1,7.7,7.6,7.0,0.0,0.0,0.0,0.0,0.0,0.0,0.0,0.0,0.0,0.0,0.0,0.0,0.0,0.0,0.0,0.0,0.0,0.0,0.0,0.0,0.0,0.0,0.0,0.0,0.0,0.0,0.0,0.0,0.0,0.0,0.0,0.0,0.0,0.0,0.0,0.0,0.0,0.0,0.0,0.0,0.0,0.0,0.0,0.0,0.0,0.0,0.0,0.0
2026-02-04T15:07:57.069585,909.0,2.5,48,92.9,234.2,2,7.6,7.0,98.6,7.0,8.5,7.0,7.7,9.1,14.1,7.7,7.7,6.5,7.0,7.2,7.7,7.7,8.5,7.0,8.5,7.0,8.4,7.0,7.7,7.0,8.3,7.0,8.2,8.5,7.0,7.0,7.7,7.7,7.6,7.0,7.7,6.4,7.7,7.0,7.7,7.0,7.7,7.0,7.7,7.0,7.0,7.0,7.7,7.0,0.0,0.0,0.0,0.0,0.0,0.0,0.0,0.0,0.0,0.0,0.0,0.0,0.0,0.0,0.0,0.0,0.0,0.0,0.0,0.0,0.0,0.0,0.0,0.0,0.0,0.0,0.0,0.0,0.0,0.0,0.0,0.0,0.0,0.0,0.0,0.0,0.0,0.0,0.0,0.0,0.0,0.0,0.0,0.0,0.0,0.0,0.0,0.0
2026-02-04T15:07:59.308255,911.2,95.3,48,186.1,234.2,2,7.1,7.7,97.9,7.0,7.7,7.0,8.5,7.0,7.0,8.5,8.5,7.0,7.7,7.0,7.1,7.0,7.0,7.0,5.6,7.0,7.0,7.7,7.7,7.7,7.0,7.0,6.6,9.1,7.0,7.7,7.0,7.0,7.7,7.0,7.0,7.0,8.3,7.0,8.5,7.7,7.1,7.7,7.0,7.0,7.0,7.0,7.0,7.0,0.0,0.0,0.0,0.0,0.0,0.0,0.0,0.0,0.0,0.0,0.0,0.0,0.0,0.0,0.0,0.0,0.0,0.0,0.0,0.0,0.0,0.0,0.0,0.0,0.0,0.0,0.0,0.0,0.0,0.0,0.0,0.0,0.0,0.0,0.0,0.0,0.0,0.0,0.0,0.0,0.0,0.0,0.0,0.0,0.0,0.0,0.0,0.0
2026-02-04T15:08:01.539050,913.4,16.5,45,8296.0,222.2,2,1.4,0.7,1.4,1.4,1.4,0.7,1.4,2.1,0.7,2.1,1.4,0.7,0.7,0.7,3.4,0.7,1.4,0.7,2.1,0.7,4.1,0.7,0.7,0.7,0.7,0.7,1.4,2.8,0.7,0.7,0.7,0.7,2.1,0.7,97.9,0.7,5.6,0.7,0.7,0.7,1.4,0.7,1.4,0.7,0.7,1.4,0.7,1.4,100.0,88.1,67.0,100.0,7.3,72.3,82.3,61.4,72.5,0.0,0.0,91.1,100.0,100.0,44.9,100.0,100.0,78.2,100.0,100.0,100.0,0.0,100.0,100.0,94.1,100.0,15.5,100.0,9.3,43.4,38.8,100.0,49.2,99.0,70.2,100.0,0.0,51.3,76.7,10.9,100.0,84.7,0.0,50.5,100.0,87.7,55.6,100.0
2026-02-04T15:08:03.764998,915.7,2.2,48,92.7,234.2,2,7.0,7.1,99.3,7.1,8.4,7.8,7.0,8.3,7.0,7.0,7.7,7.1,7.7,7.1,7.0,7.0,7.7,7.1,7.1,13.5,7.0,7.1,7.1,7.1,7.1,7.1,7.1,8.4,7.1,7.1,7.1,7.1,7.1,8.5,7.1,7.8,7.1,7.1,7.1,7.8,7.1,7.1,7.1,7.0,7.1,7.0,7.1,7.7,0.0,0.0,0.0,0.0,0.0,0.0,0.0,0.0,0.0,0.0,0.0,0.0,0.0,0.0,0.0,0.0,0.0,0.0,0.0,0.0,0.0,0.0,0.0,0.0,0.0,0.0,0.0,0.0,0.0,0.0,0.0,0.0,0.0,0.0,0.0,0.0,0.0,0.0,0.0,0.0,0.0,0.0,0.0,0.0,0.0,0.0,0.0,0.0
2026-02-04T15:08:05.991497,917.9,2.3,48,92.4,234.2,2,9.2,7.0,97.9,7.0,10.5,7.0,7.0,11.0,7.1,7.0,7.1,7.0,7.1,7.0,7.8,7.0,7.7,7.0,8.3,7.0,8.3,7.7,8.4,7.7,7.0,7.7,7.0,9.2,8.5,7.7,7.7,7.0,7.0,7.1,8.3,8.3,6.9,7.0,7.0,7.0,7.0,7.0,7.0,7.0,13.4,7.1,7.7,7.0,0.0,0.0,0.0,0.0,0.0,0.0,0.0,0.0,0.0,0.0,0.0,0.0,0.0,0.0,0.0,0.0,0.0,0.0,0.0,0.0,0.0,0.0,0.0,0.0,0.0,0.0,0.0,0.0,0.0,0.0,0.0,0.0,0.0,0.0,0.0,0.0,0.0,0.0,0.0,0.0,0.0,0.0,0.0,0.0,0.0,0.0,0.0,0.0
2026-02-04T15:08:08.217957,920.1,3.0,48,92.7,234.2,2,11.1,7.7,98.6,7.9,9.9,8.4,8.3,11.0,9.0,7.7,8.3,7.7,8.4,7.6,8.4,7.7,8.4,7.9,9.9,7.7,9.8,8.4,16.9,7.9,9.7,7.9,8.3,10.6,8.4,7.9,8.6,7.7,7.0,7.6,9.0,8.6,8.5,7.9,8.6,8.6,8.4,7.7,9.2,7.7,8.3,7.6,8.4,7.7,0.0,0.0,0.0,0.0,0.0,0.0,0.0,0.0,0.0,0.0,0.0,0.0,0.0,0.0,0.0,0.0,0.0,0.0,0.0,0.0,0.0,0.0,0.0,0.0,0.0,0.0,0.0,0.0,0.0,0.0,0.0,0.0,0.0,0.0,0.0,0.0,0.0,0.0,0.0,0.0,0.0,0.0,0.0,0.0,0.0,0.0,0.0,0.0
2026-02-04T15:08:10.444319,922.3,2.0,48,92.9,234.2,2,9.0,6.2,98.6,6.2,9.7,6.3,9.2,12.9,7.7,6.4,7.7,7.0,7.0,7.1,7.6,6.3,6.3,7.6,6.3,7.7,7.0,7.7,6.9,6.9,7.8,6.9,6.3,10.4,7.7,6.2,10.1,7.0,7.7,6.4,7.8,6.2,7.0,6.2,7.6,6.2,7.1,7.7,6.9,7.0,7.1,7.0,7.7,6.3,0.0,0.0,0.0,0.0,0.0,0.0,0.0,0.0,0.0,0.0,0.0,0.0,0.0,0.0,0.0,0.0,0.0,0.0,0.0,0.0,0.0,0.0,0.0,0.0,0.0,0.0,0.0,0.0,0.0,0.0,0.0,0.0,0.0,0.0,0.0,0.0,0.0,0.0,0.0,0.0,0.0,0.0,0.0,0.0,0.0,0.0,0.0,0.0
2026-02-04T15:08:12.671052,924.6,2.9,48,92.3,234.2,2,10.5,7.7,97.9,7.7,9.1,8.9,8.4,7.7,9.7,7.7,7.7,8.3,8.3,8.4,7.8,8.4,7.7,7.7,7.7,7.7,9.2,7.7,7.8,7.7,8.4,7.7,7.8,9.8,7.0,7.7,11.6,7.6,13.9,7.7,7.7,7.7,8.4,7.7,7.6,7.0,7.7,7.1,7.6,8.5,8.3,7.8,9.8,7.0,0.0,0.0,0.0,0.0,0.0,0.0,0.0,0.0,0.0,0.0,0.0,0.0,0.0,0.0,0.0,0.0,0.0,0.0,0.0,0.0,0.0,0.0,0.0,0.0,0.0,0.0,0.0,0.0,0.0,0.0,0.0,0.0,0.0,0.0,0.0,0.0,0.0,0.0,0.0,0.0,0.0,0.0,0.0,0.0,0.0,0.0,0.0,0.0
2026-02-04T15:08:14.898063,926.8,1.9,48,92.6,234.2,2,7.8,7.8,98.6,7.7,8.5,7.8,9.2,8.4,8.5,7.7,7.8,7.7,13.5,10.9,7.6,7.7,7.8,7.7,7.7,7.7,8.4,7.0,7.0,7.7,7.7,7.0,7.7,9.1,7.7,7.0,9.1,7.1,7.7,7.0,8.3,7.0,7.7,8.3,7.7,7.7,7.7,7.0,7.7,8.4,7.7,7.7,8.4,7.7,0.0,0.0,0.0,0.0,0.0,0.0,0.0,0.0,0.0,0.0,0.0,0.0,0.0,0.0,0.0,0.0,0.0,0.0,0.0,0.0,0.0,0.0,0.0,0.0,0.0,0.0,0.0,0.0,0.0,0.0,0.0,0.0,0.0,0.0,0.0,0.0,0.0,0.0,0.0,0.0,0.0,0.0,0.0,0.0,0.0,0.0,0.0,0.0
2026-02-04T15:08:17.124565,929.0,2.9,48,93.0,234.2,2,9.2,8.4,99.3,7.0,9.1,7.0,7.8,9.1,10.5,8.3,7.6,7.7,8.3,7.0,7.7,6.9,7.6,7.7,7.9,7.0,7.6,7.7,9.2,7.7,8.4,7.7,7.7,8.4,7.6,7.7,11.6,7.7,7.7,7.7,9.2,7.0,7.7,7.0,8.5,7.0,7.7,7.0,5.6,8.3,7.8,7.0,9.0,7.0,0.0,0.0,0.0,0.0,0.0,0.0,0.0,0.0,0.0,0.0,0.0,0.0,0.0,0.0,0.0,0.0,0.0,0.0,0.0,0.0,0.0,0.0,0.0,0.0,0.0,0.0,0.0,0.0,0.0,0.0,0.0,0.0,0.0,0.0,0.0,0.0,0.0,0.0,0.0,0.0,0.0,0.0,0.0,0.0,0.0,0.0,0.0,0.0
2026-02-04T15:08:19.350178,931.2,2.8,48,93.4,234.2,2,8.3,8.5,97.9,7.0,8.5,7.7,9.0,6.1,9.7,7.0,9.8,7.7,9.2,7.0,9.9,7.1,7.8,7.0,7.6,7.0,8.5,13.4,7.7,7.7,7.7,7.7,7.0,7.7,7.0,7.7,10.4,7.1,8.5,7.7,7.7,7.0,7.0,8.4,7.7,7.7,7.7,7.6,7.0,7.8,8.5,7.7,8.5,8.4,0.0,0.0,0.0,0.0,0.0,0.0,0.0,0.0,0.0,0.0,0.0,0.0,0.0,0.0,0.0,0.0,0.0,0.0,0.0,0.0,0.0,0.0,0.0,0.0,0.0,0.0,0.0,0.0,0.0,0.0,0.0,0.0,0.0,0.0,0.0,0.0,0.0,0.0,0.0,0.0,0.0,0.0,0.0,0.0,0.0,0.0,0.0,0.0
2026-02-04T15:08:21.604290,933.5,2.4,48,92.4,234.2,2,8.4,8.4,78.3,13.4,30.1,7.7,9.8,7.7,9.8,7.0,9.8,8.5,8.5,8.5,6.9,8.5,8.4,8.5,8.4,9.1,8.5,8.5,8.5,8.5,7.7,7.7,8.5,8.5,8.5,8.5,11.0,8.4,8.4,8.5,8.4,8.5,8.5,8.5,8.4,8.5,8.5,8.5,8.4,8.4,8.4,8.4,8.4,8.5,0.0,0.0,0.0,0.0,0.0,0.0,0.0,0.0,0.0,0.0,0.0,0.0,0.0,0.0,0.0,0.0,0.0,0.0,0.0,0.0,0.0,0.0,0.0,0.0,0.0,0.0,0.0,0.0,0.0,0.0,0.0,0.0,0.0,0.0,0.0,0.0,0.0,0.0,0.0,0.0,0.0,0.0,0.0,0.0,0.0,0.0,0.0,0.0
2026-02-04T15:08:23.829746,935.7,2.3,49,92.8,234.2,2,7.6,6.9,21.5,7.6,85.4,7.6,8.3,7.0,7.6,8.3,8.3,6.9,7.6,7.6,7.6,7.6,6.3,7.6,7.6,6.9,7.6,6.9,9.0,6.9,7.6,7.6,8.2,9.7,13.9,7.6,10.3,6.9,7.5,7.6,7.7,6.9,7.6,7.6,8.3,6.9,8.9,6.9,6.9,7.6,7.5,6.9,6.9,7.6,100.0,0.0,0.0,0.0,0.0,0.0,0.0,0.0,0.0,0.0,0.0,0.0,0.0,0.0,0.0,0.0,0.0,0.0,0.0,0.0,0.0,0.0,0.0,0.0,0.0,0.0,0.0,0.0,0.0,0.0,0.0,0.0,0.0,0.0,0.0,0.0,0.0,0.0,0.0,0.0,0.0,0.0,0.0,0.0,0.0,0.0,0.0,0.0
2026-02-04T15:08:26.056887,937.9,40.3,48,246.5,234.2,2,6.3,7.7,97.9,7.7,9.2,7.7,8.4,7.6,10.6,7.7,8.4,7.7,7.7,7.7,7.7,8.4,7.6,8.4,7.7,7.7,7.7,8.4,8.4,7.7,8.4,7.7,8.5,9.2,7.7,7.7,11.7,7.7,8.5,7.7,9.8,7.7,8.4,7.7,7.7,7.7,7.7,8.3,8.4,7.7,7.8,7.7,8.4,7.7,0.0,0.0,0.0,0.0,0.0,0.0,0.0,0.0,0.0,0.0,0.0,0.0,0.0,0.0,0.0,0.0,0.0,0.0,0.0,0.0,0.0,0.0,0.0,0.0,0.0,0.0,0.0,0.0,0.0,0.0,0.0,0.0,0.0,0.0,0.0,0.0,0.0,0.0,0.0,0.0,0.0,0.0,0.0,0.0,0.0,0.0,0.0,0.0
2026-02-04T15:08:28.285875,940.2,27.3,2,7814.3,222.2,2,0.7,1.4,99.3,1.4,1.4,1.4,2.1,1.4,4.2,1.4,4.2,2.1,1.4,2.1,2.1,2.1,1.4,2.1,1.4,1.4,1.4,1.4,1.4,1.4,1.4,1.4,1.4,3.5,1.4,1.4,9.4,1.4,2.1,1.4,1.4,1.4,1.4,1.4,1.4,1.4,1.4,1.4,1.4,1.4,1.4,1.4,2.1,1.4,0.0,0.0,0.0,0.0,0.0,0.0,0.0,0.0,0.0,0.0,0.0,0.0,0.0,0.0,0.0,0.0,0.0,0.0,0.0,0.0,0.0,0.0,0.0,0.0,0.0,0.0,0.0,0.0,0.0,0.0,0.0,0.0,0.0,0.0,0.0,0.0,0.0,0.0,0.0,0.0,0.0,0.0,0.0,0.0,0.0,0.0,0.0,0.0
2026-02-04T15:08:30.511042,942.4,1.9,47,92.4,234.2,2,4.9,5.7,98.6,5.7,5.6,5.6,5.6,5.7,5.6,5.7,6.3,5.7,5.7,5.7,5.6,5.7,5.6,5.7,7.7,5.7,5.7,5.7,5.7,5.7,5.7,5.7,5.7,7.7,5.7,5.7,5.6,6.4,5.7,5.7,5.7,5.7,5.7,12.1,5.7,5.7,5.7,5.7,5.7,6.4,6.4,5.7,6.4,5.7,0.0,0.0,0.0,0.0,0.0,0.0,0.0,0.0,0.0,0.0,0.0,0.0,0.0,0.0,0.0,0.0,0.0,0.0,0.0,0.0,0.0,0.0,0.0,0.0,0.0,0.0,0.0,0.0,0.0,0.0,0.0,0.0,0.0,0.0,0.0,0.0,0.0,0.0,0.0,0.0,0.0,0.0,0.0,0.0,0.0,0.0,0.0,0.0
2026-02-04T15:08:32.737060,944.6,2.5,48,92.3,234.2,2,8.4,6.9,98.6,7.9,7.7,7.0,7.0,8.4,9.9,8.5,7.1,12.7,7.7,7.0,7.3,7.6,7.7,7.0,7.7,15.6,7.7,7.0,7.0,7.0,7.6,10.2,7.7,9.7,7.7,7.0,7.0,8.4,7.6,8.5,7.0,7.0,7.7,9.2,10.2,7.0,7.0,7.0,7.0,7.0,7.6,7.7,8.5,7.0,0.0,0.0,0.0,0.0,0.0,0.0,0.0,0.0,0.0,0.0,0.0,0.0,0.0,0.0,0.0,0.0,0.0,0.0,0.0,0.0,0.0,0.0,0.0,0.0,0.0,0.0,0.0,0.0,0.0,0.0,0.0,0.0,0.0,0.0,0.0,0.0,0.0,0.0,0.0,0.0,0.0,0.0,0.0,0.0,0.0,0.0,0.0,0.0
2026-02-04T15:08:34.962772,946.9,1.9,45,123.4,234.2,2,8.3,6.3,97.9,5.7,8.5,7.0,7.0,6.3,6.2,5.7,7.6,4.4,7.6,6.3,6.1,7.0,6.3,6.3,6.3,5.7,7.0,7.0,9.2,6.3,6.3,5.3,8.4,7.0,7.0,6.9,8.5,6.3,6.3,6.3,7.6,6.3,7.7,4.8,4.8,6.3,6.3,7.6,6.3,6.3,7.0,6.3,6.9,6.3,0.0,0.0,0.0,0.0,0.0,0.0,0.0,0.0,0.0,0.0,0.0,0.0,0.0,0.0,0.0,0.0,0.0,0.0,0.0,0.0,0.0,0.0,0.0,0.0,0.0,0.0,0.0,0.0,0.0,0.0,0.0,0.0,0.0,0.0,0.0,0.0,0.0,0.0,0.0,0.0,0.0,0.0,0.0,0.0,0.0,0.0,0.0,0.0
2026-02-04T15:08:37.188870,949.1,2.2,48,93.1,234.2,2,6.3,7.7,97.9,7.0,7.6,7.7,8.5,7.0,7.7,7.0,7.7,7.0,7.0,7.7,7.7,7.7,7.1,7.0,7.6,7.0,7.0,7.0,7.7,7.0,8.5,7.0,13.4,8.4,7.7,7.0,7.0,7.0,7.7,7.0,7.7,7.0,7.7,7.0,7.7,7.0,7.7,10.3,7.0,7.6,6.9,7.0,6.9,7.0,0.0,0.0,0.0,0.0,0.0,0.0,0.0,0.0,0.0,0.0,0.0,0.0,0.0,0.0,0.0,0.0,0.0,0.0,0.0,0.0,0.0,0.0,0.0,0.0,0.0,0.0,0.0,0.0,0.0,0.0,0.0,0.0,0.0,0.0,0.0,0.0,0.0,0.0,0.0,0.0,0.0,0.0,0.0,0.0,0.0,0.0,0.0,0.0
2026-02-04T15:08:39.414543,951.3,1.9,48,123.6,234.2,2,7.7,7.0,97.9,7.0,14.1,7.0,8.3,7.0,7.0,7.5,7.0,7.0,7.7,8.5,7.6,7.0,6.9,7.0,7.7,7.0,7.1,7.0,7.0,7.0,7.0,7.0,7.0,7.7,7.0,7.0,7.0,7.6,7.0,7.6,7.0,7.0,7.6,7.0,7.0,7.6,7.0,11.0,7.0,9.1,7.0,7.0,7.0,7.0,0.0,0.0,0.0,0.0,0.0,0.0,0.0,0.0,0.0,0.0,0.0,0.0,0.0,0.0,0.0,0.0,0.0,0.0,0.0,0.0,0.0,0.0,0.0,0.0,0.0,0.0,0.0,0.0,0.0,0.0,0.0,0.0,0.0,0.0,0.0,0.0,0.0,0.0,0.0,0.0,0.0,0.0,0.0,0.0,0.0,0.0,0.0,0.0
2026-02-04T15:08:41.640280,953.5,3.3,48,92.5,234.2,2,8.4,7.7,97.9,8.5,9.8,8.5,7.7,8.5,7.8,7.2,9.2,7.7,9.1,6.5,9.9,9.5,7.8,7.7,5.6,13.4,7.7,7.7,7.7,7.7,7.7,7.7,8.5,7.0,7.7,7.7,7.7,7.7,7.7,13.5,8.4,7.7,9.0,8.5,7.7,7.7,7.7,9.1,7.7,8.5,8.5,7.7,9.1,7.7,0.0,0.0,0.0,0.0,0.0,0.0,0.0,0.0,0.0,0.0,0.0,0.0,0.0,0.0,0.0,0.0,0.0,0.0,0.0,0.0,0.0,0.0,0.0,0.0,0.0,0.0,0.0,0.0,0.0,0.0,0.0,0.0,0.0,0.0,0.0,0.0,0.0,0.0,0.0,0.0,0.0,0.0,0.0,0.0,0.0,0.0,0.0,0.0
2026-02-04T15:08:43.897089,955.8,2.2,47,92.6,234.2,2,7.7,7.0,99.3,7.0,8.5,13.3,7.0,7.0,6.9,8.5,7.7,7.0,7.1,7.0,7.7,5.6,7.0,7.7,7.1,4.9,7.0,7.0,7.0,7.7,7.1,7.7,7.0,9.2,7.0,7.0,7.0,7.7,7.6,7.0,7.0,7.0,9.1,7.0,7.0,7.0,7.7,7.0,7.7,7.1,7.7,7.0,7.1,7.0,0.0,0.0,0.0,0.0,0.0,0.0,0.0,0.0,0.0,0.0,0.0,0.0,0.0,0.0,0.0,0.0,0.0,0.0,0.0,0.0,0.0,0.0,0.0,0.0,0.0,0.0,0.0,0.0,0.0,0.0,0.0,0.0,0.0,0.0,0.0,0.0,0.0,0.0,0.0,0.0,0.0,0.0,0.0,0.0,0.0,0.0,0.0,0.0
2026-02-04T15:08:46.122759,958.0,2.3,76,92.9,234.2,2,8.8,7.6,97.9,7.6,9.7,7.6,7.6,7.6,7.7,7.7,7.5,7.6,7.6,7.7,7.6,7.6,7.6,7.6,8.2,7.6,7.6,7.6,7.6,7.6,7.6,7.6,7.6,7.6,7.6,7.6,8.3,7.6,8.3,7.6,8.3,7.6,11.6,7.6,8.3,7.6,13.1,7.6,7.6,7.5,8.2,7.6,8.9,7.6,100.0,100.0,0.0,0.0,100.0,100.0,100.0,0.0,100.0,100.0,100.0,0.0,0.0,0.0,100.0,0.0,100.0,100.0,0.0,0.0,0.0,0.0,0.0,100.0,0.0,100.0,100.0,100.0,100.0,100.0,100.0,100.0,0.0,100.0,0.0,0.0,100.0,100.0,0.0,100.0,0.0,100.0,100.0,0.0,100.0,100.0,100.0,0.0
2026-02-04T15:08:48.348287,960.2,100.0,48,93.0,234.2,2,7.9,8.2,98.6,8.7,9.2,7.6,7.7,8.9,7.6,8.7,7.7,8.7,8.4,8.7,7.7,7.6,8.3,7.6,7.7,8.6,14.3,8.8,9.8,7.6,9.4,8.8,9.2,10.4,8.1,8.7,7.6,8.8,10.4,7.7,9.4,8.5,8.8,8.7,8.8,8.8,8.5,9.5,8.7,7.7,7.7,7.7,8.5,8.8,0.0,0.0,0.0,0.0,0.0,0.0,0.0,0.0,0.0,0.0,0.0,0.0,0.0,0.0,0.0,0.0,0.0,0.0,0.0,0.0,0.0,0.0,0.0,0.0,0.0,0.0,0.0,0.0,0.0,0.0,0.0,0.0,0.0,0.0,0.0,0.0,0.0,0.0,0.0,0.0,0.0,0.0,0.0,0.0,0.0,0.0,0.0,0.0
2026-02-04T15:08:50.572994,962.5,4.2,48,155.3,234.2,2,7.7,7.2,97.2,6.9,9.2,8.6,9.7,6.8,8.5,6.9,9.2,11.2,9.1,6.2,9.1,7.8,10.5,7.1,8.3,7.0,7.2,6.9,6.9,7.8,7.6,6.2,8.3,7.7,7.3,6.3,7.8,6.2,6.2,7.7,6.3,7.7,7.5,6.3,6.9,6.9,7.1,6.9,6.9,7.7,7.8,7.7,8.4,6.9,0.0,0.0,0.0,0.0,0.0,0.0,0.0,0.0,0.0,0.0,0.0,0.0,0.0,0.0,0.0,0.0,0.0,0.0,0.0,0.0,0.0,0.0,0.0,0.0,0.0,0.0,0.0,0.0,0.0,0.0,0.0,0.0,0.0,0.0,0.0,0.0,0.0,0.0,0.0,0.0,0.0,0.0,0.0,0.0,0.0,0.0,0.0,0.0
2026-02-04T15:08:52.794501,964.7,51.1,3,8973.9,222.2,2,2.8,2.1,100.0,2.8,3.5,2.8,8.2,2.8,2.8,2.8,3.5,3.5,3.5,2.1,3.4,2.1,3.5,2.8,3.5,2.1,2.8,2.1,2.8,2.1,2.8,2.1,2.1,5.6,3.5,2.1,2.8,2.8,4.2,2.8,2.8,2.8,2.8,2.8,2.1,3.5,2.1,3.5,3.5,2.8,3.5,2.1,3.5,2.1,0.0,0.0,0.0,0.0,0.0,0.0,0.0,0.0,0.0,0.0,0.0,0.0,0.0,0.0,0.0,0.0,0.0,0.0,0.0,0.0,0.0,0.0,0.0,0.0,0.0,0.0,0.0,0.0,0.0,0.0,0.0,0.0,0.0,0.0,0.0,0.0,0.0,0.0,0.0,0.0,0.0,0.0,0.0,0.0,0.0,0.0,0.0,0.0
2026-02-04T15:08:55.019889,966.9,2.6,4,92.4,234.2,2,4.3,4.3,98.6,4.3,4.2,5.0,6.9,4.3,4.2,4.3,4.2,4.3,4.2,4.3,4.3,4.3,4.3,4.3,4.9,4.3,4.3,4.3,4.3,4.3,4.3,4.3,5.0,4.9,5.7,10.7,4.3,4.3,4.2,4.3,4.3,4.3,4.3,4.3,4.3,4.3,4.3,4.3,4.3,4.2,4.3,5.0,4.9,4.3,0.0,0.0,0.0,0.0,0.0,0.0,0.0,0.0,0.0,0.0,0.0,0.0,0.0,0.0,0.0,0.0,0.0,0.0,0.0,0.0,0.0,0.0,0.0,0.0,0.0,0.0,0.0,0.0,0.0,0.0,0.0,0.0,0.0,0.0,0.0,0.0,0.0,0.0,0.0,0.0,0.0,0.0,0.0,0.0,0.0,0.0,0.0,0.0
2026-02-04T15:08:57.245130,969.1,2.3,48,124.3,234.2,2,9.0,8.4,97.9,7.7,8.5,7.7,9.2,8.4,6.4,8.4,9.2,8.4,8.6,7.7,9.0,8.5,8.5,7.7,8.5,7.7,7.7,19.7,8.3,7.7,7.7,8.4,8.4,7.7,7.7,7.7,8.4,8.4,7.8,9.2,8.4,7.7,8.5,18.0,8.4,19.7,8.4,7.7,8.4,9.2,8.4,8.5,10.2,9.0,0.0,0.0,0.0,0.0,0.0,0.0,0.0,0.0,0.0,0.0,0.0,0.0,0.0,0.0,0.0,0.0,0.0,0.0,0.0,0.0,0.0,0.0,0.0,0.0,0.0,0.0,0.0,0.0,0.0,0.0,0.0,0.0,0.0,0.0,0.0,0.0,0.0,0.0,0.0,0.0,0.0,0.0,0.0,0.0,0.0,0.0,0.0,0.0
2026-02-04T15:08:59.470970,971.4,2.3,45,92.8,234.2,2,7.0,7.0,97.9,7.0,6.9,7.7,9.0,17.9,6.3,7.0,7.0,7.0,6.9,7.0,7.1,7.0,7.7,7.0,8.4,7.7,8.3,4.4,7.8,7.0,7.7,7.0,7.1,7.7,7.0,7.0,7.0,7.0,8.3,7.7,7.1,7.0,7.0,4.5,7.0,4.5,7.7,7.0,7.0,7.0,7.7,7.0,6.4,7.0,0.0,0.0,0.0,0.0,0.0,0.0,0.0,0.0,0.0,0.0,0.0,0.0,0.0,0.0,0.0,0.0,0.0,0.0,0.0,0.0,0.0,0.0,0.0,0.0,0.0,0.0,0.0,0.0,0.0,0.0,0.0,0.0,0.0,0.0,0.0,0.0,0.0,0.0,0.0,0.0,0.0,0.0,0.0,0.0,0.0,0.0,0.0,0.0
2026-02-04T15:09:01.696976,973.6,2.6,47,123.4,234.2,2,8.5,8.3,98.6,7.0,7.7,8.1,9.2,4.4,7.7,9.2,7.7,12.8,7.7,7.0,6.9,7.7,14.7,6.3,9.1,7.0,7.7,7.0,7.7,7.0,7.7,7.0,7.7,7.7,8.4,7.0,7.7,7.0,9.7,7.0,9.0,7.0,8.3,7.0,7.7,7.0,7.7,6.2,7.7,7.7,7.7,7.7,7.7,7.7,0.0,0.0,0.0,0.0,0.0,0.0,0.0,0.0,0.0,0.0,0.0,0.0,0.0,0.0,0.0,0.0,0.0,0.0,0.0,0.0,0.0,0.0,0.0,0.0,0.0,0.0,0.0,0.0,0.0,0.0,0.0,0.0,0.0,0.0,0.0,0.0,0.0,0.0,0.0,0.0,0.0,0.0,0.0,0.0,0.0,0.0,0.0,0.0
2026-02-04T15:09:03.923459,975.8,2.8,47,92.8,234.2,2,9.0,7.0,97.9,7.0,8.4,6.7,9.1,7.7,9.2,5.7,8.3,4.9,7.6,9.6,7.7,7.0,8.4,9.6,8.3,7.0,8.4,7.7,9.2,7.0,7.7,7.0,8.4,7.7,7.6,7.7,7.7,7.7,9.0,7.0,9.2,7.7,7.0,7.7,8.5,7.0,7.7,7.1,7.7,7.6,6.9,13.3,7.7,7.0,0.0,0.0,0.0,0.0,0.0,0.0,0.0,0.0,0.0,0.0,0.0,0.0,0.0,0.0,0.0,0.0,0.0,0.0,0.0,0.0,0.0,0.0,0.0,0.0,0.0,0.0,0.0,0.0,0.0,0.0,0.0,0.0,0.0,0.0,0.0,0.0,0.0,0.0,0.0,0.0,0.0,0.0,0.0,0.0,0.0,0.0,0.0,0.0
2026-02-04T15:09:06.179127,978.0,1.9,48,123.4,234.2,2,7.0,7.7,97.2,7.7,9.9,7.0,9.2,7.6,7.1,7.0,7.7,7.0,7.1,7.0,7.0,7.0,7.0,6.1,7.0,7.0,7.1,7.0,7.0,7.7,8.3,13.3,7.0,8.5,9.2,7.7,7.7,7.0,9.1,7.7,8.3,7.7,7.7,7.0,7.7,7.7,9.1,7.6,7.7,7.1,7.7,7.0,7.7,7.7,0.0,0.0,0.0,0.0,0.0,0.0,0.0,0.0,0.0,0.0,0.0,0.0,0.0,0.0,0.0,0.0,0.0,0.0,0.0,0.0,0.0,0.0,0.0,0.0,0.0,0.0,0.0,0.0,0.0,0.0,0.0,0.0,0.0,0.0,0.0,0.0,0.0,0.0,0.0,0.0,0.0,0.0,0.0,0.0,0.0,0.0,0.0,0.0
2026-02-04T15:09:08.405539,980.3,2.6,48,92.8,234.2,2,6.9,6.9,64.6,6.9,9.6,7.6,6.9,6.9,41.5,6.9,6.9,6.9,6.9,7.2,7.0,13.2,6.9,6.9,6.9,6.9,6.8,6.9,6.9,6.9,6.9,6.9,6.9,9.0,7.5,6.9,7.6,7.6,9.5,7.6,8.3,6.9,6.9,6.9,6.9,6.9,5.5,6.9,6.9,7.5,6.9,6.9,6.9,6.9,0.0,0.0,0.0,0.0,0.0,0.0,0.0,0.0,0.0,0.0,0.0,0.0,0.0,0.0,0.0,0.0,0.0,0.0,0.0,0.0,0.0,0.0,0.0,0.0,0.0,0.0,0.0,0.0,0.0,0.0,0.0,0.0,0.0,0.0,0.0,0.0,0.0,0.0,0.0,0.0,0.0,0.0,0.0,0.0,0.0,0.0,0.0,0.0
2026-02-04T15:09:10.636473,982.5,2.7,48,92.7,234.2,2,9.1,7.7,37.1,7.7,7.7,7.9,7.7,8.5,71.1,7.7,7.7,7.7,5.6,8.1,8.6,7.7,8.5,7.7,6.4,7.7,8.5,7.7,7.7,7.7,7.7,7.7,7.8,9.2,8.5,7.7,7.7,7.7,7.9,14.2,9.2,7.7,7.7,8.5,7.7,7.7,7.8,8.3,7.7,9.2,7.7,10.9,8.4,7.7,0.0,0.0,0.0,0.0,0.0,0.0,0.0,0.0,0.0,0.0,0.0,0.0,0.0,0.0,0.0,0.0,0.0,0.0,0.0,0.0,0.0,0.0,0.0,0.0,0.0,0.0,0.0,0.0,0.0,0.0,0.0,0.0,0.0,0.0,0.0,0.0,0.0,0.0,0.0,0.0,0.0,0.0,0.0,0.0,0.0,0.0,0.0,0.0
2026-02-04T15:09:12.862805,984.8,2.3,48,92.3,234.2,2,7.7,7.0,98.6,7.0,7.0,8.2,7.7,7.0,7.0,7.7,7.6,7.5,14.0,7.0,6.8,7.5,7.0,7.6,7.7,7.0,7.6,7.0,7.7,6.9,7.7,7.0,7.0,9.1,7.0,7.0,7.0,7.0,6.9,7.0,9.2,7.0,7.0,7.7,7.0,7.7,6.9,7.7,7.0,7.7,6.9,8.3,7.7,7.0,0.0,0.0,0.0,0.0,0.0,0.0,0.0,0.0,0.0,0.0,0.0,0.0,0.0,0.0,0.0,0.0,0.0,0.0,0.0,0.0,0.0,0.0,0.0,0.0,0.0,0.0,0.0,0.0,0.0,0.0,0.0,0.0,0.0,0.0,0.0,0.0,0.0,0.0,0.0,0.0,0.0,0.0,0.0,0.0,0.0,0.0,0.0,0.0
2026-02-04T15:09:15.088390,987.0,3.1,48,123.1,234.2,2,9.0,7.7,97.9,7.7,7.6,8.4,9.8,7.7,7.7,7.7,7.8,7.3,8.5,7.7,7.7,7.3,7.7,7.7,7.7,7.7,9.2,7.7,7.7,8.5,8.5,7.7,8.4,9.2,8.4,7.7,7.7,7.7,8.5,7.7,8.4,9.1,7.7,8.4,7.7,7.7,7.7,7.7,7.7,13.3,7.7,9.7,7.7,7.7,0.0,0.0,0.0,0.0,0.0,0.0,0.0,0.0,0.0,0.0,0.0,0.0,0.0,0.0,0.0,0.0,0.0,0.0,0.0,0.0,0.0,0.0,0.0,0.0,0.0,0.0,0.0,0.0,0.0,0.0,0.0,0.0,0.0,0.0,0.0,0.0,0.0,0.0,0.0,0.0,0.0,0.0,0.0,0.0,0.0,0.0,0.0,0.0
2026-02-04T15:09:17.312198,989.2,98.7,48,155.3,234.2,2,7.7,7.0,99.3,7.0,7.7,7.7,8.5,7.0,7.7,7.7,8.4,7.0,7.7,7.0,7.0,7.7,8.5,7.0,7.0,7.0,7.7,7.0,8.3,7.0,8.3,7.0,7.7,8.4,7.0,7.7,7.7,7.0,7.7,7.0,7.7,7.0,7.0,7.0,7.0,7.6,7.0,7.0,7.6,7.0,7.0,9.0,7.0,7.0,0.0,0.0,0.0,0.0,0.0,0.0,0.0,0.0,0.0,0.0,0.0,0.0,0.0,0.0,0.0,0.0,0.0,0.0,0.0,0.0,0.0,0.0,0.0,0.0,0.0,0.0,0.0,0.0,0.0,0.0,0.0,0.0,0.0,0.0,0.0,0.0,0.0,0.0,0.0,0.0,0.0,0.0,0.0,0.0,0.0,0.0,0.0,0.0
2026-02-04T15:09:19.536764,991.4,1.8,2,92.8,234.2,2,0.7,0.0,99.3,0.0,0.0,0.0,0.7,0.0,1.4,0.0,0.7,0.0,0.0,0.7,0.7,0.0,0.0,0.0,0.0,0.0,0.7,0.0,5.7,0.0,0.0,0.0,0.0,0.0,0.0,0.0,0.0,0.0,0.0,0.0,0.0,0.0,0.0,0.0,0.0,0.0,0.0,0.0,0.0,0.0,0.0,4.1,0.0,0.0,0.0,0.0,0.0,0.0,0.0,0.0,0.0,0.0,0.0,0.0,0.0,0.0,0.0,0.0,0.0,0.0,0.0,0.0,0.0,0.0,0.0,0.0,0.0,0.0,0.0,0.0,0.0,0.0,0.0,0.0,0.0,0.0,0.0,0.0,0.0,0.0,0.0,0.0,0.0,0.0,0.0,0.0,0.0,0.0,0.0,0.0,0.0,0.0
2026-02-04T15:09:21.762396,993.7,1.8,48,92.3,234.2,2,7.1,13.3,97.9,42.3,7.7,7.5,7.7,38.5,8.4,7.0,7.0,38.5,7.2,11.9,7.7,9.5,7.0,11.9,9.2,8.7,6.3,40.0,7.0,11.8,8.4,40.0,7.0,8.5,9.7,40.0,7.7,42.3,38.5,42.3,7.8,40.0,40.0,40.0,8.1,40.0,7.6,40.0,38.5,7.1,6.9,7.1,21.7,19.2,0.0,0.0,0.0,0.0,0.0,0.0,0.0,0.0,0.0,0.0,0.0,0.0,0.0,0.0,0.0,0.0,0.0,0.0,0.0,0.0,0.0,0.0,0.0,0.0,0.0,0.0,0.0,0.0,0.0,0.0,0.0,0.0,0.0,0.0,0.0,0.0,0.0,0.0,0.0,0.0,0.0,0.0,0.0,0.0,0.0,0.0,0.0,0.0
2026-02-04T15:09:23.987283,995.9,2.6,30,92.7,234.2,2,6.9,7.0,97.9,3.9,9.9,6.6,7.7,4.9,7.6,7.0,7.7,3.9,6.2,5.5,7.7,5.6,7.7,5.0,7.7,5.9,5.7,3.9,7.0,5.5,7.0,3.9,7.0,7.7,5.8,3.8,6.9,3.9,4.6,3.9,7.7,3.9,3.9,3.8,6.2,3.9,7.2,3.9,3.9,8.3,7.0,7.6,4.2,4.3,0.0,0.0,0.0,0.0,0.0,0.0,0.0,0.0,0.0,0.0,0.0,0.0,0.0,0.0,0.0,0.0,0.0,0.0,0.0,0.0,0.0,0.0,0.0,0.0,0.0,0.0,0.0,0.0,0.0,0.0,0.0,0.0,0.0,0.0,0.0,0.0,0.0,0.0,0.0,0.0,0.0,0.0,0.0,0.0,0.0,0.0,0.0,0.0
2026-02-04T15:09:26.212674,998.1,4.2,48,123.5,234.2,2,8.4,7.0,98.6,7.0,8.5,7.0,9.1,5.1,9.7,14.1,7.0,7.0,7.0,7.0,9.1,7.0,7.1,8.4,7.7,7.0,8.5,7.7,7.0,7.0,7.0,7.7,7.0,7.7,7.0,7.0,8.3,7.6,9.9,7.0,7.0,7.0,7.7,7.0,7.7,7.0,7.0,7.0,7.0,7.7,7.0,7.0,7.7,7.0,0.0,0.0,0.0,0.0,0.0,0.0,0.0,0.0,0.0,0.0,0.0,0.0,0.0,0.0,0.0,0.0,0.0,0.0,0.0,0.0,0.0,0.0,0.0,0.0,0.0,0.0,0.0,0.0,0.0,0.0,0.0,0.0,0.0,0.0,0.0,0.0,0.0,0.0,0.0,0.0,0.0,0.0,0.0,0.0,0.0,0.0,0.0,0.0
2026-02-04T15:09:28.468894,1000.3,2.3,48,93.2,234.2,2,7.8,6.3,97.9,6.3,9.1,7.1,6.9,6.3,9.0,6.3,7.7,6.3,7.3,7.0,6.3,7.0,6.3,7.0,6.4,6.9,6.3,6.3,6.3,7.0,6.4,6.3,6.3,9.1,6.3,7.7,7.7,6.3,7.0,7.0,6.4,6.3,12.7,7.0,6.3,7.0,6.3,7.0,7.0,6.3,7.0,7.0,7.1,7.0,0.0,0.0,0.0,0.0,0.0,0.0,0.0,0.0,0.0,0.0,0.0,0.0,0.0,0.0,0.0,0.0,0.0,0.0,0.0,0.0,0.0,0.0,0.0,0.0,0.0,0.0,0.0,0.0,0.0,0.0,0.0,0.0,0.0,0.0,0.0,0.0,0.0,0.0,0.0,0.0,0.0,0.0,0.0,0.0,0.0,0.0,0.0,0.0
2026-02-04T15:09:30.695020,1002.6,2.2,48,93.2,234.2,2,8.3,6.9,50.7,9.0,11.0,7.6,8.3,8.2,10.3,6.9,7.7,8.7,53.3,8.9,7.7,6.2,6.9,7.9,6.8,13.2,7.6,7.4,7.6,7.1,9.4,8.2,8.3,8.3,7.6,7.4,8.3,8.2,7.6,8.2,8.2,8.2,6.9,8.7,9.0,9.0,7.6,8.2,9.0,8.3,7.6,8.3,8.9,8.2,0.0,0.0,0.0,0.0,0.0,0.0,0.0,0.0,0.0,0.0,0.0,0.0,0.0,0.0,0.0,0.0,0.0,0.0,0.0,0.0,0.0,0.0,0.0,0.0,0.0,0.0,0.0,0.0,0.0,0.0,0.0,0.0,0.0,0.0,0.0,0.0,0.0,0.0,0.0,0.0,0.0,0.0,0.0,0.0,0.0,0.0,0.0,0.0
2026-02-04T15:09:32.919389,1004.8,2.4,48,93.5,234.2,2,6.3,7.0,45.5,6.7,7.0,7.7,8.4,6.6,9.1,7.7,8.3,6.2,61.3,6.7,7.9,7.7,8.5,6.2,9.2,7.7,7.7,6.7,8.5,6.8,6.8,7.2,7.7,7.7,7.7,6.7,7.0,6.7,10.4,6.7,7.8,6.7,7.7,6.8,6.7,6.6,7.0,6.7,6.1,7.7,7.7,7.2,14.1,6.7,0.0,0.0,0.0,0.0,0.0,0.0,0.0,0.0,0.0,0.0,0.0,0.0,0.0,0.0,0.0,0.0,0.0,0.0,0.0,0.0,0.0,0.0,0.0,0.0,0.0,0.0,0.0,0.0,0.0,0.0,0.0,0.0,0.0,0.0,0.0,0.0,0.0,0.0,0.0,0.0,0.0,0.0,0.0,0.0,0.0,0.0,0.0,0.0
2026-02-04T15:09:35.144474,1007.0,2.2,48,92.6,234.2,2,6.4,7.7,98.6,7.7,8.5,7.7,9.2,7.8,7.1,7.7,7.7,7.7,7.7,7.7,8.8,7.7,7.7,7.7,8.3,7.7,7.7,7.7,7.7,7.7,7.7,14.0,7.8,9.2,7.7,7.7,7.7,7.7,7.7,7.7,9.0,7.7,9.0,7.7,7.7,7.7,7.7,7.7,7.7,7.6,7.7,7.6,7.7,7.7,0.0,0.0,0.0,0.0,0.0,0.0,0.0,0.0,0.0,0.0,0.0,0.0,0.0,0.0,0.0,0.0,0.0,0.0,0.0,0.0,0.0,0.0,0.0,0.0,0.0,0.0,0.0,0.0,0.0,0.0,0.0,0.0,0.0,0.0,0.0,0.0,0.0,0.0,0.0,0.0,0.0,0.0,0.0,0.0,0.0,0.0,0.0,0.0
2026-02-04T15:09:37.370457,1009.3,2.5,48,123.2,234.2,2,8.3,6.3,98.6,7.0,8.5,12.6,11.7,6.2,7.6,6.3,8.5,7.0,7.0,7.0,9.1,6.9,7.7,6.3,7.7,6.3,7.7,6.3,7.0,6.3,7.7,7.0,7.7,11.0,7.7,7.0,6.3,7.7,8.5,7.0,9.1,7.0,7.7,7.0,7.0,7.7,7.7,7.7,7.7,6.3,7.0,7.1,7.0,7.7,0.0,0.0,0.0,0.0,0.0,0.0,0.0,0.0,0.0,0.0,0.0,0.0,0.0,0.0,0.0,0.0,0.0,0.0,0.0,0.0,0.0,0.0,0.0,0.0,0.0,0.0,0.0,0.0,0.0,0.0,0.0,0.0,0.0,0.0,0.0,0.0,0.0,0.0,0.0,0.0,0.0,0.0,0.0,0.0,0.0,0.0,0.0,0.0
2026-02-04T15:09:39.595751,1011.5,5.0,48,92.3,234.2,2,7.0,7.7,98.6,7.0,8.4,7.0,12.9,7.0,8.4,7.0,7.1,7.7,7.0,7.7,7.7,7.0,9.1,7.0,7.7,7.0,7.7,7.0,7.6,7.0,7.7,7.0,6.9,11.1,7.7,7.0,7.7,7.0,6.9,7.7,14.6,7.0,7.7,7.0,7.7,7.0,7.7,7.0,8.4,7.7,7.7,7.0,7.0,7.0,0.0,0.0,0.0,0.0,0.0,0.0,0.0,0.0,0.0,0.0,0.0,0.0,0.0,0.0,0.0,0.0,0.0,0.0,0.0,0.0,0.0,0.0,0.0,0.0,0.0,0.0,0.0,0.0,0.0,0.0,0.0,0.0,0.0,0.0,0.0,0.0,0.0,0.0,0.0,0.0,0.0,0.0,0.0,0.0,0.0,0.0,0.0,0.0
2026-02-04T15:09:41.819247,1013.7,55.4,2,10693.7,222.2,2,4.2,2.8,100.0,2.8,8.4,2.8,4.9,2.8,3.5,2.8,2.8,2.8,3.5,2.8,2.8,2.8,4.2,2.8,4.2,2.8,2.8,2.8,4.2,2.8,2.8,2.8,2.8,3.5,3.5,3.4,2.8,2.8,2.8,2.8,3.5,2.8,2.8,2.8,2.8,2.8,2.8,2.8,2.8,3.5,2.8,2.8,2.8,2.8,0.0,0.0,0.0,0.0,0.0,0.0,0.0,0.0,0.0,0.0,0.0,0.0,0.0,0.0,0.0,0.0,0.0,0.0,0.0,0.0,0.0,0.0,0.0,0.0,0.0,0.0,0.0,0.0,0.0,0.0,0.0,0.0,0.0,0.0,0.0,0.0,0.0,0.0,0.0,0.0,0.0,0.0,0.0,0.0,0.0,0.0,0.0,0.0
2026-02-04T15:09:44.043592,1015.9,2.3,13,93.3,234.2,2,6.4,5.0,98.6,5.0,5.0,5.0,8.3,5.0,5.0,5.1,5.0,6.9,4.9,11.7,6.3,5.0,5.6,5.0,6.4,5.0,5.0,5.0,5.0,5.0,5.0,5.0,5.0,5.6,5.7,5.0,5.0,5.0,5.0,4.9,5.0,5.0,5.0,5.0,5.0,5.6,5.0,5.0,5.6,5.0,4.9,5.0,5.0,5.0,0.0,0.0,0.0,0.0,0.0,0.0,0.0,0.0,0.0,0.0,0.0,0.0,0.0,0.0,0.0,0.0,0.0,0.0,0.0,0.0,0.0,0.0,0.0,0.0,0.0,0.0,0.0,0.0,0.0,0.0,0.0,0.0,0.0,0.0,0.0,0.0,0.0,0.0,0.0,0.0,0.0,0.0,0.0,0.0,0.0,0.0,0.0,0.0
2026-02-04T15:09:46.269490,1018.2,2.4,48,92.7,234.2,2,8.3,7.0,98.6,7.0,7.6,7.0,8.4,7.0,7.6,6.2,7.0,5.5,7.1,6.2,7.7,7.0,6.4,7.0,6.9,7.0,7.0,7.0,7.0,7.0,7.0,7.0,7.0,7.7,7.0,7.0,7.0,7.0,7.0,7.7,6.9,7.0,6.9,7.0,7.7,7.0,13.3,7.0,7.1,6.9,7.0,7.0,7.0,7.7,0.0,0.0,0.0,0.0,0.0,0.0,0.0,0.0,0.0,0.0,0.0,0.0,0.0,0.0,0.0,0.0,0.0,0.0,0.0,0.0,0.0,0.0,0.0,0.0,0.0,0.0,0.0,0.0,0.0,0.0,0.0,0.0,0.0,0.0,0.0,0.0,0.0,0.0,0.0,0.0,0.0,0.0,0.0,0.0,0.0,0.0,0.0,0.0
2026-02-04T15:09:48.494942,1020.4,2.0,48,123.3,234.2,2,7.7,7.0,98.6,7.0,7.0,7.0,8.5,10.4,7.7,10.5,8.3,7.0,7.7,7.0,7.1,7.0,8.3,7.0,7.0,7.0,7.7,7.0,7.0,7.0,7.4,7.0,7.0,7.0,7.0,7.0,7.0,7.0,7.0,7.0,7.1,7.0,7.8,7.0,7.0,7.0,7.0,7.7,7.0,7.8,7.0,8.4,7.0,7.7,0.0,0.0,0.0,0.0,0.0,0.0,0.0,0.0,0.0,0.0,0.0,0.0,0.0,0.0,0.0,0.0,0.0,0.0,0.0,0.0,0.0,0.0,0.0,0.0,0.0,0.0,0.0,0.0,0.0,0.0,0.0,0.0,0.0,0.0,0.0,0.0,0.0,0.0,0.0,0.0,0.0,0.0,0.0,0.0,0.0,0.0,0.0,0.0
2026-02-04T15:09:50.753059,1022.6,2.3,48,92.5,234.2,2,7.7,7.0,98.6,7.0,8.4,7.0,8.3,5.9,7.8,5.3,7.1,7.0,7.0,7.9,7.6,7.0,7.0,7.0,7.0,7.0,7.0,7.0,7.0,7.0,7.4,7.0,7.7,11.1,8.5,7.0,7.0,7.0,6.9,7.0,7.7,7.0,7.0,7.0,7.7,7.0,7.0,7.0,7.0,7.0,7.7,7.0,7.7,7.0,0.0,0.0,0.0,0.0,0.0,0.0,0.0,0.0,0.0,0.0,0.0,0.0,0.0,0.0,0.0,0.0,0.0,0.0,0.0,0.0,0.0,0.0,0.0,0.0,0.0,0.0,0.0,0.0,0.0,0.0,0.0,0.0,0.0,0.0,0.0,0.0,0.0,0.0,0.0,0.0,0.0,0.0,0.0,0.0,0.0,0.0,0.0,0.0
2026-02-04T15:09:52.979033,1024.9,2.3,48,123.1,234.2,2,8.3,7.6,97.9,6.9,11.9,6.9,12.2,6.7,6.8,6.9,6.8,11.2,10.0,6.2,7.6,6.9,6.9,6.9,8.3,6.9,6.9,6.9,6.8,7.6,7.6,6.9,6.8,10.4,6.9,13.8,6.9,7.6,7.6,6.9,7.6,6.9,7.6,6.9,6.9,8.2,7.0,7.6,7.6,7.6,8.9,6.9,7.6,11.1,0.0,0.0,0.0,0.0,0.0,0.0,0.0,0.0,0.0,0.0,0.0,0.0,0.0,0.0,0.0,0.0,0.0,0.0,0.0,0.0,0.0,0.0,0.0,0.0,0.0,0.0,0.0,0.0,0.0,0.0,0.0,0.0,0.0,0.0,0.0,0.0,0.0,0.0,0.0,0.0,0.0,0.0,0.0,0.0,0.0,0.0,0.0,0.0
2026-02-04T15:09:55.204159,1027.1,0.5,48,93.1,234.2,2,6.4,7.0,98.6,7.0,9.0,7.0,10.3,7.7,7.8,7.0,7.7,9.6,6.4,7.7,9.1,6.9,9.2,7.0,7.7,7.7,8.5,7.0,8.5,7.0,7.0,7.7,7.1,9.8,7.0,7.7,7.0,7.7,8.3,8.5,8.4,7.0,8.5,7.7,8.5,7.0,7.0,7.7,7.7,7.0,7.7,7.7,7.0,5.6,0.0,0.0,0.0,0.0,0.0,0.0,0.0,0.0,0.0,0.0,0.0,0.0,0.0,0.0,0.0,0.0,0.0,0.0,0.0,0.0,0.0,0.0,0.0,0.0,0.0,0.0,0.0,0.0,0.0,0.0,0.0,0.0,0.0,0.0,0.0,0.0,0.0,0.0,0.0,0.0,0.0,0.0,0.0,0.0,0.0,0.0,0.0,0.0
2026-02-04T15:09:57.429355,1029.3,1.9,48,123.6,234.2,2,7.0,7.0,98.6,6.3,7.0,7.0,13.0,7.7,6.9,7.0,7.0,6.3,7.7,6.3,6.9,7.1,7.7,6.3,7.7,6.3,9.0,7.0,7.7,6.3,7.0,6.3,7.6,7.0,7.0,6.3,6.3,7.0,7.1,7.0,6.3,6.3,7.0,6.3,7.0,13.3,7.6,6.3,7.0,7.0,8.4,6.3,7.7,6.3,0.0,0.0,0.0,0.0,0.0,0.0,0.0,0.0,0.0,0.0,0.0,0.0,0.0,0.0,0.0,0.0,0.0,0.0,0.0,0.0,0.0,0.0,0.0,0.0,0.0,0.0,0.0,0.0,0.0,0.0,0.0,0.0,0.0,0.0,0.0,0.0,0.0,0.0,0.0,0.0,0.0,0.0,0.0,0.0,0.0,0.0,0.0,0.0
2026-02-04T15:09:59.654480,1031.5,3.3,48,92.8,234.2,2,8.3,7.0,98.6,7.0,8.4,6.9,9.0,7.0,7.7,7.0,7.0,7.0,7.0,9.3,7.0,9.0,12.6,7.0,7.1,7.0,7.0,7.0,7.0,7.7,6.9,7.7,7.0,9.0,7.0,7.7,7.0,7.7,7.0,7.7,7.1,7.0,7.7,7.0,7.0,7.0,7.0,7.0,7.0,7.1,7.6,7.0,7.0,7.0,0.0,0.0,0.0,0.0,0.0,0.0,0.0,0.0,0.0,0.0,0.0,0.0,0.0,0.0,0.0,0.0,0.0,0.0,0.0,0.0,0.0,0.0,0.0,0.0,0.0,0.0,0.0,0.0,0.0,0.0,0.0,0.0,0.0,0.0,0.0,0.0,0.0,0.0,0.0,0.0,0.0,0.0,0.0,0.0,0.0,0.0,0.0,0.0
2026-02-04T15:10:01.879437,1033.8,2.0,48,92.8,234.2,2,9.8,7.7,98.6,7.0,9.1,7.9,10.4,7.2,8.5,7.0,7.8,7.7,8.5,6.2,9.2,6.3,10.5,7.0,8.3,7.7,8.4,7.7,7.7,7.7,14.3,7.0,8.1,9.2,7.7,7.7,7.7,7.0,7.7,7.7,7.7,7.6,8.4,7.0,8.4,7.0,8.4,8.3,7.0,7.7,7.7,7.6,7.0,7.7,0.0,0.0,0.0,0.0,0.0,0.0,0.0,0.0,0.0,0.0,0.0,0.0,0.0,0.0,0.0,0.0,0.0,0.0,0.0,0.0,0.0,0.0,0.0,0.0,0.0,0.0,0.0,0.0,0.0,0.0,0.0,0.0,0.0,0.0,0.0,0.0,0.0,0.0,0.0,0.0,0.0,0.0,0.0,0.0,0.0,0.0,0.0,0.0
2026-02-04T15:10:04.051997,1036.0,11.9,45,0.0,188.0,1,9.0,6.2,95.9,5.5,10.4,5.5,9.7,6.1,6.9,6.2,8.3,5.5,7.6,6.2,8.3,7.6,6.9,6.9,7.0,6.9,6.2,6.9,6.2,6.2,6.9,9.0,6.6,6.3,4.2,6.9,6.2,6.2,6.9,6.2,7.6,6.3,6.9,5.6,6.2,5.6,6.2,5.6,6.2,4.9,6.9,5.6,6.9,4.9,0.0,0.0,0.0,0.0,0.0,0.0,0.0,0.0,0.0,0.0,0.0,0.0,0.0,0.0,0.0,0.0,0.0,0.0,0.0,0.0,0.0,0.0,0.0,0.0,0.0,0.0,0.0,0.0,0.0,0.0,0.0,0.0,0.0,0.0,0.0,0.0,0.0,0.0,0.0,0.0,0.0,0.0,0.0,0.0,0.0,0.0,0.0,0.0
2026-02-04T15:10:06.215339,1038.2,76.6,48,0.0,188.0,1,71.9,73.4,91.4,70.7,77.1,71.2,78.4,72.3,78.3,72.7,75.0,72.1,75.0,70.7,74.8,71.9,74.8,71.9,74.1,71.9,71.4,71.9,71.9,72.1,75.5,72.3,74.1,69.1,71.4,71.2,74.1,71.2,74.5,70.5,74.3,70.5,75.5,68.3,76.4,68.3,74.8,64.7,75.7,67.9,73.4,69.8,75.0,69.1,0.0,0.0,0.0,0.0,0.0,0.0,0.0,0.0,0.0,0.0,0.0,0.0,0.0,0.0,0.0,0.0,0.0,0.0,0.0,0.0,0.0,0.0,0.0,0.0,0.0,0.0,0.0,0.0,0.0,0.0,0.0,0.0,0.0,0.0,0.0,0.0,0.0,0.0,0.0,0.0,0.0,0.0,0.0,0.0,0.0,0.0,0.0,0.0
2026-02-04T15:10:08.384424,1040.3,25.9,48,0.0,188.0,1,35.0,56.5,48.6,38.1,34.1,42.0,33.3,33.6,39.6,34.1,34.1,33.3,37.4,34.1,35.5,34.5,34.8,33.3,33.3,34.1,36.0,34.1,36.4,31.2,35.5,34.1,35.3,34.1,32.6,34.1,34.1,30.4,34.1,32.6,34.1,30.4,35.0,31.9,32.6,31.2,34.1,31.2,33.8,31.2,36.7,32.6,34.8,33.1,0.0,0.0,0.0,0.0,0.0,0.0,0.0,0.0,0.0,0.0,0.0,0.0,0.0,0.0,0.0,0.0,0.0,0.0,0.0,0.0,0.0,0.0,0.0,0.0,0.0,0.0,0.0,0.0,0.0,0.0,0.0,0.0,0.0,0.0,0.0,0.0,0.0,0.0,0.0,0.0,0.0,0.0,0.0,0.0,0.0,0.0,0.0,0.0
2026-02-04T15:10:10.551123,1042.5,2.4,48,0.0,188.0,1,32.1,25.2,79.3,26.3,25.4,25.4,26.1,29.2,27.1,26.3,26.3,26.1,26.3,24.1,26.8,24.8,26.8,24.1,25.5,24.1,26.8,25.5,26.1,24.8,27.0,23.4,26.3,24.3,26.1,30.4,27.0,25.5,22.3,26.3,32.1,24.8,27.0,27.0,27.0,26.3,25.5,25.5,26.3,25.2,26.8,25.9,26.1,26.3,0.0,0.0,0.0,0.0,0.0,0.0,0.0,0.0,0.0,0.0,0.0,0.0,0.0,0.0,0.0,0.0,0.0,0.0,0.0,0.0,0.0,0.0,0.0,0.0,0.0,0.0,0.0,0.0,0.0,0.0,0.0,0.0,0.0,0.0,0.0,0.0,0.0,0.0,0.0,0.0,0.0,0.0,0.0,0.0,0.0,0.0,0.0,0.0
2026-02-04T15:10:12.801738,1044.7,58.7,48,185.7,217.3,2,22.0,17.9,97.2,14.9,21.4,17.9,17.9,17.0,18.0,22.7,18.3,17.7,17.0,15.6,19.3,17.0,17.9,17.0,18.4,16.3,20.0,17.6,18.6,14.9,17.7,16.9,17.7,20.1,17.7,16.3,18.4,16.3,20.1,17.0,17.7,16.3,18.4,16.3,18.4,17.6,18.4,16.3,17.7,18.0,18.4,16.4,17.1,16.3,0.0,0.0,0.0,0.0,0.0,0.0,0.0,0.0,0.0,0.0,0.0,0.0,0.0,0.0,0.0,0.0,0.0,0.0,0.0,0.0,0.0,0.0,0.0,0.0,0.0,0.0,0.0,0.0,0.0,0.0,0.0,0.0,0.0,0.0,0.0,0.0,0.0,0.0,0.0,0.0,0.0,0.0,0.0,0.0,0.0,0.0,0.0,0.0
2026-02-04T15:10:15.027419,1046.9,2.4,96,124.2,222.9,2,17.6,16.9,90.3,16.9,18.1,16.9,19.3,17.6,16.9,25.0,17.2,18.3,18.2,18.1,19.0,17.6,16.9,16.9,16.9,16.9,17.5,17.6,18.2,16.9,16.9,18.3,16.9,18.2,16.9,16.9,17.6,16.9,18.2,16.2,17.6,17.6,18.3,16.2,18.3,16.2,24.5,18.2,18.3,16.8,17.5,18.2,18.9,16.9,100.0,100.0,100.0,100.0,100.0,100.0,100.0,100.0,100.0,100.0,100.0,100.0,100.0,100.0,100.0,100.0,100.0,100.0,100.0,100.0,100.0,100.0,100.0,100.0,100.0,100.0,100.0,100.0,100.0,100.0,100.0,100.0,100.0,100.0,100.0,100.0,100.0,100.0,100.0,100.0,100.0,100.0,100.0,100.0,100.0,100.0,100.0,100.0
2026-02-04T15:10:17.252263,1049.1,2.7,48,93.0,222.9,2,15.3,14.1,14.8,14.8,15.0,14.8,56.6,14.8,16.1,50.7,22.4,14.1,15.5,14.8,14.8,14.1,14.1,14.8,14.8,14.1,14.9,14.1,17.0,14.8,14.8,14.1,14.8,16.7,14.8,14.1,14.8,14.1,15.4,15.5,16.1,14.1,14.1,14.8,14.1,14.8,14.8,14.1,14.8,14.9,16.2,14.8,14.9,14.7,0.0,0.0,0.0,0.0,0.0,0.0,0.0,0.0,0.0,0.0,0.0,0.0,0.0,0.0,0.0,0.0,0.0,0.0,0.0,0.0,0.0,0.0,0.0,0.0,0.0,0.0,0.0,0.0,0.0,0.0,0.0,0.0,0.0,0.0,0.0,0.0,0.0,0.0,0.0,0.0,0.0,0.0,0.0,0.0,0.0,0.0,0.0,0.0
2026-02-04T15:10:19.476065,1051.4,0.0,48,93.1,223.1,2,16.1,14.0,60.1,14.0,15.4,16.1,14.1,15.4,14.6,14.0,50.7,14.7,14.7,14.7,14.7,14.0,14.6,14.0,14.0,14.7,14.7,14.7,14.6,14.0,14.7,14.7,13.9,14.8,14.7,14.0,14.0,14.0,14.7,14.6,14.7,14.0,14.7,14.7,14.0,14.0,15.3,13.3,14.7,14.7,14.0,14.7,14.7,14.0,0.0,0.0,0.0,0.0,0.0,0.0,0.0,0.0,0.0,0.0,0.0,0.0,0.0,0.0,0.0,0.0,0.0,0.0,0.0,0.0,0.0,0.0,0.0,0.0,0.0,0.0,0.0,0.0,0.0,0.0,0.0,0.0,0.0,0.0,0.0,0.0,0.0,0.0,0.0,0.0,0.0,0.0,0.0,0.0,0.0,0.0,0.0,0.0
2026-02-04T15:10:21.699681,1053.6,4.4,48,124.5,223.1,2,16.1,14.7,17.0,18.1,16.0,13.4,14.7,14.1,15.6,13.4,15.4,14.8,14.8,14.1,14.8,13.4,14.0,14.7,15.5,13.9,13.9,14.1,15.5,14.1,14.1,14.1,16.2,14.8,14.1,14.1,13.4,14.1,14.9,13.4,14.7,14.1,15.5,13.4,14.1,14.8,14.1,14.1,14.1,15.5,16.2,15.4,14.1,14.1,0.0,0.0,0.0,0.0,0.0,0.0,0.0,0.0,0.0,0.0,0.0,0.0,0.0,0.0,0.0,0.0,0.0,0.0,0.0,0.0,0.0,0.0,0.0,0.0,0.0,0.0,0.0,0.0,0.0,0.0,0.0,0.0,0.0,0.0,0.0,0.0,0.0,0.0,0.0,0.0,0.0,0.0,0.0,0.0,0.0,0.0,0.0,0.0
2026-02-04T15:10:23.926111,1055.8,99.7,48,155.1,224.7,2,13.9,12.4,13.8,50.7,12.7,11.8,59.4,11.8,11.8,11.8,12.5,11.1,11.8,11.8,14.6,11.8,12.6,12.5,11.8,12.0,12.6,11.8,13.2,11.8,12.5,11.8,12.5,12.6,12.5,11.8,11.8,12.5,12.5,11.8,12.5,13.1,11.8,11.8,12.5,11.8,12.5,12.4,11.8,12.5,12.4,11.8,11.8,11.8,0.0,0.0,0.0,0.0,0.0,0.0,0.0,0.0,0.0,0.0,0.0,0.0,0.0,0.0,0.0,0.0,0.0,0.0,0.0,0.0,0.0,0.0,0.0,0.0,0.0,0.0,0.0,0.0,0.0,0.0,0.0,0.0,0.0,0.0,0.0,0.0,0.0,0.0,0.0,0.0,0.0,0.0,0.0,0.0,0.0,0.0,0.0,0.0
2026-02-04T15:10:26.152012,1058.0,2.6,48,123.3,223.0,2,10.6,58.2,10.6,51.7,10.6,9.9,10.6,9.9,9.9,9.9,9.9,10.6,9.9,11.3,9.9,9.9,11.3,11.8,9.9,9.9,10.6,9.2,12.0,9.9,11.3,9.9,10.6,11.3,9.9,9.9,9.9,9.9,9.9,12.1,10.6,12.4,10.6,11.9,9.9,9.2,9.9,9.9,9.2,9.9,11.3,9.9,10.6,11.3,0.0,0.0,0.0,0.0,0.0,0.0,0.0,0.0,0.0,0.0,0.0,0.0,0.0,0.0,0.0,0.0,0.0,0.0,0.0,0.0,0.0,0.0,0.0,0.0,0.0,0.0,0.0,0.0,0.0,0.0,0.0,0.0,0.0,0.0,0.0,0.0,0.0,0.0,0.0,0.0,0.0,0.0,0.0,0.0,0.0,0.0,0.0,0.0
2026-02-04T15:10:28.376724,1060.3,100.0,48,92.8,225.2,2,14.0,68.7,43.1,27.6,14.7,14.8,14.7,17.9,14.1,18.9,15.3,17.9,15.5,18.9,18.9,13.3,14.7,12.7,18.9,18.9,16.0,20.4,14.1,18.9,14.5,18.9,14.5,16.1,19.5,17.9,15.8,18.9,13.9,21.7,15.3,15.9,19.8,17.9,18.9,20.2,15.3,18.2,15.2,13.4,14.0,13.3,14.0,18.9,0.0,0.0,0.0,0.0,0.0,0.0,0.0,0.0,0.0,0.0,0.0,0.0,0.0,0.0,0.0,0.0,0.0,0.0,0.0,0.0,0.0,0.0,0.0,0.0,0.0,0.0,0.0,0.0,0.0,0.0,0.0,0.0,0.0,0.0,0.0,0.0,0.0,0.0,0.0,0.0,0.0,0.0,0.0,0.0,0.0,0.0,0.0,0.0
2026-02-04T15:10:30.601430,1062.5,2.7,48,92.7,225.2,2,17.4,13.7,51.4,11.2,17.6,13.3,16.8,11.2,16.7,11.2,14.3,11.2,14.6,11.7,10.7,15.5,15.5,14.0,12.3,11.2,12.6,11.2,15.3,11.7,14.9,11.2,13.5,18.3,11.6,11.7,13.1,11.2,14.8,10.6,14.0,17.4,11.7,10.6,11.7,11.4,13.0,12.6,15.0,12.6,15.4,12.7,16.8,10.6,0.0,0.0,0.0,0.0,0.0,0.0,0.0,0.0,0.0,0.0,0.0,0.0,0.0,0.0,0.0,0.0,0.0,0.0,0.0,0.0,0.0,0.0,0.0,0.0,0.0,0.0,0.0,0.0,0.0,0.0,0.0,0.0,0.0,0.0,0.0,0.0,0.0,0.0,0.0,0.0,0.0,0.0,0.0,0.0,0.0,0.0,0.0,0.0
2026-02-04T15:10:32.827116,1064.7,78.5,48,93.1,223.9,2,15.4,13.4,96.5,12.7,15.4,14.7,15.5,13.4,14.8,13.8,13.5,14.1,14.2,13.5,14.1,13.4,14.1,13.4,13.4,14.1,14.1,13.4,13.3,14.1,14.8,14.1,14.0,15.4,14.1,14.1,14.8,14.1,14.2,14.1,14.9,14.2,14.1,14.1,14.7,14.7,14.1,16.0,13.4,14.2,13.4,14.1,13.5,13.4,0.0,0.0,0.0,0.0,0.0,0.0,0.0,0.0,0.0,0.0,0.0,0.0,0.0,0.0,0.0,0.0,0.0,0.0,0.0,0.0,0.0,0.0,0.0,0.0,0.0,0.0,0.0,0.0,0.0,0.0,0.0,0.0,0.0,0.0,0.0,0.0,0.0,0.0,0.0,0.0,0.0,0.0,0.0,0.0,0.0,0.0,0.0,0.0
2026-02-04T15:10:35.082452,1066.9,2.0,48,92.6,223.9,2,9.1,7.0,11.8,7.6,57.0,7.0,9.1,7.0,9.7,10.3,7.6,7.0,13.5,7.0,8.3,7.7,9.0,7.0,7.6,7.7,6.9,7.7,7.1,50.0,7.0,7.7,10.0,9.9,8.4,7.0,7.0,7.7,7.0,7.7,8.3,7.0,7.0,7.7,7.0,7.7,7.7,7.9,7.7,5.6,6.9,7.7,6.9,8.3,0.0,0.0,0.0,0.0,0.0,0.0,0.0,0.0,0.0,0.0,0.0,0.0,0.0,0.0,0.0,0.0,0.0,0.0,0.0,0.0,0.0,0.0,0.0,0.0,0.0,0.0,0.0,0.0,0.0,0.0,0.0,0.0,0.0,0.0,0.0,0.0,0.0,0.0,0.0,0.0,0.0,0.0,0.0,0.0,0.0,0.0,0.0,0.0
2026-02-04T15:10:37.307614,1069.2,1.9,48,124.2,226.1,2,18.8,64.4,39.3,12.5,15.3,12.5,15.2,13.2,13.6,12.6,14.6,12.5,10.6,12.5,15.4,12.5,16.0,12.5,14.0,14.5,16.0,12.5,15.2,21.0,14.4,13.2,13.8,16.0,13.9,13.2,13.1,14.5,16.0,13.2,14.0,13.2,13.9,13.9,12.5,13.9,15.3,13.8,12.5,14.0,14.0,13.8,14.0,13.2,0.0,0.0,0.0,0.0,0.0,0.0,0.0,0.0,0.0,0.0,0.0,0.0,0.0,0.0,0.0,0.0,0.0,0.0,0.0,0.0,0.0,0.0,0.0,0.0,0.0,0.0,0.0,0.0,0.0,0.0,0.0,0.0,0.0,0.0,0.0,0.0,0.0,0.0,0.0,0.0,0.0,0.0,0.0,0.0,0.0,0.0,0.0,0.0
2026-02-04T15:10:39.533460,1071.4,68.1,48,92.6,224.6,2,14.0,66.4,46.5,12.6,18.2,12.6,16.6,12.6,17.5,12.6,14.0,14.0,15.4,12.6,15.4,12.6,14.0,12.6,14.7,15.3,13.3,12.6,14.0,13.3,14.6,13.3,13.3,13.3,14.0,12.6,14.7,13.3,14.7,13.9,14.0,13.3,13.3,13.3,13.3,13.3,15.9,12.6,13.9,14.7,13.4,12.6,14.7,13.2,0.0,0.0,0.0,0.0,0.0,0.0,0.0,0.0,0.0,0.0,0.0,0.0,0.0,0.0,0.0,0.0,0.0,0.0,0.0,0.0,0.0,0.0,0.0,0.0,0.0,0.0,0.0,0.0,0.0,0.0,0.0,0.0,0.0,0.0,0.0,0.0,0.0,0.0,0.0,0.0,0.0,0.0,0.0,0.0,0.0,0.0,0.0,0.0
2026-02-04T15:10:41.758544,1073.7,3.2,48,92.9,225.8,2,6.4,48.3,12.4,7.0,58.6,7.1,9.8,11.3,8.5,10.4,8.5,8.5,7.0,12.4,7.0,7.7,7.8,7.7,7.0,7.7,7.0,7.7,12.0,7.7,7.0,7.0,7.7,8.5,7.8,7.7,7.0,7.7,7.1,7.0,7.0,7.0,7.7,7.0,7.1,7.7,7.7,7.1,9.7,7.0,7.7,7.1,8.4,7.7,0.0,0.0,0.0,0.0,0.0,0.0,0.0,0.0,0.0,0.0,0.0,0.0,0.0,0.0,0.0,0.0,0.0,0.0,0.0,0.0,0.0,0.0,0.0,0.0,0.0,0.0,0.0,0.0,0.0,0.0,0.0,0.0,0.0,0.0,0.0,0.0,0.0,0.0,0.0,0.0,0.0,0.0,0.0,0.0,0.0,0.0,0.0,0.0
2026-02-04T15:10:43.983671,1075.9,2.6,48,93.0,225.8,2,13.2,32.4,75.2,14.8,15.3,14.0,14.8,10.7,15.4,10.6,14.2,15.8,14.2,11.2,16.2,13.4,14.6,14.0,14.1,14.7,14.8,14.6,14.1,14.8,16.3,14.0,22.9,14.1,14.5,15.3,13.2,14.8,13.9,17.6,14.8,14.1,14.8,14.1,14.5,15.4,14.8,15.3,15.5,14.8,18.1,15.3,16.2,14.0,0.0,0.0,0.0,0.0,0.0,0.0,0.0,0.0,0.0,0.0,0.0,0.0,0.0,0.0,0.0,0.0,0.0,0.0,0.0,0.0,0.0,0.0,0.0,0.0,0.0,0.0,0.0,0.0,0.0,0.0,0.0,0.0,0.0,0.0,0.0,0.0,0.0,0.0,0.0,0.0,0.0,0.0,0.0,0.0,0.0,0.0,0.0,0.0
2026-02-04T15:10:46.208833,1078.1,2.4,48,93.0,225.8,2,9.2,7.7,51.7,8.3,7.7,7.7,8.5,7.7,7.8,7.7,8.3,10.5,7.7,7.7,7.6,7.7,7.7,7.7,7.6,7.7,8.5,9.9,7.7,7.7,7.7,7.7,58.9,7.7,8.6,7.7,8.5,7.7,9.1,7.7,7.7,7.7,7.7,7.7,7.8,7.7,7.0,7.7,7.7,7.7,7.8,8.3,7.7,7.8,0.0,0.0,0.0,0.0,0.0,0.0,0.0,0.0,0.0,0.0,0.0,0.0,0.0,0.0,0.0,0.0,0.0,0.0,0.0,0.0,0.0,0.0,0.0,0.0,0.0,0.0,0.0,0.0,0.0,0.0,0.0,0.0,0.0,0.0,0.0,0.0,0.0,0.0,0.0,0.0,0.0,0.0,0.0,0.0,0.0,0.0,0.0,0.0
2026-02-04T15:10:48.434538,1080.3,2.3,48,123.3,227.5,2,14.1,23.6,31.9,14.8,15.4,14.1,13.8,14.1,14.5,14.1,14.7,14.1,14.1,14.7,14.9,14.1,14.6,14.8,15.5,14.8,18.2,14.1,15.5,14.1,14.1,15.4,14.1,15.4,14.7,14.1,13.4,14.8,15.5,14.8,15.4,14.1,14.1,15.4,18.5,14.1,14.8,14.5,14.8,14.0,14.1,14.8,14.7,14.7,0.0,0.0,0.0,0.0,0.0,0.0,0.0,0.0,0.0,0.0,0.0,0.0,0.0,0.0,0.0,0.0,0.0,0.0,0.0,0.0,0.0,0.0,0.0,0.0,0.0,0.0,0.0,0.0,0.0,0.0,0.0,0.0,0.0,0.0,0.0,0.0,0.0,0.0,0.0,0.0,0.0,0.0,0.0,0.0,0.0,0.0,0.0,0.0
2026-02-04T15:10:50.659436,1082.6,3.0,48,93.0,225.8,2,7.6,56.7,50.7,11.4,7.7,6.9,7.7,7.0,7.0,7.0,8.5,7.7,7.0,7.0,7.6,7.7,7.8,7.0,7.7,7.7,7.7,7.0,7.7,7.0,6.9,7.7,7.7,9.9,7.7,7.0,7.0,7.0,7.0,7.0,7.7,7.0,7.7,7.0,7.0,7.7,8.5,7.0,7.7,7.0,7.7,10.5,7.7,11.1,0.0,0.0,0.0,0.0,0.0,0.0,0.0,0.0,0.0,0.0,0.0,0.0,0.0,0.0,0.0,0.0,0.0,0.0,0.0,0.0,0.0,0.0,0.0,0.0,0.0,0.0,0.0,0.0,0.0,0.0,0.0,0.0,0.0,0.0,0.0,0.0,0.0,0.0,0.0,0.0,0.0,0.0,0.0,0.0,0.0,0.0,0.0,0.0
2026-02-04T15:10:52.885316,1084.8,1.9,48,123.3,227.5,2,16.1,14.1,88.7,10.2,16.2,13.5,14.2,14.0,14.2,13.4,14.6,13.4,15.4,13.9,14.2,14.1,14.1,14.7,14.1,14.0,14.0,14.0,14.0,18.2,24.6,14.0,14.0,14.8,14.0,14.7,14.0,15.4,16.7,14.1,14.6,13.3,14.6,13.3,14.0,13.3,14.7,15.4,13.3,14.7,14.1,14.1,14.7,10.8,0.0,0.0,0.0,0.0,0.0,0.0,0.0,0.0,0.0,0.0,0.0,0.0,0.0,0.0,0.0,0.0,0.0,0.0,0.0,0.0,0.0,0.0,0.0,0.0,0.0,0.0,0.0,0.0,0.0,0.0,0.0,0.0,0.0,0.0,0.0,0.0,0.0,0.0,0.0,0.0,0.0,0.0,0.0,0.0,0.0,0.0,0.0,0.0
2026-02-04T15:10:55.110813,1087.0,2.9,48,92.6,225.8,2,9.0,7.0,7.7,50.0,7.7,7.0,8.3,7.0,7.0,7.7,8.5,8.7,7.0,7.7,7.7,7.0,8.3,8.4,7.6,7.0,7.0,7.7,7.7,7.0,56.6,7.0,7.7,9.1,7.0,7.0,7.0,7.0,7.0,7.0,10.6,7.0,7.0,7.0,7.0,7.0,7.0,8.5,7.0,7.1,7.0,7.0,7.1,7.0,0.0,0.0,0.0,0.0,0.0,0.0,0.0,0.0,0.0,0.0,0.0,0.0,0.0,0.0,0.0,0.0,0.0,0.0,0.0,0.0,0.0,0.0,0.0,0.0,0.0,0.0,0.0,0.0,0.0,0.0,0.0,0.0,0.0,0.0,0.0,0.0,0.0,0.0,0.0,0.0,0.0,0.0,0.0,0.0,0.0,0.0,0.0,0.0
2026-02-04T15:10:57.365951,1089.2,2.1,48,93.3,225.8,2,19.9,14.7,25.9,30.5,16.2,14.8,15.5,14.0,18.2,14.1,14.7,11.8,14.0,15.4,14.6,14.1,14.8,14.7,15.6,14.7,14.0,14.7,16.1,14.0,15.7,14.0,15.4,15.5,14.0,14.7,14.7,14.0,14.7,14.0,15.3,14.0,15.4,14.1,14.7,14.7,15.4,14.0,15.5,13.9,15.5,18.2,16.7,14.0,0.0,0.0,0.0,0.0,0.0,0.0,0.0,0.0,0.0,0.0,0.0,0.0,0.0,0.0,0.0,0.0,0.0,0.0,0.0,0.0,0.0,0.0,0.0,0.0,0.0,0.0,0.0,0.0,0.0,0.0,0.0,0.0,0.0,0.0,0.0,0.0,0.0,0.0,0.0,0.0,0.0,0.0,0.0,0.0,0.0,0.0,0.0,0.0
2026-02-04T15:10:59.591367,1091.5,2.3,53,124.0,225.8,2,7.7,51.4,55.2,6.9,6.3,6.2,9.1,6.2,7.0,6.9,7.6,6.2,6.9,6.9,7.6,6.9,6.9,6.2,7.6,6.2,7.0,6.2,6.9,6.9,6.2,6.9,6.2,7.6,6.9,6.2,6.2,6.9,6.2,7.6,7.0,6.2,6.9,6.2,6.9,6.9,6.9,6.2,6.2,6.9,6.2,6.9,6.3,6.9,73.9,71.8,81.6,65.8,0.0,0.0,0.0,0.0,0.0,0.0,0.0,0.0,0.0,0.0,0.0,0.0,0.0,0.0,0.0,0.0,0.0,0.0,0.0,0.0,0.0,0.0,0.0,0.0,0.0,0.0,0.0,0.0,0.0,0.0,0.0,0.0,0.0,0.0,0.0,0.0,0.0,100.0,0.0,0.0,0.0,0.0,0.0,0.0
2026-02-04T15:11:01.815957,1093.7,2.3,48,92.7,225.8,2,12.5,28.8,28.7,13.9,14.6,13.6,14.0,14.3,14.7,14.0,14.7,13.9,13.9,13.8,13.4,14.6,14.1,14.5,14.8,13.7,14.0,13.6,14.8,13.7,15.3,14.5,14.1,74.3,14.8,13.9,14.6,14.6,14.6,14.5,18.8,14.6,14.6,14.6,15.3,13.9,15.2,14.0,13.9,17.4,13.3,14.6,17.5,14.3,0.0,0.0,0.0,0.0,0.0,0.0,0.0,0.0,0.0,0.0,0.0,0.0,0.0,0.0,0.0,0.0,0.0,0.0,0.0,0.0,0.0,0.0,0.0,0.0,0.0,0.0,0.0,0.0,0.0,0.0,0.0,0.0,0.0,0.0,0.0,0.0,0.0,0.0,0.0,0.0,0.0,0.0,0.0,0.0,0.0,0.0,0.0,0.0
2026-02-04T15:11:04.041456,1095.9,1.9,48,92.8,225.8,2,7.1,7.6,54.9,6.8,8.5,6.9,7.0,50.7,12.7,7.0,9.2,7.4,7.1,7.5,8.4,8.6,8.4,8.8,7.7,6.8,8.4,6.9,7.7,6.8,6.8,8.1,7.7,9.2,7.0,7.4,7.4,6.8,7.4,6.8,7.0,7.4,6.8,7.4,6.8,7.4,6.8,7.7,7.4,9.1,7.6,7.4,9.1,6.9,0.0,0.0,0.0,0.0,0.0,0.0,0.0,0.0,0.0,0.0,0.0,0.0,0.0,0.0,0.0,0.0,0.0,0.0,0.0,0.0,0.0,0.0,0.0,0.0,0.0,0.0,0.0,0.0,0.0,0.0,0.0,0.0,0.0,0.0,0.0,0.0,0.0,0.0,0.0,0.0,0.0,0.0,0.0,0.0,0.0,0.0,0.0,0.0
2026-02-04T15:11:06.267160,1098.2,2.6,48,92.7,227.8,2,13.9,14.0,15.4,13.4,16.1,14.1,15.5,97.9,16.6,14.1,15.9,13.4,14.8,15.4,14.7,13.6,14.1,11.9,15.5,14.7,15.6,14.8,17.5,14.1,15.5,14.7,14.1,16.8,15.5,12.6,15.4,13.4,15.5,13.4,19.1,13.4,15.5,14.1,14.8,14.8,14.8,14.1,14.1,15.5,14.7,12.7,15.6,12.7,0.0,0.0,0.0,0.0,0.0,0.0,0.0,0.0,0.0,0.0,0.0,0.0,0.0,0.0,0.0,0.0,0.0,0.0,0.0,0.0,0.0,0.0,0.0,0.0,0.0,0.0,0.0,0.0,0.0,0.0,0.0,0.0,0.0,0.0,0.0,0.0,0.0,0.0,0.0,0.0,0.0,0.0,0.0,0.0,0.0,0.0,0.0,0.0
2026-02-04T15:11:08.492268,1100.4,2.2,48,92.9,226.0,2,8.5,7.7,9.2,7.7,8.6,50.3,7.7,56.7,7.7,8.4,8.5,7.7,7.6,7.8,7.7,7.7,7.7,7.7,7.7,7.7,7.6,7.7,7.7,7.7,7.7,9.0,7.7,9.9,7.7,7.7,7.8,8.4,8.3,7.7,8.3,7.7,7.7,7.7,8.4,7.7,8.5,7.7,7.7,7.6,11.3,7.7,8.3,7.7,0.0,0.0,0.0,0.0,0.0,0.0,0.0,0.0,0.0,0.0,0.0,0.0,0.0,0.0,0.0,0.0,0.0,0.0,0.0,0.0,0.0,0.0,0.0,0.0,0.0,0.0,0.0,0.0,0.0,0.0,0.0,0.0,0.0,0.0,0.0,0.0,0.0,0.0,0.0,0.0,0.0,0.0,0.0,0.0,0.0,0.0,0.0,0.0
2026-02-04T15:11:10.720526,1102.6,4.0,48,93.2,227.8,2,14.8,76.1,23.8,14.1,15.8,34.0,16.2,14.1,15.6,16.6,15.5,15.5,15.6,14.6,15.7,15.5,15.6,14.8,15.5,16.1,15.6,15.5,15.5,19.0,16.1,14.8,15.5,15.5,14.7,14.8,15.4,14.8,15.5,14.8,14.9,15.5,14.8,15.5,14.1,15.5,15.5,15.5,15.5,16.2,18.2,14.0,16.2,15.5,0.0,0.0,0.0,0.0,0.0,0.0,0.0,0.0,0.0,0.0,0.0,0.0,0.0,0.0,0.0,0.0,0.0,0.0,0.0,0.0,0.0,0.0,0.0,0.0,0.0,0.0,0.0,0.0,0.0,0.0,0.0,0.0,0.0,0.0,0.0,0.0,0.0,0.0,0.0,0.0,0.0,0.0,0.0,0.0,0.0,0.0,0.0,0.0
2026-02-04T15:11:12.946460,1104.8,2.2,48,92.6,226.0,2,7.7,44.4,61.3,6.3,8.5,6.2,6.9,6.3,6.9,7.1,7.0,6.3,7.0,6.3,6.9,6.3,7.7,7.0,7.7,6.3,7.0,7.0,7.0,6.3,6.3,7.0,7.0,8.4,7.0,6.3,7.0,6.3,8.4,6.3,8.3,6.3,7.0,6.3,6.3,7.0,6.3,10.6,6.3,7.0,6.3,7.6,7.0,6.3,0.0,0.0,0.0,0.0,0.0,0.0,0.0,0.0,0.0,0.0,0.0,0.0,0.0,0.0,0.0,0.0,0.0,0.0,0.0,0.0,0.0,0.0,0.0,0.0,0.0,0.0,0.0,0.0,0.0,0.0,0.0,0.0,0.0,0.0,0.0,0.0,0.0,0.0,0.0,0.0,0.0,0.0,0.0,0.0,0.0,0.0,0.0,0.0
2026-02-04T15:11:15.172787,1107.1,31.0,48,92.6,226.0,2,16.0,35.0,16.1,14.0,18.8,75.5,16.1,14.8,18.9,14.1,15.4,14.7,13.9,14.1,14.0,14.0,15.4,14.1,15.4,14.8,14.6,14.8,14.1,15.3,15.3,15.5,15.5,16.8,15.2,14.8,13.8,14.8,14.6,15.5,15.4,15.5,14.8,15.5,14.8,15.5,14.0,14.6,14.7,17.2,15.4,14.8,15.4,14.7,0.0,0.0,0.0,0.0,0.0,0.0,0.0,0.0,0.0,0.0,0.0,0.0,0.0,0.0,0.0,0.0,0.0,0.0,0.0,0.0,0.0,0.0,0.0,0.0,0.0,0.0,0.0,0.0,0.0,0.0,0.0,0.0,0.0,0.0,0.0,0.0,0.0,0.0,0.0,0.0,0.0,0.0,0.0,0.0,0.0,0.0,0.0,0.0
2026-02-04T15:11:17.397893,1109.3,1.8,48,92.9,227.8,2,7.0,7.8,43.4,7.6,65.0,9.0,8.5,7.0,8.5,7.0,8.4,7.7,7.1,7.7,7.7,7.0,8.4,7.7,7.0,7.7,7.0,11.2,7.6,7.7,6.9,7.6,6.9,9.2,7.8,7.0,7.8,7.0,9.6,7.7,7.7,7.7,7.7,7.6,7.7,7.0,7.7,7.0,7.7,8.4,7.7,7.6,7.0,7.7,0.0,0.0,0.0,0.0,0.0,0.0,0.0,0.0,0.0,0.0,0.0,0.0,0.0,0.0,0.0,0.0,0.0,0.0,0.0,0.0,0.0,0.0,0.0,0.0,0.0,0.0,0.0,0.0,0.0,0.0,0.0,0.0,0.0,0.0,0.0,0.0,0.0,0.0,0.0,0.0,0.0,0.0,0.0,0.0,0.0,0.0,0.0,0.0
2026-02-04T15:11:19.635214,1111.5,98.6,48,124.3,226.0,2,16.1,14.7,40.6,13.9,15.5,14.7,15.5,14.7,14.0,14.7,14.8,14.7,14.7,15.4,16.2,14.0,15.4,14.7,16.6,14.7,16.1,14.7,15.4,15.3,15.5,14.7,14.8,14.7,14.7,14.0,14.7,14.0,15.3,14.0,17.9,14.0,14.7,14.1,14.7,14.0,14.7,14.7,14.7,14.8,14.7,14.1,15.4,14.0,0.0,0.0,0.0,0.0,0.0,0.0,0.0,0.0,0.0,0.0,0.0,0.0,0.0,0.0,0.0,0.0,0.0,0.0,0.0,0.0,0.0,0.0,0.0,0.0,0.0,0.0,0.0,0.0,0.0,0.0,0.0,0.0,0.0,0.0,0.0,0.0,0.0,0.0,0.0,0.0,0.0,0.0,0.0,0.0,0.0,0.0,0.0,0.0
2026-02-04T15:11:21.860638,1113.8,2.8,50,93.1,226.0,2,8.4,7.7,66.4,7.0,8.0,7.0,39.6,7.7,11.3,7.0,7.7,7.0,7.0,7.7,7.7,7.0,7.0,7.7,11.0,7.0,7.7,7.7,9.9,7.7,7.7,7.7,7.0,9.1,8.8,7.0,7.0,7.0,7.8,7.0,9.1,7.0,7.0,7.0,7.0,7.0,7.0,7.0,7.0,7.0,7.0,7.0,7.7,7.0,0.0,100.0,0.0,0.0,100.0,0.0,0.0,0.0,0.0,0.0,0.0,0.0,0.0,0.0,0.0,0.0,0.0,0.0,0.0,0.0,0.0,0.0,0.0,0.0,0.0,0.0,0.0,0.0,0.0,0.0,0.0,0.0,0.0,0.0,0.0,0.0,0.0,0.0,0.0,0.0,0.0,0.0,0.0,0.0,0.0,0.0,0.0,0.0
2026-02-04T15:11:24.084316,1116.0,38.1,48,8866.5,227.8,2,9.2,8.3,10.6,9.7,66.4,8.3,38.7,7.6,9.7,9.0,9.1,9.7,9.0,9.8,9.0,9.0,8.4,8.3,13.1,9.0,9.8,12.5,9.0,9.7,9.0,9.0,9.0,11.3,7.6,9.0,9.1,9.0,9.7,9.1,9.0,9.0,9.0,9.0,9.0,9.0,9.1,8.3,9.0,9.7,9.7,9.0,9.7,8.3,0.0,0.0,0.0,0.0,0.0,0.0,0.0,0.0,0.0,0.0,0.0,0.0,0.0,0.0,0.0,0.0,0.0,0.0,0.0,0.0,0.0,0.0,0.0,0.0,0.0,0.0,0.0,0.0,0.0,0.0,0.0,0.0,0.0,0.0,0.0,0.0,0.0,0.0,0.0,0.0,0.0,0.0,0.0,0.0,0.0,0.0,0.0,0.0
2026-02-04T15:11:26.309366,1118.2,2.4,48,123.9,226.2,2,12.7,12.1,13.8,13.5,12.7,72.3,12.8,12.1,14.9,12.8,12.6,12.1,12.1,12.1,14.9,12.1,12.8,12.1,12.7,12.1,13.4,12.1,12.8,12.1,12.1,12.7,12.7,42.0,12.1,12.1,12.0,12.1,13.1,12.1,12.1,16.9,14.5,12.1,14.0,12.7,12.7,12.1,12.1,12.1,12.1,12.1,12.8,12.8,0.0,0.0,0.0,0.0,0.0,0.0,0.0,0.0,0.0,0.0,0.0,0.0,0.0,0.0,0.0,0.0,0.0,0.0,0.0,0.0,0.0,0.0,0.0,0.0,0.0,0.0,0.0,0.0,0.0,0.0,0.0,0.0,0.0,0.0,0.0,0.0,0.0,0.0,0.0,0.0,0.0,0.0,0.0,0.0,0.0,0.0,0.0,0.0
2026-02-04T15:11:28.535845,1120.4,2.0,48,3506.7,198.0,2,7.0,7.0,66.9,7.0,8.3,7.0,6.9,7.0,6.2,7.0,7.0,7.0,7.0,7.0,7.7,7.0,7.0,7.0,7.0,8.4,7.0,7.0,7.0,8.5,7.0,7.0,7.0,42.0,7.0,7.0,7.0,7.0,9.2,7.0,7.7,7.0,9.0,7.7,8.5,7.0,7.0,7.0,7.0,7.7,7.0,7.0,7.7,7.0,0.0,0.0,0.0,0.0,0.0,0.0,0.0,0.0,0.0,0.0,0.0,0.0,0.0,0.0,0.0,0.0,0.0,0.0,0.0,0.0,0.0,0.0,0.0,0.0,0.0,0.0,0.0,0.0,0.0,0.0,0.0,0.0,0.0,0.0,0.0,0.0,0.0,0.0,0.0,0.0,0.0,0.0,0.0,0.0,0.0,0.0,0.0,0.0
2026-02-04T15:11:30.761854,1122.7,2.5,48,123.6,228.0,2,16.9,14.8,20.3,14.0,15.5,14.7,18.9,33.3,14.6,15.3,79.0,14.7,15.5,14.7,15.9,14.6,14.0,14.0,14.7,14.7,15.4,18.8,15.4,14.0,14.8,14.0,14.7,16.9,14.7,14.0,14.7,14.0,15.5,14.1,18.2,14.7,17.9,14.8,15.3,14.0,14.8,14.8,14.0,14.0,14.6,14.8,14.0,14.7,0.0,0.0,0.0,0.0,0.0,0.0,0.0,0.0,0.0,0.0,0.0,0.0,0.0,0.0,0.0,0.0,0.0,0.0,0.0,0.0,0.0,0.0,0.0,0.0,0.0,0.0,0.0,0.0,0.0,0.0,0.0,0.0,0.0,0.0,0.0,0.0,0.0,0.0,0.0,0.0,0.0,0.0,0.0,0.0,0.0,0.0,0.0,0.0
2026-02-04T15:11:32.987305,1124.9,2.7,48,92.6,226.2,2,7.7,7.7,8.4,8.4,7.0,9.2,7.0,49.6,10.2,57.3,7.0,8.5,6.4,7.7,8.5,7.0,7.8,7.0,7.0,7.7,7.7,7.0,7.0,7.7,7.7,7.0,9.0,9.1,7.7,7.7,7.8,7.0,7.1,7.7,8.5,7.7,8.5,8.4,7.0,7.7,7.7,7.7,7.7,7.0,11.3,7.0,7.7,7.0,0.0,0.0,0.0,0.0,0.0,0.0,0.0,0.0,0.0,0.0,0.0,0.0,0.0,0.0,0.0,0.0,0.0,0.0,0.0,0.0,0.0,0.0,0.0,0.0,0.0,0.0,0.0,0.0,0.0,0.0,0.0,0.0,0.0,0.0,0.0,0.0,0.0,0.0,0.0,0.0,0.0,0.0,0.0,0.0,0.0,0.0,0.0,0.0
2026-02-04T15:11:35.213633,1127.1,2.0,48,123.3,228.0,2,16.7,14.9,79.9,16.5,14.7,15.4,25.0,14.9,13.9,27.3,14.3,15.6,15.4,16.5,15.8,15.5,14.9,15.0,15.1,15.4,15.7,14.9,19.6,15.4,14.8,15.6,15.1,16.9,15.0,15.5,14.9,14.9,15.3,14.9,16.1,16.4,14.9,14.9,14.9,14.9,14.8,15.3,15.0,14.7,15.9,14.9,15.3,14.8,0.0,0.0,0.0,0.0,0.0,0.0,0.0,0.0,0.0,0.0,0.0,0.0,0.0,0.0,0.0,0.0,0.0,0.0,0.0,0.0,0.0,0.0,0.0,0.0,0.0,0.0,0.0,0.0,0.0,0.0,0.0,0.0,0.0,0.0,0.0,0.0,0.0,0.0,0.0,0.0,0.0,0.0,0.0,0.0,0.0,0.0,0.0,0.0
2026-02-04T15:11:37.438442,1129.3,3.2,48,92.9,226.2,2,6.3,7.7,9.7,6.8,8.4,7.7,100.0,7.6,7.7,7.6,7.7,7.6,7.7,7.7,8.1,7.7,7.6,7.5,7.6,8.4,7.6,6.9,9.2,7.7,7.7,7.6,7.6,9.1,7.6,7.7,7.6,8.3,11.0,8.3,7.8,7.5,7.6,7.6,7.6,7.6,7.7,7.8,7.6,7.8,8.1,7.6,9.0,7.7,0.0,0.0,0.0,0.0,0.0,0.0,0.0,0.0,0.0,0.0,0.0,0.0,0.0,0.0,0.0,0.0,0.0,0.0,0.0,0.0,0.0,0.0,0.0,0.0,0.0,0.0,0.0,0.0,0.0,0.0,0.0,0.0,0.0,0.0,0.0,0.0,0.0,0.0,0.0,0.0,0.0,0.0,0.0,0.0,0.0,0.0,0.0,0.0
2026-02-04T15:11:39.662705,1131.6,2.7,48,93.3,226.2,2,15.6,13.2,15.5,13.2,14.1,14.1,34.5,13.3,14.0,14.1,18.8,12.7,14.7,13.0,14.1,12.8,14.6,12.8,14.6,13.3,14.7,12.6,17.1,13.3,14.7,12.6,15.4,13.4,14.1,13.3,14.0,14.0,15.6,14.0,13.9,13.3,14.7,13.3,14.0,14.0,13.3,13.3,14.0,13.3,18.9,13.3,14.1,15.3,0.0,0.0,0.0,0.0,0.0,0.0,0.0,0.0,0.0,0.0,0.0,0.0,0.0,0.0,0.0,0.0,0.0,0.0,0.0,0.0,0.0,0.0,0.0,0.0,0.0,0.0,0.0,0.0,0.0,0.0,0.0,0.0,0.0,0.0,0.0,0.0,0.0,0.0,0.0,0.0,0.0,0.0,0.0,0.0,0.0,0.0,0.0,0.0
2026-02-04T15:11:41.917524,1133.8,2.3,48,92.5,228.0,2,8.4,8.5,9.1,7.8,9.1,7.7,44.1,9.8,7.7,7.7,64.3,7.7,8.4,8.5,8.5,7.7,9.1,7.7,8.3,7.7,8.5,7.7,8.4,8.4,8.5,7.7,9.0,11.2,8.4,7.7,8.4,7.7,8.5,7.7,8.5,7.7,7.7,8.5,7.7,7.7,7.7,7.6,9.1,9.0,8.5,7.7,8.5,7.7,0.0,0.0,0.0,0.0,0.0,0.0,0.0,0.0,0.0,0.0,0.0,0.0,0.0,0.0,0.0,0.0,0.0,0.0,0.0,0.0,0.0,0.0,0.0,0.0,0.0,0.0,0.0,0.0,0.0,0.0,0.0,0.0,0.0,0.0,0.0,0.0,0.0,0.0,0.0,0.0,0.0,0.0,0.0,0.0,0.0,0.0,0.0,0.0
2026-02-04T15:11:44.143486,1136.0,100.0,51,154.5,226.2,2,13.8,13.0,16.0,14.4,16.0,13.7,41.0,12.4,16.0,13.7,14.5,14.4,14.5,13.7,13.8,14.4,15.2,14.4,18.4,13.7,15.1,13.7,15.2,14.4,14.4,14.4,14.5,15.2,14.5,14.4,15.9,13.7,15.6,14.4,19.2,14.4,14.4,14.4,14.4,13.8,14.4,15.2,14.4,14.6,15.0,13.7,15.6,13.7,0.0,0.0,100.0,0.0,100.0,100.0,0.0,0.0,0.0,0.0,0.0,0.0,0.0,0.0,0.0,0.0,0.0,0.0,0.0,0.0,0.0,0.0,0.0,0.0,0.0,0.0,0.0,0.0,0.0,0.0,0.0,0.0,0.0,0.0,0.0,0.0,0.0,0.0,0.0,0.0,0.0,0.0,0.0,0.0,0.0,0.0,0.0,0.0
2026-02-04T15:11:46.369892,1138.3,1.9,53,124.0,227.2,2,9.8,7.1,9.2,7.1,7.7,9.2,7.7,70.4,13.4,7.1,7.1,7.8,7.1,7.0,9.8,7.1,7.8,7.1,7.1,7.8,8.5,7.8,9.2,7.1,7.8,8.4,8.5,9.8,7.8,7.8,7.1,7.8,7.7,7.8,7.7,7.1,7.8,7.8,8.5,7.1,7.8,36.6,7.0,7.0,11.3,7.0,7.9,7.8,100.0,100.0,0.0,100.0,100.0,100.0,0.0,0.0,0.0,0.0,0.0,0.0,0.0,0.0,0.0,0.0,0.0,0.0,0.0,0.0,0.0,0.0,0.0,0.0,0.0,0.0,0.0,0.0,0.0,0.0,0.0,0.0,0.0,0.0,0.0,0.0,0.0,0.0,0.0,0.0,0.0,0.0,0.0,0.0,0.0,0.0,0.0,0.0
2026-02-04T15:11:48.597112,1140.5,2.3,48,92.5,228.2,2,7.8,8.4,65.7,7.7,7.7,7.7,7.7,8.7,7.7,7.7,7.7,9.0,7.7,7.7,9.1,7.7,7.7,7.7,7.7,7.7,7.7,7.7,9.1,7.7,7.7,12.6,7.7,8.4,7.7,7.7,8.5,7.7,9.8,7.7,7.7,7.7,7.7,7.7,7.7,7.7,7.7,42.3,7.8,9.1,7.7,7.7,7.7,8.5,0.0,0.0,0.0,0.0,0.0,0.0,0.0,0.0,0.0,0.0,0.0,0.0,0.0,0.0,0.0,0.0,0.0,0.0,0.0,0.0,0.0,0.0,0.0,0.0,0.0,0.0,0.0,0.0,0.0,0.0,0.0,0.0,0.0,0.0,0.0,0.0,0.0,0.0,0.0,0.0,0.0,0.0,0.0,0.0,0.0,0.0,0.0,0.0
2026-02-04T15:11:50.822995,1142.7,7.1,48,92.9,228.1,2,15.9,13.3,95.1,14.0,19.0,13.3,16.2,12.6,15.4,13.3,15.5,17.5,14.6,12.7,14.7,13.3,15.3,13.3,14.0,13.3,14.1,13.3,15.4,14.5,14.6,17.2,14.1,14.8,14.0,14.0,13.9,14.0,16.2,13.3,14.1,13.2,13.3,14.0,14.0,13.3,14.1,13.4,14.0,14.1,14.0,13.4,13.3,14.0,0.0,0.0,0.0,0.0,0.0,0.0,0.0,0.0,0.0,0.0,0.0,0.0,0.0,0.0,0.0,0.0,0.0,0.0,0.0,0.0,0.0,0.0,0.0,0.0,0.0,0.0,0.0,0.0,0.0,0.0,0.0,0.0,0.0,0.0,0.0,0.0,0.0,0.0,0.0,0.0,0.0,0.0,0.0,0.0,0.0,0.0,0.0,0.0
2026-02-04T15:11:53.049191,1144.9,2.3,48,92.5,228.2,2,7.7,7.7,35.7,7.7,72.7,7.0,7.0,7.7,7.7,6.3,8.0,7.8,7.8,6.3,8.0,7.0,7.7,7.7,7.7,7.0,8.4,7.0,7.7,7.8,7.7,9.0,7.7,8.4,8.4,7.7,7.7,7.0,7.6,7.0,7.7,7.1,7.7,7.7,7.7,7.0,7.7,7.0,7.7,11.9,7.7,7.0,7.7,7.0,0.0,0.0,0.0,0.0,0.0,0.0,0.0,0.0,0.0,0.0,0.0,0.0,0.0,0.0,0.0,0.0,0.0,0.0,0.0,0.0,0.0,0.0,0.0,0.0,0.0,0.0,0.0,0.0,0.0,0.0,0.0,0.0,0.0,0.0,0.0,0.0,0.0,0.0,0.0,0.0,0.0,0.0,0.0,0.0,0.0,0.0,0.0,0.0
2026-02-04T15:11:55.275092,1147.2,1.9,48,92.6,228.2,2,7.7,6.3,98.6,7.0,9.1,6.3,7.0,6.3,6.3,6.3,6.0,6.3,7.0,6.3,6.8,6.3,7.7,6.9,6.3,7.0,7.8,6.3,6.4,6.3,6.3,9.1,6.3,7.7,6.3,6.3,7.0,6.3,7.0,6.3,7.1,6.3,6.3,6.3,6.9,7.0,7.0,7.7,11.2,7.7,6.3,6.3,6.3,6.3,0.0,0.0,0.0,0.0,0.0,0.0,0.0,0.0,0.0,0.0,0.0,0.0,0.0,0.0,0.0,0.0,0.0,0.0,0.0,0.0,0.0,0.0,0.0,0.0,0.0,0.0,0.0,0.0,0.0,0.0,0.0,0.0,0.0,0.0,0.0,0.0,0.0,0.0,0.0,0.0,0.0,0.0,0.0,0.0,0.0,0.0,0.0,0.0
2026-02-04T15:11:57.497208,1149.4,55.4,48,6209.1,228.1,2,9.8,10.4,98.6,9.7,13.1,9.7,13.2,9.0,15.4,9.7,10.5,9.7,11.8,9.7,9.7,9.7,9.7,13.7,9.7,10.4,9.7,9.7,10.3,9.7,9.7,10.4,10.4,11.2,9.7,9.7,11.1,10.3,12.6,11.6,10.3,10.4,9.7,9.7,9.7,9.7,9.7,10.3,10.4,10.3,9.0,9.7,9.7,9.7,0.0,0.0,0.0,0.0,0.0,0.0,0.0,0.0,0.0,0.0,0.0,0.0,0.0,0.0,0.0,0.0,0.0,0.0,0.0,0.0,0.0,0.0,0.0,0.0,0.0,0.0,0.0,0.0,0.0,0.0,0.0,0.0,0.0,0.0,0.0,0.0,0.0,0.0,0.0,0.0,0.0,0.0,0.0,0.0,0.0,0.0,0.0,0.0
2026-02-04T15:11:59.723368,1151.6,1.9,48,92.6,228.2,2,11.3,11.3,100.0,11.3,12.0,12.1,12.0,11.4,11.3,12.1,12.7,13.6,12.1,12.1,12.8,12.1,12.1,12.1,12.1,12.1,12.8,12.1,12.1,12.1,12.1,13.9,12.1,18.3,12.1,12.1,12.9,12.1,12.7,12.1,11.3,12.1,11.3,12.7,12.1,11.3,17.0,11.3,12.1,12.1,12.1,11.3,12.1,12.1,0.0,0.0,0.0,0.0,0.0,0.0,0.0,0.0,0.0,0.0,0.0,0.0,0.0,0.0,0.0,0.0,0.0,0.0,0.0,0.0,0.0,0.0,0.0,0.0,0.0,0.0,0.0,0.0,0.0,0.0,0.0,0.0,0.0,0.0,0.0,0.0,0.0,0.0,0.0,0.0,0.0,0.0,0.0,0.0,0.0,0.0,0.0,0.0
2026-02-04T15:12:01.950259,1153.8,4.2,48,124.4,231.8,2,9.2,7.0,98.6,7.0,9.2,9.1,8.5,8.1,7.0,7.0,8.5,8.2,7.0,7.0,9.8,7.5,7.7,7.0,7.0,7.0,10.5,7.7,9.2,9.1,11.3,11.1,9.0,11.3,8.3,7.0,7.0,7.0,10.6,7.7,10.5,7.0,7.7,7.0,10.4,7.0,7.7,7.0,7.0,9.0,9.1,7.0,7.7,7.7,0.0,0.0,0.0,0.0,0.0,0.0,0.0,0.0,0.0,0.0,0.0,0.0,0.0,0.0,0.0,0.0,0.0,0.0,0.0,0.0,0.0,0.0,0.0,0.0,0.0,0.0,0.0,0.0,0.0,0.0,0.0,0.0,0.0,0.0,0.0,0.0,0.0,0.0,0.0,0.0,0.0,0.0,0.0,0.0,0.0,0.0,0.0,0.0
2026-02-04T15:12:04.207137,1156.1,1.9,48,93.0,229.9,2,9.2,7.0,43.4,7.6,9.9,7.0,8.5,7.7,7.0,7.0,8.4,5.6,8.3,7.0,8.4,6.5,8.4,7.0,7.7,7.0,8.4,7.7,10.4,7.0,12.6,10.3,65.0,7.7,7.0,7.0,7.0,7.0,7.7,7.0,7.8,12.0,9.0,7.0,7.0,7.0,7.0,7.0,7.8,7.0,7.0,7.6,7.0,7.0,0.0,0.0,0.0,0.0,0.0,0.0,0.0,0.0,0.0,0.0,0.0,0.0,0.0,0.0,0.0,0.0,0.0,0.0,0.0,0.0,0.0,0.0,0.0,0.0,0.0,0.0,0.0,0.0,0.0,0.0,0.0,0.0,0.0,0.0,0.0,0.0,0.0,0.0,0.0,0.0,0.0,0.0,0.0,0.0,0.0,0.0,0.0,0.0
2026-02-04T15:12:06.433877,1158.3,2.0,96,3050.5,227.5,2,7.6,7.6,81.9,6.4,12.4,6.9,7.6,6.7,8.9,6.9,7.6,10.5,7.0,7.6,7.6,7.0,6.9,6.9,6.9,6.9,6.9,6.9,7.6,6.9,6.9,11.6,26.6,8.3,7.0,6.9,6.9,6.9,8.2,6.9,7.6,6.9,9.0,6.9,8.4,6.9,6.9,7.6,6.9,7.6,6.9,7.7,6.9,7.6,100.0,100.0,100.0,100.0,100.0,100.0,100.0,100.0,100.0,100.0,100.0,100.0,100.0,100.0,100.0,100.0,100.0,100.0,100.0,100.0,100.0,100.0,100.0,100.0,100.0,100.0,100.0,100.0,100.0,100.0,100.0,100.0,100.0,100.0,100.0,100.0,100.0,100.0,100.0,100.0,100.0,100.0,100.0,100.0,100.0,100.0,100.0,100.0
2026-02-04T15:12:08.658667,1160.6,5.0,48,92.8,231.8,2,14.8,17.0,97.9,14.1,15.4,14.1,14.7,14.1,13.6,14.1,15.5,10.9,15.5,14.1,15.4,14.1,14.7,14.1,14.1,13.4,16.1,14.7,15.4,14.1,14.8,19.1,14.8,14.7,14.1,14.1,14.1,14.8,14.2,14.8,14.8,14.1,16.1,14.1,14.1,14.8,14.8,14.1,14.1,14.1,18.9,14.1,14.8,14.1,0.0,0.0,0.0,0.0,0.0,0.0,0.0,0.0,0.0,0.0,0.0,0.0,0.0,0.0,0.0,0.0,0.0,0.0,0.0,0.0,0.0,0.0,0.0,0.0,0.0,0.0,0.0,0.0,0.0,0.0,0.0,0.0,0.0,0.0,0.0,0.0,0.0,0.0,0.0,0.0,0.0,0.0,0.0,0.0,0.0,0.0,0.0,0.0
2026-02-04T15:12:10.883973,1162.8,1.8,48,92.9,231.8,2,8.4,13.0,100.0,7.7,7.7,8.4,7.7,7.7,8.3,7.7,8.3,9.0,7.7,8.4,9.9,8.4,10.6,13.3,7.7,7.7,9.2,8.4,7.7,7.7,8.4,8.4,7.7,8.5,8.3,8.4,8.3,8.4,9.7,7.7,8.4,8.4,8.5,8.4,8.4,8.4,7.7,8.4,7.7,7.7,8.5,8.4,8.5,8.4,0.0,0.0,0.0,0.0,0.0,0.0,0.0,0.0,0.0,0.0,0.0,0.0,0.0,0.0,0.0,0.0,0.0,0.0,0.0,0.0,0.0,0.0,0.0,0.0,0.0,0.0,0.0,0.0,0.0,0.0,0.0,0.0,0.0,0.0,0.0,0.0,0.0,0.0,0.0,0.0,0.0,0.0,0.0,0.0,0.0,0.0,0.0,0.0
2026-02-04T15:12:13.109083,1165.0,2.3,48,93.0,230.9,2,6.3,10.9,99.3,6.3,10.5,6.3,9.1,6.3,7.0,7.0,8.5,6.0,6.3,6.3,6.3,6.3,7.7,7.0,6.2,6.3,6.3,6.3,7.0,6.3,6.3,6.3,7.0,7.0,6.3,6.3,7.0,6.3,8.4,6.3,7.0,6.3,6.3,7.0,6.3,6.3,12.7,6.3,6.3,7.0,7.7,6.3,7.0,6.3,0.0,0.0,0.0,0.0,0.0,0.0,0.0,0.0,0.0,0.0,0.0,0.0,0.0,0.0,0.0,0.0,0.0,0.0,0.0,0.0,0.0,0.0,0.0,0.0,0.0,0.0,0.0,0.0,0.0,0.0,0.0,0.0,0.0,0.0,0.0,0.0,0.0,0.0,0.0,0.0,0.0,0.0,0.0,0.0,0.0,0.0,0.0,0.0
2026-02-04T15:12:15.334411,1167.2,1.9,48,93.0,230.9,2,7.7,7.7,97.9,6.3,6.3,6.3,7.0,6.3,7.0,7.5,6.4,6.3,6.3,6.3,12.1,6.3,6.3,6.3,6.4,7.0,6.3,7.0,8.5,6.3,6.4,7.0,6.3,9.2,7.0,7.0,6.3,7.0,7.7,7.0,6.3,6.3,6.3,7.0,7.1,7.0,7.0,6.3,6.3,8.4,6.3,7.0,7.0,6.3,0.0,0.0,0.0,0.0,0.0,0.0,0.0,0.0,0.0,0.0,0.0,0.0,0.0,0.0,0.0,0.0,0.0,0.0,0.0,0.0,0.0,0.0,0.0,0.0,0.0,0.0,0.0,0.0,0.0,0.0,0.0,0.0,0.0,0.0,0.0,0.0,0.0,0.0,0.0,0.0,0.0,0.0,0.0,0.0,0.0,0.0,0.0,0.0
2026-02-04T15:12:17.559210,1169.5,2.2,48,124.3,231.2,2,5.6,8.3,98.6,9.3,6.9,8.5,8.3,10.2,9.2,6.7,8.2,8.8,6.9,10.2,10.3,7.0,7.7,7.7,7.0,9.3,7.7,10.2,9.1,10.2,7.7,10.2,7.0,8.4,7.0,8.3,7.7,10.2,9.8,10.2,10.2,10.2,13.3,10.2,7.6,10.2,7.7,8.7,12.6,8.3,7.7,7.6,7.7,11.0,0.0,0.0,0.0,0.0,0.0,0.0,0.0,0.0,0.0,0.0,0.0,0.0,0.0,0.0,0.0,0.0,0.0,0.0,0.0,0.0,0.0,0.0,0.0,0.0,0.0,0.0,0.0,0.0,0.0,0.0,0.0,0.0,0.0,0.0,0.0,0.0,0.0,0.0,0.0,0.0,0.0,0.0,0.0,0.0,0.0,0.0,0.0,0.0
2026-02-04T15:12:19.785098,1171.7,2.6,48,93.2,248.1,2,7.1,6.3,98.6,5.1,7.0,6.3,9.2,5.1,11.9,6.9,7.7,11.6,6.4,5.1,7.1,6.3,7.1,7.0,6.3,5.1,7.0,5.1,7.7,5.1,7.0,5.1,7.0,9.2,7.0,6.0,7.0,5.6,7.0,5.1,5.1,5.1,7.0,6.2,6.3,5.7,7.1,5.7,5.1,7.7,6.3,6.4,6.3,5.1,0.0,0.0,0.0,0.0,0.0,0.0,0.0,0.0,0.0,0.0,0.0,0.0,0.0,0.0,0.0,0.0,0.0,0.0,0.0,0.0,0.0,0.0,0.0,0.0,0.0,0.0,0.0,0.0,0.0,0.0,0.0,0.0,0.0,0.0,0.0,0.0,0.0,0.0,0.0,0.0,0.0,0.0,0.0,0.0,0.0,0.0,0.0,0.0
2026-02-04T15:12:22.014078,1173.9,99.1,48,247.2,231.4,2,13.8,12.6,99.3,12.4,15.4,13.9,15.4,13.8,15.8,13.2,14.7,9.6,13.2,13.1,13.2,13.9,13.1,13.8,13.8,13.1,13.9,13.8,13.9,13.1,13.2,13.8,14.5,16.0,13.9,13.1,13.9,14.5,14.0,13.1,19.3,13.8,14.6,13.7,14.6,13.1,13.8,11.7,13.9,14.6,11.1,13.0,14.6,13.0,0.0,0.0,0.0,0.0,0.0,0.0,0.0,0.0,0.0,0.0,0.0,0.0,0.0,0.0,0.0,0.0,0.0,0.0,0.0,0.0,0.0,0.0,0.0,0.0,0.0,0.0,0.0,0.0,0.0,0.0,0.0,0.0,0.0,0.0,0.0,0.0,0.0,0.0,0.0,0.0,0.0,0.0,0.0,0.0,0.0,0.0,0.0,0.0
2026-02-04T15:12:24.239318,1176.1,1.8,48,93.1,232.4,2,10.6,8.6,97.9,8.5,8.5,14.2,9.2,8.5,9.2,8.5,9.2,8.5,9.2,8.5,9.2,8.6,8.6,8.5,8.5,8.5,8.5,8.5,8.5,8.5,8.5,8.5,8.5,9.9,14.2,8.5,8.5,8.5,8.5,11.2,8.5,8.5,8.5,8.5,8.6,8.5,8.5,8.5,8.5,9.9,8.5,9.2,8.5,8.5,0.0,0.0,0.0,0.0,0.0,0.0,0.0,0.0,0.0,0.0,0.0,0.0,0.0,0.0,0.0,0.0,0.0,0.0,0.0,0.0,0.0,0.0,0.0,0.0,0.0,0.0,0.0,0.0,0.0,0.0,0.0,0.0,0.0,0.0,0.0,0.0,0.0,0.0,0.0,0.0,0.0,0.0,0.0,0.0,0.0,0.0,0.0,0.0
2026-02-04T15:12:26.494566,1178.4,2.0,48,123.5,232.4,2,7.0,12.6,99.3,7.0,8.5,7.0,7.7,7.0,7.0,7.0,7.7,7.0,7.1,7.0,7.0,7.0,7.0,8.3,6.3,7.0,7.1,7.0,7.0,7.0,7.0,7.0,7.0,9.8,7.0,7.0,7.0,7.0,7.7,7.7,7.0,7.0,7.8,7.0,7.0,7.0,7.0,7.8,7.0,7.1,7.0,7.0,7.1,7.0,0.0,0.0,0.0,0.0,0.0,0.0,0.0,0.0,0.0,0.0,0.0,0.0,0.0,0.0,0.0,0.0,0.0,0.0,0.0,0.0,0.0,0.0,0.0,0.0,0.0,0.0,0.0,0.0,0.0,0.0,0.0,0.0,0.0,0.0,0.0,0.0,0.0,0.0,0.0,0.0,0.0,0.0,0.0,0.0,0.0,0.0,0.0,0.0
2026-02-04T15:12:28.719402,1180.6,3.6,48,93.0,232.5,2,6.9,6.9,100.0,6.9,7.5,6.9,9.7,9.3,9.8,7.6,7.0,6.9,7.5,7.6,7.0,6.9,6.9,13.4,8.9,6.9,9.3,6.9,7.6,6.9,6.9,7.6,7.7,13.1,6.9,7.6,7.6,6.9,8.4,6.9,6.9,6.9,6.9,7.6,6.9,6.9,7.6,7.5,6.8,6.8,6.9,6.9,6.9,6.9,0.0,0.0,0.0,0.0,0.0,0.0,0.0,0.0,0.0,0.0,0.0,0.0,0.0,0.0,0.0,0.0,0.0,0.0,0.0,0.0,0.0,0.0,0.0,0.0,0.0,0.0,0.0,0.0,0.0,0.0,0.0,0.0,0.0,0.0,0.0,0.0,0.0,0.0,0.0,0.0,0.0,0.0,0.0,0.0,0.0,0.0,0.0,0.0
2026-02-04T15:12:30.945188,1182.8,1.9,48,93.0,232.5,2,7.8,47.2,65.5,7.6,6.3,7.7,8.5,6.1,6.1,10.0,7.0,7.0,7.7,7.0,7.0,7.0,7.7,6.3,8.4,6.3,6.1,7.0,7.8,6.3,7.0,7.7,7.7,7.0,8.4,7.7,7.7,7.7,7.7,7.7,7.7,7.7,7.7,7.7,7.7,7.7,7.6,7.7,7.8,7.7,7.8,7.7,7.7,7.7,0.0,0.0,0.0,0.0,0.0,0.0,0.0,0.0,0.0,0.0,0.0,0.0,0.0,0.0,0.0,0.0,0.0,0.0,0.0,0.0,0.0,0.0,0.0,0.0,0.0,0.0,0.0,0.0,0.0,0.0,0.0,0.0,0.0,0.0,0.0,0.0,0.0,0.0,0.0,0.0,0.0,0.0,0.0,0.0,0.0,0.0,0.0,0.0
2026-02-04T15:12:33.171417,1185.1,3.0,48,92.7,234.4,2,8.3,54.9,53.8,7.8,7.7,8.3,8.5,7.7,9.2,6.3,8.5,7.7,7.8,8.5,8.3,10.7,8.5,7.8,7.7,8.5,7.7,8.4,9.1,7.7,7.7,14.1,8.4,9.1,9.1,7.7,8.5,8.4,8.5,7.7,7.7,8.5,8.5,7.7,9.8,7.7,7.7,8.5,8.5,7.7,8.4,11.6,9.2,7.7,0.0,0.0,0.0,0.0,0.0,0.0,0.0,0.0,0.0,0.0,0.0,0.0,0.0,0.0,0.0,0.0,0.0,0.0,0.0,0.0,0.0,0.0,0.0,0.0,0.0,0.0,0.0,0.0,0.0,0.0,0.0,0.0,0.0,0.0,0.0,0.0,0.0,0.0,0.0,0.0,0.0,0.0,0.0,0.0,0.0,0.0,0.0,0.0
2026-02-04T15:12:35.397369,1187.3,1.9,48,92.5,233.5,2,6.3,12.7,98.6,6.3,8.5,6.3,6.9,8.1,7.1,6.9,8.4,6.3,6.3,7.1,7.7,5.4,6.9,6.3,6.3,6.3,6.3,6.3,6.3,6.3,7.0,6.3,6.3,6.3,6.4,7.0,7.0,6.3,6.2,6.3,6.4,6.3,7.0,6.3,6.4,6.3,7.0,6.3,6.3,6.4,6.9,9.0,7.7,7.0,0.0,0.0,0.0,0.0,0.0,0.0,0.0,0.0,0.0,0.0,0.0,0.0,0.0,0.0,0.0,0.0,0.0,0.0,0.0,0.0,0.0,0.0,0.0,0.0,0.0,0.0,0.0,0.0,0.0,0.0,0.0,0.0,0.0,0.0,0.0,0.0,0.0,0.0,0.0,0.0,0.0,0.0,0.0,0.0,0.0,0.0,0.0,0.0
2026-02-04T15:12:37.623035,1189.5,2.9,48,92.9,232.5,2,7.7,7.0,98.6,7.7,9.1,7.0,8.5,6.2,8.3,7.7,8.4,12.7,7.6,6.3,7.8,7.0,7.0,7.7,7.0,7.0,7.7,7.7,7.0,7.7,7.7,12.7,7.7,7.7,7.7,7.0,7.7,7.7,9.9,7.7,7.6,7.7,8.4,7.7,7.6,7.0,7.7,7.7,7.7,8.3,7.7,8.3,7.6,7.7,0.0,0.0,0.0,0.0,0.0,0.0,0.0,0.0,0.0,0.0,0.0,0.0,0.0,0.0,0.0,0.0,0.0,0.0,0.0,0.0,0.0,0.0,0.0,0.0,0.0,0.0,0.0,0.0,0.0,0.0,0.0,0.0,0.0,0.0,0.0,0.0,0.0,0.0,0.0,0.0,0.0,0.0,0.0,0.0,0.0,0.0,0.0,0.0
2026-02-04T15:12:39.848884,1191.7,1.9,47,92.8,232.5,2,9.0,6.3,39.4,11.9,9.2,6.3,7.1,7.0,8.5,6.5,7.1,4.9,7.7,6.3,8.4,6.3,6.3,6.3,6.3,6.3,7.0,6.3,69.0,7.7,7.7,6.3,7.0,6.3,7.0,6.3,7.0,7.0,7.8,6.3,7.0,6.9,6.3,6.3,6.3,7.0,6.3,6.3,6.3,8.4,7.8,7.7,7.7,7.0,0.0,0.0,0.0,0.0,0.0,0.0,0.0,0.0,0.0,0.0,0.0,0.0,0.0,0.0,0.0,0.0,0.0,0.0,0.0,0.0,0.0,0.0,0.0,0.0,0.0,0.0,0.0,0.0,0.0,0.0,0.0,0.0,0.0,0.0,0.0,0.0,0.0,0.0,0.0,0.0,0.0,0.0,0.0,0.0,0.0,0.0,0.0,0.0
2026-02-04T15:12:42.074625,1194.0,1.8,48,123.8,232.5,2,8.5,6.9,74.8,15.5,7.0,7.7,8.3,9.7,7.7,14.3,7.0,7.5,7.7,7.0,7.0,9.3,7.7,14.3,7.7,11.0,7.3,14.3,31.9,14.3,7.0,16.9,8.3,7.0,7.7,14.3,7.7,14.3,9.0,14.3,6.9,8.3,8.4,14.3,8.5,15.7,7.7,7.0,14.1,7.6,7.6,7.7,7.7,15.5,0.0,0.0,0.0,0.0,0.0,0.0,0.0,0.0,0.0,0.0,0.0,0.0,0.0,0.0,0.0,0.0,0.0,0.0,0.0,0.0,0.0,0.0,0.0,0.0,0.0,0.0,0.0,0.0,0.0,0.0,0.0,0.0,0.0,0.0,0.0,0.0,0.0,0.0,0.0,0.0,0.0,0.0,0.0,0.0,0.0,0.0,0.0,0.0
2026-02-04T15:12:44.300327,1196.2,2.3,44,92.7,232.5,2,12.7,7.8,100.0,5.1,9.1,7.7,7.7,6.1,7.7,5.1,8.4,7.3,8.5,7.7,6.9,6.2,8.5,5.1,7.7,5.2,7.4,5.1,7.6,4.7,7.7,4.7,7.7,9.0,7.7,5.1,7.0,5.1,7.8,4.7,7.9,9.7,8.5,5.1,9.0,4.7,7.6,7.8,5.1,7.8,7.8,7.8,8.4,5.6,0.0,0.0,0.0,0.0,0.0,0.0,0.0,0.0,0.0,0.0,0.0,0.0,0.0,0.0,0.0,0.0,0.0,0.0,0.0,0.0,0.0,0.0,0.0,0.0,0.0,0.0,0.0,0.0,0.0,0.0,0.0,0.0,0.0,0.0,0.0,0.0,0.0,0.0,0.0,0.0,0.0,0.0,0.0,0.0,0.0,0.0,0.0,0.0
2026-02-04T15:12:46.526351,1198.4,2.0,48,123.4,232.5,2,8.3,7.7,97.9,8.4,8.5,9.7,10.6,7.0,7.6,11.1,7.7,12.2,7.7,8.6,7.7,8.5,8.5,8.4,7.7,7.7,7.7,7.7,7.8,7.7,8.5,7.7,14.1,9.2,7.7,8.4,7.7,8.4,8.4,7.7,9.1,7.8,7.6,7.7,9.2,7.0,7.8,7.7,7.7,7.7,8.4,7.7,7.7,11.1,0.0,0.0,0.0,0.0,0.0,0.0,0.0,0.0,0.0,0.0,0.0,0.0,0.0,0.0,0.0,0.0,0.0,0.0,0.0,0.0,0.0,0.0,0.0,0.0,0.0,0.0,0.0,0.0,0.0,0.0,0.0,0.0,0.0,0.0,0.0,0.0,0.0,0.0,0.0,0.0,0.0,0.0,0.0,0.0,0.0,0.0,0.0,0.0
2026-02-04T15:12:48.780819,1200.6,2.3,48,8876.8,223.0,2,8.4,7.0,20.3,7.0,89.7,10.2,8.4,7.0,7.0,5.2,7.1,5.7,26.2,6.9,8.0,7.0,8.4,7.0,7.0,7.0,7.7,7.0,7.0,9.7,7.0,7.0,7.7,9.8,7.7,7.0,6.9,7.0,9.7,7.0,7.0,7.0,7.0,7.0,6.9,7.7,7.0,6.9,7.0,7.0,7.0,7.0,7.0,5.2,0.0,0.0,0.0,0.0,0.0,0.0,0.0,0.0,0.0,0.0,0.0,0.0,0.0,0.0,0.0,0.0,0.0,0.0,0.0,0.0,0.0,0.0,0.0,0.0,0.0,0.0,0.0,0.0,0.0,0.0,0.0,0.0,0.0,0.0,0.0,0.0,0.0,0.0,0.0,0.0,0.0,0.0,0.0,0.0,0.0,0.0,0.0,0.0
2026-02-04T15:12:51.005942,1202.9,100.0,66,155.7,233.5,2,11.7,12.3,99.3,11.6,13.8,10.5,12.4,13.5,15.0,12.9,14.9,12.8,8.1,12.9,12.0,13.6,13.0,14.2,12.8,14.2,13.6,12.2,12.9,15.6,13.0,12.9,13.6,15.2,12.2,12.9,12.3,12.9,12.4,18.4,13.0,12.9,14.4,13.6,13.0,12.9,13.0,13.0,12.9,13.7,12.9,12.2,12.9,13.6,100.0,100.0,0.0,0.0,100.0,0.0,100.0,100.0,0.0,100.0,100.0,0.0,0.0,0.0,0.0,100.0,0.0,100.0,0.0,0.0,100.0,0.0,0.0,0.0,100.0,0.0,0.0,100.0,0.0,100.0,100.0,0.0,0.0,0.0,0.0,100.0,0.0,0.0,0.0,100.0,0.0,100.0,0.0,0.0,100.0,0.0,0.0,0.0
2026-02-04T15:12:53.232032,1205.1,29.1,67,123.9,232.5,2,10.6,9.9,97.2,8.6,11.2,8.5,10.5,9.3,8.5,10.0,10.0,8.6,10.0,8.6,10.0,8.6,14.9,8.6,8.6,10.0,10.0,8.6,10.0,9.1,10.0,9.3,10.0,9.9,12.7,9.3,11.3,10.6,9.9,9.3,8.6,10.0,9.3,10.7,9.3,9.3,9.3,9.2,9.3,10.0,9.2,8.6,8.6,10.0,0.0,0.0,100.0,100.0,0.0,0.0,0.0,100.0,100.0,0.0,0.0,0.0,100.0,100.0,0.0,0.0,0.0,100.0,100.0,0.0,0.0,0.0,100.0,100.0,0.0,0.0,0.0,100.0,100.0,0.0,0.0,0.0,100.0,100.0,0.0,0.0,0.0,100.0,100.0,0.0,0.0,0.0,100.0,100.0,0.0,0.0,0.0,100.0
2026-02-04T15:12:55.457081,1207.4,2.5,67,92.9,232.5,2,7.7,12.7,99.3,7.0,8.5,7.0,8.4,7.0,7.7,7.0,7.7,7.0,7.7,7.0,7.7,7.0,7.7,7.0,7.0,7.7,7.7,8.3,7.7,7.7,7.7,7.0,7.7,7.7,10.6,7.0,7.7,7.7,8.4,8.3,7.7,7.7,7.7,7.7,7.7,7.7,7.7,7.0,7.7,7.0,7.7,7.7,7.7,7.0,0.0,0.0,100.0,100.0,0.0,0.0,0.0,100.0,100.0,0.0,0.0,0.0,100.0,100.0,0.0,0.0,0.0,100.0,100.0,0.0,0.0,0.0,100.0,100.0,0.0,0.0,0.0,100.0,100.0,0.0,0.0,0.0,100.0,100.0,0.0,0.0,0.0,100.0,100.0,0.0,0.0,0.0,100.0,100.0,0.0,0.0,0.0,100.0
2026-02-04T15:12:57.682399,1209.6,2.3,67,124.1,234.4,2,7.7,7.7,99.3,7.7,9.9,7.7,8.5,7.7,7.7,8.5,8.4,7.7,7.7,7.7,7.7,7.7,7.7,7.7,8.4,8.4,7.7,7.8,8.5,7.7,7.7,13.4,7.7,9.2,7.7,7.9,7.7,7.7,9.9,7.7,9.1,7.7,7.7,7.7,7.7,7.7,9.1,7.7,7.7,7.7,7.8,7.7,7.7,7.7,0.0,0.0,100.0,100.0,0.0,0.0,0.0,100.0,100.0,0.0,0.0,0.0,100.0,100.0,0.0,0.0,0.0,100.0,100.0,0.0,0.0,0.0,100.0,100.0,0.0,0.0,0.0,100.0,100.0,0.0,0.0,0.0,100.0,100.0,0.0,0.0,0.0,100.0,100.0,0.0,0.0,0.0,100.0,100.0,0.0,0.0,0.0,100.0
2026-02-04T15:12:59.907410,1211.8,2.2,67,92.8,234.5,2,7.0,7.8,99.3,7.7,7.6,7.7,9.1,7.0,7.7,5.8,7.7,7.4,7.0,7.7,7.7,7.7,8.5,6.3,7.6,7.0,7.0,7.0,7.0,9.7,7.7,6.3,7.7,8.4,7.7,7.6,7.7,6.3,9.2,7.0,13.5,7.0,7.7,7.7,7.7,7.0,7.8,8.5,7.7,7.8,6.9,7.7,7.7,7.0,0.0,0.0,100.0,100.0,0.0,0.0,0.0,100.0,100.0,0.0,0.0,0.0,100.0,100.0,0.0,0.0,0.0,100.0,100.0,0.0,0.0,0.0,100.0,100.0,0.0,0.0,0.0,100.0,100.0,0.0,0.0,0.0,100.0,100.0,0.0,0.0,0.0,100.0,100.0,0.0,0.0,0.0,100.0,100.0,0.0,0.0,0.0,100.0
2026-02-04T15:13:02.132297,1214.0,2.5,66,92.9,232.5,2,7.1,7.0,98.6,7.7,11.1,7.0,9.9,7.7,8.5,7.0,7.6,6.7,7.0,7.0,7.0,6.9,7.0,7.7,7.1,7.0,8.3,7.7,8.4,11.0,7.7,12.6,7.0,8.5,7.7,7.0,7.7,7.0,7.6,7.0,7.6,7.0,7.0,7.0,7.0,7.0,6.9,7.0,7.0,7.6,7.0,7.0,7.0,7.0,0.0,0.0,100.0,0.0,0.0,0.0,0.0,100.0,100.0,0.0,0.0,0.0,100.0,100.0,0.0,0.0,0.0,100.0,100.0,0.0,0.0,0.0,100.0,100.0,0.0,0.0,0.0,100.0,100.0,0.0,0.0,0.0,100.0,100.0,0.0,0.0,0.0,100.0,100.0,0.0,0.0,0.0,100.0,100.0,0.0,0.0,0.0,100.0
2026-02-04T15:13:04.357601,1216.3,3.6,66,92.6,232.5,2,9.0,13.2,99.3,7.0,7.7,7.0,7.7,7.7,7.6,7.0,8.5,7.0,7.0,7.7,7.7,7.1,7.7,7.0,7.7,7.0,7.8,7.0,9.0,7.6,7.7,7.7,7.7,8.5,7.7,7.7,7.7,8.5,7.8,7.7,7.7,7.7,8.4,7.7,7.7,7.7,8.5,8.4,7.7,7.0,7.8,8.3,7.7,8.4,0.0,0.0,100.0,100.0,0.0,0.0,0.0,100.0,100.0,0.0,0.0,0.0,100.0,0.0,0.0,0.0,0.0,100.0,100.0,0.0,0.0,0.0,100.0,100.0,0.0,0.0,0.0,100.0,100.0,0.0,0.0,0.0,100.0,100.0,0.0,0.0,0.0,100.0,100.0,0.0,0.0,0.0,100.0,100.0,0.0,0.0,0.0,100.0
2026-02-04T15:13:06.582204,1218.5,1.8,67,92.5,232.8,2,8.5,7.0,99.3,6.3,9.2,7.0,11.2,7.0,9.3,7.0,7.7,7.0,6.9,7.7,15.7,7.0,7.0,7.7,7.7,7.0,7.7,7.0,7.1,8.5,7.0,7.0,7.7,9.7,7.0,7.0,7.0,7.0,9.0,7.7,7.0,7.7,7.7,6.3,7.7,7.0,7.0,7.7,8.3,7.7,7.0,7.7,7.7,7.7,0.0,0.0,100.0,100.0,0.0,0.0,0.0,100.0,100.0,0.0,0.0,0.0,100.0,100.0,0.0,0.0,0.0,100.0,100.0,0.0,0.0,0.0,100.0,100.0,0.0,0.0,0.0,100.0,100.0,0.0,0.0,0.0,100.0,100.0,0.0,0.0,0.0,100.0,100.0,0.0,0.0,0.0,100.0,100.0,0.0,0.0,0.0,100.0
2026-02-04T15:13:08.807626,1220.7,1.9,67,123.7,232.8,2,8.5,6.4,99.3,6.3,7.0,7.0,9.8,7.0,12.6,6.3,7.7,6.3,7.7,6.4,6.9,7.6,7.7,6.3,7.7,6.3,7.7,6.3,7.0,6.3,7.7,6.3,7.7,7.7,7.7,6.3,6.3,7.0,8.5,7.0,7.1,7.0,7.8,7.0,6.4,7.0,7.8,6.3,7.7,6.4,6.3,5.7,6.3,7.0,0.0,0.0,100.0,100.0,0.0,0.0,0.0,100.0,100.0,0.0,0.0,0.0,100.0,100.0,0.0,0.0,0.0,100.0,100.0,0.0,0.0,0.0,100.0,100.0,0.0,0.0,0.0,100.0,100.0,0.0,0.0,0.0,100.0,100.0,0.0,0.0,0.0,100.0,100.0,0.0,0.0,0.0,100.0,100.0,0.0,0.0,0.0,100.0
2026-02-04T15:13:11.062642,1222.9,3.0,65,92.3,233.3,2,9.7,7.7,97.9,7.7,8.3,8.4,8.4,7.7,8.4,8.0,8.4,7.7,8.4,7.6,7.7,8.5,8.5,8.5,7.6,8.4,7.7,7.7,7.6,7.7,11.0,7.7,8.3,10.4,7.7,7.7,7.7,8.4,8.3,7.7,8.3,7.7,8.3,7.7,7.7,8.5,7.6,7.7,7.7,8.3,7.7,7.7,8.5,7.7,0.0,0.0,100.0,100.0,0.0,0.0,0.0,100.0,100.0,0.0,0.0,0.0,100.0,100.0,0.0,0.0,0.0,100.0,100.0,0.0,0.0,0.0,100.0,100.0,0.0,0.0,0.0,100.0,0.0,0.0,0.0,0.0,100.0,0.0,0.0,0.0,0.0,100.0,100.0,0.0,0.0,0.0,100.0,100.0,0.0,0.0,0.0,100.0
2026-02-04T15:13:13.288199,1225.2,1.9,66,92.9,233.3,2,7.7,7.6,98.6,7.6,11.0,7.6,8.4,6.9,8.3,7.4,13.2,7.6,8.3,7.6,8.3,8.2,7.6,7.6,6.9,7.6,7.5,7.6,7.7,7.6,10.3,6.9,7.7,8.3,7.6,7.6,7.6,8.3,9.7,6.9,7.7,7.6,7.7,7.6,8.3,7.6,7.7,7.6,7.6,8.4,7.6,7.6,7.6,7.6,0.0,0.0,100.0,100.0,0.0,0.0,0.0,100.0,100.0,0.0,0.0,0.0,100.0,100.0,0.0,0.0,0.0,100.0,100.0,0.0,0.0,0.0,100.0,0.0,0.0,0.0,0.0,100.0,100.0,0.0,0.0,0.0,100.0,100.0,0.0,0.0,0.0,100.0,100.0,0.0,0.0,0.0,100.0,100.0,0.0,0.0,0.0,100.0
2026-02-04T15:13:15.513289,1227.4,2.5,66,124.0,233.3,2,7.0,7.0,98.6,10.0,8.4,7.6,7.0,8.9,7.1,9.3,7.8,8.9,8.1,8.4,7.0,7.0,7.0,8.6,7.0,10.0,10.1,10.0,7.7,7.0,15.7,10.0,7.0,9.1,7.0,11.0,7.8,7.7,8.1,11.9,7.0,10.0,6.9,16.7,7.0,9.6,8.4,7.0,10.0,8.3,7.0,8.3,10.0,9.9,0.0,0.0,100.0,0.0,0.0,0.0,0.0,100.0,100.0,0.0,0.0,0.0,100.0,100.0,0.0,0.0,0.0,100.0,100.0,0.0,0.0,0.0,100.0,100.0,0.0,0.0,0.0,100.0,100.0,0.0,0.0,0.0,100.0,100.0,0.0,0.0,0.0,100.0,100.0,0.0,0.0,0.0,100.0,100.0,0.0,0.0,0.0,100.0
2026-02-04T15:13:17.738647,1229.6,2.3,67,93.0,233.3,2,9.0,7.8,99.3,5.4,7.8,9.2,8.3,6.4,8.4,5.6,7.7,6.4,13.0,7.7,8.5,7.7,7.0,7.0,8.5,5.4,7.3,5.4,9.8,7.7,6.5,5.9,8.4,9.2,8.4,5.9,7.1,8.5,6.8,6.5,7.7,5.9,10.6,6.2,8.4,5.5,8.5,7.7,6.5,7.7,9.1,6.7,6.5,5.4,0.0,0.0,100.0,100.0,0.0,0.0,0.0,100.0,100.0,0.0,0.0,0.0,100.0,100.0,0.0,0.0,0.0,100.0,100.0,0.0,0.0,0.0,100.0,100.0,0.0,0.0,0.0,100.0,100.0,0.0,0.0,0.0,100.0,100.0,0.0,0.0,0.0,100.0,100.0,0.0,0.0,0.0,100.0,100.0,0.0,0.0,0.0,100.0
2026-02-04T15:13:19.964011,1231.9,1.9,66,123.6,233.3,2,7.7,59.0,53.1,7.0,7.7,7.0,9.2,11.8,8.0,7.0,8.3,7.0,7.6,7.0,11.8,7.7,8.4,7.7,10.0,7.0,7.7,7.7,7.1,7.7,7.0,8.5,8.5,9.2,8.4,7.0,7.0,7.0,9.0,7.7,7.0,7.0,7.7,7.0,9.1,7.0,8.4,7.6,7.7,7.0,8.5,7.0,8.5,8.4,0.0,0.0,100.0,0.0,0.0,0.0,0.0,100.0,100.0,0.0,0.0,0.0,100.0,100.0,0.0,0.0,0.0,100.0,100.0,0.0,0.0,0.0,100.0,100.0,0.0,0.0,0.0,100.0,100.0,0.0,0.0,0.0,100.0,100.0,0.0,0.0,0.0,100.0,100.0,0.0,0.0,0.0,100.0,100.0,0.0,0.0,0.0,100.0
2026-02-04T15:13:22.189460,1234.1,2.3,65,93.3,233.3,2,7.7,45.8,60.8,7.7,8.4,7.7,8.5,5.7,7.5,7.7,7.8,7.7,7.7,8.5,5.7,9.4,9.8,7.7,7.4,7.7,7.7,7.7,8.3,7.7,7.8,7.7,7.7,9.1,7.7,7.7,8.3,8.4,8.4,8.4,7.8,7.7,7.8,7.7,9.7,7.7,9.2,7.7,8.5,7.7,7.7,7.7,7.7,7.7,0.0,0.0,100.0,100.0,0.0,0.0,0.0,100.0,100.0,0.0,0.0,0.0,100.0,0.0,0.0,0.0,0.0,100.0,0.0,0.0,0.0,0.0,100.0,100.0,0.0,0.0,0.0,100.0,100.0,0.0,0.0,0.0,100.0,100.0,0.0,0.0,0.0,100.0,100.0,0.0,0.0,0.0,100.0,100.0,0.0,0.0,0.0,100.0
2026-02-04T15:13:24.415793,1236.3,2.5,66,92.6,233.3,2,10.6,7.8,97.9,8.3,9.9,7.7,9.1,7.7,8.5,7.7,7.7,7.7,8.4,8.3,8.5,6.5,9.1,8.3,8.5,8.3,9.1,8.3,7.7,7.9,8.3,8.3,7.7,8.5,8.5,8.3,8.5,9.7,7.7,9.1,8.3,8.3,8.3,9.1,11.1,8.4,8.3,8.5,8.4,7.7,7.7,7.7,7.7,9.1,0.0,0.0,100.0,100.0,0.0,0.0,0.0,100.0,100.0,0.0,0.0,0.0,100.0,100.0,0.0,0.0,0.0,100.0,100.0,0.0,0.0,0.0,100.0,100.0,0.0,0.0,0.0,100.0,0.0,0.0,0.0,0.0,100.0,100.0,0.0,0.0,0.0,100.0,100.0,0.0,0.0,0.0,100.0,100.0,0.0,0.0,0.0,100.0
2026-02-04T15:13:26.641875,1238.5,2.1,67,93.0,233.3,2,9.0,7.6,98.6,6.5,10.6,9.2,6.9,7.7,8.3,7.1,6.9,7.7,9.7,7.2,9.1,7.0,7.0,7.1,7.0,7.1,7.7,7.1,9.0,7.5,7.8,6.5,8.4,9.1,9.1,7.1,7.7,7.7,7.7,7.1,8.5,6.5,9.1,7.1,7.7,7.1,8.5,7.7,7.7,9.2,7.6,7.0,8.4,7.1,0.0,0.0,100.0,100.0,0.0,0.0,0.0,100.0,100.0,0.0,0.0,0.0,100.0,100.0,0.0,0.0,0.0,100.0,100.0,0.0,0.0,0.0,100.0,100.0,0.0,0.0,0.0,100.0,100.0,0.0,0.0,0.0,100.0,100.0,0.0,0.0,0.0,100.0,100.0,0.0,0.0,0.0,100.0,100.0,0.0,0.0,0.0,100.0
2026-02-04T15:13:28.867662,1240.8,2.5,67,93.0,233.3,2,9.7,7.7,97.9,7.7,7.7,7.6,8.5,10.2,7.8,9.0,7.8,7.0,7.0,13.1,7.0,7.7,7.7,7.7,7.7,8.4,7.0,7.7,7.7,7.7,7.0,7.7,7.7,8.5,7.7,7.7,7.7,7.7,8.5,7.7,8.4,7.7,7.7,7.7,7.7,7.7,8.4,7.7,7.7,7.0,9.1,7.7,7.7,8.5,0.0,0.0,100.0,100.0,0.0,0.0,0.0,100.0,100.0,0.0,0.0,0.0,100.0,100.0,0.0,0.0,0.0,100.0,100.0,0.0,0.0,0.0,100.0,100.0,0.0,0.0,0.0,100.0,100.0,0.0,0.0,0.0,100.0,100.0,0.0,0.0,0.0,100.0,100.0,0.0,0.0,0.0,100.0,100.0,0.0,0.0,0.0,100.0
2026-02-04T15:13:31.093283,1243.0,3.0,65,92.8,233.3,2,8.5,7.7,98.6,7.7,8.5,7.7,9.7,6.2,7.7,7.7,8.3,7.8,8.5,5.5,7.7,8.1,7.6,7.7,7.7,7.7,7.7,7.7,9.8,7.7,7.7,7.7,8.4,13.3,7.7,7.7,7.6,7.7,7.6,7.7,7.8,7.7,8.5,7.7,11.0,7.7,7.8,7.0,7.7,7.8,9.2,7.7,7.7,7.7,0.0,0.0,100.0,0.0,0.0,0.0,0.0,100.0,100.0,0.0,0.0,0.0,100.0,0.0,0.0,0.0,0.0,100.0,100.0,0.0,0.0,0.0,100.0,100.0,0.0,0.0,0.0,100.0,100.0,0.0,0.0,0.0,100.0,100.0,0.0,0.0,0.0,100.0,100.0,0.0,0.0,0.0,100.0,100.0,0.0,0.0,0.0,100.0
2026-02-04T15:13:33.350056,1245.2,1.9,66,92.7,233.8,2,9.0,7.0,98.6,7.6,7.6,7.0,15.5,7.0,6.9,7.0,7.2,8.3,7.7,7.0,7.7,6.7,7.7,7.0,7.7,7.0,7.7,7.0,8.5,7.0,7.0,7.0,7.7,8.4,7.0,7.0,7.8,7.0,9.2,7.0,7.6,7.7,7.7,7.0,11.7,7.0,8.4,7.7,7.0,8.4,7.7,7.0,7.7,7.0,0.0,0.0,100.0,100.0,0.0,0.0,0.0,100.0,100.0,0.0,0.0,0.0,100.0,100.0,0.0,0.0,0.0,100.0,100.0,0.0,0.0,0.0,100.0,0.0,0.0,0.0,0.0,100.0,100.0,0.0,0.0,0.0,100.0,100.0,0.0,0.0,0.0,100.0,100.0,0.0,0.0,0.0,100.0,100.0,0.0,0.0,0.0,100.0
2026-02-04T15:13:35.576450,1247.5,2.3,96,123.2,233.8,2,6.9,7.6,98.6,6.9,6.9,6.9,9.7,6.9,7.7,6.9,7.6,6.9,7.6,6.9,7.0,6.9,7.6,7.6,7.6,6.9,6.9,7.6,7.6,7.6,7.6,12.5,6.9,7.6,7.6,6.2,9.0,6.2,11.0,6.2,7.6,6.2,7.6,6.9,8.8,6.9,7.6,6.2,7.6,6.2,6.9,7.6,7.6,6.9,100.0,100.0,100.0,100.0,100.0,100.0,100.0,100.0,100.0,100.0,100.0,100.0,100.0,100.0,100.0,100.0,100.0,100.0,100.0,100.0,100.0,100.0,100.0,100.0,100.0,100.0,100.0,100.0,100.0,100.0,100.0,100.0,100.0,100.0,100.0,100.0,100.0,100.0,100.0,100.0,100.0,100.0,100.0,100.0,100.0,100.0,100.0,100.0
2026-02-04T15:13:37.801783,1249.7,2.2,48,92.8,233.8,2,7.6,7.1,98.6,7.0,8.5,7.0,9.2,7.0,8.5,7.0,7.7,11.6,14.2,7.0,12.1,7.0,8.1,7.0,7.0,7.7,7.0,7.7,8.4,7.7,7.7,7.7,7.0,9.1,7.0,7.7,7.0,7.7,9.7,7.6,6.3,7.7,7.0,7.7,11.0,10.1,7.7,8.5,7.7,7.0,7.0,7.7,7.7,12.6,0.0,0.0,0.0,0.0,0.0,0.0,0.0,0.0,0.0,0.0,0.0,0.0,0.0,0.0,0.0,0.0,0.0,0.0,0.0,0.0,0.0,0.0,0.0,0.0,0.0,0.0,0.0,0.0,0.0,0.0,0.0,0.0,0.0,0.0,0.0,0.0,0.0,0.0,0.0,0.0,0.0,0.0,0.0,0.0,0.0,0.0,0.0,0.0
2026-02-04T15:13:40.028691,1251.9,2.3,47,123.9,233.8,2,7.7,7.7,98.6,7.0,9.8,7.0,7.6,7.0,8.3,7.0,7.7,5.0,7.7,9.3,5.6,7.0,7.4,7.7,7.7,7.7,7.6,7.7,7.7,7.7,7.7,8.4,7.7,7.7,7.7,7.7,7.7,7.7,9.1,7.7,7.0,9.1,7.7,7.0,9.1,6.8,7.7,14.0,8.5,7.7,7.7,7.7,7.7,5.6,0.0,0.0,0.0,0.0,0.0,0.0,0.0,0.0,0.0,0.0,0.0,0.0,0.0,0.0,0.0,0.0,0.0,0.0,0.0,0.0,0.0,0.0,0.0,0.0,0.0,0.0,0.0,0.0,0.0,0.0,0.0,0.0,0.0,0.0,0.0,0.0,0.0,0.0,0.0,0.0,0.0,0.0,0.0,0.0,0.0,0.0,0.0,0.0
2026-02-04T15:13:42.253870,1254.1,2.4,48,93.0,233.8,2,7.0,6.9,98.6,7.0,7.0,7.7,7.7,7.0,7.1,7.0,7.0,7.7,7.7,5.6,7.0,7.0,6.9,7.0,6.9,7.0,7.1,7.0,13.3,7.7,7.7,7.7,7.7,7.7,8.4,6.3,7.7,6.3,8.4,6.3,7.0,6.3,7.0,7.0,9.7,7.0,7.0,6.9,7.0,6.3,6.3,7.0,7.0,7.0,0.0,0.0,0.0,0.0,0.0,0.0,0.0,0.0,0.0,0.0,0.0,0.0,0.0,0.0,0.0,0.0,0.0,0.0,0.0,0.0,0.0,0.0,0.0,0.0,0.0,0.0,0.0,0.0,0.0,0.0,0.0,0.0,0.0,0.0,0.0,0.0,0.0,0.0,0.0,0.0,0.0,0.0,0.0,0.0,0.0,0.0,0.0,0.0
2026-02-04T15:13:44.479132,1256.4,2.2,48,93.2,233.8,2,7.8,7.8,97.9,7.0,7.0,13.4,8.5,7.0,7.7,7.0,7.0,7.0,7.0,7.7,7.0,7.0,7.1,7.0,7.1,7.0,7.0,7.0,7.7,7.0,7.7,7.0,7.0,9.8,7.7,7.0,7.0,7.0,9.2,7.0,7.0,7.0,7.7,7.0,9.1,7.0,7.7,7.0,7.0,7.0,7.0,7.0,9.0,7.7,0.0,0.0,0.0,0.0,0.0,0.0,0.0,0.0,0.0,0.0,0.0,0.0,0.0,0.0,0.0,0.0,0.0,0.0,0.0,0.0,0.0,0.0,0.0,0.0,0.0,0.0,0.0,0.0,0.0,0.0,0.0,0.0,0.0,0.0,0.0,0.0,0.0,0.0,0.0,0.0,0.0,0.0,0.0,0.0,0.0,0.0,0.0,0.0
2026-02-04T15:13:46.704307,1258.6,2.9,48,93.0,233.8,2,8.3,7.6,98.6,7.7,7.7,7.2,8.4,7.0,7.7,6.9,7.7,7.0,7.7,6.9,7.7,7.0,7.7,7.8,7.7,7.0,7.7,7.0,7.0,7.7,7.7,7.0,7.7,8.3,14.1,7.0,7.7,8.5,8.4,7.0,7.0,7.7,7.0,8.4,10.3,7.7,7.0,7.7,7.0,8.4,7.0,7.7,7.0,7.7,0.0,0.0,0.0,0.0,0.0,0.0,0.0,0.0,0.0,0.0,0.0,0.0,0.0,0.0,0.0,0.0,0.0,0.0,0.0,0.0,0.0,0.0,0.0,0.0,0.0,0.0,0.0,0.0,0.0,0.0,0.0,0.0,0.0,0.0,0.0,0.0,0.0,0.0,0.0,0.0,0.0,0.0,0.0,0.0,0.0,0.0,0.0,0.0
2026-02-04T15:13:48.928267,1260.8,1.8,48,92.7,233.8,2,7.8,6.3,98.6,6.5,7.9,6.2,7.0,7.0,6.3,6.4,6.9,6.3,7.1,6.6,7.9,6.3,7.6,6.4,7.7,6.5,8.0,6.5,7.7,6.5,7.9,6.5,7.7,7.0,7.7,6.5,7.7,6.5,8.0,7.2,6.3,7.2,7.7,6.5,9.1,7.1,6.3,7.7,6.5,7.7,7.1,7.2,7.2,6.5,0.0,0.0,0.0,0.0,0.0,0.0,0.0,0.0,0.0,0.0,0.0,0.0,0.0,0.0,0.0,0.0,0.0,0.0,0.0,0.0,0.0,0.0,0.0,0.0,0.0,0.0,0.0,0.0,0.0,0.0,0.0,0.0,0.0,0.0,0.0,0.0,0.0,0.0,0.0,0.0,0.0,0.0,0.0,0.0,0.0,0.0,0.0,0.0
2026-02-04T15:13:51.153164,1263.0,2.7,48,123.6,233.8,2,7.0,7.7,97.9,7.5,9.0,8.3,9.2,7.0,8.4,7.7,8.5,7.7,8.4,7.5,8.2,7.7,9.9,7.6,8.5,7.5,7.5,7.5,7.7,7.5,7.5,7.5,7.6,9.1,7.7,7.5,7.7,7.5,7.4,7.5,9.2,7.5,7.8,7.5,9.2,7.5,7.8,8.4,8.2,7.8,8.4,7.5,8.2,7.5,0.0,0.0,0.0,0.0,0.0,0.0,0.0,0.0,0.0,0.0,0.0,0.0,0.0,0.0,0.0,0.0,0.0,0.0,0.0,0.0,0.0,0.0,0.0,0.0,0.0,0.0,0.0,0.0,0.0,0.0,0.0,0.0,0.0,0.0,0.0,0.0,0.0,0.0,0.0,0.0,0.0,0.0,0.0,0.0,0.0,0.0,0.0,0.0
2026-02-04T15:13:53.378370,1265.3,2.0,48,92.7,233.8,2,8.4,7.7,98.6,7.7,7.7,7.7,8.4,7.7,7.8,7.7,7.7,7.7,8.3,7.7,7.7,7.7,13.4,7.7,7.7,7.7,7.7,7.7,7.7,7.7,7.7,7.7,11.7,7.7,7.7,7.7,7.7,7.7,9.2,7.7,8.4,7.7,7.7,7.7,7.7,7.7,7.7,8.5,8.4,7.7,7.7,7.7,7.7,7.7,0.0,0.0,0.0,0.0,0.0,0.0,0.0,0.0,0.0,0.0,0.0,0.0,0.0,0.0,0.0,0.0,0.0,0.0,0.0,0.0,0.0,0.0,0.0,0.0,0.0,0.0,0.0,0.0,0.0,0.0,0.0,0.0,0.0,0.0,0.0,0.0,0.0,0.0,0.0,0.0,0.0,0.0,0.0,0.0,0.0,0.0,0.0,0.0
2026-02-04T15:13:55.634367,1267.5,1.9,48,123.4,233.8,2,8.4,7.7,97.9,7.0,9.9,6.9,9.7,7.7,8.3,7.8,8.4,7.7,7.8,7.7,7.0,7.7,7.7,7.0,7.7,7.7,7.0,8.4,7.7,8.4,7.0,7.7,7.0,9.2,7.7,7.7,7.7,7.7,8.5,8.3,7.7,7.7,8.5,7.7,9.0,7.7,7.7,7.0,8.4,7.0,7.7,7.7,7.7,13.3,0.0,0.0,0.0,0.0,0.0,0.0,0.0,0.0,0.0,0.0,0.0,0.0,0.0,0.0,0.0,0.0,0.0,0.0,0.0,0.0,0.0,0.0,0.0,0.0,0.0,0.0,0.0,0.0,0.0,0.0,0.0,0.0,0.0,0.0,0.0,0.0,0.0,0.0,0.0,0.0,0.0,0.0,0.0,0.0,0.0,0.0,0.0,0.0
2026-02-04T15:13:57.859520,1269.8,2.3,48,93.3,233.8,2,5.5,8.3,97.9,6.9,9.7,7.7,6.9,6.9,7.0,6.9,7.7,6.9,6.9,6.9,6.9,6.9,6.8,6.9,7.6,6.9,6.9,6.9,6.9,6.9,6.9,6.9,16.2,9.5,7.6,6.9,6.9,6.9,6.9,8.3,8.3,6.9,6.9,6.9,6.9,7.6,6.9,7.6,7.6,7.7,6.8,6.9,6.9,6.9,0.0,0.0,0.0,0.0,0.0,0.0,0.0,0.0,0.0,0.0,0.0,0.0,0.0,0.0,0.0,0.0,0.0,0.0,0.0,0.0,0.0,0.0,0.0,0.0,0.0,0.0,0.0,0.0,0.0,0.0,0.0,0.0,0.0,0.0,0.0,0.0,0.0,0.0,0.0,0.0,0.0,0.0,0.0,0.0,0.0,0.0,0.0,0.0
2026-02-04T15:14:00.083037,1272.0,3.5,48,92.5,233.8,2,7.7,7.0,97.9,7.0,7.7,7.0,9.1,7.0,7.0,7.6,14.0,7.0,7.0,7.0,7.0,7.0,9.9,7.6,7.0,7.6,7.7,7.6,6.3,7.0,7.1,7.0,8.3,7.7,7.0,6.3,7.7,8.4,6.9,7.0,7.0,7.0,7.7,7.0,7.0,7.0,7.0,7.7,7.0,8.3,7.0,7.0,7.0,7.0,0.0,0.0,0.0,0.0,0.0,0.0,0.0,0.0,0.0,0.0,0.0,0.0,0.0,0.0,0.0,0.0,0.0,0.0,0.0,0.0,0.0,0.0,0.0,0.0,0.0,0.0,0.0,0.0,0.0,0.0,0.0,0.0,0.0,0.0,0.0,0.0,0.0,0.0,0.0,0.0,0.0,0.0,0.0,0.0,0.0,0.0,0.0,0.0
2026-02-04T15:14:02.308392,1274.2,51.5,48,186.3,233.8,2,9.0,6.3,98.6,7.0,7.0,7.0,7.8,6.3,7.0,7.0,7.7,7.0,7.0,7.0,7.0,6.3,7.0,6.3,7.1,6.3,7.0,6.3,7.0,7.0,7.6,6.3,10.3,7.7,7.0,6.3,7.7,7.0,8.4,7.0,9.1,7.0,7.7,6.3,7.0,7.0,7.0,7.7,7.0,8.5,7.0,7.0,7.0,6.3,0.0,0.0,0.0,0.0,0.0,0.0,0.0,0.0,0.0,0.0,0.0,0.0,0.0,0.0,0.0,0.0,0.0,0.0,0.0,0.0,0.0,0.0,0.0,0.0,0.0,0.0,0.0,0.0,0.0,0.0,0.0,0.0,0.0,0.0,0.0,0.0,0.0,0.0,0.0,0.0,0.0,0.0,0.0,0.0,0.0,0.0,0.0,0.0
2026-02-04T15:14:04.533875,1276.4,99.7,48,185.6,233.8,2,7.0,6.3,100.0,6.3,6.3,7.7,6.2,6.3,6.3,6.3,7.6,6.3,6.3,6.3,6.3,6.3,6.3,6.3,6.2,6.3,6.3,6.3,6.3,6.9,6.3,6.3,10.3,6.3,6.3,6.3,6.3,6.3,9.1,6.3,9.9,6.3,6.3,6.3,6.3,6.3,7.0,7.0,5.6,7.0,6.3,6.3,6.9,6.3,0.0,0.0,0.0,0.0,0.0,0.0,0.0,0.0,0.0,0.0,0.0,0.0,0.0,0.0,0.0,0.0,0.0,0.0,0.0,0.0,0.0,0.0,0.0,0.0,0.0,0.0,0.0,0.0,0.0,0.0,0.0,0.0,0.0,0.0,0.0,0.0,0.0,0.0,0.0,0.0,0.0,0.0,0.0,0.0,0.0,0.0,0.0,0.0
2026-02-04T15:14:06.764550,1278.7,9.7,4,11882.4,221.8,2,3.5,3.5,5.6,2.8,98.6,2.1,3.5,2.8,3.5,2.8,3.5,2.8,3.5,2.8,9.1,3.5,5.6,4.2,3.5,3.5,3.5,3.5,3.5,3.5,3.5,3.5,3.5,4.9,4.2,3.5,4.9,3.5,3.5,3.5,4.2,3.5,3.5,2.8,3.5,2.8,3.5,2.8,3.5,2.8,3.5,2.8,4.2,2.8,0.0,0.0,0.0,0.0,0.0,0.0,0.0,0.0,0.0,0.0,0.0,0.0,0.0,0.0,0.0,0.0,0.0,0.0,0.0,0.0,0.0,0.0,0.0,0.0,0.0,0.0,0.0,0.0,0.0,0.0,0.0,0.0,0.0,0.0,0.0,0.0,0.0,0.0,0.0,0.0,0.0,0.0,0.0,0.0,0.0,0.0,0.0,0.0
2026-02-04T15:14:08.991677,1280.9,1.8,48,838.3,254.0,2,6.3,7.0,98.6,5.7,8.5,5.7,7.0,5.7,5.6,5.7,6.3,6.4,6.4,5.7,5.7,5.7,5.6,5.7,5.6,5.7,5.7,5.7,5.7,5.7,5.7,5.7,8.3,7.7,5.6,5.7,5.6,5.7,7.0,5.7,5.6,5.7,6.3,5.7,5.7,5.7,12.0,5.6,5.7,5.6,7.0,5.7,5.7,5.7,0.0,0.0,0.0,0.0,0.0,0.0,0.0,0.0,0.0,0.0,0.0,0.0,0.0,0.0,0.0,0.0,0.0,0.0,0.0,0.0,0.0,0.0,0.0,0.0,0.0,0.0,0.0,0.0,0.0,0.0,0.0,0.0,0.0,0.0,0.0,0.0,0.0,0.0,0.0,0.0,0.0,0.0,0.0,0.0,0.0,0.0,0.0,0.0
2026-02-04T15:14:11.217645,1283.1,3.4,48,92.5,233.8,2,9.2,9.2,98.6,7.7,9.2,7.7,8.4,8.5,8.5,7.7,8.5,7.7,10.6,7.7,8.9,7.7,8.5,8.5,8.4,7.7,7.7,8.5,7.7,14.8,7.7,8.5,12.3,9.8,6.4,8.5,7.8,8.4,8.5,8.5,9.2,8.5,8.5,7.7,8.5,7.7,8.5,7.7,8.4,7.7,8.5,7.7,8.5,7.7,0.0,0.0,0.0,0.0,0.0,0.0,0.0,0.0,0.0,0.0,0.0,0.0,0.0,0.0,0.0,0.0,0.0,0.0,0.0,0.0,0.0,0.0,0.0,0.0,0.0,0.0,0.0,0.0,0.0,0.0,0.0,0.0,0.0,0.0,0.0,0.0,0.0,0.0,0.0,0.0,0.0,0.0,0.0,0.0,0.0,0.0,0.0,0.0
2026-02-04T15:14:13.443274,1285.3,100.0,48,92.8,233.8,2,10.5,8.3,18.2,19.4,86.3,37.9,9.9,36.7,7.7,11.0,7.9,17.2,7.1,11.5,8.0,8.4,7.7,37.9,7.7,20.8,7.6,34.5,8.8,9.7,7.9,37.9,8.4,9.1,8.5,37.9,8.3,8.0,39.3,37.9,7.6,37.9,7.6,37.9,37.9,37.9,7.6,9.6,37.9,7.7,7.9,37.9,8.7,11.0,0.0,0.0,0.0,0.0,0.0,0.0,0.0,0.0,0.0,0.0,0.0,0.0,0.0,0.0,0.0,0.0,0.0,0.0,0.0,0.0,0.0,0.0,0.0,0.0,0.0,0.0,0.0,0.0,0.0,0.0,0.0,0.0,0.0,0.0,0.0,0.0,0.0,0.0,0.0,0.0,0.0,0.0,0.0,0.0,0.0,0.0,0.0,0.0
2026-02-04T15:14:15.668519,1287.6,2.3,32,123.7,233.8,2,7.0,7.2,84.7,6.0,22.4,4.3,9.2,4.3,7.7,7.1,7.6,5.0,7.7,5.6,8.2,7.1,7.7,4.3,7.8,4.6,7.8,4.3,7.4,6.0,6.9,4.3,9.0,8.4,6.5,4.3,13.2,7.5,4.3,4.3,7.8,4.3,9.2,4.3,4.7,4.3,8.5,6.5,4.3,7.8,7.5,4.3,6.9,5.9,0.0,0.0,0.0,0.0,0.0,0.0,0.0,0.0,0.0,0.0,0.0,0.0,0.0,0.0,0.0,0.0,0.0,0.0,0.0,0.0,0.0,0.0,0.0,0.0,0.0,0.0,0.0,0.0,0.0,0.0,0.0,0.0,0.0,0.0,0.0,0.0,0.0,0.0,0.0,0.0,0.0,0.0,0.0,0.0,0.0,0.0,0.0,0.0
2026-02-04T15:14:17.921575,1289.8,2.9,48,93.0,233.8,2,7.7,7.0,97.9,6.3,7.0,7.1,7.6,6.3,7.0,5.5,6.9,12.7,6.9,7.7,7.8,7.0,7.0,6.3,7.0,7.7,7.0,6.3,7.0,7.0,7.0,7.0,8.4,7.7,7.6,7.0,7.0,7.0,7.0,7.0,6.9,7.0,7.6,7.0,7.9,7.0,6.9,7.0,7.0,6.9,7.0,7.0,7.0,7.7,0.0,0.0,0.0,0.0,0.0,0.0,0.0,0.0,0.0,0.0,0.0,0.0,0.0,0.0,0.0,0.0,0.0,0.0,0.0,0.0,0.0,0.0,0.0,0.0,0.0,0.0,0.0,0.0,0.0,0.0,0.0,0.0,0.0,0.0,0.0,0.0,0.0,0.0,0.0,0.0,0.0,0.0,0.0,0.0,0.0,0.0,0.0,0.0
2026-02-04T15:14:20.146780,1292.0,2.5,48,92.7,233.8,2,8.3,7.6,97.9,6.9,8.3,7.6,9.7,6.9,8.3,6.9,7.6,6.9,8.5,6.9,9.0,6.9,7.6,7.6,6.9,7.5,6.9,7.6,7.6,7.6,7.6,8.2,10.9,8.3,7.6,6.9,7.6,7.1,6.9,7.6,7.7,7.6,14.0,7.6,7.6,6.9,7.0,7.7,7.6,7.7,6.9,7.6,12.8,7.6,0.0,0.0,0.0,0.0,0.0,0.0,0.0,0.0,0.0,0.0,0.0,0.0,0.0,0.0,0.0,0.0,0.0,0.0,0.0,0.0,0.0,0.0,0.0,0.0,0.0,0.0,0.0,0.0,0.0,0.0,0.0,0.0,0.0,0.0,0.0,0.0,0.0,0.0,0.0,0.0,0.0,0.0,0.0,0.0,0.0,0.0,0.0,0.0
2026-02-04T15:14:22.377574,1294.3,2.5,48,93.2,233.8,2,6.3,7.0,97.9,10.6,7.7,7.0,7.7,7.6,7.1,10.6,7.0,7.0,7.6,7.6,7.7,7.0,7.7,10.6,7.0,7.1,7.0,10.6,7.0,11.7,10.2,10.6,9.7,7.7,7.7,10.6,7.0,6.8,7.7,10.6,7.7,10.6,8.4,10.6,11.7,10.6,7.0,6.3,10.5,7.7,7.7,7.0,5.5,11.0,0.0,0.0,0.0,0.0,0.0,0.0,0.0,0.0,0.0,0.0,0.0,0.0,0.0,0.0,0.0,0.0,0.0,0.0,0.0,0.0,0.0,0.0,0.0,0.0,0.0,0.0,0.0,0.0,0.0,0.0,0.0,0.0,0.0,0.0,0.0,0.0,0.0,0.0,0.0,0.0,0.0,0.0,0.0,0.0,0.0,0.0,0.0,0.0
2026-02-04T15:14:24.602958,1296.5,1.9,48,93.0,233.8,2,7.7,13.3,99.3,5.7,8.5,7.0,9.1,6.5,8.3,5.2,8.4,7.0,7.7,7.1,7.7,7.0,7.0,5.8,7.7,8.4,8.4,5.2,7.7,5.8,5.9,5.2,9.7,8.4,6.3,5.2,7.0,7.0,9.8,5.2,7.0,5.2,7.0,5.2,5.8,5.2,7.7,7.0,5.2,6.3,7.7,7.0,7.0,5.6,0.0,0.0,0.0,0.0,0.0,0.0,0.0,0.0,0.0,0.0,0.0,0.0,0.0,0.0,0.0,0.0,0.0,0.0,0.0,0.0,0.0,0.0,0.0,0.0,0.0,0.0,0.0,0.0,0.0,0.0,0.0,0.0,0.0,0.0,0.0,0.0,0.0,0.0,0.0,0.0,0.0,0.0,0.0,0.0,0.0,0.0,0.0,0.0
2026-02-04T15:14:26.828596,1298.7,2.3,48,92.9,233.8,2,9.8,7.0,97.9,7.7,8.4,6.9,7.7,7.0,7.0,7.7,7.7,7.7,7.1,9.3,7.0,7.0,7.0,7.0,7.0,7.7,8.5,7.0,7.0,7.0,7.0,7.0,8.3,14.0,8.5,7.0,7.0,7.7,7.1,7.7,7.8,7.7,7.8,7.7,7.0,7.7,7.1,9.8,7.7,7.8,8.3,8.5,8.5,12.9,0.0,0.0,0.0,0.0,0.0,0.0,0.0,0.0,0.0,0.0,0.0,0.0,0.0,0.0,0.0,0.0,0.0,0.0,0.0,0.0,0.0,0.0,0.0,0.0,0.0,0.0,0.0,0.0,0.0,0.0,0.0,0.0,0.0,0.0,0.0,0.0,0.0,0.0,0.0,0.0,0.0,0.0,0.0,0.0,0.0,0.0,0.0,0.0
2026-02-04T15:14:29.054023,1300.9,1.9,48,92.8,233.8,2,8.5,7.7,97.9,7.7,7.7,7.7,9.2,10.2,7.8,7.7,9.9,10.2,8.4,6.2,7.7,9.2,8.3,8.3,7.7,9.0,8.4,7.7,7.7,7.7,8.4,7.7,7.8,8.5,7.7,7.7,9.2,7.7,7.6,8.4,9.0,8.3,14.6,7.7,8.5,7.7,9.7,9.1,7.7,7.6,7.7,9.7,9.0,6.0,0.0,0.0,0.0,0.0,0.0,0.0,0.0,0.0,0.0,0.0,0.0,0.0,0.0,0.0,0.0,0.0,0.0,0.0,0.0,0.0,0.0,0.0,0.0,0.0,0.0,0.0,0.0,0.0,0.0,0.0,0.0,0.0,0.0,0.0,0.0,0.0,0.0,0.0,0.0,0.0,0.0,0.0,0.0,0.0,0.0,0.0,0.0,0.0
2026-02-04T15:14:31.279261,1303.2,2.2,48,93.1,233.8,2,6.9,7.0,98.6,7.0,9.0,7.0,8.4,5.6,9.0,7.0,8.5,5.6,6.9,7.0,7.0,6.1,9.7,7.0,6.9,7.0,7.0,7.0,7.0,7.0,7.0,7.0,7.0,7.7,7.0,7.0,7.0,7.0,7.8,7.0,7.7,7.0,7.7,7.0,6.9,6.9,7.0,7.0,7.0,7.0,7.0,9.7,6.6,7.0,0.0,0.0,0.0,0.0,0.0,0.0,0.0,0.0,0.0,0.0,0.0,0.0,0.0,0.0,0.0,0.0,0.0,0.0,0.0,0.0,0.0,0.0,0.0,0.0,0.0,0.0,0.0,0.0,0.0,0.0,0.0,0.0,0.0,0.0,0.0,0.0,0.0,0.0,0.0,0.0,0.0,0.0,0.0,0.0,0.0,0.0,0.0,0.0
2026-02-04T15:14:33.504454,1305.4,1.8,48,93.3,233.8,2,8.4,7.8,98.6,7.7,10.5,7.7,8.4,8.3,8.4,7.7,9.0,7.7,10.1,7.7,8.4,7.7,8.5,7.7,7.7,8.4,8.4,7.7,8.5,8.4,7.7,8.4,8.5,8.5,9.2,7.7,8.4,8.3,8.3,8.4,8.5,7.7,8.5,7.7,8.5,7.8,9.2,7.6,8.5,7.7,7.7,9.1,9.1,7.7,0.0,0.0,0.0,0.0,0.0,0.0,0.0,0.0,0.0,0.0,0.0,0.0,0.0,0.0,0.0,0.0,0.0,0.0,0.0,0.0,0.0,0.0,0.0,0.0,0.0,0.0,0.0,0.0,0.0,0.0,0.0,0.0,0.0,0.0,0.0,0.0,0.0,0.0,0.0,0.0,0.0,0.0,0.0,0.0,0.0,0.0,0.0,0.0
2026-02-04T15:14:35.729066,1307.6,2.3,48,124.4,233.8,2,7.8,8.4,97.9,7.0,9.8,8.5,9.9,8.4,9.2,8.5,8.5,7.7,7.8,7.7,9.8,8.5,8.4,7.7,9.0,9.1,8.5,9.1,9.7,7.7,7.7,9.1,9.0,9.9,8.5,7.0,7.7,7.7,10.6,7.7,8.4,8.5,8.4,9.1,8.4,7.7,10.5,7.8,9.0,14.8,8.5,7.0,9.0,7.7,0.0,0.0,0.0,0.0,0.0,0.0,0.0,0.0,0.0,0.0,0.0,0.0,0.0,0.0,0.0,0.0,0.0,0.0,0.0,0.0,0.0,0.0,0.0,0.0,0.0,0.0,0.0,0.0,0.0,0.0,0.0,0.0,0.0,0.0,0.0,0.0,0.0,0.0,0.0,0.0,0.0,0.0,0.0,0.0,0.0,0.0,0.0,0.0
2026-02-04T15:14:37.954025,1309.8,2.3,48,92.6,233.8,2,9.7,8.4,98.6,7.7,8.4,7.7,9.7,7.7,7.7,8.4,8.4,8.3,7.7,7.7,7.7,7.7,7.8,7.7,6.4,7.7,8.5,14.1,7.7,7.7,7.8,8.5,8.4,8.4,7.7,7.7,7.7,7.7,8.3,7.7,7.8,7.7,7.8,7.7,8.5,7.7,7.8,8.5,7.7,7.8,7.7,9.7,7.8,7.7,0.0,0.0,0.0,0.0,0.0,0.0,0.0,0.0,0.0,0.0,0.0,0.0,0.0,0.0,0.0,0.0,0.0,0.0,0.0,0.0,0.0,0.0,0.0,0.0,0.0,0.0,0.0,0.0,0.0,0.0,0.0,0.0,0.0,0.0,0.0,0.0,0.0,0.0,0.0,0.0,0.0,0.0,0.0,0.0,0.0,0.0,0.0,0.0
2026-02-04T15:14:40.210352,1312.1,2.5,48,93.1,233.8,2,7.1,25.0,85.9,7.0,7.7,7.0,9.2,7.0,8.3,7.0,7.0,6.6,6.9,7.0,7.0,7.6,6.9,7.0,7.7,7.6,7.6,7.6,7.0,7.0,7.7,7.0,7.7,7.7,6.9,7.0,7.0,7.0,9.2,7.0,6.9,7.0,6.9,7.0,7.7,7.0,6.9,6.9,7.0,6.9,7.6,12.9,7.7,7.0,0.0,0.0,0.0,0.0,0.0,0.0,0.0,0.0,0.0,0.0,0.0,0.0,0.0,0.0,0.0,0.0,0.0,0.0,0.0,0.0,0.0,0.0,0.0,0.0,0.0,0.0,0.0,0.0,0.0,0.0,0.0,0.0,0.0,0.0,0.0,0.0,0.0,0.0,0.0,0.0,0.0,0.0,0.0,0.0,0.0,0.0,0.0,0.0
2026-02-04T15:14:42.435603,1314.3,3.1,48,93.1,233.8,2,8.9,84.7,23.4,10.4,7.6,7.6,7.6,6.9,7.6,7.6,8.3,6.9,8.3,6.9,8.6,6.9,8.4,6.9,7.6,7.6,8.3,6.9,7.6,6.9,6.9,7.6,7.6,7.6,14.7,6.9,7.6,6.9,8.4,7.6,7.6,7.6,7.6,6.9,7.6,6.9,8.3,6.9,8.3,5.5,7.6,7.5,7.6,6.9,0.0,0.0,0.0,0.0,0.0,0.0,0.0,0.0,0.0,0.0,0.0,0.0,0.0,0.0,0.0,0.0,0.0,0.0,0.0,0.0,0.0,0.0,0.0,0.0,0.0,0.0,0.0,0.0,0.0,0.0,0.0,0.0,0.0,0.0,0.0,0.0,0.0,0.0,0.0,0.0,0.0,0.0,0.0,0.0,0.0,0.0,0.0,0.0
2026-02-04T15:14:44.660611,1316.6,2.4,48,93.1,233.8,2,7.9,7.7,97.9,7.7,7.9,9.1,8.4,7.7,13.5,8.1,8.4,8.4,8.2,7.7,7.6,6.9,8.4,7.7,7.7,6.9,8.4,7.7,8.5,8.4,8.5,7.7,7.1,8.5,7.7,7.7,8.5,7.7,6.9,7.7,7.8,8.3,7.8,7.7,7.7,8.3,8.5,7.7,7.6,7.7,7.7,7.8,7.7,7.7,0.0,0.0,0.0,0.0,0.0,0.0,0.0,0.0,0.0,0.0,0.0,0.0,0.0,0.0,0.0,0.0,0.0,0.0,0.0,0.0,0.0,0.0,0.0,0.0,0.0,0.0,0.0,0.0,0.0,0.0,0.0,0.0,0.0,0.0,0.0,0.0,0.0,0.0,0.0,0.0,0.0,0.0,0.0,0.0,0.0,0.0,0.0,0.0
2026-02-04T15:14:46.887395,1318.8,24.6,48,123.9,233.8,2,7.6,7.7,98.6,7.7,8.3,7.7,8.5,7.0,7.6,7.4,7.0,7.0,7.4,7.0,7.7,7.1,7.0,7.0,7.0,7.8,7.0,7.0,7.7,7.0,7.7,7.0,7.0,9.2,7.6,7.0,7.0,7.7,9.2,7.0,7.7,7.0,11.8,7.0,7.0,7.0,7.0,7.7,9.7,7.0,7.0,7.0,7.7,7.0,0.0,0.0,0.0,0.0,0.0,0.0,0.0,0.0,0.0,0.0,0.0,0.0,0.0,0.0,0.0,0.0,0.0,0.0,0.0,0.0,0.0,0.0,0.0,0.0,0.0,0.0,0.0,0.0,0.0,0.0,0.0,0.0,0.0,0.0,0.0,0.0,0.0,0.0,0.0,0.0,0.0,0.0,0.0,0.0,0.0,0.0,0.0,0.0
2026-02-04T15:14:49.115059,1321.0,99.3,15,154.8,233.8,2,6.2,4.9,99.3,4.9,4.9,4.9,6.3,4.9,5.6,4.9,4.9,4.9,5.6,4.9,5.5,4.9,4.9,4.9,5.6,5.6,4.9,5.6,4.9,4.9,4.9,4.9,6.2,7.6,5.6,4.9,4.9,4.9,4.9,4.9,6.2,4.9,7.7,4.9,4.9,4.9,3.5,4.9,4.9,4.9,4.9,4.9,6.8,4.9,0.0,0.0,0.0,0.0,0.0,0.0,0.0,0.0,0.0,0.0,0.0,0.0,0.0,0.0,0.0,0.0,0.0,0.0,0.0,0.0,0.0,0.0,0.0,0.0,0.0,0.0,0.0,0.0,0.0,0.0,0.0,0.0,0.0,0.0,0.0,0.0,0.0,0.0,0.0,0.0,0.0,0.0,0.0,0.0,0.0,0.0,0.0,0.0
2026-02-04T15:14:51.344908,1323.2,13.4,4,8870.0,221.8,2,6.9,2.8,98.6,2.8,3.5,3.5,2.8,2.8,2.8,2.8,5.6,2.8,4.2,2.8,3.5,2.8,9.1,2.8,3.5,2.8,2.8,2.8,2.8,2.8,2.8,2.8,2.8,3.5,3.5,2.8,2.8,2.8,2.8,2.8,2.8,2.8,3.5,2.8,2.8,2.8,3.5,3.5,4.2,4.9,2.8,3.5,3.5,2.8,0.0,0.0,0.0,0.0,0.0,0.0,0.0,0.0,0.0,0.0,0.0,0.0,0.0,0.0,0.0,0.0,0.0,0.0,0.0,0.0,0.0,0.0,0.0,0.0,0.0,0.0,0.0,0.0,0.0,0.0,0.0,0.0,0.0,0.0,0.0,0.0,0.0,0.0,0.0,0.0,0.0,0.0,0.0,0.0,0.0,0.0,0.0,0.0
2026-02-04T15:14:53.579743,1325.5,2.3,48,93.2,252.1,2,6.4,5.7,97.9,6.4,6.3,6.4,6.3,11.7,5.7,11.7,6.4,7.7,6.4,5.7,8.2,6.4,7.7,7.1,6.4,6.4,7.1,6.4,6.4,6.4,6.3,6.4,6.4,7.7,7.1,6.4,6.4,6.4,6.3,6.4,7.7,6.4,6.4,6.4,6.4,6.4,6.4,6.4,6.3,6.4,12.1,5.7,5.7,6.4,0.0,0.0,0.0,0.0,0.0,0.0,0.0,0.0,0.0,0.0,0.0,0.0,0.0,0.0,0.0,0.0,0.0,0.0,0.0,0.0,0.0,0.0,0.0,0.0,0.0,0.0,0.0,0.0,0.0,0.0,0.0,0.0,0.0,0.0,0.0,0.0,0.0,0.0,0.0,0.0,0.0,0.0,0.0,0.0,0.0,0.0,0.0,0.0
2026-02-04T15:14:55.804993,1327.7,2.3,47,92.8,233.8,2,7.6,7.7,99.3,7.0,7.7,7.7,7.7,5.3,8.4,4.8,8.4,6.6,7.7,7.7,6.9,7.0,7.7,7.6,8.3,7.7,7.7,7.7,7.7,7.0,7.7,13.3,7.6,7.0,9.7,7.0,7.0,7.7,7.7,7.0,9.1,7.0,8.4,7.0,7.7,7.0,7.0,7.0,10.3,7.7,8.4,7.0,6.9,7.7,0.0,0.0,0.0,0.0,0.0,0.0,0.0,0.0,0.0,0.0,0.0,0.0,0.0,0.0,0.0,0.0,0.0,0.0,0.0,0.0,0.0,0.0,0.0,0.0,0.0,0.0,0.0,0.0,0.0,0.0,0.0,0.0,0.0,0.0,0.0,0.0,0.0,0.0,0.0,0.0,0.0,0.0,0.0,0.0,0.0,0.0,0.0,0.0
2026-02-04T15:14:58.029645,1329.9,2.3,48,123.6,233.8,2,7.0,7.7,98.6,8.5,6.9,13.4,8.4,7.7,7.7,8.4,7.7,7.7,7.7,7.7,7.7,7.7,8.4,7.7,7.8,7.7,7.7,7.7,7.7,7.7,7.7,7.7,7.8,9.0,7.8,7.7,7.7,7.7,9.0,7.7,7.7,8.4,7.7,7.7,7.7,7.7,7.7,7.7,8.4,7.7,7.7,7.7,7.7,7.7,0.0,0.0,0.0,0.0,0.0,0.0,0.0,0.0,0.0,0.0,0.0,0.0,0.0,0.0,0.0,0.0,0.0,0.0,0.0,0.0,0.0,0.0,0.0,0.0,0.0,0.0,0.0,0.0,0.0,0.0,0.0,0.0,0.0,0.0,0.0,0.0,0.0,0.0,0.0,0.0,0.0,0.0,0.0,0.0,0.0,0.0,0.0,0.0
2026-02-04T15:15:00.253041,1332.1,2.0,48,92.5,233.8,2,7.7,7.7,97.9,7.0,7.0,7.0,9.2,7.0,7.0,7.7,7.6,7.0,7.0,7.0,7.1,8.4,13.6,7.0,6.9,7.0,7.0,7.0,7.0,7.0,7.0,7.0,7.7,9.2,7.7,7.7,7.0,8.4,7.7,7.0,6.9,7.7,6.9,7.0,7.0,7.7,8.3,7.0,7.0,8.4,7.0,7.0,6.3,7.0,0.0,0.0,0.0,0.0,0.0,0.0,0.0,0.0,0.0,0.0,0.0,0.0,0.0,0.0,0.0,0.0,0.0,0.0,0.0,0.0,0.0,0.0,0.0,0.0,0.0,0.0,0.0,0.0,0.0,0.0,0.0,0.0,0.0,0.0,0.0,0.0,0.0,0.0,0.0,0.0,0.0,0.0,0.0,0.0,0.0,0.0,0.0,0.0
2026-02-04T15:15:02.509415,1334.4,2.2,48,92.6,233.8,2,6.3,7.7,98.6,7.0,7.7,7.0,9.2,7.0,7.7,9.0,7.8,7.7,13.2,9.8,7.6,7.0,7.7,7.0,7.7,7.7,7.7,7.0,7.7,7.7,8.4,7.0,7.7,9.9,7.7,7.7,7.0,7.7,8.5,7.0,7.8,7.0,8.5,7.7,7.7,7.0,7.7,7.7,9.7,8.5,7.7,7.0,7.7,7.0,0.0,0.0,0.0,0.0,0.0,0.0,0.0,0.0,0.0,0.0,0.0,0.0,0.0,0.0,0.0,0.0,0.0,0.0,0.0,0.0,0.0,0.0,0.0,0.0,0.0,0.0,0.0,0.0,0.0,0.0,0.0,0.0,0.0,0.0,0.0,0.0,0.0,0.0,0.0,0.0,0.0,0.0,0.0,0.0,0.0,0.0,0.0,0.0
2026-02-04T15:15:04.735219,1336.6,2.3,48,93.3,233.9,2,7.6,6.9,98.6,7.4,7.0,6.9,9.0,6.9,6.8,6.9,6.9,7.9,6.9,5.4,8.3,7.6,7.6,7.4,8.4,7.4,7.7,7.4,8.3,7.4,6.9,7.4,6.9,8.3,6.9,7.4,6.9,6.9,6.8,7.4,8.3,7.4,6.9,7.4,7.4,7.4,13.8,6.9,11.5,8.2,7.6,6.9,6.9,7.4,0.0,0.0,0.0,0.0,0.0,0.0,0.0,0.0,0.0,0.0,0.0,0.0,0.0,0.0,0.0,0.0,0.0,0.0,0.0,0.0,0.0,0.0,0.0,0.0,0.0,0.0,0.0,0.0,0.0,0.0,0.0,0.0,0.0,0.0,0.0,0.0,0.0,0.0,0.0,0.0,0.0,0.0,0.0,0.0,0.0,0.0,0.0,0.0
2026-02-04T15:15:06.960950,1338.9,1.8,48,92.8,233.9,2,7.7,8.5,97.2,7.3,7.6,8.4,8.5,7.7,7.7,7.7,8.5,6.9,8.5,7.7,7.7,7.7,7.7,7.3,7.7,7.3,7.7,7.3,7.7,7.3,6.9,7.3,14.0,10.5,7.7,7.3,7.7,8.5,7.7,7.9,8.4,7.3,8.4,7.3,7.3,7.2,7.7,7.0,10.4,7.7,7.8,7.7,11.5,7.3,0.0,0.0,0.0,0.0,0.0,0.0,0.0,0.0,0.0,0.0,0.0,0.0,0.0,0.0,0.0,0.0,0.0,0.0,0.0,0.0,0.0,0.0,0.0,0.0,0.0,0.0,0.0,0.0,0.0,0.0,0.0,0.0,0.0,0.0,0.0,0.0,0.0,0.0,0.0,0.0,0.0,0.0,0.0,0.0,0.0,0.0,0.0,0.0
2026-02-04T15:15:09.185861,1341.1,2.3,48,124.0,233.9,2,9.0,6.9,97.9,7.0,9.0,7.7,7.7,9.1,7.0,7.0,7.6,9.1,7.7,7.0,7.7,8.3,7.8,7.0,7.7,7.0,7.7,7.0,7.0,7.0,8.5,7.0,7.7,8.5,7.7,7.7,7.7,7.0,8.5,7.0,7.8,7.0,7.8,7.0,7.0,7.0,7.8,7.0,8.3,7.7,7.7,7.0,5.3,7.0,0.0,0.0,0.0,0.0,0.0,0.0,0.0,0.0,0.0,0.0,0.0,0.0,0.0,0.0,0.0,0.0,0.0,0.0,0.0,0.0,0.0,0.0,0.0,0.0,0.0,0.0,0.0,0.0,0.0,0.0,0.0,0.0,0.0,0.0,0.0,0.0,0.0,0.0,0.0,0.0,0.0,0.0,0.0,0.0,0.0,0.0,0.0,0.0
2026-02-04T15:15:11.411303,1343.3,2.6,48,92.7,233.9,2,7.7,7.0,98.6,7.0,7.7,7.0,9.1,6.3,7.8,7.0,7.8,5.7,7.7,7.0,7.7,6.1,7.0,7.0,7.7,7.0,8.5,7.6,7.7,7.0,7.0,7.0,7.0,9.0,7.1,7.0,7.0,8.3,7.8,7.0,13.2,7.0,7.7,7.7,6.9,7.0,9.0,7.7,10.3,7.0,6.9,7.7,7.0,7.7,0.0,0.0,0.0,0.0,0.0,0.0,0.0,0.0,0.0,0.0,0.0,0.0,0.0,0.0,0.0,0.0,0.0,0.0,0.0,0.0,0.0,0.0,0.0,0.0,0.0,0.0,0.0,0.0,0.0,0.0,0.0,0.0,0.0,0.0,0.0,0.0,0.0,0.0,0.0,0.0,0.0,0.0,0.0,0.0,0.0,0.0,0.0,0.0
2026-02-04T15:15:13.636958,1345.5,2.7,48,123.5,233.9,2,7.7,7.7,98.6,7.7,7.7,8.5,7.7,10.5,8.3,11.5,8.3,7.7,14.9,7.7,7.7,10.3,7.6,7.7,7.6,7.7,8.4,8.5,8.4,7.7,7.7,7.7,8.3,9.8,7.7,7.7,7.7,7.2,8.3,7.0,7.7,7.0,7.7,7.0,9.2,7.0,7.7,7.7,7.8,7.7,7.7,7.7,7.7,7.7,0.0,0.0,0.0,0.0,0.0,0.0,0.0,0.0,0.0,0.0,0.0,0.0,0.0,0.0,0.0,0.0,0.0,0.0,0.0,0.0,0.0,0.0,0.0,0.0,0.0,0.0,0.0,0.0,0.0,0.0,0.0,0.0,0.0,0.0,0.0,0.0,0.0,0.0,0.0,0.0,0.0,0.0,0.0,0.0,0.0,0.0,0.0,0.0
2026-02-04T15:15:15.862786,1347.8,2.3,47,92.2,233.9,2,8.5,7.6,98.6,7.0,8.5,7.0,8.5,4.8,7.7,5.8,8.5,7.0,9.0,7.0,7.7,10.3,6.3,7.7,7.0,7.7,7.0,7.7,7.0,7.7,7.7,8.3,8.4,8.4,7.0,7.7,7.7,7.0,7.6,7.7,7.7,7.7,7.7,7.0,7.7,8.4,7.7,7.0,7.7,7.0,7.0,7.7,7.7,7.0,0.0,0.0,0.0,0.0,0.0,0.0,0.0,0.0,0.0,0.0,0.0,0.0,0.0,0.0,0.0,0.0,0.0,0.0,0.0,0.0,0.0,0.0,0.0,0.0,0.0,0.0,0.0,0.0,0.0,0.0,0.0,0.0,0.0,0.0,0.0,0.0,0.0,0.0,0.0,0.0,0.0,0.0,0.0,0.0,0.0,0.0,0.0,0.0
2026-02-04T15:15:18.087266,1350.0,1.9,48,92.7,233.9,2,7.0,7.7,98.6,7.7,7.7,7.7,10.6,8.3,7.7,7.7,8.4,7.7,7.7,7.7,7.6,7.7,6.4,7.7,7.7,7.7,14.0,7.7,8.5,7.7,7.7,9.1,7.7,9.9,7.7,7.7,7.7,7.7,8.5,7.7,8.5,7.7,7.7,7.7,7.7,7.7,7.7,7.7,7.7,7.7,7.7,7.7,7.7,7.7,0.0,0.0,0.0,0.0,0.0,0.0,0.0,0.0,0.0,0.0,0.0,0.0,0.0,0.0,0.0,0.0,0.0,0.0,0.0,0.0,0.0,0.0,0.0,0.0,0.0,0.0,0.0,0.0,0.0,0.0,0.0,0.0,0.0,0.0,0.0,0.0,0.0,0.0,0.0,0.0,0.0,0.0,0.0,0.0,0.0,0.0,0.0,0.0
2026-02-04T15:15:20.312302,1352.2,4.1,48,92.8,233.9,2,9.5,7.0,99.3,7.6,7.7,7.0,14.0,8.3,7.0,8.3,7.2,9.0,6.9,7.6,7.6,7.7,7.7,7.6,7.5,7.6,7.4,7.0,7.7,9.0,7.6,13.5,7.0,10.5,7.6,7.0,7.6,7.6,6.9,7.6,7.7,7.6,7.6,7.6,7.6,7.6,7.0,8.3,7.6,8.3,7.7,7.7,7.7,7.4,0.0,0.0,0.0,0.0,0.0,0.0,0.0,0.0,0.0,0.0,0.0,0.0,0.0,0.0,0.0,0.0,0.0,0.0,0.0,0.0,0.0,0.0,0.0,0.0,0.0,0.0,0.0,0.0,0.0,0.0,0.0,0.0,0.0,0.0,0.0,0.0,0.0,0.0,0.0,0.0,0.0,0.0,0.0,0.0,0.0,0.0,0.0,0.0
2026-02-04T15:15:22.537260,1354.4,2.1,48,92.7,233.9,2,8.4,7.0,97.9,6.5,7.7,7.7,7.0,6.5,7.8,7.1,7.4,6.5,7.1,6.5,6.6,7.0,7.7,6.5,7.3,6.5,7.3,7.0,6.9,7.2,7.1,12.3,7.6,9.2,11.1,7.0,6.5,6.5,9.8,6.5,7.0,6.5,7.2,6.5,7.1,6.5,7.7,6.6,6.5,7.8,7.0,7.1,7.0,8.0,0.0,0.0,0.0,0.0,0.0,0.0,0.0,0.0,0.0,0.0,0.0,0.0,0.0,0.0,0.0,0.0,0.0,0.0,0.0,0.0,0.0,0.0,0.0,0.0,0.0,0.0,0.0,0.0,0.0,0.0,0.0,0.0,0.0,0.0,0.0,0.0,0.0,0.0,0.0,0.0,0.0,0.0,0.0,0.0,0.0,0.0,0.0,0.0
2026-02-04T15:15:24.793873,1356.7,31.4,48,123.4,233.9,2,9.8,7.7,98.6,7.0,7.7,6.2,9.0,7.0,11.0,7.0,6.9,7.7,8.4,7.0,7.0,7.7,7.7,7.0,7.7,7.0,7.7,7.0,7.1,7.7,7.7,10.3,7.1,9.1,7.7,7.7,7.7,7.7,9.2,7.7,7.6,7.7,7.0,7.7,7.7,6.9,6.9,6.9,7.0,7.7,7.7,6.9,8.3,7.0,0.0,0.0,0.0,0.0,0.0,0.0,0.0,0.0,0.0,0.0,0.0,0.0,0.0,0.0,0.0,0.0,0.0,0.0,0.0,0.0,0.0,0.0,0.0,0.0,0.0,0.0,0.0,0.0,0.0,0.0,0.0,0.0,0.0,0.0,0.0,0.0,0.0,0.0,0.0,0.0,0.0,0.0,0.0,0.0,0.0,0.0,0.0,0.0
2026-02-04T15:15:27.021512,1358.9,100.0,12,155.4,233.9,2,4.8,4.8,99.3,4.8,4.9,4.8,6.2,5.5,6.9,4.8,4.9,4.8,5.5,4.8,4.8,4.8,4.8,4.8,4.8,4.8,4.8,4.8,4.8,4.8,4.8,6.2,5.5,5.6,4.8,4.8,4.8,4.8,4.8,4.8,4.9,4.8,4.8,5.4,4.8,5.6,5.6,4.8,4.8,4.8,5.5,4.8,4.8,4.8,0.0,0.0,0.0,0.0,0.0,0.0,0.0,0.0,0.0,0.0,0.0,0.0,0.0,0.0,0.0,0.0,0.0,0.0,0.0,0.0,0.0,0.0,0.0,0.0,0.0,0.0,0.0,0.0,0.0,0.0,0.0,0.0,0.0,0.0,0.0,0.0,0.0,0.0,0.0,0.0,0.0,0.0,0.0,0.0,0.0,0.0,0.0,0.0
2026-02-04T15:15:29.248479,1361.1,2.4,18,9809.1,221.9,2,2.1,3.5,98.6,5.6,3.5,2.1,2.8,5.6,2.8,7.4,2.1,4.7,2.1,2.1,2.1,3.1,2.8,5.6,2.1,7.4,2.8,2.1,4.3,5.6,7.4,6.2,2.8,2.8,2.1,5.6,2.8,5.6,2.1,5.6,2.8,5.6,19.4,5.6,7.4,5.6,2.1,2.1,2.1,4.9,2.8,3.5,2.1,5.6,0.0,0.0,0.0,0.0,0.0,0.0,0.0,0.0,0.0,0.0,0.0,0.0,0.0,0.0,0.0,0.0,0.0,0.0,0.0,0.0,0.0,0.0,0.0,0.0,0.0,0.0,0.0,0.0,0.0,0.0,0.0,0.0,0.0,0.0,0.0,0.0,0.0,0.0,0.0,0.0,0.0,0.0,0.0,0.0,0.0,0.0,0.0,0.0
2026-02-04T15:15:31.472446,1363.4,2.2,34,93.4,233.9,2,6.3,8.3,100.0,4.3,7.7,7.0,8.4,4.4,7.0,4.3,7.1,5.2,7.0,7.0,7.7,6.4,7.7,4.3,7.7,4.3,7.7,7.0,7.7,4.3,4.3,9.1,7.0,9.8,7.7,4.3,7.0,4.3,8.5,4.8,7.0,4.3,5.4,4.3,8.3,4.3,7.7,7.0,7.7,7.1,7.7,7.0,7.7,4.3,0.0,0.0,0.0,0.0,0.0,0.0,0.0,0.0,0.0,0.0,0.0,0.0,0.0,0.0,0.0,0.0,0.0,0.0,0.0,0.0,0.0,0.0,0.0,0.0,0.0,0.0,0.0,0.0,0.0,0.0,0.0,0.0,0.0,0.0,0.0,0.0,0.0,0.0,0.0,0.0,0.0,0.0,0.0,0.0,0.0,0.0,0.0,0.0
2026-02-04T15:15:33.697863,1365.6,1.8,48,123.3,233.9,2,7.7,6.4,98.6,6.3,9.2,6.3,7.7,6.3,7.7,6.3,8.3,8.9,7.7,6.3,7.7,6.3,7.7,6.3,7.7,7.0,7.7,7.0,7.7,6.3,7.7,9.0,8.3,9.1,6.3,7.0,7.0,6.3,7.7,7.0,6.3,7.0,6.4,7.0,7.0,6.3,7.7,6.3,7.0,6.4,6.3,13.5,7.0,6.3,0.0,0.0,0.0,0.0,0.0,0.0,0.0,0.0,0.0,0.0,0.0,0.0,0.0,0.0,0.0,0.0,0.0,0.0,0.0,0.0,0.0,0.0,0.0,0.0,0.0,0.0,0.0,0.0,0.0,0.0,0.0,0.0,0.0,0.0,0.0,0.0,0.0,0.0,0.0,0.0,0.0,0.0,0.0,0.0,0.0,0.0,0.0,0.0
2026-02-04T15:15:35.923077,1367.8,2.3,48,92.7,233.9,2,7.7,7.0,97.9,7.0,7.7,7.0,7.0,7.0,7.1,7.0,7.0,5.2,7.0,7.0,6.9,7.0,7.0,7.0,6.9,7.0,6.9,7.0,7.7,7.0,7.0,8.3,7.0,12.6,7.7,7.0,7.7,7.7,9.7,7.0,7.0,7.0,7.0,7.0,7.0,7.0,7.0,7.0,7.1,6.9,7.0,7.7,7.0,7.0,0.0,0.0,0.0,0.0,0.0,0.0,0.0,0.0,0.0,0.0,0.0,0.0,0.0,0.0,0.0,0.0,0.0,0.0,0.0,0.0,0.0,0.0,0.0,0.0,0.0,0.0,0.0,0.0,0.0,0.0,0.0,0.0,0.0,0.0,0.0,0.0,0.0,0.0,0.0,0.0,0.0,0.0,0.0,0.0,0.0,0.0,0.0,0.0
2026-02-04T15:15:38.148116,1370.0,2.0,48,92.9,233.9,2,7.7,7.7,97.9,7.9,9.1,7.0,13.4,8.7,7.7,7.9,8.4,7.9,7.7,7.8,7.8,9.8,7.7,8.7,9.8,7.9,8.9,7.0,8.5,8.0,8.0,7.7,7.7,7.7,8.4,7.0,7.7,7.9,8.9,7.9,7.0,7.9,6.9,8.7,7.9,7.8,7.0,7.8,7.9,7.7,7.1,7.7,7.9,7.9,0.0,0.0,0.0,0.0,0.0,0.0,0.0,0.0,0.0,0.0,0.0,0.0,0.0,0.0,0.0,0.0,0.0,0.0,0.0,0.0,0.0,0.0,0.0,0.0,0.0,0.0,0.0,0.0,0.0,0.0,0.0,0.0,0.0,0.0,0.0,0.0,0.0,0.0,0.0,0.0,0.0,0.0,0.0,0.0,0.0,0.0,0.0,0.0
2026-02-04T15:15:40.373584,1372.3,2.3,48,92.9,233.9,2,8.5,7.7,98.6,6.9,7.7,8.5,8.5,6.9,7.7,6.3,7.8,6.9,7.8,6.4,7.7,7.0,7.1,6.3,7.8,6.9,6.9,7.0,7.7,6.3,6.9,7.8,9.0,8.4,7.7,7.0,7.7,6.3,6.8,6.9,14.2,7.5,7.8,6.3,6.9,7.1,9.2,6.4,6.3,7.8,7.7,7.7,11.5,6.3,0.0,0.0,0.0,0.0,0.0,0.0,0.0,0.0,0.0,0.0,0.0,0.0,0.0,0.0,0.0,0.0,0.0,0.0,0.0,0.0,0.0,0.0,0.0,0.0,0.0,0.0,0.0,0.0,0.0,0.0,0.0,0.0,0.0,0.0,0.0,0.0,0.0,0.0,0.0,0.0,0.0,0.0,0.0,0.0,0.0,0.0,0.0,0.0
2026-02-04T15:15:42.598677,1374.5,1.9,48,92.6,233.9,2,7.0,6.3,97.9,6.3,7.7,6.3,7.0,6.3,7.7,7.0,7.0,7.0,12.5,7.0,8.0,6.3,6.9,6.3,7.0,6.3,7.0,7.0,7.7,6.3,6.3,6.3,6.3,7.0,6.3,7.0,6.3,6.3,7.8,6.3,7.7,6.3,6.3,6.3,7.0,6.3,6.3,6.3,6.3,7.7,6.3,7.0,7.7,6.3,0.0,0.0,0.0,0.0,0.0,0.0,0.0,0.0,0.0,0.0,0.0,0.0,0.0,0.0,0.0,0.0,0.0,0.0,0.0,0.0,0.0,0.0,0.0,0.0,0.0,0.0,0.0,0.0,0.0,0.0,0.0,0.0,0.0,0.0,0.0,0.0,0.0,0.0,0.0,0.0,0.0,0.0,0.0,0.0,0.0,0.0,0.0,0.0
2026-02-04T15:15:44.823852,1376.7,2.6,48,124.2,233.9,2,7.7,7.7,97.9,7.7,11.2,7.7,8.3,13.3,8.3,7.7,7.7,7.7,7.8,7.7,7.5,7.7,7.8,7.7,7.7,7.7,7.7,7.7,7.7,7.7,7.7,7.7,7.7,8.4,7.7,7.7,7.7,7.7,7.7,10.3,8.4,7.7,7.7,13.4,7.7,7.7,8.5,8.3,7.7,7.7,7.7,8.3,7.8,14.5,0.0,0.0,0.0,0.0,0.0,0.0,0.0,0.0,0.0,0.0,0.0,0.0,0.0,0.0,0.0,0.0,0.0,0.0,0.0,0.0,0.0,0.0,0.0,0.0,0.0,0.0,0.0,0.0,0.0,0.0,0.0,0.0,0.0,0.0,0.0,0.0,0.0,0.0,0.0,0.0,0.0,0.0,0.0,0.0,0.0,0.0,0.0,0.0
2026-02-04T15:15:47.078674,1378.9,2.2,46,92.6,233.9,2,7.7,7.7,98.6,7.0,7.0,7.0,7.0,5.0,7.7,9.3,7.0,9.3,6.9,9.3,7.1,7.0,7.6,7.0,7.0,7.0,7.0,7.0,14.0,7.0,7.0,7.0,7.0,7.7,7.0,7.7,7.0,7.0,7.0,7.0,7.0,7.7,6.9,7.0,7.0,7.0,6.9,7.0,7.0,6.9,7.7,7.0,8.4,5.0,0.0,0.0,0.0,0.0,0.0,0.0,0.0,0.0,0.0,0.0,0.0,0.0,0.0,0.0,0.0,0.0,0.0,0.0,0.0,0.0,0.0,0.0,0.0,0.0,0.0,0.0,0.0,0.0,0.0,0.0,0.0,0.0,0.0,0.0,0.0,0.0,0.0,0.0,0.0,0.0,0.0,0.0,0.0,0.0,0.0,0.0,0.0,0.0
2026-02-04T15:15:49.304608,1381.2,1.8,48,92.6,233.9,2,8.3,6.9,57.6,13.1,49.3,7.0,9.8,6.9,9.0,7.2,7.6,6.1,7.6,5.6,7.6,6.9,8.3,6.9,8.3,7.6,7.6,6.9,6.9,7.6,8.3,6.9,6.9,9.0,7.6,6.9,7.6,7.6,8.2,7.6,8.3,7.6,9.1,6.9,7.6,6.9,7.7,6.9,7.6,7.0,6.9,7.6,7.6,6.9,0.0,0.0,0.0,0.0,0.0,0.0,0.0,0.0,0.0,0.0,0.0,0.0,0.0,0.0,0.0,0.0,0.0,0.0,0.0,0.0,0.0,0.0,0.0,0.0,0.0,0.0,0.0,0.0,0.0,0.0,0.0,0.0,0.0,0.0,0.0,0.0,0.0,0.0,0.0,0.0,0.0,0.0,0.0,0.0,0.0,0.0,0.0,0.0
2026-02-04T15:15:51.530019,1383.4,2.9,48,93.4,233.9,2,9.2,7.7,44.4,7.7,62.9,7.6,7.7,7.7,7.8,7.1,7.7,7.7,7.7,7.7,8.3,7.7,7.8,7.7,7.7,7.7,7.7,7.7,7.7,7.7,7.7,7.7,7.7,10.5,7.7,14.1,7.7,8.4,8.3,10.5,7.7,7.7,7.6,7.7,7.7,7.7,8.3,7.7,7.7,8.3,8.5,7.7,9.5,7.7,0.0,0.0,0.0,0.0,0.0,0.0,0.0,0.0,0.0,0.0,0.0,0.0,0.0,0.0,0.0,0.0,0.0,0.0,0.0,0.0,0.0,0.0,0.0,0.0,0.0,0.0,0.0,0.0,0.0,0.0,0.0,0.0,0.0,0.0,0.0,0.0,0.0,0.0,0.0,0.0,0.0,0.0,0.0,0.0,0.0,0.0,0.0,0.0
2026-02-04T15:15:53.756358,1385.6,2.0,48,93.0,233.9,2,7.0,7.6,98.6,7.6,9.2,7.7,7.0,7.6,14.6,6.9,8.5,7.6,7.7,7.6,9.7,7.6,7.6,6.9,7.6,7.6,6.9,7.6,7.7,6.9,8.3,9.0,7.6,9.1,7.7,6.9,6.9,8.3,9.9,7.6,9.2,7.6,7.7,6.9,7.6,6.9,7.0,7.6,6.9,7.7,9.8,7.6,8.1,6.9,0.0,0.0,0.0,0.0,0.0,0.0,0.0,0.0,0.0,0.0,0.0,0.0,0.0,0.0,0.0,0.0,0.0,0.0,0.0,0.0,0.0,0.0,0.0,0.0,0.0,0.0,0.0,0.0,0.0,0.0,0.0,0.0,0.0,0.0,0.0,0.0,0.0,0.0,0.0,0.0,0.0,0.0,0.0,0.0,0.0,0.0,0.0,0.0
2026-02-04T15:15:55.981539,1387.9,2.3,48,124.2,233.9,2,7.0,7.0,97.9,7.1,13.3,7.7,9.8,7.8,9.2,8.6,7.7,7.3,10.6,7.1,9.7,7.2,8.5,7.1,7.1,7.8,9.9,7.1,8.5,7.0,7.1,9.9,7.1,9.9,7.1,7.8,7.1,7.8,7.1,7.1,8.5,7.1,7.7,7.1,7.1,7.1,9.9,7.1,7.1,7.0,9.2,7.0,6.3,7.1,0.0,0.0,0.0,0.0,0.0,0.0,0.0,0.0,0.0,0.0,0.0,0.0,0.0,0.0,0.0,0.0,0.0,0.0,0.0,0.0,0.0,0.0,0.0,0.0,0.0,0.0,0.0,0.0,0.0,0.0,0.0,0.0,0.0,0.0,0.0,0.0,0.0,0.0,0.0,0.0,0.0,0.0,0.0,0.0,0.0,0.0,0.0,0.0
2026-02-04T15:15:58.207301,1390.1,3.0,48,93.1,233.9,2,9.0,7.1,98.6,7.0,7.7,7.0,8.5,7.0,7.7,6.8,7.1,7.5,7.8,7.0,9.2,6.9,14.1,7.0,7.7,7.0,7.8,7.0,8.4,7.1,7.0,8.4,8.3,8.4,7.7,7.0,7.7,7.0,7.0,7.0,7.0,7.0,7.0,7.0,7.0,7.7,7.0,7.7,7.0,7.0,7.0,7.7,7.7,7.7,0.0,0.0,0.0,0.0,0.0,0.0,0.0,0.0,0.0,0.0,0.0,0.0,0.0,0.0,0.0,0.0,0.0,0.0,0.0,0.0,0.0,0.0,0.0,0.0,0.0,0.0,0.0,0.0,0.0,0.0,0.0,0.0,0.0,0.0,0.0,0.0,0.0,0.0,0.0,0.0,0.0,0.0,0.0,0.0,0.0,0.0,0.0,0.0
2026-02-04T15:16:00.431898,1392.3,2.0,48,123.3,233.9,2,8.5,7.7,97.9,7.7,7.7,7.0,9.9,7.7,10.5,7.7,8.4,7.7,8.4,7.7,7.7,7.6,7.7,7.7,7.7,7.7,8.4,7.7,9.2,7.7,8.4,7.7,7.8,8.5,7.7,7.7,7.7,7.7,7.6,7.7,8.3,7.7,8.4,7.7,7.7,7.7,7.7,7.7,7.7,7.7,7.6,11.7,7.0,7.7,0.0,0.0,0.0,0.0,0.0,0.0,0.0,0.0,0.0,0.0,0.0,0.0,0.0,0.0,0.0,0.0,0.0,0.0,0.0,0.0,0.0,0.0,0.0,0.0,0.0,0.0,0.0,0.0,0.0,0.0,0.0,0.0,0.0,0.0,0.0,0.0,0.0,0.0,0.0,0.0,0.0,0.0,0.0,0.0,0.0,0.0,0.0,0.0
2026-02-04T15:16:02.657325,1394.6,33.7,2,8884.8,221.9,2,3.5,2.1,99.3,2.1,3.5,2.1,2.8,2.8,2.8,2.1,4.1,2.1,2.8,2.1,2.8,2.1,2.1,2.1,2.1,2.1,3.4,2.1,2.8,2.1,2.1,2.1,2.1,3.5,2.8,2.1,2.1,2.8,2.8,2.1,3.5,2.1,2.1,2.8,2.1,2.8,2.1,2.8,2.1,2.8,2.1,6.2,2.8,2.8,0.0,0.0,0.0,0.0,0.0,0.0,0.0,0.0,0.0,0.0,0.0,0.0,0.0,0.0,0.0,0.0,0.0,0.0,0.0,0.0,0.0,0.0,0.0,0.0,0.0,0.0,0.0,0.0,0.0,0.0,0.0,0.0,0.0,0.0,0.0,0.0,0.0,0.0,0.0,0.0,0.0,0.0,0.0,0.0,0.0,0.0,0.0,0.0
2026-02-04T15:16:04.883919,1396.8,1.9,15,92.7,252.3,2,5.6,5.6,99.3,5.0,5.6,5.6,5.0,4.9,4.9,5.0,5.0,5.0,6.3,5.0,4.9,5.0,4.9,5.0,5.0,5.0,5.0,5.0,5.0,5.0,5.7,12.8,5.7,5.6,5.6,5.0,5.6,5.0,5.6,5.0,5.0,5.0,4.9,5.0,5.0,5.0,5.0,5.0,5.0,4.9,5.0,7.6,5.0,6.3,0.0,0.0,0.0,0.0,0.0,0.0,0.0,0.0,0.0,0.0,0.0,0.0,0.0,0.0,0.0,0.0,0.0,0.0,0.0,0.0,0.0,0.0,0.0,0.0,0.0,0.0,0.0,0.0,0.0,0.0,0.0,0.0,0.0,0.0,0.0,0.0,0.0,0.0,0.0,0.0,0.0,0.0,0.0,0.0,0.0,0.0,0.0,0.0
2026-02-04T15:16:07.109055,1399.0,2.3,48,92.8,233.9,2,7.7,8.4,99.3,7.0,9.1,7.7,7.6,7.7,9.0,7.0,8.4,7.7,7.7,7.0,9.8,7.7,7.7,7.0,6.9,7.7,7.7,9.0,7.7,7.7,7.7,9.1,13.3,7.0,7.1,8.5,7.1,8.5,7.8,7.7,7.0,7.7,8.4,7.0,8.4,7.0,7.7,7.7,7.7,8.4,7.7,9.0,6.9,7.7,0.0,0.0,0.0,0.0,0.0,0.0,0.0,0.0,0.0,0.0,0.0,0.0,0.0,0.0,0.0,0.0,0.0,0.0,0.0,0.0,0.0,0.0,0.0,0.0,0.0,0.0,0.0,0.0,0.0,0.0,0.0,0.0,0.0,0.0,0.0,0.0,0.0,0.0,0.0,0.0,0.0,0.0,0.0,0.0,0.0,0.0,0.0,0.0
2026-02-04T15:16:09.363089,1401.2,2.2,48,92.9,233.9,2,7.0,6.9,97.2,7.0,9.2,6.4,7.0,7.1,7.0,6.3,7.0,6.3,7.0,7.0,7.8,7.0,7.7,7.0,7.0,7.0,7.0,7.0,8.5,7.0,7.0,7.0,7.7,8.5,7.0,7.0,7.7,7.0,7.7,13.3,7.6,7.0,7.1,7.0,7.0,7.0,8.3,7.0,7.0,6.4,7.0,7.7,7.0,7.0,0.0,0.0,0.0,0.0,0.0,0.0,0.0,0.0,0.0,0.0,0.0,0.0,0.0,0.0,0.0,0.0,0.0,0.0,0.0,0.0,0.0,0.0,0.0,0.0,0.0,0.0,0.0,0.0,0.0,0.0,0.0,0.0,0.0,0.0,0.0,0.0,0.0,0.0,0.0,0.0,0.0,0.0,0.0,0.0,0.0,0.0,0.0,0.0
2026-02-04T15:16:11.587986,1403.5,1.9,48,93.0,233.9,2,6.9,6.9,98.6,6.2,6.9,6.2,6.2,7.4,9.7,6.2,7.6,6.7,12.5,6.9,6.2,6.9,6.2,6.9,6.9,6.9,6.9,6.9,6.2,6.9,6.2,6.9,7.5,8.3,6.2,6.9,6.2,6.2,6.2,6.9,8.3,6.9,7.6,6.2,6.9,6.2,6.9,6.2,6.9,6.2,7.5,8.3,7.6,6.2,0.0,0.0,0.0,0.0,0.0,0.0,0.0,0.0,0.0,0.0,0.0,0.0,0.0,0.0,0.0,0.0,0.0,0.0,0.0,0.0,0.0,0.0,0.0,0.0,0.0,0.0,0.0,0.0,0.0,0.0,0.0,0.0,0.0,0.0,0.0,0.0,0.0,0.0,0.0,0.0,0.0,0.0,0.0,0.0,0.0,0.0,0.0,0.0
2026-02-04T15:16:13.813618,1405.7,3.6,48,92.6,233.9,2,9.2,7.7,98.6,7.0,7.7,9.7,7.0,7.2,7.7,7.0,7.1,6.6,6.9,7.7,7.0,7.0,7.0,7.7,7.0,7.7,7.0,7.7,7.8,7.0,7.7,7.7,7.1,9.7,7.0,7.7,7.7,7.0,7.7,7.0,7.0,7.6,7.7,7.0,7.0,9.0,14.1,7.7,7.0,8.5,7.7,8.3,7.0,7.0,0.0,0.0,0.0,0.0,0.0,0.0,0.0,0.0,0.0,0.0,0.0,0.0,0.0,0.0,0.0,0.0,0.0,0.0,0.0,0.0,0.0,0.0,0.0,0.0,0.0,0.0,0.0,0.0,0.0,0.0,0.0,0.0,0.0,0.0,0.0,0.0,0.0,0.0,0.0,0.0,0.0,0.0,0.0,0.0,0.0,0.0,0.0,0.0
2026-02-04T15:16:16.039549,1407.9,1.9,48,93.0,233.9,2,7.7,7.7,99.3,7.7,8.5,7.7,8.4,7.7,7.7,7.7,7.7,7.7,7.8,7.7,7.6,7.7,7.7,7.7,7.7,7.7,14.0,7.7,7.7,7.7,7.7,7.7,7.7,9.2,7.7,7.7,7.7,7.7,7.7,8.4,7.7,7.8,8.5,8.4,7.7,12.6,7.7,12.5,7.7,7.7,7.7,8.4,12.4,7.7,0.0,0.0,0.0,0.0,0.0,0.0,0.0,0.0,0.0,0.0,0.0,0.0,0.0,0.0,0.0,0.0,0.0,0.0,0.0,0.0,0.0,0.0,0.0,0.0,0.0,0.0,0.0,0.0,0.0,0.0,0.0,0.0,0.0,0.0,0.0,0.0,0.0,0.0,0.0,0.0,0.0,0.0,0.0,0.0,0.0,0.0,0.0,0.0
2026-02-04T15:16:18.265751,1410.2,2.2,48,92.7,233.9,2,8.3,8.5,48.3,13.4,58.7,7.7,8.4,7.7,7.7,7.7,7.7,9.7,8.2,7.7,7.8,7.6,7.7,7.7,7.6,7.7,7.7,7.7,8.4,7.7,7.7,7.7,7.6,7.7,7.7,7.7,7.7,7.7,9.0,7.7,7.7,7.7,7.7,7.7,7.7,5.6,7.7,5.6,7.7,7.7,8.5,11.0,5.6,7.7,0.0,0.0,0.0,0.0,0.0,0.0,0.0,0.0,0.0,0.0,0.0,0.0,0.0,0.0,0.0,0.0,0.0,0.0,0.0,0.0,0.0,0.0,0.0,0.0,0.0,0.0,0.0,0.0,0.0,0.0,0.0,0.0,0.0,0.0,0.0,0.0,0.0,0.0,0.0,0.0,0.0,0.0,0.0,0.0,0.0,0.0,0.0,0.0
2026-02-04T15:16:20.490595,1412.4,1.9,48,92.7,233.9,2,7.0,7.7,52.1,7.0,55.6,7.0,9.2,7.0,9.0,7.0,9.1,6.4,6.6,7.1,7.0,7.1,7.0,7.0,7.1,7.0,7.0,7.0,7.0,7.0,7.0,7.0,7.0,7.0,7.0,7.0,7.0,7.0,8.6,7.0,7.0,7.0,7.0,7.0,7.0,7.0,7.0,6.3,7.0,7.1,7.7,8.4,7.0,7.0,0.0,0.0,0.0,0.0,0.0,0.0,0.0,0.0,0.0,0.0,0.0,0.0,0.0,0.0,0.0,0.0,0.0,0.0,0.0,0.0,0.0,0.0,0.0,0.0,0.0,0.0,0.0,0.0,0.0,0.0,0.0,0.0,0.0,0.0,0.0,0.0,0.0,0.0,0.0,0.0,0.0,0.0,0.0,0.0,0.0,0.0,0.0,0.0
2026-02-04T15:16:22.715978,1414.6,3.9,48,123.8,233.9,2,7.7,7.0,64.6,7.7,42.0,7.7,7.0,7.7,14.0,7.7,8.4,7.7,7.7,6.9,7.7,7.7,7.7,7.0,7.7,7.7,7.0,7.7,7.7,7.0,7.7,7.7,7.0,9.2,7.7,7.0,7.7,7.0,7.7,8.5,7.7,7.0,8.4,7.0,8.4,7.7,7.7,7.7,7.0,9.7,8.3,11.0,7.7,7.0,0.0,0.0,0.0,0.0,0.0,0.0,0.0,0.0,0.0,0.0,0.0,0.0,0.0,0.0,0.0,0.0,0.0,0.0,0.0,0.0,0.0,0.0,0.0,0.0,0.0,0.0,0.0,0.0,0.0,0.0,0.0,0.0,0.0,0.0,0.0,0.0,0.0,0.0,0.0,0.0,0.0,0.0,0.0,0.0,0.0,0.0,0.0,0.0
2026-02-04T15:16:24.940740,1416.8,1.9,48,92.6,233.9,2,8.5,7.8,36.4,7.7,70.4,7.7,7.7,7.7,7.9,8.7,7.7,8.7,8.3,8.7,8.4,7.7,7.6,8.7,9.2,7.7,8.5,7.7,7.7,7.7,7.7,7.7,7.7,9.1,7.7,7.7,7.7,7.7,7.6,7.7,7.7,7.7,14.2,7.7,7.7,7.7,7.7,7.7,7.7,7.8,7.7,9.1,7.7,7.7,0.0,0.0,0.0,0.0,0.0,0.0,0.0,0.0,0.0,0.0,0.0,0.0,0.0,0.0,0.0,0.0,0.0,0.0,0.0,0.0,0.0,0.0,0.0,0.0,0.0,0.0,0.0,0.0,0.0,0.0,0.0,0.0,0.0,0.0,0.0,0.0,0.0,0.0,0.0,0.0,0.0,0.0,0.0,0.0,0.0,0.0,0.0,0.0
2026-02-04T15:16:27.165361,1419.1,2.8,48,92.6,233.9,2,7.7,7.7,97.9,7.4,7.7,7.0,7.0,7.7,8.1,6.9,7.8,6.7,8.3,6.9,7.0,7.5,7.7,7.3,7.1,7.5,13.6,7.5,7.0,8.2,8.3,8.2,7.7,7.0,7.7,7.5,7.7,7.5,10.4,7.5,8.2,7.5,6.9,7.5,7.5,8.2,6.9,8.2,9.0,8.3,7.7,14.4,7.7,8.9,0.0,0.0,0.0,0.0,0.0,0.0,0.0,0.0,0.0,0.0,0.0,0.0,0.0,0.0,0.0,0.0,0.0,0.0,0.0,0.0,0.0,0.0,0.0,0.0,0.0,0.0,0.0,0.0,0.0,0.0,0.0,0.0,0.0,0.0,0.0,0.0,0.0,0.0,0.0,0.0,0.0,0.0,0.0,0.0,0.0,0.0,0.0,0.0
2026-02-04T15:16:29.389960,1421.3,2.7,48,93.3,233.9,2,10.4,7.0,97.9,6.0,9.0,6.3,7.7,6.3,8.6,7.0,7.7,6.6,7.3,6.3,9.2,6.6,7.7,6.0,7.3,6.0,7.5,6.6,7.7,7.3,6.6,7.3,7.7,7.7,7.0,6.6,7.7,6.0,7.2,6.0,6.7,6.6,9.9,6.6,6.6,6.7,7.1,6.0,6.7,7.0,7.0,13.9,6.3,7.3,0.0,0.0,0.0,0.0,0.0,0.0,0.0,0.0,0.0,0.0,0.0,0.0,0.0,0.0,0.0,0.0,0.0,0.0,0.0,0.0,0.0,0.0,0.0,0.0,0.0,0.0,0.0,0.0,0.0,0.0,0.0,0.0,0.0,0.0,0.0,0.0,0.0,0.0,0.0,0.0,0.0,0.0,0.0,0.0,0.0,0.0,0.0,0.0
2026-02-04T15:16:31.642985,1423.5,2.7,48,93.2,233.9,2,9.2,7.7,98.6,8.4,9.9,7.0,8.5,8.4,8.3,9.6,9.0,8.9,9.7,8.9,8.3,7.6,8.5,7.7,7.7,8.3,8.4,7.7,8.4,9.0,8.4,9.0,14.0,8.5,8.4,8.4,8.4,8.4,10.6,8.4,8.4,8.4,8.4,8.4,7.7,8.4,7.7,8.5,7.7,8.4,8.4,8.4,7.7,8.5,0.0,0.0,0.0,0.0,0.0,0.0,0.0,0.0,0.0,0.0,0.0,0.0,0.0,0.0,0.0,0.0,0.0,0.0,0.0,0.0,0.0,0.0,0.0,0.0,0.0,0.0,0.0,0.0,0.0,0.0,0.0,0.0,0.0,0.0,0.0,0.0,0.0,0.0,0.0,0.0,0.0,0.0,0.0,0.0,0.0,0.0,0.0,0.0
2026-02-04T15:16:33.867612,1425.8,53.6,48,155.0,233.9,2,7.6,6.9,97.9,6.9,11.8,6.9,6.9,6.9,6.9,6.5,6.9,6.5,7.0,6.5,9.1,7.0,7.0,6.9,6.9,6.9,6.9,6.9,6.9,6.9,6.9,6.9,6.9,7.6,7.6,6.9,7.6,6.9,7.6,6.9,7.6,6.9,7.7,6.9,7.6,6.9,6.9,6.8,6.9,7.0,7.0,8.3,6.9,6.9,0.0,0.0,0.0,0.0,0.0,0.0,0.0,0.0,0.0,0.0,0.0,0.0,0.0,0.0,0.0,0.0,0.0,0.0,0.0,0.0,0.0,0.0,0.0,0.0,0.0,0.0,0.0,0.0,0.0,0.0,0.0,0.0,0.0,0.0,0.0,0.0,0.0,0.0,0.0,0.0,0.0,0.0,0.0,0.0,0.0,0.0,0.0,0.0
2026-02-04T15:16:36.086509,1428.0,10.4,3,11014.6,221.9,2,2.8,3.5,100.0,2.1,6.3,2.1,2.8,2.1,2.8,2.8,2.8,2.8,3.5,2.8,2.8,2.8,2.8,2.8,2.8,2.1,2.8,2.8,2.8,2.8,2.8,3.5,3.4,3.5,2.1,2.8,2.8,2.1,2.8,2.1,2.1,2.8,2.1,2.8,2.8,2.1,2.8,2.1,2.8,2.8,2.1,5.5,1.4,2.8,0.0,0.0,0.0,0.0,0.0,0.0,0.0,0.0,0.0,0.0,0.0,0.0,0.0,0.0,0.0,0.0,0.0,0.0,0.0,0.0,0.0,0.0,0.0,0.0,0.0,0.0,0.0,0.0,0.0,0.0,0.0,0.0,0.0,0.0,0.0,0.0,0.0,0.0,0.0,0.0,0.0,0.0,0.0,0.0,0.0,0.0,0.0,0.0
2026-02-04T15:16:38.310199,1430.2,2.5,20,123.6,233.9,2,6.9,5.7,98.6,5.0,6.3,5.0,6.3,6.0,6.3,5.7,5.6,5.6,5.7,5.0,11.4,5.0,6.4,5.0,5.0,5.0,5.6,5.0,5.0,5.0,5.0,4.9,5.0,6.4,5.0,5.0,5.0,5.0,7.7,5.0,5.0,5.0,5.7,5.0,4.9,5.7,5.0,5.0,5.0,5.0,5.0,6.3,5.0,5.7,0.0,0.0,0.0,0.0,0.0,0.0,0.0,0.0,0.0,0.0,0.0,0.0,0.0,0.0,0.0,0.0,0.0,0.0,0.0,0.0,0.0,0.0,0.0,0.0,0.0,0.0,0.0,0.0,0.0,0.0,0.0,0.0,0.0,0.0,0.0,0.0,0.0,0.0,0.0,0.0,0.0,0.0,0.0,0.0,0.0,0.0,0.0,0.0
2026-02-04T15:16:40.535305,1432.4,1.9,48,93.0,234.0,2,8.5,8.4,98.6,7.0,9.2,7.0,7.7,6.6,7.0,7.0,7.7,7.1,13.3,6.3,7.7,7.0,7.0,12.2,7.0,7.7,7.8,7.0,7.7,7.0,7.7,7.0,7.7,7.0,7.7,7.0,7.7,7.0,9.7,7.0,7.6,7.0,7.0,7.0,7.8,7.0,7.7,7.7,7.0,9.0,7.6,8.4,7.0,7.1,0.0,0.0,0.0,0.0,0.0,0.0,0.0,0.0,0.0,0.0,0.0,0.0,0.0,0.0,0.0,0.0,0.0,0.0,0.0,0.0,0.0,0.0,0.0,0.0,0.0,0.0,0.0,0.0,0.0,0.0,0.0,0.0,0.0,0.0,0.0,0.0,0.0,0.0,0.0,0.0,0.0,0.0,0.0,0.0,0.0,0.0,0.0,0.0
2026-02-04T15:16:42.760605,1434.7,1.9,47,124.0,234.0,2,8.4,7.0,99.3,7.1,9.2,7.4,7.8,12.8,7.7,7.0,8.5,7.0,8.5,7.0,7.7,7.0,8.5,4.9,8.3,7.0,7.7,7.7,8.5,7.0,8.3,7.4,8.4,7.7,7.7,7.0,6.9,7.7,7.8,7.0,7.8,7.0,7.7,7.0,7.7,7.0,14.9,7.7,7.7,7.0,7.7,11.0,7.7,7.0,0.0,0.0,0.0,0.0,0.0,0.0,0.0,0.0,0.0,0.0,0.0,0.0,0.0,0.0,0.0,0.0,0.0,0.0,0.0,0.0,0.0,0.0,0.0,0.0,0.0,0.0,0.0,0.0,0.0,0.0,0.0,0.0,0.0,0.0,0.0,0.0,0.0,0.0,0.0,0.0,0.0,0.0,0.0,0.0,0.0,0.0,0.0,0.0
2026-02-04T15:16:44.986178,1436.9,2.3,47,92.6,234.0,2,8.4,7.0,97.2,7.9,8.4,6.7,7.7,5.0,7.0,7.0,7.0,7.4,7.7,7.7,7.3,7.0,7.7,7.0,7.1,7.4,7.0,13.4,7.0,8.9,6.9,7.4,7.0,8.4,7.0,8.1,8.2,8.1,9.0,7.4,7.4,7.0,7.7,7.4,7.0,8.1,7.0,7.7,7.5,8.4,7.7,7.8,7.4,7.0,0.0,0.0,0.0,0.0,0.0,0.0,0.0,0.0,0.0,0.0,0.0,0.0,0.0,0.0,0.0,0.0,0.0,0.0,0.0,0.0,0.0,0.0,0.0,0.0,0.0,0.0,0.0,0.0,0.0,0.0,0.0,0.0,0.0,0.0,0.0,0.0,0.0,0.0,0.0,0.0,0.0,0.0,0.0,0.0,0.0,0.0,0.0,0.0
2026-02-04T15:16:47.211853,1439.1,1.5,48,93.3,234.0,2,14.1,8.4,98.6,8.1,9.9,9.2,8.3,8.0,8.4,9.7,9.2,11.9,8.3,10.4,8.1,8.4,8.3,7.7,8.5,8.0,8.5,7.7,8.5,9.1,8.5,8.5,7.7,9.2,8.5,8.0,7.4,7.3,9.9,8.0,8.0,7.7,7.7,8.0,7.7,8.0,8.4,8.4,8.0,8.4,9.1,8.4,8.7,8.4,0.0,0.0,0.0,0.0,0.0,0.0,0.0,0.0,0.0,0.0,0.0,0.0,0.0,0.0,0.0,0.0,0.0,0.0,0.0,0.0,0.0,0.0,0.0,0.0,0.0,0.0,0.0,0.0,0.0,0.0,0.0,0.0,0.0,0.0,0.0,0.0,0.0,0.0,0.0,0.0,0.0,0.0,0.0,0.0,0.0,0.0,0.0,0.0
2026-02-04T15:16:49.437990,1441.3,2.6,48,92.6,234.0,2,8.4,7.7,97.9,7.7,7.7,7.0,9.1,7.0,7.7,6.2,7.6,5.8,8.4,5.8,8.5,7.0,7.8,7.0,7.0,7.7,7.0,7.7,7.0,9.7,7.7,7.7,7.7,8.4,8.4,13.4,7.0,7.7,8.4,7.0,7.7,7.0,7.0,7.7,7.7,7.0,7.0,8.4,8.5,8.4,7.0,8.4,7.0,7.7,0.0,0.0,0.0,0.0,0.0,0.0,0.0,0.0,0.0,0.0,0.0,0.0,0.0,0.0,0.0,0.0,0.0,0.0,0.0,0.0,0.0,0.0,0.0,0.0,0.0,0.0,0.0,0.0,0.0,0.0,0.0,0.0,0.0,0.0,0.0,0.0,0.0,0.0,0.0,0.0,0.0,0.0,0.0,0.0,0.0,0.0,0.0,0.0
2026-02-04T15:16:51.663475,1443.6,1.9,48,92.6,234.1,2,7.8,7.0,98.6,7.0,7.0,7.1,7.7,7.0,7.0,7.0,13.4,7.0,7.1,7.0,7.7,7.0,7.0,7.7,7.0,7.0,7.0,7.7,7.0,8.4,7.0,7.0,7.0,8.4,7.0,7.0,7.7,7.0,7.6,7.0,7.0,7.0,7.7,7.0,7.7,7.0,7.7,7.6,7.7,7.7,7.0,7.0,7.0,7.0,0.0,0.0,0.0,0.0,0.0,0.0,0.0,0.0,0.0,0.0,0.0,0.0,0.0,0.0,0.0,0.0,0.0,0.0,0.0,0.0,0.0,0.0,0.0,0.0,0.0,0.0,0.0,0.0,0.0,0.0,0.0,0.0,0.0,0.0,0.0,0.0,0.0,0.0,0.0,0.0,0.0,0.0,0.0,0.0,0.0,0.0,0.0,0.0
2026-02-04T15:16:53.918104,1445.8,2.3,48,124.0,234.1,2,8.5,7.0,97.9,7.0,8.5,7.0,7.7,7.0,7.8,9.5,7.7,7.0,7.7,7.0,8.4,7.0,7.7,7.0,7.0,7.0,7.7,7.0,7.0,7.3,9.0,7.7,7.7,8.4,7.7,7.0,7.0,7.7,7.7,7.7,7.0,7.0,8.5,7.0,7.7,7.0,8.3,7.0,5.6,14.1,9.2,7.7,7.0,7.7,0.0,0.0,0.0,0.0,0.0,0.0,0.0,0.0,0.0,0.0,0.0,0.0,0.0,0.0,0.0,0.0,0.0,0.0,0.0,0.0,0.0,0.0,0.0,0.0,0.0,0.0,0.0,0.0,0.0,0.0,0.0,0.0,0.0,0.0,0.0,0.0,0.0,0.0,0.0,0.0,0.0,0.0,0.0,0.0,0.0,0.0,0.0,0.0
2026-02-04T15:16:56.143419,1448.0,2.6,53,92.7,234.1,2,5.5,8.3,98.6,7.6,6.9,6.9,8.3,7.4,7.5,5.5,7.6,6.9,7.6,6.9,7.6,7.4,8.2,6.9,8.3,13.2,8.3,6.9,8.3,6.7,11.6,7.6,7.6,7.6,7.6,7.0,7.0,7.6,8.3,6.9,7.6,6.9,7.6,6.9,7.6,6.9,6.9,8.3,6.9,7.6,7.6,7.6,7.6,6.9,58.4,62.5,100.0,65.8,100.0,0.0,0.0,0.0,0.0,0.0,0.0,0.0,0.0,0.0,0.0,0.0,0.0,0.0,0.0,0.0,0.0,0.0,0.0,0.0,0.0,0.0,0.0,0.0,0.0,0.0,0.0,0.0,0.0,0.0,0.0,0.0,0.0,0.0,0.0,0.0,0.0,0.0,0.0,0.0,0.0,0.0,0.0,0.0
2026-02-04T15:16:58.369452,1450.3,1.9,48,93.3,234.1,2,5.6,7.0,97.9,7.0,8.5,7.0,7.0,6.6,7.9,7.0,7.7,7.0,7.0,7.6,7.7,6.6,6.3,7.7,7.7,7.0,7.7,7.0,7.7,7.7,9.1,7.7,7.8,7.7,7.7,7.0,7.0,7.7,9.1,7.7,7.7,7.0,7.7,6.9,7.0,7.7,7.7,7.7,7.0,7.7,13.9,7.0,7.0,7.0,0.0,0.0,0.0,0.0,0.0,0.0,0.0,0.0,0.0,0.0,0.0,0.0,0.0,0.0,0.0,0.0,0.0,0.0,0.0,0.0,0.0,0.0,0.0,0.0,0.0,0.0,0.0,0.0,0.0,0.0,0.0,0.0,0.0,0.0,0.0,0.0,0.0,0.0,0.0,0.0,0.0,0.0,0.0,0.0,0.0,0.0,0.0,0.0
2026-02-04T15:17:00.593897,1452.5,2.7,48,93.0,234.1,2,9.1,8.5,97.9,8.5,8.4,7.7,7.7,8.5,7.7,8.5,9.2,7.7,7.6,7.8,8.3,7.7,7.7,7.7,7.7,7.7,7.7,7.7,7.7,7.7,9.7,14.1,7.0,9.8,7.7,7.7,8.4,8.4,9.7,7.0,7.7,7.7,8.4,7.1,7.0,7.7,7.7,8.5,7.7,7.0,7.8,7.8,7.7,7.7,0.0,0.0,0.0,0.0,0.0,0.0,0.0,0.0,0.0,0.0,0.0,0.0,0.0,0.0,0.0,0.0,0.0,0.0,0.0,0.0,0.0,0.0,0.0,0.0,0.0,0.0,0.0,0.0,0.0,0.0,0.0,0.0,0.0,0.0,0.0,0.0,0.0,0.0,0.0,0.0,0.0,0.0,0.0,0.0,0.0,0.0,0.0,0.0
2026-02-04T15:17:02.818983,1454.7,3.5,48,93.2,234.1,2,8.4,7.7,99.3,7.0,14.1,7.0,6.4,7.7,9.1,7.7,7.7,8.4,8.5,7.7,7.8,7.7,5.7,8.5,7.0,7.7,8.3,7.0,8.5,7.0,9.7,7.7,8.5,8.5,9.0,7.7,7.6,9.1,10.6,8.5,7.7,8.5,9.2,7.7,8.5,7.7,7.7,9.2,6.3,7.0,8.5,7.7,8.5,7.7,0.0,0.0,0.0,0.0,0.0,0.0,0.0,0.0,0.0,0.0,0.0,0.0,0.0,0.0,0.0,0.0,0.0,0.0,0.0,0.0,0.0,0.0,0.0,0.0,0.0,0.0,0.0,0.0,0.0,0.0,0.0,0.0,0.0,0.0,0.0,0.0,0.0,0.0,0.0,0.0,0.0,0.0,0.0,0.0,0.0,0.0,0.0,0.0
2026-02-04T15:17:05.045281,1456.9,100.0,48,185.1,234.1,2,6.9,7.6,99.3,6.2,7.0,6.9,6.2,6.9,6.9,6.2,6.9,6.9,6.9,6.9,6.9,6.9,6.9,6.9,6.9,6.9,7.0,6.9,7.6,6.9,14.2,6.9,6.9,8.4,7.0,6.9,7.0,6.9,7.6,6.9,6.9,6.9,6.9,6.9,6.2,6.9,6.9,6.2,6.9,6.9,6.9,6.9,6.9,6.2,0.0,0.0,0.0,0.0,0.0,0.0,0.0,0.0,0.0,0.0,0.0,0.0,0.0,0.0,0.0,0.0,0.0,0.0,0.0,0.0,0.0,0.0,0.0,0.0,0.0,0.0,0.0,0.0,0.0,0.0,0.0,0.0,0.0,0.0,0.0,0.0,0.0,0.0,0.0,0.0,0.0,0.0,0.0,0.0,0.0,0.0,0.0,0.0
2026-02-04T15:17:07.271576,1459.2,1.9,2,6914.6,222.1,2,0.7,0.7,98.6,0.0,1.4,0.0,0.7,0.0,0.0,0.0,0.7,0.0,0.0,0.0,0.9,0.0,0.0,0.0,0.7,0.0,0.0,0.0,0.7,0.0,2.8,0.0,0.0,0.7,0.0,0.0,0.0,0.0,1.4,0.0,7.0,0.0,0.0,0.0,0.0,0.0,0.0,0.0,0.0,0.0,0.0,0.0,0.0,0.0,0.0,0.0,0.0,0.0,0.0,0.0,0.0,0.0,0.0,0.0,0.0,0.0,0.0,0.0,0.0,0.0,0.0,0.0,0.0,0.0,0.0,0.0,0.0,0.0,0.0,0.0,0.0,0.0,0.0,0.0,0.0,0.0,0.0,0.0,0.0,0.0,0.0,0.0,0.0,0.0,0.0,0.0,0.0,0.0,0.0,0.0,0.0,0.0
2026-02-04T15:17:09.496842,1461.4,2.5,48,123.2,234.1,2,8.4,9.0,98.6,14.3,8.4,9.1,7.8,7.8,7.7,8.5,9.1,14.3,13.4,13.3,6.1,7.7,7.7,22.4,7.7,14.3,14.5,14.3,7.7,8.7,9.7,14.3,7.7,9.2,8.5,14.3,7.7,14.3,10.5,14.1,14.3,9.7,8.5,7.8,7.7,14.3,7.7,7.7,7.6,7.7,7.7,8.4,13.0,14.3,0.0,0.0,0.0,0.0,0.0,0.0,0.0,0.0,0.0,0.0,0.0,0.0,0.0,0.0,0.0,0.0,0.0,0.0,0.0,0.0,0.0,0.0,0.0,0.0,0.0,0.0,0.0,0.0,0.0,0.0,0.0,0.0,0.0,0.0,0.0,0.0,0.0,0.0,0.0,0.0,0.0,0.0,0.0,0.0,0.0,0.0,0.0,0.0
2026-02-04T15:17:11.722310,1463.6,2.3,37,93.3,234.1,2,8.3,7.8,98.6,4.8,7.7,7.7,9.7,4.8,7.0,9.1,7.0,4.8,4.9,5.0,7.1,7.0,7.1,5.5,7.0,5.3,4.8,5.3,7.1,7.0,8.4,4.8,7.7,7.7,7.0,4.8,7.7,4.8,7.1,4.8,5.3,8.3,7.0,7.6,7.0,5.3,7.0,14.1,7.7,7.0,7.7,7.7,5.3,4.8,0.0,0.0,0.0,0.0,0.0,0.0,0.0,0.0,0.0,0.0,0.0,0.0,0.0,0.0,0.0,0.0,0.0,0.0,0.0,0.0,0.0,0.0,0.0,0.0,0.0,0.0,0.0,0.0,0.0,0.0,0.0,0.0,0.0,0.0,0.0,0.0,0.0,0.0,0.0,0.0,0.0,0.0,0.0,0.0,0.0,0.0,0.0,0.0
2026-02-04T15:17:13.947813,1465.8,1.9,48,93.0,234.1,2,7.0,6.3,97.9,6.3,8.5,6.3,9.2,6.3,6.3,7.0,6.3,7.0,9.0,7.2,7.0,6.3,7.0,6.3,8.4,6.3,12.6,7.0,7.0,6.3,9.7,6.3,7.7,7.7,6.3,6.3,6.3,6.3,8.3,6.3,6.3,6.4,6.3,7.0,6.3,6.3,6.3,6.3,6.4,7.7,6.3,7.0,6.3,6.3,0.0,0.0,0.0,0.0,0.0,0.0,0.0,0.0,0.0,0.0,0.0,0.0,0.0,0.0,0.0,0.0,0.0,0.0,0.0,0.0,0.0,0.0,0.0,0.0,0.0,0.0,0.0,0.0,0.0,0.0,0.0,0.0,0.0,0.0,0.0,0.0,0.0,0.0,0.0,0.0,0.0,0.0,0.0,0.0,0.0,0.0,0.0,0.0
2026-02-04T15:17:16.207937,1468.1,2.4,48,92.8,234.1,2,7.7,7.0,42.1,7.0,70.3,7.0,7.7,7.7,7.0,7.0,7.0,7.0,7.2,6.2,8.3,7.7,7.7,6.3,7.0,7.0,7.0,6.3,7.0,6.3,8.3,6.3,7.7,7.0,7.0,7.7,7.0,7.0,7.1,7.0,7.0,7.7,7.7,7.0,7.0,7.7,7.0,7.0,6.9,6.9,7.7,7.0,11.4,7.7,0.0,0.0,0.0,0.0,0.0,0.0,0.0,0.0,0.0,0.0,0.0,0.0,0.0,0.0,0.0,0.0,0.0,0.0,0.0,0.0,0.0,0.0,0.0,0.0,0.0,0.0,0.0,0.0,0.0,0.0,0.0,0.0,0.0,0.0,0.0,0.0,0.0,0.0,0.0,0.0,0.0,0.0,0.0,0.0,0.0,0.0,0.0,0.0
2026-02-04T15:17:18.433310,1470.3,2.1,51,123.5,234.1,2,8.3,7.6,66.9,7.6,41.7,7.6,8.4,9.5,7.6,7.6,8.0,7.6,7.4,10.3,9.2,7.6,7.6,7.6,7.5,7.6,7.6,7.6,7.6,7.6,9.0,7.6,8.3,7.6,13.8,7.6,7.6,7.6,7.5,7.6,7.6,7.6,8.3,7.6,8.3,7.6,7.6,7.6,7.6,8.4,7.6,7.6,5.5,7.6,0.0,0.0,100.0,0.0,100.0,100.0,0.0,0.0,0.0,0.0,0.0,0.0,0.0,0.0,0.0,0.0,0.0,0.0,0.0,0.0,0.0,0.0,0.0,0.0,0.0,0.0,0.0,0.0,0.0,0.0,0.0,0.0,0.0,0.0,0.0,0.0,0.0,0.0,0.0,0.0,0.0,0.0,0.0,0.0,0.0,0.0,0.0,0.0
2026-02-04T15:17:20.659637,1472.6,3.2,48,92.5,234.1,2,7.7,6.9,98.6,7.0,7.9,8.4,6.9,6.4,13.3,6.9,9.7,7.7,7.7,5.8,6.0,8.7,7.7,7.0,7.8,7.7,7.7,7.7,7.7,7.0,9.2,7.0,6.9,7.0,7.7,7.0,7.6,7.7,9.2,7.7,8.3,7.0,6.9,7.0,7.7,7.0,7.7,7.7,7.6,7.6,7.0,7.7,7.7,7.0,0.0,0.0,0.0,0.0,0.0,0.0,0.0,0.0,0.0,0.0,0.0,0.0,0.0,0.0,0.0,0.0,0.0,0.0,0.0,0.0,0.0,0.0,0.0,0.0,0.0,0.0,0.0,0.0,0.0,0.0,0.0,0.0,0.0,0.0,0.0,0.0,0.0,0.0,0.0,0.0,0.0,0.0,0.0,0.0,0.0,0.0,0.0,0.0
2026-02-04T15:17:22.885315,1474.8,2.2,48,92.7,234.1,2,7.8,7.7,97.9,7.0,6.8,7.7,9.1,7.0,7.0,9.2,5.3,7.0,7.7,7.0,7.0,6.3,7.0,7.7,7.0,7.7,7.7,7.0,7.7,7.0,7.0,7.0,7.1,9.2,7.0,7.0,7.0,7.0,7.0,7.0,7.8,7.7,13.5,7.0,7.7,7.0,7.7,7.7,8.5,7.1,7.1,7.0,8.3,7.6,0.0,0.0,0.0,0.0,0.0,0.0,0.0,0.0,0.0,0.0,0.0,0.0,0.0,0.0,0.0,0.0,0.0,0.0,0.0,0.0,0.0,0.0,0.0,0.0,0.0,0.0,0.0,0.0,0.0,0.0,0.0,0.0,0.0,0.0,0.0,0.0,0.0,0.0,0.0,0.0,0.0,0.0,0.0,0.0,0.0,0.0,0.0,0.0
2026-02-04T15:17:25.110700,1477.0,2.6,48,92.6,234.1,2,7.7,9.0,98.6,8.4,9.8,9.1,8.4,7.7,8.4,8.3,8.4,7.7,7.7,8.5,8.3,8.4,13.9,7.7,7.7,7.7,7.7,7.7,8.4,7.7,7.7,7.7,8.5,8.4,7.8,7.7,8.5,7.7,10.4,7.7,7.7,11.3,7.6,8.3,8.4,8.4,7.7,8.3,7.7,8.3,7.6,7.6,8.5,7.7,0.0,0.0,0.0,0.0,0.0,0.0,0.0,0.0,0.0,0.0,0.0,0.0,0.0,0.0,0.0,0.0,0.0,0.0,0.0,0.0,0.0,0.0,0.0,0.0,0.0,0.0,0.0,0.0,0.0,0.0,0.0,0.0,0.0,0.0,0.0,0.0,0.0,0.0,0.0,0.0,0.0,0.0,0.0,0.0,0.0,0.0,0.0,0.0
2026-02-04T15:17:27.336164,1479.2,1.9,48,92.9,234.1,2,7.0,9.7,97.9,8.3,7.7,7.0,7.0,7.7,7.7,8.6,9.2,7.0,7.0,7.0,7.1,7.0,7.7,7.0,8.7,7.0,7.7,7.7,7.0,7.0,7.7,7.0,6.9,11.1,7.7,7.0,7.0,7.0,8.5,7.0,7.7,6.1,7.1,7.0,7.7,7.0,7.1,7.8,7.0,8.6,7.1,14.2,7.7,7.0,0.0,0.0,0.0,0.0,0.0,0.0,0.0,0.0,0.0,0.0,0.0,0.0,0.0,0.0,0.0,0.0,0.0,0.0,0.0,0.0,0.0,0.0,0.0,0.0,0.0,0.0,0.0,0.0,0.0,0.0,0.0,0.0,0.0,0.0,0.0,0.0,0.0,0.0,0.0,0.0,0.0,0.0,0.0,0.0,0.0,0.0,0.0,0.0
2026-02-04T15:17:29.560079,1481.5,2.3,48,93.1,234.1,2,7.7,7.7,98.6,7.7,8.4,7.7,8.5,7.7,9.1,7.6,9.1,7.7,7.8,8.5,7.7,7.7,7.8,7.7,6.5,7.7,7.7,7.7,7.7,7.7,7.7,7.7,7.7,14.7,7.7,7.7,7.7,7.7,9.7,7.7,7.7,7.8,7.7,9.1,8.5,7.7,7.7,8.5,7.7,7.6,7.6,7.7,7.7,7.7,0.0,0.0,0.0,0.0,0.0,0.0,0.0,0.0,0.0,0.0,0.0,0.0,0.0,0.0,0.0,0.0,0.0,0.0,0.0,0.0,0.0,0.0,0.0,0.0,0.0,0.0,0.0,0.0,0.0,0.0,0.0,0.0,0.0,0.0,0.0,0.0,0.0,0.0,0.0,0.0,0.0,0.0,0.0,0.0,0.0,0.0,0.0,0.0
2026-02-04T15:17:31.784675,1483.7,1.9,48,93.4,234.1,2,7.0,9.1,97.9,8.4,13.5,7.7,9.1,7.0,7.7,8.5,7.6,8.4,8.3,8.5,8.5,8.4,9.8,7.7,7.7,8.3,8.4,7.0,8.5,7.7,9.2,7.0,7.0,8.5,8.4,8.3,7.6,7.7,9.9,7.7,7.7,7.7,8.4,7.0,8.4,7.0,8.4,7.7,7.7,7.0,8.5,7.7,8.4,7.0,0.0,0.0,0.0,0.0,0.0,0.0,0.0,0.0,0.0,0.0,0.0,0.0,0.0,0.0,0.0,0.0,0.0,0.0,0.0,0.0,0.0,0.0,0.0,0.0,0.0,0.0,0.0,0.0,0.0,0.0,0.0,0.0,0.0,0.0,0.0,0.0,0.0,0.0,0.0,0.0,0.0,0.0,0.0,0.0,0.0,0.0,0.0,0.0
2026-02-04T15:17:34.010698,1485.9,79.0,48,216.2,234.1,2,8.5,7.7,98.6,7.0,8.4,7.0,10.6,7.0,7.8,8.5,9.2,7.7,8.3,7.0,7.7,7.0,9.2,7.0,7.0,7.0,7.7,7.0,9.2,7.0,7.7,7.0,7.0,9.9,7.0,7.0,10.6,7.0,7.0,8.4,7.7,7.7,7.1,8.5,7.0,7.0,7.0,6.3,7.0,7.7,7.7,7.7,7.0,7.0,0.0,0.0,0.0,0.0,0.0,0.0,0.0,0.0,0.0,0.0,0.0,0.0,0.0,0.0,0.0,0.0,0.0,0.0,0.0,0.0,0.0,0.0,0.0,0.0,0.0,0.0,0.0,0.0,0.0,0.0,0.0,0.0,0.0,0.0,0.0,0.0,0.0,0.0,0.0,0.0,0.0,0.0,0.0,0.0,0.0,0.0,0.0,0.0
2026-02-04T15:17:36.237037,1488.1,2.5,2,8183.1,222.1,2,2.1,0.0,100.0,0.0,2.8,0.7,3.4,0.7,2.1,0.0,7.7,0.0,0.7,0.0,1.4,0.0,0.7,0.0,1.4,0.0,0.0,0.0,1.4,0.0,0.7,0.0,0.0,3.5,0.0,0.0,2.8,0.7,0.7,4.9,0.7,0.0,0.7,2.1,1.4,0.0,0.7,0.0,0.0,0.7,0.0,0.7,0.0,0.0,0.0,0.0,0.0,0.0,0.0,0.0,0.0,0.0,0.0,0.0,0.0,0.0,0.0,0.0,0.0,0.0,0.0,0.0,0.0,0.0,0.0,0.0,0.0,0.0,0.0,0.0,0.0,0.0,0.0,0.0,0.0,0.0,0.0,0.0,0.0,0.0,0.0,0.0,0.0,0.0,0.0,0.0,0.0,0.0,0.0,0.0,0.0,0.0
2026-02-04T15:17:38.492065,1490.4,2.5,48,93.2,234.1,2,8.5,9.1,98.6,7.7,9.2,8.4,9.9,7.1,7.8,7.7,9.0,7.8,7.8,7.7,9.9,7.0,7.8,7.8,7.5,7.7,7.0,7.7,7.8,7.7,7.7,7.7,8.6,9.2,7.8,7.7,7.7,7.7,7.7,8.5,6.9,7.7,7.7,7.7,7.0,7.7,7.6,8.5,7.7,7.8,7.6,8.5,7.7,7.7,0.0,0.0,0.0,0.0,0.0,0.0,0.0,0.0,0.0,0.0,0.0,0.0,0.0,0.0,0.0,0.0,0.0,0.0,0.0,0.0,0.0,0.0,0.0,0.0,0.0,0.0,0.0,0.0,0.0,0.0,0.0,0.0,0.0,0.0,0.0,0.0,0.0,0.0,0.0,0.0,0.0,0.0,0.0,0.0,0.0,0.0,0.0,0.0
2026-02-04T15:17:40.717365,1492.6,3.1,68,92.8,234.1,2,7.5,13.5,97.9,7.6,7.5,7.6,9.0,7.6,6.9,6.9,7.8,6.9,6.9,6.9,8.3,7.0,6.8,7.5,8.6,6.9,7.5,6.9,6.8,6.9,7.6,7.6,6.9,11.1,7.5,6.9,6.8,6.9,6.9,8.3,9.0,6.9,6.9,6.9,6.9,6.9,7.0,6.9,6.9,13.8,6.9,6.9,7.6,8.3,100.0,100.0,0.0,100.0,100.0,100.0,100.0,100.0,0.0,100.0,100.0,0.0,0.0,0.0,0.0,100.0,0.0,100.0,0.0,0.0,100.0,0.0,0.0,0.0,100.0,0.0,0.0,100.0,0.0,100.0,100.0,0.0,0.0,0.0,0.0,100.0,0.0,0.0,0.0,100.0,0.0,100.0,0.0,0.0,100.0,0.0,0.0,0.0
2026-02-04T15:17:42.942450,1494.8,1.8,65,92.9,234.1,2,7.7,9.0,97.9,10.0,8.5,7.7,7.6,7.0,7.0,8.5,6.9,9.1,9.0,9.1,9.0,7.0,9.1,9.3,8.1,9.1,8.5,16.0,7.1,7.0,7.0,10.0,7.0,9.7,8.1,10.0,7.1,10.9,7.0,8.4,7.7,9.1,7.0,7.6,7.0,9.1,7.0,8.4,7.0,7.0,7.7,7.0,8.4,9.1,0.0,0.0,100.0,100.0,0.0,0.0,0.0,100.0,0.0,0.0,0.0,0.0,100.0,100.0,0.0,0.0,0.0,100.0,100.0,0.0,0.0,0.0,100.0,100.0,0.0,0.0,0.0,100.0,0.0,0.0,0.0,0.0,100.0,100.0,0.0,0.0,0.0,100.0,100.0,0.0,0.0,0.0,100.0,100.0,0.0,0.0,0.0,100.0
2026-02-04T15:17:45.168331,1497.1,2.0,68,123.5,234.1,2,8.3,11.7,41.1,10.9,69.0,11.8,9.9,7.0,8.5,7.7,8.4,5.7,7.7,5.7,11.3,7.0,7.1,6.6,7.8,5.7,8.5,6.0,7.0,7.7,8.3,6.3,8.3,9.2,8.0,5.7,7.0,5.7,7.0,7.7,7.0,5.7,9.8,7.4,7.0,6.3,8.3,6.5,5.8,7.0,7.0,8.4,7.7,5.7,0.0,0.0,100.0,100.0,0.0,0.0,0.0,100.0,100.0,0.0,0.0,0.0,100.0,100.0,0.0,0.0,0.0,100.0,100.0,0.0,0.0,0.0,100.0,100.0,0.0,0.0,0.0,100.0,100.0,0.0,100.0,0.0,100.0,100.0,0.0,0.0,0.0,100.0,100.0,0.0,0.0,0.0,100.0,100.0,0.0,0.0,0.0,100.0
2026-02-04T15:17:47.394189,1499.3,2.5,65,93.4,234.1,2,7.7,10.3,61.5,7.7,48.3,5.2,7.7,8.4,8.4,7.7,7.7,7.0,7.6,8.5,9.9,8.3,8.3,7.7,8.3,7.7,7.7,7.7,11.1,7.0,8.5,7.7,7.7,9.1,7.7,14.1,8.5,7.0,7.8,7.7,7.6,7.0,8.4,6.7,8.5,7.7,7.7,8.4,7.7,7.0,7.6,7.0,7.7,7.0,0.0,0.0,100.0,100.0,0.0,0.0,0.0,100.0,100.0,0.0,0.0,0.0,100.0,0.0,0.0,0.0,0.0,100.0,100.0,0.0,0.0,0.0,100.0,0.0,0.0,0.0,0.0,100.0,100.0,0.0,0.0,0.0,100.0,100.0,0.0,0.0,0.0,100.0,100.0,0.0,0.0,0.0,100.0,100.0,0.0,0.0,0.0,100.0
2026-02-04T15:17:49.619135,1501.5,2.7,67,92.7,234.1,2,8.5,7.8,97.9,7.7,10.6,7.7,8.5,8.5,9.1,13.4,7.6,7.0,8.6,8.3,8.3,7.8,7.0,7.7,8.4,7.7,8.5,8.5,7.8,7.7,8.3,8.4,8.4,7.0,7.8,7.7,8.4,7.7,9.0,7.7,7.8,7.7,8.5,7.7,7.7,7.7,9.1,7.7,7.7,8.5,7.8,7.7,7.7,14.4,0.0,0.0,100.0,100.0,0.0,0.0,0.0,100.0,100.0,0.0,0.0,0.0,100.0,100.0,0.0,0.0,0.0,100.0,100.0,0.0,0.0,0.0,100.0,100.0,0.0,0.0,0.0,100.0,100.0,0.0,0.0,0.0,100.0,100.0,0.0,0.0,0.0,100.0,100.0,0.0,0.0,0.0,100.0,100.0,0.0,0.0,0.0,100.0
2026-02-04T15:17:51.844100,1503.7,2.7,67,92.7,234.1,2,8.5,7.0,98.6,7.7,9.8,7.8,7.7,7.7,7.8,8.5,8.4,7.7,7.0,8.3,9.9,7.7,7.8,7.0,7.7,7.0,8.5,7.0,7.0,7.7,7.0,7.0,7.0,9.1,7.0,7.0,7.7,7.0,7.0,7.7,7.0,7.0,12.7,7.7,7.0,7.0,8.5,7.0,7.0,8.4,9.1,7.0,7.0,5.6,0.0,0.0,100.0,100.0,0.0,0.0,0.0,100.0,100.0,0.0,0.0,0.0,100.0,100.0,0.0,0.0,0.0,100.0,100.0,0.0,0.0,0.0,100.0,100.0,0.0,0.0,0.0,100.0,100.0,0.0,0.0,0.0,100.0,100.0,0.0,0.0,0.0,100.0,100.0,0.0,0.0,0.0,100.0,100.0,0.0,0.0,0.0,100.0
2026-02-04T15:17:54.069180,1506.0,1.9,67,92.6,234.1,2,8.4,7.7,99.3,7.0,10.6,9.7,8.5,7.0,8.4,6.9,9.2,7.0,8.3,9.7,11.8,7.7,9.0,7.0,8.4,7.0,8.4,7.0,7.7,7.6,7.7,7.0,7.7,8.5,7.7,7.0,8.5,7.0,7.7,7.7,8.3,7.7,7.7,7.6,7.0,7.7,7.7,7.7,7.7,7.6,7.6,5.6,7.7,7.7,0.0,0.0,100.0,100.0,0.0,0.0,0.0,100.0,100.0,0.0,0.0,0.0,100.0,100.0,0.0,0.0,0.0,100.0,100.0,0.0,0.0,0.0,100.0,100.0,0.0,0.0,0.0,100.0,100.0,0.0,0.0,0.0,100.0,100.0,0.0,0.0,0.0,100.0,100.0,0.0,0.0,0.0,100.0,100.0,0.0,0.0,0.0,100.0
2026-02-04T15:17:56.294410,1508.2,3.5,69,123.7,234.1,2,7.7,7.0,97.9,7.0,6.3,7.8,9.0,7.0,8.4,6.4,7.6,7.0,6.3,10.4,7.0,6.3,7.1,6.3,6.4,7.0,8.5,6.3,7.0,6.3,7.0,7.0,7.0,7.7,7.7,6.3,6.3,7.0,7.0,6.3,6.9,6.3,7.0,6.3,7.7,7.0,7.0,6.3,6.3,7.1,14.1,6.4,7.0,6.3,0.0,0.0,100.0,100.0,0.0,0.0,0.0,100.0,100.0,0.0,100.0,0.0,100.0,100.0,0.0,0.0,0.0,100.0,100.0,0.0,0.0,0.0,100.0,100.0,0.0,0.0,0.0,100.0,100.0,0.0,0.0,0.0,100.0,100.0,0.0,0.0,0.0,100.0,100.0,0.0,100.0,0.0,100.0,100.0,0.0,0.0,0.0,100.0
2026-02-04T15:17:58.519755,1510.4,97.6,67,186.5,234.1,2,7.0,7.0,99.3,7.0,7.0,5.6,12.4,7.0,9.1,7.0,8.5,7.0,7.6,7.0,10.6,7.0,7.7,7.0,9.7,7.6,7.6,9.0,7.6,7.0,7.0,7.6,8.3,7.7,7.7,8.3,7.0,7.7,6.9,7.7,8.5,7.7,7.0,7.7,11.3,7.6,5.6,7.7,7.0,8.4,7.0,7.7,9.0,5.6,0.0,0.0,100.0,100.0,0.0,0.0,0.0,100.0,100.0,0.0,0.0,0.0,100.0,100.0,0.0,0.0,0.0,100.0,100.0,0.0,0.0,0.0,100.0,100.0,0.0,0.0,0.0,100.0,100.0,0.0,0.0,0.0,100.0,100.0,0.0,0.0,0.0,100.0,100.0,0.0,0.0,0.0,100.0,100.0,0.0,0.0,0.0,100.0
2026-02-04T15:18:00.775250,1512.6,2.4,12,5654.3,222.1,2,0.7,0.0,99.3,0.0,2.1,0.0,3.5,0.0,0.0,0.0,2.1,0.0,0.0,0.0,0.0,0.0,0.0,0.0,0.7,0.0,0.0,0.0,0.7,0.0,0.0,5.6,0.7,2.8,0.0,0.0,0.0,0.0,0.7,0.0,0.0,0.0,1.4,0.0,0.7,0.0,1.4,0.0,0.0,0.7,1.4,0.7,0.0,0.0,100.0,0.0,0.0,0.0,0.0,100.0,0.0,0.0,0.0,0.0,100.0,0.0,0.0,0.0,0.0,100.0,0.0,0.0,0.0,0.0,100.0,0.0,0.0,0.0,0.0,100.0,0.0,0.0,0.0,0.0,100.0,0.0,0.0,0.0,0.0,100.0,0.0,0.0,0.0,0.0,100.0,0.0,0.0,0.0,0.0,100.0,0.0,0.0
2026-02-04T15:18:03.000809,1514.9,2.4,48,92.6,234.1,2,9.0,6.2,98.0,6.2,6.2,5.9,11.0,12.4,8.2,7.6,8.3,6.9,6.9,6.2,6.9,6.2,6.9,6.2,7.6,6.2,6.8,6.2,7.6,6.9,6.2,7.7,6.2,6.9,6.2,6.9,7.5,6.9,7.0,6.9,6.9,6.9,7.0,6.6,6.2,7.6,6.9,6.9,6.2,6.3,6.9,7.6,6.9,6.9,0.0,0.0,0.0,0.0,0.0,0.0,0.0,0.0,0.0,0.0,0.0,0.0,0.0,0.0,0.0,0.0,0.0,0.0,0.0,0.0,0.0,0.0,0.0,0.0,0.0,0.0,0.0,0.0,0.0,0.0,0.0,0.0,0.0,0.0,0.0,0.0,0.0,0.0,0.0,0.0,0.0,0.0,0.0,0.0,0.0,0.0,0.0,0.0
2026-02-04T15:18:05.227175,1517.1,3.5,48,92.7,234.1,2,7.7,8.4,97.9,7.7,10.5,7.8,15.3,7.7,9.7,7.7,8.4,7.6,8.4,7.7,10.5,7.7,9.8,7.7,10.5,7.7,7.7,7.7,9.8,7.7,9.9,9.1,8.5,10.6,8.4,7.7,9.7,8.5,9.7,13.9,8.3,7.7,8.3,7.7,8.4,8.4,7.7,9.1,7.6,7.6,7.7,9.8,8.4,7.0,0.0,0.0,0.0,0.0,0.0,0.0,0.0,0.0,0.0,0.0,0.0,0.0,0.0,0.0,0.0,0.0,0.0,0.0,0.0,0.0,0.0,0.0,0.0,0.0,0.0,0.0,0.0,0.0,0.0,0.0,0.0,0.0,0.0,0.0,0.0,0.0,0.0,0.0,0.0,0.0,0.0,0.0,0.0,0.0,0.0,0.0,0.0,0.0
2026-02-04T15:18:07.451668,1519.3,2.1,48,93.2,234.1,2,6.3,7.7,97.9,13.1,9.9,7.7,11.0,14.5,9.2,8.6,8.5,10.5,7.8,13.1,9.9,13.4,7.8,7.7,7.8,13.1,7.8,13.1,9.1,8.6,10.1,9.0,9.1,9.9,7.7,13.1,9.2,12.9,7.7,14.5,9.9,14.3,8.5,7.7,9.2,14.1,7.8,7.7,7.9,7.7,7.1,7.6,7.7,13.1,0.0,0.0,0.0,0.0,0.0,0.0,0.0,0.0,0.0,0.0,0.0,0.0,0.0,0.0,0.0,0.0,0.0,0.0,0.0,0.0,0.0,0.0,0.0,0.0,0.0,0.0,0.0,0.0,0.0,0.0,0.0,0.0,0.0,0.0,0.0,0.0,0.0,0.0,0.0,0.0,0.0,0.0,0.0,0.0,0.0,0.0,0.0,0.0
2026-02-04T15:18:09.676981,1521.6,3.5,40,93.1,234.1,2,7.0,6.3,97.9,5.4,7.6,7.7,13.1,6.6,7.6,7.7,9.0,7.0,7.7,4.5,7.0,7.0,6.9,10.3,7.0,5.5,7.7,5.0,7.0,8.2,6.9,5.1,8.5,8.3,7.1,4.5,9.2,4.5,8.5,4.5,7.1,4.5,7.8,6.3,7.0,5.0,6.9,7.0,6.9,14.2,7.0,7.1,8.5,5.0,0.0,0.0,0.0,0.0,0.0,0.0,0.0,0.0,0.0,0.0,0.0,0.0,0.0,0.0,0.0,0.0,0.0,0.0,0.0,0.0,0.0,0.0,0.0,0.0,0.0,0.0,0.0,0.0,0.0,0.0,0.0,0.0,0.0,0.0,0.0,0.0,0.0,0.0,0.0,0.0,0.0,0.0,0.0,0.0,0.0,0.0,0.0,0.0
2026-02-04T15:18:11.902237,1523.8,2.5,48,123.4,234.1,2,7.8,8.4,98.6,7.7,8.4,6.9,11.0,6.2,7.0,7.6,7.8,8.5,8.5,9.6,9.2,7.0,7.0,7.0,7.7,7.0,7.6,7.0,13.4,7.0,7.7,7.7,7.7,9.8,7.0,7.0,8.4,7.0,7.0,7.0,7.0,7.0,7.0,7.7,7.0,7.7,7.1,7.0,7.7,7.0,8.4,7.0,7.0,7.0,0.0,0.0,0.0,0.0,0.0,0.0,0.0,0.0,0.0,0.0,0.0,0.0,0.0,0.0,0.0,0.0,0.0,0.0,0.0,0.0,0.0,0.0,0.0,0.0,0.0,0.0,0.0,0.0,0.0,0.0,0.0,0.0,0.0,0.0,0.0,0.0,0.0,0.0,0.0,0.0,0.0,0.0,0.0,0.0,0.0,0.0,0.0,0.0
2026-02-04T15:18:14.126980,1526.0,2.7,47,93.4,234.1,2,7.0,7.1,97.9,7.0,7.9,8.4,9.0,9.0,9.0,7.0,13.6,6.3,7.7,5.0,10.4,6.3,7.0,7.0,6.9,7.7,8.5,7.7,6.3,7.0,7.0,6.3,7.0,9.8,7.0,7.0,9.2,7.0,8.3,7.0,7.0,7.0,7.0,7.0,7.7,6.3,7.0,7.0,7.0,7.7,7.7,7.0,8.5,7.0,0.0,0.0,0.0,0.0,0.0,0.0,0.0,0.0,0.0,0.0,0.0,0.0,0.0,0.0,0.0,0.0,0.0,0.0,0.0,0.0,0.0,0.0,0.0,0.0,0.0,0.0,0.0,0.0,0.0,0.0,0.0,0.0,0.0,0.0,0.0,0.0,0.0,0.0,0.0,0.0,0.0,0.0,0.0,0.0,0.0,0.0,0.0,0.0
2026-02-04T15:18:16.351750,1528.2,1.9,48,93.4,234.1,2,9.0,8.3,98.6,7.7,9.7,7.7,9.1,6.7,8.3,8.4,7.5,7.7,7.6,7.7,7.7,7.7,7.7,7.7,7.8,8.3,7.6,7.7,8.4,7.7,7.7,8.3,7.7,10.5,7.7,8.3,8.3,7.7,8.5,7.7,9.7,7.7,7.7,7.7,7.7,7.7,7.7,7.6,7.6,8.4,7.7,7.7,8.4,8.3,0.0,0.0,0.0,0.0,0.0,0.0,0.0,0.0,0.0,0.0,0.0,0.0,0.0,0.0,0.0,0.0,0.0,0.0,0.0,0.0,0.0,0.0,0.0,0.0,0.0,0.0,0.0,0.0,0.0,0.0,0.0,0.0,0.0,0.0,0.0,0.0,0.0,0.0,0.0,0.0,0.0,0.0,0.0,0.0,0.0,0.0,0.0,0.0
2026-02-04T15:18:18.576289,1530.5,2.3,48,93.2,234.1,2,9.1,7.7,97.2,7.7,9.1,8.4,8.5,7.7,8.5,8.5,15.4,7.7,9.2,7.7,7.7,8.3,9.8,8.4,7.7,7.7,7.8,7.7,7.7,7.7,7.7,9.1,7.7,9.9,8.5,7.7,7.8,7.7,8.4,7.7,9.0,7.7,8.4,7.7,8.4,7.7,7.7,7.7,7.8,8.4,8.5,7.7,9.1,7.7,0.0,0.0,0.0,0.0,0.0,0.0,0.0,0.0,0.0,0.0,0.0,0.0,0.0,0.0,0.0,0.0,0.0,0.0,0.0,0.0,0.0,0.0,0.0,0.0,0.0,0.0,0.0,0.0,0.0,0.0,0.0,0.0,0.0,0.0,0.0,0.0,0.0,0.0,0.0,0.0,0.0,0.0,0.0,0.0,0.0,0.0,0.0,0.0
2026-02-04T15:18:20.801126,1532.7,2.1,48,92.3,234.1,2,7.7,7.0,98.6,7.0,9.9,7.9,7.7,6.4,9.9,6.2,7.7,6.2,6.9,7.0,8.4,7.7,6.9,6.9,7.0,6.9,7.7,6.3,7.7,7.0,7.0,6.3,7.6,9.1,7.7,6.3,6.9,6.3,7.7,6.3,9.7,6.3,14.0,6.3,7.7,7.0,7.7,7.0,7.6,6.3,7.0,7.7,10.5,6.3,0.0,0.0,0.0,0.0,0.0,0.0,0.0,0.0,0.0,0.0,0.0,0.0,0.0,0.0,0.0,0.0,0.0,0.0,0.0,0.0,0.0,0.0,0.0,0.0,0.0,0.0,0.0,0.0,0.0,0.0,0.0,0.0,0.0,0.0,0.0,0.0,0.0,0.0,0.0,0.0,0.0,0.0,0.0,0.0,0.0,0.0,0.0,0.0
2026-02-04T15:18:23.058567,1534.9,36.7,48,123.7,234.1,2,7.7,7.7,97.9,8.4,9.1,7.6,7.7,9.0,6.9,8.5,8.5,7.8,7.7,7.0,8.5,7.7,7.1,7.7,8.4,7.0,8.2,8.5,7.7,7.7,7.7,7.7,7.7,9.1,7.7,7.0,8.5,7.7,8.4,7.7,10.3,7.7,8.4,9.2,9.0,9.1,9.1,7.7,7.1,7.7,8.4,7.7,9.1,7.7,0.0,0.0,0.0,0.0,0.0,0.0,0.0,0.0,0.0,0.0,0.0,0.0,0.0,0.0,0.0,0.0,0.0,0.0,0.0,0.0,0.0,0.0,0.0,0.0,0.0,0.0,0.0,0.0,0.0,0.0,0.0,0.0,0.0,0.0,0.0,0.0,0.0,0.0,0.0,0.0,0.0,0.0,0.0,0.0,0.0,0.0,0.0,0.0
2026-02-04T15:18:25.294825,1537.2,18.7,1,10844.3,222.1,2,2.1,2.1,99.3,2.1,4.9,1.4,2.8,1.4,2.1,1.4,3.4,1.4,1.4,1.4,2.1,1.4,3.4,1.4,2.1,1.4,1.4,1.4,1.4,1.4,2.7,1.4,1.4,4.2,1.4,1.4,2.8,1.4,2.1,2.1,4.1,1.4,2.8,2.1,2.1,1.4,1.4,2.1,1.4,1.4,1.4,2.1,4.1,2.1,0.0,0.0,0.0,0.0,0.0,0.0,0.0,0.0,0.0,0.0,0.0,0.0,0.0,0.0,0.0,0.0,0.0,0.0,0.0,0.0,0.0,0.0,0.0,0.0,0.0,0.0,0.0,0.0,0.0,0.0,0.0,0.0,0.0,0.0,0.0,0.0,0.0,0.0,0.0,0.0,0.0,0.0,0.0,0.0,0.0,0.0,0.0,0.0
2026-02-04T15:18:27.519581,1539.4,2.0,48,62.3,234.1,2,7.7,6.3,98.6,6.4,8.3,7.0,7.6,7.0,7.7,6.4,6.3,6.4,7.0,6.8,6.3,6.4,9.0,6.4,6.4,6.4,6.4,6.4,6.4,6.4,6.3,6.4,6.3,7.7,6.3,6.4,6.3,6.4,5.6,6.4,6.3,6.4,7.0,6.3,6.3,6.4,6.4,6.3,6.4,7.0,12.1,6.4,6.3,6.4,0.0,0.0,0.0,0.0,0.0,0.0,0.0,0.0,0.0,0.0,0.0,0.0,0.0,0.0,0.0,0.0,0.0,0.0,0.0,0.0,0.0,0.0,0.0,0.0,0.0,0.0,0.0,0.0,0.0,0.0,0.0,0.0,0.0,0.0,0.0,0.0,0.0,0.0,0.0,0.0,0.0,0.0,0.0,0.0,0.0,0.0,0.0,0.0
2026-02-04T15:18:29.692647,1541.6,33.1,48,0.0,188.1,1,39.9,66.7,88.2,60.0,77.1,61.1,67.8,64.8,68.1,57.9,64.8,65.8,65.5,58.4,66.7,61.4,60.8,62.1,64.8,64.6,63.7,60.7,65.5,62.8,66.0,65.1,66.7,64.3,65.5,63.4,67.4,61.0,67.4,63.4,67.4,62.8,64.6,61.1,68.1,60.0,61.4,60.4,61.4,59.0,60.7,61.0,66.7,57.2,0.0,0.0,0.0,0.0,0.0,0.0,0.0,0.0,0.0,0.0,0.0,0.0,0.0,0.0,0.0,0.0,0.0,0.0,0.0,0.0,0.0,0.0,0.0,0.0,0.0,0.0,0.0,0.0,0.0,0.0,0.0,0.0,0.0,0.0,0.0,0.0,0.0,0.0,0.0,0.0,0.0,0.0,0.0,0.0,0.0,0.0,0.0,0.0
2026-02-04T15:18:31.862349,1543.8,63.5,48,0.0,188.1,1,42.4,41.3,76.1,42.4,43.9,38.8,43.3,40.7,44.8,41.0,44.8,38.8,45.5,41.1,44.0,41.0,45.3,39.6,44.4,41.8,42.5,41.8,43.0,41.0,42.5,42.5,42.5,41.7,42.6,41.0,43.3,42.5,42.5,45.0,42.1,42.2,41.8,43.3,43.0,41.2,43.9,40.1,43.4,39.9,41.3,45.2,41.6,42.5,0.0,0.0,0.0,0.0,0.0,0.0,0.0,0.0,0.0,0.0,0.0,0.0,0.0,0.0,0.0,0.0,0.0,0.0,0.0,0.0,0.0,0.0,0.0,0.0,0.0,0.0,0.0,0.0,0.0,0.0,0.0,0.0,0.0,0.0,0.0,0.0,0.0,0.0,0.0,0.0,0.0,0.0,0.0,0.0,0.0,0.0,0.0,0.0
2026-02-04T15:18:34.028128,1546.0,100.0,48,0.0,188.1,1,24.8,23.0,84.9,35.5,25.2,23.4,29.7,22.4,23.6,22.4,22.4,24.5,23.6,24.3,23.1,21.0,22.4,21.0,23.4,21.7,23.1,20.8,22.4,22.4,23.1,20.3,23.1,21.0,23.9,20.3,25.0,21.7,22.9,23.9,23.2,23.6,22.4,21.7,28.7,22.7,25.0,23.6,24.5,24.8,25.2,21.7,26.1,22.4,0.0,0.0,0.0,0.0,0.0,0.0,0.0,0.0,0.0,0.0,0.0,0.0,0.0,0.0,0.0,0.0,0.0,0.0,0.0,0.0,0.0,0.0,0.0,0.0,0.0,0.0,0.0,0.0,0.0,0.0,0.0,0.0,0.0,0.0,0.0,0.0,0.0,0.0,0.0,0.0,0.0,0.0,0.0,0.0,0.0,0.0,0.0,0.0
2026-02-04T15:18:36.195841,1548.1,2.8,48,0.0,188.1,1,12.2,11.5,71.4,17.4,13.6,11.7,12.2,12.4,12.1,11.6,12.2,10.8,13.5,14.3,13.8,12.3,13.1,11.7,12.4,10.9,41.7,12.3,12.9,10.9,12.3,12.4,18.1,12.2,12.4,11.7,11.6,11.7,11.6,11.7,12.3,11.7,13.7,11.6,13.8,11.7,11.6,11.7,11.7,11.5,11.5,12.2,13.0,12.3,0.0,0.0,0.0,0.0,0.0,0.0,0.0,0.0,0.0,0.0,0.0,0.0,0.0,0.0,0.0,0.0,0.0,0.0,0.0,0.0,0.0,0.0,0.0,0.0,0.0,0.0,0.0,0.0,0.0,0.0,0.0,0.0,0.0,0.0,0.0,0.0,0.0,0.0,0.0,0.0,0.0,0.0,0.0,0.0,0.0,0.0,0.0,0.0
2026-02-04T15:18:38.365184,1550.3,1.1,48,0.0,188.1,1,15.8,14.3,48.9,15.0,15.0,13.6,15.7,14.3,15.7,14.3,16.4,14.5,16.5,14.2,16.4,13.6,14.9,13.6,14.2,13.5,23.0,14.2,17.0,14.2,15.0,14.3,15.7,15.8,16.2,13.5,15.0,13.5,14.3,12.1,15.0,13.6,15.7,13.7,13.5,15.7,14.3,14.2,14.2,15.2,15.1,14.3,20.6,14.2,0.0,0.0,0.0,0.0,0.0,0.0,0.0,0.0,0.0,0.0,0.0,0.0,0.0,0.0,0.0,0.0,0.0,0.0,0.0,0.0,0.0,0.0,0.0,0.0,0.0,0.0,0.0,0.0,0.0,0.0,0.0,0.0,0.0,0.0,0.0,0.0,0.0,0.0,0.0,0.0,0.0,0.0,0.0,0.0,0.0,0.0,0.0,0.0
2026-02-04T15:18:40.533619,1552.5,2.6,48,0.0,188.1,1,15.2,13.8,59.3,14.5,19.8,54.6,15.8,17.8,14.5,14.5,15.2,13.7,14.5,14.6,15.9,14.4,15.3,16.8,15.2,16.5,16.7,15.0,15.3,13.9,15.2,15.1,15.2,15.2,18.4,17.9,16.5,18.9,15.2,13.9,14.6,19.6,19.8,14.4,15.2,17.8,15.3,13.8,13.9,14.4,15.2,15.3,14.6,19.8,0.0,0.0,0.0,0.0,0.0,0.0,0.0,0.0,0.0,0.0,0.0,0.0,0.0,0.0,0.0,0.0,0.0,0.0,0.0,0.0,0.0,0.0,0.0,0.0,0.0,0.0,0.0,0.0,0.0,0.0,0.0,0.0,0.0,0.0,0.0,0.0,0.0,0.0,0.0,0.0,0.0,0.0,0.0,0.0,0.0,0.0,0.0,0.0
2026-02-04T15:18:42.700910,1554.7,1.9,48,0.0,188.1,1,18.0,59.7,50.0,14.5,12.9,17.4,15.9,11.2,14.4,16.5,16.4,15.1,15.0,20.8,14.3,15.1,15.0,13.7,15.1,13.4,13.4,17.3,15.1,14.4,15.2,13.8,15.9,15.0,14.6,11.8,15.2,12.9,17.4,14.4,14.9,12.4,11.8,15.2,15.2,11.8,15.8,14.5,14.4,14.4,14.3,15.8,14.4,12.9,0.0,0.0,0.0,0.0,0.0,0.0,0.0,0.0,0.0,0.0,0.0,0.0,0.0,0.0,0.0,0.0,0.0,0.0,0.0,0.0,0.0,0.0,0.0,0.0,0.0,0.0,0.0,0.0,0.0,0.0,0.0,0.0,0.0,0.0,0.0,0.0,0.0,0.0,0.0,0.0,0.0,0.0,0.0,0.0,0.0,0.0,0.0,0.0
2026-02-04T15:18:44.957705,1556.8,2.8,48,92.7,221.6,2,15.2,15.1,99.3,15.1,14.4,15.9,15.8,15.9,15.2,15.9,17.9,15.6,15.9,11.3,14.4,14.5,14.4,15.2,15.7,14.4,14.4,14.4,15.1,14.8,15.2,14.9,14.4,15.8,14.5,16.3,16.7,15.1,15.1,15.1,14.6,15.1,14.4,15.2,14.4,15.1,14.4,14.4,14.4,14.4,14.4,14.5,14.4,14.4,0.0,0.0,0.0,0.0,0.0,0.0,0.0,0.0,0.0,0.0,0.0,0.0,0.0,0.0,0.0,0.0,0.0,0.0,0.0,0.0,0.0,0.0,0.0,0.0,0.0,0.0,0.0,0.0,0.0,0.0,0.0,0.0,0.0,0.0,0.0,0.0,0.0,0.0,0.0,0.0,0.0,0.0,0.0,0.0,0.0,0.0,0.0,0.0
2026-02-04T15:18:47.182665,1559.1,0.3,48,92.9,225.7,2,13.1,13.9,32.9,13.2,59.0,13.9,15.6,13.8,14.6,13.7,17.2,14.6,15.2,15.2,16.0,13.9,14.5,13.8,14.6,13.9,14.5,14.6,13.9,13.5,14.4,14.6,14.6,15.9,14.5,13.9,15.1,13.9,14.5,13.9,13.7,13.9,13.9,14.5,14.5,13.9,14.5,14.6,14.6,14.6,15.1,13.8,13.9,13.2,0.0,0.0,0.0,0.0,0.0,0.0,0.0,0.0,0.0,0.0,0.0,0.0,0.0,0.0,0.0,0.0,0.0,0.0,0.0,0.0,0.0,0.0,0.0,0.0,0.0,0.0,0.0,0.0,0.0,0.0,0.0,0.0,0.0,0.0,0.0,0.0,0.0,0.0,0.0,0.0,0.0,0.0,0.0,0.0,0.0,0.0,0.0,0.0
2026-02-04T15:18:49.407969,1561.3,2.6,48,92.8,225.7,2,15.2,14.2,17.9,14.1,17.5,31.9,13.2,14.8,14.6,14.8,19.6,15.5,14.2,14.1,14.7,13.8,14.9,15.4,15.5,14.8,15.3,14.1,16.1,16.0,14.8,14.1,15.3,16.0,15.5,14.8,16.9,14.1,14.8,14.8,16.2,15.4,14.1,14.8,14.6,14.1,14.1,13.9,14.1,14.9,14.8,14.6,14.1,64.6,0.0,0.0,0.0,0.0,0.0,0.0,0.0,0.0,0.0,0.0,0.0,0.0,0.0,0.0,0.0,0.0,0.0,0.0,0.0,0.0,0.0,0.0,0.0,0.0,0.0,0.0,0.0,0.0,0.0,0.0,0.0,0.0,0.0,0.0,0.0,0.0,0.0,0.0,0.0,0.0,0.0,0.0,0.0,0.0,0.0,0.0,0.0,0.0
2026-02-04T15:18:51.631563,1563.5,0.7,48,93.1,226.1,2,14.9,14.0,66.4,13.3,14.7,44.7,14.2,14.7,14.1,14.1,16.6,13.3,14.7,14.0,14.0,14.2,14.0,15.3,13.3,14.7,14.7,14.0,14.1,14.1,14.7,15.9,14.0,16.9,14.6,14.0,14.0,13.3,14.6,14.6,15.5,15.4,14.0,15.5,15.9,14.5,14.8,14.8,14.0,13.3,14.8,13.6,14.0,14.0,0.0,0.0,0.0,0.0,0.0,0.0,0.0,0.0,0.0,0.0,0.0,0.0,0.0,0.0,0.0,0.0,0.0,0.0,0.0,0.0,0.0,0.0,0.0,0.0,0.0,0.0,0.0,0.0,0.0,0.0,0.0,0.0,0.0,0.0,0.0,0.0,0.0,0.0,0.0,0.0,0.0,0.0,0.0,0.0,0.0,0.0,0.0,0.0
2026-02-04T15:18:53.855660,1565.8,3.4,48,8681.4,218.3,2,8.4,7.0,7.7,7.0,7.6,7.0,55.6,7.0,7.0,7.0,8.5,7.7,7.0,7.0,7.0,7.0,7.6,7.0,7.0,9.2,7.1,8.3,7.0,11.0,7.0,7.0,7.0,8.5,7.7,7.0,7.7,7.0,9.9,7.7,7.0,7.0,7.0,7.0,6.9,8.3,7.0,7.0,7.0,7.0,7.7,7.7,9.9,7.0,0.0,0.0,0.0,0.0,0.0,0.0,0.0,0.0,0.0,0.0,0.0,0.0,0.0,0.0,0.0,0.0,0.0,0.0,0.0,0.0,0.0,0.0,0.0,0.0,0.0,0.0,0.0,0.0,0.0,0.0,0.0,0.0,0.0,0.0,0.0,0.0,0.0,0.0,0.0,0.0,0.0,0.0,0.0,0.0,0.0,0.0,0.0,0.0
2026-02-04T15:18:56.080008,1568.0,2.2,48,93.4,223.6,2,13.2,13.4,21.9,51.0,18.8,12.6,14.8,14.0,17.0,12.7,12.9,14.0,15.3,15.2,15.6,13.4,14.1,14.0,13.4,12.7,13.3,12.1,14.7,10.3,13.9,13.4,13.4,16.0,14.0,13.4,14.7,14.7,14.7,13.4,13.3,14.1,13.4,12.7,14.0,18.1,11.9,16.1,13.3,14.7,14.0,14.1,14.8,13.3,0.0,0.0,0.0,0.0,0.0,0.0,0.0,0.0,0.0,0.0,0.0,0.0,0.0,0.0,0.0,0.0,0.0,0.0,0.0,0.0,0.0,0.0,0.0,0.0,0.0,0.0,0.0,0.0,0.0,0.0,0.0,0.0,0.0,0.0,0.0,0.0,0.0,0.0,0.0,0.0,0.0,0.0,0.0,0.0,0.0,0.0,0.0,0.0
2026-02-04T15:18:58.305208,1570.2,1.9,48,92.8,224.0,2,15.5,14.0,66.7,27.7,14.8,14.1,14.8,12.6,14.1,14.6,14.4,13.3,15.0,11.9,14.6,13.3,13.4,15.5,13.4,14.6,13.3,14.1,13.9,14.8,13.5,14.7,13.3,16.2,13.3,14.0,13.4,13.9,14.1,32.6,14.7,15.3,14.6,13.3,14.1,13.3,14.1,14.0,13.4,13.3,13.4,12.6,14.0,13.9,0.0,0.0,0.0,0.0,0.0,0.0,0.0,0.0,0.0,0.0,0.0,0.0,0.0,0.0,0.0,0.0,0.0,0.0,0.0,0.0,0.0,0.0,0.0,0.0,0.0,0.0,0.0,0.0,0.0,0.0,0.0,0.0,0.0,0.0,0.0,0.0,0.0,0.0,0.0,0.0,0.0,0.0,0.0,0.0,0.0,0.0,0.0,0.0
2026-02-04T15:19:00.532079,1572.4,98.0,48,93.3,226.2,2,15.2,14.7,19.9,14.7,67.8,14.0,15.3,14.0,14.7,14.7,13.1,14.7,14.6,13.3,15.4,13.9,14.7,14.7,14.7,13.9,14.1,14.0,14.8,13.3,18.9,13.3,14.0,16.7,14.8,14.0,16.8,14.0,14.6,45.1,14.0,15.3,13.3,14.6,14.0,14.7,15.3,15.9,14.7,15.4,14.0,14.0,14.0,17.9,0.0,0.0,0.0,0.0,0.0,0.0,0.0,0.0,0.0,0.0,0.0,0.0,0.0,0.0,0.0,0.0,0.0,0.0,0.0,0.0,0.0,0.0,0.0,0.0,0.0,0.0,0.0,0.0,0.0,0.0,0.0,0.0,0.0,0.0,0.0,0.0,0.0,0.0,0.0,0.0,0.0,0.0,0.0,0.0,0.0,0.0,0.0,0.0
2026-02-04T15:19:02.756565,1574.7,2.1,48,93.3,224.7,2,14.8,6.3,44.1,9.2,60.6,6.4,8.4,7.1,7.0,7.0,7.0,7.0,9.0,7.0,11.1,7.1,7.1,8.3,8.3,9.1,9.0,7.1,8.5,7.1,8.4,7.1,8.5,7.7,7.7,7.7,7.7,7.1,8.5,7.1,8.4,7.8,7.0,7.7,7.1,6.4,7.0,9.2,7.1,8.4,7.0,8.4,7.1,7.1,0.0,0.0,0.0,0.0,0.0,0.0,0.0,0.0,0.0,0.0,0.0,0.0,0.0,0.0,0.0,0.0,0.0,0.0,0.0,0.0,0.0,0.0,0.0,0.0,0.0,0.0,0.0,0.0,0.0,0.0,0.0,0.0,0.0,0.0,0.0,0.0,0.0,0.0,0.0,0.0,0.0,0.0,0.0,0.0,0.0,0.0,0.0,0.0
2026-02-04T15:19:04.981389,1576.9,2.7,48,124.5,228.5,2,12.7,69.9,37.2,31.0,16.8,16.1,17.5,16.1,16.2,16.3,16.2,16.9,16.3,16.3,18.4,16.1,16.1,16.3,16.3,19.9,16.3,16.1,19.9,15.4,16.2,16.8,16.0,17.6,17.6,16.1,16.9,16.1,17.6,15.4,16.3,15.4,16.2,16.3,16.1,14.7,16.2,16.3,16.1,16.2,16.3,16.3,16.1,16.8,0.0,0.0,0.0,0.0,0.0,0.0,0.0,0.0,0.0,0.0,0.0,0.0,0.0,0.0,0.0,0.0,0.0,0.0,0.0,0.0,0.0,0.0,0.0,0.0,0.0,0.0,0.0,0.0,0.0,0.0,0.0,0.0,0.0,0.0,0.0,0.0,0.0,0.0,0.0,0.0,0.0,0.0,0.0,0.0,0.0,0.0,0.0,0.0
2026-02-04T15:19:07.237459,1579.1,2.4,48,92.5,225.8,2,10.3,56.6,15.3,49.6,8.6,7.0,6.9,8.0,7.8,6.3,9.3,9.2,7.7,6.3,6.3,7.0,7.6,7.0,7.0,7.7,7.0,6.3,6.9,6.3,7.7,6.3,7.0,7.7,7.0,7.0,7.7,7.0,9.7,10.6,9.0,6.3,7.0,7.0,7.7,6.3,6.3,7.0,7.7,7.0,8.4,7.0,8.5,6.3,0.0,0.0,0.0,0.0,0.0,0.0,0.0,0.0,0.0,0.0,0.0,0.0,0.0,0.0,0.0,0.0,0.0,0.0,0.0,0.0,0.0,0.0,0.0,0.0,0.0,0.0,0.0,0.0,0.0,0.0,0.0,0.0,0.0,0.0,0.0,0.0,0.0,0.0,0.0,0.0,0.0,0.0,0.0,0.0,0.0,0.0,0.0,0.0
2026-02-04T15:19:09.463927,1581.4,0.0,48,93.0,227.6,2,15.9,23.6,26.3,16.0,70.5,13.8,15.3,12.1,15.1,18.5,12.3,16.0,14.6,15.2,14.5,14.5,14.6,13.8,16.4,18.9,15.2,14.5,16.0,14.5,14.6,13.8,16.0,16.0,15.3,13.8,15.2,13.9,14.6,15.2,16.1,13.8,15.3,15.2,16.0,14.5,15.2,13.8,16.3,16.7,13.8,15.2,18.5,15.2,0.0,0.0,0.0,0.0,0.0,0.0,0.0,0.0,0.0,0.0,0.0,0.0,0.0,0.0,0.0,0.0,0.0,0.0,0.0,0.0,0.0,0.0,0.0,0.0,0.0,0.0,0.0,0.0,0.0,0.0,0.0,0.0,0.0,0.0,0.0,0.0,0.0,0.0,0.0,0.0,0.0,0.0,0.0,0.0,0.0,0.0,0.0,0.0
2026-02-04T15:19:11.689808,1583.6,2.4,48,92.5,225.8,2,6.3,60.8,19.2,7.0,9.1,8.6,7.9,7.0,7.1,7.7,7.7,7.0,7.7,8.5,9.9,7.6,7.7,7.0,7.4,8.5,7.7,11.2,7.0,7.7,8.4,7.0,7.7,7.7,7.0,7.6,7.7,7.0,8.3,7.0,7.7,7.0,7.0,7.8,7.0,7.7,7.0,7.7,7.0,7.7,6.9,7.0,7.0,7.7,0.0,0.0,0.0,0.0,0.0,0.0,0.0,0.0,0.0,0.0,0.0,0.0,0.0,0.0,0.0,0.0,0.0,0.0,0.0,0.0,0.0,0.0,0.0,0.0,0.0,0.0,0.0,0.0,0.0,0.0,0.0,0.0,0.0,0.0,0.0,0.0,0.0,0.0,0.0,0.0,0.0,0.0,0.0,0.0,0.0,0.0,0.0,0.0
2026-02-04T15:19:13.914589,1585.8,2.4,48,93.0,228.5,2,15.4,18.4,36.1,74.8,14.1,13.8,15.9,14.1,14.0,14.0,16.8,13.4,14.1,13.9,14.7,13.0,14.7,14.1,14.2,16.4,13.4,14.1,15.4,14.0,14.8,13.3,15.4,14.1,14.8,16.6,15.5,13.7,14.7,13.8,18.1,15.0,14.8,14.7,14.1,14.5,14.6,13.9,13.9,14.1,18.3,13.8,14.4,14.5,0.0,0.0,0.0,0.0,0.0,0.0,0.0,0.0,0.0,0.0,0.0,0.0,0.0,0.0,0.0,0.0,0.0,0.0,0.0,0.0,0.0,0.0,0.0,0.0,0.0,0.0,0.0,0.0,0.0,0.0,0.0,0.0,0.0,0.0,0.0,0.0,0.0,0.0,0.0,0.0,0.0,0.0,0.0,0.0,0.0,0.0,0.0,0.0
2026-02-04T15:19:16.140810,1588.0,0.3,48,2003.6,240.9,2,9.1,7.0,51.7,6.8,8.5,8.4,9.2,7.0,7.7,7.0,10.1,7.0,6.9,6.8,7.7,7.7,7.8,8.4,7.0,6.8,7.7,7.7,8.5,7.7,7.0,7.7,7.8,9.1,10.1,11.6,8.5,6.8,7.7,6.8,7.8,6.8,7.0,8.5,7.7,6.8,7.8,7.1,7.8,7.7,7.7,6.8,6.8,6.8,0.0,0.0,0.0,0.0,0.0,0.0,0.0,0.0,0.0,0.0,0.0,0.0,0.0,0.0,0.0,0.0,0.0,0.0,0.0,0.0,0.0,0.0,0.0,0.0,0.0,0.0,0.0,0.0,0.0,0.0,0.0,0.0,0.0,0.0,0.0,0.0,0.0,0.0,0.0,0.0,0.0,0.0,0.0,0.0,0.0,0.0,0.0,0.0
2026-02-04T15:19:18.365891,1590.3,1.9,48,93.4,227.6,2,16.0,15.5,96.5,14.0,15.4,14.1,14.7,14.0,15.4,14.0,15.3,15.5,14.9,14.7,15.5,14.1,12.6,14.7,16.3,14.0,17.5,17.5,16.0,14.7,16.7,15.9,15.3,16.7,14.1,17.2,14.0,14.7,16.3,14.0,16.0,14.0,14.8,14.0,14.7,14.0,14.7,14.7,14.7,14.7,16.2,14.0,15.4,14.7,0.0,0.0,0.0,0.0,0.0,0.0,0.0,0.0,0.0,0.0,0.0,0.0,0.0,0.0,0.0,0.0,0.0,0.0,0.0,0.0,0.0,0.0,0.0,0.0,0.0,0.0,0.0,0.0,0.0,0.0,0.0,0.0,0.0,0.0,0.0,0.0,0.0,0.0,0.0,0.0,0.0,0.0,0.0,0.0,0.0,0.0,0.0,0.0
2026-02-04T15:19:20.591662,1592.5,2.5,48,124.3,234.9,2,7.0,61.1,51.0,7.0,8.4,6.3,7.8,7.0,7.7,7.7,7.0,9.0,7.0,7.0,8.4,7.0,6.9,7.0,6.9,7.0,6.2,7.0,7.1,8.4,7.0,7.0,7.0,8.4,7.1,8.3,8.4,7.0,7.7,6.3,7.0,7.0,6.3,7.0,6.3,7.0,7.0,7.0,6.3,7.7,9.8,7.0,7.7,6.3,0.0,0.0,0.0,0.0,0.0,0.0,0.0,0.0,0.0,0.0,0.0,0.0,0.0,0.0,0.0,0.0,0.0,0.0,0.0,0.0,0.0,0.0,0.0,0.0,0.0,0.0,0.0,0.0,0.0,0.0,0.0,0.0,0.0,0.0,0.0,0.0,0.0,0.0,0.0,0.0,0.0,0.0,0.0,0.0,0.0,0.0,0.0,0.0
2026-02-04T15:19:22.815546,1594.7,0.3,48,93.3,228.5,2,14.0,20.0,74.1,14.1,15.5,13.4,17.5,14.6,14.0,16.9,14.7,18.4,15.3,14.8,14.2,16.7,14.2,16.3,14.1,14.7,13.5,18.2,14.7,14.7,14.9,14.7,14.9,16.8,14.8,19.2,14.9,14.7,15.6,13.3,14.1,14.0,14.2,14.8,13.4,14.7,14.0,14.1,14.0,14.7,13.4,14.1,14.0,14.7,0.0,0.0,0.0,0.0,0.0,0.0,0.0,0.0,0.0,0.0,0.0,0.0,0.0,0.0,0.0,0.0,0.0,0.0,0.0,0.0,0.0,0.0,0.0,0.0,0.0,0.0,0.0,0.0,0.0,0.0,0.0,0.0,0.0,0.0,0.0,0.0,0.0,0.0,0.0,0.0,0.0,0.0,0.0,0.0,0.0,0.0,0.0,0.0
2026-02-04T15:19:25.045356,1596.9,1.9,48,216.7,240.5,2,9.9,6.9,64.8,8.4,7.7,7.6,8.4,6.5,8.5,6.5,8.4,7.6,8.3,10.5,7.7,6.5,8.3,7.0,7.0,7.0,7.7,7.7,8.4,7.0,7.0,7.0,7.6,9.2,8.4,12.3,7.0,7.0,7.6,7.0,7.0,7.0,7.7,7.0,7.7,7.0,7.0,7.7,11.3,7.7,7.0,7.0,7.7,7.0,0.0,0.0,0.0,0.0,0.0,0.0,0.0,0.0,0.0,0.0,0.0,0.0,0.0,0.0,0.0,0.0,0.0,0.0,0.0,0.0,0.0,0.0,0.0,0.0,0.0,0.0,0.0,0.0,0.0,0.0,0.0,0.0,0.0,0.0,0.0,0.0,0.0,0.0,0.0,0.0,0.0,0.0,0.0,0.0,0.0,0.0,0.0,0.0
2026-02-04T15:19:27.270468,1599.2,0.0,48,92.7,227.6,2,15.5,14.2,26.4,13.3,14.6,15.5,15.3,14.0,15.5,18.2,14.8,14.2,16.2,9.9,16.9,13.3,14.8,14.0,15.5,13.3,15.4,14.6,14.7,13.3,15.4,14.0,14.7,14.0,15.5,16.6,16.8,12.6,15.4,14.7,14.0,14.7,14.0,14.6,13.3,14.7,13.3,14.0,13.3,14.9,14.9,15.4,15.4,17.5,0.0,0.0,0.0,0.0,0.0,0.0,0.0,0.0,0.0,0.0,0.0,0.0,0.0,0.0,0.0,0.0,0.0,0.0,0.0,0.0,0.0,0.0,0.0,0.0,0.0,0.0,0.0,0.0,0.0,0.0,0.0,0.0,0.0,0.0,0.0,0.0,0.0,0.0,0.0,0.0,0.0,0.0,0.0,0.0,0.0,0.0,0.0,0.0
2026-02-04T15:19:29.530388,1601.4,2.2,48,11297.3,219.0,2,9.0,8.3,71.6,6.3,7.0,7.7,8.5,8.5,9.9,7.7,8.2,6.9,7.7,7.0,9.0,7.7,7.7,7.0,7.7,7.0,7.0,7.0,7.7,10.6,7.7,8.5,7.7,9.1,7.7,7.1,7.0,7.7,9.9,8.4,8.4,7.7,7.7,7.7,7.7,7.7,7.7,8.4,7.7,7.6,7.0,7.7,9.0,7.0,0.0,0.0,0.0,0.0,0.0,0.0,0.0,0.0,0.0,0.0,0.0,0.0,0.0,0.0,0.0,0.0,0.0,0.0,0.0,0.0,0.0,0.0,0.0,0.0,0.0,0.0,0.0,0.0,0.0,0.0,0.0,0.0,0.0,0.0,0.0,0.0,0.0,0.0,0.0,0.0,0.0,0.0,0.0,0.0,0.0,0.0,0.0,0.0
2026-02-04T15:19:31.756004,1603.6,1.3,48,92.9,228.7,2,15.2,14.6,21.5,15.2,15.9,13.8,15.3,13.0,11.7,15.2,15.1,15.3,15.2,13.8,20.5,20.5,17.7,15.1,14.6,14.5,14.5,14.5,14.6,14.5,15.2,14.5,73.8,13.8,16.6,13.8,14.6,13.8,17.1,13.8,13.9,14.5,15.2,15.2,15.2,13.1,15.2,14.6,15.9,17.2,17.1,13.8,15.8,18.9,0.0,0.0,0.0,0.0,0.0,0.0,0.0,0.0,0.0,0.0,0.0,0.0,0.0,0.0,0.0,0.0,0.0,0.0,0.0,0.0,0.0,0.0,0.0,0.0,0.0,0.0,0.0,0.0,0.0,0.0,0.0,0.0,0.0,0.0,0.0,0.0,0.0,0.0,0.0,0.0,0.0,0.0,0.0,0.0,0.0,0.0,0.0,0.0
2026-02-04T15:19:33.984401,1605.9,2.4,48,8452.1,219.9,2,9.1,8.5,70.1,7.7,7.7,7.0,6.9,7.0,7.4,7.0,10.5,7.7,7.0,7.0,11.0,6.2,6.7,7.0,7.7,7.0,7.7,7.0,7.7,7.0,7.0,7.0,8.5,7.0,9.1,7.0,7.0,7.0,8.5,7.0,7.7,7.0,8.4,7.0,6.3,7.0,7.7,7.0,7.0,7.0,7.1,7.7,7.7,6.7,0.0,0.0,0.0,0.0,0.0,0.0,0.0,0.0,0.0,0.0,0.0,0.0,0.0,0.0,0.0,0.0,0.0,0.0,0.0,0.0,0.0,0.0,0.0,0.0,0.0,0.0,0.0,0.0,0.0,0.0,0.0,0.0,0.0,0.0,0.0,0.0,0.0,0.0,0.0,0.0,0.0,0.0,0.0,0.0,0.0,0.0,0.0,0.0
2026-02-04T15:19:36.210384,1608.1,0.0,48,92.5,227.9,2,15.6,16.4,17.4,74.1,16.1,14.2,13.4,14.0,14.8,14.0,13.4,15.3,14.2,14.7,17.5,17.5,16.0,14.8,14.8,13.3,13.3,15.4,18.2,15.4,16.7,15.4,15.7,14.7,15.5,14.7,14.7,14.7,18.2,14.6,14.6,14.0,14.0,14.7,14.0,15.4,15.5,14.0,14.7,14.6,12.0,15.4,14.8,14.0,0.0,0.0,0.0,0.0,0.0,0.0,0.0,0.0,0.0,0.0,0.0,0.0,0.0,0.0,0.0,0.0,0.0,0.0,0.0,0.0,0.0,0.0,0.0,0.0,0.0,0.0,0.0,0.0,0.0,0.0,0.0,0.0,0.0,0.0,0.0,0.0,0.0,0.0,0.0,0.0,0.0,0.0,0.0,0.0,0.0,0.0,0.0,0.0
2026-02-04T15:19:38.438031,1610.3,2.6,48,2495.6,197.3,2,6.9,8.5,66.9,7.7,8.4,7.7,8.4,7.7,7.6,7.7,8.4,9.9,7.7,9.7,11.1,7.3,9.2,8.4,7.7,7.7,7.7,7.7,7.7,7.7,8.3,7.7,7.3,9.2,8.4,7.7,8.4,7.7,9.1,7.7,8.5,7.7,8.5,7.1,7.7,7.7,7.0,7.0,7.7,7.8,11.2,8.4,7.6,7.7,0.0,0.0,0.0,0.0,0.0,0.0,0.0,0.0,0.0,0.0,0.0,0.0,0.0,0.0,0.0,0.0,0.0,0.0,0.0,0.0,0.0,0.0,0.0,0.0,0.0,0.0,0.0,0.0,0.0,0.0,0.0,0.0,0.0,0.0,0.0,0.0,0.0,0.0,0.0,0.0,0.0,0.0,0.0,0.0,0.0,0.0,0.0,0.0
2026-02-04T15:19:40.663726,1612.6,0.0,48,61.8,227.9,2,14.7,15.9,21.4,14.0,14.8,16.1,15.6,15.9,14.8,14.0,14.7,18.1,15.3,14.2,16.7,14.4,15.3,14.6,14.6,14.1,14.7,14.1,14.9,14.1,14.9,13.9,18.1,16.7,14.7,14.8,16.1,14.1,16.0,13.4,15.5,14.8,14.6,73.3,14.7,14.8,13.2,14.9,14.8,17.0,14.7,15.4,14.2,14.8,0.0,0.0,0.0,0.0,0.0,0.0,0.0,0.0,0.0,0.0,0.0,0.0,0.0,0.0,0.0,0.0,0.0,0.0,0.0,0.0,0.0,0.0,0.0,0.0,0.0,0.0,0.0,0.0,0.0,0.0,0.0,0.0,0.0,0.0,0.0,0.0,0.0,0.0,0.0,0.0,0.0,0.0,0.0,0.0,0.0,0.0,0.0,0.0
2026-02-04T15:19:42.889056,1614.8,2.3,48,92.7,226.1,2,11.2,8.5,11.9,61.1,8.4,9.2,8.3,8.2,9.0,9.2,9.1,8.5,9.2,8.4,12.1,7.8,9.9,8.5,9.9,8.4,9.4,8.4,9.1,8.4,9.2,9.2,8.5,10.5,8.5,8.4,8.5,9.1,12.1,8.4,9.7,8.4,8.5,8.5,8.5,9.1,7.8,9.0,8.4,9.7,9.8,8.5,8.5,9.1,0.0,0.0,0.0,0.0,0.0,0.0,0.0,0.0,0.0,0.0,0.0,0.0,0.0,0.0,0.0,0.0,0.0,0.0,0.0,0.0,0.0,0.0,0.0,0.0,0.0,0.0,0.0,0.0,0.0,0.0,0.0,0.0,0.0,0.0,0.0,0.0,0.0,0.0,0.0,0.0,0.0,0.0,0.0,0.0,0.0,0.0,0.0,0.0
2026-02-04T15:19:45.115061,1617.0,2.6,48,92.7,227.0,2,14.5,14.7,13.3,21.4,13.4,14.0,15.5,13.3,14.2,13.3,19.0,15.3,14.7,32.9,14.1,14.1,13.9,13.4,13.4,14.0,13.5,13.3,14.0,13.3,14.1,14.5,13.3,16.2,17.8,14.0,15.3,13.3,16.6,14.0,15.0,14.7,14.7,14.0,12.7,14.0,14.0,13.4,13.3,15.5,14.7,17.5,14.1,14.0,0.0,0.0,0.0,0.0,0.0,0.0,0.0,0.0,0.0,0.0,0.0,0.0,0.0,0.0,0.0,0.0,0.0,0.0,0.0,0.0,0.0,0.0,0.0,0.0,0.0,0.0,0.0,0.0,0.0,0.0,0.0,0.0,0.0,0.0,0.0,0.0,0.0,0.0,0.0,0.0,0.0,0.0,0.0,0.0,0.0,0.0,0.0,0.0
2026-02-04T15:19:47.341793,1619.2,2.5,48,123.7,226.1,2,7.0,8.4,10.4,7.7,7.7,7.7,9.1,9.8,7.7,7.6,9.0,8.5,9.0,60.8,7.6,9.9,6.3,8.3,7.7,10.0,10.9,10.9,8.3,14.3,10.8,11.6,7.7,10.4,11.1,10.9,10.3,10.9,7.7,10.9,8.3,10.9,8.4,7.7,9.1,10.9,7.7,8.7,56.6,10.0,7.7,7.6,7.6,10.0,0.0,0.0,0.0,0.0,0.0,0.0,0.0,0.0,0.0,0.0,0.0,0.0,0.0,0.0,0.0,0.0,0.0,0.0,0.0,0.0,0.0,0.0,0.0,0.0,0.0,0.0,0.0,0.0,0.0,0.0,0.0,0.0,0.0,0.0,0.0,0.0,0.0,0.0,0.0,0.0,0.0,0.0,0.0,0.0,0.0,0.0,0.0,0.0
2026-02-04T15:19:49.566688,1621.5,0.3,48,92.8,228.1,2,14.7,75.4,16.9,14.7,15.5,15.4,16.1,12.8,16.1,15.6,15.4,16.2,15.5,12.8,17.0,12.6,15.6,15.5,15.4,11.9,12.0,12.0,17.2,12.8,12.0,18.1,15.4,16.7,12.4,11.9,15.6,11.4,15.6,14.1,19.0,12.4,15.5,14.7,13.3,11.4,15.5,13.3,27.0,11.8,15.5,15.6,16.1,11.4,0.0,0.0,0.0,0.0,0.0,0.0,0.0,0.0,0.0,0.0,0.0,0.0,0.0,0.0,0.0,0.0,0.0,0.0,0.0,0.0,0.0,0.0,0.0,0.0,0.0,0.0,0.0,0.0,0.0,0.0,0.0,0.0,0.0,0.0,0.0,0.0,0.0,0.0,0.0,0.0,0.0,0.0,0.0,0.0,0.0,0.0,0.0,0.0
2026-02-04T15:19:51.822386,1623.7,2.0,48,92.9,226.3,2,9.2,7.0,9.2,52.4,8.5,7.7,7.7,7.7,7.7,9.1,8.5,8.5,7.7,7.7,7.6,7.7,7.7,7.0,7.7,10.1,8.4,7.0,8.5,7.7,7.7,8.4,7.7,8.5,9.8,7.0,8.4,7.0,7.7,7.0,9.2,7.0,7.7,7.0,7.7,7.0,7.6,11.9,7.7,7.7,7.7,7.0,7.0,7.7,0.0,0.0,0.0,0.0,0.0,0.0,0.0,0.0,0.0,0.0,0.0,0.0,0.0,0.0,0.0,0.0,0.0,0.0,0.0,0.0,0.0,0.0,0.0,0.0,0.0,0.0,0.0,0.0,0.0,0.0,0.0,0.0,0.0,0.0,0.0,0.0,0.0,0.0,0.0,0.0,0.0,0.0,0.0,0.0,0.0,0.0,0.0,0.0
2026-02-04T15:19:54.048525,1625.9,3.0,48,92.4,227.2,2,15.2,15.9,15.8,30.3,17.2,13.8,16.1,14.6,15.2,14.6,15.9,14.5,15.8,15.1,17.4,15.0,16.0,15.3,14.6,13.1,15.4,14.5,14.6,15.3,17.2,17.6,15.9,15.9,13.5,23.3,16.0,13.2,14.4,14.6,13.8,19.2,75.7,13.9,13.9,14.6,14.0,14.5,15.3,15.2,15.2,13.1,18.6,14.6,0.0,0.0,0.0,0.0,0.0,0.0,0.0,0.0,0.0,0.0,0.0,0.0,0.0,0.0,0.0,0.0,0.0,0.0,0.0,0.0,0.0,0.0,0.0,0.0,0.0,0.0,0.0,0.0,0.0,0.0,0.0,0.0,0.0,0.0,0.0,0.0,0.0,0.0,0.0,0.0,0.0,0.0,0.0,0.0,0.0,0.0,0.0,0.0
2026-02-04T15:19:56.275564,1628.2,2.0,48,92.3,226.3,2,7.0,7.8,7.7,46.9,9.2,7.0,7.0,7.6,7.0,7.7,8.7,7.8,6.8,7.7,9.0,7.0,7.0,7.0,7.0,7.7,7.7,7.7,8.4,7.0,8.5,7.0,7.0,9.2,7.9,61.5,8.3,7.7,7.8,7.0,8.4,7.7,8.4,7.0,7.7,7.0,6.2,7.7,7.7,7.1,7.7,7.0,7.1,7.7,0.0,0.0,0.0,0.0,0.0,0.0,0.0,0.0,0.0,0.0,0.0,0.0,0.0,0.0,0.0,0.0,0.0,0.0,0.0,0.0,0.0,0.0,0.0,0.0,0.0,0.0,0.0,0.0,0.0,0.0,0.0,0.0,0.0,0.0,0.0,0.0,0.0,0.0,0.0,0.0,0.0,0.0,0.0,0.0,0.0,0.0,0.0,0.0
2026-02-04T15:19:58.500690,1630.4,77.6,48,93.1,228.1,2,17.5,14.6,17.9,38.0,17.5,14.0,15.4,12.3,15.9,15.4,12.6,18.1,14.8,14.0,16.9,14.0,16.2,14.7,14.7,14.7,14.0,14.7,15.5,14.0,14.7,14.1,14.7,15.4,13.5,14.7,14.0,14.8,14.7,18.4,14.8,13.3,14.6,15.4,14.1,14.7,15.4,14.0,13.3,14.6,16.1,13.3,13.9,14.7,0.0,0.0,0.0,0.0,0.0,0.0,0.0,0.0,0.0,0.0,0.0,0.0,0.0,0.0,0.0,0.0,0.0,0.0,0.0,0.0,0.0,0.0,0.0,0.0,0.0,0.0,0.0,0.0,0.0,0.0,0.0,0.0,0.0,0.0,0.0,0.0,0.0,0.0,0.0,0.0,0.0,0.0,0.0,0.0,0.0,0.0,0.0,0.0
2026-02-04T15:20:00.727224,1632.6,1.9,48,93.4,227.2,2,13.9,39.2,66.0,7.0,11.3,7.0,8.5,9.8,7.1,7.7,7.1,7.0,9.1,7.7,7.8,7.0,7.7,7.7,7.7,7.0,7.0,7.0,7.7,7.7,9.1,7.7,7.7,9.2,7.0,7.7,7.7,7.0,7.7,16.4,7.0,7.0,7.0,7.7,7.6,7.0,7.8,9.1,8.4,8.3,8.3,7.7,7.0,7.7,0.0,0.0,0.0,0.0,0.0,0.0,0.0,0.0,0.0,0.0,0.0,0.0,0.0,0.0,0.0,0.0,0.0,0.0,0.0,0.0,0.0,0.0,0.0,0.0,0.0,0.0,0.0,0.0,0.0,0.0,0.0,0.0,0.0,0.0,0.0,0.0,0.0,0.0,0.0,0.0,0.0,0.0,0.0,0.0,0.0,0.0,0.0,0.0
2026-02-04T15:20:02.954572,1634.8,2.6,48,7447.7,219.1,2,7.0,39.2,11.0,7.0,68.5,7.0,8.3,5.8,7.7,6.9,7.6,7.0,7.0,7.0,7.6,7.0,7.1,8.3,7.0,7.0,7.1,7.0,7.0,7.0,7.7,7.0,7.0,7.7,7.7,7.0,7.7,7.0,9.0,9.8,7.0,7.0,7.0,9.2,7.0,7.0,7.0,7.0,7.7,8.4,7.0,7.7,7.0,7.0,0.0,0.0,0.0,0.0,0.0,0.0,0.0,0.0,0.0,0.0,0.0,0.0,0.0,0.0,0.0,0.0,0.0,0.0,0.0,0.0,0.0,0.0,0.0,0.0,0.0,0.0,0.0,0.0,0.0,0.0,0.0,0.0,0.0,0.0,0.0,0.0,0.0,0.0,0.0,0.0,0.0,0.0,0.0,0.0,0.0,0.0,0.0,0.0
2026-02-04T15:20:05.181356,1637.1,2.5,48,93.4,228.1,2,14.7,38.5,18.1,14.1,16.2,14.1,16.2,15.4,15.4,18.4,16.2,16.1,16.2,14.8,16.1,14.7,16.1,17.4,15.5,15.3,15.3,15.9,14.7,18.8,16.0,14.0,16.0,14.1,15.5,14.0,15.4,14.0,15.6,14.0,16.0,14.0,15.4,14.7,15.5,14.6,15.2,14.1,16.1,15.3,14.9,16.9,16.1,15.4,0.0,0.0,0.0,0.0,0.0,0.0,0.0,0.0,0.0,0.0,0.0,0.0,0.0,0.0,0.0,0.0,0.0,0.0,0.0,0.0,0.0,0.0,0.0,0.0,0.0,0.0,0.0,0.0,0.0,0.0,0.0,0.0,0.0,0.0,0.0,0.0,0.0,0.0,0.0,0.0,0.0,0.0,0.0,0.0,0.0,0.0,0.0,0.0
2026-02-04T15:20:07.407985,1639.3,2.3,48,92.5,226.3,2,6.4,46.1,11.7,61.0,9.1,7.0,7.0,8.4,7.1,7.0,7.1,7.1,7.0,8.4,9.2,7.0,9.2,8.3,8.3,7.0,7.0,6.3,7.0,7.7,7.8,7.0,8.5,8.4,9.4,7.0,7.7,7.7,11.3,7.0,7.6,7.0,9.2,7.0,7.0,7.7,7.7,7.0,7.7,8.5,6.9,8.5,7.0,7.0,0.0,0.0,0.0,0.0,0.0,0.0,0.0,0.0,0.0,0.0,0.0,0.0,0.0,0.0,0.0,0.0,0.0,0.0,0.0,0.0,0.0,0.0,0.0,0.0,0.0,0.0,0.0,0.0,0.0,0.0,0.0,0.0,0.0,0.0,0.0,0.0,0.0,0.0,0.0,0.0,0.0,0.0,0.0,0.0,0.0,0.0,0.0,0.0
2026-02-04T15:20:09.633112,1641.5,3.4,48,93.3,228.2,2,14.5,75.7,30.3,21.3,15.6,15.2,14.8,11.4,13.2,18.9,14.5,13.2,15.3,11.4,14.0,13.3,14.8,16.4,13.4,13.3,14.1,13.4,13.4,14.1,13.3,12.7,15.4,17.6,15.6,13.9,14.0,14.0,13.3,14.0,13.5,13.3,13.8,14.6,13.4,13.3,14.1,14.0,13.3,17.0,13.4,16.7,14.7,13.9,0.0,0.0,0.0,0.0,0.0,0.0,0.0,0.0,0.0,0.0,0.0,0.0,0.0,0.0,0.0,0.0,0.0,0.0,0.0,0.0,0.0,0.0,0.0,0.0,0.0,0.0,0.0,0.0,0.0,0.0,0.0,0.0,0.0,0.0,0.0,0.0,0.0,0.0,0.0,0.0,0.0,0.0,0.0,0.0,0.0,0.0,0.0,0.0
2026-02-04T15:20:11.862631,1643.8,2.6,48,92.5,229.2,2,8.4,7.8,58.3,7.7,7.7,7.5,8.4,7.7,49.0,7.7,8.5,7.8,8.5,8.5,11.1,8.3,7.7,12.3,8.3,7.7,9.0,7.7,7.6,7.7,11.1,8.4,7.7,7.7,8.4,7.7,7.7,7.7,9.7,7.7,7.7,7.7,8.4,8.5,8.4,7.7,7.7,9.1,7.7,7.7,8.5,7.7,7.7,7.7,0.0,0.0,0.0,0.0,0.0,0.0,0.0,0.0,0.0,0.0,0.0,0.0,0.0,0.0,0.0,0.0,0.0,0.0,0.0,0.0,0.0,0.0,0.0,0.0,0.0,0.0,0.0,0.0,0.0,0.0,0.0,0.0,0.0,0.0,0.0,0.0,0.0,0.0,0.0,0.0,0.0,0.0,0.0,0.0,0.0,0.0,0.0,0.0
2026-02-04T15:20:14.120548,1646.0,1.9,48,497.2,244.8,2,8.5,7.7,75.2,8.4,10.3,7.7,9.8,7.7,35.7,7.7,8.8,7.7,7.7,7.7,9.2,7.2,7.6,7.8,8.4,7.7,7.7,7.7,11.3,7.7,6.2,9.2,7.7,9.1,9.1,7.7,7.7,7.7,9.1,7.7,7.7,7.7,7.8,7.7,7.7,7.7,7.0,7.7,7.7,12.8,7.7,8.4,7.7,7.7,0.0,0.0,0.0,0.0,0.0,0.0,0.0,0.0,0.0,0.0,0.0,0.0,0.0,0.0,0.0,0.0,0.0,0.0,0.0,0.0,0.0,0.0,0.0,0.0,0.0,0.0,0.0,0.0,0.0,0.0,0.0,0.0,0.0,0.0,0.0,0.0,0.0,0.0,0.0,0.0,0.0,0.0,0.0,0.0,0.0,0.0,0.0,0.0
2026-02-04T15:20:16.346764,1648.2,1.7,48,92.9,230.1,2,14.5,15.8,22.1,15.2,18.4,14.7,85.5,16.4,15.4,14.6,14.4,14.5,20.8,14.6,17.5,13.9,15.4,13.7,16.8,13.9,15.4,16.0,16.1,14.6,15.8,14.6,19.4,19.0,16.7,14.6,15.3,14.6,15.4,15.3,15.1,14.6,16.3,15.3,15.8,15.3,15.2,14.4,15.2,14.5,13.9,16.6,13.9,16.0,0.0,0.0,0.0,0.0,0.0,0.0,0.0,0.0,0.0,0.0,0.0,0.0,0.0,0.0,0.0,0.0,0.0,0.0,0.0,0.0,0.0,0.0,0.0,0.0,0.0,0.0,0.0,0.0,0.0,0.0,0.0,0.0,0.0,0.0,0.0,0.0,0.0,0.0,0.0,0.0,0.0,0.0,0.0,0.0,0.0,0.0,0.0,0.0
2026-02-04T15:20:18.571654,1650.5,1.9,48,93.4,230.1,2,7.8,9.7,14.4,7.7,9.8,6.6,8.4,7.7,7.6,7.7,8.5,7.0,7.7,7.7,9.1,7.0,8.3,7.1,8.3,7.7,7.7,7.7,9.1,7.7,7.7,7.7,8.4,9.1,9.1,7.7,8.6,7.7,7.7,7.7,7.1,7.7,42.0,8.4,8.3,7.0,7.7,7.8,12.6,7.0,7.6,9.1,7.0,7.7,0.0,0.0,0.0,0.0,0.0,0.0,0.0,0.0,0.0,0.0,0.0,0.0,0.0,0.0,0.0,0.0,0.0,0.0,0.0,0.0,0.0,0.0,0.0,0.0,0.0,0.0,0.0,0.0,0.0,0.0,0.0,0.0,0.0,0.0,0.0,0.0,0.0,0.0,0.0,0.0,0.0,0.0,0.0,0.0,0.0,0.0,0.0,0.0
2026-02-04T15:20:20.795821,1652.7,2.5,47,92.7,228.3,2,7.0,7.0,66.0,9.5,8.3,6.3,7.8,7.0,12.0,7.7,6.7,6.3,8.5,7.5,8.5,6.3,7.1,7.7,7.0,9.5,7.0,6.6,8.5,7.7,6.3,10.5,7.0,8.4,7.7,10.4,6.2,7.2,11.3,9.5,8.3,9.5,41.1,6.3,6.3,9.5,4.9,6.3,6.3,7.0,7.1,8.7,7.0,9.5,0.0,0.0,0.0,0.0,0.0,0.0,0.0,0.0,0.0,0.0,0.0,0.0,0.0,0.0,0.0,0.0,0.0,0.0,0.0,0.0,0.0,0.0,0.0,0.0,0.0,0.0,0.0,0.0,0.0,0.0,0.0,0.0,0.0,0.0,0.0,0.0,0.0,0.0,0.0,0.0,0.0,0.0,0.0,0.0,0.0,0.0,0.0,0.0
2026-02-04T15:20:23.021046,1654.9,59.0,48,93.2,230.1,2,16.4,14.0,99.3,9.9,14.8,14.5,15.3,13.9,17.2,13.9,12.8,17.4,13.2,12.1,15.3,13.8,14.0,14.7,14.7,10.4,13.2,13.9,15.3,13.2,14.0,11.5,13.2,19.7,15.3,10.5,13.2,13.4,10.5,10.5,14.1,10.5,15.4,13.9,12.5,10.5,13.2,13.4,13.2,16.8,14.0,11.5,14.8,13.5,0.0,0.0,0.0,0.0,0.0,0.0,0.0,0.0,0.0,0.0,0.0,0.0,0.0,0.0,0.0,0.0,0.0,0.0,0.0,0.0,0.0,0.0,0.0,0.0,0.0,0.0,0.0,0.0,0.0,0.0,0.0,0.0,0.0,0.0,0.0,0.0,0.0,0.0,0.0,0.0,0.0,0.0,0.0,0.0,0.0,0.0,0.0,0.0
2026-02-04T15:20:25.246829,1657.1,3.4,48,123.3,231.9,2,7.7,9.2,76.0,7.7,32.9,7.1,8.3,9.1,7.0,7.8,7.2,8.5,7.0,12.0,9.9,7.8,7.0,8.4,7.8,7.1,7.1,7.1,7.1,7.1,7.7,7.6,7.1,11.2,7.8,7.0,7.7,7.1,7.1,7.0,7.1,7.8,9.1,7.7,7.8,8.5,7.1,7.7,7.1,9.9,7.0,7.7,8.4,7.1,0.0,0.0,0.0,0.0,0.0,0.0,0.0,0.0,0.0,0.0,0.0,0.0,0.0,0.0,0.0,0.0,0.0,0.0,0.0,0.0,0.0,0.0,0.0,0.0,0.0,0.0,0.0,0.0,0.0,0.0,0.0,0.0,0.0,0.0,0.0,0.0,0.0,0.0,0.0,0.0,0.0,0.0,0.0,0.0,0.0,0.0,0.0,0.0
2026-02-04T15:20:27.472217,1659.4,2.3,48,93.3,230.9,2,8.4,6.9,51.0,7.7,59.0,7.7,8.4,7.0,9.0,7.7,8.4,7.0,7.7,7.0,9.9,6.9,7.0,8.5,6.9,7.0,7.0,7.0,7.6,7.0,7.7,8.4,7.0,9.1,7.6,7.7,7.7,7.0,7.0,7.0,6.9,7.0,8.4,7.7,7.7,7.7,6.9,7.7,7.0,6.9,7.7,8.3,7.0,7.7,0.0,0.0,0.0,0.0,0.0,0.0,0.0,0.0,0.0,0.0,0.0,0.0,0.0,0.0,0.0,0.0,0.0,0.0,0.0,0.0,0.0,0.0,0.0,0.0,0.0,0.0,0.0,0.0,0.0,0.0,0.0,0.0,0.0,0.0,0.0,0.0,0.0,0.0,0.0,0.0,0.0,0.0,0.0,0.0,0.0,0.0,0.0,0.0
2026-02-04T15:20:29.697911,1661.6,2.2,48,92.9,230.2,2,8.4,7.7,99.3,8.2,9.2,7.0,9.2,7.0,7.7,7.0,6.4,8.3,7.8,12.7,7.7,9.2,6.9,7.6,7.7,8.3,6.9,7.7,7.1,8.3,7.0,8.3,7.6,8.5,9.2,7.5,7.0,8.3,7.7,7.5,7.0,12.2,7.6,7.0,7.6,8.1,7.1,7.7,7.7,7.0,7.7,7.6,8.3,7.5,0.0,0.0,0.0,0.0,0.0,0.0,0.0,0.0,0.0,0.0,0.0,0.0,0.0,0.0,0.0,0.0,0.0,0.0,0.0,0.0,0.0,0.0,0.0,0.0,0.0,0.0,0.0,0.0,0.0,0.0,0.0,0.0,0.0,0.0,0.0,0.0,0.0,0.0,0.0,0.0,0.0,0.0,0.0,0.0,0.0,0.0,0.0,0.0
2026-02-04T15:20:31.924958,1663.8,2.2,48,559.5,247.6,2,8.5,7.0,99.3,6.6,7.7,7.0,7.7,7.0,7.0,7.0,8.5,7.8,7.0,7.0,7.7,7.0,7.0,7.8,7.7,7.2,7.7,7.0,7.7,7.2,7.8,7.2,8.4,13.3,7.8,6.6,7.0,6.6,7.7,7.3,8.3,6.9,7.0,6.9,7.7,6.7,6.9,7.0,7.0,7.7,7.1,6.6,6.6,6.6,0.0,0.0,0.0,0.0,0.0,0.0,0.0,0.0,0.0,0.0,0.0,0.0,0.0,0.0,0.0,0.0,0.0,0.0,0.0,0.0,0.0,0.0,0.0,0.0,0.0,0.0,0.0,0.0,0.0,0.0,0.0,0.0,0.0,0.0,0.0,0.0,0.0,0.0,0.0,0.0,0.0,0.0,0.0,0.0,0.0,0.0,0.0,0.0
2026-02-04T15:20:34.151513,1666.0,53.3,48,124.3,230.9,2,15.2,14.9,99.3,15.3,16.8,15.9,16.7,15.4,16.1,15.4,16.0,16.3,14.6,11.1,16.0,16.0,16.2,16.0,16.2,18.6,14.9,14.8,16.0,15.3,16.6,14.6,14.7,17.6,14.6,16.0,15.3,16.0,14.7,16.6,18.6,15.3,15.5,16.3,15.4,15.3,13.4,15.5,15.3,16.3,19.4,14.6,15.3,15.3,0.0,0.0,0.0,0.0,0.0,0.0,0.0,0.0,0.0,0.0,0.0,0.0,0.0,0.0,0.0,0.0,0.0,0.0,0.0,0.0,0.0,0.0,0.0,0.0,0.0,0.0,0.0,0.0,0.0,0.0,0.0,0.0,0.0,0.0,0.0,0.0,0.0,0.0,0.0,0.0,0.0,0.0,0.0,0.0,0.0,0.0,0.0,0.0
2026-02-04T15:20:36.408430,1668.3,2.3,48,92.8,232.9,2,6.3,6.9,99.3,7.0,9.1,7.8,10.4,7.1,7.7,6.4,7.7,6.9,7.1,6.4,8.5,7.1,6.4,6.4,7.3,9.3,8.3,6.3,7.0,7.7,6.4,6.4,7.0,8.4,7.8,6.4,6.4,6.4,6.4,6.4,11.6,6.4,7.6,7.0,8.4,6.4,7.7,7.0,6.3,6.2,7.1,6.3,7.0,6.4,0.0,0.0,0.0,0.0,0.0,0.0,0.0,0.0,0.0,0.0,0.0,0.0,0.0,0.0,0.0,0.0,0.0,0.0,0.0,0.0,0.0,0.0,0.0,0.0,0.0,0.0,0.0,0.0,0.0,0.0,0.0,0.0,0.0,0.0,0.0,0.0,0.0,0.0,0.0,0.0,0.0,0.0,0.0,0.0,0.0,0.0,0.0,0.0
2026-02-04T15:20:38.634214,1670.5,2.3,48,92.7,232.0,2,7.6,6.2,98.6,6.9,10.4,6.2,6.9,6.9,6.8,7.5,6.9,6.2,6.9,6.2,15.9,6.6,6.8,6.9,6.0,6.9,6.3,6.9,9.1,6.2,7.6,6.2,6.2,8.3,8.3,6.2,6.9,6.8,6.8,6.9,6.2,6.9,8.3,6.2,7.6,6.2,6.9,6.2,7.6,6.9,6.2,6.3,6.9,6.2,0.0,0.0,0.0,0.0,0.0,0.0,0.0,0.0,0.0,0.0,0.0,0.0,0.0,0.0,0.0,0.0,0.0,0.0,0.0,0.0,0.0,0.0,0.0,0.0,0.0,0.0,0.0,0.0,0.0,0.0,0.0,0.0,0.0,0.0,0.0,0.0,0.0,0.0,0.0,0.0,0.0,0.0,0.0,0.0,0.0,0.0,0.0,0.0
2026-02-04T15:20:40.865868,1672.8,2.6,48,92.6,232.2,2,8.4,7.8,98.6,7.7,9.9,9.8,10.5,7.7,8.5,8.5,9.2,7.8,9.9,8.4,8.4,7.2,7.7,8.5,8.4,7.7,7.7,8.4,9.1,7.7,8.5,8.5,8.4,10.5,8.4,7.7,8.3,7.7,9.9,7.7,11.1,7.7,9.1,13.5,8.4,7.7,7.0,7.7,7.7,8.4,7.7,8.3,7.7,7.7,0.0,0.0,0.0,0.0,0.0,0.0,0.0,0.0,0.0,0.0,0.0,0.0,0.0,0.0,0.0,0.0,0.0,0.0,0.0,0.0,0.0,0.0,0.0,0.0,0.0,0.0,0.0,0.0,0.0,0.0,0.0,0.0,0.0,0.0,0.0,0.0,0.0,0.0,0.0,0.0,0.0,0.0,0.0,0.0,0.0,0.0,0.0,0.0
2026-02-04T15:20:43.092016,1675.0,2.4,48,123.5,231.3,2,9.1,8.3,98.6,7.0,7.6,7.0,8.4,7.0,7.0,7.6,7.7,7.0,6.9,8.4,10.4,7.0,7.7,7.0,7.0,7.0,7.0,7.0,7.0,8.3,8.4,7.0,7.7,10.5,7.0,7.0,7.0,7.0,7.0,7.0,10.3,7.0,7.7,7.0,8.5,7.0,7.6,7.0,7.0,8.5,7.7,7.0,7.0,7.0,0.0,0.0,0.0,0.0,0.0,0.0,0.0,0.0,0.0,0.0,0.0,0.0,0.0,0.0,0.0,0.0,0.0,0.0,0.0,0.0,0.0,0.0,0.0,0.0,0.0,0.0,0.0,0.0,0.0,0.0,0.0,0.0,0.0,0.0,0.0,0.0,0.0,0.0,0.0,0.0,0.0,0.0,0.0,0.0,0.0,0.0,0.0,0.0
2026-02-04T15:20:45.318019,1677.2,100.0,48,92.5,231.5,2,8.5,7.4,98.6,17.9,7.7,7.9,8.8,19.6,8.5,7.0,7.6,8.1,7.7,11.1,11.9,8.9,9.0,8.1,10.8,19.6,10.7,19.6,8.9,7.6,8.1,19.6,8.1,8.4,8.1,19.6,8.1,17.9,10.3,29.7,9.2,10.2,7.7,7.9,8.3,8.8,7.0,8.1,8.4,8.5,8.0,7.1,8.6,19.6,0.0,0.0,0.0,0.0,0.0,0.0,0.0,0.0,0.0,0.0,0.0,0.0,0.0,0.0,0.0,0.0,0.0,0.0,0.0,0.0,0.0,0.0,0.0,0.0,0.0,0.0,0.0,0.0,0.0,0.0,0.0,0.0,0.0,0.0,0.0,0.0,0.0,0.0,0.0,0.0,0.0,0.0,0.0,0.0,0.0,0.0,0.0,0.0
2026-02-04T15:20:47.543766,1679.4,2.6,41,123.4,231.5,2,9.7,7.3,99.3,4.8,11.8,7.5,8.1,8.3,7.6,8.5,8.3,7.4,7.0,5.3,7.3,6.8,7.0,6.7,6.9,4.4,6.5,4.4,7.9,7.0,7.3,4.4,7.3,9.1,6.7,5.2,7.3,4.8,6.7,5.0,7.7,6.9,9.1,9.5,7.2,6.4,8.5,7.4,7.1,7.7,8.2,7.6,7.5,4.8,0.0,0.0,0.0,0.0,0.0,0.0,0.0,0.0,0.0,0.0,0.0,0.0,0.0,0.0,0.0,0.0,0.0,0.0,0.0,0.0,0.0,0.0,0.0,0.0,0.0,0.0,0.0,0.0,0.0,0.0,0.0,0.0,0.0,0.0,0.0,0.0,0.0,0.0,0.0,0.0,0.0,0.0,0.0,0.0,0.0,0.0,0.0,0.0
2026-02-04T15:20:49.769362,1681.7,28.9,48,8837.4,221.4,2,9.7,9.1,98.6,8.3,9.9,9.0,9.8,8.3,9.7,9.7,8.5,9.7,8.3,9.1,9.7,9.0,9.8,9.7,9.1,9.0,9.1,9.0,9.0,11.8,9.1,9.0,9.1,10.5,9.0,9.0,9.0,9.0,9.0,9.0,9.0,9.0,9.0,9.1,8.3,9.0,9.0,8.3,9.0,9.7,9.0,8.3,9.0,9.7,0.0,0.0,0.0,0.0,0.0,0.0,0.0,0.0,0.0,0.0,0.0,0.0,0.0,0.0,0.0,0.0,0.0,0.0,0.0,0.0,0.0,0.0,0.0,0.0,0.0,0.0,0.0,0.0,0.0,0.0,0.0,0.0,0.0,0.0,0.0,0.0,0.0,0.0,0.0,0.0,0.0,0.0,0.0,0.0,0.0,0.0,0.0,0.0
2026-02-04T15:20:51.995188,1683.9,4.5,48,93.0,232.5,2,12.8,93.7,26.9,12.1,13.4,12.1,13.9,14.1,14.8,14.1,13.4,12.1,13.4,12.8,17.0,12.8,13.5,12.8,12.8,13.4,13.5,12.8,13.5,12.8,13.5,17.6,13.5,14.1,13.5,12.8,13.5,12.8,13.4,12.8,14.9,13.4,13.5,12.8,13.5,12.8,13.5,12.8,13.5,12.8,13.5,12.8,13.5,12.8,0.0,0.0,0.0,0.0,0.0,0.0,0.0,0.0,0.0,0.0,0.0,0.0,0.0,0.0,0.0,0.0,0.0,0.0,0.0,0.0,0.0,0.0,0.0,0.0,0.0,0.0,0.0,0.0,0.0,0.0,0.0,0.0,0.0,0.0,0.0,0.0,0.0,0.0,0.0,0.0,0.0,0.0,0.0,0.0,0.0,0.0,0.0,0.0
2026-02-04T15:20:54.221142,1686.1,3.0,48,92.6,234.5,2,7.6,13.3,99.3,8.4,7.0,7.7,7.7,7.0,7.7,7.0,8.4,7.0,9.2,7.0,7.7,7.7,7.7,7.0,7.7,11.0,8.5,7.7,7.7,7.7,8.3,8.5,7.7,8.4,7.7,7.0,7.7,7.7,7.9,7.0,8.5,7.7,7.7,7.7,8.5,7.7,7.7,7.7,7.7,7.7,8.4,7.7,7.7,8.4,0.0,0.0,0.0,0.0,0.0,0.0,0.0,0.0,0.0,0.0,0.0,0.0,0.0,0.0,0.0,0.0,0.0,0.0,0.0,0.0,0.0,0.0,0.0,0.0,0.0,0.0,0.0,0.0,0.0,0.0,0.0,0.0,0.0,0.0,0.0,0.0,0.0,0.0,0.0,0.0,0.0,0.0,0.0,0.0,0.0,0.0,0.0,0.0
2026-02-04T15:20:56.446994,1688.3,2.4,48,93.0,232.5,2,8.5,7.0,98.6,7.0,9.9,7.0,7.7,7.0,8.4,6.9,7.7,7.0,7.0,6.9,8.4,7.7,8.4,7.0,7.7,7.1,6.3,7.0,7.6,7.0,9.0,7.0,12.6,9.1,7.0,8.3,7.6,7.0,6.9,7.6,6.9,7.0,6.3,7.0,7.0,7.7,6.9,7.0,7.0,6.9,7.0,7.0,7.0,7.0,0.0,0.0,0.0,0.0,0.0,0.0,0.0,0.0,0.0,0.0,0.0,0.0,0.0,0.0,0.0,0.0,0.0,0.0,0.0,0.0,0.0,0.0,0.0,0.0,0.0,0.0,0.0,0.0,0.0,0.0,0.0,0.0,0.0,0.0,0.0,0.0,0.0,0.0,0.0,0.0,0.0,0.0,0.0,0.0,0.0,0.0,0.0,0.0
2026-02-04T15:20:58.699928,1690.6,3.2,48,123.4,233.5,2,7.7,12.5,99.3,7.0,9.7,7.8,9.1,8.6,7.6,7.1,7.9,7.0,7.7,7.7,9.1,7.0,7.6,8.6,7.7,7.0,7.7,7.7,7.8,7.6,7.7,7.7,8.3,8.4,7.1,12.2,7.1,7.7,8.5,8.5,7.8,7.7,7.7,7.6,7.7,7.7,7.7,8.3,7.7,7.8,7.7,7.6,7.7,7.0,0.0,0.0,0.0,0.0,0.0,0.0,0.0,0.0,0.0,0.0,0.0,0.0,0.0,0.0,0.0,0.0,0.0,0.0,0.0,0.0,0.0,0.0,0.0,0.0,0.0,0.0,0.0,0.0,0.0,0.0,0.0,0.0,0.0,0.0,0.0,0.0,0.0,0.0,0.0,0.0,0.0,0.0,0.0,0.0,0.0,0.0,0.0,0.0
2026-02-04T15:21:00.925502,1692.8,3.7,48,92.8,232.6,2,7.0,7.0,99.3,6.2,9.7,6.3,7.0,5.9,7.0,6.2,6.8,7.6,7.5,6.9,7.7,6.9,7.6,6.5,6.9,8.3,7.0,6.2,6.9,6.3,6.9,11.8,6.9,7.6,8.3,8.9,7.6,6.9,7.6,6.2,7.6,6.2,6.9,6.3,7.6,6.2,7.6,7.0,6.9,6.9,7.0,6.8,6.9,7.0,0.0,0.0,0.0,0.0,0.0,0.0,0.0,0.0,0.0,0.0,0.0,0.0,0.0,0.0,0.0,0.0,0.0,0.0,0.0,0.0,0.0,0.0,0.0,0.0,0.0,0.0,0.0,0.0,0.0,0.0,0.0,0.0,0.0,0.0,0.0,0.0,0.0,0.0,0.0,0.0,0.0,0.0,0.0,0.0,0.0,0.0,0.0,0.0
2026-02-04T15:21:03.150728,1695.0,2.0,48,93.0,234.5,2,7.0,7.0,97.9,7.0,8.5,7.0,7.0,7.0,7.0,7.0,7.7,7.6,9.2,7.7,8.3,6.9,7.0,7.7,6.3,7.0,8.3,7.0,7.0,7.0,7.0,7.0,7.0,10.5,7.7,8.5,7.7,7.0,7.7,7.7,7.7,7.0,6.9,7.0,6.3,7.7,7.0,7.0,7.0,6.9,7.6,6.4,8.4,7.7,0.0,0.0,0.0,0.0,0.0,0.0,0.0,0.0,0.0,0.0,0.0,0.0,0.0,0.0,0.0,0.0,0.0,0.0,0.0,0.0,0.0,0.0,0.0,0.0,0.0,0.0,0.0,0.0,0.0,0.0,0.0,0.0,0.0,0.0,0.0,0.0,0.0,0.0,0.0,0.0,0.0,0.0,0.0,0.0,0.0,0.0,0.0,0.0
2026-02-04T15:21:05.376261,1697.3,3.2,48,92.5,232.6,2,7.7,7.7,98.6,8.4,9.1,7.7,7.6,7.7,6.9,7.7,8.5,8.4,7.7,7.0,9.2,7.7,8.5,7.7,11.7,7.7,9.7,7.7,7.8,7.7,7.7,7.6,7.7,14.7,7.7,7.7,7.7,7.7,9.0,7.7,7.7,8.4,7.7,8.5,7.7,7.7,9.1,8.4,8.3,7.7,8.4,9.0,7.6,7.6,0.0,0.0,0.0,0.0,0.0,0.0,0.0,0.0,0.0,0.0,0.0,0.0,0.0,0.0,0.0,0.0,0.0,0.0,0.0,0.0,0.0,0.0,0.0,0.0,0.0,0.0,0.0,0.0,0.0,0.0,0.0,0.0,0.0,0.0,0.0,0.0,0.0,0.0,0.0,0.0,0.0,0.0,0.0,0.0,0.0,0.0,0.0,0.0
2026-02-04T15:21:07.600983,1699.5,2.6,48,92.7,234.5,2,7.0,13.4,97.9,7.7,9.1,7.0,7.8,7.0,7.7,7.0,7.0,7.0,6.9,7.0,8.6,7.7,7.0,7.0,5.8,7.0,8.8,7.0,7.0,7.6,7.7,7.0,7.7,9.2,7.7,7.0,7.0,7.0,8.5,7.1,7.7,7.0,7.7,7.0,7.7,7.6,7.0,7.7,7.0,7.0,6.9,9.6,7.0,7.0,0.0,0.0,0.0,0.0,0.0,0.0,0.0,0.0,0.0,0.0,0.0,0.0,0.0,0.0,0.0,0.0,0.0,0.0,0.0,0.0,0.0,0.0,0.0,0.0,0.0,0.0,0.0,0.0,0.0,0.0,0.0,0.0,0.0,0.0,0.0,0.0,0.0,0.0,0.0,0.0,0.0,0.0,0.0,0.0,0.0,0.0,0.0,0.0
2026-02-04T15:21:09.825871,1701.7,2.4,48,123.5,232.6,2,7.7,7.7,98.6,7.7,8.4,7.7,8.3,7.7,7.8,7.7,7.8,7.7,7.7,7.7,10.2,8.5,7.7,7.7,7.7,7.7,7.5,7.7,7.7,7.7,7.7,7.7,7.7,16.8,7.7,7.7,7.7,7.7,7.7,7.7,8.4,7.7,8.5,7.7,8.5,8.4,7.7,7.7,5.6,8.4,7.7,8.3,7.7,14.1,0.0,0.0,0.0,0.0,0.0,0.0,0.0,0.0,0.0,0.0,0.0,0.0,0.0,0.0,0.0,0.0,0.0,0.0,0.0,0.0,0.0,0.0,0.0,0.0,0.0,0.0,0.0,0.0,0.0,0.0,0.0,0.0,0.0,0.0,0.0,0.0,0.0,0.0,0.0,0.0,0.0,0.0,0.0,0.0,0.0,0.0,0.0,0.0
2026-02-04T15:21:12.051504,1703.9,2.2,48,92.7,232.6,2,7.8,12.6,99.3,7.0,8.5,7.7,7.0,7.6,8.4,7.0,7.0,6.9,7.8,7.0,7.7,6.9,7.6,7.0,6.9,7.0,7.0,7.0,7.7,7.0,7.0,7.0,7.0,8.5,7.7,8.3,7.7,7.0,7.0,7.7,9.7,7.0,6.9,7.0,7.0,7.0,7.0,7.0,7.0,7.6,7.0,9.1,7.0,5.5,0.0,0.0,0.0,0.0,0.0,0.0,0.0,0.0,0.0,0.0,0.0,0.0,0.0,0.0,0.0,0.0,0.0,0.0,0.0,0.0,0.0,0.0,0.0,0.0,0.0,0.0,0.0,0.0,0.0,0.0,0.0,0.0,0.0,0.0,0.0,0.0,0.0,0.0,0.0,0.0,0.0,0.0,0.0,0.0,0.0,0.0,0.0,0.0
2026-02-04T15:21:14.276972,1706.2,3.0,48,123.6,232.6,2,8.4,8.5,99.3,7.7,8.5,7.7,9.9,7.7,9.7,8.5,13.3,8.5,8.4,8.5,8.4,7.7,9.1,7.7,8.5,7.7,9.1,8.4,9.2,7.7,8.4,14.1,8.5,9.1,8.4,9.1,8.4,7.7,8.4,7.7,11.9,7.7,8.5,8.5,8.5,8.5,8.5,7.0,8.5,8.5,8.4,8.5,8.5,8.5,0.0,0.0,0.0,0.0,0.0,0.0,0.0,0.0,0.0,0.0,0.0,0.0,0.0,0.0,0.0,0.0,0.0,0.0,0.0,0.0,0.0,0.0,0.0,0.0,0.0,0.0,0.0,0.0,0.0,0.0,0.0,0.0,0.0,0.0,0.0,0.0,0.0,0.0,0.0,0.0,0.0,0.0,0.0,0.0,0.0,0.0,0.0,0.0
2026-02-04T15:21:16.503248,1708.4,2.3,48,92.7,232.6,2,6.9,7.0,99.3,7.0,7.7,8.5,7.7,9.3,6.9,7.0,5.3,7.0,13.4,7.0,8.4,7.0,7.0,7.0,7.7,7.0,7.0,7.0,7.7,7.0,8.5,7.0,7.0,9.7,5.6,8.3,7.0,7.0,7.6,7.0,7.8,7.0,7.0,7.0,7.7,7.0,7.0,8.3,7.7,8.4,7.0,7.0,7.0,7.0,0.0,0.0,0.0,0.0,0.0,0.0,0.0,0.0,0.0,0.0,0.0,0.0,0.0,0.0,0.0,0.0,0.0,0.0,0.0,0.0,0.0,0.0,0.0,0.0,0.0,0.0,0.0,0.0,0.0,0.0,0.0,0.0,0.0,0.0,0.0,0.0,0.0,0.0,0.0,0.0,0.0,0.0,0.0,0.0,0.0,0.0,0.0,0.0
2026-02-04T15:21:18.727947,1710.6,100.0,48,93.1,232.6,2,7.7,7.0,99.3,25.0,7.8,7.6,7.0,14.5,7.7,14.3,8.5,7.0,9.9,17.5,13.1,7.0,8.4,17.5,8.4,12.9,7.6,25.0,8.8,12.8,8.3,7.7,8.8,9.2,9.5,24.4,8.1,22.9,8.2,8.5,7.8,22.9,8.4,21.3,22.9,22.9,8.0,7.0,32.7,8.5,7.9,8.6,12.6,22.9,0.0,0.0,0.0,0.0,0.0,0.0,0.0,0.0,0.0,0.0,0.0,0.0,0.0,0.0,0.0,0.0,0.0,0.0,0.0,0.0,0.0,0.0,0.0,0.0,0.0,0.0,0.0,0.0,0.0,0.0,0.0,0.0,0.0,0.0,0.0,0.0,0.0,0.0,0.0,0.0,0.0,0.0,0.0,0.0,0.0,0.0,0.0,0.0
2026-02-04T15:21:20.987498,1712.8,2.5,34,93.4,232.6,2,7.1,13.4,98.6,4.2,8.5,7.1,8.4,4.2,9.1,4.8,10.6,7.7,8.3,5.0,6.8,7.7,8.5,5.0,7.7,6.0,8.4,4.2,8.1,5.5,7.8,7.0,7.3,12.6,7.5,4.2,8.1,4.2,7.4,7.0,7.1,4.2,7.7,4.2,4.6,4.6,8.1,7.7,4.8,7.7,7.5,6.5,6.1,4.6,0.0,0.0,0.0,0.0,0.0,0.0,0.0,0.0,0.0,0.0,0.0,0.0,0.0,0.0,0.0,0.0,0.0,0.0,0.0,0.0,0.0,0.0,0.0,0.0,0.0,0.0,0.0,0.0,0.0,0.0,0.0,0.0,0.0,0.0,0.0,0.0,0.0,0.0,0.0,0.0,0.0,0.0,0.0,0.0,0.0,0.0,0.0,0.0
2026-02-04T15:21:23.215099,1715.1,1.9,48,8608.1,223.0,2,8.3,8.3,99.3,8.3,9.0,8.3,14.3,8.3,9.0,8.3,7.9,9.0,8.3,8.3,8.3,8.3,8.3,7.6,8.3,8.3,8.3,8.3,9.0,8.3,8.3,7.5,8.4,9.7,8.3,8.3,8.3,8.3,8.2,8.3,8.3,8.3,9.0,8.3,8.3,8.3,8.3,8.3,8.3,10.2,8.3,8.9,8.3,8.3,0.0,0.0,0.0,0.0,0.0,0.0,0.0,0.0,0.0,0.0,0.0,0.0,0.0,0.0,0.0,0.0,0.0,0.0,0.0,0.0,0.0,0.0,0.0,0.0,0.0,0.0,0.0,0.0,0.0,0.0,0.0,0.0,0.0,0.0,0.0,0.0,0.0,0.0,0.0,0.0,0.0,0.0,0.0,0.0,0.0,0.0,0.0,0.0
2026-02-04T15:21:25.441488,1717.3,98.0,48,154.9,232.5,2,10.4,11.8,24.1,11.8,95.8,11.8,13.3,11.7,13.3,11.8,13.1,11.9,14.5,11.8,13.9,12.6,13.1,12.5,13.3,11.8,12.5,15.1,12.4,12.5,12.5,12.6,11.7,15.3,11.8,11.8,13.2,12.5,13.2,12.5,12.5,11.8,12.6,11.8,12.5,11.1,11.7,11.8,11.8,11.9,12.5,11.8,13.1,11.1,0.0,0.0,0.0,0.0,0.0,0.0,0.0,0.0,0.0,0.0,0.0,0.0,0.0,0.0,0.0,0.0,0.0,0.0,0.0,0.0,0.0,0.0,0.0,0.0,0.0,0.0,0.0,0.0,0.0,0.0,0.0,0.0,0.0,0.0,0.0,0.0,0.0,0.0,0.0,0.0,0.0,0.0,0.0,0.0,0.0,0.0,0.0,0.0
2026-02-04T15:21:27.667997,1719.6,76.5,48,186.0,234.5,2,11.2,9.9,97.2,10.6,12.7,10.6,16.0,9.9,14.2,10.6,11.3,12.0,10.6,11.3,11.3,11.3,12.8,10.6,11.9,11.3,12.8,9.9,12.7,10.6,16.3,11.3,17.6,9.9,11.3,9.9,10.6,9.9,9.9,11.3,12.8,9.9,9.9,9.9,10.6,10.6,11.3,9.9,10.6,11.3,9.2,9.9,10.6,10.6,0.0,0.0,0.0,0.0,0.0,0.0,0.0,0.0,0.0,0.0,0.0,0.0,0.0,0.0,0.0,0.0,0.0,0.0,0.0,0.0,0.0,0.0,0.0,0.0,0.0,0.0,0.0,0.0,0.0,0.0,0.0,0.0,0.0,0.0,0.0,0.0,0.0,0.0,0.0,0.0,0.0,0.0,0.0,0.0,0.0,0.0,0.0,0.0
2026-02-04T15:21:29.893616,1721.8,5.1,48,93.2,232.8,2,7.7,8.5,98.6,7.0,7.7,7.0,7.7,7.7,7.6,8.5,7.9,7.7,7.0,7.7,8.5,8.3,7.0,7.7,12.2,7.7,7.0,7.7,7.7,7.7,8.4,7.7,7.7,9.1,13.3,7.0,7.7,7.0,8.4,7.0,7.0,7.7,7.7,7.0,7.7,7.7,7.0,5.6,7.7,8.4,7.7,7.0,7.7,8.4,0.0,0.0,0.0,0.0,0.0,0.0,0.0,0.0,0.0,0.0,0.0,0.0,0.0,0.0,0.0,0.0,0.0,0.0,0.0,0.0,0.0,0.0,0.0,0.0,0.0,0.0,0.0,0.0,0.0,0.0,0.0,0.0,0.0,0.0,0.0,0.0,0.0,0.0,0.0,0.0,0.0,0.0,0.0,0.0,0.0,0.0,0.0,0.0
2026-02-04T15:21:32.119568,1724.0,2.8,48,92.7,234.8,2,5.6,8.3,98.6,7.6,8.5,12.6,8.5,7.0,7.0,7.0,6.8,7.0,9.1,7.0,7.7,7.0,7.6,7.0,11.0,7.0,7.0,7.0,9.2,7.0,7.0,7.0,7.1,10.5,7.0,7.0,7.0,7.6,7.7,7.0,7.0,7.0,7.7,7.0,7.0,7.0,7.0,7.0,7.0,7.7,7.7,7.0,7.0,7.6,0.0,0.0,0.0,0.0,0.0,0.0,0.0,0.0,0.0,0.0,0.0,0.0,0.0,0.0,0.0,0.0,0.0,0.0,0.0,0.0,0.0,0.0,0.0,0.0,0.0,0.0,0.0,0.0,0.0,0.0,0.0,0.0,0.0,0.0,0.0,0.0,0.0,0.0,0.0,0.0,0.0,0.0,0.0,0.0,0.0,0.0,0.0,0.0
2026-02-04T15:21:34.345632,1726.2,2.7,48,92.7,233.3,2,7.0,7.7,97.9,7.7,7.7,7.0,7.7,8.0,7.8,7.7,8.3,7.0,7.7,8.3,10.6,7.0,7.7,7.0,9.1,7.0,7.7,7.6,6.9,8.4,7.7,7.0,6.9,10.5,7.0,7.7,7.7,7.0,7.7,13.4,7.7,7.7,7.0,7.7,7.7,7.0,7.7,7.0,7.0,8.5,7.7,7.0,7.7,7.7,0.0,0.0,0.0,0.0,0.0,0.0,0.0,0.0,0.0,0.0,0.0,0.0,0.0,0.0,0.0,0.0,0.0,0.0,0.0,0.0,0.0,0.0,0.0,0.0,0.0,0.0,0.0,0.0,0.0,0.0,0.0,0.0,0.0,0.0,0.0,0.0,0.0,0.0,0.0,0.0,0.0,0.0,0.0,0.0,0.0,0.0,0.0,0.0
2026-02-04T15:21:36.571998,1728.5,2.5,48,92.6,234.3,2,8.4,7.7,98.6,7.7,10.6,7.7,7.7,7.5,7.6,7.7,12.8,7.7,7.7,7.8,7.9,7.7,10.5,7.7,7.7,8.4,7.7,7.7,7.7,7.7,7.7,7.7,7.7,10.6,7.7,8.3,7.7,7.7,7.7,7.7,7.7,7.7,7.7,7.7,7.7,7.7,7.6,7.7,7.7,7.7,7.7,7.7,7.7,7.7,0.0,0.0,0.0,0.0,0.0,0.0,0.0,0.0,0.0,0.0,0.0,0.0,0.0,0.0,0.0,0.0,0.0,0.0,0.0,0.0,0.0,0.0,0.0,0.0,0.0,0.0,0.0,0.0,0.0,0.0,0.0,0.0,0.0,0.0,0.0,0.0,0.0,0.0,0.0,0.0,0.0,0.0,0.0,0.0,0.0,0.0,0.0,0.0
2026-02-04T15:21:38.797446,1730.7,2.6,48,93.1,233.3,2,8.3,7.7,98.6,7.7,8.4,7.6,7.7,8.4,7.7,7.7,8.9,8.4,7.7,8.4,8.7,7.7,8.4,7.7,7.7,7.7,7.7,10.3,8.5,9.1,8.4,7.7,7.7,9.1,7.7,7.7,7.7,7.7,8.5,8.3,7.7,7.7,14.0,7.7,7.7,7.7,7.8,6.3,7.7,7.7,6.3,7.7,7.7,7.7,0.0,0.0,0.0,0.0,0.0,0.0,0.0,0.0,0.0,0.0,0.0,0.0,0.0,0.0,0.0,0.0,0.0,0.0,0.0,0.0,0.0,0.0,0.0,0.0,0.0,0.0,0.0,0.0,0.0,0.0,0.0,0.0,0.0,0.0,0.0,0.0,0.0,0.0,0.0,0.0,0.0,0.0,0.0,0.0,0.0,0.0,0.0,0.0
2026-02-04T15:21:41.023585,1732.9,1.8,48,92.7,234.3,2,9.1,8.4,98.6,7.0,8.5,7.8,8.5,7.7,7.7,7.0,7.7,7.0,7.7,7.0,15.0,7.7,7.0,7.0,7.7,7.0,7.7,11.0,7.7,7.0,7.7,8.3,7.7,9.2,7.7,7.7,7.7,7.6,7.6,7.0,7.7,7.7,7.7,7.7,7.0,7.7,7.0,7.7,7.0,7.7,7.7,7.7,7.0,8.3,0.0,0.0,0.0,0.0,0.0,0.0,0.0,0.0,0.0,0.0,0.0,0.0,0.0,0.0,0.0,0.0,0.0,0.0,0.0,0.0,0.0,0.0,0.0,0.0,0.0,0.0,0.0,0.0,0.0,0.0,0.0,0.0,0.0,0.0,0.0,0.0,0.0,0.0,0.0,0.0,0.0,0.0,0.0,0.0,0.0,0.0,0.0,0.0
2026-02-04T15:21:43.278723,1735.1,3.0,48,93.3,234.3,2,7.7,7.0,98.6,7.0,9.1,8.4,6.9,7.7,7.7,7.0,9.2,7.0,9.2,7.0,7.7,7.0,7.0,7.0,7.0,7.7,7.7,11.0,7.7,7.0,8.4,7.0,7.7,7.7,8.4,7.0,7.0,7.7,8.5,7.0,9.7,7.7,7.0,7.0,7.7,7.0,7.7,7.0,7.6,7.0,8.3,7.7,7.7,7.0,0.0,0.0,0.0,0.0,0.0,0.0,0.0,0.0,0.0,0.0,0.0,0.0,0.0,0.0,0.0,0.0,0.0,0.0,0.0,0.0,0.0,0.0,0.0,0.0,0.0,0.0,0.0,0.0,0.0,0.0,0.0,0.0,0.0,0.0,0.0,0.0,0.0,0.0,0.0,0.0,0.0,0.0,0.0,0.0,0.0,0.0,0.0,0.0
2026-02-04T15:21:45.504310,1737.4,2.3,48,93.3,234.3,2,8.3,9.0,98.6,8.3,8.3,8.3,9.0,8.9,7.6,8.3,7.8,8.3,8.2,8.3,9.6,8.3,13.1,7.6,8.3,7.6,8.3,11.0,7.6,9.0,7.6,8.3,8.3,11.6,9.0,8.3,8.3,7.6,8.3,8.3,8.2,9.0,7.6,8.3,8.3,7.6,8.3,8.3,7.7,8.3,8.4,8.3,8.9,8.3,0.0,0.0,0.0,0.0,0.0,0.0,0.0,0.0,0.0,0.0,0.0,0.0,0.0,0.0,0.0,0.0,0.0,0.0,0.0,0.0,0.0,0.0,0.0,0.0,0.0,0.0,0.0,0.0,0.0,0.0,0.0,0.0,0.0,0.0,0.0,0.0,0.0,0.0,0.0,0.0,0.0,0.0,0.0,0.0,0.0,0.0,0.0,0.0
2026-02-04T15:21:47.728957,1739.6,2.5,48,123.5,234.3,2,8.5,6.3,99.3,6.3,8.5,7.3,8.5,6.3,7.7,6.3,7.7,6.3,8.5,6.3,9.9,7.0,7.7,6.3,7.7,6.3,7.7,12.3,6.3,7.0,7.0,7.0,7.0,7.7,9.2,6.3,7.0,7.0,7.0,7.8,9.1,7.0,8.3,6.3,7.0,6.3,7.0,8.4,7.0,9.1,12.7,6.3,7.0,6.3,0.0,0.0,0.0,0.0,0.0,0.0,0.0,0.0,0.0,0.0,0.0,0.0,0.0,0.0,0.0,0.0,0.0,0.0,0.0,0.0,0.0,0.0,0.0,0.0,0.0,0.0,0.0,0.0,0.0,0.0,0.0,0.0,0.0,0.0,0.0,0.0,0.0,0.0,0.0,0.0,0.0,0.0,0.0,0.0,0.0,0.0,0.0,0.0
2026-02-04T15:21:49.953718,1741.8,2.5,48,93.3,234.3,2,7.0,7.0,98.6,7.0,7.8,6.8,9.0,8.1,7.7,7.4,8.5,7.0,7.7,7.0,8.4,7.7,6.9,7.0,7.6,7.0,13.4,9.0,7.0,7.0,7.7,7.0,7.7,7.7,8.0,7.0,7.0,7.0,7.7,8.5,7.1,7.0,8.5,7.0,7.7,8.4,7.7,7.0,7.7,9.1,7.0,9.8,7.0,7.0,0.0,0.0,0.0,0.0,0.0,0.0,0.0,0.0,0.0,0.0,0.0,0.0,0.0,0.0,0.0,0.0,0.0,0.0,0.0,0.0,0.0,0.0,0.0,0.0,0.0,0.0,0.0,0.0,0.0,0.0,0.0,0.0,0.0,0.0,0.0,0.0,0.0,0.0,0.0,0.0,0.0,0.0,0.0,0.0,0.0,0.0,0.0,0.0
2026-02-04T15:21:52.178847,1744.1,2.2,48,92.6,233.3,2,8.4,7.6,79.5,13.3,29.0,7.9,9.2,8.2,7.7,7.5,8.5,7.7,7.7,7.0,7.8,8.3,7.9,8.7,8.3,8.7,7.7,11.7,7.7,9.4,9.8,8.7,7.7,9.2,7.9,8.7,8.7,8.7,8.3,8.4,8.7,8.7,8.5,8.7,9.4,8.7,8.7,7.6,8.7,8.3,7.7,8.7,8.7,8.6,0.0,0.0,0.0,0.0,0.0,0.0,0.0,0.0,0.0,0.0,0.0,0.0,0.0,0.0,0.0,0.0,0.0,0.0,0.0,0.0,0.0,0.0,0.0,0.0,0.0,0.0,0.0,0.0,0.0,0.0,0.0,0.0,0.0,0.0,0.0,0.0,0.0,0.0,0.0,0.0,0.0,0.0,0.0,0.0,0.0,0.0,0.0,0.0
2026-02-04T15:21:54.404048,1746.3,2.8,48,123.7,234.3,2,8.5,7.1,32.7,6.7,77.1,7.0,7.7,7.0,7.7,6.3,7.1,7.7,7.8,8.4,7.7,6.5,7.7,6.3,7.3,6.4,7.7,9.0,8.5,7.0,6.5,7.0,13.4,10.5,8.0,6.3,7.6,7.0,9.2,7.7,6.3,7.0,7.7,7.0,6.3,7.0,6.3,7.7,6.3,7.7,7.7,6.9,7.0,7.0,0.0,0.0,0.0,0.0,0.0,0.0,0.0,0.0,0.0,0.0,0.0,0.0,0.0,0.0,0.0,0.0,0.0,0.0,0.0,0.0,0.0,0.0,0.0,0.0,0.0,0.0,0.0,0.0,0.0,0.0,0.0,0.0,0.0,0.0,0.0,0.0,0.0,0.0,0.0,0.0,0.0,0.0,0.0,0.0,0.0,0.0,0.0,0.0
2026-02-04T15:21:56.628708,1748.5,2.4,48,93.1,233.9,2,7.7,7.0,98.7,7.0,8.4,7.6,7.7,13.7,8.5,9.0,8.4,7.0,7.7,7.0,11.2,7.3,5.6,7.0,7.0,7.6,7.7,7.0,7.7,7.0,8.3,7.0,7.7,9.2,8.4,7.7,5.9,7.7,5.6,9.0,7.7,7.7,7.7,7.0,8.3,7.0,7.7,7.7,7.0,8.5,7.7,7.0,7.7,7.0,0.0,0.0,0.0,0.0,0.0,0.0,0.0,0.0,0.0,0.0,0.0,0.0,0.0,0.0,0.0,0.0,0.0,0.0,0.0,0.0,0.0,0.0,0.0,0.0,0.0,0.0,0.0,0.0,0.0,0.0,0.0,0.0,0.0,0.0,0.0,0.0,0.0,0.0,0.0,0.0,0.0,0.0,0.0,0.0,0.0,0.0,0.0,0.0
2026-02-04T15:21:58.853879,1750.7,2.0,48,123.4,233.9,2,7.7,7.0,97.9,7.0,8.5,7.0,8.4,6.8,7.7,6.1,7.9,7.7,8.3,7.0,7.0,6.8,8.5,7.7,8.3,7.0,7.0,11.0,7.0,7.0,7.0,7.0,7.0,9.2,7.7,7.0,7.0,7.0,7.0,14.1,7.0,7.0,8.5,7.7,7.0,7.0,7.0,7.0,7.0,7.0,7.0,7.0,7.0,7.0,0.0,0.0,0.0,0.0,0.0,0.0,0.0,0.0,0.0,0.0,0.0,0.0,0.0,0.0,0.0,0.0,0.0,0.0,0.0,0.0,0.0,0.0,0.0,0.0,0.0,0.0,0.0,0.0,0.0,0.0,0.0,0.0,0.0,0.0,0.0,0.0,0.0,0.0,0.0,0.0,0.0,0.0,0.0,0.0,0.0,0.0,0.0,0.0
2026-02-04T15:22:01.078611,1753.0,2.7,48,92.7,234.0,2,6.9,7.7,99.3,8.5,8.4,8.5,7.7,8.5,8.5,7.3,8.0,7.7,7.8,14.0,9.2,7.7,6.2,8.4,6.7,7.7,7.7,10.3,8.4,7.7,7.7,7.7,7.7,7.7,8.5,7.0,7.7,7.7,7.7,6.9,7.7,7.7,7.7,7.0,7.7,7.7,8.5,7.7,7.0,9.0,7.7,7.7,7.7,7.7,0.0,0.0,0.0,0.0,0.0,0.0,0.0,0.0,0.0,0.0,0.0,0.0,0.0,0.0,0.0,0.0,0.0,0.0,0.0,0.0,0.0,0.0,0.0,0.0,0.0,0.0,0.0,0.0,0.0,0.0,0.0,0.0,0.0,0.0,0.0,0.0,0.0,0.0,0.0,0.0,0.0,0.0,0.0,0.0,0.0,0.0,0.0,0.0
2026-02-04T15:22:03.303632,1755.2,2.9,48,92.9,234.0,2,9.2,7.0,97.9,7.0,7.7,7.0,7.8,6.9,7.7,7.6,7.4,7.0,7.7,7.0,7.6,7.0,7.7,7.6,7.6,7.0,7.0,8.4,8.4,7.6,7.0,7.0,7.0,8.5,7.7,7.0,7.0,7.7,6.9,7.1,7.0,7.0,7.7,7.0,7.0,7.0,6.9,7.0,13.1,7.0,7.0,7.0,7.7,7.0,0.0,0.0,0.0,0.0,0.0,0.0,0.0,0.0,0.0,0.0,0.0,0.0,0.0,0.0,0.0,0.0,0.0,0.0,0.0,0.0,0.0,0.0,0.0,0.0,0.0,0.0,0.0,0.0,0.0,0.0,0.0,0.0,0.0,0.0,0.0,0.0,0.0,0.0,0.0,0.0,0.0,0.0,0.0,0.0,0.0,0.0,0.0,0.0
2026-02-04T15:22:05.558500,1757.4,51.7,48,124.2,234.0,2,8.4,7.7,97.9,7.7,7.7,7.7,7.7,7.7,8.5,7.7,8.4,7.7,7.7,7.7,10.4,7.7,7.7,7.7,7.7,8.4,11.1,7.7,7.7,8.4,9.0,7.7,7.7,10.5,7.7,8.3,7.7,7.7,11.1,7.7,7.7,7.7,9.0,8.4,8.4,7.7,8.4,7.7,7.7,7.7,7.7,8.3,7.7,7.7,0.0,0.0,0.0,0.0,0.0,0.0,0.0,0.0,0.0,0.0,0.0,0.0,0.0,0.0,0.0,0.0,0.0,0.0,0.0,0.0,0.0,0.0,0.0,0.0,0.0,0.0,0.0,0.0,0.0,0.0,0.0,0.0,0.0,0.0,0.0,0.0,0.0,0.0,0.0,0.0,0.0,0.0,0.0,0.0,0.0,0.0,0.0,0.0
2026-02-04T15:22:07.786867,1759.7,99.4,12,155.5,234.0,2,8.3,4.8,99.3,4.8,4.9,4.8,6.2,4.8,3.4,4.8,4.8,4.8,4.8,4.8,4.8,5.5,4.8,4.8,4.8,4.8,8.3,7.5,4.8,4.8,5.5,4.8,5.5,7.6,6.2,4.8,4.8,4.8,5.6,4.8,4.8,4.8,4.8,4.8,4.8,4.8,4.8,4.8,4.8,4.8,5.5,4.8,4.8,4.8,0.0,0.0,0.0,0.0,0.0,0.0,0.0,0.0,0.0,0.0,0.0,0.0,0.0,0.0,0.0,0.0,0.0,0.0,0.0,0.0,0.0,0.0,0.0,0.0,0.0,0.0,0.0,0.0,0.0,0.0,0.0,0.0,0.0,0.0,0.0,0.0,0.0,0.0,0.0,0.0,0.0,0.0,0.0,0.0,0.0,0.0,0.0,0.0
2026-02-04T15:22:10.013515,1761.9,2.0,2,9528.7,222.0,2,4.9,2.1,99.3,3.3,7.0,2.1,2.8,3.6,2.8,3.3,2.1,2.1,2.1,2.1,4.3,2.1,2.1,2.2,2.1,3.3,2.1,2.1,2.1,2.1,2.1,3.3,2.1,2.8,2.1,3.3,2.1,2.1,3.3,3.3,2.1,3.3,3.3,3.3,2.1,2.1,2.1,3.3,3.3,2.1,2.1,3.3,3.3,3.3,0.0,0.0,0.0,0.0,0.0,0.0,0.0,0.0,0.0,0.0,0.0,0.0,0.0,0.0,0.0,0.0,0.0,0.0,0.0,0.0,0.0,0.0,0.0,0.0,0.0,0.0,0.0,0.0,0.0,0.0,0.0,0.0,0.0,0.0,0.0,0.0,0.0,0.0,0.0,0.0,0.0,0.0,0.0,0.0,0.0,0.0,0.0,0.0
2026-02-04T15:22:12.239126,1764.1,2.3,48,93.1,242.7,2,7.7,8.4,97.9,5.8,7.7,8.4,9.2,7.5,7.9,5.7,7.6,9.0,8.3,8.3,8.4,7.7,8.4,7.9,7.7,5.7,8.3,7.7,8.6,7.7,7.8,6.3,7.7,9.8,9.8,5.7,8.5,8.3,5.7,9.9,7.7,5.8,6.2,5.8,7.7,7.7,8.4,5.8,5.8,7.6,7.6,6.2,5.8,6.2,0.0,0.0,0.0,0.0,0.0,0.0,0.0,0.0,0.0,0.0,0.0,0.0,0.0,0.0,0.0,0.0,0.0,0.0,0.0,0.0,0.0,0.0,0.0,0.0,0.0,0.0,0.0,0.0,0.0,0.0,0.0,0.0,0.0,0.0,0.0,0.0,0.0,0.0,0.0,0.0,0.0,0.0,0.0,0.0,0.0,0.0,0.0,0.0
2026-02-04T15:22:14.465134,1766.4,1.9,48,124.2,234.0,2,9.1,7.6,98.6,7.0,8.5,7.0,9.7,7.7,7.7,7.9,7.7,7.7,8.5,8.5,9.9,7.7,9.2,6.7,7.7,7.0,8.5,7.7,8.3,7.7,8.5,8.3,8.4,8.5,8.5,7.7,7.7,8.5,7.7,8.4,7.7,7.0,7.7,7.7,7.7,7.7,7.7,7.0,7.7,8.3,8.5,8.5,12.6,7.7,0.0,0.0,0.0,0.0,0.0,0.0,0.0,0.0,0.0,0.0,0.0,0.0,0.0,0.0,0.0,0.0,0.0,0.0,0.0,0.0,0.0,0.0,0.0,0.0,0.0,0.0,0.0,0.0,0.0,0.0,0.0,0.0,0.0,0.0,0.0,0.0,0.0,0.0,0.0,0.0,0.0,0.0,0.0,0.0,0.0,0.0,0.0,0.0
2026-02-04T15:22:16.691293,1768.6,2.7,48,92.9,234.0,2,9.7,7.7,97.9,7.0,7.7,7.1,8.5,8.3,7.7,11.0,8.9,7.0,7.7,8.5,7.7,7.0,7.7,7.0,9.0,7.0,8.4,13.4,8.4,7.7,7.7,7.7,7.7,9.8,9.2,7.7,7.7,7.0,7.0,7.7,7.7,7.0,7.0,7.7,7.7,7.6,7.7,7.7,7.0,8.5,7.0,7.7,7.7,6.3,0.0,0.0,0.0,0.0,0.0,0.0,0.0,0.0,0.0,0.0,0.0,0.0,0.0,0.0,0.0,0.0,0.0,0.0,0.0,0.0,0.0,0.0,0.0,0.0,0.0,0.0,0.0,0.0,0.0,0.0,0.0,0.0,0.0,0.0,0.0,0.0,0.0,0.0,0.0,0.0,0.0,0.0,0.0,0.0,0.0,0.0,0.0,0.0
2026-02-04T15:22:18.918014,1770.8,2.3,48,124.1,234.0,2,7.7,7.0,97.2,7.0,7.0,7.7,9.2,7.7,7.6,5.9,7.4,7.7,7.7,8.4,7.0,7.0,7.7,7.0,7.8,13.4,7.1,7.0,9.2,7.0,7.0,7.0,7.7,9.9,7.7,7.7,7.7,7.7,9.0,7.0,6.9,7.0,7.0,7.0,7.6,7.1,7.7,7.0,7.0,7.0,8.4,7.0,7.7,7.7,0.0,0.0,0.0,0.0,0.0,0.0,0.0,0.0,0.0,0.0,0.0,0.0,0.0,0.0,0.0,0.0,0.0,0.0,0.0,0.0,0.0,0.0,0.0,0.0,0.0,0.0,0.0,0.0,0.0,0.0,0.0,0.0,0.0,0.0,0.0,0.0,0.0,0.0,0.0,0.0,0.0,0.0,0.0,0.0,0.0,0.0,0.0,0.0
2026-02-04T15:22:21.144251,1773.0,2.5,48,92.9,234.0,2,11.6,7.7,98.6,8.5,9.9,8.3,9.1,7.7,8.4,7.7,9.2,8.4,7.7,8.4,9.7,8.5,9.1,7.0,9.0,7.7,8.4,7.0,7.7,8.5,7.7,7.7,8.4,10.5,7.7,7.7,8.5,7.7,7.7,8.5,8.5,8.5,8.5,7.7,8.5,7.7,7.7,8.4,8.5,8.4,8.5,14.0,6.3,7.7,0.0,0.0,0.0,0.0,0.0,0.0,0.0,0.0,0.0,0.0,0.0,0.0,0.0,0.0,0.0,0.0,0.0,0.0,0.0,0.0,0.0,0.0,0.0,0.0,0.0,0.0,0.0,0.0,0.0,0.0,0.0,0.0,0.0,0.0,0.0,0.0,0.0,0.0,0.0,0.0,0.0,0.0,0.0,0.0,0.0,0.0,0.0,0.0
2026-02-04T15:22:23.370793,1775.3,1.9,48,123.5,234.0,2,11.0,7.0,98.6,7.0,9.0,7.7,10.6,7.0,8.5,7.0,9.1,7.7,7.7,8.4,7.8,7.2,8.4,7.0,7.7,7.0,7.7,7.0,7.7,7.7,7.7,14.0,7.0,11.1,9.8,7.0,7.7,7.0,9.2,7.0,7.7,7.0,7.0,7.0,8.4,7.0,7.7,7.0,7.7,7.0,7.7,7.0,7.7,7.0,0.0,0.0,0.0,0.0,0.0,0.0,0.0,0.0,0.0,0.0,0.0,0.0,0.0,0.0,0.0,0.0,0.0,0.0,0.0,0.0,0.0,0.0,0.0,0.0,0.0,0.0,0.0,0.0,0.0,0.0,0.0,0.0,0.0,0.0,0.0,0.0,0.0,0.0,0.0,0.0,0.0,0.0,0.0,0.0,0.0,0.0,0.0,0.0
2026-02-04T15:22:25.597117,1777.5,2.1,48,92.8,234.0,2,11.0,9.0,97.9,15.3,9.1,7.7,14.7,15.3,8.4,12.4,10.3,7.7,7.6,7.7,9.0,8.2,8.4,11.5,8.3,16.7,7.6,10.3,7.6,11.0,7.7,15.3,8.3,8.4,9.6,8.8,8.4,7.7,9.4,15.3,16.9,10.3,16.7,15.3,16.7,15.3,7.7,7.7,15.3,8.4,8.3,8.5,8.5,15.3,0.0,0.0,0.0,0.0,0.0,0.0,0.0,0.0,0.0,0.0,0.0,0.0,0.0,0.0,0.0,0.0,0.0,0.0,0.0,0.0,0.0,0.0,0.0,0.0,0.0,0.0,0.0,0.0,0.0,0.0,0.0,0.0,0.0,0.0,0.0,0.0,0.0,0.0,0.0,0.0,0.0,0.0,0.0,0.0,0.0,0.0,0.0,0.0
2026-02-04T15:22:27.851951,1779.7,2.3,43,92.4,234.0,2,7.8,7.0,49.3,4.7,9.2,7.0,9.2,4.7,8.5,5.8,9.8,7.8,64.1,7.1,9.2,7.7,7.1,5.8,9.7,4.7,7.7,6.2,7.7,5.4,8.4,5.2,7.1,11.9,6.5,7.2,7.0,7.7,7.0,5.2,5.2,8.4,5.2,4.7,5.2,4.7,7.0,8.4,5.1,7.8,7.8,7.0,7.7,7.0,0.0,0.0,0.0,0.0,0.0,0.0,0.0,0.0,0.0,0.0,0.0,0.0,0.0,0.0,0.0,0.0,0.0,0.0,0.0,0.0,0.0,0.0,0.0,0.0,0.0,0.0,0.0,0.0,0.0,0.0,0.0,0.0,0.0,0.0,0.0,0.0,0.0,0.0,0.0,0.0,0.0,0.0,0.0,0.0,0.0,0.0,0.0,0.0
2026-02-04T15:22:30.077128,1782.0,2.7,48,123.5,234.0,2,8.2,7.6,63.1,7.6,9.5,7.6,7.6,7.6,7.6,7.6,5.5,8.3,46.2,7.6,9.0,14.6,8.3,11.1,8.4,7.6,7.6,8.8,9.1,8.3,9.0,7.6,7.6,9.0,7.6,7.7,8.3,7.6,7.6,7.6,8.3,9.0,9.0,7.6,8.3,7.6,7.6,7.6,7.6,7.6,7.6,8.3,7.6,7.7,0.0,0.0,0.0,0.0,0.0,0.0,0.0,0.0,0.0,0.0,0.0,0.0,0.0,0.0,0.0,0.0,0.0,0.0,0.0,0.0,0.0,0.0,0.0,0.0,0.0,0.0,0.0,0.0,0.0,0.0,0.0,0.0,0.0,0.0,0.0,0.0,0.0,0.0,0.0,0.0,0.0,0.0,0.0,0.0,0.0,0.0,0.0,0.0
2026-02-04T15:22:32.302407,1784.2,1.9,48,92.9,234.0,2,8.4,7.0,97.9,7.7,9.2,7.0,8.3,8.5,9.1,8.3,9.2,8.3,7.7,7.6,8.4,7.7,8.4,5.3,7.7,7.7,7.8,10.4,7.7,7.0,7.7,7.7,7.0,8.5,7.7,7.0,7.0,7.7,7.7,7.0,7.7,7.0,7.0,7.7,7.7,7.7,14.0,7.7,7.7,7.6,7.7,7.6,7.7,8.4,0.0,0.0,0.0,0.0,0.0,0.0,0.0,0.0,0.0,0.0,0.0,0.0,0.0,0.0,0.0,0.0,0.0,0.0,0.0,0.0,0.0,0.0,0.0,0.0,0.0,0.0,0.0,0.0,0.0,0.0,0.0,0.0,0.0,0.0,0.0,0.0,0.0,0.0,0.0,0.0,0.0,0.0,0.0,0.0,0.0,0.0,0.0,0.0
2026-02-04T15:22:34.527549,1786.4,2.3,48,123.8,234.0,2,9.2,7.7,58.7,7.9,9.2,8.4,7.8,7.9,8.5,6.8,12.9,7.8,49.0,8.6,9.9,7.7,9.8,7.9,9.2,7.9,8.3,11.7,7.7,14.1,8.3,8.6,9.1,9.8,8.5,8.4,8.4,7.7,8.6,7.9,9.1,7.9,8.4,8.6,7.9,8.6,7.7,8.4,7.9,8.5,8.5,8.4,7.7,8.6,0.0,0.0,0.0,0.0,0.0,0.0,0.0,0.0,0.0,0.0,0.0,0.0,0.0,0.0,0.0,0.0,0.0,0.0,0.0,0.0,0.0,0.0,0.0,0.0,0.0,0.0,0.0,0.0,0.0,0.0,0.0,0.0,0.0,0.0,0.0,0.0,0.0,0.0,0.0,0.0,0.0,0.0,0.0,0.0,0.0,0.0,0.0,0.0
2026-02-04T15:22:36.752906,1788.6,2.2,48,92.6,234.0,2,8.5,14.1,46.6,8.3,9.0,7.7,7.6,7.5,7.6,10.4,5.7,7.7,63.8,7.6,10.6,7.8,8.5,8.3,7.7,7.6,7.7,9.7,7.8,7.7,7.7,8.3,8.4,9.7,7.7,8.5,7.7,7.7,7.5,7.6,7.7,7.6,7.8,7.6,7.6,7.6,7.7,7.8,7.6,8.5,7.7,8.5,7.7,7.6,0.0,0.0,0.0,0.0,0.0,0.0,0.0,0.0,0.0,0.0,0.0,0.0,0.0,0.0,0.0,0.0,0.0,0.0,0.0,0.0,0.0,0.0,0.0,0.0,0.0,0.0,0.0,0.0,0.0,0.0,0.0,0.0,0.0,0.0,0.0,0.0,0.0,0.0,0.0,0.0,0.0,0.0,0.0,0.0,0.0,0.0,0.0,0.0
2026-02-04T15:22:38.978059,1790.9,2.0,48,92.5,234.0,2,7.7,7.0,97.9,8.3,9.9,7.7,8.5,7.7,7.1,6.6,8.5,8.5,9.1,8.5,9.0,7.6,8.3,7.7,8.3,7.7,8.5,9.1,7.6,8.5,7.7,8.4,7.8,10.5,9.1,14.0,7.7,8.5,9.9,7.7,7.7,7.7,8.4,9.1,7.7,8.4,7.7,7.7,7.7,8.5,7.8,7.0,8.3,7.7,0.0,0.0,0.0,0.0,0.0,0.0,0.0,0.0,0.0,0.0,0.0,0.0,0.0,0.0,0.0,0.0,0.0,0.0,0.0,0.0,0.0,0.0,0.0,0.0,0.0,0.0,0.0,0.0,0.0,0.0,0.0,0.0,0.0,0.0,0.0,0.0,0.0,0.0,0.0,0.0,0.0,0.0,0.0,0.0,0.0,0.0,0.0,0.0
2026-02-04T15:22:41.202903,1793.1,2.2,48,93.3,234.0,2,7.6,7.7,98.6,7.7,9.1,7.7,7.7,7.7,7.7,13.8,7.7,7.7,7.2,7.7,7.0,7.7,8.5,7.7,9.8,7.7,7.7,7.7,10.6,7.7,7.7,7.7,7.7,9.8,7.7,8.3,7.7,7.7,7.6,7.7,7.7,7.7,7.7,7.7,7.7,7.7,7.6,7.7,8.4,7.7,8.3,7.7,8.4,7.7,0.0,0.0,0.0,0.0,0.0,0.0,0.0,0.0,0.0,0.0,0.0,0.0,0.0,0.0,0.0,0.0,0.0,0.0,0.0,0.0,0.0,0.0,0.0,0.0,0.0,0.0,0.0,0.0,0.0,0.0,0.0,0.0,0.0,0.0,0.0,0.0,0.0,0.0,0.0,0.0,0.0,0.0,0.0,0.0,0.0,0.0,0.0,0.0
2026-02-04T15:22:43.428374,1795.3,2.5,48,92.4,234.0,2,9.2,8.5,99.3,7.1,8.4,7.7,9.2,7.0,9.8,7.6,8.3,8.4,8.4,7.7,9.1,7.7,7.0,7.7,7.7,7.7,7.7,10.5,7.7,7.0,7.0,7.7,7.7,8.5,8.4,7.7,7.0,7.0,8.5,7.7,7.0,7.7,14.0,7.0,8.5,7.7,7.7,8.4,8.4,7.7,7.7,6.9,7.0,7.7,0.0,0.0,0.0,0.0,0.0,0.0,0.0,0.0,0.0,0.0,0.0,0.0,0.0,0.0,0.0,0.0,0.0,0.0,0.0,0.0,0.0,0.0,0.0,0.0,0.0,0.0,0.0,0.0,0.0,0.0,0.0,0.0,0.0,0.0,0.0,0.0,0.0,0.0,0.0,0.0,0.0,0.0,0.0,0.0,0.0,0.0,0.0,0.0
2026-02-04T15:22:45.653685,1797.5,2.5,48,124.2,234.0,2,8.5,7.0,97.9,7.0,10.5,7.0,8.4,7.0,6.9,7.6,9.2,8.4,9.8,7.6,9.2,7.0,14.0,7.0,7.7,7.0,7.7,7.0,7.7,7.0,7.0,7.0,7.0,11.2,7.7,7.0,7.0,7.0,7.0,7.0,6.9,7.0,7.0,7.7,7.0,8.5,7.0,7.0,7.0,7.0,7.0,7.7,7.7,7.0,0.0,0.0,0.0,0.0,0.0,0.0,0.0,0.0,0.0,0.0,0.0,0.0,0.0,0.0,0.0,0.0,0.0,0.0,0.0,0.0,0.0,0.0,0.0,0.0,0.0,0.0,0.0,0.0,0.0,0.0,0.0,0.0,0.0,0.0,0.0,0.0,0.0,0.0,0.0,0.0,0.0,0.0,0.0,0.0,0.0,0.0,0.0,0.0
2026-02-04T15:22:47.878234,1799.8,4.4,48,93.0,234.0,2,9.7,7.7,98.6,7.7,8.5,8.5,9.2,7.7,9.3,7.2,9.2,8.4,8.5,7.2,8.5,7.8,9.2,8.5,7.7,8.5,8.5,7.7,8.5,7.7,7.7,8.5,7.7,10.5,8.5,8.5,9.2,8.5,11.1,8.5,11.9,8.5,9.2,8.5,8.5,7.7,8.5,8.5,8.5,8.4,11.1,8.5,8.4,7.7,0.0,0.0,0.0,0.0,0.0,0.0,0.0,0.0,0.0,0.0,0.0,0.0,0.0,0.0,0.0,0.0,0.0,0.0,0.0,0.0,0.0,0.0,0.0,0.0,0.0,0.0,0.0,0.0,0.0,0.0,0.0,0.0,0.0,0.0,0.0,0.0,0.0,0.0,0.0,0.0,0.0,0.0,0.0,0.0,0.0,0.0,0.0,0.0
2026-02-04T15:22:50.119359,1802.0,100.0,48,185.1,234.0,2,7.6,7.6,99.3,7.6,7.0,7.6,9.0,7.6,6.9,7.6,7.6,7.0,7.6,6.9,9.0,6.9,7.6,6.9,6.9,6.9,6.9,6.9,8.3,6.9,6.9,6.9,6.9,8.4,6.9,6.9,7.6,6.9,11.6,6.9,7.0,6.9,6.9,6.9,7.5,6.9,6.9,6.9,6.9,7.0,7.0,7.5,7.7,6.9,0.0,0.0,0.0,0.0,0.0,0.0,0.0,0.0,0.0,0.0,0.0,0.0,0.0,0.0,0.0,0.0,0.0,0.0,0.0,0.0,0.0,0.0,0.0,0.0,0.0,0.0,0.0,0.0,0.0,0.0,0.0,0.0,0.0,0.0,0.0,0.0,0.0,0.0,0.0,0.0,0.0,0.0,0.0,0.0,0.0,0.0,0.0,0.0
2026-02-04T15:22:52.353057,1804.2,17.7,3,8684.1,222.0,2,3.5,2.1,99.3,0.7,2.1,1.4,0.7,2.1,2.1,0.7,2.8,0.7,2.1,0.7,5.6,0.7,2.8,1.4,1.4,1.4,1.4,1.4,2.1,1.4,1.4,7.0,1.4,2.8,0.7,2.1,2.1,0.7,4.1,2.1,2.1,2.1,1.4,2.1,2.1,1.4,2.1,1.4,2.1,2.1,1.4,1.4,1.4,1.4,0.0,0.0,0.0,0.0,0.0,0.0,0.0,0.0,0.0,0.0,0.0,0.0,0.0,0.0,0.0,0.0,0.0,0.0,0.0,0.0,0.0,0.0,0.0,0.0,0.0,0.0,0.0,0.0,0.0,0.0,0.0,0.0,0.0,0.0,0.0,0.0,0.0,0.0,0.0,0.0,0.0,0.0,0.0,0.0,0.0,0.0,0.0,0.0
2026-02-04T15:22:54.578483,1806.5,2.2,47,93.1,235.9,2,4.9,6.4,97.9,6.4,7.7,6.3,13.4,7.1,7.1,6.6,8.9,6.3,7.8,6.3,7.1,6.3,7.7,7.0,8.3,6.4,6.3,6.4,7.0,6.4,6.3,6.4,6.3,8.5,6.3,6.3,6.4,6.4,7.6,6.4,6.3,7.0,6.4,6.4,6.4,6.4,6.4,6.4,6.4,6.3,6.3,7.1,7.0,6.4,0.0,0.0,0.0,0.0,0.0,0.0,0.0,0.0,0.0,0.0,0.0,0.0,0.0,0.0,0.0,0.0,0.0,0.0,0.0,0.0,0.0,0.0,0.0,0.0,0.0,0.0,0.0,0.0,0.0,0.0,0.0,0.0,0.0,0.0,0.0,0.0,0.0,0.0,0.0,0.0,0.0,0.0,0.0,0.0,0.0,0.0,0.0,0.0
2026-02-04T15:22:56.803206,1808.7,2.0,48,92.5,234.0,2,9.9,7.0,97.9,7.6,8.5,7.0,7.7,7.0,8.3,6.8,6.0,7.8,8.3,7.0,9.0,7.1,7.1,8.2,7.0,7.7,7.0,7.7,7.9,7.7,7.7,7.7,7.0,7.0,7.8,7.0,7.7,7.0,10.4,7.7,13.5,7.0,7.7,7.0,7.0,7.7,7.0,7.0,7.0,8.5,7.0,7.0,7.8,7.0,0.0,0.0,0.0,0.0,0.0,0.0,0.0,0.0,0.0,0.0,0.0,0.0,0.0,0.0,0.0,0.0,0.0,0.0,0.0,0.0,0.0,0.0,0.0,0.0,0.0,0.0,0.0,0.0,0.0,0.0,0.0,0.0,0.0,0.0,0.0,0.0,0.0,0.0,0.0,0.0,0.0,0.0,0.0,0.0,0.0,0.0,0.0,0.0
2026-02-04T15:22:59.028205,1810.9,2.8,48,123.5,234.0,2,9.7,9.2,98.6,23.5,9.8,9.7,7.7,23.1,9.2,16.4,11.3,9.0,13.6,16.4,9.0,8.9,8.3,16.7,8.3,23.5,8.7,23.5,9.0,21.2,12.2,23.5,8.5,9.8,10.9,7.7,9.2,8.3,8.4,21.6,10.4,23.5,9.8,23.5,23.5,9.4,8.5,8.4,8.5,8.3,8.3,8.4,23.1,23.5,0.0,0.0,0.0,0.0,0.0,0.0,0.0,0.0,0.0,0.0,0.0,0.0,0.0,0.0,0.0,0.0,0.0,0.0,0.0,0.0,0.0,0.0,0.0,0.0,0.0,0.0,0.0,0.0,0.0,0.0,0.0,0.0,0.0,0.0,0.0,0.0,0.0,0.0,0.0,0.0,0.0,0.0,0.0,0.0,0.0,0.0,0.0,0.0
2026-02-04T15:23:01.253014,1813.1,2.5,38,92.8,234.0,2,8.5,7.6,98.6,4.7,10.4,7.7,7.7,4.7,7.7,5.2,6.7,9.1,5.6,5.7,9.3,7.3,8.5,4.7,8.5,4.7,7.5,4.7,7.7,5.4,5.7,5.4,7.7,11.1,6.3,7.7,7.7,7.8,7.9,4.7,7.7,4.7,9.2,5.4,4.7,6.6,15.9,8.4,7.7,7.8,7.8,7.7,4.7,4.7,0.0,0.0,0.0,0.0,0.0,0.0,0.0,0.0,0.0,0.0,0.0,0.0,0.0,0.0,0.0,0.0,0.0,0.0,0.0,0.0,0.0,0.0,0.0,0.0,0.0,0.0,0.0,0.0,0.0,0.0,0.0,0.0,0.0,0.0,0.0,0.0,0.0,0.0,0.0,0.0,0.0,0.0,0.0,0.0,0.0,0.0,0.0,0.0
2026-02-04T15:23:03.478437,1815.4,2.4,48,123.2,234.0,2,8.5,7.0,98.6,7.7,9.2,8.5,7.8,7.0,7.1,7.7,7.7,8.4,7.7,7.7,8.4,7.0,7.7,7.7,9.2,7.7,7.7,13.3,7.7,6.9,7.0,7.5,7.7,8.5,7.7,7.7,8.5,8.5,6.9,9.0,9.0,8.3,7.7,5.8,7.7,7.7,7.0,7.8,7.7,7.7,7.7,8.5,7.7,7.7,0.0,0.0,0.0,0.0,0.0,0.0,0.0,0.0,0.0,0.0,0.0,0.0,0.0,0.0,0.0,0.0,0.0,0.0,0.0,0.0,0.0,0.0,0.0,0.0,0.0,0.0,0.0,0.0,0.0,0.0,0.0,0.0,0.0,0.0,0.0,0.0,0.0,0.0,0.0,0.0,0.0,0.0,0.0,0.0,0.0,0.0,0.0,0.0
2026-02-04T15:23:05.704382,1817.6,2.4,48,92.8,234.0,2,7.7,7.0,43.4,7.0,66.7,7.9,7.0,7.9,7.0,7.0,7.0,7.1,7.0,7.0,8.3,7.0,7.0,8.4,7.7,7.0,8.5,7.7,7.0,8.3,7.7,7.0,7.0,8.4,5.6,6.9,7.0,7.0,9.0,7.0,7.8,7.0,7.0,7.0,8.4,7.0,9.7,7.0,7.0,7.0,7.0,7.0,7.1,7.0,0.0,0.0,0.0,0.0,0.0,0.0,0.0,0.0,0.0,0.0,0.0,0.0,0.0,0.0,0.0,0.0,0.0,0.0,0.0,0.0,0.0,0.0,0.0,0.0,0.0,0.0,0.0,0.0,0.0,0.0,0.0,0.0,0.0,0.0,0.0,0.0,0.0,0.0,0.0,0.0,0.0,0.0,0.0,0.0,0.0,0.0,0.0,0.0
2026-02-04T15:23:07.929683,1819.8,1.8,48,92.9,234.0,2,6.9,7.0,65.0,8.3,42.6,6.9,9.0,6.8,8.5,7.6,7.0,8.5,7.8,7.0,9.1,7.0,8.3,8.2,7.7,7.0,7.7,8.2,7.0,8.2,8.2,9.0,7.0,7.7,8.0,7.1,7.0,7.7,10.4,8.2,7.7,7.1,8.2,9.0,8.9,7.0,8.4,7.7,9.1,7.0,7.0,7.7,11.8,9.8,0.0,0.0,0.0,0.0,0.0,0.0,0.0,0.0,0.0,0.0,0.0,0.0,0.0,0.0,0.0,0.0,0.0,0.0,0.0,0.0,0.0,0.0,0.0,0.0,0.0,0.0,0.0,0.0,0.0,0.0,0.0,0.0,0.0,0.0,0.0,0.0,0.0,0.0,0.0,0.0,0.0,0.0,0.0,0.0,0.0,0.0,0.0,0.0
2026-02-04T15:23:10.155249,1822.0,2.6,48,92.5,234.0,2,7.7,7.7,98.6,6.7,8.4,7.7,8.4,10.2,7.7,7.7,8.8,7.6,7.6,10.2,7.7,7.7,8.8,6.7,7.7,7.7,7.7,6.7,8.3,6.7,6.7,6.7,7.7,8.4,5.6,7.7,8.3,7.6,8.0,6.7,7.6,8.2,6.7,6.7,6.7,7.7,10.5,7.7,6.7,7.6,7.7,8.5,5.4,6.8,0.0,0.0,0.0,0.0,0.0,0.0,0.0,0.0,0.0,0.0,0.0,0.0,0.0,0.0,0.0,0.0,0.0,0.0,0.0,0.0,0.0,0.0,0.0,0.0,0.0,0.0,0.0,0.0,0.0,0.0,0.0,0.0,0.0,0.0,0.0,0.0,0.0,0.0,0.0,0.0,0.0,0.0,0.0,0.0,0.0,0.0,0.0,0.0
2026-02-04T15:23:12.411795,1824.3,2.8,48,92.5,234.0,2,7.7,8.4,98.6,7.0,8.3,7.0,8.5,5.6,8.4,7.1,8.6,7.1,7.7,5.6,7.0,7.0,7.1,7.0,9.1,7.0,8.4,7.0,7.0,7.0,7.0,7.0,7.0,9.9,6.9,8.5,7.1,7.1,9.3,7.0,8.5,7.0,7.0,7.7,14.7,7.0,7.0,7.0,7.0,7.1,7.1,7.0,7.1,7.0,0.0,0.0,0.0,0.0,0.0,0.0,0.0,0.0,0.0,0.0,0.0,0.0,0.0,0.0,0.0,0.0,0.0,0.0,0.0,0.0,0.0,0.0,0.0,0.0,0.0,0.0,0.0,0.0,0.0,0.0,0.0,0.0,0.0,0.0,0.0,0.0,0.0,0.0,0.0,0.0,0.0,0.0,0.0,0.0,0.0,0.0,0.0,0.0
2026-02-04T15:23:14.637931,1826.5,4.4,48,123.9,234.0,2,7.0,6.9,98.6,7.6,11.7,7.7,8.3,6.9,6.9,8.3,9.7,7.6,7.0,12.8,9.0,7.5,8.3,8.3,8.3,6.9,6.9,13.9,8.4,9.0,8.3,6.9,9.0,11.1,7.7,7.6,7.6,7.6,9.0,8.3,8.3,6.9,7.6,8.3,12.2,6.9,9.5,6.9,7.6,7.6,8.3,7.6,8.3,10.8,0.0,0.0,0.0,0.0,0.0,0.0,0.0,0.0,0.0,0.0,0.0,0.0,0.0,0.0,0.0,0.0,0.0,0.0,0.0,0.0,0.0,0.0,0.0,0.0,0.0,0.0,0.0,0.0,0.0,0.0,0.0,0.0,0.0,0.0,0.0,0.0,0.0,0.0,0.0,0.0,0.0,0.0,0.0,0.0,0.0,0.0,0.0,0.0
2026-02-04T15:23:16.863758,1828.8,2.1,48,93.0,234.0,2,8.5,7.7,98.6,7.7,7.7,8.5,9.2,7.7,9.7,9.5,12.2,7.8,7.7,5.7,12.4,7.9,8.5,7.7,8.5,7.7,7.7,7.7,7.7,7.7,7.7,7.7,7.7,10.5,7.7,7.7,7.7,7.7,7.7,7.7,8.5,7.7,7.7,7.7,9.1,7.7,7.8,7.7,8.4,7.7,8.4,8.4,7.7,10.3,0.0,0.0,0.0,0.0,0.0,0.0,0.0,0.0,0.0,0.0,0.0,0.0,0.0,0.0,0.0,0.0,0.0,0.0,0.0,0.0,0.0,0.0,0.0,0.0,0.0,0.0,0.0,0.0,0.0,0.0,0.0,0.0,0.0,0.0,0.0,0.0,0.0,0.0,0.0,0.0,0.0,0.0,0.0,0.0,0.0,0.0,0.0,0.0
2026-02-04T15:23:19.089623,1831.0,2.1,48,124.2,234.0,2,10.3,7.6,98.6,7.0,9.2,7.0,10.6,7.0,9.2,5.9,7.1,8.4,7.6,7.0,9.8,7.0,12.4,7.0,7.7,7.0,7.6,7.0,7.0,7.7,7.7,7.0,13.4,11.7,7.7,7.7,7.7,7.0,8.3,7.0,7.7,7.0,7.7,7.0,9.1,7.0,7.7,7.0,7.7,7.6,7.7,7.0,7.0,7.0,0.0,0.0,0.0,0.0,0.0,0.0,0.0,0.0,0.0,0.0,0.0,0.0,0.0,0.0,0.0,0.0,0.0,0.0,0.0,0.0,0.0,0.0,0.0,0.0,0.0,0.0,0.0,0.0,0.0,0.0,0.0,0.0,0.0,0.0,0.0,0.0,0.0,0.0,0.0,0.0,0.0,0.0,0.0,0.0,0.0,0.0,0.0,0.0
2026-02-04T15:23:21.315676,1833.2,2.4,48,92.6,234.0,2,7.7,7.7,97.2,7.0,7.7,14.1,7.7,7.0,7.0,7.0,8.0,7.0,7.8,7.0,9.0,6.8,5.8,8.4,7.7,7.0,7.1,7.0,7.0,7.0,8.1,7.0,7.0,8.4,7.1,8.5,6.9,7.7,7.6,7.0,7.0,7.0,7.0,7.0,7.1,7.0,7.0,7.0,7.0,7.0,7.0,7.0,7.0,7.0,0.0,0.0,0.0,0.0,0.0,0.0,0.0,0.0,0.0,0.0,0.0,0.0,0.0,0.0,0.0,0.0,0.0,0.0,0.0,0.0,0.0,0.0,0.0,0.0,0.0,0.0,0.0,0.0,0.0,0.0,0.0,0.0,0.0,0.0,0.0,0.0,0.0,0.0,0.0,0.0,0.0,0.0,0.0,0.0,0.0,0.0,0.0,0.0
2026-02-04T15:23:23.541827,1835.4,2.5,48,92.7,234.0,2,9.1,6.4,98.6,7.0,10.4,7.0,7.7,7.0,7.0,7.6,7.5,7.7,7.7,7.0,8.5,11.0,7.8,7.7,7.7,7.0,7.0,7.7,8.4,7.0,6.8,6.9,7.7,9.2,7.0,7.0,7.8,6.9,7.1,13.3,7.0,7.7,7.0,7.6,7.7,7.0,7.0,7.0,7.7,7.7,7.0,7.0,7.0,7.0,0.0,0.0,0.0,0.0,0.0,0.0,0.0,0.0,0.0,0.0,0.0,0.0,0.0,0.0,0.0,0.0,0.0,0.0,0.0,0.0,0.0,0.0,0.0,0.0,0.0,0.0,0.0,0.0,0.0,0.0,0.0,0.0,0.0,0.0,0.0,0.0,0.0,0.0,0.0,0.0,0.0,0.0,0.0,0.0,0.0,0.0,0.0,0.0
2026-02-04T15:23:25.769970,1837.7,40.2,48,61.7,234.0,2,7.0,7.5,98.6,7.7,7.0,8.5,9.9,8.4,8.5,7.7,7.7,7.7,7.7,11.2,8.5,7.7,7.7,7.7,7.7,7.7,9.0,7.7,7.7,7.7,7.7,7.7,7.7,10.4,7.0,7.7,7.7,7.8,7.6,8.4,8.5,8.4,9.2,8.5,8.4,8.5,8.5,8.5,7.7,8.5,7.7,8.5,7.6,9.1,0.0,0.0,0.0,0.0,0.0,0.0,0.0,0.0,0.0,0.0,0.0,0.0,0.0,0.0,0.0,0.0,0.0,0.0,0.0,0.0,0.0,0.0,0.0,0.0,0.0,0.0,0.0,0.0,0.0,0.0,0.0,0.0,0.0,0.0,0.0,0.0,0.0,0.0,0.0,0.0,0.0,0.0,0.0,0.0,0.0,0.0,0.0,0.0
2026-02-04T15:23:27.999335,1839.9,100.0,43,124.2,234.1,2,5.6,7.0,100.0,5.5,6.3,5.5,6.9,5.5,5.5,4.8,5.5,5.5,4.8,8.4,6.2,6.2,6.2,5.5,5.5,5.5,5.6,5.5,5.5,5.5,5.5,5.5,5.5,7.0,5.5,5.5,5.5,5.5,6.3,5.5,5.5,4.8,6.2,5.5,5.5,4.8,5.5,4.8,5.5,6.2,5.5,6.2,5.6,5.6,0.0,0.0,0.0,0.0,0.0,0.0,0.0,0.0,0.0,0.0,0.0,0.0,0.0,0.0,0.0,0.0,0.0,0.0,0.0,0.0,0.0,0.0,0.0,0.0,0.0,0.0,0.0,0.0,0.0,0.0,0.0,0.0,0.0,0.0,0.0,0.0,0.0,0.0,0.0,0.0,0.0,0.0,0.0,0.0,0.0,0.0,0.0,0.0
2026-02-04T15:23:30.226475,1842.1,2.0,3,3742.7,215.9,2,3.5,2.8,98.6,2.1,2.8,2.8,2.8,2.8,2.8,2.8,2.8,4.2,2.8,2.8,2.8,5.6,2.8,2.1,2.8,2.1,3.5,2.8,3.5,2.8,2.8,2.1,2.9,4.2,2.8,2.8,2.8,2.8,2.8,2.8,2.8,2.8,2.8,2.8,2.8,2.8,2.8,2.8,2.8,2.8,8.5,2.8,2.8,2.8,0.0,0.0,0.0,0.0,0.0,0.0,0.0,0.0,0.0,0.0,0.0,0.0,0.0,0.0,0.0,0.0,0.0,0.0,0.0,0.0,0.0,0.0,0.0,0.0,0.0,0.0,0.0,0.0,0.0,0.0,0.0,0.0,0.0,0.0,0.0,0.0,0.0,0.0,0.0,0.0,0.0,0.0,0.0,0.0,0.0,0.0,0.0,0.0
2026-02-04T15:23:32.452171,1844.3,2.2,48,124.2,234.1,2,6.3,6.3,97.9,20.5,6.3,6.4,8.4,17.6,7.0,9.8,7.0,6.3,6.4,11.7,8.4,6.3,6.3,5.6,6.3,20.5,6.3,20.5,6.3,9.2,20.5,13.1,6.3,9.1,6.3,7.0,7.0,7.0,6.3,20.5,6.3,20.5,6.3,20.5,20.5,22.7,5.6,6.3,10.1,6.3,6.3,6.3,20.9,20.5,0.0,0.0,0.0,0.0,0.0,0.0,0.0,0.0,0.0,0.0,0.0,0.0,0.0,0.0,0.0,0.0,0.0,0.0,0.0,0.0,0.0,0.0,0.0,0.0,0.0,0.0,0.0,0.0,0.0,0.0,0.0,0.0,0.0,0.0,0.0,0.0,0.0,0.0,0.0,0.0,0.0,0.0,0.0,0.0,0.0,0.0,0.0,0.0
2026-02-04T15:23:34.707163,1846.6,1.9,36,92.9,234.1,2,7.7,6.3,98.6,3.7,8.5,6.3,7.0,5.3,7.0,5.2,7.7,6.3,7.6,5.6,11.3,6.4,7.7,6.3,6.3,4.1,7.7,3.7,7.7,4.8,4.6,6.8,7.7,8.5,8.4,7.0,9.2,5.6,7.7,3.7,6.3,4.6,7.0,4.1,4.6,4.1,7.8,7.0,5.6,9.0,7.1,7.7,4.6,3.7,0.0,0.0,0.0,0.0,0.0,0.0,0.0,0.0,0.0,0.0,0.0,0.0,0.0,0.0,0.0,0.0,0.0,0.0,0.0,0.0,0.0,0.0,0.0,0.0,0.0,0.0,0.0,0.0,0.0,0.0,0.0,0.0,0.0,0.0,0.0,0.0,0.0,0.0,0.0,0.0,0.0,0.0,0.0,0.0,0.0,0.0,0.0,0.0
2026-02-04T15:23:36.932491,1848.8,2.9,48,92.5,234.1,2,9.7,7.6,98.6,8.3,11.8,7.6,9.0,5.8,8.9,7.6,8.4,7.6,8.4,5.8,7.6,7.6,7.6,8.3,8.3,7.6,7.6,7.6,7.6,7.7,7.6,7.6,7.6,9.7,7.6,7.7,7.6,7.6,11.6,7.6,13.8,7.6,9.0,7.6,8.3,7.6,7.6,7.6,7.6,11.6,7.6,7.6,7.6,7.6,0.0,0.0,0.0,0.0,0.0,0.0,0.0,0.0,0.0,0.0,0.0,0.0,0.0,0.0,0.0,0.0,0.0,0.0,0.0,0.0,0.0,0.0,0.0,0.0,0.0,0.0,0.0,0.0,0.0,0.0,0.0,0.0,0.0,0.0,0.0,0.0,0.0,0.0,0.0,0.0,0.0,0.0,0.0,0.0,0.0,0.0,0.0,0.0
2026-02-04T15:23:39.158088,1851.1,2.4,48,61.7,234.1,2,8.3,7.7,97.2,7.7,7.7,7.0,8.5,7.0,7.7,7.0,9.1,7.8,8.3,13.4,8.5,6.9,10.4,7.0,7.0,7.7,7.7,12.2,8.5,7.7,7.0,7.0,7.7,8.4,7.7,6.9,7.0,8.4,8.5,7.7,8.5,8.6,7.8,7.0,7.7,7.0,7.7,7.7,7.7,9.9,7.0,8.4,7.7,7.0,0.0,0.0,0.0,0.0,0.0,0.0,0.0,0.0,0.0,0.0,0.0,0.0,0.0,0.0,0.0,0.0,0.0,0.0,0.0,0.0,0.0,0.0,0.0,0.0,0.0,0.0,0.0,0.0,0.0,0.0,0.0,0.0,0.0,0.0,0.0,0.0,0.0,0.0,0.0,0.0,0.0,0.0,0.0,0.0,0.0,0.0,0.0,0.0
2026-02-04T15:23:41.382615,1853.3,2.1,48,92.6,234.1,2,11.3,7.0,98.6,8.3,8.5,7.0,8.4,7.7,9.9,8.3,7.7,8.4,8.5,8.3,7.7,9.7,8.5,7.0,7.7,8.3,7.0,5.6,7.0,7.6,7.0,8.3,7.0,9.9,7.6,7.0,7.0,13.5,7.0,7.8,9.0,7.5,7.7,8.3,7.1,8.3,7.7,7.0,7.0,7.7,9.7,7.7,7.0,8.3,0.0,0.0,0.0,0.0,0.0,0.0,0.0,0.0,0.0,0.0,0.0,0.0,0.0,0.0,0.0,0.0,0.0,0.0,0.0,0.0,0.0,0.0,0.0,0.0,0.0,0.0,0.0,0.0,0.0,0.0,0.0,0.0,0.0,0.0,0.0,0.0,0.0,0.0,0.0,0.0,0.0,0.0,0.0,0.0,0.0,0.0,0.0,0.0
2026-02-04T15:23:43.608099,1855.5,2.5,48,92.4,234.1,2,8.3,8.4,98.6,7.2,7.0,7.7,8.4,7.7,11.9,6.7,7.7,7.7,8.5,6.7,7.7,9.0,8.4,7.7,8.4,6.7,14.1,6.7,8.5,7.7,7.7,6.7,8.5,9.9,7.7,7.7,8.4,9.0,7.7,7.6,7.7,6.7,9.0,6.7,7.6,6.7,6.3,9.1,7.7,8.4,8.3,7.7,7.7,6.7,0.0,0.0,0.0,0.0,0.0,0.0,0.0,0.0,0.0,0.0,0.0,0.0,0.0,0.0,0.0,0.0,0.0,0.0,0.0,0.0,0.0,0.0,0.0,0.0,0.0,0.0,0.0,0.0,0.0,0.0,0.0,0.0,0.0,0.0,0.0,0.0,0.0,0.0,0.0,0.0,0.0,0.0,0.0,0.0,0.0,0.0,0.0,0.0
2026-02-04T15:23:45.833618,1857.7,2.7,48,93.1,234.1,2,7.0,7.7,97.9,7.7,9.7,7.6,8.5,6.9,8.4,7.7,7.7,7.7,7.7,7.0,9.2,12.3,7.7,7.7,7.7,7.0,7.7,7.0,7.0,10.9,7.7,7.7,7.7,9.1,7.7,7.0,7.7,7.0,7.7,9.1,9.7,7.0,10.4,7.0,8.5,7.7,6.3,7.1,7.0,8.4,6.3,7.7,8.0,7.7,0.0,0.0,0.0,0.0,0.0,0.0,0.0,0.0,0.0,0.0,0.0,0.0,0.0,0.0,0.0,0.0,0.0,0.0,0.0,0.0,0.0,0.0,0.0,0.0,0.0,0.0,0.0,0.0,0.0,0.0,0.0,0.0,0.0,0.0,0.0,0.0,0.0,0.0,0.0,0.0,0.0,0.0,0.0,0.0,0.0,0.0,0.0,0.0
2026-02-04T15:23:48.059208,1860.0,2.6,48,123.2,234.1,2,7.0,7.0,98.6,7.7,7.0,8.5,9.1,8.5,8.3,7.0,7.0,7.0,7.7,7.7,7.0,7.1,7.7,7.0,7.0,7.0,7.7,9.6,7.0,5.5,6.9,7.0,7.0,10.4,7.7,7.0,14.7,7.0,7.7,7.7,8.5,7.0,7.7,7.7,11.2,7.0,6.9,7.7,7.0,7.7,7.0,7.0,6.8,7.0,0.0,0.0,0.0,0.0,0.0,0.0,0.0,0.0,0.0,0.0,0.0,0.0,0.0,0.0,0.0,0.0,0.0,0.0,0.0,0.0,0.0,0.0,0.0,0.0,0.0,0.0,0.0,0.0,0.0,0.0,0.0,0.0,0.0,0.0,0.0,0.0,0.0,0.0,0.0,0.0,0.0,0.0,0.0,0.0,0.0,0.0,0.0,0.0
2026-02-04T15:23:50.285031,1862.2,2.6,48,92.9,234.1,2,8.4,7.7,69.9,7.7,39.2,7.7,9.8,6.6,15.5,7.7,7.8,8.5,8.3,7.7,9.1,7.7,8.5,7.7,8.5,7.7,8.5,11.2,7.7,7.7,7.8,7.7,7.7,11.2,7.7,7.0,8.5,7.7,8.3,9.2,9.2,8.4,9.8,8.4,9.8,7.7,8.5,8.4,8.4,8.4,8.5,7.7,7.7,8.5,0.0,0.0,0.0,0.0,0.0,0.0,0.0,0.0,0.0,0.0,0.0,0.0,0.0,0.0,0.0,0.0,0.0,0.0,0.0,0.0,0.0,0.0,0.0,0.0,0.0,0.0,0.0,0.0,0.0,0.0,0.0,0.0,0.0,0.0,0.0,0.0,0.0,0.0,0.0,0.0,0.0,0.0,0.0,0.0,0.0,0.0,0.0,0.0
2026-02-04T15:23:52.509964,1864.4,2.2,48,123.6,234.1,2,8.5,8.5,31.0,7.7,77.5,7.7,7.8,7.7,9.2,8.4,7.6,9.7,8.5,7.7,9.9,7.7,8.5,7.7,7.7,8.4,8.4,8.4,8.5,8.4,7.7,8.4,7.7,9.9,8.5,9.0,9.2,7.6,8.5,8.4,8.3,8.4,17.2,7.7,8.4,7.0,8.5,7.7,9.7,7.7,9.0,7.6,8.4,8.3,0.0,0.0,0.0,0.0,0.0,0.0,0.0,0.0,0.0,0.0,0.0,0.0,0.0,0.0,0.0,0.0,0.0,0.0,0.0,0.0,0.0,0.0,0.0,0.0,0.0,0.0,0.0,0.0,0.0,0.0,0.0,0.0,0.0,0.0,0.0,0.0,0.0,0.0,0.0,0.0,0.0,0.0,0.0,0.0,0.0,0.0,0.0,0.0
2026-02-04T15:23:54.734735,1866.6,2.6,48,92.7,234.1,2,7.6,7.0,99.3,7.0,8.4,7.0,8.4,7.0,7.0,7.7,7.7,7.8,7.7,7.7,9.1,7.0,7.7,13.7,7.0,7.0,7.0,7.0,7.0,7.0,6.9,7.0,7.0,7.7,7.0,7.0,7.7,7.0,7.7,8.3,7.0,7.0,7.1,7.7,7.0,7.0,7.8,7.0,8.3,7.8,8.5,7.1,7.7,6.3,0.0,0.0,0.0,0.0,0.0,0.0,0.0,0.0,0.0,0.0,0.0,0.0,0.0,0.0,0.0,0.0,0.0,0.0,0.0,0.0,0.0,0.0,0.0,0.0,0.0,0.0,0.0,0.0,0.0,0.0,0.0,0.0,0.0,0.0,0.0,0.0,0.0,0.0,0.0,0.0,0.0,0.0,0.0,0.0,0.0,0.0,0.0,0.0
2026-02-04T15:23:56.990866,1868.9,2.2,48,93.1,234.1,2,6.3,7.0,97.9,7.7,10.5,7.0,8.4,7.0,7.0,6.5,7.0,7.6,7.0,7.0,7.0,7.0,6.9,6.8,7.0,7.0,6.9,7.7,6.9,7.7,7.1,7.0,7.0,7.7,7.0,7.0,7.6,8.3,6.9,10.4,7.7,7.0,7.6,7.0,7.6,7.0,7.0,7.7,7.2,9.7,6.3,7.0,13.3,7.0,0.0,0.0,0.0,0.0,0.0,0.0,0.0,0.0,0.0,0.0,0.0,0.0,0.0,0.0,0.0,0.0,0.0,0.0,0.0,0.0,0.0,0.0,0.0,0.0,0.0,0.0,0.0,0.0,0.0,0.0,0.0,0.0,0.0,0.0,0.0,0.0,0.0,0.0,0.0,0.0,0.0,0.0,0.0,0.0,0.0,0.0,0.0,0.0
2026-02-04T15:23:59.216521,1871.1,4.6,48,123.9,234.1,2,7.6,8.9,97.9,6.9,6.9,7.6,9.7,6.9,8.3,7.6,7.0,7.6,7.6,6.9,7.7,7.6,6.9,7.6,7.6,5.6,7.7,7.6,8.4,6.9,6.9,12.3,7.6,11.1,7.6,6.9,8.3,7.7,8.4,10.8,7.6,6.9,8.3,6.9,7.0,7.6,7.6,8.3,10.3,9.7,7.6,8.2,7.6,6.9,0.0,0.0,0.0,0.0,0.0,0.0,0.0,0.0,0.0,0.0,0.0,0.0,0.0,0.0,0.0,0.0,0.0,0.0,0.0,0.0,0.0,0.0,0.0,0.0,0.0,0.0,0.0,0.0,0.0,0.0,0.0,0.0,0.0,0.0,0.0,0.0,0.0,0.0,0.0,0.0,0.0,0.0,0.0,0.0,0.0,0.0,0.0,0.0
2026-02-04T15:24:01.452404,1873.3,97.9,29,124.0,234.1,2,3.5,4.9,99.3,4.9,4.9,4.9,5.6,4.9,4.9,4.9,4.9,5.6,4.9,4.9,7.6,4.9,6.3,4.9,4.9,3.5,5.6,4.9,6.9,4.9,5.6,6.3,4.9,7.0,5.5,5.5,6.2,5.5,5.5,7.6,6.2,5.6,5.6,5.5,6.8,6.2,4.8,5.5,6.2,5.6,5.5,5.5,5.5,5.5,0.0,0.0,0.0,0.0,0.0,0.0,0.0,0.0,0.0,0.0,0.0,0.0,0.0,0.0,0.0,0.0,0.0,0.0,0.0,0.0,0.0,0.0,0.0,0.0,0.0,0.0,0.0,0.0,0.0,0.0,0.0,0.0,0.0,0.0,0.0,0.0,0.0,0.0,0.0,0.0,0.0,0.0,0.0,0.0,0.0,0.0,0.0,0.0
2026-02-04T15:24:03.680017,1875.6,2.7,4,6676.7,222.1,2,2.8,3.5,97.9,2.8,3.5,8.5,5.6,2.1,2.1,2.1,2.1,3.5,2.1,2.1,3.5,2.8,2.1,2.1,2.1,2.1,2.1,2.1,2.8,2.1,2.1,2.1,2.1,4.2,1.4,1.4,2.8,1.4,1.4,6.2,1.4,1.4,1.4,1.4,2.1,1.4,2.1,1.4,1.4,2.1,2.8,1.4,1.4,1.4,0.0,0.0,0.0,0.0,0.0,0.0,0.0,0.0,0.0,0.0,0.0,0.0,0.0,0.0,0.0,0.0,0.0,0.0,0.0,0.0,0.0,0.0,0.0,0.0,0.0,0.0,0.0,0.0,0.0,0.0,0.0,0.0,0.0,0.0,0.0,0.0,0.0,0.0,0.0,0.0,0.0,0.0,0.0,0.0,0.0,0.0,0.0,0.0
2026-02-04T15:24:05.906441,1877.8,2.2,48,92.7,234.1,2,9.7,7.7,98.6,24.5,8.4,8.3,8.4,11.8,8.4,10.5,8.3,9.9,9.8,24.5,8.5,8.4,9.1,22.4,8.8,24.5,8.7,24.5,9.1,24.5,10.4,18.8,8.4,11.1,9.5,8.3,9.1,10.5,9.7,14.7,9.2,24.5,8.5,24.5,10.4,24.5,8.5,8.5,9.2,7.8,8.5,8.4,8.4,24.5,0.0,0.0,0.0,0.0,0.0,0.0,0.0,0.0,0.0,0.0,0.0,0.0,0.0,0.0,0.0,0.0,0.0,0.0,0.0,0.0,0.0,0.0,0.0,0.0,0.0,0.0,0.0,0.0,0.0,0.0,0.0,0.0,0.0,0.0,0.0,0.0,0.0,0.0,0.0,0.0,0.0,0.0,0.0,0.0,0.0,0.0,0.0,0.0
2026-02-04T15:24:08.138312,1880.0,2.1,37,92.4,234.1,2,8.5,7.0,97.9,4.6,8.5,7.1,9.2,5.2,8.4,5.8,7.1,7.7,13.4,4.2,7.6,7.0,8.3,4.2,6.8,4.6,6.8,4.2,7.0,4.6,6.4,4.5,7.0,9.2,5.9,7.7,7.0,7.0,7.0,7.8,8.4,4.2,10.3,4.6,7.0,4.6,9.7,7.0,7.0,7.0,7.0,6.9,6.3,4.2,0.0,0.0,0.0,0.0,0.0,0.0,0.0,0.0,0.0,0.0,0.0,0.0,0.0,0.0,0.0,0.0,0.0,0.0,0.0,0.0,0.0,0.0,0.0,0.0,0.0,0.0,0.0,0.0,0.0,0.0,0.0,0.0,0.0,0.0,0.0,0.0,0.0,0.0,0.0,0.0,0.0,0.0,0.0,0.0,0.0,0.0,0.0,0.0
2026-02-04T15:24:10.364714,1882.3,1.9,48,92.7,234.1,2,9.2,7.7,97.9,8.4,9.0,7.7,9.2,7.0,7.7,7.7,8.3,7.6,7.7,7.6,9.8,7.0,7.7,7.7,7.6,7.0,7.7,7.7,8.3,7.7,7.7,7.0,8.3,9.8,7.6,7.7,7.7,7.0,7.7,7.7,7.6,7.7,7.7,7.7,8.3,7.7,9.0,7.0,14.6,7.6,7.7,10.4,9.7,8.4,0.0,0.0,0.0,0.0,0.0,0.0,0.0,0.0,0.0,0.0,0.0,0.0,0.0,0.0,0.0,0.0,0.0,0.0,0.0,0.0,0.0,0.0,0.0,0.0,0.0,0.0,0.0,0.0,0.0,0.0,0.0,0.0,0.0,0.0,0.0,0.0,0.0,0.0,0.0,0.0,0.0,0.0,0.0,0.0,0.0,0.0,0.0,0.0
2026-02-04T15:24:12.591737,1884.5,3.0,48,124.1,234.1,2,9.1,7.0,97.9,7.7,11.8,8.4,8.5,7.7,9.1,7.7,8.3,8.5,7.7,7.8,9.2,10.1,8.5,10.1,7.8,8.4,7.7,7.6,8.4,7.7,7.7,14.1,7.7,9.2,7.7,7.7,7.7,8.5,9.7,8.5,8.5,7.6,10.6,7.7,9.2,7.7,12.9,7.7,7.7,7.8,7.7,7.0,7.7,7.7,0.0,0.0,0.0,0.0,0.0,0.0,0.0,0.0,0.0,0.0,0.0,0.0,0.0,0.0,0.0,0.0,0.0,0.0,0.0,0.0,0.0,0.0,0.0,0.0,0.0,0.0,0.0,0.0,0.0,0.0,0.0,0.0,0.0,0.0,0.0,0.0,0.0,0.0,0.0,0.0,0.0,0.0,0.0,0.0,0.0,0.0,0.0,0.0
2026-02-04T15:24:14.818296,1886.7,2.1,48,93.2,234.1,2,7.7,7.0,36.4,13.3,70.4,8.0,7.7,7.0,8.5,7.7,7.8,7.7,7.6,7.0,9.2,5.7,6.9,5.6,7.6,7.7,7.7,7.0,9.0,7.0,7.0,7.7,7.7,9.8,7.0,7.0,7.8,7.0,7.8,7.7,7.7,8.5,8.5,7.7,9.2,7.7,7.6,7.0,8.5,8.4,7.0,7.7,7.7,7.0,0.0,0.0,0.0,0.0,0.0,0.0,0.0,0.0,0.0,0.0,0.0,0.0,0.0,0.0,0.0,0.0,0.0,0.0,0.0,0.0,0.0,0.0,0.0,0.0,0.0,0.0,0.0,0.0,0.0,0.0,0.0,0.0,0.0,0.0,0.0,0.0,0.0,0.0,0.0,0.0,0.0,0.0,0.0,0.0,0.0,0.0,0.0,0.0
2026-02-04T15:24:17.044319,1888.9,2.8,48,124.4,234.1,2,7.0,8.5,67.8,7.0,43.0,6.2,6.9,9.6,7.0,12.2,7.7,8.4,7.7,7.0,10.5,7.6,7.0,7.0,7.1,7.0,7.2,7.0,9.2,7.0,7.0,7.0,7.0,9.8,7.0,14.1,7.7,7.0,7.7,7.0,9.2,7.0,7.7,7.0,7.6,7.0,9.2,8.3,7.7,7.0,7.7,7.0,7.0,12.2,0.0,0.0,0.0,0.0,0.0,0.0,0.0,0.0,0.0,0.0,0.0,0.0,0.0,0.0,0.0,0.0,0.0,0.0,0.0,0.0,0.0,0.0,0.0,0.0,0.0,0.0,0.0,0.0,0.0,0.0,0.0,0.0,0.0,0.0,0.0,0.0,0.0,0.0,0.0,0.0,0.0,0.0,0.0,0.0,0.0,0.0,0.0,0.0
2026-02-04T15:24:19.300931,1891.2,2.3,48,93.5,234.1,2,7.0,7.0,97.9,7.0,5.6,7.0,7.7,7.0,13.3,5.2,8.7,8.4,7.8,7.7,8.4,7.7,9.0,8.5,7.7,7.0,6.9,7.0,7.0,7.6,7.0,7.0,7.0,8.4,7.7,7.0,7.7,7.7,7.7,7.0,7.0,7.0,7.0,7.0,7.0,7.0,8.3,7.0,7.0,7.0,8.3,7.0,7.0,5.1,0.0,0.0,0.0,0.0,0.0,0.0,0.0,0.0,0.0,0.0,0.0,0.0,0.0,0.0,0.0,0.0,0.0,0.0,0.0,0.0,0.0,0.0,0.0,0.0,0.0,0.0,0.0,0.0,0.0,0.0,0.0,0.0,0.0,0.0,0.0,0.0,0.0,0.0,0.0,0.0,0.0,0.0,0.0,0.0,0.0,0.0,0.0,0.0
2026-02-04T15:24:21.526349,1893.4,1.9,48,124.2,234.1,2,5.6,8.9,98.6,7.6,9.0,7.6,10.4,9.0,8.3,7.6,7.3,7.6,7.6,7.6,7.6,7.5,8.3,7.6,7.6,7.6,7.6,7.6,9.0,7.6,7.6,7.6,7.6,11.0,8.3,7.6,7.6,7.6,10.3,8.3,8.3,7.6,14.5,7.6,8.3,7.6,6.2,8.3,7.6,7.6,6.2,8.3,7.6,7.6,0.0,0.0,0.0,0.0,0.0,0.0,0.0,0.0,0.0,0.0,0.0,0.0,0.0,0.0,0.0,0.0,0.0,0.0,0.0,0.0,0.0,0.0,0.0,0.0,0.0,0.0,0.0,0.0,0.0,0.0,0.0,0.0,0.0,0.0,0.0,0.0,0.0,0.0,0.0,0.0,0.0,0.0,0.0,0.0,0.0,0.0,0.0,0.0
2026-02-04T15:24:23.752201,1895.6,3.0,48,92.7,234.1,2,5.6,7.0,96.5,7.0,7.7,6.9,7.7,13.1,7.7,9.4,7.0,8.4,7.6,7.0,9.2,7.7,15.5,7.0,7.0,7.7,7.0,7.7,7.7,7.0,7.0,7.0,7.7,9.1,7.7,7.0,7.0,7.0,7.7,7.7,7.7,7.0,7.0,7.0,7.1,7.0,7.7,7.6,7.7,8.3,7.0,6.9,7.0,7.0,0.0,0.0,0.0,0.0,0.0,0.0,0.0,0.0,0.0,0.0,0.0,0.0,0.0,0.0,0.0,0.0,0.0,0.0,0.0,0.0,0.0,0.0,0.0,0.0,0.0,0.0,0.0,0.0,0.0,0.0,0.0,0.0,0.0,0.0,0.0,0.0,0.0,0.0,0.0,0.0,0.0,0.0,0.0,0.0,0.0,0.0,0.0,0.0
2026-02-04T15:24:25.977428,1897.9,2.1,48,93.0,234.1,2,9.1,7.7,98.6,7.7,8.5,8.5,11.3,6.1,7.8,6.1,8.2,8.4,9.2,8.3,11.0,7.7,9.0,7.7,9.8,7.7,7.7,7.7,8.3,8.3,7.7,8.3,7.6,9.9,7.7,7.7,8.5,7.7,7.7,9.2,8.4,7.7,8.4,7.7,7.7,7.7,7.7,7.8,7.7,7.7,13.3,11.7,7.7,7.7,0.0,0.0,0.0,0.0,0.0,0.0,0.0,0.0,0.0,0.0,0.0,0.0,0.0,0.0,0.0,0.0,0.0,0.0,0.0,0.0,0.0,0.0,0.0,0.0,0.0,0.0,0.0,0.0,0.0,0.0,0.0,0.0,0.0,0.0,0.0,0.0,0.0,0.0,0.0,0.0,0.0,0.0,0.0,0.0,0.0,0.0,0.0,0.0
2026-02-04T15:24:28.202221,1900.1,2.3,48,93.2,234.1,2,8.3,7.7,97.9,8.5,9.0,8.4,9.1,7.7,9.0,7.7,7.3,8.5,7.3,7.2,9.1,7.7,9.2,7.7,9.2,7.7,7.7,7.7,8.4,7.7,8.5,7.7,8.4,9.9,7.7,7.7,8.5,7.7,8.5,7.7,9.2,7.7,7.7,7.7,7.7,8.4,7.7,7.7,7.7,7.7,6.3,10.4,7.7,7.7,0.0,0.0,0.0,0.0,0.0,0.0,0.0,0.0,0.0,0.0,0.0,0.0,0.0,0.0,0.0,0.0,0.0,0.0,0.0,0.0,0.0,0.0,0.0,0.0,0.0,0.0,0.0,0.0,0.0,0.0,0.0,0.0,0.0,0.0,0.0,0.0,0.0,0.0,0.0,0.0,0.0,0.0,0.0,0.0,0.0,0.0,0.0,0.0
2026-02-04T15:24:30.427758,1902.3,9.9,48,61.9,234.1,2,9.2,9.6,98.6,8.8,9.2,7.2,9.2,13.6,7.7,7.4,7.7,7.7,9.0,7.1,9.8,7.4,8.9,7.4,6.9,8.1,8.5,8.1,9.0,8.1,8.9,8.1,9.0,9.8,9.0,9.9,8.1,8.1,8.1,7.4,8.3,8.0,7.7,7.4,8.9,7.4,7.4,7.9,8.1,7.7,7.4,7.7,8.1,7.4,0.0,0.0,0.0,0.0,0.0,0.0,0.0,0.0,0.0,0.0,0.0,0.0,0.0,0.0,0.0,0.0,0.0,0.0,0.0,0.0,0.0,0.0,0.0,0.0,0.0,0.0,0.0,0.0,0.0,0.0,0.0,0.0,0.0,0.0,0.0,0.0,0.0,0.0,0.0,0.0,0.0,0.0,0.0,0.0,0.0,0.0,0.0,0.0
2026-02-04T15:24:32.659002,1904.5,85.2,48,215.1,234.1,2,7.0,6.7,97.2,7.4,7.0,7.5,8.5,6.9,7.7,6.7,9.2,7.7,7.1,7.6,9.3,6.7,6.7,7.3,8.5,7.3,7.6,7.3,7.3,7.3,6.7,7.3,7.3,9.1,6.7,6.9,6.7,7.3,7.3,8.6,7.0,7.5,9.1,6.7,6.7,7.3,6.7,8.2,8.0,7.7,6.7,7.7,7.3,6.7,0.0,0.0,0.0,0.0,0.0,0.0,0.0,0.0,0.0,0.0,0.0,0.0,0.0,0.0,0.0,0.0,0.0,0.0,0.0,0.0,0.0,0.0,0.0,0.0,0.0,0.0,0.0,0.0,0.0,0.0,0.0,0.0,0.0,0.0,0.0,0.0,0.0,0.0,0.0,0.0,0.0,0.0,0.0,0.0,0.0,0.0,0.0,0.0
2026-02-04T15:24:34.893917,1906.8,15.5,2,8737.8,222.1,2,2.1,2.1,2.8,1.4,98.6,2.1,1.4,1.4,2.8,1.4,1.4,2.1,4.1,1.4,2.8,1.4,1.4,1.4,1.4,1.4,1.4,1.4,1.4,1.4,1.4,1.4,1.4,4.2,2.8,2.7,2.8,2.8,1.4,5.6,1.4,1.4,2.1,1.4,1.4,1.4,1.4,1.4,1.4,1.4,1.4,1.4,1.4,1.4,0.0,0.0,0.0,0.0,0.0,0.0,0.0,0.0,0.0,0.0,0.0,0.0,0.0,0.0,0.0,0.0,0.0,0.0,0.0,0.0,0.0,0.0,0.0,0.0,0.0,0.0,0.0,0.0,0.0,0.0,0.0,0.0,0.0,0.0,0.0,0.0,0.0,0.0,0.0,0.0,0.0,0.0,0.0,0.0,0.0,0.0,0.0,0.0
2026-02-04T15:24:37.118501,1909.0,2.5,47,92.6,234.1,2,7.7,5.7,99.3,5.7,6.3,5.0,6.3,5.7,6.4,10.4,6.4,6.3,5.7,10.4,11.3,6.4,6.4,5.7,7.0,6.4,6.3,6.4,7.8,6.4,6.4,6.4,5.7,7.0,7.1,6.4,5.7,6.4,5.7,6.4,7.7,6.4,7.7,6.4,7.0,6.4,6.4,5.7,5.7,8.4,6.4,7.0,6.4,5.7,0.0,0.0,0.0,0.0,0.0,0.0,0.0,0.0,0.0,0.0,0.0,0.0,0.0,0.0,0.0,0.0,0.0,0.0,0.0,0.0,0.0,0.0,0.0,0.0,0.0,0.0,0.0,0.0,0.0,0.0,0.0,0.0,0.0,0.0,0.0,0.0,0.0,0.0,0.0,0.0,0.0,0.0,0.0,0.0,0.0,0.0,0.0,0.0
2026-02-04T15:24:39.343966,1911.2,3.6,48,92.5,234.1,2,9.8,7.7,98.0,17.7,7.7,7.7,7.7,15.7,8.4,5.3,8.5,7.7,8.3,5.3,9.9,8.1,7.6,19.4,8.4,19.4,7.7,17.7,7.6,17.7,7.7,17.7,7.6,8.4,7.7,8.3,7.7,7.7,7.7,8.5,7.7,17.7,10.6,17.7,8.5,17.7,15.3,8.5,7.7,7.7,7.7,14.2,8.5,17.7,0.0,0.0,0.0,0.0,0.0,0.0,0.0,0.0,0.0,0.0,0.0,0.0,0.0,0.0,0.0,0.0,0.0,0.0,0.0,0.0,0.0,0.0,0.0,0.0,0.0,0.0,0.0,0.0,0.0,0.0,0.0,0.0,0.0,0.0,0.0,0.0,0.0,0.0,0.0,0.0,0.0,0.0,0.0,0.0,0.0,0.0,0.0,0.0
2026-02-04T15:24:41.602101,1913.5,2.5,39,92.5,234.1,2,9.1,7.7,98.7,4.9,9.9,7.0,7.7,5.1,7.7,7.0,7.7,6.3,7.8,6.3,11.1,7.3,7.7,4.0,8.0,4.1,7.1,8.5,8.5,4.5,7.7,4.5,7.7,7.7,8.4,6.4,8.5,7.0,7.7,7.0,7.7,5.0,7.7,4.0,8.3,4.9,6.3,7.0,7.7,7.0,7.6,9.1,7.7,4.5,0.0,0.0,0.0,0.0,0.0,0.0,0.0,0.0,0.0,0.0,0.0,0.0,0.0,0.0,0.0,0.0,0.0,0.0,0.0,0.0,0.0,0.0,0.0,0.0,0.0,0.0,0.0,0.0,0.0,0.0,0.0,0.0,0.0,0.0,0.0,0.0,0.0,0.0,0.0,0.0,0.0,0.0,0.0,0.0,0.0,0.0,0.0,0.0
2026-02-04T15:24:43.828566,1915.7,2.5,48,92.6,234.1,2,9.0,13.8,98.0,8.3,11.0,8.3,13.0,7.6,8.3,9.0,9.0,8.2,8.2,8.3,7.6,7.6,7.6,8.3,7.5,8.2,8.3,7.6,8.3,7.6,8.3,7.6,7.6,11.6,10.3,7.6,9.0,7.6,9.7,7.6,10.3,7.6,8.3,7.6,9.7,7.6,7.5,8.3,7.6,8.3,7.6,8.9,8.3,7.6,0.0,0.0,0.0,0.0,0.0,0.0,0.0,0.0,0.0,0.0,0.0,0.0,0.0,0.0,0.0,0.0,0.0,0.0,0.0,0.0,0.0,0.0,0.0,0.0,0.0,0.0,0.0,0.0,0.0,0.0,0.0,0.0,0.0,0.0,0.0,0.0,0.0,0.0,0.0,0.0,0.0,0.0,0.0,0.0,0.0,0.0,0.0,0.0
2026-02-04T15:24:46.055098,1917.9,2.4,48,93.0,234.1,2,7.7,6.4,98.6,6.3,9.9,7.0,7.7,7.7,7.6,7.7,9.0,8.5,7.7,7.7,10.5,8.3,6.4,7.7,7.8,7.0,7.7,7.0,7.7,6.3,6.3,7.0,7.7,9.1,7.0,6.3,7.7,12.6,7.6,7.0,7.7,7.0,8.5,7.7,7.0,7.0,8.5,7.0,7.7,7.0,7.7,9.7,6.4,7.7,0.0,0.0,0.0,0.0,0.0,0.0,0.0,0.0,0.0,0.0,0.0,0.0,0.0,0.0,0.0,0.0,0.0,0.0,0.0,0.0,0.0,0.0,0.0,0.0,0.0,0.0,0.0,0.0,0.0,0.0,0.0,0.0,0.0,0.0,0.0,0.0,0.0,0.0,0.0,0.0,0.0,0.0,0.0,0.0,0.0,0.0,0.0,0.0
2026-02-04T15:24:48.281452,1920.2,2.4,48,92.5,234.1,2,9.0,7.7,98.6,7.7,8.4,7.7,8.4,7.7,7.8,7.0,7.1,16.1,7.8,7.0,11.2,7.0,7.7,7.7,7.0,7.0,7.7,7.7,9.1,7.0,7.7,7.0,7.7,9.1,9.2,7.0,7.7,7.0,9.7,7.7,9.0,7.7,7.0,7.7,7.7,7.7,7.7,7.7,7.7,7.7,7.7,8.5,7.6,7.7,0.0,0.0,0.0,0.0,0.0,0.0,0.0,0.0,0.0,0.0,0.0,0.0,0.0,0.0,0.0,0.0,0.0,0.0,0.0,0.0,0.0,0.0,0.0,0.0,0.0,0.0,0.0,0.0,0.0,0.0,0.0,0.0,0.0,0.0,0.0,0.0,0.0,0.0,0.0,0.0,0.0,0.0,0.0,0.0,0.0,0.0,0.0,0.0
2026-02-04T15:24:50.507157,1922.4,2.7,48,93.3,234.1,2,7.7,6.3,97.9,6.3,9.2,7.0,7.7,7.7,6.9,7.7,7.6,6.3,7.6,6.3,8.5,6.3,6.9,7.0,7.9,6.3,7.0,6.3,6.9,6.3,7.7,6.3,8.3,9.1,9.1,6.3,7.0,7.0,10.4,6.3,9.1,6.3,7.7,12.6,6.9,6.3,8.3,6.9,6.3,7.7,6.4,7.0,7.0,6.3,0.0,0.0,0.0,0.0,0.0,0.0,0.0,0.0,0.0,0.0,0.0,0.0,0.0,0.0,0.0,0.0,0.0,0.0,0.0,0.0,0.0,0.0,0.0,0.0,0.0,0.0,0.0,0.0,0.0,0.0,0.0,0.0,0.0,0.0,0.0,0.0,0.0,0.0,0.0,0.0,0.0,0.0,0.0,0.0,0.0,0.0,0.0,0.0
2026-02-04T15:24:52.733891,1924.6,2.9,48,92.8,234.1,2,9.8,8.4,99.3,7.7,9.1,7.7,9.1,7.7,8.5,7.7,9.7,7.7,8.5,7.7,9.8,7.7,5.6,7.7,14.6,7.7,7.7,7.7,7.7,7.7,7.8,7.7,7.7,9.2,10.5,7.7,7.8,8.5,9.7,7.7,7.7,9.2,7.8,8.4,9.2,7.7,9.8,8.5,8.4,7.7,8.3,7.7,7.6,7.7,0.0,0.0,0.0,0.0,0.0,0.0,0.0,0.0,0.0,0.0,0.0,0.0,0.0,0.0,0.0,0.0,0.0,0.0,0.0,0.0,0.0,0.0,0.0,0.0,0.0,0.0,0.0,0.0,0.0,0.0,0.0,0.0,0.0,0.0,0.0,0.0,0.0,0.0,0.0,0.0,0.0,0.0,0.0,0.0,0.0,0.0,0.0,0.0
2026-02-04T15:24:54.959924,1926.9,2.1,48,92.8,234.1,2,7.6,6.2,97.9,7.7,8.5,7.0,8.5,7.0,7.6,6.9,8.4,7.0,7.7,7.0,9.8,7.7,7.7,7.0,7.6,7.7,7.0,7.0,7.0,7.0,7.0,7.0,7.0,9.1,7.6,7.0,7.6,7.0,9.0,7.7,7.7,7.6,7.0,7.0,7.0,7.0,7.0,6.9,7.0,7.0,7.6,7.0,7.0,13.3,0.0,0.0,0.0,0.0,0.0,0.0,0.0,0.0,0.0,0.0,0.0,0.0,0.0,0.0,0.0,0.0,0.0,0.0,0.0,0.0,0.0,0.0,0.0,0.0,0.0,0.0,0.0,0.0,0.0,0.0,0.0,0.0,0.0,0.0,0.0,0.0,0.0,0.0,0.0,0.0,0.0,0.0,0.0,0.0,0.0,0.0,0.0,0.0
2026-02-04T15:24:57.185503,1929.1,2.5,48,124.2,234.1,2,9.0,7.0,98.0,7.0,7.0,7.0,7.7,7.7,7.7,7.1,7.0,8.5,7.0,7.0,9.2,7.0,6.3,7.0,7.0,7.7,7.0,7.0,7.0,7.0,7.0,7.0,7.0,8.4,7.0,7.0,7.7,7.0,9.7,7.0,8.5,13.3,7.7,7.0,7.7,7.0,7.7,7.0,7.7,7.7,7.0,7.1,7.7,7.0,0.0,0.0,0.0,0.0,0.0,0.0,0.0,0.0,0.0,0.0,0.0,0.0,0.0,0.0,0.0,0.0,0.0,0.0,0.0,0.0,0.0,0.0,0.0,0.0,0.0,0.0,0.0,0.0,0.0,0.0,0.0,0.0,0.0,0.0,0.0,0.0,0.0,0.0,0.0,0.0,0.0,0.0,0.0,0.0,0.0,0.0,0.0,0.0
2026-02-04T15:24:59.411398,1931.3,1.9,48,92.7,234.1,2,6.3,7.7,98.6,7.7,7.7,7.7,16.2,8.4,8.4,8.3,7.8,8.4,7.7,8.3,9.1,7.7,7.0,7.7,8.5,7.7,7.7,7.7,7.7,7.7,7.7,7.7,7.7,9.2,9.2,7.7,7.7,8.4,11.0,7.7,8.4,8.5,7.7,7.7,8.5,7.7,7.8,7.7,8.5,7.0,7.7,7.7,7.7,7.7,0.0,0.0,0.0,0.0,0.0,0.0,0.0,0.0,0.0,0.0,0.0,0.0,0.0,0.0,0.0,0.0,0.0,0.0,0.0,0.0,0.0,0.0,0.0,0.0,0.0,0.0,0.0,0.0,0.0,0.0,0.0,0.0,0.0,0.0,0.0,0.0,0.0,0.0,0.0,0.0,0.0,0.0,0.0,0.0,0.0,0.0,0.0,0.0
2026-02-04T15:25:01.638855,1933.5,56.9,48,185.3,234.1,2,9.8,8.4,97.9,7.7,10.0,8.5,12.0,7.1,8.4,7.7,9.2,8.5,8.5,8.3,9.1,7.7,8.4,8.4,9.9,8.4,9.7,7.7,9.2,8.3,9.1,8.4,9.7,11.3,7.7,8.4,8.5,7.0,12.3,9.2,11.2,8.4,9.0,9.1,8.5,7.7,9.7,7.7,8.5,7.7,7.0,7.0,8.4,8.4,0.0,0.0,0.0,0.0,0.0,0.0,0.0,0.0,0.0,0.0,0.0,0.0,0.0,0.0,0.0,0.0,0.0,0.0,0.0,0.0,0.0,0.0,0.0,0.0,0.0,0.0,0.0,0.0,0.0,0.0,0.0,0.0,0.0,0.0,0.0,0.0,0.0,0.0,0.0,0.0,0.0,0.0,0.0,0.0,0.0,0.0,0.0,0.0
2026-02-04T15:25:03.902513,1935.8,1.3,2,9398.1,222.1,2,0.7,0.0,15.1,0.7,0.7,0.7,1.4,0.0,0.0,0.0,0.0,1.4,0.7,0.0,2.1,0.0,0.7,0.0,0.0,0.0,0.0,0.0,0.0,0.0,0.0,0.0,99.3,0.0,1.4,0.0,0.7,0.0,1.4,0.0,3.5,0.0,0.7,0.7,0.0,0.7,0.0,1.4,0.0,0.0,0.0,0.7,0.0,1.4,0.0,0.0,0.0,0.0,0.0,0.0,0.0,0.0,0.0,0.0,0.0,0.0,0.0,0.0,0.0,0.0,0.0,0.0,0.0,0.0,0.0,0.0,0.0,0.0,0.0,0.0,0.0,0.0,0.0,0.0,0.0,0.0,0.0,0.0,0.0,0.0,0.0,0.0,0.0,0.0,0.0,0.0,0.0,0.0,0.0,0.0,0.0,0.0
2026-02-04T15:25:06.127880,1938.0,2.5,48,92.6,247.5,2,7.6,7.0,97.9,7.7,6.9,7.7,7.6,7.6,7.7,7.6,8.3,8.3,8.9,7.7,9.0,7.7,7.6,7.7,7.6,7.7,7.6,7.7,7.6,7.7,7.6,7.7,7.6,9.7,9.7,7.6,9.0,7.6,7.6,7.7,8.4,7.6,8.3,7.6,8.3,7.7,7.6,7.6,7.6,7.6,7.6,7.6,7.6,7.0,0.0,0.0,0.0,0.0,0.0,0.0,0.0,0.0,0.0,0.0,0.0,0.0,0.0,0.0,0.0,0.0,0.0,0.0,0.0,0.0,0.0,0.0,0.0,0.0,0.0,0.0,0.0,0.0,0.0,0.0,0.0,0.0,0.0,0.0,0.0,0.0,0.0,0.0,0.0,0.0,0.0,0.0,0.0,0.0,0.0,0.0,0.0,0.0
2026-02-04T15:25:08.353364,1940.2,1.9,48,92.5,234.1,2,8.5,7.7,97.2,7.7,9.2,8.3,7.7,7.7,7.7,7.1,7.7,8.4,7.7,7.7,9.2,7.7,9.3,7.7,8.4,7.7,8.4,7.7,7.7,7.7,7.7,7.7,7.7,9.9,7.8,7.7,10.6,8.5,7.7,7.7,8.4,9.9,9.1,9.2,7.8,7.7,14.9,8.6,9.1,7.7,8.5,8.6,7.7,7.7,0.0,0.0,0.0,0.0,0.0,0.0,0.0,0.0,0.0,0.0,0.0,0.0,0.0,0.0,0.0,0.0,0.0,0.0,0.0,0.0,0.0,0.0,0.0,0.0,0.0,0.0,0.0,0.0,0.0,0.0,0.0,0.0,0.0,0.0,0.0,0.0,0.0,0.0,0.0,0.0,0.0,0.0,0.0,0.0,0.0,0.0,0.0,0.0
2026-02-04T15:25:10.578944,1942.5,2.7,48,92.7,234.1,2,7.7,7.6,97.9,7.7,9.1,7.7,8.4,7.1,7.7,7.7,7.7,7.0,11.6,8.4,9.7,7.7,7.6,7.0,8.4,7.0,14.7,7.0,7.7,7.0,7.7,7.0,7.7,7.7,7.7,7.0,7.7,7.0,8.5,7.0,7.0,8.4,7.0,7.7,7.7,7.0,7.7,8.4,8.4,7.0,7.7,7.0,7.0,7.0,0.0,0.0,0.0,0.0,0.0,0.0,0.0,0.0,0.0,0.0,0.0,0.0,0.0,0.0,0.0,0.0,0.0,0.0,0.0,0.0,0.0,0.0,0.0,0.0,0.0,0.0,0.0,0.0,0.0,0.0,0.0,0.0,0.0,0.0,0.0,0.0,0.0,0.0,0.0,0.0,0.0,0.0,0.0,0.0,0.0,0.0,0.0,0.0
2026-02-04T15:25:12.804641,1944.7,2.3,48,62.1,234.1,2,11.1,7.1,98.7,10.8,10.6,7.7,9.2,11.8,9.2,7.0,7.8,7.6,9.1,12.7,9.9,7.0,9.2,10.8,8.5,7.0,7.8,12.8,8.4,10.6,7.0,11.8,7.7,11.2,8.5,8.4,8.4,10.8,9.7,11.8,11.8,7.7,7.7,7.0,7.7,10.8,7.6,7.7,7.0,8.4,7.7,7.0,11.8,10.8,0.0,0.0,0.0,0.0,0.0,0.0,0.0,0.0,0.0,0.0,0.0,0.0,0.0,0.0,0.0,0.0,0.0,0.0,0.0,0.0,0.0,0.0,0.0,0.0,0.0,0.0,0.0,0.0,0.0,0.0,0.0,0.0,0.0,0.0,0.0,0.0,0.0,0.0,0.0,0.0,0.0,0.0,0.0,0.0,0.0,0.0,0.0,0.0
2026-02-04T15:25:15.030214,1946.9,2.2,48,92.5,234.1,2,9.8,8.4,97.9,5.7,9.1,9.0,9.1,5.7,7.6,9.8,7.1,8.5,11.6,5.3,7.6,8.4,10.6,5.7,7.8,8.5,7.7,5.7,14.0,5.2,8.4,6.2,7.6,11.2,8.3,8.5,9.0,5.7,9.8,6.2,6.2,9.8,8.4,9.7,9.9,6.2,9.1,9.7,8.5,8.5,8.5,7.7,7.2,5.7,0.0,0.0,0.0,0.0,0.0,0.0,0.0,0.0,0.0,0.0,0.0,0.0,0.0,0.0,0.0,0.0,0.0,0.0,0.0,0.0,0.0,0.0,0.0,0.0,0.0,0.0,0.0,0.0,0.0,0.0,0.0,0.0,0.0,0.0,0.0,0.0,0.0,0.0,0.0,0.0,0.0,0.0,0.0,0.0,0.0,0.0,0.0,0.0
2026-02-04T15:25:17.255609,1949.1,1.9,48,92.9,234.1,2,7.7,7.1,98.6,7.0,8.5,7.0,10.5,8.8,7.1,7.0,6.9,13.3,9.8,8.8,7.0,7.0,7.7,7.0,7.6,8.4,7.0,7.6,8.5,7.9,7.0,8.4,7.1,7.7,7.0,7.0,7.7,7.7,9.8,7.0,7.7,7.0,7.6,7.0,8.4,7.0,7.7,7.0,7.7,7.0,7.7,7.0,5.9,5.6,0.0,0.0,0.0,0.0,0.0,0.0,0.0,0.0,0.0,0.0,0.0,0.0,0.0,0.0,0.0,0.0,0.0,0.0,0.0,0.0,0.0,0.0,0.0,0.0,0.0,0.0,0.0,0.0,0.0,0.0,0.0,0.0,0.0,0.0,0.0,0.0,0.0,0.0,0.0,0.0,0.0,0.0,0.0,0.0,0.0,0.0,0.0,0.0
2026-02-04T15:25:19.481199,1951.4,2.2,48,123.8,234.1,2,6.9,7.7,98.6,7.7,8.3,7.0,9.8,5.8,7.7,7.2,7.6,7.7,8.3,6.4,9.2,7.7,7.7,7.7,13.5,7.6,7.7,7.0,8.4,7.7,7.7,7.0,7.7,8.4,7.7,7.7,9.7,7.7,7.8,7.7,7.7,8.3,9.7,7.7,11.1,7.7,7.7,7.7,7.7,7.6,8.3,7.7,7.7,7.6,0.0,0.0,0.0,0.0,0.0,0.0,0.0,0.0,0.0,0.0,0.0,0.0,0.0,0.0,0.0,0.0,0.0,0.0,0.0,0.0,0.0,0.0,0.0,0.0,0.0,0.0,0.0,0.0,0.0,0.0,0.0,0.0,0.0,0.0,0.0,0.0,0.0,0.0,0.0,0.0,0.0,0.0,0.0,0.0,0.0,0.0,0.0,0.0
2026-02-04T15:25:21.706240,1953.6,2.3,48,93.3,234.1,2,7.0,7.0,98.6,7.0,7.7,7.0,7.7,7.0,7.8,6.8,8.5,8.5,7.0,7.7,7.7,6.9,7.7,7.0,7.0,7.1,8.5,7.0,7.7,7.0,7.8,7.0,7.7,9.1,9.0,7.0,7.7,7.0,8.3,7.0,7.7,7.1,7.7,7.7,8.4,7.0,8.3,7.7,7.7,7.1,7.1,7.0,7.0,7.1,0.0,0.0,0.0,0.0,0.0,0.0,0.0,0.0,0.0,0.0,0.0,0.0,0.0,0.0,0.0,0.0,0.0,0.0,0.0,0.0,0.0,0.0,0.0,0.0,0.0,0.0,0.0,0.0,0.0,0.0,0.0,0.0,0.0,0.0,0.0,0.0,0.0,0.0,0.0,0.0,0.0,0.0,0.0,0.0,0.0,0.0,0.0,0.0
2026-02-04T15:25:23.931143,1955.8,1.9,48,93.3,234.1,2,7.0,7.7,98.6,7.7,9.2,7.7,8.5,8.3,9.0,8.5,7.6,8.4,7.7,7.7,11.2,7.8,8.5,7.7,7.7,7.7,7.7,7.7,7.7,7.7,7.7,7.7,7.7,9.9,7.8,7.7,8.5,8.5,8.5,7.7,9.2,8.5,10.4,9.1,7.8,7.7,7.7,7.7,7.7,7.7,7.7,7.7,7.7,13.9,0.0,0.0,0.0,0.0,0.0,0.0,0.0,0.0,0.0,0.0,0.0,0.0,0.0,0.0,0.0,0.0,0.0,0.0,0.0,0.0,0.0,0.0,0.0,0.0,0.0,0.0,0.0,0.0,0.0,0.0,0.0,0.0,0.0,0.0,0.0,0.0,0.0,0.0,0.0,0.0,0.0,0.0,0.0,0.0,0.0,0.0,0.0,0.0
2026-02-04T15:25:26.193628,1958.1,3.7,48,92.8,234.1,2,7.0,7.7,97.9,7.7,9.8,7.0,7.0,6.5,7.6,7.0,7.1,7.7,7.7,7.0,7.7,7.7,7.7,7.0,7.0,7.7,7.7,7.0,7.7,7.0,7.0,7.0,12.7,9.1,7.0,7.0,8.4,8.4,9.1,7.7,7.7,7.7,11.6,7.0,7.7,7.0,7.0,7.0,7.7,7.0,8.5,7.7,7.7,7.0,0.0,0.0,0.0,0.0,0.0,0.0,0.0,0.0,0.0,0.0,0.0,0.0,0.0,0.0,0.0,0.0,0.0,0.0,0.0,0.0,0.0,0.0,0.0,0.0,0.0,0.0,0.0,0.0,0.0,0.0,0.0,0.0,0.0,0.0,0.0,0.0,0.0,0.0,0.0,0.0,0.0,0.0,0.0,0.0,0.0,0.0,0.0,0.0
2026-02-04T15:25:28.419730,1960.3,2.6,48,123.8,234.1,2,6.9,8.2,97.9,7.6,10.3,13.1,7.6,7.6,7.6,7.6,8.0,7.6,7.5,6.8,10.3,7.6,7.5,7.6,8.1,6.9,8.1,6.9,6.8,7.6,7.6,6.9,7.5,9.7,7.5,7.6,9.0,6.8,8.3,7.6,8.3,6.8,10.8,7.6,8.2,6.9,7.6,7.5,7.5,8.2,7.5,6.8,7.6,6.9,0.0,0.0,0.0,0.0,0.0,0.0,0.0,0.0,0.0,0.0,0.0,0.0,0.0,0.0,0.0,0.0,0.0,0.0,0.0,0.0,0.0,0.0,0.0,0.0,0.0,0.0,0.0,0.0,0.0,0.0,0.0,0.0,0.0,0.0,0.0,0.0,0.0,0.0,0.0,0.0,0.0,0.0,0.0,0.0,0.0,0.0,0.0,0.0
2026-02-04T15:25:30.645601,1962.5,97.7,46,186.8,234.1,2,7.0,6.3,100.0,4.9,8.5,6.3,9.0,6.3,7.7,6.3,7.3,7.7,7.0,9.0,7.7,6.3,4.9,7.0,6.6,6.3,7.1,6.3,7.0,6.3,7.0,6.9,6.3,9.2,7.1,6.9,7.0,8.5,7.7,6.3,7.6,7.0,11.1,6.3,10.6,6.3,7.7,7.0,8.4,6.3,7.7,7.0,6.9,6.3,0.0,0.0,0.0,0.0,0.0,0.0,0.0,0.0,0.0,0.0,0.0,0.0,0.0,0.0,0.0,0.0,0.0,0.0,0.0,0.0,0.0,0.0,0.0,0.0,0.0,0.0,0.0,0.0,0.0,0.0,0.0,0.0,0.0,0.0,0.0,0.0,0.0,0.0,0.0,0.0,0.0,0.0,0.0,0.0,0.0,0.0,0.0,0.0
2026-02-04T15:25:32.873151,1964.8,2.6,2,9929.7,222.1,2,2.1,0.0,99.3,0.0,2.8,0.0,0.7,0.0,0.0,0.0,0.0,0.0,0.0,0.0,0.7,0.0,0.7,0.0,0.0,0.0,0.0,0.0,0.7,0.0,0.0,0.0,1.4,2.1,0.0,0.0,0.7,0.0,0.0,0.0,0.0,0.7,1.4,0.0,5.7,0.0,0.0,0.0,0.7,0.0,0.0,0.0,0.7,0.0,0.0,0.0,0.0,0.0,0.0,0.0,0.0,0.0,0.0,0.0,0.0,0.0,0.0,0.0,0.0,0.0,0.0,0.0,0.0,0.0,0.0,0.0,0.0,0.0,0.0,0.0,0.0,0.0,0.0,0.0,0.0,0.0,0.0,0.0,0.0,0.0,0.0,0.0,0.0,0.0,0.0,0.0,0.0,0.0,0.0,0.0,0.0,0.0
2026-02-04T15:25:35.099158,1967.0,2.5,48,92.6,234.1,2,6.2,13.3,98.6,7.0,7.1,7.0,7.1,7.0,7.4,7.0,7.0,7.7,10.3,7.0,9.0,7.0,8.4,7.2,7.1,7.0,7.6,7.0,7.0,7.0,7.0,8.3,7.0,9.1,7.0,7.0,7.7,7.0,7.7,7.0,7.0,7.7,7.7,8.4,7.7,7.0,7.7,6.2,7.7,7.0,9.7,6.9,7.7,7.0,0.0,0.0,0.0,0.0,0.0,0.0,0.0,0.0,0.0,0.0,0.0,0.0,0.0,0.0,0.0,0.0,0.0,0.0,0.0,0.0,0.0,0.0,0.0,0.0,0.0,0.0,0.0,0.0,0.0,0.0,0.0,0.0,0.0,0.0,0.0,0.0,0.0,0.0,0.0,0.0,0.0,0.0,0.0,0.0,0.0,0.0,0.0,0.0
2026-02-04T15:25:37.325307,1969.2,3.0,48,123.5,234.1,2,9.1,7.7,97.9,26.2,8.4,8.6,7.7,8.7,7.7,9.1,7.7,9.2,12.3,26.2,8.5,9.6,9.8,13.3,7.6,7.7,9.4,26.2,9.7,15.0,25.0,28.6,8.5,9.8,9.7,26.2,8.5,9.0,9.1,26.2,7.7,9.1,8.4,7.7,9.7,26.2,7.7,7.7,7.7,14.1,7.7,8.7,20.0,26.2,0.0,0.0,0.0,0.0,0.0,0.0,0.0,0.0,0.0,0.0,0.0,0.0,0.0,0.0,0.0,0.0,0.0,0.0,0.0,0.0,0.0,0.0,0.0,0.0,0.0,0.0,0.0,0.0,0.0,0.0,0.0,0.0,0.0,0.0,0.0,0.0,0.0,0.0,0.0,0.0,0.0,0.0,0.0,0.0,0.0,0.0,0.0,0.0
2026-02-04T15:25:39.552515,1971.4,2.3,39,92.7,234.1,2,7.7,8.4,98.6,4.5,7.7,7.5,8.5,6.9,7.7,7.7,9.0,7.7,10.5,4.5,10.3,6.4,8.3,5.8,9.2,8.5,12.0,4.5,7.7,5.4,4.5,4.5,7.7,10.5,9.7,4.5,9.2,8.5,7.7,5.8,9.0,8.4,7.7,8.4,7.8,4.5,7.7,9.2,8.4,7.7,8.5,7.6,4.8,4.5,0.0,0.0,0.0,0.0,0.0,0.0,0.0,0.0,0.0,0.0,0.0,0.0,0.0,0.0,0.0,0.0,0.0,0.0,0.0,0.0,0.0,0.0,0.0,0.0,0.0,0.0,0.0,0.0,0.0,0.0,0.0,0.0,0.0,0.0,0.0,0.0,0.0,0.0,0.0,0.0,0.0,0.0,0.0,0.0,0.0,0.0,0.0,0.0
2026-02-04T15:25:41.779332,1973.7,2.3,48,123.8,234.1,2,10.6,7.7,43.4,8.4,67.4,9.1,7.7,7.7,7.7,7.7,8.5,9.0,7.8,7.7,12.3,8.3,9.2,7.7,7.7,7.7,8.4,7.7,7.6,7.7,7.8,7.7,8.4,10.6,8.5,7.7,7.7,7.7,7.7,5.6,7.7,7.7,9.1,7.7,7.7,7.7,7.7,7.7,7.7,8.4,7.7,7.7,8.5,7.7,0.0,0.0,0.0,0.0,0.0,0.0,0.0,0.0,0.0,0.0,0.0,0.0,0.0,0.0,0.0,0.0,0.0,0.0,0.0,0.0,0.0,0.0,0.0,0.0,0.0,0.0,0.0,0.0,0.0,0.0,0.0,0.0,0.0,0.0,0.0,0.0,0.0,0.0,0.0,0.0,0.0,0.0,0.0,0.0,0.0,0.0,0.0,0.0
2026-02-04T15:25:44.006025,1975.9,2.2,48,93.2,234.1,2,9.0,7.7,61.1,7.7,46.5,7.2,8.5,7.7,7.7,7.7,7.6,9.2,7.6,11.6,11.2,9.0,6.9,7.7,7.7,7.7,9.2,7.7,8.5,8.4,7.7,7.7,7.7,10.5,8.4,7.7,14.7,7.7,8.3,7.7,7.7,8.5,8.5,7.7,7.7,7.7,7.8,7.7,7.7,7.7,7.0,8.5,7.7,7.7,0.0,0.0,0.0,0.0,0.0,0.0,0.0,0.0,0.0,0.0,0.0,0.0,0.0,0.0,0.0,0.0,0.0,0.0,0.0,0.0,0.0,0.0,0.0,0.0,0.0,0.0,0.0,0.0,0.0,0.0,0.0,0.0,0.0,0.0,0.0,0.0,0.0,0.0,0.0,0.0,0.0,0.0,0.0,0.0,0.0,0.0,0.0,0.0
2026-02-04T15:25:46.231775,1978.1,2.7,48,124.2,234.1,2,8.5,7.0,98.6,7.6,9.1,7.7,8.5,8.3,7.7,7.0,7.7,7.0,7.8,5.3,12.4,7.0,8.5,7.3,7.7,7.7,6.9,8.3,8.5,7.0,7.6,7.6,7.7,9.9,7.7,7.0,8.5,7.0,7.1,9.1,14.1,9.7,8.4,7.6,6.9,7.6,9.0,7.0,8.3,8.4,7.7,7.7,7.6,7.6,0.0,0.0,0.0,0.0,0.0,0.0,0.0,0.0,0.0,0.0,0.0,0.0,0.0,0.0,0.0,0.0,0.0,0.0,0.0,0.0,0.0,0.0,0.0,0.0,0.0,0.0,0.0,0.0,0.0,0.0,0.0,0.0,0.0,0.0,0.0,0.0,0.0,0.0,0.0,0.0,0.0,0.0,0.0,0.0,0.0,0.0,0.0,0.0
2026-02-04T15:25:48.487430,1980.4,2.3,48,93.4,234.1,2,8.5,8.5,99.3,7.2,8.5,8.5,7.6,7.9,8.3,8.4,7.7,8.4,7.6,7.7,13.8,7.7,8.4,8.2,8.5,7.7,7.8,8.4,8.5,7.7,7.8,7.2,7.7,11.1,7.7,7.7,9.1,7.0,8.4,7.7,7.7,8.4,8.4,7.7,7.7,7.8,7.7,8.5,14.1,8.4,7.7,8.4,7.7,7.8,0.0,0.0,0.0,0.0,0.0,0.0,0.0,0.0,0.0,0.0,0.0,0.0,0.0,0.0,0.0,0.0,0.0,0.0,0.0,0.0,0.0,0.0,0.0,0.0,0.0,0.0,0.0,0.0,0.0,0.0,0.0,0.0,0.0,0.0,0.0,0.0,0.0,0.0,0.0,0.0,0.0,0.0,0.0,0.0,0.0,0.0,0.0,0.0
2026-02-04T15:25:50.712969,1982.6,2.2,48,92.5,234.1,2,9.0,8.8,97.9,7.6,8.3,7.9,10.4,7.6,8.3,8.3,7.6,9.0,7.7,11.2,11.6,8.3,8.3,9.0,8.3,13.8,8.3,7.6,8.3,7.6,8.3,7.6,7.6,9.0,8.4,8.3,7.6,7.6,9.7,7.6,9.6,8.3,9.0,7.6,7.6,8.3,7.6,8.3,7.6,7.6,8.3,8.3,9.0,8.3,0.0,0.0,0.0,0.0,0.0,0.0,0.0,0.0,0.0,0.0,0.0,0.0,0.0,0.0,0.0,0.0,0.0,0.0,0.0,0.0,0.0,0.0,0.0,0.0,0.0,0.0,0.0,0.0,0.0,0.0,0.0,0.0,0.0,0.0,0.0,0.0,0.0,0.0,0.0,0.0,0.0,0.0,0.0,0.0,0.0,0.0,0.0,0.0
2026-02-04T15:25:52.937757,1984.8,2.4,48,93.2,234.1,2,6.2,7.1,97.9,7.7,7.7,6.8,9.0,7.7,9.8,7.0,7.1,7.0,7.0,6.4,9.7,7.0,6.3,6.6,7.0,7.0,7.0,7.7,7.0,7.7,7.7,7.0,7.0,7.7,6.9,7.7,9.1,7.0,7.0,7.0,7.7,7.7,7.7,7.0,7.0,7.0,7.0,6.3,7.0,8.5,8.5,7.0,13.4,7.0,0.0,0.0,0.0,0.0,0.0,0.0,0.0,0.0,0.0,0.0,0.0,0.0,0.0,0.0,0.0,0.0,0.0,0.0,0.0,0.0,0.0,0.0,0.0,0.0,0.0,0.0,0.0,0.0,0.0,0.0,0.0,0.0,0.0,0.0,0.0,0.0,0.0,0.0,0.0,0.0,0.0,0.0,0.0,0.0,0.0,0.0,0.0,0.0
2026-02-04T15:25:55.162797,1987.1,1.9,48,93.2,234.1,2,10.5,7.7,98.6,7.7,8.5,7.7,9.2,7.7,7.2,7.7,7.6,8.3,8.4,7.7,12.4,7.7,7.1,8.4,7.7,8.5,8.4,7.7,9.2,7.7,8.5,8.3,7.7,10.6,9.2,7.7,9.9,7.7,7.7,8.4,8.4,8.4,7.7,8.4,8.4,7.7,7.7,7.6,8.4,8.4,7.7,7.7,8.5,9.1,0.0,0.0,0.0,0.0,0.0,0.0,0.0,0.0,0.0,0.0,0.0,0.0,0.0,0.0,0.0,0.0,0.0,0.0,0.0,0.0,0.0,0.0,0.0,0.0,0.0,0.0,0.0,0.0,0.0,0.0,0.0,0.0,0.0,0.0,0.0,0.0,0.0,0.0,0.0,0.0,0.0,0.0,0.0,0.0,0.0,0.0,0.0,0.0
2026-02-04T15:25:57.390707,1989.3,99.7,48,185.2,234.1,2,11.6,6.2,100.0,6.2,7.0,6.2,6.3,6.2,9.0,6.2,6.3,6.3,6.9,6.2,12.2,6.2,5.5,6.2,6.2,6.2,6.9,6.2,6.8,6.2,6.8,6.2,6.2,8.3,6.2,6.2,7.6,6.2,6.2,8.3,6.3,6.2,6.9,8.2,6.2,6.2,6.2,9.0,6.2,7.0,6.2,6.9,6.2,6.2,0.0,0.0,0.0,0.0,0.0,0.0,0.0,0.0,0.0,0.0,0.0,0.0,0.0,0.0,0.0,0.0,0.0,0.0,0.0,0.0,0.0,0.0,0.0,0.0,0.0,0.0,0.0,0.0,0.0,0.0,0.0,0.0,0.0,0.0,0.0,0.0,0.0,0.0,0.0,0.0,0.0,0.0,0.0,0.0,0.0,0.0,0.0,0.0
2026-02-04T15:25:59.615292,1991.5,2.2,2,5704.1,222.1,2,2.8,1.4,98.6,1.4,1.4,1.4,2.8,1.4,1.4,1.4,2.1,2.1,1.4,2.1,2.8,1.4,1.4,1.4,1.4,1.4,1.4,1.4,7.1,1.4,1.4,1.4,1.4,3.5,1.4,1.4,1.4,1.4,1.4,2.9,1.4,1.4,2.1,1.4,1.4,1.4,1.4,1.4,1.4,2.1,1.4,2.1,1.4,1.4,0.0,0.0,0.0,0.0,0.0,0.0,0.0,0.0,0.0,0.0,0.0,0.0,0.0,0.0,0.0,0.0,0.0,0.0,0.0,0.0,0.0,0.0,0.0,0.0,0.0,0.0,0.0,0.0,0.0,0.0,0.0,0.0,0.0,0.0,0.0,0.0,0.0,0.0,0.0,0.0,0.0,0.0,0.0,0.0,0.0,0.0,0.0,0.0
2026-02-04T15:26:01.839933,1993.7,3.0,48,124.3,234.1,2,9.9,6.9,98.6,7.0,7.7,7.0,7.8,7.7,8.5,7.0,7.7,7.0,7.7,7.0,8.5,12.1,9.2,7.0,7.7,7.7,7.6,7.0,8.4,7.0,7.7,7.0,7.7,9.9,7.7,7.0,8.4,7.0,7.7,6.9,7.0,14.0,7.7,8.4,7.7,7.7,7.7,8.4,8.3,7.7,7.8,6.9,7.0,7.7,0.0,0.0,0.0,0.0,0.0,0.0,0.0,0.0,0.0,0.0,0.0,0.0,0.0,0.0,0.0,0.0,0.0,0.0,0.0,0.0,0.0,0.0,0.0,0.0,0.0,0.0,0.0,0.0,0.0,0.0,0.0,0.0,0.0,0.0,0.0,0.0,0.0,0.0,0.0,0.0,0.0,0.0,0.0,0.0,0.0,0.0,0.0,0.0
2026-02-04T15:26:04.065032,1996.0,2.3,48,92.6,234.1,2,7.1,7.0,97.9,7.0,7.1,7.0,7.0,7.0,7.0,7.0,6.9,7.0,7.0,7.0,9.8,11.0,6.3,7.7,8.4,7.0,7.1,7.7,7.0,7.0,7.0,7.0,7.0,8.4,7.0,7.0,7.7,7.0,7.7,9.2,13.3,7.0,6.9,7.7,7.6,7.0,6.9,7.1,7.0,7.0,7.0,7.0,6.3,7.7,0.0,0.0,0.0,0.0,0.0,0.0,0.0,0.0,0.0,0.0,0.0,0.0,0.0,0.0,0.0,0.0,0.0,0.0,0.0,0.0,0.0,0.0,0.0,0.0,0.0,0.0,0.0,0.0,0.0,0.0,0.0,0.0,0.0,0.0,0.0,0.0,0.0,0.0,0.0,0.0,0.0,0.0,0.0,0.0,0.0,0.0,0.0,0.0
2026-02-04T15:26:06.290151,1998.2,2.0,48,93.1,234.1,2,7.6,9.9,97.9,9.0,8.3,8.4,8.3,7.7,7.7,12.8,7.8,7.8,7.7,7.7,9.9,10.4,7.7,7.7,8.5,7.7,7.7,8.4,7.8,7.7,7.8,7.7,8.4,9.2,9.2,7.7,8.5,7.7,7.7,8.4,9.2,7.7,7.8,8.4,8.5,7.7,7.8,7.7,12.7,9.2,7.7,8.5,8.4,13.6,0.0,0.0,0.0,0.0,0.0,0.0,0.0,0.0,0.0,0.0,0.0,0.0,0.0,0.0,0.0,0.0,0.0,0.0,0.0,0.0,0.0,0.0,0.0,0.0,0.0,0.0,0.0,0.0,0.0,0.0,0.0,0.0,0.0,0.0,0.0,0.0,0.0,0.0,0.0,0.0,0.0,0.0,0.0,0.0,0.0,0.0,0.0,0.0
2026-02-04T15:26:08.515890,2000.4,2.3,48,92.7,234.1,2,7.7,7.7,97.9,7.7,7.0,7.0,8.4,8.4,7.0,5.1,7.0,7.7,7.1,9.9,7.0,8.5,7.6,9.8,7.0,6.9,13.3,7.0,7.6,7.0,7.6,7.0,7.7,9.1,7.0,7.0,7.0,7.0,8.4,8.5,8.3,7.0,7.0,7.0,7.7,7.0,7.0,7.0,7.0,6.3,8.5,6.9,7.7,5.1,0.0,0.0,0.0,0.0,0.0,0.0,0.0,0.0,0.0,0.0,0.0,0.0,0.0,0.0,0.0,0.0,0.0,0.0,0.0,0.0,0.0,0.0,0.0,0.0,0.0,0.0,0.0,0.0,0.0,0.0,0.0,0.0,0.0,0.0,0.0,0.0,0.0,0.0,0.0,0.0,0.0,0.0,0.0,0.0,0.0,0.0,0.0,0.0
2026-02-04T15:26:10.769988,2002.6,2.2,48,93.2,234.1,2,8.3,7.7,98.6,7.7,8.5,8.5,7.7,8.4,7.7,7.7,7.7,8.3,7.7,6.3,7.6,7.7,7.9,6.3,8.4,11.7,8.5,13.3,8.5,7.7,7.7,8.4,7.7,10.6,8.4,7.7,9.2,7.7,7.6,7.7,7.7,7.7,7.7,8.4,8.5,7.7,7.0,7.6,8.5,7.6,9.7,8.5,7.7,7.7,0.0,0.0,0.0,0.0,0.0,0.0,0.0,0.0,0.0,0.0,0.0,0.0,0.0,0.0,0.0,0.0,0.0,0.0,0.0,0.0,0.0,0.0,0.0,0.0,0.0,0.0,0.0,0.0,0.0,0.0,0.0,0.0,0.0,0.0,0.0,0.0,0.0,0.0,0.0,0.0,0.0,0.0,0.0,0.0,0.0,0.0,0.0,0.0
2026-02-04T15:26:12.996406,2004.9,2.5,48,124.3,234.1,2,8.3,7.6,98.6,6.9,7.6,7.6,11.1,6.9,7.7,7.6,9.0,7.0,8.3,10.5,9.8,7.6,8.2,11.2,8.9,10.3,8.3,7.6,7.6,10.2,7.6,8.3,8.3,10.3,8.3,7.6,13.1,8.3,8.4,8.3,8.4,7.6,7.6,8.3,8.3,6.9,7.6,7.7,8.3,7.7,8.4,7.6,7.6,6.9,0.0,0.0,0.0,0.0,0.0,0.0,0.0,0.0,0.0,0.0,0.0,0.0,0.0,0.0,0.0,0.0,0.0,0.0,0.0,0.0,0.0,0.0,0.0,0.0,0.0,0.0,0.0,0.0,0.0,0.0,0.0,0.0,0.0,0.0,0.0,0.0,0.0,0.0,0.0,0.0,0.0,0.0,0.0,0.0,0.0,0.0,0.0,0.0
2026-02-04T15:26:15.222817,2007.1,2.6,47,92.6,234.1,2,7.8,5.6,99.3,5.6,7.6,7.0,9.1,7.7,7.0,7.0,7.7,6.9,7.7,5.0,7.7,7.0,7.0,6.6,7.7,7.0,7.7,6.9,7.7,12.2,7.7,7.7,7.0,8.4,7.0,7.7,7.7,7.0,7.7,7.0,6.9,7.7,7.0,7.7,7.7,6.3,7.7,7.0,7.7,6.9,7.0,7.0,7.0,12.7,0.0,0.0,0.0,0.0,0.0,0.0,0.0,0.0,0.0,0.0,0.0,0.0,0.0,0.0,0.0,0.0,0.0,0.0,0.0,0.0,0.0,0.0,0.0,0.0,0.0,0.0,0.0,0.0,0.0,0.0,0.0,0.0,0.0,0.0,0.0,0.0,0.0,0.0,0.0,0.0,0.0,0.0,0.0,0.0,0.0,0.0,0.0,0.0
2026-02-04T15:26:17.449601,2009.3,2.0,48,123.8,234.1,2,6.2,7.0,97.9,7.0,8.5,7.7,10.6,7.0,7.7,7.0,9.8,8.5,8.5,7.0,9.7,7.7,7.0,9.9,8.5,7.0,8.5,7.0,8.3,8.4,7.7,7.6,8.3,9.2,7.7,7.0,7.6,7.0,7.7,8.4,8.5,7.7,15.3,8.4,9.1,7.0,7.0,8.4,7.0,7.7,7.6,7.7,7.7,7.0,0.0,0.0,0.0,0.0,0.0,0.0,0.0,0.0,0.0,0.0,0.0,0.0,0.0,0.0,0.0,0.0,0.0,0.0,0.0,0.0,0.0,0.0,0.0,0.0,0.0,0.0,0.0,0.0,0.0,0.0,0.0,0.0,0.0,0.0,0.0,0.0,0.0,0.0,0.0,0.0,0.0,0.0,0.0,0.0,0.0,0.0,0.0,0.0
2026-02-04T15:26:19.674939,2011.6,3.2,48,93.2,234.1,2,9.9,8.3,98.0,7.7,7.7,7.7,8.4,7.0,8.3,7.7,6.1,7.0,7.7,8.2,7.1,7.0,7.7,7.0,7.6,7.0,7.0,7.8,14.2,9.0,7.7,7.7,7.7,9.7,7.1,7.7,8.5,7.7,7.8,7.1,7.7,7.1,8.5,7.0,7.7,7.7,7.8,7.7,6.4,8.4,7.0,7.0,6.4,7.7,0.0,0.0,0.0,0.0,0.0,0.0,0.0,0.0,0.0,0.0,0.0,0.0,0.0,0.0,0.0,0.0,0.0,0.0,0.0,0.0,0.0,0.0,0.0,0.0,0.0,0.0,0.0,0.0,0.0,0.0,0.0,0.0,0.0,0.0,0.0,0.0,0.0,0.0,0.0,0.0,0.0,0.0,0.0,0.0,0.0,0.0,0.0,0.0
2026-02-04T15:26:21.900598,2013.8,3.2,48,93.2,234.1,2,8.3,7.8,98.6,7.0,7.0,8.5,9.2,10.5,8.5,7.0,8.7,6.3,9.1,6.1,9.1,7.7,7.7,7.7,6.9,7.7,7.7,8.3,7.6,7.1,8.4,7.0,15.3,9.1,8.4,7.0,7.7,7.7,6.3,7.7,8.4,7.0,9.1,7.0,7.7,7.0,6.3,7.0,6.3,8.3,7.7,12.5,7.7,8.3,0.0,0.0,0.0,0.0,0.0,0.0,0.0,0.0,0.0,0.0,0.0,0.0,0.0,0.0,0.0,0.0,0.0,0.0,0.0,0.0,0.0,0.0,0.0,0.0,0.0,0.0,0.0,0.0,0.0,0.0,0.0,0.0,0.0,0.0,0.0,0.0,0.0,0.0,0.0,0.0,0.0,0.0,0.0,0.0,0.0,0.0,0.0,0.0
2026-02-04T15:26:24.125923,2016.0,98.0,48,185.6,234.1,2,5.6,7.7,99.3,7.7,7.7,7.7,7.7,7.7,7.7,7.6,8.2,8.4,7.7,7.7,9.1,7.7,7.7,7.7,7.8,7.7,7.7,7.7,7.7,7.7,7.7,8.3,7.7,10.5,8.3,7.7,7.7,7.7,8.3,8.4,9.1,9.0,9.0,8.5,8.4,8.3,7.6,8.4,7.7,7.7,6.2,7.7,7.6,7.7,0.0,0.0,0.0,0.0,0.0,0.0,0.0,0.0,0.0,0.0,0.0,0.0,0.0,0.0,0.0,0.0,0.0,0.0,0.0,0.0,0.0,0.0,0.0,0.0,0.0,0.0,0.0,0.0,0.0,0.0,0.0,0.0,0.0,0.0,0.0,0.0,0.0,0.0,0.0,0.0,0.0,0.0,0.0,0.0,0.0,0.0,0.0,0.0
2026-02-04T15:26:26.349908,2018.2,2.0,2,7581.6,222.1,2,0.0,0.7,99.3,0.0,2.8,0.0,0.0,0.7,1.4,0.0,1.4,0.0,0.0,0.0,0.7,0.0,0.7,0.0,1.4,0.0,0.0,0.0,1.4,0.0,0.7,0.0,0.0,7.7,2.8,0.0,0.7,0.7,0.0,1.4,0.7,0.0,0.7,1.4,0.7,0.0,0.0,0.7,0.7,0.7,0.7,0.0,0.0,0.0,0.0,0.0,0.0,0.0,0.0,0.0,0.0,0.0,0.0,0.0,0.0,0.0,0.0,0.0,0.0,0.0,0.0,0.0,0.0,0.0,0.0,0.0,0.0,0.0,0.0,0.0,0.0,0.0,0.0,0.0,0.0,0.0,0.0,0.0,0.0,0.0,0.0,0.0,0.0,0.0,0.0,0.0,0.0,0.0,0.0,0.0,0.0,0.0
2026-02-04T15:26:28.576140,2020.5,2.1,48,123.8,234.1,2,7.6,7.7,98.6,10.3,9.1,13.3,8.3,7.7,7.7,10.2,12.3,7.7,8.3,7.7,8.3,7.7,8.5,10.3,8.5,7.7,11.0,10.3,7.7,10.3,7.7,10.2,7.7,9.1,9.0,10.3,9.0,7.7,8.5,9.1,9.1,10.3,7.7,7.7,8.4,10.1,8.3,6.9,8.3,9.0,7.7,7.7,7.7,10.3,0.0,0.0,0.0,0.0,0.0,0.0,0.0,0.0,0.0,0.0,0.0,0.0,0.0,0.0,0.0,0.0,0.0,0.0,0.0,0.0,0.0,0.0,0.0,0.0,0.0,0.0,0.0,0.0,0.0,0.0,0.0,0.0,0.0,0.0,0.0,0.0,0.0,0.0,0.0,0.0,0.0,0.0,0.0,0.0,0.0,0.0,0.0,0.0
2026-02-04T15:26:30.802679,2022.7,2.0,46,92.9,234.1,2,7.6,7.7,99.3,5.6,9.1,4.9,8.5,7.0,7.0,5.6,9.9,7.1,7.7,7.0,11.3,7.0,7.6,5.6,7.9,7.0,7.0,6.2,7.7,5.6,8.5,5.6,7.7,7.7,7.1,5.6,7.1,7.0,8.5,14.7,8.5,5.6,7.8,7.0,7.8,5.7,7.1,4.9,7.7,7.0,7.0,7.7,8.5,5.6,0.0,0.0,0.0,0.0,0.0,0.0,0.0,0.0,0.0,0.0,0.0,0.0,0.0,0.0,0.0,0.0,0.0,0.0,0.0,0.0,0.0,0.0,0.0,0.0,0.0,0.0,0.0,0.0,0.0,0.0,0.0,0.0,0.0,0.0,0.0,0.0,0.0,0.0,0.0,0.0,0.0,0.0,0.0,0.0,0.0,0.0,0.0,0.0
2026-02-04T15:26:33.057716,2024.9,3.0,48,93.2,234.1,2,7.0,6.9,97.9,6.9,9.1,7.0,10.5,7.0,7.6,8.3,9.7,9.0,7.0,13.2,9.0,7.6,8.5,6.9,7.5,6.9,7.6,6.9,7.7,6.9,6.9,6.9,6.9,9.1,8.3,7.6,7.6,6.9,7.6,8.4,6.9,6.9,7.6,9.7,7.6,6.9,7.0,8.4,7.6,8.5,7.0,8.3,9.0,6.9,0.0,0.0,0.0,0.0,0.0,0.0,0.0,0.0,0.0,0.0,0.0,0.0,0.0,0.0,0.0,0.0,0.0,0.0,0.0,0.0,0.0,0.0,0.0,0.0,0.0,0.0,0.0,0.0,0.0,0.0,0.0,0.0,0.0,0.0,0.0,0.0,0.0,0.0,0.0,0.0,0.0,0.0,0.0,0.0,0.0,0.0,0.0,0.0
2026-02-04T15:26:35.284307,2027.2,5.2,48,92.7,234.1,2,9.6,8.4,98.6,8.4,9.7,8.4,15.3,8.4,8.3,8.4,12.5,9.0,10.5,8.4,9.1,8.4,9.1,8.4,8.6,8.3,8.4,9.0,9.7,7.7,9.6,8.3,8.3,9.7,9.1,8.4,9.8,8.4,9.7,9.0,7.6,9.7,9.1,8.4,8.4,8.4,8.4,9.1,8.4,16.6,7.6,9.7,9.8,8.4,0.0,0.0,0.0,0.0,0.0,0.0,0.0,0.0,0.0,0.0,0.0,0.0,0.0,0.0,0.0,0.0,0.0,0.0,0.0,0.0,0.0,0.0,0.0,0.0,0.0,0.0,0.0,0.0,0.0,0.0,0.0,0.0,0.0,0.0,0.0,0.0,0.0,0.0,0.0,0.0,0.0,0.0,0.0,0.0,0.0,0.0,0.0,0.0
2026-02-04T15:26:37.510539,2029.4,2.9,48,93.3,234.1,2,13.2,7.0,98.6,7.0,7.0,7.0,9.9,7.0,8.5,7.0,8.2,8.5,8.4,7.7,8.4,7.0,8.3,7.0,6.8,9.1,9.3,7.7,7.8,13.3,7.1,7.7,7.8,8.5,9.1,7.0,8.4,8.4,8.3,7.6,7.0,8.5,7.7,7.0,7.7,7.0,8.3,7.0,7.6,7.0,7.7,7.7,7.7,9.0,0.0,0.0,0.0,0.0,0.0,0.0,0.0,0.0,0.0,0.0,0.0,0.0,0.0,0.0,0.0,0.0,0.0,0.0,0.0,0.0,0.0,0.0,0.0,0.0,0.0,0.0,0.0,0.0,0.0,0.0,0.0,0.0,0.0,0.0,0.0,0.0,0.0,0.0,0.0,0.0,0.0,0.0,0.0,0.0,0.0,0.0,0.0,0.0
2026-02-04T15:26:39.737776,2031.6,2.2,48,92.6,234.1,2,9.7,6.9,50.3,14.0,56.6,12.3,9.8,7.7,7.0,7.0,7.3,8.4,7.0,7.0,11.2,7.7,7.7,7.0,7.0,7.7,6.0,9.2,7.0,7.0,7.0,7.0,7.7,8.4,7.0,7.0,7.7,7.0,7.0,7.7,7.0,7.7,7.7,7.7,7.0,7.0,7.0,7.7,7.0,8.5,7.7,7.0,7.0,6.9,0.0,0.0,0.0,0.0,0.0,0.0,0.0,0.0,0.0,0.0,0.0,0.0,0.0,0.0,0.0,0.0,0.0,0.0,0.0,0.0,0.0,0.0,0.0,0.0,0.0,0.0,0.0,0.0,0.0,0.0,0.0,0.0,0.0,0.0,0.0,0.0,0.0,0.0,0.0,0.0,0.0,0.0,0.0,0.0,0.0,0.0,0.0,0.0
2026-02-04T15:26:41.964269,2033.9,3.0,48,123.1,234.1,2,7.0,7.1,56.8,7.7,54.9,5.9,7.7,7.7,7.7,7.7,7.6,9.0,7.0,7.0,7.0,8.5,7.6,11.1,12.2,8.5,11.8,8.5,7.7,7.0,8.3,7.0,7.7,8.5,7.0,8.4,7.7,7.7,7.0,13.4,7.7,7.0,8.4,8.4,7.7,7.0,7.7,7.7,7.0,8.5,7.7,7.0,7.7,7.8,0.0,0.0,0.0,0.0,0.0,0.0,0.0,0.0,0.0,0.0,0.0,0.0,0.0,0.0,0.0,0.0,0.0,0.0,0.0,0.0,0.0,0.0,0.0,0.0,0.0,0.0,0.0,0.0,0.0,0.0,0.0,0.0,0.0,0.0,0.0,0.0,0.0,0.0,0.0,0.0,0.0,0.0,0.0,0.0,0.0,0.0,0.0,0.0
2026-02-04T15:26:44.190252,2036.1,2.2,48,92.5,234.1,2,7.0,7.7,97.3,9.2,10.3,7.0,10.6,8.5,7.7,7.7,9.2,15.4,8.4,7.0,9.2,8.1,9.1,6.7,6.6,8.4,5.7,9.2,8.4,8.2,9.9,8.5,7.7,9.8,8.4,9.2,9.6,7.6,7.7,7.7,7.7,7.7,8.5,7.7,7.7,9.2,7.6,9.2,7.0,11.1,9.0,9.8,8.3,6.3,0.0,0.0,0.0,0.0,0.0,0.0,0.0,0.0,0.0,0.0,0.0,0.0,0.0,0.0,0.0,0.0,0.0,0.0,0.0,0.0,0.0,0.0,0.0,0.0,0.0,0.0,0.0,0.0,0.0,0.0,0.0,0.0,0.0,0.0,0.0,0.0,0.0,0.0,0.0,0.0,0.0,0.0,0.0,0.0,0.0,0.0,0.0,0.0
2026-02-04T15:26:46.416459,2038.3,2.0,48,123.7,234.1,2,7.0,7.0,98.6,5.4,8.5,7.0,9.0,6.5,6.9,7.0,8.5,7.0,6.9,7.7,7.7,6.0,7.7,7.7,8.5,7.7,8.3,6.0,8.4,6.7,7.7,7.1,7.0,10.4,7.0,6.0,7.3,7.1,7.7,9.0,8.5,7.7,13.9,8.4,7.0,6.0,8.5,6.0,7.7,7.0,7.0,5.6,7.1,6.3,0.0,0.0,0.0,0.0,0.0,0.0,0.0,0.0,0.0,0.0,0.0,0.0,0.0,0.0,0.0,0.0,0.0,0.0,0.0,0.0,0.0,0.0,0.0,0.0,0.0,0.0,0.0,0.0,0.0,0.0,0.0,0.0,0.0,0.0,0.0,0.0,0.0,0.0,0.0,0.0,0.0,0.0,0.0,0.0,0.0,0.0,0.0,0.0
2026-02-04T15:26:48.642487,2040.5,3.3,48,93.0,234.1,2,8.3,7.0,97.9,7.0,7.7,7.7,8.4,7.0,9.0,8.2,7.6,7.0,6.4,7.0,9.1,6.3,12.7,11.8,8.3,6.3,9.8,6.3,6.3,7.0,7.7,6.3,6.3,9.7,7.0,7.6,7.0,6.3,8.3,7.0,7.6,6.3,8.4,6.3,7.7,7.7,7.0,7.0,7.7,7.7,7.0,7.0,7.7,7.0,0.0,0.0,0.0,0.0,0.0,0.0,0.0,0.0,0.0,0.0,0.0,0.0,0.0,0.0,0.0,0.0,0.0,0.0,0.0,0.0,0.0,0.0,0.0,0.0,0.0,0.0,0.0,0.0,0.0,0.0,0.0,0.0,0.0,0.0,0.0,0.0,0.0,0.0,0.0,0.0,0.0,0.0,0.0,0.0,0.0,0.0,0.0,0.0
2026-02-04T15:26:50.869893,2042.8,3.9,48,92.5,234.1,2,8.5,7.0,98.6,6.3,9.2,6.4,9.2,6.3,8.5,5.5,9.2,7.0,7.7,7.0,7.7,6.9,8.4,7.0,7.8,8.5,6.2,7.0,8.3,7.0,7.7,6.3,7.0,10.4,7.0,7.7,8.5,7.0,8.5,7.7,8.4,7.0,7.7,7.6,7.7,6.3,7.0,6.3,6.3,7.7,13.4,7.0,7.6,6.3,0.0,0.0,0.0,0.0,0.0,0.0,0.0,0.0,0.0,0.0,0.0,0.0,0.0,0.0,0.0,0.0,0.0,0.0,0.0,0.0,0.0,0.0,0.0,0.0,0.0,0.0,0.0,0.0,0.0,0.0,0.0,0.0,0.0,0.0,0.0,0.0,0.0,0.0,0.0,0.0,0.0,0.0,0.0,0.0,0.0,0.0,0.0,0.0
2026-02-04T15:26:53.039342,2045.0,71.6,45,31.0,188.1,1,7.0,5.6,99.3,5.6,4.9,5.6,7.7,5.6,7.7,5.6,7.0,5.6,6.2,5.6,8.3,5.6,5.6,5.6,5.6,5.6,5.6,5.6,5.6,5.6,5.6,5.6,5.6,5.6,5.5,5.6,5.6,5.6,4.2,5.6,5.6,5.6,6.9,5.6,7.6,5.6,4.9,5.6,5.6,5.6,5.6,5.6,6.3,5.6,0.0,0.0,0.0,0.0,0.0,0.0,0.0,0.0,0.0,0.0,0.0,0.0,0.0,0.0,0.0,0.0,0.0,0.0,0.0,0.0,0.0,0.0,0.0,0.0,0.0,0.0,0.0,0.0,0.0,0.0,0.0,0.0,0.0,0.0,0.0,0.0,0.0,0.0,0.0,0.0,0.0,0.0,0.0,0.0,0.0,0.0,0.0,0.0
2026-02-04T15:26:55.288069,2047.2,98.3,48,1423.8,203.7,2,32.6,37.0,50.0,34.8,50.0,25.2,49.3,25.4,50.0,35.5,50.4,39.9,50.0,45.3,51.4,40.6,50.0,44.2,58.0,44.2,57.2,34.1,48.6,39.9,53.2,20.3,57.2,21.6,58.0,21.7,58.0,25.4,56.5,19.6,61.6,19.6,59.0,21.0,56.5,25.9,50.7,26.6,54.0,26.8,54.3,31.2,54.3,29.7,0.0,0.0,0.0,0.0,0.0,0.0,0.0,0.0,0.0,0.0,0.0,0.0,0.0,0.0,0.0,0.0,0.0,0.0,0.0,0.0,0.0,0.0,0.0,0.0,0.0,0.0,0.0,0.0,0.0,0.0,0.0,0.0,0.0,0.0,0.0,0.0,0.0,0.0,0.0,0.0,0.0,0.0,0.0,0.0,0.0,0.0,0.0,0.0
2026-02-04T15:26:57.514301,2049.4,64.0,48,93.2,210.0,2,30.8,30.8,31.2,29.2,32.2,31.2,30.3,30.1,28.5,30.1,30.1,30.6,32.6,30.6,30.8,30.6,32.2,28.7,31.5,29.2,30.1,28.3,31.2,29.2,22.9,26.4,31.5,30.3,31.5,28.5,32.2,29.7,31.5,28.7,32.2,27.8,32.9,28.3,31.5,29.2,32.2,29.0,32.9,29.9,31.7,29.9,29.4,29.2,0.0,0.0,0.0,0.0,0.0,0.0,0.0,0.0,0.0,0.0,0.0,0.0,0.0,0.0,0.0,0.0,0.0,0.0,0.0,0.0,0.0,0.0,0.0,0.0,0.0,0.0,0.0,0.0,0.0,0.0,0.0,0.0,0.0,0.0,0.0,0.0,0.0,0.0,0.0,0.0,0.0,0.0,0.0,0.0,0.0,0.0,0.0,0.0
2026-02-04T15:26:59.741609,2051.6,0.0,48,1701.6,211.0,2,13.3,14.8,15.5,15.5,14.7,14.8,14.9,14.7,14.8,14.7,15.5,14.8,14.7,14.7,15.4,14.8,14.8,14.7,14.7,14.8,14.7,14.9,14.8,14.8,9.2,10.6,14.0,16.1,14.8,14.8,14.8,15.4,14.7,14.7,14.7,14.8,14.7,15.4,14.7,14.8,15.5,14.2,14.7,14.8,15.4,14.9,14.7,14.8,0.0,0.0,0.0,0.0,0.0,0.0,0.0,0.0,0.0,0.0,0.0,0.0,0.0,0.0,0.0,0.0,0.0,0.0,0.0,0.0,0.0,0.0,0.0,0.0,0.0,0.0,0.0,0.0,0.0,0.0,0.0,0.0,0.0,0.0,0.0,0.0,0.0,0.0,0.0,0.0,0.0,0.0,0.0,0.0,0.0,0.0,0.0,0.0
2026-02-04T15:27:01.964937,2053.9,0.0,48,123.6,217.5,2,16.0,15.2,16.8,15.5,16.2,14.5,13.8,14.8,14.8,16.2,15.7,14.8,14.8,15.5,14.6,16.7,14.7,15.5,14.8,15.5,15.5,14.8,14.8,17.4,8.5,13.3,15.3,16.2,15.4,14.8,15.4,14.8,14.8,15.4,14.8,15.5,14.8,15.5,15.5,14.8,16.6,15.4,15.5,14.7,14.7,15.3,15.5,14.7,0.0,0.0,0.0,0.0,0.0,0.0,0.0,0.0,0.0,0.0,0.0,0.0,0.0,0.0,0.0,0.0,0.0,0.0,0.0,0.0,0.0,0.0,0.0,0.0,0.0,0.0,0.0,0.0,0.0,0.0,0.0,0.0,0.0,0.0,0.0,0.0,0.0,0.0,0.0,0.0,0.0,0.0,0.0,0.0,0.0,0.0,0.0,0.0
2026-02-04T15:27:04.189369,2056.1,0.3,48,92.6,223.0,2,11.3,9.2,13.9,9.2,11.3,9.2,11.3,10.6,12.0,9.2,11.6,11.2,11.3,10.6,12.0,10.6,11.3,10.5,12.7,10.6,11.3,8.3,10.6,7.7,8.4,9.8,10.6,13.8,11.3,10.6,52.1,11.3,11.2,9.9,11.2,9.9,10.6,9.9,11.3,9.2,10.6,9.9,10.6,11.2,12.0,13.3,14.1,9.9,0.0,0.0,0.0,0.0,0.0,0.0,0.0,0.0,0.0,0.0,0.0,0.0,0.0,0.0,0.0,0.0,0.0,0.0,0.0,0.0,0.0,0.0,0.0,0.0,0.0,0.0,0.0,0.0,0.0,0.0,0.0,0.0,0.0,0.0,0.0,0.0,0.0,0.0,0.0,0.0,0.0,0.0,0.0,0.0,0.0,0.0,0.0,0.0
2026-02-04T15:27:06.414735,2058.3,0.0,48,92.8,223.0,2,12.6,10.6,14.7,9.8,10.5,10.6,11.3,11.2,10.5,11.2,10.8,10.5,11.2,11.2,14.8,10.5,10.5,11.3,10.6,11.2,10.5,11.3,10.5,11.3,6.3,8.5,9.8,52.4,9.8,11.2,10.5,10.5,10.6,9.8,11.2,9.8,10.5,10.5,10.5,10.5,10.5,9.8,10.5,12.1,11.8,9.8,11.9,12.7,0.0,0.0,0.0,0.0,0.0,0.0,0.0,0.0,0.0,0.0,0.0,0.0,0.0,0.0,0.0,0.0,0.0,0.0,0.0,0.0,0.0,0.0,0.0,0.0,0.0,0.0,0.0,0.0,0.0,0.0,0.0,0.0,0.0,0.0,0.0,0.0,0.0,0.0,0.0,0.0,0.0,0.0,0.0,0.0,0.0,0.0,0.0,0.0
2026-02-04T15:27:08.639134,2060.5,0.0,48,92.6,223.2,2,9.9,9.9,13.2,10.6,11.2,11.2,10.6,9.9,10.6,12.6,9.1,9.2,9.9,12.6,10.6,10.6,9.9,10.5,10.5,9.9,11.3,10.6,10.6,9.9,8.5,9.8,10.6,10.5,10.6,10.6,10.6,9.9,10.6,9.8,10.6,9.9,9.9,9.9,9.9,10.6,9.9,9.9,10.6,11.9,10.6,12.1,10.6,9.2,0.0,0.0,0.0,0.0,0.0,0.0,0.0,0.0,0.0,0.0,0.0,0.0,0.0,0.0,0.0,0.0,0.0,0.0,0.0,0.0,0.0,0.0,0.0,0.0,0.0,0.0,0.0,0.0,0.0,0.0,0.0,0.0,0.0,0.0,0.0,0.0,0.0,0.0,0.0,0.0,0.0,0.0,0.0,0.0,0.0,0.0,0.0,0.0
2026-02-04T15:27:10.862596,2062.8,0.0,48,92.6,223.2,2,9.2,9.9,11.3,9.2,9.9,9.5,12.0,9.9,11.9,8.1,12.0,9.9,10.6,8.1,10.6,9.8,9.9,9.9,9.9,9.9,11.3,9.7,9.9,10.4,7.7,7.6,9.9,13.4,9.9,9.9,10.6,10.6,9.9,9.9,9.9,9.9,9.9,9.9,9.9,9.9,9.9,9.9,9.9,11.0,10.6,9.8,9.9,9.9,0.0,0.0,0.0,0.0,0.0,0.0,0.0,0.0,0.0,0.0,0.0,0.0,0.0,0.0,0.0,0.0,0.0,0.0,0.0,0.0,0.0,0.0,0.0,0.0,0.0,0.0,0.0,0.0,0.0,0.0,0.0,0.0,0.0,0.0,0.0,0.0,0.0,0.0,0.0,0.0,0.0,0.0,0.0,0.0,0.0,0.0,0.0,0.0
2026-02-04T15:27:13.087772,2065.0,1.9,48,123.8,224.8,2,9.1,10.5,12.0,9.8,10.4,9.8,10.4,9.8,11.3,9.8,12.7,9.8,11.2,9.8,12.7,9.9,11.9,9.8,11.8,9.8,11.1,9.9,11.2,11.3,8.4,6.3,10.5,11.3,9.8,10.5,9.8,9.8,9.8,10.4,9.8,9.8,10.5,9.8,10.5,9.8,10.5,10.5,12.6,10.6,9.9,9.9,9.8,26.4,0.0,0.0,0.0,0.0,0.0,0.0,0.0,0.0,0.0,0.0,0.0,0.0,0.0,0.0,0.0,0.0,0.0,0.0,0.0,0.0,0.0,0.0,0.0,0.0,0.0,0.0,0.0,0.0,0.0,0.0,0.0,0.0,0.0,0.0,0.0,0.0,0.0,0.0,0.0,0.0,0.0,0.0,0.0,0.0,0.0,0.0,0.0,0.0
2026-02-04T15:27:15.312069,2067.2,0.4,48,92.1,225.1,2,10.6,10.5,11.2,9.9,9.2,10.6,11.3,9.8,9.1,10.6,10.4,10.6,10.6,10.6,13.9,12.6,9.8,9.8,9.9,10.6,10.6,12.5,10.6,9.2,7.7,7.7,11.3,11.2,11.2,9.9,12.7,9.9,12.7,9.9,12.7,9.9,12.0,10.6,12.0,9.9,10.6,10.6,10.6,10.6,11.0,10.6,10.6,41.1,0.0,0.0,0.0,0.0,0.0,0.0,0.0,0.0,0.0,0.0,0.0,0.0,0.0,0.0,0.0,0.0,0.0,0.0,0.0,0.0,0.0,0.0,0.0,0.0,0.0,0.0,0.0,0.0,0.0,0.0,0.0,0.0,0.0,0.0,0.0,0.0,0.0,0.0,0.0,0.0,0.0,0.0,0.0,0.0,0.0,0.0,0.0,0.0
2026-02-04T15:27:17.561664,2069.4,0.4,17,8833.0,225.3,2,4.9,4.9,9.1,5.6,4.9,4.9,5.6,5.0,4.9,4.9,5.4,4.9,4.9,7.2,5.7,4.9,4.9,5.0,5.0,4.9,4.9,5.0,4.9,5.0,4.2,5.0,4.2,6.3,5.0,4.9,4.9,4.9,5.6,4.9,6.3,4.9,6.9,7.2,6.9,4.9,6.9,4.9,6.9,5.0,6.3,5.6,6.8,4.2,0.0,0.0,0.0,0.0,0.0,0.0,0.0,0.0,0.0,0.0,0.0,0.0,0.0,0.0,0.0,0.0,0.0,0.0,0.0,0.0,0.0,0.0,0.0,0.0,0.0,0.0,0.0,0.0,0.0,0.0,0.0,0.0,0.0,0.0,0.0,0.0,0.0,0.0,0.0,0.0,0.0,0.0,0.0,0.0,0.0,0.0,0.0,0.0
2026-02-04T15:27:19.785500,2071.7,0.0,48,92.3,223.6,2,13.9,9.7,13.2,9.7,11.7,9.8,10.4,11.0,11.8,11.0,10.8,10.3,11.1,7.9,11.0,10.3,11.2,12.4,10.3,11.0,11.1,11.0,11.0,11.7,5.6,9.0,11.1,11.0,11.8,9.7,11.0,10.3,11.7,10.3,11.0,11.1,11.9,7.9,11.9,10.3,11.2,9.0,11.2,9.7,12.5,9.6,13.3,8.9,0.0,0.0,0.0,0.0,0.0,0.0,0.0,0.0,0.0,0.0,0.0,0.0,0.0,0.0,0.0,0.0,0.0,0.0,0.0,0.0,0.0,0.0,0.0,0.0,0.0,0.0,0.0,0.0,0.0,0.0,0.0,0.0,0.0,0.0,0.0,0.0,0.0,0.0,0.0,0.0,0.0,0.0,0.0,0.0,0.0,0.0,0.0,0.0
2026-02-04T15:27:22.009624,2073.9,0.3,48,93.2,225.8,2,9.9,9.9,16.6,10.6,13.4,9.0,11.8,9.2,10.6,11.2,12.2,12.7,11.8,10.6,12.0,10.6,13.3,11.3,13.3,9.9,9.8,10.6,11.3,11.2,9.2,7.7,10.6,10.6,10.6,10.6,11.3,10.6,10.6,9.9,11.3,10.6,11.3,10.6,11.3,9.2,11.3,9.9,11.3,10.4,11.3,11.3,13.4,9.9,0.0,0.0,0.0,0.0,0.0,0.0,0.0,0.0,0.0,0.0,0.0,0.0,0.0,0.0,0.0,0.0,0.0,0.0,0.0,0.0,0.0,0.0,0.0,0.0,0.0,0.0,0.0,0.0,0.0,0.0,0.0,0.0,0.0,0.0,0.0,0.0,0.0,0.0,0.0,0.0,0.0,0.0,0.0,0.0,0.0,0.0,0.0,0.0
2026-02-04T15:27:24.234469,2076.1,0.4,48,93.1,227.1,2,9.2,11.3,13.8,11.3,10.6,11.3,11.3,11.9,11.3,10.6,14.1,11.3,12.7,10.6,14.1,12.0,11.3,11.2,12.6,10.6,14.0,9.8,10.6,11.9,7.0,11.9,12.7,11.9,11.9,10.6,12.0,10.6,12.7,10.6,12.0,10.6,11.3,10.6,11.3,9.9,11.3,11.3,12.6,11.3,11.3,10.6,10.6,9.9,0.0,0.0,0.0,0.0,0.0,0.0,0.0,0.0,0.0,0.0,0.0,0.0,0.0,0.0,0.0,0.0,0.0,0.0,0.0,0.0,0.0,0.0,0.0,0.0,0.0,0.0,0.0,0.0,0.0,0.0,0.0,0.0,0.0,0.0,0.0,0.0,0.0,0.0,0.0,0.0,0.0,0.0,0.0,0.0,0.0,0.0,0.0,0.0
2026-02-04T15:27:26.460096,2078.4,0.0,38,93.0,237.8,2,5.6,5.6,9.0,5.7,4.9,5.6,6.3,5.7,6.6,5.7,5.6,5.7,5.7,6.4,6.3,5.6,5.7,5.6,5.6,5.7,5.0,5.6,4.9,7.0,4.3,6.3,5.6,8.5,5.0,6.5,7.0,5.8,8.9,6.5,7.0,5.0,7.1,5.0,7.1,5.0,6.3,5.7,6.5,4.9,4.9,5.7,6.5,7.1,0.0,0.0,0.0,0.0,0.0,0.0,0.0,0.0,0.0,0.0,0.0,0.0,0.0,0.0,0.0,0.0,0.0,0.0,0.0,0.0,0.0,0.0,0.0,0.0,0.0,0.0,0.0,0.0,0.0,0.0,0.0,0.0,0.0,0.0,0.0,0.0,0.0,0.0,0.0,0.0,0.0,0.0,0.0,0.0,0.0,0.0,0.0,0.0
2026-02-04T15:27:28.686271,2080.6,0.0,48,124.1,226.4,2,12.4,10.4,15.1,10.3,14.7,9.8,13.3,10.3,11.0,9.7,13.3,10.3,11.7,9.7,13.2,11.3,12.5,9.8,11.9,9.7,10.3,10.6,11.2,9.9,6.8,10.5,10.6,11.2,9.7,9.6,11.9,11.0,7.3,9.6,10.5,9.6,10.3,9.6,9.6,9.6,9.8,11.0,11.0,9.9,9.9,13.1,9.6,11.6,0.0,0.0,0.0,0.0,0.0,0.0,0.0,0.0,0.0,0.0,0.0,0.0,0.0,0.0,0.0,0.0,0.0,0.0,0.0,0.0,0.0,0.0,0.0,0.0,0.0,0.0,0.0,0.0,0.0,0.0,0.0,0.0,0.0,0.0,0.0,0.0,0.0,0.0,0.0,0.0,0.0,0.0,0.0,0.0,0.0,0.0,0.0,0.0
2026-02-04T15:27:30.912471,2082.8,78.3,48,154.9,227.6,2,9.2,9.2,13.1,9.0,9.0,9.0,9.7,9.0,10.4,9.0,11.8,9.0,11.1,9.0,11.2,9.0,10.4,9.0,10.4,9.0,11.8,9.0,10.4,9.0,7.6,6.2,10.4,11.3,9.7,9.7,10.4,9.7,11.1,9.0,11.7,9.0,9.7,9.7,9.0,9.7,9.0,9.0,9.0,9.0,9.0,9.0,9.0,9.8,0.0,0.0,0.0,0.0,0.0,0.0,0.0,0.0,0.0,0.0,0.0,0.0,0.0,0.0,0.0,0.0,0.0,0.0,0.0,0.0,0.0,0.0,0.0,0.0,0.0,0.0,0.0,0.0,0.0,0.0,0.0,0.0,0.0,0.0,0.0,0.0,0.0,0.0,0.0,0.0,0.0,0.0,0.0,0.0,0.0,0.0,0.0,0.0
2026-02-04T15:27:33.136381,2085.0,0.0,47,123.7,228.5,2,7.0,5.7,9.0,5.7,6.4,5.7,7.7,5.7,6.4,6.4,7.2,5.7,6.4,5.7,7.8,5.7,6.4,6.4,7.1,5.6,6.3,5.6,7.1,6.3,5.7,3.5,6.4,5.6,7.1,5.7,6.4,5.7,8.5,5.7,8.5,5.7,8.5,7.0,8.5,6.4,8.5,6.4,8.5,6.3,8.5,6.3,8.5,7.1,0.0,0.0,0.0,0.0,0.0,0.0,0.0,0.0,0.0,0.0,0.0,0.0,0.0,0.0,0.0,0.0,0.0,0.0,0.0,0.0,0.0,0.0,0.0,0.0,0.0,0.0,0.0,0.0,0.0,0.0,0.0,0.0,0.0,0.0,0.0,0.0,0.0,0.0,0.0,0.0,0.0,0.0,0.0,0.0,0.0,0.0,0.0,0.0
2026-02-04T15:27:35.364136,2087.3,66.0,48,92.7,228.5,2,11.2,9.8,15.9,10.5,9.1,10.5,9.8,11.9,11.8,10.5,12.6,10.5,10.5,10.5,10.4,11.2,10.5,10.5,10.5,10.5,10.6,10.5,10.4,13.8,9.8,9.0,11.7,67.1,11.8,9.8,12.8,11.2,11.9,10.5,11.2,11.1,11.9,9.8,10.5,11.8,11.2,10.5,11.8,10.5,14.0,11.1,12.0,9.8,0.0,0.0,0.0,0.0,0.0,0.0,0.0,0.0,0.0,0.0,0.0,0.0,0.0,0.0,0.0,0.0,0.0,0.0,0.0,0.0,0.0,0.0,0.0,0.0,0.0,0.0,0.0,0.0,0.0,0.0,0.0,0.0,0.0,0.0,0.0,0.0,0.0,0.0,0.0,0.0,0.0,0.0,0.0,0.0,0.0,0.0,0.0,0.0
2026-02-04T15:27:37.590238,2089.5,2.6,29,123.9,227.7,2,6.4,4.9,17.3,4.9,4.9,5.6,5.7,5.6,6.4,4.9,5.8,4.9,4.9,5.6,5.7,4.9,5.6,4.9,4.9,5.7,4.9,7.1,7.1,5.7,7.0,5.0,7.8,43.8,7.0,4.9,5.6,5.6,7.0,4.9,7.0,5.6,7.0,4.9,5.6,4.9,5.6,5.6,4.9,5.7,4.9,5.6,4.9,4.9,0.0,0.0,0.0,0.0,0.0,0.0,0.0,0.0,0.0,0.0,0.0,0.0,0.0,0.0,0.0,0.0,0.0,0.0,0.0,0.0,0.0,0.0,0.0,0.0,0.0,0.0,0.0,0.0,0.0,0.0,0.0,0.0,0.0,0.0,0.0,0.0,0.0,0.0,0.0,0.0,0.0,0.0,0.0,0.0,0.0,0.0,0.0,0.0
2026-02-04T15:27:39.846140,2091.7,23.6,48,93.1,227.6,2,11.3,9.7,24.7,9.8,9.2,8.4,11.2,9.7,10.5,9.8,12.3,9.8,12.6,9.8,15.4,10.5,11.9,9.8,11.9,9.8,10.5,9.2,11.1,9.9,8.4,11.3,11.3,33.1,11.3,11.9,11.9,11.9,10.5,12.6,11.9,10.5,12.6,10.5,12.6,10.5,10.5,10.5,12.6,9.9,12.6,9.7,12.6,11.9,0.0,0.0,0.0,0.0,0.0,0.0,0.0,0.0,0.0,0.0,0.0,0.0,0.0,0.0,0.0,0.0,0.0,0.0,0.0,0.0,0.0,0.0,0.0,0.0,0.0,0.0,0.0,0.0,0.0,0.0,0.0,0.0,0.0,0.0,0.0,0.0,0.0,0.0,0.0,0.0,0.0,0.0,0.0,0.0,0.0,0.0,0.0,0.0
2026-02-04T15:27:42.070488,2094.0,0.3,34,93.1,225.9,2,4.8,5.6,21.8,5.6,5.6,4.9,5.6,4.9,8.3,4.9,7.5,4.9,7.6,4.9,9.0,4.9,6.9,4.9,7.7,4.9,7.6,4.9,7.6,5.5,4.9,4.8,5.5,6.9,6.9,5.6,5.6,5.6,5.6,6.2,6.2,5.6,5.6,5.6,5.6,4.9,6.2,6.2,5.6,5.6,5.6,4.9,5.6,6.2,0.0,0.0,0.0,0.0,0.0,0.0,0.0,0.0,0.0,0.0,0.0,0.0,0.0,0.0,0.0,0.0,0.0,0.0,0.0,0.0,0.0,0.0,0.0,0.0,0.0,0.0,0.0,0.0,0.0,0.0,0.0,0.0,0.0,0.0,0.0,0.0,0.0,0.0,0.0,0.0,0.0,0.0,0.0,0.0,0.0,0.0,0.0,0.0
2026-02-04T15:27:44.294601,2096.2,2.1,48,123.6,228.5,2,9.2,9.1,21.7,9.9,9.8,9.9,11.3,10.6,11.3,10.6,11.3,10.6,11.3,10.6,11.3,10.6,10.6,9.9,11.1,10.5,12.7,9.1,12.6,10.5,8.4,9.9,10.5,10.5,14.8,9.9,14.8,9.9,14.1,9.9,14.1,11.2,13.4,10.6,12.0,10.6,12.7,11.9,11.3,15.3,9.9,9.9,10.6,9.8,0.0,0.0,0.0,0.0,0.0,0.0,0.0,0.0,0.0,0.0,0.0,0.0,0.0,0.0,0.0,0.0,0.0,0.0,0.0,0.0,0.0,0.0,0.0,0.0,0.0,0.0,0.0,0.0,0.0,0.0,0.0,0.0,0.0,0.0,0.0,0.0,0.0,0.0,0.0,0.0,0.0,0.0,0.0,0.0,0.0,0.0,0.0,0.0
2026-02-04T15:27:46.518905,2098.4,0.0,17,92.6,225.9,2,5.6,5.0,15.3,4.9,4.9,4.9,7.0,4.9,4.9,4.9,5.4,4.9,4.9,4.9,4.9,4.9,4.9,4.9,6.4,5.6,6.3,4.9,7.0,4.9,5.7,4.2,6.3,7.0,6.3,4.9,6.3,4.9,4.9,4.9,6.3,4.9,4.9,4.9,5.6,4.9,4.9,5.6,4.9,5.0,4.2,4.9,4.9,6.4,0.0,0.0,0.0,0.0,0.0,0.0,0.0,0.0,0.0,0.0,0.0,0.0,0.0,0.0,0.0,0.0,0.0,0.0,0.0,0.0,0.0,0.0,0.0,0.0,0.0,0.0,0.0,0.0,0.0,0.0,0.0,0.0,0.0,0.0,0.0,0.0,0.0,0.0,0.0,0.0,0.0,0.0,0.0,0.0,0.0,0.0,0.0,0.0
2026-02-04T15:27:48.742836,2100.6,0.0,48,93.1,227.7,2,12.0,10.5,18.4,10.5,11.2,10.6,11.1,11.2,11.1,13.3,11.2,9.8,13.3,10.5,14.8,9.8,12.6,11.3,16.1,9.8,13.3,11.1,14.1,11.8,9.8,10.4,12.0,14.0,11.1,9.8,14.0,12.7,13.3,10.5,10.5,12.6,11.9,10.5,11.9,10.5,12.6,10.5,11.2,10.4,9.8,11.2,10.5,12.6,0.0,0.0,0.0,0.0,0.0,0.0,0.0,0.0,0.0,0.0,0.0,0.0,0.0,0.0,0.0,0.0,0.0,0.0,0.0,0.0,0.0,0.0,0.0,0.0,0.0,0.0,0.0,0.0,0.0,0.0,0.0,0.0,0.0,0.0,0.0,0.0,0.0,0.0,0.0,0.0,0.0,0.0,0.0,0.0,0.0,0.0,0.0,0.0
2026-02-04T15:27:50.966831,2102.9,0.3,36,124.1,225.9,2,5.6,4.2,17.1,6.6,5.6,4.9,6.4,5.8,5.6,5.8,6.3,5.5,5.9,5.0,5.6,5.0,5.6,4.4,5.9,4.2,4.9,4.9,5.6,4.9,3.3,4.2,5.6,7.7,5.7,5.8,6.6,6.6,6.6,9.1,8.2,5.8,8.3,6.6,8.3,6.6,7.0,6.6,8.3,5.6,7.0,5.6,9.1,4.9,0.0,0.0,0.0,0.0,0.0,0.0,0.0,0.0,0.0,0.0,0.0,0.0,0.0,0.0,0.0,0.0,0.0,0.0,0.0,0.0,0.0,0.0,0.0,0.0,0.0,0.0,0.0,0.0,0.0,0.0,0.0,0.0,0.0,0.0,0.0,0.0,0.0,0.0,0.0,0.0,0.0,0.0,0.0,0.0,0.0,0.0,0.0,0.0
2026-02-04T15:27:53.191280,2105.1,0.0,48,92.7,228.8,2,12.8,9.8,22.3,8.6,14.8,9.9,15.4,8.5,14.8,8.5,14.1,8.9,11.3,8.5,11.9,9.8,11.2,9.4,10.0,9.8,10.5,10.6,10.5,10.6,5.5,9.7,11.3,12.6,9.9,10.3,9.8,9.1,9.8,9.8,9.2,7.9,9.1,8.5,9.1,7.9,10.6,8.5,9.1,11.3,14.1,10.5,11.6,9.1,0.0,0.0,0.0,0.0,0.0,0.0,0.0,0.0,0.0,0.0,0.0,0.0,0.0,0.0,0.0,0.0,0.0,0.0,0.0,0.0,0.0,0.0,0.0,0.0,0.0,0.0,0.0,0.0,0.0,0.0,0.0,0.0,0.0,0.0,0.0,0.0,0.0,0.0,0.0,0.0,0.0,0.0,0.0,0.0,0.0,0.0,0.0,0.0
2026-02-04T15:27:55.414992,2107.3,0.7,19,92.6,226.1,2,4.9,4.9,15.4,4.9,4.9,4.9,5.6,4.9,6.3,4.9,5.5,4.9,4.9,4.9,7.7,4.9,4.9,5.6,4.9,5.6,4.9,6.9,6.3,4.9,4.2,4.2,6.3,7.0,7.0,4.9,6.3,4.9,6.3,4.9,6.3,4.9,4.9,5.6,5.6,4.9,4.9,4.9,4.9,5.6,4.9,4.9,5.6,4.9,0.0,0.0,0.0,0.0,0.0,0.0,0.0,0.0,0.0,0.0,0.0,0.0,0.0,0.0,0.0,0.0,0.0,0.0,0.0,0.0,0.0,0.0,0.0,0.0,0.0,0.0,0.0,0.0,0.0,0.0,0.0,0.0,0.0,0.0,0.0,0.0,0.0,0.0,0.0,0.0,0.0,0.0,0.0,0.0,0.0,0.0,0.0,0.0
2026-02-04T15:27:57.639385,2109.5,6.9,48,124.0,227.9,2,11.2,10.6,23.2,10.6,11.3,10.6,12.0,10.6,11.3,9.9,12.0,9.9,10.6,10.6,13.4,9.9,10.5,11.3,10.6,11.3,9.9,10.6,9.9,10.6,7.7,9.9,11.3,14.5,9.9,11.3,10.6,14.8,12.7,10.6,12.7,9.9,12.0,10.6,12.7,10.6,12.7,9.9,12.7,9.9,13.3,9.8,13.4,9.8,0.0,0.0,0.0,0.0,0.0,0.0,0.0,0.0,0.0,0.0,0.0,0.0,0.0,0.0,0.0,0.0,0.0,0.0,0.0,0.0,0.0,0.0,0.0,0.0,0.0,0.0,0.0,0.0,0.0,0.0,0.0,0.0,0.0,0.0,0.0,0.0,0.0,0.0,0.0,0.0,0.0,0.0,0.0,0.0,0.0,0.0,0.0,0.0
2026-02-04T15:27:59.864903,2111.8,0.6,25,92.3,227.0,2,5.6,4.9,18.4,4.9,5.6,4.9,6.9,4.9,4.9,4.9,9.0,4.9,4.9,4.9,4.9,5.6,5.6,7.0,7.0,4.9,7.0,6.9,7.0,4.2,5.6,4.2,7.7,6.3,7.7,4.9,7.7,4.9,5.6,4.9,5.6,4.9,5.6,4.9,5.6,4.9,5.6,4.9,5.6,4.9,5.6,4.9,5.6,4.9,0.0,0.0,0.0,0.0,0.0,0.0,0.0,0.0,0.0,0.0,0.0,0.0,0.0,0.0,0.0,0.0,0.0,0.0,0.0,0.0,0.0,0.0,0.0,0.0,0.0,0.0,0.0,0.0,0.0,0.0,0.0,0.0,0.0,0.0,0.0,0.0,0.0,0.0,0.0,0.0,0.0,0.0,0.0,0.0,0.0,0.0,0.0,0.0
2026-02-04T15:28:02.119857,2114.0,52.2,48,93.2,227.9,2,9.9,11.8,22.4,9.8,9.8,10.4,9.9,10.5,9.8,10.5,10.7,10.5,9.8,10.5,10.6,9.7,11.1,10.5,11.9,9.7,14.7,9.2,14.1,9.2,7.7,9.2,12.7,13.4,14.0,9.8,12.0,11.9,14.0,9.9,14.0,9.8,9.9,67.4,9.8,10.5,9.7,9.8,10.4,9.9,10.6,11.1,10.4,10.6,0.0,0.0,0.0,0.0,0.0,0.0,0.0,0.0,0.0,0.0,0.0,0.0,0.0,0.0,0.0,0.0,0.0,0.0,0.0,0.0,0.0,0.0,0.0,0.0,0.0,0.0,0.0,0.0,0.0,0.0,0.0,0.0,0.0,0.0,0.0,0.0,0.0,0.0,0.0,0.0,0.0,0.0,0.0,0.0,0.0,0.0,0.0,0.0
2026-02-04T15:28:04.344310,2116.2,2.0,27,93.3,227.9,2,6.2,4.9,20.8,4.9,7.0,5.6,7.7,4.9,8.4,4.9,7.8,4.9,6.3,4.9,8.3,4.9,5.6,4.9,5.6,4.9,5.6,4.8,4.9,4.8,4.2,4.8,4.9,6.9,5.6,4.9,7.6,5.6,5.6,4.9,5.6,4.9,5.6,4.9,5.6,5.6,5.6,4.9,5.6,4.8,5.6,7.0,7.0,8.4,0.0,0.0,0.0,0.0,0.0,0.0,0.0,0.0,0.0,0.0,0.0,0.0,0.0,0.0,0.0,0.0,0.0,0.0,0.0,0.0,0.0,0.0,0.0,0.0,0.0,0.0,0.0,0.0,0.0,0.0,0.0,0.0,0.0,0.0,0.0,0.0,0.0,0.0,0.0,0.0,0.0,0.0,0.0,0.0,0.0,0.0,0.0,0.0
2026-02-04T15:28:06.571582,2118.5,98.6,48,124.2,227.9,2,10.4,10.3,23.2,10.4,10.4,9.7,11.8,10.4,11.8,10.4,11.4,10.4,11.1,10.4,11.9,10.5,11.9,10.4,13.9,10.4,13.9,9.8,11.8,9.8,9.7,8.4,12.5,13.4,12.5,10.4,12.6,10.4,11.1,10.4,10.4,9.7,10.4,10.4,10.4,11.1,9.7,11.1,10.4,10.5,9.7,9.7,10.4,10.4,0.0,0.0,0.0,0.0,0.0,0.0,0.0,0.0,0.0,0.0,0.0,0.0,0.0,0.0,0.0,0.0,0.0,0.0,0.0,0.0,0.0,0.0,0.0,0.0,0.0,0.0,0.0,0.0,0.0,0.0,0.0,0.0,0.0,0.0,0.0,0.0,0.0,0.0,0.0,0.0,0.0,0.0,0.0,0.0,0.0,0.0,0.0,0.0
2026-02-04T15:28:08.795328,2120.7,0.7,37,93.2,227.0,2,6.4,4.2,12.9,5.7,5.7,6.3,5.7,5.7,6.3,5.7,5.7,5.7,5.7,5.7,6.4,5.7,5.7,5.7,5.7,5.7,5.7,5.6,5.0,5.6,3.5,5.6,7.1,8.3,5.7,4.3,6.4,5.7,5.7,7.1,7.8,4.3,7.1,5.0,7.8,4.3,6.3,5.0,7.1,4.9,9.9,4.2,7.1,5.0,0.0,0.0,0.0,0.0,0.0,0.0,0.0,0.0,0.0,0.0,0.0,0.0,0.0,0.0,0.0,0.0,0.0,0.0,0.0,0.0,0.0,0.0,0.0,0.0,0.0,0.0,0.0,0.0,0.0,0.0,0.0,0.0,0.0,0.0,0.0,0.0,0.0,0.0,0.0,0.0,0.0,0.0,0.0,0.0,0.0,0.0,0.0,0.0
2026-02-04T15:28:11.023064,2122.9,16.6,44,6904.6,227.9,2,6.9,5.6,10.5,5.6,7.6,7.0,6.9,4.9,6.9,5.6,7.6,6.2,6.9,7.6,9.6,5.6,8.3,5.6,7.6,6.2,6.9,4.9,6.9,4.9,4.9,5.6,6.2,7.7,5.6,5.6,6.2,5.6,5.6,5.6,5.6,5.6,5.6,5.6,5.6,5.6,5.6,5.6,5.6,5.6,7.6,5.6,6.9,5.6,0.0,0.0,0.0,0.0,0.0,0.0,0.0,0.0,0.0,0.0,0.0,0.0,0.0,0.0,0.0,0.0,0.0,0.0,0.0,0.0,0.0,0.0,0.0,0.0,0.0,0.0,0.0,0.0,0.0,0.0,0.0,0.0,0.0,0.0,0.0,0.0,0.0,0.0,0.0,0.0,0.0,0.0,0.0,0.0,0.0,0.0,0.0,0.0
2026-02-04T15:28:13.248418,2125.1,2.2,48,92.5,227.9,2,8.5,9.9,10.4,9.9,9.2,9.2,9.9,9.2,10.6,9.9,10.1,9.9,10.6,9.9,9.2,37.1,9.2,9.2,9.9,9.2,9.9,10.6,12.1,9.2,9.2,7.8,11.3,9.9,13.4,9.2,12.1,9.9,11.3,9.2,10.6,10.6,10.6,9.9,11.3,9.9,10.6,9.2,10.6,9.2,9.1,10.5,10.6,10.6,0.0,0.0,0.0,0.0,0.0,0.0,0.0,0.0,0.0,0.0,0.0,0.0,0.0,0.0,0.0,0.0,0.0,0.0,0.0,0.0,0.0,0.0,0.0,0.0,0.0,0.0,0.0,0.0,0.0,0.0,0.0,0.0,0.0,0.0,0.0,0.0,0.0,0.0,0.0,0.0,0.0,0.0,0.0,0.0,0.0,0.0,0.0,0.0
2026-02-04T15:28:15.467850,2127.4,0.6,27,8885.9,219.2,2,4.9,4.9,9.8,4.9,4.9,5.6,4.9,5.6,6.2,5.6,5.5,5.6,7.6,4.9,7.0,35.5,7.0,4.9,7.0,4.9,7.0,4.9,7.0,4.9,4.9,4.9,5.6,7.0,4.9,4.9,5.6,4.9,4.9,5.6,5.6,4.9,4.9,5.6,5.6,6.2,5.6,4.9,5.6,6.9,5.0,5.6,4.9,5.6,0.0,0.0,0.0,0.0,0.0,0.0,0.0,0.0,0.0,0.0,0.0,0.0,0.0,0.0,0.0,0.0,0.0,0.0,0.0,0.0,0.0,0.0,0.0,0.0,0.0,0.0,0.0,0.0,0.0,0.0,0.0,0.0,0.0,0.0,0.0,0.0,0.0,0.0,0.0,0.0,0.0,0.0,0.0,0.0,0.0,0.0,0.0,0.0
2026-02-04T15:28:17.693342,2129.6,0.0,48,92.5,228.1,2,12.6,10.4,15.9,10.5,13.3,9.9,12.7,9.9,14.9,10.6,14.8,10.6,13.4,10.6,13.4,10.6,12.8,9.9,12.8,9.9,12.7,9.9,10.6,9.9,9.9,8.5,10.6,12.0,10.6,9.9,11.3,9.9,10.6,9.9,10.6,9.9,10.6,9.9,10.6,9.9,10.6,9.9,10.6,9.9,10.6,12.0,12.7,9.9,0.0,0.0,0.0,0.0,0.0,0.0,0.0,0.0,0.0,0.0,0.0,0.0,0.0,0.0,0.0,0.0,0.0,0.0,0.0,0.0,0.0,0.0,0.0,0.0,0.0,0.0,0.0,0.0,0.0,0.0,0.0,0.0,0.0,0.0,0.0,0.0,0.0,0.0,0.0,0.0,0.0,0.0,0.0,0.0,0.0,0.0,0.0,0.0
2026-02-04T15:28:19.917417,2131.8,0.0,33,93.1,226.4,2,5.6,5.7,11.0,4.9,5.6,5.6,4.2,5.6,6.3,4.9,7.4,5.6,5.6,5.6,9.9,5.6,6.2,5.6,5.6,5.6,7.0,5.6,7.0,4.9,4.2,4.9,7.0,8.5,7.7,4.9,7.0,4.9,4.9,4.9,7.0,5.6,7.0,4.9,6.3,5.6,4.9,5.6,4.9,6.3,4.9,5.6,5.6,4.9,0.0,0.0,0.0,0.0,0.0,0.0,0.0,0.0,0.0,0.0,0.0,0.0,0.0,0.0,0.0,0.0,0.0,0.0,0.0,0.0,0.0,0.0,0.0,0.0,0.0,0.0,0.0,0.0,0.0,0.0,0.0,0.0,0.0,0.0,0.0,0.0,0.0,0.0,0.0,0.0,0.0,0.0,0.0,0.0,0.0,0.0,0.0,0.0
2026-02-04T15:28:22.142731,2134.0,2.3,48,92.7,228.1,2,12.0,10.6,11.9,10.6,11.8,10.6,11.9,9.9,10.5,10.6,12.4,9.9,12.0,10.5,12.7,12.0,12.7,11.3,9.9,11.3,10.6,11.2,12.7,10.5,6.3,7.7,10.6,13.3,11.3,9.9,10.6,28.5,11.9,9.8,11.2,9.2,12.0,9.9,12.0,9.9,12.0,9.9,12.0,9.8,12.0,11.1,12.0,9.9,0.0,0.0,0.0,0.0,0.0,0.0,0.0,0.0,0.0,0.0,0.0,0.0,0.0,0.0,0.0,0.0,0.0,0.0,0.0,0.0,0.0,0.0,0.0,0.0,0.0,0.0,0.0,0.0,0.0,0.0,0.0,0.0,0.0,0.0,0.0,0.0,0.0,0.0,0.0,0.0,0.0,0.0,0.0,0.0,0.0,0.0,0.0,0.0
2026-02-04T15:28:24.397396,2136.3,0.0,40,93.4,226.4,2,4.9,4.9,6.3,6.4,5.7,4.2,5.6,5.3,5.0,8.8,8.3,6.4,9.1,5.6,7.6,5.1,7.9,5.5,8.3,6.0,7.3,5.0,6.3,5.0,5.7,7.3,5.6,8.5,5.6,7.3,5.6,64.8,6.4,7.3,5.7,7.3,7.3,7.3,7.3,7.3,5.6,7.3,6.4,5.7,5.6,4.9,6.4,4.9,0.0,0.0,0.0,0.0,0.0,0.0,0.0,0.0,0.0,0.0,0.0,0.0,0.0,0.0,0.0,0.0,0.0,0.0,0.0,0.0,0.0,0.0,0.0,0.0,0.0,0.0,0.0,0.0,0.0,0.0,0.0,0.0,0.0,0.0,0.0,0.0,0.0,0.0,0.0,0.0,0.0,0.0,0.0,0.0,0.0,0.0,0.0,0.0
2026-02-04T15:28:26.622804,2138.5,0.7,48,123.7,227.3,2,12.5,11.1,18.4,9.6,11.8,11.1,11.0,8.6,12.4,9.2,11.3,8.5,10.8,7.9,11.1,10.6,10.9,9.0,9.0,9.4,9.0,12.3,12.5,9.6,8.8,9.6,12.5,11.8,13.0,8.5,12.5,7.9,12.4,7.3,11.6,9.6,10.7,8.5,10.2,8.5,12.5,9.0,9.0,10.3,13.1,10.4,10.7,11.8,0.0,0.0,0.0,0.0,0.0,0.0,0.0,0.0,0.0,0.0,0.0,0.0,0.0,0.0,0.0,0.0,0.0,0.0,0.0,0.0,0.0,0.0,0.0,0.0,0.0,0.0,0.0,0.0,0.0,0.0,0.0,0.0,0.0,0.0,0.0,0.0,0.0,0.0,0.0,0.0,0.0,0.0,0.0,0.0,0.0,0.0,0.0,0.0
2026-02-04T15:28:28.846632,2140.7,0.0,23,92.7,226.4,2,5.6,4.9,9.1,4.9,7.0,4.9,7.0,4.9,6.9,4.9,8.5,4.9,7.0,4.9,7.0,4.9,5.6,4.9,5.6,4.9,6.3,5.6,6.2,4.9,2.8,4.9,5.6,7.0,6.3,4.9,7.0,5.6,5.6,4.9,5.6,4.9,6.9,4.9,4.9,4.9,4.9,4.9,4.9,4.9,4.9,7.0,7.0,4.9,0.0,0.0,0.0,0.0,0.0,0.0,0.0,0.0,0.0,0.0,0.0,0.0,0.0,0.0,0.0,0.0,0.0,0.0,0.0,0.0,0.0,0.0,0.0,0.0,0.0,0.0,0.0,0.0,0.0,0.0,0.0,0.0,0.0,0.0,0.0,0.0,0.0,0.0,0.0,0.0,0.0,0.0,0.0,0.0,0.0,0.0,0.0,0.0
2026-02-04T15:28:31.071606,2143.0,0.0,48,93.4,227.3,2,11.3,11.3,15.4,9.9,12.0,10.6,10.6,10.6,12.8,9.9,12.3,10.6,10.5,11.3,13.4,10.5,12.0,10.6,10.5,10.6,9.9,10.6,14.3,10.6,12.0,9.2,14.1,72.7,13.4,9.9,13.2,9.9,12.7,8.5,12.7,9.9,12.7,9.9,10.6,11.3,11.3,10.6,11.3,10.6,10.6,10.6,10.6,12.0,0.0,0.0,0.0,0.0,0.0,0.0,0.0,0.0,0.0,0.0,0.0,0.0,0.0,0.0,0.0,0.0,0.0,0.0,0.0,0.0,0.0,0.0,0.0,0.0,0.0,0.0,0.0,0.0,0.0,0.0,0.0,0.0,0.0,0.0,0.0,0.0,0.0,0.0,0.0,0.0,0.0,0.0,0.0,0.0,0.0,0.0,0.0,0.0
2026-02-04T15:28:33.297263,2145.2,2.6,18,92.9,226.4,2,5.6,4.9,6.3,4.9,4.2,4.9,4.9,4.9,4.9,4.9,5.7,4.9,5.6,4.9,7.0,4.9,6.2,4.9,4.9,4.9,6.3,4.9,4.9,5.6,2.8,4.2,4.9,5.6,4.9,4.9,4.9,4.9,6.3,4.9,6.3,4.9,6.3,4.9,6.3,4.9,6.3,9.2,6.3,4.9,44.4,4.9,7.0,4.9,0.0,0.0,0.0,0.0,0.0,0.0,0.0,0.0,0.0,0.0,0.0,0.0,0.0,0.0,0.0,0.0,0.0,0.0,0.0,0.0,0.0,0.0,0.0,0.0,0.0,0.0,0.0,0.0,0.0,0.0,0.0,0.0,0.0,0.0,0.0,0.0,0.0,0.0,0.0,0.0,0.0,0.0,0.0,0.0,0.0,0.0,0.0,0.0
2026-02-04T15:28:35.520174,2147.4,59.3,48,187.0,229.2,2,7.6,8.3,9.9,7.6,9.9,9.0,9.1,8.3,9.0,7.6,8.9,9.7,11.2,7.6,11.1,7.7,11.9,7.6,11.1,7.6,10.4,7.7,10.4,7.0,7.6,6.9,10.4,8.5,9.7,7.6,10.5,9.0,7.6,8.3,9.1,7.6,8.3,7.6,7.6,9.0,7.7,6.9,7.6,7.0,32.2,9.0,9.0,7.6,0.0,0.0,0.0,0.0,0.0,0.0,0.0,0.0,0.0,0.0,0.0,0.0,0.0,0.0,0.0,0.0,0.0,0.0,0.0,0.0,0.0,0.0,0.0,0.0,0.0,0.0,0.0,0.0,0.0,0.0,0.0,0.0,0.0,0.0,0.0,0.0,0.0,0.0,0.0,0.0,0.0,0.0,0.0,0.0,0.0,0.0,0.0,0.0
2026-02-04T15:28:37.745718,2149.6,0.0,47,124.1,230.2,2,7.8,74.5,11.1,7.1,7.1,7.8,7.7,7.8,7.8,7.1,9.3,7.1,7.8,7.1,9.2,7.1,7.8,7.1,7.8,7.1,7.8,7.8,6.4,12.0,5.0,7.0,8.5,9.2,7.8,7.1,8.5,9.9,9.9,7.1,9.9,7.8,10.6,7.8,10.6,7.1,9.9,7.8,9.2,7.8,9.2,8.5,10.6,7.8,0.0,0.0,0.0,0.0,0.0,0.0,0.0,0.0,0.0,0.0,0.0,0.0,0.0,0.0,0.0,0.0,0.0,0.0,0.0,0.0,0.0,0.0,0.0,0.0,0.0,0.0,0.0,0.0,0.0,0.0,0.0,0.0,0.0,0.0,0.0,0.0,0.0,0.0,0.0,0.0,0.0,0.0,0.0,0.0,0.0,0.0,0.0,0.0
2026-02-04T15:28:39.969354,2151.9,0.3,24,93.1,228.3,2,7.7,4.9,11.6,5.6,7.0,6.3,7.1,5.6,6.3,4.9,6.5,4.9,7.7,4.9,9.1,4.9,7.7,4.9,5.6,5.6,4.9,4.9,4.9,6.9,3.5,4.2,5.6,7.7,4.9,4.2,7.0,5.6,4.9,4.2,4.9,4.9,5.6,4.9,4.9,5.6,4.9,4.9,4.9,7.6,7.0,4.9,7.0,4.9,0.0,0.0,0.0,0.0,0.0,0.0,0.0,0.0,0.0,0.0,0.0,0.0,0.0,0.0,0.0,0.0,0.0,0.0,0.0,0.0,0.0,0.0,0.0,0.0,0.0,0.0,0.0,0.0,0.0,0.0,0.0,0.0,0.0,0.0,0.0,0.0,0.0,0.0,0.0,0.0,0.0,0.0,0.0,0.0,0.0,0.0,0.0,0.0
2026-02-04T15:28:42.191268,2154.1,3.6,31,8887.7,220.4,2,5.6,5.6,12.2,4.9,6.3,4.9,6.3,4.9,4.9,4.9,6.1,4.9,6.3,4.9,5.6,4.9,6.3,4.9,7.0,4.9,6.3,4.9,6.3,6.3,5.6,4.2,8.3,7.9,8.3,4.9,6.9,5.6,5.6,5.6,6.3,4.9,5.6,5.6,5.6,5.6,5.6,4.9,6.2,5.0,5.6,5.6,4.2,5.6,0.0,0.0,0.0,0.0,0.0,0.0,0.0,0.0,0.0,0.0,0.0,0.0,0.0,0.0,0.0,0.0,0.0,0.0,0.0,0.0,0.0,0.0,0.0,0.0,0.0,0.0,0.0,0.0,0.0,0.0,0.0,0.0,0.0,0.0,0.0,0.0,0.0,0.0,0.0,0.0,0.0,0.0,0.0,0.0,0.0,0.0,0.0,0.0
2026-02-04T15:28:44.416437,2156.3,0.0,48,123.3,230.1,2,10.6,10.6,13.3,10.6,12.8,9.9,12.7,9.9,13.3,9.9,12.8,9.9,10.6,10.6,11.3,9.9,11.3,9.9,11.3,10.5,11.3,9.2,11.3,9.9,10.6,9.2,12.1,11.7,10.6,10.6,12.1,10.6,12.1,9.9,12.8,9.9,11.3,9.2,11.3,10.6,12.1,10.6,13.5,10.5,13.5,11.3,12.0,11.3,0.0,0.0,0.0,0.0,0.0,0.0,0.0,0.0,0.0,0.0,0.0,0.0,0.0,0.0,0.0,0.0,0.0,0.0,0.0,0.0,0.0,0.0,0.0,0.0,0.0,0.0,0.0,0.0,0.0,0.0,0.0,0.0,0.0,0.0,0.0,0.0,0.0,0.0,0.0,0.0,0.0,0.0,0.0,0.0,0.0,0.0,0.0,0.0
2026-02-04T15:28:46.670243,2158.5,0.5,23,93.3,229.2,2,5.1,4.9,6.9,4.9,5.6,5.6,4.9,7.9,4.9,5.8,5.6,7.0,7.0,7.9,7.0,6.3,7.0,4.9,7.0,4.9,7.0,4.9,6.3,6.2,5.6,4.9,5.6,7.7,4.9,4.9,7.7,4.9,4.2,4.9,7.0,4.9,4.9,4.9,4.9,4.9,4.9,4.9,4.9,4.9,4.9,5.6,4.9,4.9,0.0,0.0,0.0,0.0,0.0,0.0,0.0,0.0,0.0,0.0,0.0,0.0,0.0,0.0,0.0,0.0,0.0,0.0,0.0,0.0,0.0,0.0,0.0,0.0,0.0,0.0,0.0,0.0,0.0,0.0,0.0,0.0,0.0,0.0,0.0,0.0,0.0,0.0,0.0,0.0,0.0,0.0,0.0,0.0,0.0,0.0,0.0,0.0
2026-02-04T15:28:48.890295,2160.8,0.0,25,6668.1,220.5,2,6.7,4.9,11.0,4.2,5.6,4.9,5.6,4.0,5.6,4.8,6.9,4.9,5.6,3.6,6.2,4.9,5.6,4.9,5.6,5.6,5.6,4.9,4.9,4.2,2.8,4.2,4.9,9.7,6.8,4.9,6.9,4.9,6.9,4.2,7.0,4.9,6.9,5.6,7.6,4.9,6.9,4.9,6.9,4.9,6.9,5.6,5.6,4.9,0.0,0.0,0.0,0.0,0.0,0.0,0.0,0.0,0.0,0.0,0.0,0.0,0.0,0.0,0.0,0.0,0.0,0.0,0.0,0.0,0.0,0.0,0.0,0.0,0.0,0.0,0.0,0.0,0.0,0.0,0.0,0.0,0.0,0.0,0.0,0.0,0.0,0.0,0.0,0.0,0.0,0.0,0.0,0.0,0.0,0.0,0.0,0.0
2026-02-04T15:28:51.114348,2163.0,0.0,48,92.7,231.0,2,12.6,10.5,19.6,11.1,13.3,10.5,13.3,9.9,13.3,11.8,14.6,9.8,12.0,9.8,17.6,10.5,14.0,9.8,13.3,10.5,13.3,9.8,11.9,9.9,10.5,8.4,11.2,11.3,12.7,11.2,12.6,11.8,10.5,10.5,11.3,10.5,11.9,10.5,11.2,11.2,10.5,9.8,10.5,13.4,12.7,9.8,12.6,10.5,0.0,0.0,0.0,0.0,0.0,0.0,0.0,0.0,0.0,0.0,0.0,0.0,0.0,0.0,0.0,0.0,0.0,0.0,0.0,0.0,0.0,0.0,0.0,0.0,0.0,0.0,0.0,0.0,0.0,0.0,0.0,0.0,0.0,0.0,0.0,0.0,0.0,0.0,0.0,0.0,0.0,0.0,0.0,0.0,0.0,0.0,0.0,0.0
2026-02-04T15:28:53.338301,2165.2,0.3,28,123.3,230.3,2,7.0,4.9,14.3,4.2,7.7,4.2,7.0,4.9,7.0,4.9,5.0,5.6,5.6,5.6,7.7,4.9,4.9,5.6,5.6,5.6,5.6,4.9,5.6,5.6,4.2,3.5,5.6,7.0,5.6,5.6,4.9,4.9,4.9,4.2,6.9,4.9,7.0,4.9,7.0,4.9,7.0,5.6,7.7,4.9,7.0,5.6,7.7,4.9,0.0,0.0,0.0,0.0,0.0,0.0,0.0,0.0,0.0,0.0,0.0,0.0,0.0,0.0,0.0,0.0,0.0,0.0,0.0,0.0,0.0,0.0,0.0,0.0,0.0,0.0,0.0,0.0,0.0,0.0,0.0,0.0,0.0,0.0,0.0,0.0,0.0,0.0,0.0,0.0,0.0,0.0,0.0,0.0,0.0,0.0,0.0,0.0
2026-02-04T15:28:55.561654,2167.5,0.7,27,92.5,231.9,2,5.6,5.6,8.3,4.9,4.9,4.9,4.9,7.7,6.3,4.9,7.8,4.9,7.0,4.9,7.0,4.9,6.3,4.9,7.0,4.9,6.3,4.9,7.7,4.2,6.3,4.9,6.3,5.6,7.0,4.9,4.9,5.6,4.2,4.9,6.3,4.9,5.6,5.6,5.6,5.6,4.9,5.6,4.9,6.3,5.6,7.0,5.0,6.3,0.0,0.0,0.0,0.0,0.0,0.0,0.0,0.0,0.0,0.0,0.0,0.0,0.0,0.0,0.0,0.0,0.0,0.0,0.0,0.0,0.0,0.0,0.0,0.0,0.0,0.0,0.0,0.0,0.0,0.0,0.0,0.0,0.0,0.0,0.0,0.0,0.0,0.0,0.0,0.0,0.0,0.0,0.0,0.0,0.0,0.0,0.0,0.0
2026-02-04T15:28:57.784487,2169.7,0.8,34,92.8,230.0,2,6.3,4.9,12.4,6.9,6.2,5.6,5.9,7.7,5.6,6.7,5.7,4.9,4.9,6.9,7.0,4.9,5.3,6.9,6.3,5.6,6.1,4.9,5.6,4.9,5.8,5.0,4.9,7.7,5.0,6.3,4.9,8.9,8.9,6.9,6.3,7.8,4.9,6.9,8.9,6.9,6.2,6.9,8.7,4.9,6.3,4.9,7.2,4.9,0.0,0.0,0.0,0.0,0.0,0.0,0.0,0.0,0.0,0.0,0.0,0.0,0.0,0.0,0.0,0.0,0.0,0.0,0.0,0.0,0.0,0.0,0.0,0.0,0.0,0.0,0.0,0.0,0.0,0.0,0.0,0.0,0.0,0.0,0.0,0.0,0.0,0.0,0.0,0.0,0.0,0.0,0.0,0.0,0.0,0.0,0.0,0.0
2026-02-04T15:29:00.011081,2171.9,0.0,24,8029.9,222.0,2,7.0,4.9,11.1,4.3,7.0,5.0,6.6,4.1,8.4,3.9,7.0,5.6,7.7,3.8,4.9,5.6,6.5,3.8,7.0,4.9,6.5,4.9,6.3,5.6,3.9,4.2,4.9,6.3,6.3,5.6,4.9,4.3,3.8,3.8,5.6,3.8,5.6,4.3,4.3,4.3,5.7,4.3,4.4,6.3,5.7,5.6,4.4,7.0,0.0,0.0,0.0,0.0,0.0,0.0,0.0,0.0,0.0,0.0,0.0,0.0,0.0,0.0,0.0,0.0,0.0,0.0,0.0,0.0,0.0,0.0,0.0,0.0,0.0,0.0,0.0,0.0,0.0,0.0,0.0,0.0,0.0,0.0,0.0,0.0,0.0,0.0,0.0,0.0,0.0,0.0,0.0,0.0,0.0,0.0,0.0,0.0
2026-02-04T15:29:02.236626,2174.1,38.8,48,92.6,232.0,2,11.9,10.5,13.3,10.5,12.7,9.7,12.7,9.1,12.7,9.9,14.3,9.9,12.7,9.9,12.7,9.9,12.0,9.9,14.1,10.5,14.6,9.8,13.3,10.5,10.6,10.5,12.6,11.9,10.5,11.1,14.8,9.9,13.3,10.4,14.0,9.2,12.7,10.5,12.7,9.9,14.7,9.9,14.8,10.6,14.7,10.6,13.4,10.5,0.0,0.0,0.0,0.0,0.0,0.0,0.0,0.0,0.0,0.0,0.0,0.0,0.0,0.0,0.0,0.0,0.0,0.0,0.0,0.0,0.0,0.0,0.0,0.0,0.0,0.0,0.0,0.0,0.0,0.0,0.0,0.0,0.0,0.0,0.0,0.0,0.0,0.0,0.0,0.0,0.0,0.0,0.0,0.0,0.0,0.0,0.0,0.0
2026-02-04T15:29:04.460337,2176.4,0.0,19,92.6,233.3,2,4.9,4.9,7.7,4.9,5.7,4.9,4.9,4.9,4.9,4.9,7.8,4.9,5.6,4.9,6.2,7.0,7.0,4.9,7.0,4.9,7.0,5.0,7.0,5.7,4.9,4.9,7.0,7.7,7.7,4.9,7.7,4.9,6.3,4.9,7.1,4.9,7.0,4.9,7.0,4.9,4.9,4.9,4.9,4.9,4.9,4.9,4.9,4.9,0.0,0.0,0.0,0.0,0.0,0.0,0.0,0.0,0.0,0.0,0.0,0.0,0.0,0.0,0.0,0.0,0.0,0.0,0.0,0.0,0.0,0.0,0.0,0.0,0.0,0.0,0.0,0.0,0.0,0.0,0.0,0.0,0.0,0.0,0.0,0.0,0.0,0.0,0.0,0.0,0.0,0.0,0.0,0.0,0.0,0.0,0.0,0.0
2026-02-04T15:29:06.684161,2178.6,0.0,24,124.2,232.3,2,6.3,4.9,11.0,4.9,6.3,10.5,6.3,4.9,7.0,4.9,6.2,4.9,7.0,4.9,9.2,4.9,5.6,4.9,7.0,4.9,5.6,4.9,5.6,4.9,4.2,3.5,5.6,7.0,6.4,4.9,7.7,4.9,5.6,4.2,4.9,4.9,4.9,6.3,7.0,4.9,6.3,4.9,6.3,4.9,6.3,4.9,6.3,4.9,0.0,0.0,0.0,0.0,0.0,0.0,0.0,0.0,0.0,0.0,0.0,0.0,0.0,0.0,0.0,0.0,0.0,0.0,0.0,0.0,0.0,0.0,0.0,0.0,0.0,0.0,0.0,0.0,0.0,0.0,0.0,0.0,0.0,0.0,0.0,0.0,0.0,0.0,0.0,0.0,0.0,0.0,0.0,0.0,0.0,0.0,0.0,0.0
2026-02-04T15:29:08.937288,2180.8,0.3,42,93.4,231.6,2,6.3,6.4,8.4,4.2,5.6,5.6,5.6,6.3,5.6,5.6,8.5,5.6,8.5,5.6,9.1,4.9,8.5,5.6,9.1,5.6,8.5,4.9,7.7,5.6,5.6,5.6,8.4,7.7,8.5,4.9,9.9,4.9,7.7,4.2,7.0,5.6,6.3,5.7,5.6,6.3,5.6,5.6,6.3,6.3,6.3,5.6,5.6,5.6,0.0,0.0,0.0,0.0,0.0,0.0,0.0,0.0,0.0,0.0,0.0,0.0,0.0,0.0,0.0,0.0,0.0,0.0,0.0,0.0,0.0,0.0,0.0,0.0,0.0,0.0,0.0,0.0,0.0,0.0,0.0,0.0,0.0,0.0,0.0,0.0,0.0,0.0,0.0,0.0,0.0,0.0,0.0,0.0,0.0,0.0,0.0,0.0
2026-02-04T15:29:11.160991,2183.1,0.3,25,92.7,231.6,2,6.9,5.5,9.7,4.8,6.9,4.9,6.9,4.8,6.9,4.8,7.9,5.5,4.8,5.6,4.9,4.9,6.2,5.5,5.6,4.8,5.5,5.6,5.6,4.9,2.1,4.1,4.9,7.6,4.8,4.9,7.6,4.8,7.6,4.8,7.6,4.1,6.2,4.8,6.2,4.8,7.6,4.8,7.6,4.9,7.6,4.8,7.6,4.8,0.0,0.0,0.0,0.0,0.0,0.0,0.0,0.0,0.0,0.0,0.0,0.0,0.0,0.0,0.0,0.0,0.0,0.0,0.0,0.0,0.0,0.0,0.0,0.0,0.0,0.0,0.0,0.0,0.0,0.0,0.0,0.0,0.0,0.0,0.0,0.0,0.0,0.0,0.0,0.0,0.0,0.0,0.0,0.0,0.0,0.0,0.0,0.0
2026-02-04T15:29:13.385434,2185.3,0.0,38,123.3,231.6,2,6.2,5.6,7.0,5.6,4.2,7.1,7.7,5.6,5.6,5.6,5.5,5.6,5.6,5.6,6.3,5.6,5.6,4.9,7.7,4.2,6.3,4.9,5.6,4.9,4.9,5.6,7.7,4.9,7.7,4.9,7.0,7.0,7.0,5.6,7.7,4.9,5.6,4.2,7.7,5.6,7.7,5.6,5.6,6.2,6.3,5.6,5.6,7.0,0.0,0.0,0.0,0.0,0.0,0.0,0.0,0.0,0.0,0.0,0.0,0.0,0.0,0.0,0.0,0.0,0.0,0.0,0.0,0.0,0.0,0.0,0.0,0.0,0.0,0.0,0.0,0.0,0.0,0.0,0.0,0.0,0.0,0.0,0.0,0.0,0.0,0.0,0.0,0.0,0.0,0.0,0.0,0.0,0.0,0.0,0.0,0.0
2026-02-04T15:29:15.610509,2187.5,0.0,25,92.4,231.6,2,5.6,5.6,11.6,4.9,6.2,6.5,5.6,17.1,5.0,4.9,5.3,5.6,4.9,4.9,7.7,4.9,4.9,5.6,4.9,5.6,4.9,5.6,4.9,4.9,4.2,4.9,5.6,7.7,6.3,4.9,7.0,4.9,6.3,4.9,5.6,4.9,6.3,4.9,4.9,6.3,7.0,4.9,6.3,4.9,6.3,4.9,6.3,4.9,0.0,0.0,0.0,0.0,0.0,0.0,0.0,0.0,0.0,0.0,0.0,0.0,0.0,0.0,0.0,0.0,0.0,0.0,0.0,0.0,0.0,0.0,0.0,0.0,0.0,0.0,0.0,0.0,0.0,0.0,0.0,0.0,0.0,0.0,0.0,0.0,0.0,0.0,0.0,0.0,0.0,0.0,0.0,0.0,0.0,0.0,0.0,0.0
2026-02-04T15:29:17.833960,2189.7,0.0,26,8852.8,223.1,2,7.0,5.0,14.4,6.9,7.0,3.9,7.0,2.9,6.9,6.9,6.5,5.0,7.0,5.0,7.7,4.9,7.0,4.9,7.0,4.9,4.9,4.9,4.9,6.3,5.6,4.2,4.9,7.0,4.9,5.6,5.6,5.6,5.6,4.9,7.7,4.9,5.6,4.9,5.6,4.9,7.0,4.9,6.9,4.9,6.9,4.9,6.9,4.9,0.0,0.0,0.0,0.0,0.0,0.0,0.0,0.0,0.0,0.0,0.0,0.0,0.0,0.0,0.0,0.0,0.0,0.0,0.0,0.0,0.0,0.0,0.0,0.0,0.0,0.0,0.0,0.0,0.0,0.0,0.0,0.0,0.0,0.0,0.0,0.0,0.0,0.0,0.0,0.0,0.0,0.0,0.0,0.0,0.0,0.0,0.0,0.0
2026-02-04T15:29:20.057217,2192.0,74.5,48,217.2,232.6,2,10.5,10.4,13.1,6.0,10.5,11.1,10.5,8.3,9.8,7.1,9.7,10.4,11.1,8.3,9.7,9.0,8.4,11.1,9.0,8.3,8.3,10.5,10.4,8.4,10.5,6.2,11.8,10.5,11.9,9.0,12.6,10.4,10.5,9.0,11.2,8.3,10.5,8.3,10.5,8.3,11.9,8.3,12.6,8.4,9.1,9.0,10.5,10.4,0.0,0.0,0.0,0.0,0.0,0.0,0.0,0.0,0.0,0.0,0.0,0.0,0.0,0.0,0.0,0.0,0.0,0.0,0.0,0.0,0.0,0.0,0.0,0.0,0.0,0.0,0.0,0.0,0.0,0.0,0.0,0.0,0.0,0.0,0.0,0.0,0.0,0.0,0.0,0.0,0.0,0.0,0.0,0.0,0.0,0.0,0.0,0.0
2026-02-04T15:29:22.281381,2194.2,1.2,46,93.0,233.6,2,8.5,6.3,9.1,6.6,8.0,6.4,7.9,6.6,7.8,6.6,8.1,5.1,8.0,7.3,8.5,6.6,7.9,6.6,8.0,6.6,8.0,6.4,8.6,5.0,5.8,4.4,8.6,7.0,6.6,6.5,7.8,6.6,6.4,6.6,7.1,6.6,6.6,6.6,6.6,7.3,6.6,6.6,6.6,6.4,7.1,6.4,7.3,8.0,0.0,0.0,0.0,0.0,0.0,0.0,0.0,0.0,0.0,0.0,0.0,0.0,0.0,0.0,0.0,0.0,0.0,0.0,0.0,0.0,0.0,0.0,0.0,0.0,0.0,0.0,0.0,0.0,0.0,0.0,0.0,0.0,0.0,0.0,0.0,0.0,0.0,0.0,0.0,0.0,0.0,0.0,0.0,0.0,0.0,0.0,0.0,0.0
2026-02-04T15:29:24.506187,2196.4,0.0,36,92.5,232.6,2,8.4,5.7,10.3,5.5,5.5,5.6,6.3,4.8,4.9,4.1,5.0,4.1,7.5,4.1,5.6,6.8,5.6,4.8,8.2,4.1,7.5,4.2,7.7,5.6,6.2,4.1,4.9,9.1,7.6,5.5,8.5,8.2,8.5,5.5,5.6,5.5,7.5,5.5,5.5,5.5,8.2,4.8,8.2,5.6,8.3,9.2,8.2,7.5,0.0,0.0,0.0,0.0,0.0,0.0,0.0,0.0,0.0,0.0,0.0,0.0,0.0,0.0,0.0,0.0,0.0,0.0,0.0,0.0,0.0,0.0,0.0,0.0,0.0,0.0,0.0,0.0,0.0,0.0,0.0,0.0,0.0,0.0,0.0,0.0,0.0,0.0,0.0,0.0,0.0,0.0,0.0,0.0,0.0,0.0,0.0,0.0
2026-02-04T15:29:26.732427,2198.6,0.0,33,123.6,234.6,2,6.3,5.6,9.7,4.9,7.7,5.6,7.7,4.9,7.7,5.6,8.0,4.9,7.0,5.6,7.0,5.6,7.0,5.6,6.3,5.6,6.3,6.3,5.6,5.6,4.2,4.2,4.9,7.0,5.6,4.2,5.6,4.2,4.9,4.9,6.3,4.9,7.0,4.9,7.0,4.2,7.0,5.6,7.0,4.9,7.7,5.6,5.6,4.9,0.0,0.0,0.0,0.0,0.0,0.0,0.0,0.0,0.0,0.0,0.0,0.0,0.0,0.0,0.0,0.0,0.0,0.0,0.0,0.0,0.0,0.0,0.0,0.0,0.0,0.0,0.0,0.0,0.0,0.0,0.0,0.0,0.0,0.0,0.0,0.0,0.0,0.0,0.0,0.0,0.0,0.0,0.0,0.0,0.0,0.0,0.0,0.0
2026-02-04T15:29:28.958155,2200.9,0.0,23,93.1,232.6,2,6.9,7.0,12.3,4.9,7.7,5.6,7.7,4.9,7.7,4.9,7.1,4.9,7.7,4.9,7.7,4.9,7.0,4.9,7.0,4.9,7.0,4.2,7.0,4.9,4.9,3.5,4.9,6.3,4.9,4.9,9.0,4.9,5.6,4.9,6.3,4.9,5.6,4.9,5.6,4.9,5.6,4.9,5.6,4.9,4.9,4.9,5.6,4.9,0.0,0.0,0.0,0.0,0.0,0.0,0.0,0.0,0.0,0.0,0.0,0.0,0.0,0.0,0.0,0.0,0.0,0.0,0.0,0.0,0.0,0.0,0.0,0.0,0.0,0.0,0.0,0.0,0.0,0.0,0.0,0.0,0.0,0.0,0.0,0.0,0.0,0.0,0.0,0.0,0.0,0.0,0.0,0.0,0.0,0.0,0.0,0.0
2026-02-04T15:29:31.213285,2203.1,0.9,18,123.6,234.6,2,6.3,4.9,9.7,4.9,6.3,4.9,7.0,4.9,5.6,4.9,6.9,4.9,5.0,4.9,9.2,4.9,4.9,4.9,4.9,4.9,4.9,4.9,4.9,6.3,4.9,4.2,4.9,7.0,7.0,4.9,7.0,4.9,6.3,4.9,7.7,4.9,4.9,4.9,4.9,4.9,6.3,4.9,6.3,4.9,6.3,4.9,6.3,5.6,0.0,0.0,0.0,0.0,0.0,0.0,0.0,0.0,0.0,0.0,0.0,0.0,0.0,0.0,0.0,0.0,0.0,0.0,0.0,0.0,0.0,0.0,0.0,0.0,0.0,0.0,0.0,0.0,0.0,0.0,0.0,0.0,0.0,0.0,0.0,0.0,0.0,0.0,0.0,0.0,0.0,0.0,0.0,0.0,0.0,0.0,0.0,0.0
2026-02-04T15:29:33.437332,2205.3,0.0,25,92.8,232.7,2,7.5,4.9,12.2,4.9,7.6,4.9,7.6,4.9,7.6,4.8,8.6,4.9,7.6,4.9,8.9,4.8,7.6,4.9,8.3,4.8,7.6,5.6,7.5,10.4,5.6,4.2,4.8,8.3,4.8,5.6,4.9,4.9,4.9,4.9,5.6,5.6,4.9,5.6,4.9,5.6,5.6,4.9,4.9,5.6,7.6,4.9,4.9,9.0,0.0,0.0,0.0,0.0,0.0,0.0,0.0,0.0,0.0,0.0,0.0,0.0,0.0,0.0,0.0,0.0,0.0,0.0,0.0,0.0,0.0,0.0,0.0,0.0,0.0,0.0,0.0,0.0,0.0,0.0,0.0,0.0,0.0,0.0,0.0,0.0,0.0,0.0,0.0,0.0,0.0,0.0,0.0,0.0,0.0,0.0,0.0,0.0
2026-02-04T15:29:35.661446,2207.6,0.0,24,92.5,233.6,2,5.7,4.9,9.8,4.9,7.0,4.9,7.0,4.9,7.0,4.9,8.6,4.9,5.6,4.9,5.6,4.9,5.6,4.9,4.9,4.9,5.6,4.9,5.6,6.3,3.5,4.2,7.1,7.0,7.0,4.9,8.3,4.9,7.0,4.9,7.0,4.9,6.3,4.9,6.9,4.9,6.3,4.9,6.3,4.9,4.2,4.9,6.3,5.6,0.0,0.0,0.0,0.0,0.0,0.0,0.0,0.0,0.0,0.0,0.0,0.0,0.0,0.0,0.0,0.0,0.0,0.0,0.0,0.0,0.0,0.0,0.0,0.0,0.0,0.0,0.0,0.0,0.0,0.0,0.0,0.0,0.0,0.0,0.0,0.0,0.0,0.0,0.0,0.0,0.0,0.0,0.0,0.0,0.0,0.0,0.0,0.0
2026-02-04T15:29:37.885959,2209.8,0.0,28,123.5,232.7,2,6.3,5.6,9.0,7.7,7.7,5.6,7.7,4.9,7.7,4.9,6.8,4.9,7.7,4.9,8.5,7.7,7.7,4.9,7.7,4.9,7.7,4.2,7.7,4.9,7.0,4.2,7.7,6.3,8.5,4.9,4.9,7.7,4.9,4.9,6.3,4.9,4.9,5.6,4.9,5.6,4.9,5.6,5.6,4.9,4.9,5.6,4.9,7.7,0.0,0.0,0.0,0.0,0.0,0.0,0.0,0.0,0.0,0.0,0.0,0.0,0.0,0.0,0.0,0.0,0.0,0.0,0.0,0.0,0.0,0.0,0.0,0.0,0.0,0.0,0.0,0.0,0.0,0.0,0.0,0.0,0.0,0.0,0.0,0.0,0.0,0.0,0.0,0.0,0.0,0.0,0.0,0.0,0.0,0.0,0.0,0.0
2026-02-04T15:29:40.111012,2212.0,0.0,34,92.6,234.6,2,7.7,4.9,6.9,5.6,6.3,4.2,5.6,4.9,7.7,4.2,5.3,4.9,5.6,4.2,6.3,7.7,5.6,5.6,5.6,5.6,5.6,8.5,5.6,5.6,4.2,4.2,5.6,9.1,7.7,5.6,7.7,4.9,7.0,5.6,7.0,4.9,7.7,4.9,7.7,4.2,7.7,4.9,7.7,4.9,7.7,5.6,7.0,5.6,0.0,0.0,0.0,0.0,0.0,0.0,0.0,0.0,0.0,0.0,0.0,0.0,0.0,0.0,0.0,0.0,0.0,0.0,0.0,0.0,0.0,0.0,0.0,0.0,0.0,0.0,0.0,0.0,0.0,0.0,0.0,0.0,0.0,0.0,0.0,0.0,0.0,0.0,0.0,0.0,0.0,0.0,0.0,0.0,0.0,0.0,0.0,0.0
2026-02-04T15:29:42.338150,2214.2,0.0,25,93.2,232.6,2,4.9,5.6,11.1,9.1,8.4,5.0,7.7,4.9,8.4,4.9,7.4,4.2,7.0,5.0,7.7,4.9,4.9,5.6,5.6,5.6,4.9,4.2,4.9,4.9,7.0,4.3,7.0,7.0,7.7,4.2,4.9,7.0,7.8,4.9,7.1,4.9,6.4,4.9,7.1,4.9,5.0,5.6,5.7,7.0,4.9,4.9,5.0,8.5,0.0,0.0,0.0,0.0,0.0,0.0,0.0,0.0,0.0,0.0,0.0,0.0,0.0,0.0,0.0,0.0,0.0,0.0,0.0,0.0,0.0,0.0,0.0,0.0,0.0,0.0,0.0,0.0,0.0,0.0,0.0,0.0,0.0,0.0,0.0,0.0,0.0,0.0,0.0,0.0,0.0,0.0,0.0,0.0,0.0,0.0,0.0,0.0
2026-02-04T15:29:44.562466,2216.5,0.0,26,92.6,232.6,2,7.0,4.9,9.7,4.9,7.0,4.9,4.9,5.6,4.9,4.9,6.1,4.9,5.6,5.6,5.6,5.6,5.6,5.6,4.9,5.6,6.9,4.9,4.9,4.9,3.5,3.5,5.6,9.1,7.7,4.9,7.0,4.9,7.0,4.2,7.0,4.9,7.0,4.9,7.0,4.9,6.9,4.9,7.0,5.6,7.0,4.9,7.0,4.9,0.0,0.0,0.0,0.0,0.0,0.0,0.0,0.0,0.0,0.0,0.0,0.0,0.0,0.0,0.0,0.0,0.0,0.0,0.0,0.0,0.0,0.0,0.0,0.0,0.0,0.0,0.0,0.0,0.0,0.0,0.0,0.0,0.0,0.0,0.0,0.0,0.0,0.0,0.0,0.0,0.0,0.0,0.0,0.0,0.0,0.0,0.0,0.0
2026-02-04T15:29:46.786282,2218.7,0.3,19,92.9,232.6,2,5.0,4.9,11.6,6.3,7.0,4.9,7.7,4.9,7.0,4.9,7.6,4.9,7.0,4.9,9.2,4.9,7.0,4.9,7.0,4.9,7.0,4.9,6.3,4.9,4.9,3.5,7.7,6.3,7.0,4.9,4.9,4.9,4.9,4.9,4.9,4.9,6.3,4.9,4.9,4.9,5.6,4.9,4.9,6.3,4.9,4.9,4.9,6.3,0.0,0.0,0.0,0.0,0.0,0.0,0.0,0.0,0.0,0.0,0.0,0.0,0.0,0.0,0.0,0.0,0.0,0.0,0.0,0.0,0.0,0.0,0.0,0.0,0.0,0.0,0.0,0.0,0.0,0.0,0.0,0.0,0.0,0.0,0.0,0.0,0.0,0.0,0.0,0.0,0.0,0.0,0.0,0.0,0.0,0.0,0.0,0.0
2026-02-04T15:29:49.011227,2220.9,0.0,26,92.8,232.6,2,5.6,5.6,9.8,4.9,7.0,4.9,6.3,4.9,4.9,4.9,8.9,4.9,4.9,5.6,5.6,6.3,4.9,5.6,5.6,5.6,4.9,5.6,5.6,5.6,4.2,3.5,4.9,9.2,7.0,4.9,7.7,4.9,7.0,4.9,7.0,4.9,7.0,4.9,7.0,4.9,7.0,4.9,7.7,4.9,7.1,4.9,7.0,4.9,0.0,0.0,0.0,0.0,0.0,0.0,0.0,0.0,0.0,0.0,0.0,0.0,0.0,0.0,0.0,0.0,0.0,0.0,0.0,0.0,0.0,0.0,0.0,0.0,0.0,0.0,0.0,0.0,0.0,0.0,0.0,0.0,0.0,0.0,0.0,0.0,0.0,0.0,0.0,0.0,0.0,0.0,0.0,0.0,0.0,0.0,0.0,0.0
2026-02-04T15:29:51.233765,2223.1,0.0,26,5534.1,223.2,2,5.6,7.0,7.7,4.9,7.7,4.9,4.9,4.9,7.0,4.9,6.2,4.9,7.0,5.4,7.0,4.9,6.3,4.9,7.0,4.9,7.0,6.3,7.0,6.3,6.3,4.2,7.0,5.6,8.5,5.6,6.3,5.6,5.6,4.9,5.6,4.9,4.9,4.9,4.9,4.9,4.9,11.3,4.9,7.0,4.2,5.0,4.9,5.0,0.0,0.0,0.0,0.0,0.0,0.0,0.0,0.0,0.0,0.0,0.0,0.0,0.0,0.0,0.0,0.0,0.0,0.0,0.0,0.0,0.0,0.0,0.0,0.0,0.0,0.0,0.0,0.0,0.0,0.0,0.0,0.0,0.0,0.0,0.0,0.0,0.0,0.0,0.0,0.0,0.0,0.0,0.0,0.0,0.0,0.0,0.0,0.0
2026-02-04T15:29:53.484136,2225.4,54.8,48,185.3,232.9,2,9.1,7.0,9.8,9.0,11.1,7.7,11.9,7.0,11.9,7.0,11.9,7.0,10.4,6.4,12.5,6.2,9.7,6.9,9.8,7.6,9.0,7.0,9.8,6.3,6.9,6.2,11.2,8.5,11.1,6.9,11.1,7.0,9.0,7.0,9.0,6.9,9.0,6.9,6.9,6.9,6.9,6.9,6.9,7.0,9.1,6.9,9.0,6.9,0.0,0.0,0.0,0.0,0.0,0.0,0.0,0.0,0.0,0.0,0.0,0.0,0.0,0.0,0.0,0.0,0.0,0.0,0.0,0.0,0.0,0.0,0.0,0.0,0.0,0.0,0.0,0.0,0.0,0.0,0.0,0.0,0.0,0.0,0.0,0.0,0.0,0.0,0.0,0.0,0.0,0.0,0.0,0.0,0.0,0.0,0.0,0.0
2026-02-04T15:29:55.708368,2227.6,38.3,48,92.6,234.9,2,8.3,7.7,13.8,7.7,10.5,7.7,11.8,7.7,10.5,7.7,10.5,7.7,10.5,7.7,11.2,7.7,9.8,7.7,10.5,7.7,7.7,9.7,9.1,7.7,6.3,5.6,9.8,7.6,9.1,8.3,11.1,7.7,8.4,8.4,7.7,8.4,8.4,8.4,8.4,9.1,8.4,7.0,7.7,8.4,7.7,8.4,8.4,8.4,0.0,0.0,0.0,0.0,0.0,0.0,0.0,0.0,0.0,0.0,0.0,0.0,0.0,0.0,0.0,0.0,0.0,0.0,0.0,0.0,0.0,0.0,0.0,0.0,0.0,0.0,0.0,0.0,0.0,0.0,0.0,0.0,0.0,0.0,0.0,0.0,0.0,0.0,0.0,0.0,0.0,0.0,0.0,0.0,0.0,0.0,0.0,0.0
2026-02-04T15:29:57.931513,2229.8,0.3,31,92.6,233.4,2,6.3,5.6,9.7,4.9,5.6,4.9,7.7,4.2,7.7,4.2,7.7,4.9,7.7,4.9,6.3,4.9,7.0,4.9,7.7,4.9,7.7,6.3,7.7,4.2,7.0,3.5,7.7,7.7,7.0,4.9,7.0,4.9,7.7,4.9,7.0,4.9,7.0,5.6,5.6,5.6,5.6,5.6,4.9,5.6,5.6,5.6,4.9,5.6,0.0,0.0,0.0,0.0,0.0,0.0,0.0,0.0,0.0,0.0,0.0,0.0,0.0,0.0,0.0,0.0,0.0,0.0,0.0,0.0,0.0,0.0,0.0,0.0,0.0,0.0,0.0,0.0,0.0,0.0,0.0,0.0,0.0,0.0,0.0,0.0,0.0,0.0,0.0,0.0,0.0,0.0,0.0,0.0,0.0,0.0,0.0,0.0
2026-02-04T15:30:00.154203,2232.1,0.9,30,124.2,234.4,2,7.7,4.9,9.0,4.9,7.7,5.6,7.0,4.9,7.0,4.9,9.2,4.9,7.0,4.9,7.0,4.9,5.6,5.6,5.6,5.6,4.9,4.9,6.3,4.9,2.8,4.2,5.6,8.4,5.6,5.6,5.6,5.6,7.0,4.9,7.0,4.2,5.6,5.6,7.0,4.9,7.6,5.6,7.0,4.9,7.7,4.9,7.0,4.9,0.0,0.0,0.0,0.0,0.0,0.0,0.0,0.0,0.0,0.0,0.0,0.0,0.0,0.0,0.0,0.0,0.0,0.0,0.0,0.0,0.0,0.0,0.0,0.0,0.0,0.0,0.0,0.0,0.0,0.0,0.0,0.0,0.0,0.0,0.0,0.0,0.0,0.0,0.0,0.0,0.0,0.0,0.0,0.0,0.0,0.0,0.0,0.0
2026-02-04T15:30:02.377785,2234.3,0.3,24,92.5,233.4,2,4.9,4.9,9.0,5.0,5.6,4.9,4.9,5.0,5.0,5.0,4.9,7.1,7.1,5.0,7.7,5.0,7.8,5.0,7.1,5.0,7.1,6.3,7.0,5.6,5.7,4.3,7.1,6.3,7.1,5.0,7.0,5.0,7.1,5.6,7.1,5.0,7.1,4.9,7.1,5.0,5.0,5.6,4.9,4.9,5.0,5.0,5.7,6.4,0.0,0.0,0.0,0.0,0.0,0.0,0.0,0.0,0.0,0.0,0.0,0.0,0.0,0.0,0.0,0.0,0.0,0.0,0.0,0.0,0.0,0.0,0.0,0.0,0.0,0.0,0.0,0.0,0.0,0.0,0.0,0.0,0.0,0.0,0.0,0.0,0.0,0.0,0.0,0.0,0.0,0.0,0.0,0.0,0.0,0.0,0.0,0.0
2026-02-04T15:30:04.601147,2236.5,0.0,31,93.0,234.4,2,4.9,4.9,9.8,5.6,7.0,4.9,7.0,4.9,7.0,5.6,7.0,4.9,7.0,4.9,9.9,4.9,7.0,4.9,7.0,4.9,7.0,7.0,6.3,5.6,2.8,4.2,4.2,7.0,5.6,5.6,6.3,5.6,5.6,5.6,4.9,5.6,4.9,7.0,7.6,4.9,5.6,5.6,7.0,4.9,7.0,4.9,5.6,5.6,0.0,0.0,0.0,0.0,0.0,0.0,0.0,0.0,0.0,0.0,0.0,0.0,0.0,0.0,0.0,0.0,0.0,0.0,0.0,0.0,0.0,0.0,0.0,0.0,0.0,0.0,0.0,0.0,0.0,0.0,0.0,0.0,0.0,0.0,0.0,0.0,0.0,0.0,0.0,0.0,0.0,0.0,0.0,0.0,0.0,0.0,0.0,0.0
2026-02-04T15:30:06.823236,2238.7,0.7,32,123.9,233.4,2,9.8,4.9,10.3,4.9,5.8,5.6,5.6,4.9,5.6,5.8,5.0,5.6,5.6,5.6,5.6,4.9,7.7,4.9,7.0,4.9,7.0,4.9,7.0,6.3,5.6,4.2,7.0,6.3,7.7,4.2,7.0,4.2,7.0,4.2,7.7,4.2,7.0,4.9,5.6,5.6,5.6,4.9,7.7,4.9,5.6,5.6,7.0,7.0,0.0,0.0,0.0,0.0,0.0,0.0,0.0,0.0,0.0,0.0,0.0,0.0,0.0,0.0,0.0,0.0,0.0,0.0,0.0,0.0,0.0,0.0,0.0,0.0,0.0,0.0,0.0,0.0,0.0,0.0,0.0,0.0,0.0,0.0,0.0,0.0,0.0,0.0,0.0,0.0,0.0,0.0,0.0,0.0,0.0,0.0,0.0,0.0
2026-02-04T15:30:09.045773,2240.9,0.0,31,92.7,234.4,2,4.9,5.6,9.7,4.9,6.9,4.9,7.0,4.9,7.1,4.8,8.5,4.9,7.0,4.9,10.5,7.0,7.8,5.6,7.0,4.9,7.0,5.0,6.3,5.0,2.8,4.9,5.6,7.7,5.6,5.6,5.7,6.3,4.9,5.7,4.9,5.6,5.6,5.6,5.6,5.6,7.0,4.9,7.0,4.9,7.0,4.9,7.0,6.3,0.0,0.0,0.0,0.0,0.0,0.0,0.0,0.0,0.0,0.0,0.0,0.0,0.0,0.0,0.0,0.0,0.0,0.0,0.0,0.0,0.0,0.0,0.0,0.0,0.0,0.0,0.0,0.0,0.0,0.0,0.0,0.0,0.0,0.0,0.0,0.0,0.0,0.0,0.0,0.0,0.0,0.0,0.0,0.0,0.0,0.0,0.0,0.0
2026-02-04T15:30:11.269009,2243.2,0.0,29,92.7,233.4,2,6.4,4.3,12.4,4.9,7.7,5.6,5.6,4.9,5.6,4.9,5.6,4.9,5.6,4.9,5.6,7.0,5.6,4.9,5.6,7.0,7.7,4.9,7.8,4.9,6.3,3.5,7.8,14.0,7.7,4.9,5.6,7.0,4.9,5.6,4.2,4.9,7.7,4.9,7.7,4.9,7.7,4.9,7.7,4.9,7.7,4.9,7.0,6.3,0.0,0.0,0.0,0.0,0.0,0.0,0.0,0.0,0.0,0.0,0.0,0.0,0.0,0.0,0.0,0.0,0.0,0.0,0.0,0.0,0.0,0.0,0.0,0.0,0.0,0.0,0.0,0.0,0.0,0.0,0.0,0.0,0.0,0.0,0.0,0.0,0.0,0.0,0.0,0.0,0.0,0.0,0.0,0.0,0.0,0.0,0.0,0.0
2026-02-04T15:30:13.492843,2245.4,0.0,23,93.3,234.4,2,5.6,4.9,10.5,5.0,7.0,4.9,7.0,4.9,7.1,4.9,7.0,4.9,7.0,4.9,9.8,7.0,7.0,4.9,7.0,4.9,6.3,5.0,6.3,5.0,6.4,4.9,5.6,11.3,6.4,4.9,5.6,4.9,5.6,5.0,5.6,4.9,4.9,4.9,4.9,4.9,4.9,4.9,4.9,5.7,4.9,7.0,7.0,4.9,0.0,0.0,0.0,0.0,0.0,0.0,0.0,0.0,0.0,0.0,0.0,0.0,0.0,0.0,0.0,0.0,0.0,0.0,0.0,0.0,0.0,0.0,0.0,0.0,0.0,0.0,0.0,0.0,0.0,0.0,0.0,0.0,0.0,0.0,0.0,0.0,0.0,0.0,0.0,0.0,0.0,0.0,0.0,0.0,0.0,0.0,0.0,0.0
2026-02-04T15:30:15.747196,2247.6,0.0,20,124.3,233.4,2,7.0,4.9,9.0,4.9,3.5,4.9,4.9,6.3,5.6,4.9,4.9,4.9,5.6,4.9,4.9,4.9,4.9,6.3,4.9,4.9,4.9,4.9,7.0,4.9,3.5,4.9,7.0,6.3,7.0,4.9,7.7,4.9,7.0,5.6,6.3,4.2,7.0,4.9,7.0,4.9,7.0,4.9,7.0,4.9,7.1,4.9,7.0,4.9,0.0,0.0,0.0,0.0,0.0,0.0,0.0,0.0,0.0,0.0,0.0,0.0,0.0,0.0,0.0,0.0,0.0,0.0,0.0,0.0,0.0,0.0,0.0,0.0,0.0,0.0,0.0,0.0,0.0,0.0,0.0,0.0,0.0,0.0,0.0,0.0,0.0,0.0,0.0,0.0,0.0,0.0,0.0,0.0,0.0,0.0,0.0,0.0
2026-02-04T15:30:17.970406,2249.9,0.3,23,93.4,234.4,2,5.6,11.7,9.0,4.9,6.9,4.8,6.9,4.4,6.9,4.9,6.9,4.2,6.2,4.9,7.6,4.9,6.9,4.9,6.9,4.9,6.9,4.9,4.9,4.1,2.8,5.6,4.9,10.2,5.6,6.2,4.9,6.2,5.6,4.9,4.9,4.9,4.9,4.9,4.9,6.9,6.9,4.9,6.9,4.9,6.9,4.9,6.9,4.8,0.0,0.0,0.0,0.0,0.0,0.0,0.0,0.0,0.0,0.0,0.0,0.0,0.0,0.0,0.0,0.0,0.0,0.0,0.0,0.0,0.0,0.0,0.0,0.0,0.0,0.0,0.0,0.0,0.0,0.0,0.0,0.0,0.0,0.0,0.0,0.0,0.0,0.0,0.0,0.0,0.0,0.0,0.0,0.0,0.0,0.0,0.0,0.0
2026-02-04T15:30:20.194074,2252.1,0.0,31,93.0,234.0,2,4.9,5.6,9.1,4.9,6.9,5.6,7.0,5.6,7.0,4.9,7.7,5.6,7.0,4.9,9.2,4.9,4.9,5.6,5.6,4.9,5.6,4.9,4.9,5.6,3.5,5.6,7.0,10.4,7.0,4.9,8.4,6.3,7.0,4.9,4.9,5.6,5.6,5.6,7.0,4.9,7.0,5.6,7.0,4.9,7.0,4.9,4.9,7.0,0.0,0.0,0.0,0.0,0.0,0.0,0.0,0.0,0.0,0.0,0.0,0.0,0.0,0.0,0.0,0.0,0.0,0.0,0.0,0.0,0.0,0.0,0.0,0.0,0.0,0.0,0.0,0.0,0.0,0.0,0.0,0.0,0.0,0.0,0.0,0.0,0.0,0.0,0.0,0.0,0.0,0.0,0.0,0.0,0.0,0.0,0.0,0.0
2026-02-04T15:30:22.419855,2254.3,0.0,27,123.5,234.1,2,6.3,5.6,8.3,4.9,5.0,5.6,7.0,5.6,7.8,4.9,8.9,4.9,7.0,5.6,8.3,4.9,7.0,4.9,7.1,4.9,7.7,6.3,7.0,4.9,3.5,4.2,7.0,7.0,8.5,5.6,7.0,4.9,5.6,4.9,7.7,4.2,7.7,4.9,5.6,4.9,4.9,4.9,4.9,4.9,7.7,4.9,4.9,5.6,0.0,0.0,0.0,0.0,0.0,0.0,0.0,0.0,0.0,0.0,0.0,0.0,0.0,0.0,0.0,0.0,0.0,0.0,0.0,0.0,0.0,0.0,0.0,0.0,0.0,0.0,0.0,0.0,0.0,0.0,0.0,0.0,0.0,0.0,0.0,0.0,0.0,0.0,0.0,0.0,0.0,0.0,0.0,0.0,0.0,0.0,0.0,0.0
2026-02-04T15:30:24.643103,2256.5,0.0,29,93.3,234.1,2,7.1,4.9,8.5,5.6,7.8,4.9,7.0,5.5,7.0,4.9,7.0,4.2,7.6,4.9,8.5,4.9,7.7,4.9,5.6,5.6,6.3,6.9,5.0,4.9,3.5,4.2,5.7,7.7,5.6,5.6,5.0,7.7,4.9,5.6,6.3,4.9,7.0,4.9,7.0,4.9,7.0,4.9,7.0,4.9,7.0,4.9,7.0,5.6,0.0,0.0,0.0,0.0,0.0,0.0,0.0,0.0,0.0,0.0,0.0,0.0,0.0,0.0,0.0,0.0,0.0,0.0,0.0,0.0,0.0,0.0,0.0,0.0,0.0,0.0,0.0,0.0,0.0,0.0,0.0,0.0,0.0,0.0,0.0,0.0,0.0,0.0,0.0,0.0,0.0,0.0,0.0,0.0,0.0,0.0,0.0,0.0
2026-02-04T15:30:26.867323,2258.8,0.0,26,92.5,234.1,2,7.7,4.9,8.5,4.9,6.4,4.9,7.1,4.5,7.0,4.9,6.7,4.9,6.5,4.9,7.1,4.9,6.9,4.9,7.7,4.9,7.0,4.9,7.7,5.6,4.2,4.9,7.0,6.3,6.3,4.9,5.6,4.9,5.6,7.0,4.9,5.6,4.9,5.6,5.6,5.6,4.9,4.9,4.2,5.6,4.9,7.0,7.0,4.9,0.0,0.0,0.0,0.0,0.0,0.0,0.0,0.0,0.0,0.0,0.0,0.0,0.0,0.0,0.0,0.0,0.0,0.0,0.0,0.0,0.0,0.0,0.0,0.0,0.0,0.0,0.0,0.0,0.0,0.0,0.0,0.0,0.0,0.0,0.0,0.0,0.0,0.0,0.0,0.0,0.0,0.0,0.0,0.0,0.0,0.0,0.0,0.0
2026-02-04T15:30:29.092012,2261.0,2.8,30,123.2,234.1,2,7.0,5.0,11.0,4.9,7.0,4.9,7.0,4.9,7.0,5.6,8.5,4.9,7.0,4.9,7.7,4.9,7.0,4.9,7.0,4.9,7.0,5.0,6.3,6.3,5.6,4.2,7.7,7.0,6.3,4.9,5.6,5.6,5.6,5.7,4.9,5.6,4.9,5.6,5.6,5.6,4.9,5.6,4.9,5.0,4.9,7.0,7.0,6.3,0.0,0.0,0.0,0.0,0.0,0.0,0.0,0.0,0.0,0.0,0.0,0.0,0.0,0.0,0.0,0.0,0.0,0.0,0.0,0.0,0.0,0.0,0.0,0.0,0.0,0.0,0.0,0.0,0.0,0.0,0.0,0.0,0.0,0.0,0.0,0.0,0.0,0.0,0.0,0.0,0.0,0.0,0.0,0.0,0.0,0.0,0.0,0.0
2026-02-04T15:30:31.318293,2263.2,83.3,19,186.1,234.2,2,6.9,4.2,10.4,4.2,6.9,4.2,4.2,4.2,4.2,4.2,4.9,4.2,4.2,4.2,5.6,6.2,4.9,4.2,4.2,4.2,6.9,4.2,7.0,4.2,6.2,3.5,4.2,5.6,8.3,4.2,7.6,4.2,6.9,4.2,6.2,4.2,6.9,4.2,6.9,4.2,7.7,4.2,6.9,4.2,6.9,4.2,6.9,4.2,0.0,0.0,0.0,0.0,0.0,0.0,0.0,0.0,0.0,0.0,0.0,0.0,0.0,0.0,0.0,0.0,0.0,0.0,0.0,0.0,0.0,0.0,0.0,0.0,0.0,0.0,0.0,0.0,0.0,0.0,0.0,0.0,0.0,0.0,0.0,0.0,0.0,0.0,0.0,0.0,0.0,0.0,0.0,0.0,0.0,0.0,0.0,0.0
2026-02-04T15:30:33.539050,2265.4,15.0,1,11753.8,222.2,2,3.5,2.1,6.2,2.8,3.5,0.7,3.5,0.8,3.5,1.4,4.2,0.7,3.5,1.4,4.2,0.7,2.8,1.4,3.5,1.4,2.8,0.7,2.8,0.7,2.1,0.7,2.8,3.5,3.5,0.7,3.5,0.7,2.8,0.7,1.4,0.7,1.4,0.7,0.7,0.7,1.4,0.7,0.7,0.7,1.4,0.7,0.7,0.7,0.0,0.0,0.0,0.0,0.0,0.0,0.0,0.0,0.0,0.0,0.0,0.0,0.0,0.0,0.0,0.0,0.0,0.0,0.0,0.0,0.0,0.0,0.0,0.0,0.0,0.0,0.0,0.0,0.0,0.0,0.0,0.0,0.0,0.0,0.0,0.0,0.0,0.0,0.0,0.0,0.0,0.0,0.0,0.0,0.0,0.0,0.0,0.0
2026-02-04T15:30:35.760112,2267.7,1.0,9,9830.3,222.2,2,5.0,4.9,10.2,5.0,8.6,4.9,5.0,4.5,5.7,4.9,5.8,8.2,5.0,4.9,5.7,4.9,5.7,4.9,5.0,4.9,5.0,4.9,5.0,5.6,3.6,3.5,5.0,4.2,6.4,4.9,5.0,4.9,4.3,4.9,5.0,5.0,5.0,4.9,5.0,4.9,5.0,5.0,5.0,5.0,4.9,4.9,4.9,4.9,0.0,0.0,0.0,0.0,0.0,0.0,0.0,0.0,0.0,0.0,0.0,0.0,0.0,0.0,0.0,0.0,0.0,0.0,0.0,0.0,0.0,0.0,0.0,0.0,0.0,0.0,0.0,0.0,0.0,0.0,0.0,0.0,0.0,0.0,0.0,0.0,0.0,0.0,0.0,0.0,0.0,0.0,0.0,0.0,0.0,0.0,0.0,0.0
2026-02-04T15:30:38.013141,2269.9,0.3,38,5595.4,200.2,2,4.9,4.9,10.3,11.5,6.2,5.7,7.0,12.9,7.0,6.5,8.0,3.5,7.0,11.5,8.4,4.9,4.9,11.5,5.6,11.5,12.9,11.5,4.9,5.7,8.1,9.8,4.9,7.0,4.9,13.8,7.0,16.4,16.4,5.0,16.9,9.8,16.4,6.6,12.9,12.9,7.0,11.5,16.4,4.9,7.1,11.5,16.4,6.3,0.0,0.0,0.0,0.0,0.0,0.0,0.0,0.0,0.0,0.0,0.0,0.0,0.0,0.0,0.0,0.0,0.0,0.0,0.0,0.0,0.0,0.0,0.0,0.0,0.0,0.0,0.0,0.0,0.0,0.0,0.0,0.0,0.0,0.0,0.0,0.0,0.0,0.0,0.0,0.0,0.0,0.0,0.0,0.0,0.0,0.0,0.0,0.0
2026-02-04T15:30:40.235872,2272.1,0.0,20,92.5,234.2,2,4.8,5.6,10.3,3.5,4.8,6.3,5.6,3.1,4.9,4.3,8.0,5.6,7.6,3.1,7.7,6.2,7.6,3.1,7.6,3.1,4.9,3.1,6.9,4.9,3.6,2.2,7.6,6.9,6.9,3.2,6.9,3.1,4.4,6.2,4.5,2.7,4.4,3.9,4.5,3.1,7.0,3.1,3.5,4.9,5.6,3.1,3.1,6.9,0.0,0.0,0.0,0.0,0.0,0.0,0.0,0.0,0.0,0.0,0.0,0.0,0.0,0.0,0.0,0.0,0.0,0.0,0.0,0.0,0.0,0.0,0.0,0.0,0.0,0.0,0.0,0.0,0.0,0.0,0.0,0.0,0.0,0.0,0.0,0.0,0.0,0.0,0.0,0.0,0.0,0.0,0.0,0.0,0.0,0.0,0.0,0.0
2026-02-04T15:30:42.458389,2274.4,0.0,32,92.4,234.2,2,7.0,6.2,18.0,5.0,7.0,4.9,7.7,5.0,7.0,4.9,7.7,4.3,7.0,5.6,7.7,4.9,7.0,4.9,7.0,5.6,7.0,5.6,5.6,7.6,3.5,3.5,5.0,7.0,5.6,5.6,5.6,5.6,4.9,5.6,5.6,4.9,5.6,5.6,7.0,4.9,7.0,6.3,7.0,4.9,7.0,4.9,7.0,4.9,0.0,0.0,0.0,0.0,0.0,0.0,0.0,0.0,0.0,0.0,0.0,0.0,0.0,0.0,0.0,0.0,0.0,0.0,0.0,0.0,0.0,0.0,0.0,0.0,0.0,0.0,0.0,0.0,0.0,0.0,0.0,0.0,0.0,0.0,0.0,0.0,0.0,0.0,0.0,0.0,0.0,0.0,0.0,0.0,0.0,0.0,0.0,0.0
2026-02-04T15:30:44.680556,2276.6,1.9,32,93.2,234.2,2,7.0,5.6,18.4,4.9,5.7,4.9,5.6,22.9,5.6,5.6,5.6,4.9,4.9,10.6,9.1,7.7,5.6,5.6,5.6,7.7,7.7,4.9,7.7,5.6,4.9,4.9,7.0,6.3,7.0,4.9,7.0,4.9,7.0,4.9,7.0,4.9,7.0,4.9,7.0,4.9,7.0,4.9,7.0,5.6,7.0,4.2,7.0,4.9,0.0,0.0,0.0,0.0,0.0,0.0,0.0,0.0,0.0,0.0,0.0,0.0,0.0,0.0,0.0,0.0,0.0,0.0,0.0,0.0,0.0,0.0,0.0,0.0,0.0,0.0,0.0,0.0,0.0,0.0,0.0,0.0,0.0,0.0,0.0,0.0,0.0,0.0,0.0,0.0,0.0,0.0,0.0,0.0,0.0,0.0,0.0,0.0
2026-02-04T15:30:46.906775,2278.8,1.0,35,93.0,234.2,2,7.0,12.7,25.3,4.9,7.6,5.6,7.7,2.8,8.4,4.9,7.8,6.4,9.4,3.2,6.9,4.9,7.0,4.9,7.0,4.9,7.0,4.9,7.0,4.9,7.0,4.2,7.7,6.3,6.2,6.3,5.6,6.3,7.0,6.3,6.3,4.2,7.7,5.6,7.0,4.9,5.6,5.6,4.9,5.6,5.6,5.6,10.6,7.0,0.0,0.0,0.0,0.0,0.0,0.0,0.0,0.0,0.0,0.0,0.0,0.0,0.0,0.0,0.0,0.0,0.0,0.0,0.0,0.0,0.0,0.0,0.0,0.0,0.0,0.0,0.0,0.0,0.0,0.0,0.0,0.0,0.0,0.0,0.0,0.0,0.0,0.0,0.0,0.0,0.0,0.0,0.0,0.0,0.0,0.0,0.0,0.0
2026-02-04T15:30:49.131082,2281.0,0.6,23,92.9,234.2,2,5.0,7.0,19.2,4.9,7.0,4.9,7.0,4.9,7.0,4.9,7.5,6.2,5.6,4.9,8.5,4.9,7.7,5.0,7.0,4.9,7.0,4.9,7.1,4.9,6.3,2.8,7.1,5.6,7.1,5.0,7.1,4.9,5.6,5.6,5.6,5.0,5.0,4.9,4.9,4.9,5.6,4.9,4.9,4.9,4.9,4.9,5.6,4.9,0.0,0.0,0.0,0.0,0.0,0.0,0.0,0.0,0.0,0.0,0.0,0.0,0.0,0.0,0.0,0.0,0.0,0.0,0.0,0.0,0.0,0.0,0.0,0.0,0.0,0.0,0.0,0.0,0.0,0.0,0.0,0.0,0.0,0.0,0.0,0.0,0.0,0.0,0.0,0.0,0.0,0.0,0.0,0.0,0.0,0.0,0.0,0.0
2026-02-04T15:30:51.355056,2283.3,0.7,26,123.5,234.2,2,5.6,6.3,17.8,5.6,4.9,4.9,4.9,7.0,7.0,4.9,6.7,3.7,7.0,4.9,7.1,4.2,7.0,4.9,7.0,4.2,7.0,4.9,7.7,4.9,4.9,4.9,7.0,7.7,7.0,4.9,6.3,4.9,6.3,6.3,7.0,4.9,6.3,4.9,4.9,4.9,5.6,5.6,4.9,5.6,5.0,5.6,4.9,7.0,0.0,0.0,0.0,0.0,0.0,0.0,0.0,0.0,0.0,0.0,0.0,0.0,0.0,0.0,0.0,0.0,0.0,0.0,0.0,0.0,0.0,0.0,0.0,0.0,0.0,0.0,0.0,0.0,0.0,0.0,0.0,0.0,0.0,0.0,0.0,0.0,0.0,0.0,0.0,0.0,0.0,0.0,0.0,0.0,0.0,0.0,0.0,0.0
2026-02-04T15:30:53.578631,2285.5,0.0,25,93.1,234.2,2,6.3,4.9,17.9,4.9,7.0,4.9,7.8,6.0,5.6,4.9,7.7,5.6,7.0,4.9,5.6,7.0,7.7,4.9,7.7,4.9,5.6,4.9,6.3,4.9,2.1,4.2,4.9,7.0,4.9,4.9,4.9,4.9,4.9,5.6,4.9,7.0,7.0,4.9,7.0,4.9,7.0,5.7,7.0,4.9,7.6,4.9,7.0,4.9,0.0,0.0,0.0,0.0,0.0,0.0,0.0,0.0,0.0,0.0,0.0,0.0,0.0,0.0,0.0,0.0,0.0,0.0,0.0,0.0,0.0,0.0,0.0,0.0,0.0,0.0,0.0,0.0,0.0,0.0,0.0,0.0,0.0,0.0,0.0,0.0,0.0,0.0,0.0,0.0,0.0,0.0,0.0,0.0,0.0,0.0,0.0,0.0
2026-02-04T15:30:55.801158,2287.7,0.0,36,93.1,234.2,2,6.9,5.6,21.1,6.4,5.6,5.6,7.0,4.1,5.6,4.9,5.1,5.0,7.7,6.5,5.6,7.7,5.6,5.6,7.0,5.6,7.7,4.9,7.7,4.9,6.3,4.9,7.7,7.0,7.7,5.6,7.7,4.9,7.7,4.3,8.5,5.6,7.7,5.6,5.6,11.2,8.4,4.9,7.0,5.7,5.0,4.9,7.0,5.0,0.0,0.0,0.0,0.0,0.0,0.0,0.0,0.0,0.0,0.0,0.0,0.0,0.0,0.0,0.0,0.0,0.0,0.0,0.0,0.0,0.0,0.0,0.0,0.0,0.0,0.0,0.0,0.0,0.0,0.0,0.0,0.0,0.0,0.0,0.0,0.0,0.0,0.0,0.0,0.0,0.0,0.0,0.0,0.0,0.0,0.0,0.0,0.0
2026-02-04T15:30:58.023619,2289.9,0.0,30,92.7,234.2,2,5.7,4.9,20.0,5.0,7.0,5.0,8.3,4.9,7.9,4.9,7.7,4.9,7.8,4.4,7.7,4.9,7.7,4.9,7.0,4.9,7.7,5.6,7.7,4.9,5.6,4.2,7.8,6.3,5.6,5.6,5.0,5.6,4.9,4.2,6.2,5.6,4.9,5.6,4.9,5.6,4.9,5.6,8.5,5.6,7.7,7.0,7.7,7.0,0.0,0.0,0.0,0.0,0.0,0.0,0.0,0.0,0.0,0.0,0.0,0.0,0.0,0.0,0.0,0.0,0.0,0.0,0.0,0.0,0.0,0.0,0.0,0.0,0.0,0.0,0.0,0.0,0.0,0.0,0.0,0.0,0.0,0.0,0.0,0.0,0.0,0.0,0.0,0.0,0.0,0.0,0.0,0.0,0.0,0.0,0.0,0.0
2026-02-04T15:31:00.281936,2292.1,1.2,30,93.1,234.2,2,6.3,4.9,19.9,4.9,7.8,5.6,8.5,5.6,7.0,5.6,7.0,4.9,5.6,4.9,10.4,4.9,4.9,5.6,4.9,4.9,5.6,4.9,5.6,6.3,4.9,3.5,7.7,6.3,9.8,4.9,7.0,4.9,7.0,4.9,4.9,5.6,5.6,5.6,5.6,5.6,7.0,5.6,7.7,4.9,6.9,4.9,7.0,4.9,0.0,0.0,0.0,0.0,0.0,0.0,0.0,0.0,0.0,0.0,0.0,0.0,0.0,0.0,0.0,0.0,0.0,0.0,0.0,0.0,0.0,0.0,0.0,0.0,0.0,0.0,0.0,0.0,0.0,0.0,0.0,0.0,0.0,0.0,0.0,0.0,0.0,0.0,0.0,0.0,0.0,0.0,0.0,0.0,0.0,0.0,0.0,0.0
2026-02-04T15:31:02.505686,2294.4,0.3,41,62.0,234.2,2,6.2,4.2,21.6,4.8,7.9,4.9,9.2,4.1,8.3,7.8,9.1,5.5,11.9,8.0,8.3,6.8,7.5,8.0,8.3,7.0,12.0,5.5,8.3,7.1,9.1,5.1,6.2,6.9,7.6,7.1,8.0,7.1,7.0,4.8,5.5,5.7,8.0,6.1,8.1,4.5,7.7,7.0,11.0,4.8,7.7,7.0,12.0,7.0,0.0,0.0,0.0,0.0,0.0,0.0,0.0,0.0,0.0,0.0,0.0,0.0,0.0,0.0,0.0,0.0,0.0,0.0,0.0,0.0,0.0,0.0,0.0,0.0,0.0,0.0,0.0,0.0,0.0,0.0,0.0,0.0,0.0,0.0,0.0,0.0,0.0,0.0,0.0,0.0,0.0,0.0,0.0,0.0,0.0,0.0,0.0,0.0
2026-02-04T15:31:04.730219,2296.6,0.7,24,123.7,234.2,2,7.6,6.3,16.7,4.9,7.5,4.9,6.4,4.9,7.0,3.8,6.5,4.9,5.4,3.7,5.6,3.5,5.7,3.7,4.9,8.6,4.3,7.0,5.6,3.7,3.2,3.7,4.9,8.5,4.9,4.3,5.3,3.7,5.3,4.9,7.0,3.8,5.3,3.7,5.3,4.5,5.5,3.7,5.3,6.3,7.0,3.7,5.3,4.8,0.0,0.0,0.0,0.0,0.0,0.0,0.0,0.0,0.0,0.0,0.0,0.0,0.0,0.0,0.0,0.0,0.0,0.0,0.0,0.0,0.0,0.0,0.0,0.0,0.0,0.0,0.0,0.0,0.0,0.0,0.0,0.0,0.0,0.0,0.0,0.0,0.0,0.0,0.0,0.0,0.0,0.0,0.0,0.0,0.0,0.0,0.0,0.0
2026-02-04T15:31:06.955119,2298.8,0.0,25,92.8,234.2,2,4.9,4.9,14.1,4.9,4.9,4.9,6.3,4.9,4.9,4.9,5.2,7.0,7.0,5.6,7.7,4.9,7.7,4.9,7.0,4.9,7.1,4.9,6.3,4.9,6.3,3.5,7.0,6.3,7.0,4.9,7.0,4.9,7.0,4.2,5.6,4.9,7.0,4.9,7.0,4.9,7.0,5.6,5.6,4.9,6.9,4.9,4.9,5.6,0.0,0.0,0.0,0.0,0.0,0.0,0.0,0.0,0.0,0.0,0.0,0.0,0.0,0.0,0.0,0.0,0.0,0.0,0.0,0.0,0.0,0.0,0.0,0.0,0.0,0.0,0.0,0.0,0.0,0.0,0.0,0.0,0.0,0.0,0.0,0.0,0.0,0.0,0.0,0.0,0.0,0.0,0.0,0.0,0.0,0.0,0.0,0.0
2026-02-04T15:31:09.178597,2301.1,0.0,21,92.7,234.2,2,8.5,4.9,15.5,4.9,6.3,4.9,7.0,5.0,6.3,4.9,6.6,4.9,5.0,4.9,8.5,4.9,6.3,4.9,6.3,4.9,4.9,4.9,4.9,4.9,4.2,4.9,6.3,5.6,7.0,4.9,6.9,4.9,5.6,5.6,4.9,5.6,4.9,4.9,4.9,7.0,7.7,4.9,5.6,4.9,7.0,4.9,7.0,4.9,0.0,0.0,0.0,0.0,0.0,0.0,0.0,0.0,0.0,0.0,0.0,0.0,0.0,0.0,0.0,0.0,0.0,0.0,0.0,0.0,0.0,0.0,0.0,0.0,0.0,0.0,0.0,0.0,0.0,0.0,0.0,0.0,0.0,0.0,0.0,0.0,0.0,0.0,0.0,0.0,0.0,0.0,0.0,0.0,0.0,0.0,0.0,0.0
2026-02-04T15:31:11.402109,2303.3,0.7,22,123.9,234.2,2,6.3,4.9,12.2,4.9,4.9,4.9,4.9,4.9,3.5,4.9,6.2,4.9,4.9,4.9,5.6,4.9,5.6,4.9,7.7,4.9,7.7,5.6,7.7,4.9,7.7,3.5,7.0,6.3,7.7,4.9,7.0,4.9,7.0,4.9,7.0,4.9,7.0,4.9,7.0,4.9,7.0,4.9,7.0,4.9,7.0,4.9,7.0,4.9,0.0,0.0,0.0,0.0,0.0,0.0,0.0,0.0,0.0,0.0,0.0,0.0,0.0,0.0,0.0,0.0,0.0,0.0,0.0,0.0,0.0,0.0,0.0,0.0,0.0,0.0,0.0,0.0,0.0,0.0,0.0,0.0,0.0,0.0,0.0,0.0,0.0,0.0,0.0,0.0,0.0,0.0,0.0,0.0,0.0,0.0,0.0,0.0
2026-02-04T15:31:13.625948,2305.5,1.1,19,93.0,234.2,2,7.0,5.1,10.4,4.9,8.0,4.9,7.8,4.9,6.3,4.9,8.1,4.9,7.0,5.6,8.5,4.9,7.1,4.9,7.0,4.9,7.0,4.9,7.0,4.9,4.9,4.2,7.0,9.0,8.4,4.9,4.9,4.9,4.9,4.9,6.3,4.9,4.9,4.9,4.9,4.9,4.9,4.9,4.9,5.0,4.9,4.9,7.0,4.9,0.0,0.0,0.0,0.0,0.0,0.0,0.0,0.0,0.0,0.0,0.0,0.0,0.0,0.0,0.0,0.0,0.0,0.0,0.0,0.0,0.0,0.0,0.0,0.0,0.0,0.0,0.0,0.0,0.0,0.0,0.0,0.0,0.0,0.0,0.0,0.0,0.0,0.0,0.0,0.0,0.0,0.0,0.0,0.0,0.0,0.0,0.0,0.0
2026-02-04T15:31:15.850654,2307.7,0.0,27,93.0,234.2,2,7.0,5.4,9.0,5.6,4.8,5.0,8.5,4.9,7.0,4.9,6.2,4.9,7.0,4.4,11.9,4.9,5.6,6.2,5.6,6.2,4.9,5.6,4.9,4.9,4.2,5.6,7.0,6.3,7.0,4.9,7.0,4.9,4.9,4.2,5.6,7.0,7.0,4.9,7.0,4.9,7.0,4.9,7.0,4.9,7.0,4.9,7.0,4.9,0.0,0.0,0.0,0.0,0.0,0.0,0.0,0.0,0.0,0.0,0.0,0.0,0.0,0.0,0.0,0.0,0.0,0.0,0.0,0.0,0.0,0.0,0.0,0.0,0.0,0.0,0.0,0.0,0.0,0.0,0.0,0.0,0.0,0.0,0.0,0.0,0.0,0.0,0.0,0.0,0.0,0.0,0.0,0.0,0.0,0.0,0.0,0.0
2026-02-04T15:31:18.075042,2310.0,4.1,31,123.7,234.2,2,6.3,4.9,7.0,5.6,5.6,5.6,7.0,4.9,7.0,4.9,7.7,4.9,7.0,5.6,8.5,4.2,7.1,4.9,7.0,4.9,7.0,5.6,7.0,4.9,6.3,4.2,7.0,6.3,7.0,4.9,7.0,4.9,7.0,5.0,7.1,4.9,7.0,4.9,7.7,4.9,5.6,4.9,5.6,6.9,5.6,5.6,4.9,6.3,0.0,0.0,0.0,0.0,0.0,0.0,0.0,0.0,0.0,0.0,0.0,0.0,0.0,0.0,0.0,0.0,0.0,0.0,0.0,0.0,0.0,0.0,0.0,0.0,0.0,0.0,0.0,0.0,0.0,0.0,0.0,0.0,0.0,0.0,0.0,0.0,0.0,0.0,0.0,0.0,0.0,0.0,0.0,0.0,0.0,0.0,0.0,0.0
2026-02-04T15:31:20.301383,2312.2,63.7,19,185.7,234.2,2,6.2,4.2,8.4,4.2,5.6,4.2,6.3,4.8,6.2,4.2,7.6,4.2,6.2,4.2,6.2,4.2,5.6,4.9,4.9,4.2,4.9,4.2,4.9,4.2,4.2,4.2,4.2,5.6,4.2,4.2,4.2,4.2,6.9,5.5,6.9,4.2,6.2,4.2,6.2,4.2,6.2,4.2,6.2,4.2,6.2,4.2,6.2,4.2,0.0,0.0,0.0,0.0,0.0,0.0,0.0,0.0,0.0,0.0,0.0,0.0,0.0,0.0,0.0,0.0,0.0,0.0,0.0,0.0,0.0,0.0,0.0,0.0,0.0,0.0,0.0,0.0,0.0,0.0,0.0,0.0,0.0,0.0,0.0,0.0,0.0,0.0,0.0,0.0,0.0,0.0,0.0,0.0,0.0,0.0,0.0,0.0
2026-02-04T15:31:22.550589,2314.4,0.3,1,8675.7,222.2,2,0.7,0.7,5.5,0.7,1.4,0.7,0.7,0.7,0.7,0.7,0.7,0.7,0.7,0.7,0.7,1.4,1.4,0.7,1.4,0.7,1.4,0.7,1.4,0.7,1.4,0.7,2.1,3.5,2.1,0.7,1.4,0.7,1.4,0.7,2.8,0.7,2.1,0.7,1.4,0.7,1.4,0.7,1.4,0.7,0.7,0.7,1.4,0.7,0.0,0.0,0.0,0.0,0.0,0.0,0.0,0.0,0.0,0.0,0.0,0.0,0.0,0.0,0.0,0.0,0.0,0.0,0.0,0.0,0.0,0.0,0.0,0.0,0.0,0.0,0.0,0.0,0.0,0.0,0.0,0.0,0.0,0.0,0.0,0.0,0.0,0.0,0.0,0.0,0.0,0.0,0.0,0.0,0.0,0.0,0.0,0.0
2026-02-04T15:31:24.772429,2316.7,0.3,28,4649.8,201.0,2,4.2,4.9,7.6,4.9,4.9,5.6,4.8,5.6,5.6,9.1,5.5,4.9,5.6,8.0,6.2,6.3,7.0,4.9,7.0,4.9,6.3,5.5,6.3,4.9,4.9,4.9,6.3,6.9,6.3,4.9,6.3,4.9,6.3,4.8,7.0,4.9,6.4,4.9,6.3,4.9,6.3,4.9,6.3,4.8,4.9,5.6,6.3,5.6,0.0,0.0,0.0,0.0,0.0,0.0,0.0,0.0,0.0,0.0,0.0,0.0,0.0,0.0,0.0,0.0,0.0,0.0,0.0,0.0,0.0,0.0,0.0,0.0,0.0,0.0,0.0,0.0,0.0,0.0,0.0,0.0,0.0,0.0,0.0,0.0,0.0,0.0,0.0,0.0,0.0,0.0,0.0,0.0,0.0,0.0,0.0,0.0
2026-02-04T15:31:26.996764,2318.9,1.5,24,124.0,234.2,2,7.7,4.9,10.4,4.9,5.6,5.6,4.9,4.9,5.0,4.0,5.6,4.2,4.9,4.0,7.6,7.7,7.7,4.9,7.7,4.9,7.0,5.0,7.7,4.9,5.6,4.9,4.9,6.3,6.2,4.9,4.9,5.6,7.7,4.9,8.4,4.2,8.4,4.9,7.7,4.9,7.7,4.9,7.7,4.9,7.7,4.9,7.7,5.6,0.0,0.0,0.0,0.0,0.0,0.0,0.0,0.0,0.0,0.0,0.0,0.0,0.0,0.0,0.0,0.0,0.0,0.0,0.0,0.0,0.0,0.0,0.0,0.0,0.0,0.0,0.0,0.0,0.0,0.0,0.0,0.0,0.0,0.0,0.0,0.0,0.0,0.0,0.0,0.0,0.0,0.0,0.0,0.0,0.0,0.0,0.0,0.0
2026-02-04T15:31:29.220132,2321.1,0.3,25,92.5,234.2,2,9.0,4.9,13.0,4.9,7.1,5.6,7.7,4.3,6.2,4.9,7.1,4.9,6.3,4.9,5.6,4.9,10.3,4.9,5.0,4.9,5.6,4.9,6.3,4.9,5.6,4.2,7.0,8.3,7.8,4.9,7.7,4.9,7.7,4.9,7.7,4.2,7.7,4.9,7.0,4.9,7.0,4.9,7.0,4.9,7.1,4.9,7.0,4.9,0.0,0.0,0.0,0.0,0.0,0.0,0.0,0.0,0.0,0.0,0.0,0.0,0.0,0.0,0.0,0.0,0.0,0.0,0.0,0.0,0.0,0.0,0.0,0.0,0.0,0.0,0.0,0.0,0.0,0.0,0.0,0.0,0.0,0.0,0.0,0.0,0.0,0.0,0.0,0.0,0.0,0.0,0.0,0.0,0.0,0.0,0.0,0.0
2026-02-04T15:31:31.442369,2323.3,0.0,36,93.2,234.2,2,5.6,7.7,10.3,4.9,5.6,5.6,4.9,5.6,5.0,5.6,7.0,8.2,4.9,8.2,5.6,8.5,5.3,4.9,7.7,4.9,8.5,5.6,6.3,7.7,7.9,4.9,7.7,6.3,8.4,5.6,5.6,7.7,8.5,5.6,8.5,6.3,8.4,4.2,7.7,5.6,8.4,4.9,7.7,4.9,4.9,5.6,5.6,4.9,0.0,0.0,0.0,0.0,0.0,0.0,0.0,0.0,0.0,0.0,0.0,0.0,0.0,0.0,0.0,0.0,0.0,0.0,0.0,0.0,0.0,0.0,0.0,0.0,0.0,0.0,0.0,0.0,0.0,0.0,0.0,0.0,0.0,0.0,0.0,0.0,0.0,0.0,0.0,0.0,0.0,0.0,0.0,0.0,0.0,0.0,0.0,0.0
2026-02-04T15:31:33.665903,2325.6,0.0,27,92.6,234.2,2,7.8,6.3,10.4,4.9,7.0,5.0,7.7,11.2,7.0,4.9,9.4,4.3,7.0,3.7,4.9,6.3,4.9,4.9,7.0,4.2,5.6,4.9,5.6,4.9,4.2,5.6,4.9,6.3,4.9,7.0,6.3,4.9,6.3,4.9,5.6,4.9,4.9,5.6,5.6,7.0,7.0,4.9,7.0,5.6,7.0,4.9,7.0,4.9,0.0,0.0,0.0,0.0,0.0,0.0,0.0,0.0,0.0,0.0,0.0,0.0,0.0,0.0,0.0,0.0,0.0,0.0,0.0,0.0,0.0,0.0,0.0,0.0,0.0,0.0,0.0,0.0,0.0,0.0,0.0,0.0,0.0,0.0,0.0,0.0,0.0,0.0,0.0,0.0,0.0,0.0,0.0,0.0,0.0,0.0,0.0,0.0
2026-02-04T15:31:35.888528,2327.8,0.5,42,123.8,234.2,2,4.9,5.6,13.5,10.9,5.6,4.9,5.7,5.6,7.0,12.5,9.3,11.1,7.8,11.1,7.8,4.9,8.4,11.1,5.6,10.9,17.5,11.1,7.7,12.5,15.9,9.5,7.7,7.6,8.5,11.1,18.8,11.7,17.5,4.9,7.7,11.1,17.5,11.1,12.5,11.7,7.8,11.1,17.5,4.9,7.7,11.1,12.5,4.9,0.0,0.0,0.0,0.0,0.0,0.0,0.0,0.0,0.0,0.0,0.0,0.0,0.0,0.0,0.0,0.0,0.0,0.0,0.0,0.0,0.0,0.0,0.0,0.0,0.0,0.0,0.0,0.0,0.0,0.0,0.0,0.0,0.0,0.0,0.0,0.0,0.0,0.0,0.0,0.0,0.0,0.0,0.0,0.0,0.0,0.0,0.0,0.0
2026-02-04T15:31:38.111472,2330.0,0.0,20,92.5,234.2,2,7.0,4.9,13.7,3.2,7.0,10.5,8.4,5.6,7.0,3.2,8.5,3.2,7.7,3.2,8.4,4.9,7.7,3.2,7.7,3.2,5.0,3.2,5.6,3.2,2.7,2.7,5.6,7.0,7.0,3.2,3.6,3.1,3.6,4.9,5.6,3.6,3.6,3.2,5.4,3.1,6.2,3.2,4.5,4.9,6.3,3.2,5.0,4.9,0.0,0.0,0.0,0.0,0.0,0.0,0.0,0.0,0.0,0.0,0.0,0.0,0.0,0.0,0.0,0.0,0.0,0.0,0.0,0.0,0.0,0.0,0.0,0.0,0.0,0.0,0.0,0.0,0.0,0.0,0.0,0.0,0.0,0.0,0.0,0.0,0.0,0.0,0.0,0.0,0.0,0.0,0.0,0.0,0.0,0.0,0.0,0.0
2026-02-04T15:31:40.335026,2332.2,0.0,21,92.4,234.2,2,7.0,5.0,9.0,5.0,4.2,4.9,5.6,5.6,4.9,4.9,4.2,4.9,4.9,5.0,6.3,4.9,4.3,7.0,7.0,4.9,4.9,4.9,7.0,4.9,5.6,4.2,7.0,7.7,7.7,4.9,7.0,4.9,8.4,4.9,7.0,4.2,7.0,4.9,4.9,7.7,7.0,4.9,7.0,4.9,7.0,4.9,7.0,4.9,0.0,0.0,0.0,0.0,0.0,0.0,0.0,0.0,0.0,0.0,0.0,0.0,0.0,0.0,0.0,0.0,0.0,0.0,0.0,0.0,0.0,0.0,0.0,0.0,0.0,0.0,0.0,0.0,0.0,0.0,0.0,0.0,0.0,0.0,0.0,0.0,0.0,0.0,0.0,0.0,0.0,0.0,0.0,0.0,0.0,0.0,0.0,0.0
2026-02-04T15:31:42.558425,2334.5,0.7,25,123.7,234.2,2,7.7,5.6,12.4,4.9,7.7,4.9,7.7,4.9,8.5,4.9,9.2,5.6,8.5,4.9,9.7,4.9,7.7,4.9,7.7,4.9,7.7,4.9,8.5,4.9,6.3,3.5,7.7,11.9,7.7,4.9,4.9,4.9,4.9,5.6,4.9,4.9,4.9,5.6,4.9,4.9,5.6,4.9,5.6,4.9,4.9,5.6,7.0,7.7,0.0,0.0,0.0,0.0,0.0,0.0,0.0,0.0,0.0,0.0,0.0,0.0,0.0,0.0,0.0,0.0,0.0,0.0,0.0,0.0,0.0,0.0,0.0,0.0,0.0,0.0,0.0,0.0,0.0,0.0,0.0,0.0,0.0,0.0,0.0,0.0,0.0,0.0,0.0,0.0,0.0,0.0,0.0,0.0,0.0,0.0,0.0,0.0
2026-02-04T15:31:44.812975,2336.7,0.3,29,93.0,234.2,2,6.9,4.9,9.1,6.0,5.6,4.9,5.7,4.9,7.0,5.6,4.2,4.9,6.9,5.6,7.1,4.9,7.0,4.9,7.0,4.9,4.9,5.6,4.9,5.6,4.9,4.9,7.0,6.3,7.0,5.6,5.6,4.9,7.7,5.7,8.5,4.9,5.6,5.6,7.7,4.9,7.7,4.9,8.5,5.0,7.8,4.9,7.0,5.0,0.0,0.0,0.0,0.0,0.0,0.0,0.0,0.0,0.0,0.0,0.0,0.0,0.0,0.0,0.0,0.0,0.0,0.0,0.0,0.0,0.0,0.0,0.0,0.0,0.0,0.0,0.0,0.0,0.0,0.0,0.0,0.0,0.0,0.0,0.0,0.0,0.0,0.0,0.0,0.0,0.0,0.0,0.0,0.0,0.0,0.0,0.0,0.0
2026-02-04T15:31:47.038723,2338.9,0.0,22,93.1,234.2,2,4.9,5.5,10.3,4.7,4.1,4.8,5.5,6.9,6.8,4.9,7.6,4.9,5.4,4.9,6.9,4.9,6.8,4.9,6.9,4.9,6.9,4.8,8.4,4.9,4.9,4.2,7.0,8.3,6.9,4.9,6.9,4.8,6.9,4.8,6.9,4.9,6.9,4.9,5.6,4.9,4.9,4.9,4.9,4.8,5.5,4.9,6.2,4.8,0.0,0.0,0.0,0.0,0.0,0.0,0.0,0.0,0.0,0.0,0.0,0.0,0.0,0.0,0.0,0.0,0.0,0.0,0.0,0.0,0.0,0.0,0.0,0.0,0.0,0.0,0.0,0.0,0.0,0.0,0.0,0.0,0.0,0.0,0.0,0.0,0.0,0.0,0.0,0.0,0.0,0.0,0.0,0.0,0.0,0.0,0.0,0.0
2026-02-04T15:31:49.262385,2341.2,1.6,29,123.4,234.2,2,7.0,4.9,10.4,4.9,7.1,4.9,7.0,5.1,7.1,5.1,7.0,4.9,7.0,4.9,7.7,4.9,7.1,4.9,4.9,6.3,4.9,5.6,5.6,5.6,2.1,4.2,5.6,6.3,7.6,4.9,4.9,7.0,4.9,5.6,5.6,7.0,7.0,4.9,7.7,4.9,7.0,4.9,7.0,5.6,7.0,4.9,7.0,4.9,0.0,0.0,0.0,0.0,0.0,0.0,0.0,0.0,0.0,0.0,0.0,0.0,0.0,0.0,0.0,0.0,0.0,0.0,0.0,0.0,0.0,0.0,0.0,0.0,0.0,0.0,0.0,0.0,0.0,0.0,0.0,0.0,0.0,0.0,0.0,0.0,0.0,0.0,0.0,0.0,0.0,0.0,0.0,0.0,0.0,0.0,0.0,0.0
2026-02-04T15:31:51.488371,2343.4,0.3,31,92.4,234.2,2,6.3,4.2,9.8,5.0,7.7,4.2,5.6,4.1,5.6,4.1,6.4,4.2,7.7,4.9,9.2,4.9,7.7,4.2,7.7,4.2,7.6,4.3,7.0,6.3,4.9,4.2,7.7,6.3,7.1,5.6,7.0,7.1,7.7,5.7,7.0,5.6,7.7,4.9,7.7,4.9,7.0,4.9,7.0,5.7,6.3,4.9,5.6,5.6,0.0,0.0,0.0,0.0,0.0,0.0,0.0,0.0,0.0,0.0,0.0,0.0,0.0,0.0,0.0,0.0,0.0,0.0,0.0,0.0,0.0,0.0,0.0,0.0,0.0,0.0,0.0,0.0,0.0,0.0,0.0,0.0,0.0,0.0,0.0,0.0,0.0,0.0,0.0,0.0,0.0,0.0,0.0,0.0,0.0,0.0,0.0,0.0
2026-02-04T15:31:53.712935,2345.6,0.0,22,92.9,234.3,2,4.9,4.9,11.8,5.6,7.0,5.0,8.5,4.9,7.7,4.9,7.0,4.9,7.0,4.9,7.7,4.9,7.0,4.9,7.0,4.9,7.1,4.9,7.0,4.9,5.6,4.2,6.2,7.0,7.0,4.9,6.3,4.9,5.6,4.9,4.9,4.9,4.9,5.6,4.9,4.9,4.9,4.9,7.0,4.9,7.0,4.9,7.0,4.9,0.0,0.0,0.0,0.0,0.0,0.0,0.0,0.0,0.0,0.0,0.0,0.0,0.0,0.0,0.0,0.0,0.0,0.0,0.0,0.0,0.0,0.0,0.0,0.0,0.0,0.0,0.0,0.0,0.0,0.0,0.0,0.0,0.0,0.0,0.0,0.0,0.0,0.0,0.0,0.0,0.0,0.0,0.0,0.0,0.0,0.0,0.0,0.0
2026-02-04T15:31:55.937451,2347.8,0.3,30,93.0,234.3,2,5.6,5.0,8.4,4.9,7.0,4.9,7.0,4.9,7.7,4.9,8.4,4.9,7.7,4.9,7.0,4.9,5.6,4.9,7.0,4.9,5.6,4.9,5.6,4.9,3.5,4.2,5.6,7.0,5.6,7.0,7.7,6.3,7.7,5.7,7.7,5.6,7.7,5.7,7.7,4.9,7.7,4.9,7.0,5.7,7.1,4.9,7.0,4.9,0.0,0.0,0.0,0.0,0.0,0.0,0.0,0.0,0.0,0.0,0.0,0.0,0.0,0.0,0.0,0.0,0.0,0.0,0.0,0.0,0.0,0.0,0.0,0.0,0.0,0.0,0.0,0.0,0.0,0.0,0.0,0.0,0.0,0.0,0.0,0.0,0.0,0.0,0.0,0.0,0.0,0.0,0.0,0.0,0.0,0.0,0.0,0.0
2026-02-04T15:31:58.162823,2350.1,0.3,31,92.7,234.3,2,5.6,4.9,13.2,4.2,8.4,4.9,8.4,4.9,8.4,4.9,9.0,4.9,4.9,5.6,9.2,4.9,5.7,5.6,5.6,4.9,4.9,5.6,5.6,5.6,2.1,5.6,8.5,9.9,8.4,7.7,8.4,7.7,8.5,4.9,8.3,4.9,5.6,4.9,8.4,5.6,8.4,4.9,8.4,4.9,10.3,4.9,6.3,8.4,0.0,0.0,0.0,0.0,0.0,0.0,0.0,0.0,0.0,0.0,0.0,0.0,0.0,0.0,0.0,0.0,0.0,0.0,0.0,0.0,0.0,0.0,0.0,0.0,0.0,0.0,0.0,0.0,0.0,0.0,0.0,0.0,0.0,0.0,0.0,0.0,0.0,0.0,0.0,0.0,0.0,0.0,0.0,0.0,0.0,0.0,0.0,0.0
2026-02-04T15:32:00.388706,2352.3,96.3,30,246.8,234.3,2,8.3,5.6,8.4,5.6,9.0,4.2,7.7,4.9,7.7,4.9,7.3,4.9,7.0,4.2,8.3,4.2,6.9,4.9,7.0,4.9,7.0,4.2,6.3,4.2,4.9,4.2,7.0,6.3,5.6,4.9,5.6,5.6,5.6,4.9,5.7,5.6,7.7,5.7,8.4,4.9,7.7,5.0,7.7,4.9,7.7,4.9,7.7,5.6,0.0,0.0,0.0,0.0,0.0,0.0,0.0,0.0,0.0,0.0,0.0,0.0,0.0,0.0,0.0,0.0,0.0,0.0,0.0,0.0,0.0,0.0,0.0,0.0,0.0,0.0,0.0,0.0,0.0,0.0,0.0,0.0,0.0,0.0,0.0,0.0,0.0,0.0,0.0,0.0,0.0,0.0,0.0,0.0,0.0,0.0,0.0,0.0
2026-02-04T15:32:02.614739,2354.5,26.7,2,3027.7,234.3,2,2.1,1.4,6.2,1.4,2.8,1.4,4.2,1.4,2.8,1.4,3.5,1.4,3.5,1.4,6.3,2.8,2.8,1.4,2.8,1.4,2.8,1.4,2.8,1.4,0.7,2.1,1.4,2.8,2.1,1.4,1.4,2.8,1.4,1.4,1.4,1.4,1.4,1.4,1.4,2.8,2.8,1.4,2.8,1.4,3.5,1.4,2.8,1.4,0.0,0.0,0.0,0.0,0.0,0.0,0.0,0.0,0.0,0.0,0.0,0.0,0.0,0.0,0.0,0.0,0.0,0.0,0.0,0.0,0.0,0.0,0.0,0.0,0.0,0.0,0.0,0.0,0.0,0.0,0.0,0.0,0.0,0.0,0.0,0.0,0.0,0.0,0.0,0.0,0.0,0.0,0.0,0.0,0.0,0.0,0.0,0.0
2026-02-04T15:32:04.837773,2356.7,0.0,3,4239.9,201.7,2,3.5,3.5,6.2,3.5,3.5,3.5,3.5,5.5,3.5,3.5,4.3,3.5,3.5,3.5,5.0,3.5,3.5,3.5,3.5,3.5,3.5,3.5,5.0,3.5,0.7,2.1,3.5,4.9,4.3,3.5,4.3,3.5,2.8,3.5,3.5,3.5,3.5,4.3,3.5,3.5,2.8,3.5,3.5,5.6,3.5,3.5,3.5,3.5,0.0,0.0,0.0,0.0,0.0,0.0,0.0,0.0,0.0,0.0,0.0,0.0,0.0,0.0,0.0,0.0,0.0,0.0,0.0,0.0,0.0,0.0,0.0,0.0,0.0,0.0,0.0,0.0,0.0,0.0,0.0,0.0,0.0,0.0,0.0,0.0,0.0,0.0,0.0,0.0,0.0,0.0,0.0,0.0,0.0,0.0,0.0,0.0
2026-02-04T15:32:07.097664,2359.0,0.3,24,93.2,234.3,2,7.6,4.9,7.0,4.9,7.0,4.9,8.4,3.6,5.6,4.9,8.9,4.9,7.0,6.3,7.0,4.9,7.0,4.9,7.0,4.9,7.0,4.9,7.0,4.9,4.2,4.9,5.6,6.3,7.0,4.9,4.9,6.3,5.6,4.9,5.6,4.9,4.9,6.3,4.9,4.9,4.9,4.9,5.6,7.7,7.0,4.9,7.7,4.9,0.0,0.0,0.0,0.0,0.0,0.0,0.0,0.0,0.0,0.0,0.0,0.0,0.0,0.0,0.0,0.0,0.0,0.0,0.0,0.0,0.0,0.0,0.0,0.0,0.0,0.0,0.0,0.0,0.0,0.0,0.0,0.0,0.0,0.0,0.0,0.0,0.0,0.0,0.0,0.0,0.0,0.0,0.0,0.0,0.0,0.0,0.0,0.0
2026-02-04T15:32:09.320968,2361.2,0.3,44,92.7,234.3,2,5.5,5.6,12.9,12.2,12.5,4.8,6.9,14.3,6.9,6.9,7.6,12.3,5.7,9.8,4.8,6.5,5.5,14.0,6.3,4.9,14.3,15.7,5.6,14.0,9.9,14.0,7.6,8.3,7.5,14.3,22.4,14.0,22.2,12.2,8.2,12.0,20.4,5.5,20.0,14.0,7.6,14.0,20.4,5.5,6.9,14.0,20.0,4.8,0.0,0.0,0.0,0.0,0.0,0.0,0.0,0.0,0.0,0.0,0.0,0.0,0.0,0.0,0.0,0.0,0.0,0.0,0.0,0.0,0.0,0.0,0.0,0.0,0.0,0.0,0.0,0.0,0.0,0.0,0.0,0.0,0.0,0.0,0.0,0.0,0.0,0.0,0.0,0.0,0.0,0.0,0.0,0.0,0.0,0.0,0.0,0.0
2026-02-04T15:32:11.543859,2363.4,0.0,14,123.1,234.3,2,7.1,4.9,10.3,3.0,5.2,6.3,7.0,3.5,6.3,3.8,7.9,3.1,7.8,3.0,7.0,4.7,7.0,3.0,6.3,4.9,4.2,3.0,7.0,3.0,2.7,2.5,4.9,7.6,4.9,3.0,3.0,3.8,3.4,2.9,4.9,3.0,3.0,4.9,3.0,3.0,4.9,4.2,4.2,4.9,7.0,3.0,4.2,4.9,0.0,0.0,0.0,0.0,0.0,0.0,0.0,0.0,0.0,0.0,0.0,0.0,0.0,0.0,0.0,0.0,0.0,0.0,0.0,0.0,0.0,0.0,0.0,0.0,0.0,0.0,0.0,0.0,0.0,0.0,0.0,0.0,0.0,0.0,0.0,0.0,0.0,0.0,0.0,0.0,0.0,0.0,0.0,0.0,0.0,0.0,0.0,0.0
2026-02-04T15:32:13.769359,2365.7,0.0,24,92.6,234.3,2,7.0,4.9,8.5,4.9,6.2,4.9,7.7,4.9,7.1,4.9,5.9,4.9,7.0,5.8,4.9,4.9,5.6,4.9,5.6,4.9,4.9,4.9,5.6,4.9,4.2,6.3,4.9,6.3,6.3,7.7,7.7,4.9,8.5,5.0,7.8,4.9,7.7,5.0,7.7,4.9,7.7,4.9,7.7,5.0,7.8,4.9,7.0,4.9,0.0,0.0,0.0,0.0,0.0,0.0,0.0,0.0,0.0,0.0,0.0,0.0,0.0,0.0,0.0,0.0,0.0,0.0,0.0,0.0,0.0,0.0,0.0,0.0,0.0,0.0,0.0,0.0,0.0,0.0,0.0,0.0,0.0,0.0,0.0,0.0,0.0,0.0,0.0,0.0,0.0,0.0,0.0,0.0,0.0,0.0,0.0,0.0
2026-02-04T15:32:15.992488,2367.9,0.0,28,93.3,234.3,2,5.6,4.9,8.4,4.9,5.7,4.2,5.6,4.9,5.6,4.9,7.9,4.9,7.0,4.8,8.5,4.9,6.9,4.9,7.0,4.9,7.0,4.9,7.1,4.9,6.3,4.2,7.0,5.6,8.5,4.9,7.0,4.9,7.0,4.9,7.0,4.9,7.0,5.6,7.0,4.9,7.0,5.6,4.9,6.9,5.6,5.6,5.6,4.9,0.0,0.0,0.0,0.0,0.0,0.0,0.0,0.0,0.0,0.0,0.0,0.0,0.0,0.0,0.0,0.0,0.0,0.0,0.0,0.0,0.0,0.0,0.0,0.0,0.0,0.0,0.0,0.0,0.0,0.0,0.0,0.0,0.0,0.0,0.0,0.0,0.0,0.0,0.0,0.0,0.0,0.0,0.0,0.0,0.0,0.0,0.0,0.0
2026-02-04T15:32:18.215562,2370.1,0.0,35,124.2,234.3,2,9.1,4.9,9.1,5.7,7.7,4.9,5.6,4.9,4.9,5.7,7.6,6.7,7.7,4.9,7.7,4.9,9.1,5.7,7.7,4.9,8.9,5.7,9.2,5.7,4.2,4.1,4.9,7.7,5.6,5.7,5.7,5.7,5.7,4.9,5.7,5.7,8.9,4.9,7.0,4.9,7.7,5.6,8.9,5.6,8.4,5.7,8.9,7.0,0.0,0.0,0.0,0.0,0.0,0.0,0.0,0.0,0.0,0.0,0.0,0.0,0.0,0.0,0.0,0.0,0.0,0.0,0.0,0.0,0.0,0.0,0.0,0.0,0.0,0.0,0.0,0.0,0.0,0.0,0.0,0.0,0.0,0.0,0.0,0.0,0.0,0.0,0.0,0.0,0.0,0.0,0.0,0.0,0.0,0.0,0.0,0.0
2026-02-04T15:32:20.437916,2372.3,0.7,30,93.1,234.3,2,4.9,5.6,10.3,5.0,4.9,5.7,6.4,5.6,5.7,4.3,5.9,3.9,5.6,5.6,5.6,5.6,5.0,6.2,7.0,5.6,6.2,5.0,7.0,4.3,4.9,3.7,7.0,8.3,7.7,4.3,6.2,4.3,6.2,5.6,6.2,4.3,5.6,4.9,7.0,4.3,7.0,4.4,6.2,5.6,7.0,4.3,6.2,4.9,0.0,0.0,0.0,0.0,0.0,0.0,0.0,0.0,0.0,0.0,0.0,0.0,0.0,0.0,0.0,0.0,0.0,0.0,0.0,0.0,0.0,0.0,0.0,0.0,0.0,0.0,0.0,0.0,0.0,0.0,0.0,0.0,0.0,0.0,0.0,0.0,0.0,0.0,0.0,0.0,0.0,0.0,0.0,0.0,0.0,0.0,0.0,0.0
2026-02-04T15:32:22.660225,2374.6,0.4,29,93.4,234.3,2,8.4,5.6,8.5,4.9,12.0,4.9,9.2,4.9,8.3,4.9,8.1,5.6,7.7,4.9,7.7,4.9,8.5,4.9,8.5,4.9,7.7,4.9,5.6,5.6,5.6,4.9,4.9,8.5,6.2,4.9,4.9,5.6,6.2,5.6,5.6,5.6,4.9,6.3,11.2,4.9,7.7,4.9,7.7,5.0,7.7,4.9,8.3,4.9,0.0,0.0,0.0,0.0,0.0,0.0,0.0,0.0,0.0,0.0,0.0,0.0,0.0,0.0,0.0,0.0,0.0,0.0,0.0,0.0,0.0,0.0,0.0,0.0,0.0,0.0,0.0,0.0,0.0,0.0,0.0,0.0,0.0,0.0,0.0,0.0,0.0,0.0,0.0,0.0,0.0,0.0,0.0,0.0,0.0,0.0,0.0,0.0
2026-02-04T15:32:24.885728,2376.8,0.6,20,92.7,234.3,2,7.0,4.9,11.1,4.9,4.7,4.9,7.7,4.9,6.5,5.6,6.0,4.9,7.7,4.9,5.6,4.9,4.9,4.9,4.9,4.9,4.9,5.6,7.0,4.9,4.2,4.2,4.9,5.6,7.0,4.9,7.0,4.9,7.0,4.9,7.1,4.9,7.0,4.9,7.0,4.9,7.0,4.9,7.0,4.9,7.0,4.9,4.9,4.9,0.0,0.0,0.0,0.0,0.0,0.0,0.0,0.0,0.0,0.0,0.0,0.0,0.0,0.0,0.0,0.0,0.0,0.0,0.0,0.0,0.0,0.0,0.0,0.0,0.0,0.0,0.0,0.0,0.0,0.0,0.0,0.0,0.0,0.0,0.0,0.0,0.0,0.0,0.0,0.0,0.0,0.0,0.0,0.0,0.0,0.0,0.0,0.0
2026-02-04T15:32:27.109317,2379.0,0.7,33,93.4,234.3,2,5.6,5.6,6.3,5.6,4.9,7.7,8.4,4.9,8.5,4.9,5.8,5.6,4.9,7.7,10.5,5.6,7.7,4.9,7.7,4.9,7.7,4.9,7.7,4.9,6.3,4.2,7.7,7.0,7.7,4.9,7.7,4.9,7.7,4.9,4.9,11.3,7.7,6.3,7.7,4.9,5.6,5.6,5.6,5.6,5.6,4.9,5.6,5.6,0.0,0.0,0.0,0.0,0.0,0.0,0.0,0.0,0.0,0.0,0.0,0.0,0.0,0.0,0.0,0.0,0.0,0.0,0.0,0.0,0.0,0.0,0.0,0.0,0.0,0.0,0.0,0.0,0.0,0.0,0.0,0.0,0.0,0.0,0.0,0.0,0.0,0.0,0.0,0.0,0.0,0.0,0.0,0.0,0.0,0.0,0.0,0.0
2026-02-04T15:32:29.364962,2381.2,0.0,23,92.4,234.3,2,7.7,4.9,8.5,4.9,6.3,4.9,7.7,4.9,7.1,4.9,7.1,4.9,7.0,4.9,7.8,4.9,7.0,4.9,7.0,4.9,7.0,4.9,7.0,4.9,4.2,4.9,7.0,7.7,7.0,4.9,4.9,5.6,4.9,4.9,5.6,4.9,4.9,4.9,4.9,5.6,4.9,5.6,5.6,4.9,5.6,5.6,4.9,7.0,0.0,0.0,0.0,0.0,0.0,0.0,0.0,0.0,0.0,0.0,0.0,0.0,0.0,0.0,0.0,0.0,0.0,0.0,0.0,0.0,0.0,0.0,0.0,0.0,0.0,0.0,0.0,0.0,0.0,0.0,0.0,0.0,0.0,0.0,0.0,0.0,0.0,0.0,0.0,0.0,0.0,0.0,0.0,0.0,0.0,0.0,0.0,0.0
2026-02-04T15:32:31.587618,2383.5,0.0,30,123.9,234.3,2,4.9,4.9,9.6,5.6,5.5,5.6,4.9,5.6,4.8,5.6,6.2,5.6,5.6,4.9,8.2,5.6,7.6,5.5,7.6,4.9,7.6,4.9,7.6,4.9,6.3,3.4,7.6,9.0,6.9,4.9,6.9,4.9,7.6,4.9,7.6,4.9,8.2,4.9,7.6,4.2,6.9,4.9,6.9,5.6,6.9,4.9,4.9,5.5,0.0,0.0,0.0,0.0,0.0,0.0,0.0,0.0,0.0,0.0,0.0,0.0,0.0,0.0,0.0,0.0,0.0,0.0,0.0,0.0,0.0,0.0,0.0,0.0,0.0,0.0,0.0,0.0,0.0,0.0,0.0,0.0,0.0,0.0,0.0,0.0,0.0,0.0,0.0,0.0,0.0,0.0,0.0,0.0,0.0,0.0,0.0,0.0
2026-02-04T15:32:33.809794,2385.7,0.0,23,124.2,234.3,2,7.0,4.9,8.4,4.9,7.7,4.9,7.0,4.9,7.0,4.9,6.6,4.9,7.2,4.9,7.0,4.9,7.0,4.9,7.0,4.9,7.0,4.9,8.4,4.9,3.5,4.2,5.7,6.3,8.4,4.9,5.6,7.0,5.6,4.9,5.6,4.9,4.9,4.9,4.9,4.9,6.3,4.9,7.0,4.9,7.0,4.9,7.0,4.9,0.0,0.0,0.0,0.0,0.0,0.0,0.0,0.0,0.0,0.0,0.0,0.0,0.0,0.0,0.0,0.0,0.0,0.0,0.0,0.0,0.0,0.0,0.0,0.0,0.0,0.0,0.0,0.0,0.0,0.0,0.0,0.0,0.0,0.0,0.0,0.0,0.0,0.0,0.0,0.0,0.0,0.0,0.0,0.0,0.0,0.0,0.0,0.0
2026-02-04T15:32:36.032399,2387.9,0.0,21,92.8,234.3,2,7.6,4.9,9.1,5.6,4.9,5.6,8.5,4.9,7.0,4.9,5.6,4.9,4.8,4.9,8.5,4.9,4.9,4.9,4.9,4.9,4.9,7.0,7.0,4.9,4.9,4.2,4.9,11.1,5.7,4.9,4.9,7.0,7.0,4.9,7.0,4.2,7.0,4.9,7.0,4.9,7.0,4.9,7.0,4.9,7.0,4.2,7.0,4.9,0.0,0.0,0.0,0.0,0.0,0.0,0.0,0.0,0.0,0.0,0.0,0.0,0.0,0.0,0.0,0.0,0.0,0.0,0.0,0.0,0.0,0.0,0.0,0.0,0.0,0.0,0.0,0.0,0.0,0.0,0.0,0.0,0.0,0.0,0.0,0.0,0.0,0.0,0.0,0.0,0.0,0.0,0.0,0.0,0.0,0.0,0.0,0.0
2026-02-04T15:32:38.256881,2390.2,60.1,25,154.8,234.3,2,8.5,4.9,9.8,4.9,7.6,4.9,8.3,4.9,7.0,4.9,8.1,4.9,7.6,4.2,7.6,4.9,6.9,4.9,7.7,4.2,6.9,4.9,7.7,4.2,4.9,4.2,5.6,5.6,5.6,5.6,5.6,5.6,4.2,5.0,4.9,6.3,5.6,5.0,4.2,4.9,4.9,4.9,7.6,6.3,7.8,4.2,7.6,5.5,0.0,0.0,0.0,0.0,0.0,0.0,0.0,0.0,0.0,0.0,0.0,0.0,0.0,0.0,0.0,0.0,0.0,0.0,0.0,0.0,0.0,0.0,0.0,0.0,0.0,0.0,0.0,0.0,0.0,0.0,0.0,0.0,0.0,0.0,0.0,0.0,0.0,0.0,0.0,0.0,0.0,0.0,0.0,0.0,0.0,0.0,0.0,0.0
2026-02-04T15:32:40.477908,2392.4,9.3,1,11218.0,222.3,2,1.4,0.0,6.2,0.0,1.4,0.0,1.4,0.0,1.4,0.0,1.4,0.0,1.4,0.0,2.1,0.0,0.0,0.0,0.0,0.0,0.0,0.0,0.7,0.0,0.0,0.0,0.0,2.8,0.0,0.0,1.4,0.0,1.4,0.0,1.4,0.0,1.4,0.0,0.0,0.0,1.4,0.0,1.4,0.7,2.7,0.0,0.0,1.4,0.0,0.0,0.0,0.0,0.0,0.0,0.0,0.0,0.0,0.0,0.0,0.0,0.0,0.0,0.0,0.0,0.0,0.0,0.0,0.0,0.0,0.0,0.0,0.0,0.0,0.0,0.0,0.0,0.0,0.0,0.0,0.0,0.0,0.0,0.0,0.0,0.0,0.0,0.0,0.0,0.0,0.0,0.0,0.0,0.0,0.0,0.0,0.0
2026-02-04T15:32:42.700750,2394.6,0.0,40,2157.0,233.8,2,5.7,5.0,7.0,10.3,5.7,4.9,5.7,5.0,5.7,8.2,5.7,22.2,9.6,4.9,5.7,5.1,5.6,19.4,6.5,22.2,16.3,22.2,4.9,23.5,5.6,19.4,5.7,7.7,4.9,20.0,26.5,20.0,5.7,4.9,15.9,6.7,5.7,5.6,15.6,22.2,5.6,19.4,19.5,4.9,5.7,20.0,15.2,9.2,0.0,0.0,0.0,0.0,0.0,0.0,0.0,0.0,0.0,0.0,0.0,0.0,0.0,0.0,0.0,0.0,0.0,0.0,0.0,0.0,0.0,0.0,0.0,0.0,0.0,0.0,0.0,0.0,0.0,0.0,0.0,0.0,0.0,0.0,0.0,0.0,0.0,0.0,0.0,0.0,0.0,0.0,0.0,0.0,0.0,0.0,0.0,0.0
2026-02-04T15:32:44.923279,2396.8,0.0,21,92.6,234.3,2,6.9,4.9,6.3,3.2,6.2,5.6,7.0,5.6,7.0,3.5,6.5,3.8,3.5,10.5,7.0,4.8,7.1,2.8,5.7,2.8,4.2,2.8,8.5,2.4,3.8,2.0,7.7,7.0,7.0,2.4,4.4,2.4,7.1,5.0,3.8,3.9,7.0,5.0,4.2,2.8,7.1,3.2,4.1,5.7,6.3,3.2,3.4,4.1,0.0,0.0,0.0,0.0,0.0,0.0,0.0,0.0,0.0,0.0,0.0,0.0,0.0,0.0,0.0,0.0,0.0,0.0,0.0,0.0,0.0,0.0,0.0,0.0,0.0,0.0,0.0,0.0,0.0,0.0,0.0,0.0,0.0,0.0,0.0,0.0,0.0,0.0,0.0,0.0,0.0,0.0,0.0,0.0,0.0,0.0,0.0,0.0
2026-02-04T15:32:47.145869,2399.0,0.0,22,92.9,234.3,2,5.6,4.9,11.8,4.9,7.1,5.6,8.3,5.0,7.0,4.9,8.7,3.4,7.1,3.9,11.3,4.9,7.1,4.9,7.0,4.9,7.0,4.9,6.3,4.9,2.8,4.9,4.9,9.1,7.1,4.9,4.9,4.9,4.9,6.9,4.2,4.9,4.9,4.9,4.9,7.0,7.0,4.9,7.0,6.3,7.0,4.9,7.0,4.9,0.0,0.0,0.0,0.0,0.0,0.0,0.0,0.0,0.0,0.0,0.0,0.0,0.0,0.0,0.0,0.0,0.0,0.0,0.0,0.0,0.0,0.0,0.0,0.0,0.0,0.0,0.0,0.0,0.0,0.0,0.0,0.0,0.0,0.0,0.0,0.0,0.0,0.0,0.0,0.0,0.0,0.0,0.0,0.0,0.0,0.0,0.0,0.0
2026-02-04T15:32:49.368683,2401.3,0.6,30,123.1,234.3,2,5.6,5.6,8.4,5.6,7.7,4.9,6.3,4.9,6.3,4.2,5.2,4.9,5.6,4.9,6.9,4.9,4.9,6.3,7.7,4.9,7.0,4.9,7.7,4.9,7.7,2.8,7.7,7.7,7.7,4.9,7.7,4.9,7.0,4.9,7.0,4.9,7.7,4.9,7.7,4.9,7.7,4.9,7.7,5.6,7.7,5.6,7.0,5.6,0.0,0.0,0.0,0.0,0.0,0.0,0.0,0.0,0.0,0.0,0.0,0.0,0.0,0.0,0.0,0.0,0.0,0.0,0.0,0.0,0.0,0.0,0.0,0.0,0.0,0.0,0.0,0.0,0.0,0.0,0.0,0.0,0.0,0.0,0.0,0.0,0.0,0.0,0.0,0.0,0.0,0.0,0.0,0.0,0.0,0.0,0.0,0.0
2026-02-04T15:32:51.623141,2403.5,0.0,40,123.2,234.3,2,6.3,4.9,8.3,5.1,4.9,4.9,5.6,6.3,6.2,6.2,5.3,6.2,7.0,9.8,7.7,7.0,7.8,6.2,8.5,4.9,8.5,6.2,8.4,6.2,5.3,5.4,7.0,5.6,7.0,4.9,8.9,6.2,8.9,6.4,8.9,4.9,8.9,6.4,7.0,6.2,7.1,6.2,8.9,5.0,5.0,6.2,6.2,7.0,0.0,0.0,0.0,0.0,0.0,0.0,0.0,0.0,0.0,0.0,0.0,0.0,0.0,0.0,0.0,0.0,0.0,0.0,0.0,0.0,0.0,0.0,0.0,0.0,0.0,0.0,0.0,0.0,0.0,0.0,0.0,0.0,0.0,0.0,0.0,0.0,0.0,0.0,0.0,0.0,0.0,0.0,0.0,0.0,0.0,0.0,0.0,0.0
2026-02-04T15:32:53.846854,2405.7,0.3,25,92.6,234.3,2,7.6,4.8,10.4,4.7,6.9,4.8,8.3,4.0,6.3,4.0,6.2,4.0,6.2,4.0,6.9,4.9,5.5,4.0,5.5,4.8,5.6,4.0,5.6,4.0,2.9,3.4,5.6,10.3,8.3,4.8,6.3,4.0,6.3,4.8,6.3,4.9,6.3,4.8,7.7,4.0,7.6,4.0,6.3,4.8,5.5,4.0,6.3,5.5,0.0,0.0,0.0,0.0,0.0,0.0,0.0,0.0,0.0,0.0,0.0,0.0,0.0,0.0,0.0,0.0,0.0,0.0,0.0,0.0,0.0,0.0,0.0,0.0,0.0,0.0,0.0,0.0,0.0,0.0,0.0,0.0,0.0,0.0,0.0,0.0,0.0,0.0,0.0,0.0,0.0,0.0,0.0,0.0,0.0,0.0,0.0,0.0
2026-02-04T15:32:56.070946,2408.0,0.0,32,93.1,234.3,2,7.0,4.9,13.1,5.6,7.0,4.9,7.0,4.9,7.8,4.9,7.9,4.9,7.0,4.9,7.0,4.9,7.0,4.9,7.0,4.9,5.6,4.9,6.2,5.6,3.5,4.2,7.7,5.6,8.5,4.9,5.6,4.9,5.6,5.6,6.2,6.2,5.6,5.6,5.6,4.9,7.7,4.9,9.1,6.3,9.1,6.2,9.0,6.3,0.0,0.0,0.0,0.0,0.0,0.0,0.0,0.0,0.0,0.0,0.0,0.0,0.0,0.0,0.0,0.0,0.0,0.0,0.0,0.0,0.0,0.0,0.0,0.0,0.0,0.0,0.0,0.0,0.0,0.0,0.0,0.0,0.0,0.0,0.0,0.0,0.0,0.0,0.0,0.0,0.0,0.0,0.0,0.0,0.0,0.0,0.0,0.0
2026-02-04T15:32:58.295446,2410.2,0.0,25,123.3,234.3,2,7.0,5.0,9.0,4.9,6.9,4.9,6.9,4.9,6.9,4.9,5.2,4.9,5.6,4.9,7.7,4.9,7.0,4.9,7.0,4.9,7.0,5.6,4.9,4.9,2.1,4.9,5.6,9.0,5.6,5.6,4.9,5.6,4.9,4.9,7.0,4.9,7.0,4.9,7.7,5.6,7.0,4.9,7.0,4.9,7.6,4.9,7.0,4.9,0.0,0.0,0.0,0.0,0.0,0.0,0.0,0.0,0.0,0.0,0.0,0.0,0.0,0.0,0.0,0.0,0.0,0.0,0.0,0.0,0.0,0.0,0.0,0.0,0.0,0.0,0.0,0.0,0.0,0.0,0.0,0.0,0.0,0.0,0.0,0.0,0.0,0.0,0.0,0.0,0.0,0.0,0.0,0.0,0.0,0.0,0.0,0.0
2026-02-04T15:33:00.520285,2412.4,1.0,26,92.4,234.3,2,7.1,4.9,11.7,4.9,6.4,4.9,8.5,4.9,7.0,4.9,8.3,5.6,7.0,4.9,9.9,4.9,7.0,4.9,6.3,4.9,7.0,5.6,6.4,5.6,4.9,3.5,4.9,7.0,4.9,5.6,4.9,5.6,4.9,5.6,4.9,7.0,7.0,4.9,7.0,4.9,7.0,4.9,7.0,4.9,7.0,4.9,7.0,4.9,0.0,0.0,0.0,0.0,0.0,0.0,0.0,0.0,0.0,0.0,0.0,0.0,0.0,0.0,0.0,0.0,0.0,0.0,0.0,0.0,0.0,0.0,0.0,0.0,0.0,0.0,0.0,0.0,0.0,0.0,0.0,0.0,0.0,0.0,0.0,0.0,0.0,0.0,0.0,0.0,0.0,0.0,0.0,0.0,0.0,0.0,0.0,0.0
2026-02-04T15:33:02.745329,2414.6,0.3,19,123.2,234.3,2,6.3,4.9,15.1,4.9,7.0,4.9,7.7,4.9,8.5,4.9,7.5,4.9,7.0,4.9,9.8,4.9,7.0,4.9,7.0,4.9,7.0,4.9,7.7,4.9,4.2,4.9,4.9,9.1,5.6,4.9,4.9,6.3,4.9,6.4,4.9,4.2,4.9,5.0,4.9,4.9,4.9,4.9,4.9,7.1,7.1,4.9,6.3,4.9,0.0,0.0,0.0,0.0,0.0,0.0,0.0,0.0,0.0,0.0,0.0,0.0,0.0,0.0,0.0,0.0,0.0,0.0,0.0,0.0,0.0,0.0,0.0,0.0,0.0,0.0,0.0,0.0,0.0,0.0,0.0,0.0,0.0,0.0,0.0,0.0,0.0,0.0,0.0,0.0,0.0,0.0,0.0,0.0,0.0,0.0,0.0,0.0
2026-02-04T15:33:04.970364,2416.9,0.0,27,93.0,234.3,2,5.6,4.2,9.0,7.7,7.6,4.9,7.7,4.9,7.0,4.9,7.9,4.9,7.7,4.9,9.1,4.9,7.7,4.9,7.6,4.2,7.7,4.9,8.4,4.9,5.6,4.9,7.7,5.6,8.5,5.6,7.7,4.9,7.7,5.6,4.9,5.6,4.9,4.9,4.9,4.9,5.6,4.9,4.9,6.2,5.6,5.6,4.9,5.6,0.0,0.0,0.0,0.0,0.0,0.0,0.0,0.0,0.0,0.0,0.0,0.0,0.0,0.0,0.0,0.0,0.0,0.0,0.0,0.0,0.0,0.0,0.0,0.0,0.0,0.0,0.0,0.0,0.0,0.0,0.0,0.0,0.0,0.0,0.0,0.0,0.0,0.0,0.0,0.0,0.0,0.0,0.0,0.0,0.0,0.0,0.0,0.0
2026-02-04T15:33:07.194561,2419.1,0.0,25,93.1,234.3,2,4.9,7.7,11.1,4.9,7.0,5.6,8.5,4.9,5.6,4.9,5.5,7.7,7.7,4.9,7.7,4.9,7.7,4.9,7.8,4.9,7.7,4.9,8.5,4.9,5.6,4.9,7.7,5.6,7.7,4.9,4.9,6.3,4.9,5.0,7.7,4.9,7.7,4.3,5.6,4.9,5.7,4.9,4.9,5.0,7.0,4.9,4.9,6.3,0.0,0.0,0.0,0.0,0.0,0.0,0.0,0.0,0.0,0.0,0.0,0.0,0.0,0.0,0.0,0.0,0.0,0.0,0.0,0.0,0.0,0.0,0.0,0.0,0.0,0.0,0.0,0.0,0.0,0.0,0.0,0.0,0.0,0.0,0.0,0.0,0.0,0.0,0.0,0.0,0.0,0.0,0.0,0.0,0.0,0.0,0.0,0.0
2026-02-04T15:33:09.420608,2421.3,0.0,30,123.3,234.3,2,7.0,4.9,9.0,4.9,7.1,4.9,8.4,4.9,7.0,4.9,8.8,4.9,4.9,8.5,6.9,5.6,5.6,4.9,7.0,5.0,6.3,5.6,6.3,6.3,3.5,4.9,4.9,9.0,6.2,5.6,5.6,6.3,4.9,8.4,7.0,5.6,7.0,4.9,7.0,4.9,7.7,4.9,7.0,6.3,7.0,4.9,7.7,4.9,0.0,0.0,0.0,0.0,0.0,0.0,0.0,0.0,0.0,0.0,0.0,0.0,0.0,0.0,0.0,0.0,0.0,0.0,0.0,0.0,0.0,0.0,0.0,0.0,0.0,0.0,0.0,0.0,0.0,0.0,0.0,0.0,0.0,0.0,0.0,0.0,0.0,0.0,0.0,0.0,0.0,0.0,0.0,0.0,0.0,0.0,0.0,0.0
2026-02-04T15:33:11.645583,2423.5,51.4,27,123.7,234.3,2,5.6,4.9,9.0,4.9,5.6,4.9,6.2,4.9,5.6,4.9,6.7,4.9,6.9,4.9,8.4,4.9,7.0,4.9,6.9,4.9,6.9,4.9,7.0,4.9,6.9,4.9,7.0,4.9,7.0,4.9,6.9,4.9,6.9,4.9,6.9,4.9,6.9,4.9,6.2,4.9,6.2,4.9,5.6,6.9,6.3,5.6,5.6,5.6,0.0,0.0,0.0,0.0,0.0,0.0,0.0,0.0,0.0,0.0,0.0,0.0,0.0,0.0,0.0,0.0,0.0,0.0,0.0,0.0,0.0,0.0,0.0,0.0,0.0,0.0,0.0,0.0,0.0,0.0,0.0,0.0,0.0,0.0,0.0,0.0,0.0,0.0,0.0,0.0,0.0,0.0,0.0,0.0,0.0,0.0,0.0,0.0
2026-02-04T15:33:13.899146,2425.8,41.1,3,464.0,234.3,2,2.8,2.1,7.6,2.8,5.6,1.4,4.9,1.4,4.2,1.4,4.2,2.1,2.1,1.4,2.1,3.5,4.2,2.1,4.2,2.1,4.2,2.1,2.1,2.1,3.5,2.1,1.4,3.5,2.1,2.1,2.8,3.5,2.1,1.4,2.1,2.1,4.9,2.1,4.9,2.1,4.9,1.4,4.9,2.8,6.2,2.1,4.9,3.5,0.0,0.0,0.0,0.0,0.0,0.0,0.0,0.0,0.0,0.0,0.0,0.0,0.0,0.0,0.0,0.0,0.0,0.0,0.0,0.0,0.0,0.0,0.0,0.0,0.0,0.0,0.0,0.0,0.0,0.0,0.0,0.0,0.0,0.0,0.0,0.0,0.0,0.0,0.0,0.0,0.0,0.0,0.0,0.0,0.0,0.0,0.0,0.0
2026-02-04T15:33:16.120658,2428.0,0.0,23,7969.7,222.3,2,2.8,3.5,8.2,15.4,3.5,3.5,3.5,13.9,3.5,13.9,3.5,13.9,2.8,6.4,4.2,3.5,3.5,13.9,4.9,3.5,4.7,13.9,4.2,13.9,13.9,15.4,3.5,4.9,3.5,13.9,15.4,13.5,12.8,3.5,13.9,15.4,13.9,3.5,13.9,13.9,3.5,3.5,13.9,3.5,3.5,13.9,13.9,3.5,0.0,0.0,0.0,0.0,0.0,0.0,0.0,0.0,0.0,0.0,0.0,0.0,0.0,0.0,0.0,0.0,0.0,0.0,0.0,0.0,0.0,0.0,0.0,0.0,0.0,0.0,0.0,0.0,0.0,0.0,0.0,0.0,0.0,0.0,0.0,0.0,0.0,0.0,0.0,0.0,0.0,0.0,0.0,0.0,0.0,0.0,0.0,0.0
2026-02-04T15:33:18.343262,2430.2,1.0,18,92.7,234.3,2,5.0,5.6,11.6,2.9,5.6,4.9,6.3,2.8,5.1,3.2,5.6,2.8,4.9,3.7,7.7,7.0,4.9,2.8,4.9,4.9,9.5,4.0,7.1,2.8,2.4,2.4,7.0,6.3,7.7,2.8,4.5,2.8,3.7,4.9,3.6,2.9,3.6,5.6,3.6,2.8,6.3,5.0,3.6,5.6,7.0,2.8,2.8,6.2,0.0,0.0,0.0,0.0,0.0,0.0,0.0,0.0,0.0,0.0,0.0,0.0,0.0,0.0,0.0,0.0,0.0,0.0,0.0,0.0,0.0,0.0,0.0,0.0,0.0,0.0,0.0,0.0,0.0,0.0,0.0,0.0,0.0,0.0,0.0,0.0,0.0,0.0,0.0,0.0,0.0,0.0,0.0,0.0,0.0,0.0,0.0,0.0
2026-02-04T15:33:20.566396,2432.5,0.0,19,92.7,234.3,2,7.0,5.0,9.7,4.9,7.0,5.0,7.0,4.9,6.9,4.9,7.1,4.9,7.0,4.9,7.7,4.9,7.0,4.9,7.0,4.9,4.0,4.9,6.9,4.9,4.9,4.2,7.0,7.7,7.7,4.9,6.3,4.9,4.9,4.9,4.9,4.9,4.9,4.9,4.9,4.9,4.9,5.6,4.9,4.9,6.3,4.9,7.0,7.1,0.0,0.0,0.0,0.0,0.0,0.0,0.0,0.0,0.0,0.0,0.0,0.0,0.0,0.0,0.0,0.0,0.0,0.0,0.0,0.0,0.0,0.0,0.0,0.0,0.0,0.0,0.0,0.0,0.0,0.0,0.0,0.0,0.0,0.0,0.0,0.0,0.0,0.0,0.0,0.0,0.0,0.0,0.0,0.0,0.0,0.0,0.0,0.0
2026-02-04T15:33:22.789291,2434.7,0.6,28,92.8,234.3,2,7.7,4.9,9.8,5.6,7.0,4.9,7.0,4.9,6.3,5.6,7.7,4.2,7.0,4.9,5.6,5.6,6.3,4.9,5.6,4.3,5.6,4.2,5.7,4.2,4.9,4.9,9.2,7.0,10.0,4.9,8.5,4.9,7.0,4.9,7.0,4.2,7.7,4.9,7.7,4.9,8.4,4.9,4.9,4.9,5.6,5.6,7.7,5.6,0.0,0.0,0.0,0.0,0.0,0.0,0.0,0.0,0.0,0.0,0.0,0.0,0.0,0.0,0.0,0.0,0.0,0.0,0.0,0.0,0.0,0.0,0.0,0.0,0.0,0.0,0.0,0.0,0.0,0.0,0.0,0.0,0.0,0.0,0.0,0.0,0.0,0.0,0.0,0.0,0.0,0.0,0.0,0.0,0.0,0.0,0.0,0.0
2026-02-04T15:33:25.012880,2436.9,0.0,42,123.3,234.3,2,5.6,5.6,6.3,7.1,6.3,4.9,5.6,9.8,8.5,6.0,8.5,5.4,7.7,6.0,8.4,5.6,7.7,6.2,7.7,4.9,7.7,6.2,7.7,4.9,6.3,5.4,7.7,7.0,7.1,6.2,7.6,6.2,7.7,4.9,9.8,6.1,10.6,5.6,6.2,6.2,5.0,6.0,6.2,11.3,4.9,6.2,6.2,5.6,0.0,0.0,0.0,0.0,0.0,0.0,0.0,0.0,0.0,0.0,0.0,0.0,0.0,0.0,0.0,0.0,0.0,0.0,0.0,0.0,0.0,0.0,0.0,0.0,0.0,0.0,0.0,0.0,0.0,0.0,0.0,0.0,0.0,0.0,0.0,0.0,0.0,0.0,0.0,0.0,0.0,0.0,0.0,0.0,0.0,0.0,0.0,0.0
2026-02-04T15:33:27.237402,2439.1,0.0,28,93.3,234.3,2,7.0,5.0,11.7,4.1,7.7,4.9,8.4,4.7,7.7,4.2,5.6,4.7,7.7,4.2,7.1,5.6,7.7,4.1,7.7,4.9,7.7,4.1,7.7,4.9,4.9,3.5,5.6,7.7,6.3,4.1,5.6,5.2,5.6,5.6,4.7,5.3,6.4,4.9,6.4,4.1,5.6,4.2,6.4,4.9,8.4,3.5,6.4,6.3,0.0,0.0,0.0,0.0,0.0,0.0,0.0,0.0,0.0,0.0,0.0,0.0,0.0,0.0,0.0,0.0,0.0,0.0,0.0,0.0,0.0,0.0,0.0,0.0,0.0,0.0,0.0,0.0,0.0,0.0,0.0,0.0,0.0,0.0,0.0,0.0,0.0,0.0,0.0,0.0,0.0,0.0,0.0,0.0,0.0,0.0,0.0,0.0
2026-02-04T15:33:29.460778,2441.4,0.0,26,92.7,234.3,2,4.9,4.9,11.6,5.6,5.7,4.9,4.9,5.6,7.0,4.9,4.9,5.6,4.9,5.6,4.9,4.9,7.0,4.9,7.0,4.9,7.0,4.9,7.7,4.9,5.6,3.5,7.0,7.0,7.0,4.9,7.7,4.9,7.0,6.3,7.0,4.9,7.0,4.9,7.0,4.9,7.0,4.9,7.0,4.9,7.0,4.9,7.0,5.7,0.0,0.0,0.0,0.0,0.0,0.0,0.0,0.0,0.0,0.0,0.0,0.0,0.0,0.0,0.0,0.0,0.0,0.0,0.0,0.0,0.0,0.0,0.0,0.0,0.0,0.0,0.0,0.0,0.0,0.0,0.0,0.0,0.0,0.0,0.0,0.0,0.0,0.0,0.0,0.0,0.0,0.0,0.0,0.0,0.0,0.0,0.0,0.0
2026-02-04T15:33:31.683483,2443.6,0.6,25,123.8,234.3,2,11.3,4.9,18.5,4.9,7.7,4.9,7.7,4.9,8.4,4.9,7.6,4.9,7.7,4.9,9.2,4.9,7.7,4.9,7.7,5.6,7.7,4.9,9.2,4.9,4.9,4.2,6.3,6.3,7.7,4.9,6.3,4.9,5.6,5.0,5.6,5.6,4.2,5.0,4.9,4.9,4.9,5.6,8.5,4.9,7.8,4.9,7.7,5.6,0.0,0.0,0.0,0.0,0.0,0.0,0.0,0.0,0.0,0.0,0.0,0.0,0.0,0.0,0.0,0.0,0.0,0.0,0.0,0.0,0.0,0.0,0.0,0.0,0.0,0.0,0.0,0.0,0.0,0.0,0.0,0.0,0.0,0.0,0.0,0.0,0.0,0.0,0.0,0.0,0.0,0.0,0.0,0.0,0.0,0.0,0.0,0.0
2026-02-04T15:33:33.906964,2445.8,1.9,25,93.2,234.3,2,7.0,5.0,23.2,4.9,6.9,5.0,4.9,5.6,4.9,4.9,5.3,4.9,6.0,4.9,5.6,6.3,5.0,4.9,4.9,4.9,4.9,5.6,6.3,7.0,5.6,4.9,7.0,5.6,7.0,4.9,7.6,7.0,7.0,4.9,7.1,4.9,4.9,4.9,4.9,7.0,7.1,4.9,7.0,4.9,6.9,4.9,7.0,6.3,0.0,0.0,0.0,0.0,0.0,0.0,0.0,0.0,0.0,0.0,0.0,0.0,0.0,0.0,0.0,0.0,0.0,0.0,0.0,0.0,0.0,0.0,0.0,0.0,0.0,0.0,0.0,0.0,0.0,0.0,0.0,0.0,0.0,0.0,0.0,0.0,0.0,0.0,0.0,0.0,0.0,0.0,0.0,0.0,0.0,0.0,0.0,0.0
2026-02-04T15:33:36.161775,2448.0,1.3,26,93.3,234.3,2,5.0,5.6,21.1,4.9,8.5,4.9,7.7,4.9,5.6,4.9,8.7,5.6,6.5,4.9,8.5,4.9,8.4,4.9,7.8,4.9,7.7,4.9,7.7,4.9,7.7,3.5,7.7,9.0,7.7,4.9,8.5,4.9,7.7,5.0,7.7,4.9,5.6,5.0,4.9,5.6,4.9,5.6,4.9,5.7,5.7,4.9,5.6,4.0,0.0,0.0,0.0,0.0,0.0,0.0,0.0,0.0,0.0,0.0,0.0,0.0,0.0,0.0,0.0,0.0,0.0,0.0,0.0,0.0,0.0,0.0,0.0,0.0,0.0,0.0,0.0,0.0,0.0,0.0,0.0,0.0,0.0,0.0,0.0,0.0,0.0,0.0,0.0,0.0,0.0,0.0,0.0,0.0,0.0,0.0,0.0,0.0
2026-02-04T15:33:38.384751,2450.3,0.7,28,92.8,234.3,2,7.5,4.9,18.5,4.9,7.6,4.9,7.0,4.9,7.6,4.9,6.2,4.9,6.9,5.6,7.6,4.9,7.6,4.9,5.5,4.9,5.5,4.9,5.6,4.9,4.8,4.2,5.6,5.6,6.2,4.9,5.6,4.9,7.6,6.2,7.6,4.9,5.6,11.1,6.9,4.9,7.6,4.9,7.6,5.6,7.6,4.9,7.6,4.8,0.0,0.0,0.0,0.0,0.0,0.0,0.0,0.0,0.0,0.0,0.0,0.0,0.0,0.0,0.0,0.0,0.0,0.0,0.0,0.0,0.0,0.0,0.0,0.0,0.0,0.0,0.0,0.0,0.0,0.0,0.0,0.0,0.0,0.0,0.0,0.0,0.0,0.0,0.0,0.0,0.0,0.0,0.0,0.0,0.0,0.0,0.0,0.0
2026-02-04T15:33:40.608619,2452.5,0.6,29,92.5,234.3,2,7.7,4.9,20.3,4.9,7.0,5.6,7.0,4.9,7.0,4.9,7.0,4.9,7.0,4.9,7.7,4.9,7.0,4.9,7.0,4.9,5.6,5.6,5.6,5.6,4.9,4.9,4.9,7.0,6.3,5.6,4.9,5.6,5.6,6.3,4.9,5.6,4.9,7.0,7.0,4.9,7.0,5.6,7.0,4.9,8.3,4.9,7.0,4.9,0.0,0.0,0.0,0.0,0.0,0.0,0.0,0.0,0.0,0.0,0.0,0.0,0.0,0.0,0.0,0.0,0.0,0.0,0.0,0.0,0.0,0.0,0.0,0.0,0.0,0.0,0.0,0.0,0.0,0.0,0.0,0.0,0.0,0.0,0.0,0.0,0.0,0.0,0.0,0.0,0.0,0.0,0.0,0.0,0.0,0.0,0.0,0.0
2026-02-04T15:33:42.830947,2454.7,0.3,32,93.0,234.3,2,7.7,4.9,18.7,4.9,7.7,4.9,7.7,4.9,7.7,4.9,7.3,4.9,7.7,4.9,8.4,7.0,7.7,4.9,7.7,5.6,7.7,5.6,7.7,5.6,7.0,4.2,5.6,7.7,5.6,4.9,7.0,7.0,5.6,5.6,5.6,4.9,5.6,4.9,5.6,7.0,7.7,5.0,7.8,4.9,5.7,4.9,5.6,4.9,0.0,0.0,0.0,0.0,0.0,0.0,0.0,0.0,0.0,0.0,0.0,0.0,0.0,0.0,0.0,0.0,0.0,0.0,0.0,0.0,0.0,0.0,0.0,0.0,0.0,0.0,0.0,0.0,0.0,0.0,0.0,0.0,0.0,0.0,0.0,0.0,0.0,0.0,0.0,0.0,0.0,0.0,0.0,0.0,0.0,0.0,0.0,0.0
2026-02-04T15:33:45.050700,2456.9,60.6,5,371.7,233.4,2,4.9,2.8,19.6,2.8,4.9,2.8,4.9,2.8,5.6,2.8,4.2,2.8,5.6,2.8,4.9,2.8,4.9,2.8,2.8,2.8,2.8,2.8,2.8,2.8,2.8,2.8,2.8,6.3,2.8,2.8,5.6,4.9,2.8,2.8,2.8,2.8,4.9,2.8,4.9,2.8,4.9,2.8,4.8,2.8,4.8,2.8,4.9,2.8,0.0,0.0,0.0,0.0,0.0,0.0,0.0,0.0,0.0,0.0,0.0,0.0,0.0,0.0,0.0,0.0,0.0,0.0,0.0,0.0,0.0,0.0,0.0,0.0,0.0,0.0,0.0,0.0,0.0,0.0,0.0,0.0,0.0,0.0,0.0,0.0,0.0,0.0,0.0,0.0,0.0,0.0,0.0,0.0,0.0,0.0,0.0,0.0
2026-02-04T15:33:47.275454,2459.2,0.0,2,5942.2,219.4,2,2.1,2.1,14.1,2.8,2.1,2.1,2.1,2.2,2.1,2.4,2.2,2.1,2.2,2.1,2.1,2.1,1.4,2.1,2.1,2.9,2.1,8.6,2.1,2.1,0.7,1.4,2.1,4.3,2.9,2.9,2.9,2.1,2.9,2.8,2.9,2.2,2.2,2.1,2.1,2.2,2.1,2.1,2.1,2.8,2.8,2.1,2.9,2.1,0.0,0.0,0.0,0.0,0.0,0.0,0.0,0.0,0.0,0.0,0.0,0.0,0.0,0.0,0.0,0.0,0.0,0.0,0.0,0.0,0.0,0.0,0.0,0.0,0.0,0.0,0.0,0.0,0.0,0.0,0.0,0.0,0.0,0.0,0.0,0.0,0.0,0.0,0.0,0.0,0.0,0.0,0.0,0.0,0.0,0.0,0.0,0.0
2026-02-04T15:33:49.498219,2461.4,0.0,43,124.1,234.3,2,7.0,4.9,18.5,10.8,7.0,5.6,7.0,14.6,7.0,6.2,7.8,14.9,8.5,6.1,7.0,5.1,7.0,14.9,7.0,10.8,21.3,14.9,7.0,14.9,11.4,12.5,7.0,5.6,8.0,14.9,7.0,14.9,14.9,5.0,14.9,14.6,14.6,5.0,14.9,14.6,5.0,14.9,16.7,5.6,4.9,14.9,7.0,5.8,0.0,0.0,0.0,0.0,0.0,0.0,0.0,0.0,0.0,0.0,0.0,0.0,0.0,0.0,0.0,0.0,0.0,0.0,0.0,0.0,0.0,0.0,0.0,0.0,0.0,0.0,0.0,0.0,0.0,0.0,0.0,0.0,0.0,0.0,0.0,0.0,0.0,0.0,0.0,0.0,0.0,0.0,0.0,0.0,0.0,0.0,0.0,0.0
2026-02-04T15:33:51.721273,2463.6,0.3,18,92.4,234.3,2,5.6,5.0,20.4,3.2,7.0,4.9,7.0,2.9,7.0,3.7,6.3,2.9,7.0,6.6,6.4,6.8,7.1,2.9,5.6,3.6,4.2,2.9,7.0,2.9,2.9,3.0,4.9,7.7,4.1,3.0,5.6,4.2,2.9,6.9,3.4,4.2,4.2,4.9,4.2,2.9,6.9,3.4,4.2,4.9,7.0,3.4,4.9,4.9,0.0,0.0,0.0,0.0,0.0,0.0,0.0,0.0,0.0,0.0,0.0,0.0,0.0,0.0,0.0,0.0,0.0,0.0,0.0,0.0,0.0,0.0,0.0,0.0,0.0,0.0,0.0,0.0,0.0,0.0,0.0,0.0,0.0,0.0,0.0,0.0,0.0,0.0,0.0,0.0,0.0,0.0,0.0,0.0,0.0,0.0,0.0,0.0
2026-02-04T15:33:53.944447,2465.8,0.6,25,93.2,234.3,2,4.2,4.9,18.0,4.9,5.6,5.6,7.0,4.9,6.3,4.9,8.1,4.9,7.0,3.4,7.7,4.9,7.0,4.9,7.0,4.9,7.0,4.9,8.4,4.9,2.8,4.9,7.0,7.0,7.0,4.9,5.6,7.0,4.9,5.6,4.9,4.9,5.6,4.9,5.6,4.9,4.9,5.6,7.0,4.9,7.7,4.9,6.3,8.3,0.0,0.0,0.0,0.0,0.0,0.0,0.0,0.0,0.0,0.0,0.0,0.0,0.0,0.0,0.0,0.0,0.0,0.0,0.0,0.0,0.0,0.0,0.0,0.0,0.0,0.0,0.0,0.0,0.0,0.0,0.0,0.0,0.0,0.0,0.0,0.0,0.0,0.0,0.0,0.0,0.0,0.0,0.0,0.0,0.0,0.0,0.0,0.0
2026-02-04T15:33:56.166696,2468.1,0.0,33,93.2,234.3,2,8.4,4.9,14.9,4.9,7.1,4.9,7.1,5.6,5.6,4.9,7.6,5.6,7.0,4.9,7.0,4.9,7.0,5.6,7.0,4.9,7.0,5.6,5.6,5.6,4.2,4.9,5.6,7.0,6.3,5.6,5.6,6.3,5.6,4.2,7.0,4.9,7.7,5.6,7.0,4.9,7.0,4.9,7.0,6.3,7.7,4.9,7.0,4.9,0.0,0.0,0.0,0.0,0.0,0.0,0.0,0.0,0.0,0.0,0.0,0.0,0.0,0.0,0.0,0.0,0.0,0.0,0.0,0.0,0.0,0.0,0.0,0.0,0.0,0.0,0.0,0.0,0.0,0.0,0.0,0.0,0.0,0.0,0.0,0.0,0.0,0.0,0.0,0.0,0.0,0.0,0.0,0.0,0.0,0.0,0.0,0.0
2026-02-04T15:33:58.418870,2470.3,0.9,39,124.2,234.3,2,7.7,7.0,9.7,6.1,6.3,4.9,5.6,4.1,5.6,6.1,6.7,3.8,7.0,5.6,9.1,7.0,7.0,5.3,7.7,5.0,8.1,4.6,7.0,4.6,6.8,3.8,7.7,8.5,5.6,6.1,6.3,6.1,7.6,5.6,7.7,5.3,7.6,6.1,7.6,6.1,7.0,5.3,8.3,4.9,7.0,6.1,8.3,4.9,0.0,0.0,0.0,0.0,0.0,0.0,0.0,0.0,0.0,0.0,0.0,0.0,0.0,0.0,0.0,0.0,0.0,0.0,0.0,0.0,0.0,0.0,0.0,0.0,0.0,0.0,0.0,0.0,0.0,0.0,0.0,0.0,0.0,0.0,0.0,0.0,0.0,0.0,0.0,0.0,0.0,0.0,0.0,0.0,0.0,0.0,0.0,0.0
2026-02-04T15:34:00.640736,2472.5,0.4,30,92.7,234.3,2,6.9,4.8,11.0,4.5,6.6,4.8,6.9,4.5,8.8,4.1,7.1,7.8,6.9,5.5,5.6,4.8,7.6,4.5,7.6,4.8,5.3,4.5,6.9,5.1,5.8,3.8,6.9,8.3,4.9,5.2,6.9,4.5,3.8,5.6,5.6,4.5,4.5,5.2,5.1,5.2,4.8,5.1,5.2,13.2,7.0,4.5,7.1,4.9,0.0,0.0,0.0,0.0,0.0,0.0,0.0,0.0,0.0,0.0,0.0,0.0,0.0,0.0,0.0,0.0,0.0,0.0,0.0,0.0,0.0,0.0,0.0,0.0,0.0,0.0,0.0,0.0,0.0,0.0,0.0,0.0,0.0,0.0,0.0,0.0,0.0,0.0,0.0,0.0,0.0,0.0,0.0,0.0,0.0,0.0,0.0,0.0
2026-02-04T15:34:02.863385,2474.8,0.0,27,93.4,234.3,2,7.7,4.9,7.7,4.9,6.7,4.9,7.0,4.9,4.1,5.6,4.9,4.1,4.2,5.6,4.9,6.3,5.6,4.9,5.6,4.9,5.6,4.9,6.3,5.6,5.6,4.9,7.0,7.7,7.7,4.9,7.7,4.9,7.7,5.6,7.7,4.9,7.0,4.9,7.0,4.9,7.0,4.9,7.7,5.6,6.9,4.9,7.0,4.9,0.0,0.0,0.0,0.0,0.0,0.0,0.0,0.0,0.0,0.0,0.0,0.0,0.0,0.0,0.0,0.0,0.0,0.0,0.0,0.0,0.0,0.0,0.0,0.0,0.0,0.0,0.0,0.0,0.0,0.0,0.0,0.0,0.0,0.0,0.0,0.0,0.0,0.0,0.0,0.0,0.0,0.0,0.0,0.0,0.0,0.0,0.0,0.0
2026-02-04T15:34:05.086211,2477.0,0.0,32,93.0,234.3,2,5.6,4.9,10.3,7.7,7.0,5.6,7.7,4.9,7.0,4.9,7.6,4.9,7.0,4.9,9.2,4.9,7.7,4.9,7.0,4.9,7.0,5.6,7.0,5.6,5.6,3.5,7.7,6.3,8.5,5.6,7.0,5.6,7.0,5.6,4.9,5.6,5.6,4.9,5.6,4.9,5.6,4.2,4.9,5.6,5.7,4.2,5.6,4.2,0.0,0.0,0.0,0.0,0.0,0.0,0.0,0.0,0.0,0.0,0.0,0.0,0.0,0.0,0.0,0.0,0.0,0.0,0.0,0.0,0.0,0.0,0.0,0.0,0.0,0.0,0.0,0.0,0.0,0.0,0.0,0.0,0.0,0.0,0.0,0.0,0.0,0.0,0.0,0.0,0.0,0.0,0.0,0.0,0.0,0.0,0.0,0.0
2026-02-04T15:34:07.309262,2479.2,0.0,22,123.7,234.3,2,7.0,4.9,9.0,4.9,4.9,4.9,4.9,4.9,4.9,4.9,5.2,4.9,7.7,4.9,9.9,4.9,7.7,4.9,7.7,4.9,7.7,4.9,7.7,4.9,5.6,4.2,7.7,5.6,6.3,7.0,7.7,4.9,7.7,5.6,7.0,4.9,8.4,4.9,7.0,4.9,4.9,4.9,4.9,4.9,6.9,5.6,4.9,4.9,0.0,0.0,0.0,0.0,0.0,0.0,0.0,0.0,0.0,0.0,0.0,0.0,0.0,0.0,0.0,0.0,0.0,0.0,0.0,0.0,0.0,0.0,0.0,0.0,0.0,0.0,0.0,0.0,0.0,0.0,0.0,0.0,0.0,0.0,0.0,0.0,0.0,0.0,0.0,0.0,0.0,0.0,0.0,0.0,0.0,0.0,0.0,0.0
2026-02-04T15:34:09.531975,2481.4,0.3,30,92.8,234.3,2,5.6,4.9,9.7,4.9,5.6,4.9,5.6,5.6,4.9,5.6,5.3,5.6,7.0,5.6,7.7,4.2,6.3,4.2,7.1,4.9,7.0,4.9,7.0,4.9,6.3,3.5,7.0,6.3,7.7,4.2,4.9,7.0,7.7,4.9,5.6,5.6,7.0,4.9,7.0,4.9,7.7,4.9,4.9,4.9,6.3,7.7,7.0,7.0,0.0,0.0,0.0,0.0,0.0,0.0,0.0,0.0,0.0,0.0,0.0,0.0,0.0,0.0,0.0,0.0,0.0,0.0,0.0,0.0,0.0,0.0,0.0,0.0,0.0,0.0,0.0,0.0,0.0,0.0,0.0,0.0,0.0,0.0,0.0,0.0,0.0,0.0,0.0,0.0,0.0,0.0,0.0,0.0,0.0,0.0,0.0,0.0
2026-02-04T15:34:11.755054,2483.7,1.6,24,92.6,234.3,2,7.7,4.9,11.1,4.9,7.7,4.9,7.7,4.9,7.6,4.9,7.9,4.9,7.7,4.9,9.2,5.6,7.7,4.2,7.7,11.2,7.7,4.9,7.1,4.9,4.2,4.2,4.9,7.0,5.6,5.6,4.9,7.0,4.9,4.9,4.9,5.6,7.7,4.9,7.7,4.9,8.5,4.9,4.9,4.9,7.7,4.9,7.7,4.9,0.0,0.0,0.0,0.0,0.0,0.0,0.0,0.0,0.0,0.0,0.0,0.0,0.0,0.0,0.0,0.0,0.0,0.0,0.0,0.0,0.0,0.0,0.0,0.0,0.0,0.0,0.0,0.0,0.0,0.0,0.0,0.0,0.0,0.0,0.0,0.0,0.0,0.0,0.0,0.0,0.0,0.0,0.0,0.0,0.0,0.0,0.0,0.0
2026-02-04T15:34:13.978838,2485.9,77.9,17,186.3,234.3,2,6.2,3.5,10.3,3.5,6.2,3.5,6.2,3.5,6.3,3.5,6.2,3.5,6.2,3.5,7.6,3.5,6.9,3.5,6.2,3.5,6.2,3.5,6.2,3.5,2.8,4.2,4.1,5.6,4.2,3.5,4.9,3.5,4.2,3.5,4.2,4.2,4.1,3.5,4.2,3.5,4.1,6.2,6.9,3.5,6.3,3.5,6.2,3.4,0.0,0.0,0.0,0.0,0.0,0.0,0.0,0.0,0.0,0.0,0.0,0.0,0.0,0.0,0.0,0.0,0.0,0.0,0.0,0.0,0.0,0.0,0.0,0.0,0.0,0.0,0.0,0.0,0.0,0.0,0.0,0.0,0.0,0.0,0.0,0.0,0.0,0.0,0.0,0.0,0.0,0.0,0.0,0.0,0.0,0.0,0.0,0.0
2026-02-04T15:34:16.201707,2488.1,0.3,0,5930.7,221.1,2,0.7,1.4,3.5,1.4,1.4,2.1,2.1,1.4,2.8,1.4,2.1,1.9,1.4,1.4,1.4,2.1,1.4,1.4,1.4,1.4,1.4,1.4,1.4,1.4,0.7,1.4,1.4,3.5,2.1,1.4,2.9,1.4,1.4,1.4,2.1,1.4,1.4,1.4,1.4,1.4,1.4,1.4,1.4,2.1,1.4,1.4,1.4,1.4,0.0,0.0,0.0,0.0,0.0,0.0,0.0,0.0,0.0,0.0,0.0,0.0,0.0,0.0,0.0,0.0,0.0,0.0,0.0,0.0,0.0,0.0,0.0,0.0,0.0,0.0,0.0,0.0,0.0,0.0,0.0,0.0,0.0,0.0,0.0,0.0,0.0,0.0,0.0,0.0,0.0,0.0,0.0,0.0,0.0,0.0,0.0,0.0
2026-02-04T15:34:18.423640,2490.3,0.0,28,93.4,234.3,2,7.7,4.9,5.6,5.6,4.9,5.6,4.9,5.6,4.9,5.0,5.9,4.0,7.7,4.9,7.7,7.7,5.6,4.9,7.7,6.2,7.7,5.0,8.5,4.9,7.1,2.8,8.5,8.4,4.9,8.5,7.7,7.7,7.7,4.9,7.7,5.0,7.7,4.9,5.6,4.9,5.6,4.9,7.7,4.9,7.7,4.9,7.7,4.9,0.0,0.0,0.0,0.0,0.0,0.0,0.0,0.0,0.0,0.0,0.0,0.0,0.0,0.0,0.0,0.0,0.0,0.0,0.0,0.0,0.0,0.0,0.0,0.0,0.0,0.0,0.0,0.0,0.0,0.0,0.0,0.0,0.0,0.0,0.0,0.0,0.0,0.0,0.0,0.0,0.0,0.0,0.0,0.0,0.0,0.0,0.0,0.0
2026-02-04T15:34:20.678341,2492.5,0.0,24,92.9,234.3,2,5.0,6.3,8.3,5.6,6.3,4.9,6.3,4.9,7.1,4.9,6.7,4.9,6.3,4.9,8.5,4.9,7.1,4.9,6.3,5.0,4.9,5.6,4.9,4.9,3.5,4.9,4.9,7.7,7.7,4.9,7.7,4.9,7.0,5.0,7.1,4.9,6.3,4.9,6.3,4.9,6.4,5.6,6.3,5.0,7.1,4.9,5.6,4.9,0.0,0.0,0.0,0.0,0.0,0.0,0.0,0.0,0.0,0.0,0.0,0.0,0.0,0.0,0.0,0.0,0.0,0.0,0.0,0.0,0.0,0.0,0.0,0.0,0.0,0.0,0.0,0.0,0.0,0.0,0.0,0.0,0.0,0.0,0.0,0.0,0.0,0.0,0.0,0.0,0.0,0.0,0.0,0.0,0.0,0.0,0.0,0.0
2026-02-04T15:34:22.902493,2494.8,0.3,24,123.2,234.3,2,5.5,4.1,10.1,4.9,4.9,4.8,4.9,4.9,4.8,7.0,9.0,4.9,6.9,4.9,8.3,4.9,6.9,4.9,6.9,4.8,7.0,4.9,6.9,4.9,6.3,3.5,6.9,5.6,7.0,4.9,8.3,4.9,7.0,4.9,9.0,4.9,7.0,4.9,7.0,4.9,4.8,5.6,4.9,6.9,4.9,5.6,6.2,6.2,0.0,0.0,0.0,0.0,0.0,0.0,0.0,0.0,0.0,0.0,0.0,0.0,0.0,0.0,0.0,0.0,0.0,0.0,0.0,0.0,0.0,0.0,0.0,0.0,0.0,0.0,0.0,0.0,0.0,0.0,0.0,0.0,0.0,0.0,0.0,0.0,0.0,0.0,0.0,0.0,0.0,0.0,0.0,0.0,0.0,0.0,0.0,0.0
2026-02-04T15:34:25.126161,2497.0,0.7,29,93.1,234.3,2,7.0,4.2,9.7,4.2,6.9,5.0,7.0,4.9,7.0,4.2,9.5,4.2,7.0,4.9,7.7,4.9,7.0,4.9,5.6,5.6,4.9,5.6,8.4,4.9,3.5,4.9,6.3,7.0,6.3,4.9,5.6,4.2,5.6,4.9,6.2,7.0,6.9,4.9,7.0,4.9,7.7,5.5,7.0,5.6,7.0,4.9,7.0,5.6,0.0,0.0,0.0,0.0,0.0,0.0,0.0,0.0,0.0,0.0,0.0,0.0,0.0,0.0,0.0,0.0,0.0,0.0,0.0,0.0,0.0,0.0,0.0,0.0,0.0,0.0,0.0,0.0,0.0,0.0,0.0,0.0,0.0,0.0,0.0,0.0,0.0,0.0,0.0,0.0,0.0,0.0,0.0,0.0,0.0,0.0,0.0,0.0
2026-02-04T15:34:27.351529,2499.2,0.3,23,93.2,234.3,2,7.0,5.0,9.1,4.9,4.9,5.6,4.9,5.6,7.0,4.9,4.9,4.9,4.9,4.9,4.9,4.9,7.0,4.9,7.0,4.9,6.3,4.2,7.7,4.9,6.3,2.8,7.0,7.0,7.0,4.9,4.9,4.9,7.0,6.3,7.0,4.9,7.0,4.9,7.0,4.9,7.0,5.0,7.0,6.3,7.0,4.9,7.6,4.9,0.0,0.0,0.0,0.0,0.0,0.0,0.0,0.0,0.0,0.0,0.0,0.0,0.0,0.0,0.0,0.0,0.0,0.0,0.0,0.0,0.0,0.0,0.0,0.0,0.0,0.0,0.0,0.0,0.0,0.0,0.0,0.0,0.0,0.0,0.0,0.0,0.0,0.0,0.0,0.0,0.0,0.0,0.0,0.0,0.0,0.0,0.0,0.0
2026-02-04T15:34:29.575706,2501.5,0.0,18,123.7,234.3,2,7.1,4.9,10.3,4.9,7.7,4.9,7.7,4.9,7.0,4.9,8.4,4.9,7.0,4.9,9.8,4.9,7.7,4.9,7.0,4.9,7.0,4.9,7.0,4.9,6.3,4.9,4.9,7.0,4.9,4.9,5.6,4.9,4.9,4.2,4.9,4.9,4.9,4.9,4.9,4.9,4.9,4.9,7.0,4.9,7.1,4.9,7.0,4.9,0.0,0.0,0.0,0.0,0.0,0.0,0.0,0.0,0.0,0.0,0.0,0.0,0.0,0.0,0.0,0.0,0.0,0.0,0.0,0.0,0.0,0.0,0.0,0.0,0.0,0.0,0.0,0.0,0.0,0.0,0.0,0.0,0.0,0.0,0.0,0.0,0.0,0.0,0.0,0.0,0.0,0.0,0.0,0.0,0.0,0.0,0.0,0.0
2026-02-04T15:34:31.800838,2503.7,0.0,26,93.3,234.3,2,5.6,3.5,7.7,5.6,8.4,4.3,7.7,4.9,9.0,4.2,6.9,4.9,7.8,4.2,7.8,4.2,6.3,4.9,7.7,4.2,7.0,4.9,7.7,4.2,3.5,6.3,5.6,5.6,7.7,5.6,7.0,7.0,5.6,6.3,8.4,4.2,4.2,4.9,4.2,4.2,5.0,4.9,5.6,4.9,4.2,5.6,6.2,4.9,0.0,0.0,0.0,0.0,0.0,0.0,0.0,0.0,0.0,0.0,0.0,0.0,0.0,0.0,0.0,0.0,0.0,0.0,0.0,0.0,0.0,0.0,0.0,0.0,0.0,0.0,0.0,0.0,0.0,0.0,0.0,0.0,0.0,0.0,0.0,0.0,0.0,0.0,0.0,0.0,0.0,0.0,0.0,0.0,0.0,0.0,0.0,0.0
2026-02-04T15:34:34.024542,2505.9,0.3,22,92.9,234.3,2,5.6,5.6,9.1,4.9,7.0,4.9,7.0,4.9,6.3,4.9,7.8,4.9,7.0,4.9,7.0,4.9,7.0,4.9,7.0,4.9,7.0,4.9,7.7,4.9,7.0,4.2,7.1,8.5,10.6,4.9,7.0,4.9,7.7,5.0,6.4,4.9,6.3,4.9,5.6,5.0,4.9,4.9,4.9,5.0,4.9,4.9,4.9,4.9,0.0,0.0,0.0,0.0,0.0,0.0,0.0,0.0,0.0,0.0,0.0,0.0,0.0,0.0,0.0,0.0,0.0,0.0,0.0,0.0,0.0,0.0,0.0,0.0,0.0,0.0,0.0,0.0,0.0,0.0,0.0,0.0,0.0,0.0,0.0,0.0,0.0,0.0,0.0,0.0,0.0,0.0,0.0,0.0,0.0,0.0,0.0,0.0
2026-02-04T15:34:36.250688,2508.1,0.3,30,93.1,234.3,2,6.3,4.9,8.4,4.9,7.0,4.9,7.0,4.9,7.0,4.9,6.4,5.6,7.7,4.9,7.7,4.9,5.6,4.9,5.6,4.9,5.6,5.6,7.0,4.9,4.9,7.0,5.6,5.6,5.6,12.7,8.5,7.0,7.7,5.6,7.7,4.9,7.7,4.9,7.7,4.9,7.7,4.9,7.7,4.9,8.4,4.9,7.7,4.9,0.0,0.0,0.0,0.0,0.0,0.0,0.0,0.0,0.0,0.0,0.0,0.0,0.0,0.0,0.0,0.0,0.0,0.0,0.0,0.0,0.0,0.0,0.0,0.0,0.0,0.0,0.0,0.0,0.0,0.0,0.0,0.0,0.0,0.0,0.0,0.0,0.0,0.0,0.0,0.0,0.0,0.0,0.0,0.0,0.0,0.0,0.0,0.0
2026-02-04T15:34:38.475573,2510.4,0.6,27,93.0,234.3,2,3.5,4.9,8.3,4.9,5.6,4.9,5.6,4.9,5.6,4.9,5.6,7.0,7.0,4.9,7.7,4.9,7.0,4.9,7.0,4.9,6.3,4.9,7.0,4.9,5.6,4.9,6.3,7.7,6.2,4.9,6.3,4.9,6.3,4.9,6.3,5.6,7.6,4.9,6.3,4.9,6.3,4.9,5.6,5.6,5.0,5.7,4.9,5.6,0.0,0.0,0.0,0.0,0.0,0.0,0.0,0.0,0.0,0.0,0.0,0.0,0.0,0.0,0.0,0.0,0.0,0.0,0.0,0.0,0.0,0.0,0.0,0.0,0.0,0.0,0.0,0.0,0.0,0.0,0.0,0.0,0.0,0.0,0.0,0.0,0.0,0.0,0.0,0.0,0.0,0.0,0.0,0.0,0.0,0.0,0.0,0.0
2026-02-04T15:34:40.707962,2512.6,0.0,33,93.5,234.3,2,7.0,4.9,8.4,4.9,7.0,4.9,7.0,4.9,7.0,5.6,7.5,4.2,7.0,4.9,7.8,4.9,7.0,4.2,7.0,5.6,7.0,4.9,6.3,5.6,5.6,4.2,5.6,7.0,5.6,5.6,6.3,4.9,5.6,5.6,6.3,4.9,5.6,7.0,4.9,7.0,7.0,4.9,7.7,4.9,6.9,5.6,7.0,7.7,0.0,0.0,0.0,0.0,0.0,0.0,0.0,0.0,0.0,0.0,0.0,0.0,0.0,0.0,0.0,0.0,0.0,0.0,0.0,0.0,0.0,0.0,0.0,0.0,0.0,0.0,0.0,0.0,0.0,0.0,0.0,0.0,0.0,0.0,0.0,0.0,0.0,0.0,0.0,0.0,0.0,0.0,0.0,0.0,0.0,0.0,0.0,0.0
2026-02-04T15:34:42.966947,2514.8,67.4,20,185.1,234.3,2,13.2,3.4,9.0,7.5,6.9,4.1,6.9,4.1,4.1,4.8,4.9,4.1,4.1,3.4,4.1,3.4,5.5,3.4,4.1,4.1,6.2,3.4,4.8,3.4,6.2,9.0,6.2,4.9,6.2,3.4,3.4,8.3,6.2,4.1,5.5,3.4,6.2,4.8,6.9,3.4,15.9,3.4,5.5,4.2,6.9,3.4,6.2,4.2,0.0,0.0,0.0,0.0,0.0,0.0,0.0,0.0,0.0,0.0,0.0,0.0,0.0,0.0,0.0,0.0,0.0,0.0,0.0,0.0,0.0,0.0,0.0,0.0,0.0,0.0,0.0,0.0,0.0,0.0,0.0,0.0,0.0,0.0,0.0,0.0,0.0,0.0,0.0,0.0,0.0,0.0,0.0,0.0,0.0,0.0,0.0,0.0
2026-02-04T15:34:45.193135,2517.1,0.3,3,4140.1,199.0,2,4.9,2.1,6.2,2.1,2.1,2.1,2.1,2.1,2.1,2.1,2.8,4.0,2.2,2.8,5.6,2.8,2.8,2.1,3.5,2.1,2.8,2.1,2.8,2.1,2.1,6.2,2.8,4.9,2.8,2.1,2.1,2.1,2.1,2.1,2.8,2.1,2.1,2.1,2.8,2.1,2.1,4.9,2.1,2.1,2.8,2.8,2.1,2.1,0.0,0.0,0.0,0.0,0.0,0.0,0.0,0.0,0.0,0.0,0.0,0.0,0.0,0.0,0.0,0.0,0.0,0.0,0.0,0.0,0.0,0.0,0.0,0.0,0.0,0.0,0.0,0.0,0.0,0.0,0.0,0.0,0.0,0.0,0.0,0.0,0.0,0.0,0.0,0.0,0.0,0.0,0.0,0.0,0.0,0.0,0.0,0.0
2026-02-04T15:34:47.415189,2519.3,2.7,31,93.0,234.3,2,6.2,5.8,8.3,7.9,9.6,5.0,9.1,5.0,8.3,4.9,7.9,5.9,7.2,4.0,7.9,4.9,7.9,5.0,7.7,5.0,7.9,5.0,7.9,5.0,6.2,5.7,7.9,5.6,6.4,5.0,7.9,5.0,7.9,5.6,7.7,5.0,7.9,5.0,6.2,5.0,5.8,5.8,5.0,5.6,5.7,4.9,5.0,5.6,0.0,0.0,0.0,0.0,0.0,0.0,0.0,0.0,0.0,0.0,0.0,0.0,0.0,0.0,0.0,0.0,0.0,0.0,0.0,0.0,0.0,0.0,0.0,0.0,0.0,0.0,0.0,0.0,0.0,0.0,0.0,0.0,0.0,0.0,0.0,0.0,0.0,0.0,0.0,0.0,0.0,0.0,0.0,0.0,0.0,0.0,0.0,0.0
2026-02-04T15:34:49.640141,2521.5,3.0,34,92.9,234.3,2,7.1,4.8,11.2,5.5,9.9,4.8,7.0,4.8,7.9,4.9,6.2,10.7,6.4,7.0,6.8,5.7,6.8,4.8,9.2,4.8,6.2,4.8,6.8,4.8,5.7,4.9,5.5,7.0,4.9,6.2,6.2,4.8,5.5,5.6,7.0,5.5,6.2,4.8,7.1,4.8,6.2,4.8,6.2,6.2,6.9,5.6,5.5,10.6,0.0,0.0,0.0,0.0,0.0,0.0,0.0,0.0,0.0,0.0,0.0,0.0,0.0,0.0,0.0,0.0,0.0,0.0,0.0,0.0,0.0,0.0,0.0,0.0,0.0,0.0,0.0,0.0,0.0,0.0,0.0,0.0,0.0,0.0,0.0,0.0,0.0,0.0,0.0,0.0,0.0,0.0,0.0,0.0,0.0,0.0,0.0,0.0
2026-02-04T15:34:51.869085,2523.8,0.3,38,92.9,234.3,2,7.0,6.8,14.6,7.0,9.2,4.9,5.6,5.0,10.5,5.2,11.1,4.9,7.8,4.9,9.2,7.0,7.8,4.9,7.7,4.9,9.8,4.9,12.7,5.6,7.7,5.6,7.0,7.7,7.7,4.9,8.5,7.0,7.8,5.6,9.9,5.6,7.0,4.9,7.0,6.3,7.7,6.3,5.6,5.6,5.0,5.7,5.6,11.3,0.0,0.0,0.0,0.0,0.0,0.0,0.0,0.0,0.0,0.0,0.0,0.0,0.0,0.0,0.0,0.0,0.0,0.0,0.0,0.0,0.0,0.0,0.0,0.0,0.0,0.0,0.0,0.0,0.0,0.0,0.0,0.0,0.0,0.0,0.0,0.0,0.0,0.0,0.0,0.0,0.0,0.0,0.0,0.0,0.0,0.0,0.0,0.0
2026-02-04T15:34:54.094804,2526.0,0.0,21,92.6,234.3,2,4.9,5.6,7.6,4.9,5.6,4.9,4.9,4.8,4.9,4.7,5.6,4.9,4.9,7.0,7.7,4.9,7.0,4.9,7.0,4.9,7.0,4.9,7.7,4.9,4.9,4.2,7.7,6.3,6.3,4.9,7.0,4.9,6.3,4.9,5.6,5.0,7.0,4.9,7.7,4.9,6.3,4.2,6.2,4.9,4.9,4.9,4.9,7.0,0.0,0.0,0.0,0.0,0.0,0.0,0.0,0.0,0.0,0.0,0.0,0.0,0.0,0.0,0.0,0.0,0.0,0.0,0.0,0.0,0.0,0.0,0.0,0.0,0.0,0.0,0.0,0.0,0.0,0.0,0.0,0.0,0.0,0.0,0.0,0.0,0.0,0.0,0.0,0.0,0.0,0.0,0.0,0.0,0.0,0.0,0.0,0.0
2026-02-04T15:34:56.320089,2528.2,0.0,41,92.5,234.3,2,6.3,4.9,7.7,5.6,5.6,4.9,5.6,5.6,5.7,5.6,7.0,5.6,5.6,6.3,6.4,6.3,5.6,7.9,8.7,4.9,8.7,5.6,7.7,5.6,7.1,3.2,7.0,6.3,7.0,5.0,7.0,4.9,7.9,6.3,7.9,5.6,7.9,5.6,7.9,5.6,7.0,5.6,7.0,4.9,7.0,6.2,7.0,5.6,0.0,0.0,0.0,0.0,0.0,0.0,0.0,0.0,0.0,0.0,0.0,0.0,0.0,0.0,0.0,0.0,0.0,0.0,0.0,0.0,0.0,0.0,0.0,0.0,0.0,0.0,0.0,0.0,0.0,0.0,0.0,0.0,0.0,0.0,0.0,0.0,0.0,0.0,0.0,0.0,0.0,0.0,0.0,0.0,0.0,0.0,0.0,0.0
2026-02-04T15:34:58.548817,2530.4,0.0,26,92.9,234.3,2,7.0,4.9,8.4,4.4,7.7,4.2,8.3,4.4,7.6,3.8,7.7,3.8,8.4,4.4,7.7,4.2,7.0,6.2,6.9,4.9,6.9,4.4,7.7,4.4,6.3,3.8,7.7,7.7,5.6,5.6,6.3,4.9,3.8,5.6,5.0,3.8,5.0,5.0,5.0,5.0,5.6,4.4,5.6,5.6,5.6,7.7,7.7,4.9,0.0,0.0,0.0,0.0,0.0,0.0,0.0,0.0,0.0,0.0,0.0,0.0,0.0,0.0,0.0,0.0,0.0,0.0,0.0,0.0,0.0,0.0,0.0,0.0,0.0,0.0,0.0,0.0,0.0,0.0,0.0,0.0,0.0,0.0,0.0,0.0,0.0,0.0,0.0,0.0,0.0,0.0,0.0,0.0,0.0,0.0,0.0,0.0
2026-02-04T15:35:00.775381,2532.7,2.9,37,93.4,234.3,2,7.7,4.9,13.1,4.9,6.9,5.0,11.0,4.9,4.9,5.6,7.7,7.7,6.3,7.6,8.3,6.9,6.2,6.9,12.5,7.6,9.7,6.9,13.2,6.9,8.3,4.9,10.5,6.3,8.5,6.3,8.4,5.6,7.0,6.3,6.9,5.6,7.7,4.9,8.5,4.9,7.9,4.9,11.3,4.9,6.9,4.9,7.7,5.6,0.0,0.0,0.0,0.0,0.0,0.0,0.0,0.0,0.0,0.0,0.0,0.0,0.0,0.0,0.0,0.0,0.0,0.0,0.0,0.0,0.0,0.0,0.0,0.0,0.0,0.0,0.0,0.0,0.0,0.0,0.0,0.0,0.0,0.0,0.0,0.0,0.0,0.0,0.0,0.0,0.0,0.0,0.0,0.0,0.0,0.0,0.0,0.0
2026-02-04T15:35:03.005840,2534.9,0.3,26,93.3,234.3,2,5.0,4.9,8.3,4.9,5.0,6.9,7.0,5.0,7.7,5.0,7.0,5.6,7.0,5.7,9.9,7.7,7.1,5.0,7.1,5.0,7.0,5.0,10.6,5.0,6.4,2.8,7.7,7.7,7.7,4.9,7.7,4.9,7.7,4.9,7.8,4.9,5.6,4.9,5.6,4.9,5.6,4.9,4.9,5.6,6.3,5.0,4.2,4.9,0.0,0.0,0.0,0.0,0.0,0.0,0.0,0.0,0.0,0.0,0.0,0.0,0.0,0.0,0.0,0.0,0.0,0.0,0.0,0.0,0.0,0.0,0.0,0.0,0.0,0.0,0.0,0.0,0.0,0.0,0.0,0.0,0.0,0.0,0.0,0.0,0.0,0.0,0.0,0.0,0.0,0.0,0.0,0.0,0.0,0.0,0.0,0.0
2026-02-04T15:35:05.262116,2537.1,0.0,19,124.4,234.3,2,6.9,4.9,8.4,4.9,6.9,4.9,7.0,4.9,6.3,4.9,7.7,4.9,7.6,4.9,4.9,5.0,7.0,5.6,4.9,5.6,4.9,4.9,4.9,4.9,3.5,3.5,4.9,8.5,4.9,4.9,4.9,4.9,4.9,7.0,7.0,4.9,7.0,4.9,7.0,4.9,7.0,4.9,7.0,4.2,7.7,4.9,7.0,5.0,0.0,0.0,0.0,0.0,0.0,0.0,0.0,0.0,0.0,0.0,0.0,0.0,0.0,0.0,0.0,0.0,0.0,0.0,0.0,0.0,0.0,0.0,0.0,0.0,0.0,0.0,0.0,0.0,0.0,0.0,0.0,0.0,0.0,0.0,0.0,0.0,0.0,0.0,0.0,0.0,0.0,0.0,0.0,0.0,0.0,0.0,0.0,0.0
2026-02-04T15:35:07.489428,2539.4,0.6,28,92.7,234.3,2,6.2,5.5,10.3,4.8,6.9,4.8,6.2,4.8,4.9,4.9,6.3,5.5,4.9,5.5,4.9,5.5,5.6,4.9,4.8,4.8,4.9,5.5,7.6,4.8,7.6,4.8,7.6,7.6,7.6,4.8,7.6,4.8,7.6,6.2,7.6,4.8,13.8,4.8,7.6,4.8,7.6,4.8,7.6,5.6,7.6,4.8,7.6,5.5,0.0,0.0,0.0,0.0,0.0,0.0,0.0,0.0,0.0,0.0,0.0,0.0,0.0,0.0,0.0,0.0,0.0,0.0,0.0,0.0,0.0,0.0,0.0,0.0,0.0,0.0,0.0,0.0,0.0,0.0,0.0,0.0,0.0,0.0,0.0,0.0,0.0,0.0,0.0,0.0,0.0,0.0,0.0,0.0,0.0,0.0,0.0,0.0
2026-02-04T15:35:09.715687,2541.6,9.1,33,123.8,234.3,2,7.0,5.6,9.0,5.6,4.2,6.4,7.0,4.2,6.3,4.9,7.0,4.9,7.0,4.9,8.5,7.0,7.0,4.9,7.7,4.2,7.0,4.9,7.7,4.9,7.0,4.9,6.3,6.3,7.0,5.6,5.6,5.6,4.9,5.6,5.6,4.9,5.6,5.6,7.0,4.9,7.0,4.9,7.0,6.3,7.7,5.6,7.0,4.9,0.0,0.0,0.0,0.0,0.0,0.0,0.0,0.0,0.0,0.0,0.0,0.0,0.0,0.0,0.0,0.0,0.0,0.0,0.0,0.0,0.0,0.0,0.0,0.0,0.0,0.0,0.0,0.0,0.0,0.0,0.0,0.0,0.0,0.0,0.0,0.0,0.0,0.0,0.0,0.0,0.0,0.0,0.0,0.0,0.0,0.0,0.0,0.0
2026-02-04T15:35:11.941244,2543.8,14.0,2,8796.9,222.3,2,4.2,0.0,10.7,0.0,1.4,0.0,4.2,0.7,2.8,0.0,4.2,0.0,0.7,0.0,3.5,1.4,1.4,0.0,0.7,0.0,0.0,2.1,2.1,0.0,4.9,0.7,9.0,2.1,4.9,0.0,0.0,0.0,2.1,0.7,4.2,0.0,2.1,0.0,2.1,0.0,2.1,0.0,2.1,0.0,2.1,0.0,2.1,0.0,0.0,0.0,0.0,0.0,0.0,0.0,0.0,0.0,0.0,0.0,0.0,0.0,0.0,0.0,0.0,0.0,0.0,0.0,0.0,0.0,0.0,0.0,0.0,0.0,0.0,0.0,0.0,0.0,0.0,0.0,0.0,0.0,0.0,0.0,0.0,0.0,0.0,0.0,0.0,0.0,0.0,0.0,0.0,0.0,0.0,0.0,0.0,0.0
2026-02-04T15:35:14.166601,2546.1,0.0,25,92.6,253.9,2,6.3,4.9,9.0,5.5,5.0,4.2,5.7,4.9,5.7,4.9,8.5,6.3,6.3,3.8,5.6,5.0,4.9,4.9,4.9,5.7,4.9,5.7,5.0,5.6,2.8,5.5,5.7,7.0,5.0,5.6,5.0,5.6,5.7,4.9,5.0,5.6,5.0,4.9,5.7,5.6,5.0,4.9,5.7,4.9,5.0,5.6,5.7,5.6,0.0,0.0,0.0,0.0,0.0,0.0,0.0,0.0,0.0,0.0,0.0,0.0,0.0,0.0,0.0,0.0,0.0,0.0,0.0,0.0,0.0,0.0,0.0,0.0,0.0,0.0,0.0,0.0,0.0,0.0,0.0,0.0,0.0,0.0,0.0,0.0,0.0,0.0,0.0,0.0,0.0,0.0,0.0,0.0,0.0,0.0,0.0,0.0
2026-02-04T15:35:16.340986,2548.3,29.9,48,0.0,188.1,1,56.2,62.1,79.5,53.1,65.3,63.2,67.6,58.3,68.1,60.4,60.1,49.2,68.1,61.8,70.1,60.0,70.1,59.0,69.2,52.1,67.6,52.1,68.8,52.4,68.1,56.2,70.3,58.0,61.8,57.6,67.4,52.8,59.8,58.6,63.9,51.5,64.6,57.6,57.9,49.7,62.5,53.8,63.9,62.9,63.4,48.2,57.1,62.2,0.0,0.0,0.0,0.0,0.0,0.0,0.0,0.0,0.0,0.0,0.0,0.0,0.0,0.0,0.0,0.0,0.0,0.0,0.0,0.0,0.0,0.0,0.0,0.0,0.0,0.0,0.0,0.0,0.0,0.0,0.0,0.0,0.0,0.0,0.0,0.0,0.0,0.0,0.0,0.0,0.0,0.0,0.0,0.0,0.0,0.0,0.0,0.0
2026-02-04T15:35:18.510550,2550.5,2.3,48,0.0,188.1,1,44.3,39.1,63.6,56.1,51.4,44.2,41.7,41.7,43.3,41.0,40.7,40.6,40.3,39.1,42.1,41.3,43.6,39.6,42.1,39.6,42.4,39.3,42.3,39.6,42.4,41.0,43.9,41.4,41.7,41.7,44.4,38.4,39.9,42.1,43.3,42.4,42.9,41.1,42.8,39.6,43.2,40.3,42.4,40.6,40.3,39.9,41.3,41.4,0.0,0.0,0.0,0.0,0.0,0.0,0.0,0.0,0.0,0.0,0.0,0.0,0.0,0.0,0.0,0.0,0.0,0.0,0.0,0.0,0.0,0.0,0.0,0.0,0.0,0.0,0.0,0.0,0.0,0.0,0.0,0.0,0.0,0.0,0.0,0.0,0.0,0.0,0.0,0.0,0.0,0.0,0.0,0.0,0.0,0.0,0.0,0.0
2026-02-04T15:35:20.676663,2552.6,98.3,48,0.0,188.1,1,27.9,24.5,66.2,37.7,33.3,28.8,30.9,24.5,30.2,27.9,28.1,25.7,28.3,25.2,32.4,29.3,26.6,24.6,26.1,27.1,26.6,25.9,28.6,28.6,26.6,25.9,26.6,26.6,25.9,23.7,24.5,25.9,25.7,28.8,26.1,30.9,25.0,25.4,25.9,25.9,26.6,25.2,27.1,25.7,27.5,25.2,26.6,28.3,0.0,0.0,0.0,0.0,0.0,0.0,0.0,0.0,0.0,0.0,0.0,0.0,0.0,0.0,0.0,0.0,0.0,0.0,0.0,0.0,0.0,0.0,0.0,0.0,0.0,0.0,0.0,0.0,0.0,0.0,0.0,0.0,0.0,0.0,0.0,0.0,0.0,0.0,0.0,0.0,0.0,0.0,0.0,0.0,0.0,0.0,0.0,0.0
2026-02-04T15:35:22.844469,2554.8,1.9,48,0.0,188.1,1,15.7,18.8,97.8,13.0,15.1,13.0,14.4,14.2,14.5,14.4,13.8,18.8,15.1,13.0,15.0,11.6,14.5,11.6,13.8,12.3,14.5,11.6,18.1,13.0,14.4,13.7,13.0,14.5,13.8,15.0,13.8,13.7,13.8,13.0,13.8,13.0,14.5,13.0,13.8,12.3,13.0,13.8,15.2,12.9,13.8,13.0,12.9,14.4,0.0,0.0,0.0,0.0,0.0,0.0,0.0,0.0,0.0,0.0,0.0,0.0,0.0,0.0,0.0,0.0,0.0,0.0,0.0,0.0,0.0,0.0,0.0,0.0,0.0,0.0,0.0,0.0,0.0,0.0,0.0,0.0,0.0,0.0,0.0,0.0,0.0,0.0,0.0,0.0,0.0,0.0,0.0,0.0,0.0,0.0,0.0,0.0
2026-02-04T15:35:25.018667,2557.0,2.4,48,0.0,188.1,1,15.2,14.4,57.2,55.0,15.2,14.4,15.8,13.3,15.8,13.7,17.0,14.4,15.6,14.4,14.5,14.5,14.4,12.9,14.3,15.0,16.5,14.5,13.8,13.7,14.3,13.7,14.5,15.1,15.1,14.4,15.8,15.0,15.2,14.4,15.1,13.7,14.3,13.7,15.1,14.4,20.7,13.7,14.4,14.5,13.6,14.4,14.5,14.4,0.0,0.0,0.0,0.0,0.0,0.0,0.0,0.0,0.0,0.0,0.0,0.0,0.0,0.0,0.0,0.0,0.0,0.0,0.0,0.0,0.0,0.0,0.0,0.0,0.0,0.0,0.0,0.0,0.0,0.0,0.0,0.0,0.0,0.0,0.0,0.0,0.0,0.0,0.0,0.0,0.0,0.0,0.0,0.0,0.0,0.0,0.0,0.0
2026-02-04T15:35:27.288417,2559.1,2.4,48,92.7,233.6,2,15.0,13.7,17.5,59.9,15.7,13.7,15.8,14.5,12.9,13.7,15.2,52.9,15.7,13.8,16.5,13.6,16.3,13.7,14.4,13.0,14.3,12.9,13.6,13.8,14.6,13.0,14.3,15.1,14.4,12.9,14.4,12.3,13.8,13.0,14.5,13.0,13.9,12.2,13.8,12.3,15.2,12.3,13.8,13.6,13.7,13.0,15.9,13.7,0.0,0.0,0.0,0.0,0.0,0.0,0.0,0.0,0.0,0.0,0.0,0.0,0.0,0.0,0.0,0.0,0.0,0.0,0.0,0.0,0.0,0.0,0.0,0.0,0.0,0.0,0.0,0.0,0.0,0.0,0.0,0.0,0.0,0.0,0.0,0.0,0.0,0.0,0.0,0.0,0.0,0.0,0.0,0.0,0.0,0.0,0.0,0.0
2026-02-04T15:35:29.512782,2561.4,2.2,48,92.7,221.6,2,15.8,15.2,59.6,51.4,15.8,13.1,16.2,13.0,16.3,16.8,16.1,21.8,13.8,16.5,15.8,13.1,15.2,15.0,18.3,14.4,14.4,14.4,13.7,17.5,15.9,15.8,15.0,17.1,15.2,18.3,17.6,13.7,15.6,17.5,15.5,13.7,19.0,17.5,18.2,17.5,14.6,18.2,16.4,13.0,14.6,13.6,16.7,16.9,0.0,0.0,0.0,0.0,0.0,0.0,0.0,0.0,0.0,0.0,0.0,0.0,0.0,0.0,0.0,0.0,0.0,0.0,0.0,0.0,0.0,0.0,0.0,0.0,0.0,0.0,0.0,0.0,0.0,0.0,0.0,0.0,0.0,0.0,0.0,0.0,0.0,0.0,0.0,0.0,0.0,0.0,0.0,0.0,0.0,0.0,0.0,0.0
2026-02-04T15:35:31.740760,2563.6,1.9,48,93.3,221.6,2,14.6,14.7,14.0,15.7,58.5,13.4,52.1,19.6,15.4,11.9,15.2,15.2,14.9,14.3,13.2,14.0,15.3,12.6,11.7,13.3,12.8,13.3,14.0,11.2,12.0,11.8,13.3,16.1,13.3,11.8,13.4,13.9,14.1,11.2,12.6,14.0,11.3,11.2,11.9,11.2,15.2,11.2,14.1,14.2,13.3,13.4,11.8,11.9,0.0,0.0,0.0,0.0,0.0,0.0,0.0,0.0,0.0,0.0,0.0,0.0,0.0,0.0,0.0,0.0,0.0,0.0,0.0,0.0,0.0,0.0,0.0,0.0,0.0,0.0,0.0,0.0,0.0,0.0,0.0,0.0,0.0,0.0,0.0,0.0,0.0,0.0,0.0,0.0,0.0,0.0,0.0,0.0,0.0,0.0,0.0,0.0
2026-02-04T15:35:33.967001,2565.9,2.8,48,93.2,223.2,2,14.1,58.7,19.3,14.7,14.0,15.4,56.6,12.4,16.2,17.5,15.4,11.9,15.4,11.4,16.1,15.4,15.0,15.5,14.8,15.5,14.6,16.2,15.4,16.1,15.6,14.8,15.5,16.9,15.5,14.8,15.2,14.8,20.2,15.4,16.2,16.1,14.8,16.1,14.8,14.8,16.1,15.4,15.5,14.6,15.3,14.8,15.5,14.8,0.0,0.0,0.0,0.0,0.0,0.0,0.0,0.0,0.0,0.0,0.0,0.0,0.0,0.0,0.0,0.0,0.0,0.0,0.0,0.0,0.0,0.0,0.0,0.0,0.0,0.0,0.0,0.0,0.0,0.0,0.0,0.0,0.0,0.0,0.0,0.0,0.0,0.0,0.0,0.0,0.0,0.0,0.0,0.0,0.0,0.0,0.0,0.0
2026-02-04T15:35:36.193974,2568.1,2.2,48,92.3,225.7,2,14.7,62.9,16.2,16.9,34.5,14.0,30.8,12.0,15.4,12.0,21.5,14.0,14.9,14.8,15.5,14.7,14.6,14.0,14.6,14.0,15.0,14.0,16.4,16.8,15.4,14.7,14.9,18.9,14.8,15.3,16.9,14.7,12.2,14.8,14.7,14.7,14.7,14.0,15.3,14.0,14.7,14.0,14.7,14.3,15.4,15.4,16.0,14.0,0.0,0.0,0.0,0.0,0.0,0.0,0.0,0.0,0.0,0.0,0.0,0.0,0.0,0.0,0.0,0.0,0.0,0.0,0.0,0.0,0.0,0.0,0.0,0.0,0.0,0.0,0.0,0.0,0.0,0.0,0.0,0.0,0.0,0.0,0.0,0.0,0.0,0.0,0.0,0.0,0.0,0.0,0.0,0.0,0.0,0.0,0.0,0.0
2026-02-04T15:35:38.421389,2570.3,0.7,48,92.4,223.6,2,16.2,14.8,21.2,14.6,42.7,14.1,16.1,14.8,14.1,14.1,17.4,14.8,15.3,14.0,16.2,14.7,14.7,14.1,14.2,14.1,14.6,14.1,14.6,14.1,15.8,14.8,14.7,16.8,14.7,14.1,15.5,14.1,15.5,14.8,14.8,14.1,15.5,14.1,15.4,14.1,14.8,14.1,15.5,15.2,14.9,14.0,15.5,14.8,0.0,0.0,0.0,0.0,0.0,0.0,0.0,0.0,0.0,0.0,0.0,0.0,0.0,0.0,0.0,0.0,0.0,0.0,0.0,0.0,0.0,0.0,0.0,0.0,0.0,0.0,0.0,0.0,0.0,0.0,0.0,0.0,0.0,0.0,0.0,0.0,0.0,0.0,0.0,0.0,0.0,0.0,0.0,0.0,0.0,0.0,0.0,0.0
2026-02-04T15:35:40.656834,2572.5,25.1,48,7507.4,216.6,2,8.3,58.3,11.2,8.3,9.9,7.6,9.1,8.3,9.1,8.3,13.8,7.9,9.1,8.3,10.4,8.3,9.1,7.6,9.0,8.3,9.1,8.3,8.4,8.3,8.4,9.0,8.3,9.9,8.3,8.3,8.3,8.3,9.7,8.3,8.3,7.6,8.3,8.3,8.3,9.0,9.0,8.3,9.0,9.0,9.6,11.7,11.0,8.3,0.0,0.0,0.0,0.0,0.0,0.0,0.0,0.0,0.0,0.0,0.0,0.0,0.0,0.0,0.0,0.0,0.0,0.0,0.0,0.0,0.0,0.0,0.0,0.0,0.0,0.0,0.0,0.0,0.0,0.0,0.0,0.0,0.0,0.0,0.0,0.0,0.0,0.0,0.0,0.0,0.0,0.0,0.0,0.0,0.0,0.0,0.0,0.0
2026-02-04T15:35:42.885121,2574.8,3.5,48,124.4,223.6,2,14.0,13.4,65.3,18.9,44.8,14.1,14.0,13.4,13.4,13.4,16.9,12.7,13.5,14.8,13.3,13.4,12.7,13.4,13.4,13.4,12.7,13.4,15.5,13.4,14.7,14.2,13.5,13.3,13.4,13.4,13.5,13.4,14.8,13.4,13.4,13.4,14.1,14.0,13.4,12.7,12.8,12.8,13.5,12.7,12.8,12.7,12.8,12.9,0.0,0.0,0.0,0.0,0.0,0.0,0.0,0.0,0.0,0.0,0.0,0.0,0.0,0.0,0.0,0.0,0.0,0.0,0.0,0.0,0.0,0.0,0.0,0.0,0.0,0.0,0.0,0.0,0.0,0.0,0.0,0.0,0.0,0.0,0.0,0.0,0.0,0.0,0.0,0.0,0.0,0.0,0.0,0.0,0.0,0.0,0.0,0.0
2026-02-04T15:35:45.111346,2577.0,2.3,48,92.7,225.7,2,15.4,66.9,37.4,15.5,28.0,15.5,15.5,15.5,15.4,16.2,16.8,14.8,15.4,14.8,15.5,15.5,15.5,15.5,15.5,15.5,15.3,15.5,16.0,15.5,16.0,15.4,14.6,17.5,15.5,14.8,15.2,15.5,14.8,15.5,14.8,15.5,15.4,15.4,16.1,15.6,16.2,14.8,16.2,15.4,15.5,15.6,14.7,14.7,0.0,0.0,0.0,0.0,0.0,0.0,0.0,0.0,0.0,0.0,0.0,0.0,0.0,0.0,0.0,0.0,0.0,0.0,0.0,0.0,0.0,0.0,0.0,0.0,0.0,0.0,0.0,0.0,0.0,0.0,0.0,0.0,0.0,0.0,0.0,0.0,0.0,0.0,0.0,0.0,0.0,0.0,0.0,0.0,0.0,0.0,0.0,0.0
2026-02-04T15:35:47.340357,2579.2,100.0,48,187.2,226.2,2,15.4,13.8,47.6,14.4,16.8,65.8,16.7,13.8,13.9,14.5,14.6,13.8,15.2,13.8,16.0,13.8,15.8,13.8,14.5,13.8,14.7,13.8,15.3,14.4,14.7,13.8,15.2,14.0,14.5,13.8,15.4,14.5,14.5,15.1,14.5,15.2,14.6,14.5,13.8,15.1,16.6,14.5,14.5,14.0,14.5,14.5,14.6,13.8,0.0,0.0,0.0,0.0,0.0,0.0,0.0,0.0,0.0,0.0,0.0,0.0,0.0,0.0,0.0,0.0,0.0,0.0,0.0,0.0,0.0,0.0,0.0,0.0,0.0,0.0,0.0,0.0,0.0,0.0,0.0,0.0,0.0,0.0,0.0,0.0,0.0,0.0,0.0,0.0,0.0,0.0,0.0,0.0,0.0,0.0,0.0,0.0
2026-02-04T15:35:49.605531,2581.5,3.6,48,92.8,224.7,2,8.5,7.8,13.0,11.3,8.6,8.5,10.6,7.1,49.3,7.1,8.5,7.1,7.7,7.1,7.0,7.0,7.8,7.1,7.1,7.1,7.9,7.0,7.7,7.0,7.0,7.1,7.8,8.4,8.5,7.1,7.0,7.1,8.5,7.9,10.4,7.1,7.7,7.1,8.5,7.1,7.1,10.0,7.1,9.2,7.0,7.8,9.3,10.0,0.0,0.0,0.0,0.0,0.0,0.0,0.0,0.0,0.0,0.0,0.0,0.0,0.0,0.0,0.0,0.0,0.0,0.0,0.0,0.0,0.0,0.0,0.0,0.0,0.0,0.0,0.0,0.0,0.0,0.0,0.0,0.0,0.0,0.0,0.0,0.0,0.0,0.0,0.0,0.0,0.0,0.0,0.0,0.0,0.0,0.0,0.0,0.0
2026-02-04T15:35:51.831819,2583.7,1.0,48,92.9,225.9,2,15.8,14.6,18.5,15.4,15.0,15.5,16.8,15.7,31.9,14.5,15.6,16.2,18.9,15.3,15.3,14.7,14.5,15.9,15.3,14.5,15.6,16.7,15.3,15.4,15.3,14.5,15.3,17.9,16.0,15.9,16.6,15.8,15.5,15.8,14.7,15.2,15.4,14.4,15.3,14.5,15.9,14.5,16.0,16.0,14.9,21.1,15.2,14.5,0.0,0.0,0.0,0.0,0.0,0.0,0.0,0.0,0.0,0.0,0.0,0.0,0.0,0.0,0.0,0.0,0.0,0.0,0.0,0.0,0.0,0.0,0.0,0.0,0.0,0.0,0.0,0.0,0.0,0.0,0.0,0.0,0.0,0.0,0.0,0.0,0.0,0.0,0.0,0.0,0.0,0.0,0.0,0.0,0.0,0.0,0.0,0.0
2026-02-04T15:35:54.060898,2586.0,2.5,48,123.8,225.9,2,8.5,62.1,11.9,7.7,7.7,8.3,9.7,8.5,7.7,9.2,8.9,7.2,7.7,7.7,9.9,7.6,8.5,7.7,7.7,7.0,7.7,7.0,7.0,7.7,7.0,7.7,11.2,9.2,7.7,7.7,7.7,7.7,11.7,7.0,7.7,7.7,7.7,8.5,8.4,7.7,7.7,7.7,7.7,8.5,7.6,9.1,7.7,7.7,0.0,0.0,0.0,0.0,0.0,0.0,0.0,0.0,0.0,0.0,0.0,0.0,0.0,0.0,0.0,0.0,0.0,0.0,0.0,0.0,0.0,0.0,0.0,0.0,0.0,0.0,0.0,0.0,0.0,0.0,0.0,0.0,0.0,0.0,0.0,0.0,0.0,0.0,0.0,0.0,0.0,0.0,0.0,0.0,0.0,0.0,0.0,0.0
2026-02-04T15:35:56.288510,2588.2,1.8,48,93.0,227.7,2,13.3,39.9,18.1,56.2,30.8,13.9,14.8,12.6,15.5,12.6,19.6,14.0,13.9,14.7,16.0,14.7,14.7,14.6,14.0,13.3,15.4,14.7,14.7,14.0,17.4,14.0,16.1,16.0,14.6,14.0,15.4,13.9,14.1,14.7,14.0,14.0,13.3,14.6,14.7,14.0,13.4,14.0,14.0,16.0,17.4,14.6,14.7,14.0,0.0,0.0,0.0,0.0,0.0,0.0,0.0,0.0,0.0,0.0,0.0,0.0,0.0,0.0,0.0,0.0,0.0,0.0,0.0,0.0,0.0,0.0,0.0,0.0,0.0,0.0,0.0,0.0,0.0,0.0,0.0,0.0,0.0,0.0,0.0,0.0,0.0,0.0,0.0,0.0,0.0,0.0,0.0,0.0,0.0,0.0,0.0,0.0
2026-02-04T15:35:58.514938,2590.4,2.3,48,92.4,226.8,2,9.2,46.1,61.2,7.0,7.7,7.1,7.7,7.0,7.7,7.0,7.7,8.5,12.3,7.0,7.7,7.0,8.4,7.9,9.0,7.0,7.7,7.0,11.2,7.0,7.0,7.0,7.7,7.7,7.0,7.7,7.0,7.7,7.7,7.0,7.0,7.0,7.0,7.7,7.0,7.0,7.0,7.0,7.0,7.7,7.7,8.4,7.0,7.7,0.0,0.0,0.0,0.0,0.0,0.0,0.0,0.0,0.0,0.0,0.0,0.0,0.0,0.0,0.0,0.0,0.0,0.0,0.0,0.0,0.0,0.0,0.0,0.0,0.0,0.0,0.0,0.0,0.0,0.0,0.0,0.0,0.0,0.0,0.0,0.0,0.0,0.0,0.0,0.0,0.0,0.0,0.0,0.0,0.0,0.0,0.0,0.0
2026-02-04T15:36:00.742108,2592.6,2.1,48,92.6,226.8,2,26.6,29.9,74.2,13.3,14.7,12.6,13.9,12.5,16.1,14.1,15.4,13.3,15.4,14.1,13.9,13.2,14.8,11.9,14.7,14.6,14.8,13.3,13.5,13.3,13.5,14.6,13.3,16.8,14.1,14.0,15.4,12.6,13.3,16.8,13.3,14.7,14.7,12.6,14.0,13.3,13.3,13.9,14.7,13.4,15.2,18.2,13.3,14.0,0.0,0.0,0.0,0.0,0.0,0.0,0.0,0.0,0.0,0.0,0.0,0.0,0.0,0.0,0.0,0.0,0.0,0.0,0.0,0.0,0.0,0.0,0.0,0.0,0.0,0.0,0.0,0.0,0.0,0.0,0.0,0.0,0.0,0.0,0.0,0.0,0.0,0.0,0.0,0.0,0.0,0.0,0.0,0.0,0.0,0.0,0.0,0.0
2026-02-04T15:36:02.967368,2594.9,3.4,48,92.7,227.7,2,9.2,50.4,20.5,57.6,9.8,7.0,7.7,7.8,7.7,7.1,7.7,11.9,10.3,7.6,9.9,7.7,8.4,7.0,7.8,7.7,7.7,7.7,9.6,7.7,7.7,7.7,7.7,9.9,7.7,7.7,7.7,8.4,7.0,7.7,7.7,7.0,7.7,7.0,7.0,8.4,7.7,7.1,7.7,6.9,7.7,7.0,7.7,7.0,0.0,0.0,0.0,0.0,0.0,0.0,0.0,0.0,0.0,0.0,0.0,0.0,0.0,0.0,0.0,0.0,0.0,0.0,0.0,0.0,0.0,0.0,0.0,0.0,0.0,0.0,0.0,0.0,0.0,0.0,0.0,0.0,0.0,0.0,0.0,0.0,0.0,0.0,0.0,0.0,0.0,0.0,0.0,0.0,0.0,0.0,0.0,0.0
2026-02-04T15:36:05.193350,2597.1,2.3,48,92.7,227.7,2,13.9,13.3,91.6,22.7,14.8,15.4,14.8,14.7,15.6,14.8,14.9,15.3,14.9,14.0,14.0,14.7,16.2,14.7,14.1,14.0,17.6,14.6,14.2,14.7,17.5,14.6,14.0,16.1,14.1,14.0,14.7,14.0,14.6,14.6,13.9,14.0,14.1,14.0,15.4,14.1,14.0,14.6,14.1,14.0,14.9,14.0,14.8,14.1,0.0,0.0,0.0,0.0,0.0,0.0,0.0,0.0,0.0,0.0,0.0,0.0,0.0,0.0,0.0,0.0,0.0,0.0,0.0,0.0,0.0,0.0,0.0,0.0,0.0,0.0,0.0,0.0,0.0,0.0,0.0,0.0,0.0,0.0,0.0,0.0,0.0,0.0,0.0,0.0,0.0,0.0,0.0,0.0,0.0,0.0,0.0,0.0
2026-02-04T15:36:07.419462,2599.3,3.2,48,92.6,226.8,2,7.0,56.9,51.0,7.0,8.3,7.7,9.2,7.7,7.0,7.0,8.3,7.0,8.3,7.0,7.7,7.0,9.0,7.0,9.0,8.4,7.7,7.0,9.7,6.3,7.7,7.7,7.0,10.6,6.9,7.0,7.0,7.0,7.1,6.3,11.0,6.3,7.0,7.0,7.0,7.7,7.0,7.7,7.0,8.4,11.1,7.0,7.0,8.4,0.0,0.0,0.0,0.0,0.0,0.0,0.0,0.0,0.0,0.0,0.0,0.0,0.0,0.0,0.0,0.0,0.0,0.0,0.0,0.0,0.0,0.0,0.0,0.0,0.0,0.0,0.0,0.0,0.0,0.0,0.0,0.0,0.0,0.0,0.0,0.0,0.0,0.0,0.0,0.0,0.0,0.0,0.0,0.0,0.0,0.0,0.0,0.0
2026-02-04T15:36:09.645107,2601.5,3.3,48,92.9,226.8,2,15.4,85.7,23.6,14.8,15.0,14.0,18.2,14.8,18.1,15.7,18.4,14.8,14.8,16.5,16.3,14.1,15.5,15.5,16.9,19.0,14.8,18.2,19.3,15.5,15.5,14.8,16.1,15.4,16.3,14.8,14.8,15.5,15.3,14.8,15.5,29.2,15.5,15.5,16.1,15.5,15.5,15.5,15.5,14.8,15.5,14.9,14.8,14.7,0.0,0.0,0.0,0.0,0.0,0.0,0.0,0.0,0.0,0.0,0.0,0.0,0.0,0.0,0.0,0.0,0.0,0.0,0.0,0.0,0.0,0.0,0.0,0.0,0.0,0.0,0.0,0.0,0.0,0.0,0.0,0.0,0.0,0.0,0.0,0.0,0.0,0.0,0.0,0.0,0.0,0.0,0.0,0.0,0.0,0.0,0.0,0.0
2026-02-04T15:36:11.903438,2603.8,3.0,48,93.4,227.7,2,9.2,7.6,60.5,7.6,8.3,8.4,9.7,7.6,9.2,6.9,9.7,8.3,8.3,6.9,8.3,7.6,7.6,7.6,7.6,7.6,8.3,7.7,9.0,8.3,8.3,7.6,7.7,11.9,8.3,7.6,8.3,8.3,7.7,11.8,10.3,52.8,9.0,7.6,7.6,7.6,7.6,7.6,8.3,7.7,8.4,7.7,8.3,7.7,0.0,0.0,0.0,0.0,0.0,0.0,0.0,0.0,0.0,0.0,0.0,0.0,0.0,0.0,0.0,0.0,0.0,0.0,0.0,0.0,0.0,0.0,0.0,0.0,0.0,0.0,0.0,0.0,0.0,0.0,0.0,0.0,0.0,0.0,0.0,0.0,0.0,0.0,0.0,0.0,0.0,0.0,0.0,0.0,0.0,0.0,0.0,0.0
2026-02-04T15:36:14.129273,2606.0,1.8,48,92.8,227.7,2,19.0,13.8,46.7,14.4,15.9,71.0,14.5,13.8,14.4,16.6,14.0,14.5,14.5,13.8,14.5,14.4,14.0,13.8,14.0,15.1,15.1,13.1,13.7,14.5,14.3,13.8,13.8,15.2,13.7,14.5,15.0,14.4,13.8,14.4,13.8,14.5,13.8,15.2,14.4,15.3,14.6,15.1,14.5,14.4,15.3,13.8,15.2,14.6,0.0,0.0,0.0,0.0,0.0,0.0,0.0,0.0,0.0,0.0,0.0,0.0,0.0,0.0,0.0,0.0,0.0,0.0,0.0,0.0,0.0,0.0,0.0,0.0,0.0,0.0,0.0,0.0,0.0,0.0,0.0,0.0,0.0,0.0,0.0,0.0,0.0,0.0,0.0,0.0,0.0,0.0,0.0,0.0,0.0,0.0,0.0,0.0
2026-02-04T15:36:16.354865,2608.2,1.8,48,92.8,226.2,2,9.0,7.0,98.6,7.0,8.5,7.0,7.0,7.9,7.0,7.9,7.0,7.7,7.7,7.9,9.9,7.0,7.6,7.0,7.6,7.0,7.0,11.2,7.0,7.0,8.5,7.0,7.0,9.2,7.0,7.0,7.0,7.0,9.0,8.5,7.7,7.0,7.0,7.0,7.0,7.0,7.0,7.0,7.0,7.0,7.0,7.0,7.0,7.0,0.0,0.0,0.0,0.0,0.0,0.0,0.0,0.0,0.0,0.0,0.0,0.0,0.0,0.0,0.0,0.0,0.0,0.0,0.0,0.0,0.0,0.0,0.0,0.0,0.0,0.0,0.0,0.0,0.0,0.0,0.0,0.0,0.0,0.0,0.0,0.0,0.0,0.0,0.0,0.0,0.0,0.0,0.0,0.0,0.0,0.0,0.0,0.0
2026-02-04T15:36:18.580008,2610.5,2.3,48,92.8,227.1,2,15.5,75.5,45.7,14.1,16.1,14.1,15.3,13.3,15.3,13.3,16.1,14.0,14.1,13.3,16.1,14.1,14.8,14.1,14.9,14.8,14.8,14.1,16.8,14.1,14.8,14.1,18.9,14.7,14.7,14.1,14.9,14.1,14.9,14.7,20.4,14.1,14.8,14.1,14.8,14.1,14.6,14.7,14.5,14.8,18.3,14.1,14.8,14.8,0.0,0.0,0.0,0.0,0.0,0.0,0.0,0.0,0.0,0.0,0.0,0.0,0.0,0.0,0.0,0.0,0.0,0.0,0.0,0.0,0.0,0.0,0.0,0.0,0.0,0.0,0.0,0.0,0.0,0.0,0.0,0.0,0.0,0.0,0.0,0.0,0.0,0.0,0.0,0.0,0.0,0.0,0.0,0.0,0.0,0.0,0.0,0.0
2026-02-04T15:36:20.806636,2612.7,3.3,48,123.7,226.2,2,8.5,7.7,58.5,48.6,8.5,7.7,9.2,9.0,9.2,7.7,11.4,8.4,8.0,8.4,8.5,7.7,8.5,9.0,9.7,7.7,8.4,8.4,9.1,7.7,8.5,8.4,8.4,10.6,8.5,8.4,10.2,8.4,9.7,8.4,10.4,8.4,9.7,7.7,7.7,8.4,9.3,7.7,9.2,8.5,8.4,8.4,9.1,8.4,0.0,0.0,0.0,0.0,0.0,0.0,0.0,0.0,0.0,0.0,0.0,0.0,0.0,0.0,0.0,0.0,0.0,0.0,0.0,0.0,0.0,0.0,0.0,0.0,0.0,0.0,0.0,0.0,0.0,0.0,0.0,0.0,0.0,0.0,0.0,0.0,0.0,0.0,0.0,0.0,0.0,0.0,0.0,0.0,0.0,0.0,0.0,0.0
2026-02-04T15:36:23.036231,2614.9,20.8,48,92.7,227.1,2,15.3,74.1,20.9,33.3,14.6,12.6,14.2,14.1,16.0,16.9,14.9,13.4,15.1,14.1,15.5,13.3,14.0,14.7,15.0,13.2,14.1,12.7,14.7,13.4,13.3,14.8,14.8,14.7,14.0,13.4,15.4,14.8,13.4,14.1,16.8,17.5,13.9,14.1,14.1,13.4,13.3,13.4,12.0,14.7,13.9,13.4,13.3,13.4,0.0,0.0,0.0,0.0,0.0,0.0,0.0,0.0,0.0,0.0,0.0,0.0,0.0,0.0,0.0,0.0,0.0,0.0,0.0,0.0,0.0,0.0,0.0,0.0,0.0,0.0,0.0,0.0,0.0,0.0,0.0,0.0,0.0,0.0,0.0,0.0,0.0,0.0,0.0,0.0,0.0,0.0,0.0,0.0,0.0,0.0,0.0,0.0
2026-02-04T15:36:25.263640,2617.2,2.3,48,92.6,228.0,2,7.7,9.0,20.5,7.0,7.7,45.5,7.6,7.6,7.7,7.0,8.5,7.7,7.7,7.0,8.3,7.0,7.7,7.0,7.6,11.0,8.4,7.0,7.0,7.7,7.7,7.6,7.0,9.9,7.0,7.0,7.7,7.6,7.0,7.7,7.7,7.7,7.8,7.7,7.7,7.0,7.7,7.7,7.7,7.7,7.8,6.9,7.6,11.2,0.0,0.0,0.0,0.0,0.0,0.0,0.0,0.0,0.0,0.0,0.0,0.0,0.0,0.0,0.0,0.0,0.0,0.0,0.0,0.0,0.0,0.0,0.0,0.0,0.0,0.0,0.0,0.0,0.0,0.0,0.0,0.0,0.0,0.0,0.0,0.0,0.0,0.0,0.0,0.0,0.0,0.0,0.0,0.0,0.0,0.0,0.0,0.0
2026-02-04T15:36:27.491104,2619.4,71.2,48,186.3,227.9,2,14.0,13.4,81.1,13.4,14.2,35.0,16.1,14.2,15.5,14.1,15.5,13.4,15.4,13.4,17.7,14.7,15.5,13.4,14.7,14.8,14.7,13.4,14.0,13.4,14.0,14.2,16.0,15.4,15.4,13.4,14.1,14.5,18.1,14.0,15.4,13.4,13.4,14.1,14.1,13.4,14.1,13.3,14.1,14.1,13.4,14.2,14.2,14.1,0.0,0.0,0.0,0.0,0.0,0.0,0.0,0.0,0.0,0.0,0.0,0.0,0.0,0.0,0.0,0.0,0.0,0.0,0.0,0.0,0.0,0.0,0.0,0.0,0.0,0.0,0.0,0.0,0.0,0.0,0.0,0.0,0.0,0.0,0.0,0.0,0.0,0.0,0.0,0.0,0.0,0.0,0.0,0.0,0.0,0.0,0.0,0.0
2026-02-04T15:36:29.720200,2621.6,3.4,48,92.5,228.0,2,10.6,6.3,16.7,6.3,39.9,8.7,65.2,6.3,7.0,6.3,7.0,7.8,9.0,6.3,6.2,6.3,6.3,6.3,7.0,7.0,7.0,7.0,7.0,6.3,7.7,6.3,7.0,8.5,7.0,6.3,6.3,9.0,6.4,6.3,7.0,6.3,10.5,6.3,7.6,6.3,7.0,6.3,6.3,7.0,6.3,7.0,6.3,7.0,0.0,0.0,0.0,0.0,0.0,0.0,0.0,0.0,0.0,0.0,0.0,0.0,0.0,0.0,0.0,0.0,0.0,0.0,0.0,0.0,0.0,0.0,0.0,0.0,0.0,0.0,0.0,0.0,0.0,0.0,0.0,0.0,0.0,0.0,0.0,0.0,0.0,0.0,0.0,0.0,0.0,0.0,0.0,0.0,0.0,0.0,0.0,0.0
2026-02-04T15:36:31.941331,2623.8,61.8,48,11782.1,214.9,2,11.8,11.1,16.7,71.2,38.7,11.5,11.1,11.1,12.6,11.8,11.2,9.3,11.2,11.1,11.3,11.2,11.1,11.1,12.4,11.1,11.1,11.1,12.6,11.1,11.2,11.1,12.6,13.3,11.8,11.1,11.1,12.6,11.1,11.1,11.1,11.1,11.1,11.1,11.1,11.1,11.1,11.1,11.1,11.2,11.1,11.1,12.4,11.1,0.0,0.0,0.0,0.0,0.0,0.0,0.0,0.0,0.0,0.0,0.0,0.0,0.0,0.0,0.0,0.0,0.0,0.0,0.0,0.0,0.0,0.0,0.0,0.0,0.0,0.0,0.0,0.0,0.0,0.0,0.0,0.0,0.0,0.0,0.0,0.0,0.0,0.0,0.0,0.0,0.0,0.0,0.0,0.0,0.0,0.0,0.0,0.0
2026-02-04T15:36:34.197920,2626.1,2.8,48,123.6,228.0,2,12.8,39.9,27.7,11.3,12.7,11.3,12.7,10.6,9.9,11.3,12.6,14.9,12.0,10.6,13.4,11.3,12.0,11.3,12.1,11.3,12.1,14.9,11.3,11.3,11.3,11.3,11.3,13.3,14.9,10.6,12.7,13.9,12.1,11.3,11.3,12.1,12.8,10.6,11.3,12.1,11.3,12.1,12.1,13.2,12.1,11.3,12.8,11.3,0.0,0.0,0.0,0.0,0.0,0.0,0.0,0.0,0.0,0.0,0.0,0.0,0.0,0.0,0.0,0.0,0.0,0.0,0.0,0.0,0.0,0.0,0.0,0.0,0.0,0.0,0.0,0.0,0.0,0.0,0.0,0.0,0.0,0.0,0.0,0.0,0.0,0.0,0.0,0.0,0.0,0.0,0.0,0.0,0.0,0.0,0.0,0.0
2026-02-04T15:36:36.424107,2628.3,2.5,48,2786.1,197.8,2,8.3,40.3,19.2,7.6,8.3,7.6,8.3,12.5,9.7,9.7,9.9,11.7,66.9,11.7,9.0,7.6,6.9,8.3,7.6,10.7,8.3,7.6,8.3,8.0,8.3,14.8,7.6,11.0,9.0,8.8,6.9,11.5,9.5,10.7,8.3,10.7,11.7,10.7,10.7,9.8,7.6,10.7,11.7,7.6,8.3,7.6,12.5,9.8,0.0,0.0,0.0,0.0,0.0,0.0,0.0,0.0,0.0,0.0,0.0,0.0,0.0,0.0,0.0,0.0,0.0,0.0,0.0,0.0,0.0,0.0,0.0,0.0,0.0,0.0,0.0,0.0,0.0,0.0,0.0,0.0,0.0,0.0,0.0,0.0,0.0,0.0,0.0,0.0,0.0,0.0,0.0,0.0,0.0,0.0,0.0,0.0
2026-02-04T15:36:38.652141,2630.5,1.9,48,124.0,228.2,2,14.1,37.8,19.3,14.8,14.8,15.3,14.7,11.4,14.7,10.9,13.9,10.3,14.8,11.4,18.9,14.0,14.6,13.6,15.5,10.3,14.1,12.9,14.7,11.7,14.7,10.6,14.1,16.9,14.0,10.3,14.8,15.3,15.5,10.9,13.9,11.4,10.9,10.9,10.3,14.6,14.8,12.4,11.4,14.0,14.0,14.1,11.4,10.8,0.0,0.0,0.0,0.0,0.0,0.0,0.0,0.0,0.0,0.0,0.0,0.0,0.0,0.0,0.0,0.0,0.0,0.0,0.0,0.0,0.0,0.0,0.0,0.0,0.0,0.0,0.0,0.0,0.0,0.0,0.0,0.0,0.0,0.0,0.0,0.0,0.0,0.0,0.0,0.0,0.0,0.0,0.0,0.0,0.0,0.0,0.0,0.0
2026-02-04T15:36:40.878602,2632.8,2.2,48,92.6,226.4,2,14.6,44.4,56.6,6.3,7.7,6.0,6.9,8.2,7.7,7.0,9.0,6.3,8.3,7.0,10.5,7.0,9.0,7.0,7.0,7.0,8.4,7.0,7.0,7.0,7.7,7.0,7.0,9.1,7.7,7.0,11.2,8.3,7.0,6.3,7.0,7.0,7.0,6.3,7.7,6.3,6.3,7.0,7.0,7.0,7.0,6.3,7.4,7.0,0.0,0.0,0.0,0.0,0.0,0.0,0.0,0.0,0.0,0.0,0.0,0.0,0.0,0.0,0.0,0.0,0.0,0.0,0.0,0.0,0.0,0.0,0.0,0.0,0.0,0.0,0.0,0.0,0.0,0.0,0.0,0.0,0.0,0.0,0.0,0.0,0.0,0.0,0.0,0.0,0.0,0.0,0.0,0.0,0.0,0.0,0.0,0.0
2026-02-04T15:36:43.104509,2635.0,1.9,48,92.6,226.4,2,16.1,14.1,28.3,27.8,14.8,14.8,14.1,11.7,16.8,13.4,14.7,13.4,14.1,14.2,15.5,14.0,14.2,14.1,14.1,12.0,13.4,13.3,17.6,13.2,14.0,75.4,13.3,16.8,18.1,13.3,14.1,14.7,16.1,13.3,17.6,14.0,15.3,13.3,14.8,14.0,15.3,13.3,14.0,14.0,14.9,13.4,13.4,13.3,0.0,0.0,0.0,0.0,0.0,0.0,0.0,0.0,0.0,0.0,0.0,0.0,0.0,0.0,0.0,0.0,0.0,0.0,0.0,0.0,0.0,0.0,0.0,0.0,0.0,0.0,0.0,0.0,0.0,0.0,0.0,0.0,0.0,0.0,0.0,0.0,0.0,0.0,0.0,0.0,0.0,0.0,0.0,0.0,0.0,0.0,0.0,0.0
2026-02-04T15:36:45.330458,2637.2,2.4,48,92.7,226.4,2,7.0,7.7,9.7,99.3,7.8,7.7,7.7,7.7,7.7,7.7,12.0,7.0,9.2,7.7,7.7,7.0,9.0,7.0,8.4,7.7,9.1,7.0,7.0,7.0,9.1,7.0,7.7,11.0,7.7,7.0,10.7,8.3,7.6,7.0,7.0,7.7,8.4,7.0,7.0,7.7,7.7,7.7,8.5,7.0,7.7,7.0,7.7,7.0,0.0,0.0,0.0,0.0,0.0,0.0,0.0,0.0,0.0,0.0,0.0,0.0,0.0,0.0,0.0,0.0,0.0,0.0,0.0,0.0,0.0,0.0,0.0,0.0,0.0,0.0,0.0,0.0,0.0,0.0,0.0,0.0,0.0,0.0,0.0,0.0,0.0,0.0,0.0,0.0,0.0,0.0,0.0,0.0,0.0,0.0,0.0,0.0
2026-02-04T15:36:47.556493,2639.4,3.5,48,123.3,228.2,2,15.4,12.7,17.5,31.2,16.0,13.3,75.5,14.0,17.0,12.6,13.4,14.0,14.7,14.0,15.3,13.3,14.1,14.0,14.0,13.3,14.0,18.1,15.5,14.0,14.1,14.0,14.1,17.5,14.7,14.0,12.1,16.6,14.8,14.0,16.8,17.2,13.3,15.4,14.1,13.9,14.0,14.0,13.3,16.1,19.4,14.1,14.0,14.0,0.0,0.0,0.0,0.0,0.0,0.0,0.0,0.0,0.0,0.0,0.0,0.0,0.0,0.0,0.0,0.0,0.0,0.0,0.0,0.0,0.0,0.0,0.0,0.0,0.0,0.0,0.0,0.0,0.0,0.0,0.0,0.0,0.0,0.0,0.0,0.0,0.0,0.0,0.0,0.0,0.0,0.0,0.0,0.0,0.0,0.0,0.0,0.0
2026-02-04T15:36:49.782667,2641.7,2.4,48,92.7,226.4,2,8.5,7.7,12.4,43.1,9.1,7.7,7.7,7.7,7.6,7.7,9.1,7.0,7.6,7.7,9.1,9.4,7.0,7.7,8.1,7.0,8.4,7.0,7.7,7.0,7.6,7.7,7.7,9.1,8.3,7.7,7.0,9.0,7.0,8.5,7.0,8.5,7.7,7.7,7.7,7.7,9.0,7.0,7.7,7.6,63.8,7.7,7.7,7.7,0.0,0.0,0.0,0.0,0.0,0.0,0.0,0.0,0.0,0.0,0.0,0.0,0.0,0.0,0.0,0.0,0.0,0.0,0.0,0.0,0.0,0.0,0.0,0.0,0.0,0.0,0.0,0.0,0.0,0.0,0.0,0.0,0.0,0.0,0.0,0.0,0.0,0.0,0.0,0.0,0.0,0.0,0.0,0.0,0.0,0.0,0.0,0.0
2026-02-04T15:36:52.010491,2643.9,95.5,48,3097.4,226.4,2,14.6,13.8,17.8,39.9,16.8,14.6,15.3,14.5,14.0,18.6,14.8,15.2,14.7,14.6,16.0,11.0,16.0,14.5,15.0,13.1,15.8,15.8,14.6,14.6,15.4,14.5,13.9,17.4,12.3,14.5,15.2,17.1,16.4,13.1,15.2,13.1,15.2,13.8,14.5,13.8,15.4,15.1,15.8,14.0,14.5,14.5,13.8,13.9,0.0,0.0,0.0,0.0,0.0,0.0,0.0,0.0,0.0,0.0,0.0,0.0,0.0,0.0,0.0,0.0,0.0,0.0,0.0,0.0,0.0,0.0,0.0,0.0,0.0,0.0,0.0,0.0,0.0,0.0,0.0,0.0,0.0,0.0,0.0,0.0,0.0,0.0,0.0,0.0,0.0,0.0,0.0,0.0,0.0,0.0,0.0,0.0
2026-02-04T15:36:54.236830,2646.1,2.3,48,93.0,227.3,2,8.5,7.9,40.3,7.9,8.5,9.2,8.5,7.9,8.4,7.9,7.8,9.3,9.2,7.9,9.2,7.9,7.9,7.9,7.9,7.9,8.6,11.4,7.9,9.3,14.1,7.9,8.6,71.1,7.8,7.9,8.6,7.7,8.5,7.9,7.8,7.9,8.6,7.9,7.9,7.9,7.8,7.9,7.9,7.7,8.6,7.9,8.6,9.2,0.0,0.0,0.0,0.0,0.0,0.0,0.0,0.0,0.0,0.0,0.0,0.0,0.0,0.0,0.0,0.0,0.0,0.0,0.0,0.0,0.0,0.0,0.0,0.0,0.0,0.0,0.0,0.0,0.0,0.0,0.0,0.0,0.0,0.0,0.0,0.0,0.0,0.0,0.0,0.0,0.0,0.0,0.0,0.0,0.0,0.0,0.0,0.0
2026-02-04T15:36:56.496409,2648.4,3.3,48,123.6,233.9,2,8.5,7.7,44.5,7.7,9.2,8.4,7.8,66.0,9.8,7.7,8.5,7.7,8.5,7.7,9.8,7.7,10.0,7.7,8.5,7.7,7.7,7.7,7.7,7.7,9.2,7.7,8.3,9.9,8.5,9.0,8.4,12.4,9.9,7.7,7.7,7.7,8.3,9.0,7.7,8.4,7.8,8.4,7.7,9.1,9.0,7.6,11.9,7.7,0.0,0.0,0.0,0.0,0.0,0.0,0.0,0.0,0.0,0.0,0.0,0.0,0.0,0.0,0.0,0.0,0.0,0.0,0.0,0.0,0.0,0.0,0.0,0.0,0.0,0.0,0.0,0.0,0.0,0.0,0.0,0.0,0.0,0.0,0.0,0.0,0.0,0.0,0.0,0.0,0.0,0.0,0.0,0.0,0.0,0.0,0.0,0.0
2026-02-04T15:36:58.723135,2650.6,3.1,48,92.6,228.3,2,15.9,13.9,34.2,77.1,16.6,13.9,14.5,17.5,16.6,13.2,14.5,14.6,14.5,15.4,14.6,13.8,11.3,14.5,13.0,13.9,13.9,13.2,13.9,13.9,13.2,15.2,13.9,21.4,15.3,13.2,13.8,17.6,13.7,15.9,13.9,13.2,14.6,13.2,13.2,13.9,13.8,13.2,15.3,14.5,13.9,13.3,18.8,13.2,0.0,0.0,0.0,0.0,0.0,0.0,0.0,0.0,0.0,0.0,0.0,0.0,0.0,0.0,0.0,0.0,0.0,0.0,0.0,0.0,0.0,0.0,0.0,0.0,0.0,0.0,0.0,0.0,0.0,0.0,0.0,0.0,0.0,0.0,0.0,0.0,0.0,0.0,0.0,0.0,0.0,0.0,0.0,0.0,0.0,0.0,0.0,0.0
2026-02-04T15:37:00.949613,2652.8,1.0,48,93.0,230.2,2,7.7,6.6,99.3,10.0,8.5,7.2,6.3,6.9,7.7,7.0,9.1,6.9,7.7,7.0,8.4,7.0,6.9,7.1,7.7,6.9,6.9,6.9,7.6,7.8,7.0,7.5,6.9,9.2,6.2,8.3,7.0,7.7,7.7,7.7,9.3,10.0,10.0,11.0,6.9,10.0,7.0,10.0,6.9,7.0,6.9,7.0,7.8,7.5,0.0,0.0,0.0,0.0,0.0,0.0,0.0,0.0,0.0,0.0,0.0,0.0,0.0,0.0,0.0,0.0,0.0,0.0,0.0,0.0,0.0,0.0,0.0,0.0,0.0,0.0,0.0,0.0,0.0,0.0,0.0,0.0,0.0,0.0,0.0,0.0,0.0,0.0,0.0,0.0,0.0,0.0,0.0,0.0,0.0,0.0,0.0,0.0
2026-02-04T15:37:03.176351,2655.1,3.0,48,92.9,228.4,2,9.2,6.6,100.0,5.4,10.5,6.8,9.8,7.1,10.5,7.7,12.7,7.8,7.8,7.1,9.2,10.5,7.1,7.6,8.5,7.8,11.0,7.1,12.0,6.4,8.5,6.6,7.7,9.8,7.1,7.2,7.7,8.3,7.7,7.0,8.2,5.4,5.9,5.9,7.1,5.9,7.7,5.4,8.5,7.7,7.7,7.7,7.7,6.6,0.0,0.0,0.0,0.0,0.0,0.0,0.0,0.0,0.0,0.0,0.0,0.0,0.0,0.0,0.0,0.0,0.0,0.0,0.0,0.0,0.0,0.0,0.0,0.0,0.0,0.0,0.0,0.0,0.0,0.0,0.0,0.0,0.0,0.0,0.0,0.0,0.0,0.0,0.0,0.0,0.0,0.0,0.0,0.0,0.0,0.0,0.0,0.0
2026-02-04T15:37:05.402416,2657.3,3.7,48,123.5,228.3,2,16.0,14.2,32.9,14.7,15.5,14.6,16.9,14.7,84.0,14.7,15.5,16.0,16.1,14.0,19.4,14.8,15.4,14.7,15.5,14.7,14.9,14.7,16.2,14.7,15.4,14.0,15.5,15.5,15.4,14.7,18.9,17.8,15.5,16.0,16.8,15.3,14.7,14.7,16.0,14.6,21.0,14.6,15.3,16.7,15.5,14.7,15.4,13.3,0.0,0.0,0.0,0.0,0.0,0.0,0.0,0.0,0.0,0.0,0.0,0.0,0.0,0.0,0.0,0.0,0.0,0.0,0.0,0.0,0.0,0.0,0.0,0.0,0.0,0.0,0.0,0.0,0.0,0.0,0.0,0.0,0.0,0.0,0.0,0.0,0.0,0.0,0.0,0.0,0.0,0.0,0.0,0.0,0.0,0.0,0.0,0.0
2026-02-04T15:37:07.628744,2659.5,4.0,48,92.6,230.2,2,7.0,7.7,99.3,7.0,7.0,7.7,9.8,8.6,7.7,9.5,7.6,9.5,6.9,6.9,7.7,11.9,10.4,7.0,7.0,7.0,7.0,7.0,7.0,7.0,7.0,6.3,7.0,9.1,7.7,7.0,7.7,9.0,7.7,6.3,7.7,7.0,7.0,7.0,7.7,6.3,6.3,7.0,7.7,7.0,7.0,6.2,7.7,6.3,0.0,0.0,0.0,0.0,0.0,0.0,0.0,0.0,0.0,0.0,0.0,0.0,0.0,0.0,0.0,0.0,0.0,0.0,0.0,0.0,0.0,0.0,0.0,0.0,0.0,0.0,0.0,0.0,0.0,0.0,0.0,0.0,0.0,0.0,0.0,0.0,0.0,0.0,0.0,0.0,0.0,0.0,0.0,0.0,0.0,0.0,0.0,0.0
2026-02-04T15:37:09.855328,2661.7,1.9,48,92.8,228.4,2,8.5,7.7,100.0,9.2,9.7,7.0,11.2,7.1,9.1,5.6,9.2,5.6,8.4,9.4,9.2,8.0,7.0,9.3,7.7,7.7,7.5,7.7,8.5,8.5,8.4,7.7,7.0,14.1,7.0,9.2,7.7,7.0,10.7,7.0,8.4,9.2,9.2,8.4,8.7,8.4,7.0,9.2,9.2,7.1,7.7,7.1,7.0,8.5,0.0,0.0,0.0,0.0,0.0,0.0,0.0,0.0,0.0,0.0,0.0,0.0,0.0,0.0,0.0,0.0,0.0,0.0,0.0,0.0,0.0,0.0,0.0,0.0,0.0,0.0,0.0,0.0,0.0,0.0,0.0,0.0,0.0,0.0,0.0,0.0,0.0,0.0,0.0,0.0,0.0,0.0,0.0,0.0,0.0,0.0,0.0,0.0
2026-02-04T15:37:12.082668,2664.0,62.9,48,8648.7,221.5,2,11.9,11.1,100.0,9.5,12.6,11.7,12.6,8.9,11.9,10.4,12.6,10.4,15.2,8.9,13.9,10.1,11.2,9.5,11.8,10.4,11.8,10.4,11.7,9.5,10.2,10.4,12.4,13.8,11.1,10.1,10.4,16.3,10.4,11.1,10.7,10.1,9.5,10.7,10.7,10.1,11.7,9.5,13.7,11.1,11.1,11.1,11.1,11.0,0.0,0.0,0.0,0.0,0.0,0.0,0.0,0.0,0.0,0.0,0.0,0.0,0.0,0.0,0.0,0.0,0.0,0.0,0.0,0.0,0.0,0.0,0.0,0.0,0.0,0.0,0.0,0.0,0.0,0.0,0.0,0.0,0.0,0.0,0.0,0.0,0.0,0.0,0.0,0.0,0.0,0.0,0.0,0.0,0.0,0.0,0.0,0.0
2026-02-04T15:37:14.308981,2666.2,1.9,48,93.0,231.0,2,9.2,11.3,100.0,10.6,12.0,10.6,11.3,11.3,12.0,10.6,11.3,10.6,12.0,10.6,12.7,11.3,11.3,10.6,12.1,11.3,12.0,12.1,11.3,10.6,11.9,10.6,12.1,12.7,12.1,10.6,12.1,10.6,11.3,12.6,16.3,11.3,12.0,10.6,12.0,10.6,12.1,10.6,11.3,10.6,10.6,11.3,11.3,10.6,0.0,0.0,0.0,0.0,0.0,0.0,0.0,0.0,0.0,0.0,0.0,0.0,0.0,0.0,0.0,0.0,0.0,0.0,0.0,0.0,0.0,0.0,0.0,0.0,0.0,0.0,0.0,0.0,0.0,0.0,0.0,0.0,0.0,0.0,0.0,0.0,0.0,0.0,0.0,0.0,0.0,0.0,0.0,0.0,0.0,0.0,0.0,0.0
2026-02-04T15:37:16.535217,2668.4,2.8,48,93.0,230.4,2,8.5,8.4,98.6,7.7,7.7,13.3,10.4,7.7,8.4,7.7,7.7,7.7,9.2,7.0,8.4,7.0,7.7,7.7,7.7,7.0,8.3,7.7,7.7,7.7,7.7,7.7,7.7,9.8,7.7,7.0,7.0,12.9,8.5,7.0,7.6,7.0,7.7,7.7,8.5,7.7,8.3,7.7,7.7,8.4,7.7,8.3,7.7,8.5,0.0,0.0,0.0,0.0,0.0,0.0,0.0,0.0,0.0,0.0,0.0,0.0,0.0,0.0,0.0,0.0,0.0,0.0,0.0,0.0,0.0,0.0,0.0,0.0,0.0,0.0,0.0,0.0,0.0,0.0,0.0,0.0,0.0,0.0,0.0,0.0,0.0,0.0,0.0,0.0,0.0,0.0,0.0,0.0,0.0,0.0,0.0,0.0
2026-02-04T15:37:18.793123,2670.7,1.9,48,93.1,232.0,2,8.3,7.0,98.6,7.0,7.7,7.0,9.2,7.0,7.1,7.7,7.0,6.3,8.4,6.3,7.8,6.3,7.0,6.3,7.7,6.3,6.4,7.0,7.0,6.9,7.8,6.3,7.0,13.4,7.7,7.0,7.0,7.7,6.9,7.1,9.8,7.0,7.0,7.0,7.7,7.0,6.3,7.0,7.0,8.5,7.0,7.0,7.6,7.0,0.0,0.0,0.0,0.0,0.0,0.0,0.0,0.0,0.0,0.0,0.0,0.0,0.0,0.0,0.0,0.0,0.0,0.0,0.0,0.0,0.0,0.0,0.0,0.0,0.0,0.0,0.0,0.0,0.0,0.0,0.0,0.0,0.0,0.0,0.0,0.0,0.0,0.0,0.0,0.0,0.0,0.0,0.0,0.0,0.0,0.0,0.0,0.0
2026-02-04T15:37:21.019077,2672.9,2.9,48,93.3,230.1,2,7.6,7.6,99.3,7.6,7.6,7.6,9.7,7.6,7.5,7.6,8.6,12.0,6.5,7.6,10.3,6.9,7.6,7.6,7.6,7.6,8.2,6.9,7.6,6.9,7.5,7.6,7.6,9.7,7.5,7.6,8.2,9.5,8.4,8.2,10.8,7.6,7.6,7.6,8.3,7.6,7.6,7.6,7.6,8.9,12.3,7.6,11.5,7.6,0.0,0.0,0.0,0.0,0.0,0.0,0.0,0.0,0.0,0.0,0.0,0.0,0.0,0.0,0.0,0.0,0.0,0.0,0.0,0.0,0.0,0.0,0.0,0.0,0.0,0.0,0.0,0.0,0.0,0.0,0.0,0.0,0.0,0.0,0.0,0.0,0.0,0.0,0.0,0.0,0.0,0.0,0.0,0.0,0.0,0.0,0.0,0.0
2026-02-04T15:37:23.246492,2675.1,2.5,48,123.7,230.1,2,7.7,7.7,99.3,7.7,9.1,7.6,11.2,7.7,7.7,7.7,7.5,5.6,8.3,7.7,9.1,7.7,12.7,7.7,7.7,7.7,7.7,7.7,7.7,7.7,9.2,7.7,7.7,9.9,7.9,7.7,9.3,9.1,8.4,9.9,9.2,7.7,7.7,7.7,9.9,7.7,7.7,7.7,7.7,8.4,7.8,8.3,5.8,9.1,0.0,0.0,0.0,0.0,0.0,0.0,0.0,0.0,0.0,0.0,0.0,0.0,0.0,0.0,0.0,0.0,0.0,0.0,0.0,0.0,0.0,0.0,0.0,0.0,0.0,0.0,0.0,0.0,0.0,0.0,0.0,0.0,0.0,0.0,0.0,0.0,0.0,0.0,0.0,0.0,0.0,0.0,0.0,0.0,0.0,0.0,0.0,0.0
2026-02-04T15:37:25.471979,2677.4,97.3,48,187.2,231.1,2,16.1,13.3,97.2,13.3,15.3,14.7,15.3,13.3,13.4,14.0,14.6,13.3,14.7,14.5,14.0,13.9,14.0,14.0,13.9,15.2,14.0,14.0,15.4,14.0,14.1,13.9,14.7,15.4,14.6,13.3,13.9,14.7,15.9,14.0,16.8,13.3,14.6,13.3,11.4,13.3,19.6,13.3,14.0,14.0,14.6,14.6,14.0,12.3,0.0,0.0,0.0,0.0,0.0,0.0,0.0,0.0,0.0,0.0,0.0,0.0,0.0,0.0,0.0,0.0,0.0,0.0,0.0,0.0,0.0,0.0,0.0,0.0,0.0,0.0,0.0,0.0,0.0,0.0,0.0,0.0,0.0,0.0,0.0,0.0,0.0,0.0,0.0,0.0,0.0,0.0,0.0,0.0,0.0,0.0,0.0,0.0
2026-02-04T15:37:27.698605,2679.6,2.3,48,123.2,233.3,2,7.0,7.7,99.3,7.7,8.5,7.7,7.7,7.7,7.0,7.7,10.1,7.7,9.2,7.7,10.6,7.7,7.0,7.7,7.8,9.1,7.7,7.7,7.7,7.7,7.1,7.7,7.8,9.8,7.7,7.7,8.5,7.7,7.7,7.7,7.7,8.4,12.7,7.7,7.7,7.7,8.4,8.4,7.7,7.8,7.8,7.7,7.7,7.7,0.0,0.0,0.0,0.0,0.0,0.0,0.0,0.0,0.0,0.0,0.0,0.0,0.0,0.0,0.0,0.0,0.0,0.0,0.0,0.0,0.0,0.0,0.0,0.0,0.0,0.0,0.0,0.0,0.0,0.0,0.0,0.0,0.0,0.0,0.0,0.0,0.0,0.0,0.0,0.0,0.0,0.0,0.0,0.0,0.0,0.0,0.0,0.0
2026-02-04T15:37:29.924358,2681.8,2.9,48,92.6,233.3,2,6.3,7.7,98.6,8.4,7.7,8.4,7.8,8.4,12.7,7.0,9.4,7.5,7.0,7.0,9.7,7.7,6.9,7.7,7.0,8.5,7.0,7.0,8.3,7.0,8.3,7.7,6.9,10.4,7.0,7.0,7.0,7.0,8.5,7.0,7.7,7.0,7.0,7.0,7.0,7.0,7.0,7.1,7.7,7.0,7.0,6.3,7.0,7.7,0.0,0.0,0.0,0.0,0.0,0.0,0.0,0.0,0.0,0.0,0.0,0.0,0.0,0.0,0.0,0.0,0.0,0.0,0.0,0.0,0.0,0.0,0.0,0.0,0.0,0.0,0.0,0.0,0.0,0.0,0.0,0.0,0.0,0.0,0.0,0.0,0.0,0.0,0.0,0.0,0.0,0.0,0.0,0.0,0.0,0.0,0.0,0.0
2026-02-04T15:37:32.150147,2684.0,1.9,48,124.4,233.6,2,7.8,7.7,99.3,7.7,9.2,8.5,8.3,8.4,7.6,7.7,9.1,6.6,7.7,7.0,7.8,13.3,8.5,7.7,8.5,7.0,7.7,8.3,9.1,8.4,8.4,7.7,8.5,9.2,8.5,7.7,7.7,7.7,8.3,7.7,7.7,7.7,7.7,7.7,7.7,7.7,7.7,7.7,7.7,8.4,7.7,8.3,8.3,7.7,0.0,0.0,0.0,0.0,0.0,0.0,0.0,0.0,0.0,0.0,0.0,0.0,0.0,0.0,0.0,0.0,0.0,0.0,0.0,0.0,0.0,0.0,0.0,0.0,0.0,0.0,0.0,0.0,0.0,0.0,0.0,0.0,0.0,0.0,0.0,0.0,0.0,0.0,0.0,0.0,0.0,0.0,0.0,0.0,0.0,0.0,0.0,0.0
2026-02-04T15:37:34.376262,2686.3,2.9,48,92.8,233.6,2,7.0,7.7,100.0,10.4,8.4,7.7,7.0,15.5,7.8,10.4,7.7,10.4,7.0,9.3,11.2,7.9,8.3,10.3,9.0,11.3,6.9,11.3,7.7,11.3,11.3,10.4,7.7,11.1,8.4,10.4,7.7,7.0,11.6,7.7,10.2,10.4,11.3,10.4,11.3,10.4,7.8,11.3,11.2,7.7,7.7,10.3,9.3,11.0,0.0,0.0,0.0,0.0,0.0,0.0,0.0,0.0,0.0,0.0,0.0,0.0,0.0,0.0,0.0,0.0,0.0,0.0,0.0,0.0,0.0,0.0,0.0,0.0,0.0,0.0,0.0,0.0,0.0,0.0,0.0,0.0,0.0,0.0,0.0,0.0,0.0,0.0,0.0,0.0,0.0,0.0,0.0,0.0,0.0,0.0,0.0,0.0
2026-02-04T15:37:36.603091,2688.5,2.3,43,123.4,232.6,2,9.0,6.3,99.3,4.8,7.7,7.0,9.9,5.5,7.0,5.3,9.2,5.3,7.7,5.6,11.2,6.8,7.1,5.8,7.1,5.3,7.8,4.8,7.7,4.8,5.9,5.3,7.7,9.9,7.6,5.8,7.7,7.0,6.9,7.7,5.3,5.8,10.1,4.8,4.8,5.8,7.0,5.3,5.3,7.0,7.7,9.7,5.6,5.9,0.0,0.0,0.0,0.0,0.0,0.0,0.0,0.0,0.0,0.0,0.0,0.0,0.0,0.0,0.0,0.0,0.0,0.0,0.0,0.0,0.0,0.0,0.0,0.0,0.0,0.0,0.0,0.0,0.0,0.0,0.0,0.0,0.0,0.0,0.0,0.0,0.0,0.0,0.0,0.0,0.0,0.0,0.0,0.0,0.0,0.0,0.0,0.0
2026-02-04T15:37:38.831017,2690.7,2.7,48,92.7,231.6,2,7.0,7.6,36.4,15.4,7.7,7.0,8.5,7.0,8.4,7.0,9.6,7.6,9.2,7.0,8.4,7.0,7.0,7.7,7.6,7.0,7.7,7.0,7.6,7.7,7.0,69.0,7.0,9.8,6.4,7.0,7.7,7.7,5.3,9.0,7.1,7.0,7.1,7.0,7.0,7.7,7.0,9.0,7.0,7.0,7.0,9.0,7.0,7.7,0.0,0.0,0.0,0.0,0.0,0.0,0.0,0.0,0.0,0.0,0.0,0.0,0.0,0.0,0.0,0.0,0.0,0.0,0.0,0.0,0.0,0.0,0.0,0.0,0.0,0.0,0.0,0.0,0.0,0.0,0.0,0.0,0.0,0.0,0.0,0.0,0.0,0.0,0.0,0.0,0.0,0.0,0.0,0.0,0.0,0.0,0.0,0.0
2026-02-04T15:37:41.088391,2693.0,2.5,48,92.8,232.7,2,10.3,7.7,81.8,7.1,8.5,8.5,8.3,9.6,8.3,8.4,8.1,7.2,7.6,7.7,7.7,8.4,8.3,7.8,8.4,7.7,9.0,7.7,7.8,7.7,7.7,24.8,13.3,9.2,7.7,7.7,7.7,7.7,7.8,7.7,7.7,7.7,7.7,7.7,7.7,7.7,7.7,7.7,8.4,7.7,9.8,9.1,7.7,9.9,0.0,0.0,0.0,0.0,0.0,0.0,0.0,0.0,0.0,0.0,0.0,0.0,0.0,0.0,0.0,0.0,0.0,0.0,0.0,0.0,0.0,0.0,0.0,0.0,0.0,0.0,0.0,0.0,0.0,0.0,0.0,0.0,0.0,0.0,0.0,0.0,0.0,0.0,0.0,0.0,0.0,0.0,0.0,0.0,0.0,0.0,0.0,0.0
2026-02-04T15:37:43.317975,2695.2,2.4,48,92.5,232.7,2,7.6,6.9,19.2,13.2,88.3,12.2,9.7,6.0,6.9,11.4,7.6,13.3,8.3,9.2,9.0,7.6,6.9,7.1,7.6,13.3,6.8,13.4,6.8,7.1,6.9,6.9,6.9,9.7,6.9,13.3,12.2,7.9,7.4,6.9,12.2,12.0,12.3,12.2,6.9,9.9,6.9,7.2,13.3,7.6,6.9,7.6,6.9,13.4,0.0,0.0,0.0,0.0,0.0,0.0,0.0,0.0,0.0,0.0,0.0,0.0,0.0,0.0,0.0,0.0,0.0,0.0,0.0,0.0,0.0,0.0,0.0,0.0,0.0,0.0,0.0,0.0,0.0,0.0,0.0,0.0,0.0,0.0,0.0,0.0,0.0,0.0,0.0,0.0,0.0,0.0,0.0,0.0,0.0,0.0,0.0,0.0
2026-02-04T15:37:45.547995,2697.4,11.0,48,5464.4,223.1,2,9.0,8.3,94.4,8.3,12.6,6.3,8.4,8.7,8.4,6.0,9.0,5.8,8.3,6.7,8.3,8.3,8.4,8.1,8.4,5.8,8.4,6.3,8.4,8.1,8.3,8.3,13.1,9.8,10.4,6.3,6.3,8.0,8.4,9.0,6.3,5.8,5.7,5.8,9.7,6.7,8.3,7.3,6.3,7.6,9.0,8.3,9.0,5.8,0.0,0.0,0.0,0.0,0.0,0.0,0.0,0.0,0.0,0.0,0.0,0.0,0.0,0.0,0.0,0.0,0.0,0.0,0.0,0.0,0.0,0.0,0.0,0.0,0.0,0.0,0.0,0.0,0.0,0.0,0.0,0.0,0.0,0.0,0.0,0.0,0.0,0.0,0.0,0.0,0.0,0.0,0.0,0.0,0.0,0.0,0.0,0.0
2026-02-04T15:37:47.776859,2699.7,93.6,48,6026.1,221.2,2,13.2,13.2,14.6,18.9,98.6,12.6,13.3,12.6,14.0,12.6,14.0,13.3,13.3,13.3,16.1,12.6,13.3,12.6,13.9,13.3,13.3,13.3,12.6,13.3,13.3,12.6,12.6,17.2,12.6,13.3,13.3,12.6,14.0,12.6,13.3,12.6,13.3,12.6,14.0,12.6,13.3,12.6,13.3,13.2,14.0,12.6,14.0,12.6,0.0,0.0,0.0,0.0,0.0,0.0,0.0,0.0,0.0,0.0,0.0,0.0,0.0,0.0,0.0,0.0,0.0,0.0,0.0,0.0,0.0,0.0,0.0,0.0,0.0,0.0,0.0,0.0,0.0,0.0,0.0,0.0,0.0,0.0,0.0,0.0,0.0,0.0,0.0,0.0,0.0,0.0,0.0,0.0,0.0,0.0,0.0,0.0
2026-02-04T15:37:50.002710,2701.9,5.4,48,124.0,232.6,2,14.4,12.7,97.9,7.9,8.5,7.9,7.7,8.6,8.5,7.9,9.2,7.9,8.6,8.5,9.3,8.6,7.8,8.6,9.2,7.9,7.8,8.6,8.6,8.6,7.9,9.9,14.3,12.0,10.0,8.5,10.0,7.9,9.3,7.9,9.3,8.6,9.3,7.9,7.9,8.6,8.6,7.9,7.9,8.6,9.2,8.6,8.6,7.9,0.0,0.0,0.0,0.0,0.0,0.0,0.0,0.0,0.0,0.0,0.0,0.0,0.0,0.0,0.0,0.0,0.0,0.0,0.0,0.0,0.0,0.0,0.0,0.0,0.0,0.0,0.0,0.0,0.0,0.0,0.0,0.0,0.0,0.0,0.0,0.0,0.0,0.0,0.0,0.0,0.0,0.0,0.0,0.0,0.0,0.0,0.0,0.0
2026-02-04T15:37:52.228563,2704.1,2.8,48,123.0,234.6,2,11.0,9.2,97.9,7.0,9.2,7.7,7.7,7.0,9.9,7.6,9.9,7.0,8.3,7.0,7.6,7.0,7.0,7.0,7.7,7.6,7.0,7.0,7.0,7.0,7.0,14.5,7.7,8.5,6.3,7.7,9.0,7.0,7.0,6.9,7.0,7.0,7.0,7.0,7.0,7.7,7.0,7.0,7.0,7.6,7.6,6.3,7.0,7.0,0.0,0.0,0.0,0.0,0.0,0.0,0.0,0.0,0.0,0.0,0.0,0.0,0.0,0.0,0.0,0.0,0.0,0.0,0.0,0.0,0.0,0.0,0.0,0.0,0.0,0.0,0.0,0.0,0.0,0.0,0.0,0.0,0.0,0.0,0.0,0.0,0.0,0.0,0.0,0.0,0.0,0.0,0.0,0.0,0.0,0.0,0.0,0.0
2026-02-04T15:37:54.455163,2706.3,3.0,48,93.2,234.6,2,9.7,20.1,90.9,7.0,7.7,7.6,9.1,7.0,9.1,7.0,9.0,7.7,9.1,7.0,7.0,7.0,8.4,7.7,9.0,7.7,7.0,8.5,7.6,7.0,7.7,7.0,8.3,11.1,9.0,7.0,8.4,7.0,7.7,7.0,7.0,7.0,7.7,7.0,7.7,7.6,7.0,7.0,7.7,7.0,7.0,7.0,8.4,7.7,0.0,0.0,0.0,0.0,0.0,0.0,0.0,0.0,0.0,0.0,0.0,0.0,0.0,0.0,0.0,0.0,0.0,0.0,0.0,0.0,0.0,0.0,0.0,0.0,0.0,0.0,0.0,0.0,0.0,0.0,0.0,0.0,0.0,0.0,0.0,0.0,0.0,0.0,0.0,0.0,0.0,0.0,0.0,0.0,0.0,0.0,0.0,0.0
2026-02-04T15:37:56.681172,2708.6,2.2,48,123.5,232.6,2,9.1,48.2,58.5,7.0,7.7,7.0,7.7,7.7,7.7,7.0,7.7,7.0,6.3,8.1,7.7,8.2,7.7,7.0,7.8,7.0,7.7,7.0,7.8,8.4,7.7,12.6,8.5,9.9,7.7,7.0,8.5,7.0,8.4,8.5,7.0,7.0,7.7,7.0,7.6,7.7,7.0,7.0,7.0,7.0,7.7,7.0,7.0,7.0,0.0,0.0,0.0,0.0,0.0,0.0,0.0,0.0,0.0,0.0,0.0,0.0,0.0,0.0,0.0,0.0,0.0,0.0,0.0,0.0,0.0,0.0,0.0,0.0,0.0,0.0,0.0,0.0,0.0,0.0,0.0,0.0,0.0,0.0,0.0,0.0,0.0,0.0,0.0,0.0,0.0,0.0,0.0,0.0,0.0,0.0,0.0,0.0
2026-02-04T15:37:58.907394,2710.8,2.3,48,92.7,232.6,2,12.4,7.7,83.7,7.7,29.4,7.7,7.7,7.7,9.9,7.7,8.4,7.7,8.5,6.8,11.1,6.7,8.4,7.7,8.3,7.7,7.7,7.7,8.4,7.7,7.7,7.7,7.7,9.1,8.4,7.7,8.5,7.7,7.6,8.5,8.5,7.7,7.7,7.7,7.7,7.7,7.7,7.7,7.7,7.7,7.7,7.7,7.7,7.7,0.0,0.0,0.0,0.0,0.0,0.0,0.0,0.0,0.0,0.0,0.0,0.0,0.0,0.0,0.0,0.0,0.0,0.0,0.0,0.0,0.0,0.0,0.0,0.0,0.0,0.0,0.0,0.0,0.0,0.0,0.0,0.0,0.0,0.0,0.0,0.0,0.0,0.0,0.0,0.0,0.0,0.0,0.0,0.0,0.0,0.0,0.0,0.0
2026-02-04T15:38:01.135318,2713.0,2.8,48,123.7,233.7,2,10.5,7.0,37.8,7.7,71.8,7.7,8.5,7.7,8.4,8.0,7.7,7.7,8.4,7.7,9.2,7.7,7.7,7.7,7.7,7.7,10.4,7.7,8.3,7.7,7.7,7.7,14.0,9.2,7.7,7.7,8.3,7.7,7.8,8.4,8.4,8.4,8.5,7.7,7.7,7.7,7.7,7.7,7.7,9.0,6.9,7.7,7.7,7.7,0.0,0.0,0.0,0.0,0.0,0.0,0.0,0.0,0.0,0.0,0.0,0.0,0.0,0.0,0.0,0.0,0.0,0.0,0.0,0.0,0.0,0.0,0.0,0.0,0.0,0.0,0.0,0.0,0.0,0.0,0.0,0.0,0.0,0.0,0.0,0.0,0.0,0.0,0.0,0.0,0.0,0.0,0.0,0.0,0.0,0.0,0.0,0.0
2026-02-04T15:38:03.391466,2715.3,2.4,48,93.4,233.7,2,9.6,8.4,97.9,7.0,8.4,6.9,7.7,6.3,9.0,6.8,8.5,7.0,7.1,7.0,7.6,7.0,8.3,8.4,6.3,7.0,7.1,7.0,7.0,7.0,7.7,7.0,6.2,9.1,7.0,7.0,7.6,7.0,6.3,6.3,7.0,7.7,7.7,7.0,7.0,7.0,7.0,7.0,7.0,7.7,7.8,7.6,6.3,7.7,0.0,0.0,0.0,0.0,0.0,0.0,0.0,0.0,0.0,0.0,0.0,0.0,0.0,0.0,0.0,0.0,0.0,0.0,0.0,0.0,0.0,0.0,0.0,0.0,0.0,0.0,0.0,0.0,0.0,0.0,0.0,0.0,0.0,0.0,0.0,0.0,0.0,0.0,0.0,0.0,0.0,0.0,0.0,0.0,0.0,0.0,0.0,0.0
2026-02-04T15:38:05.617575,2717.5,2.9,48,92.4,232.7,2,7.6,7.5,98.6,7.6,10.4,8.3,9.0,7.6,9.7,7.6,8.3,11.6,8.3,7.6,7.7,7.5,7.6,7.6,6.2,7.6,8.3,7.6,8.4,7.6,7.6,13.1,7.7,10.4,7.6,7.6,9.0,7.6,7.5,7.6,8.9,7.6,7.6,7.6,8.2,8.3,7.6,7.6,7.6,7.6,7.6,7.6,7.6,7.5,0.0,0.0,0.0,0.0,0.0,0.0,0.0,0.0,0.0,0.0,0.0,0.0,0.0,0.0,0.0,0.0,0.0,0.0,0.0,0.0,0.0,0.0,0.0,0.0,0.0,0.0,0.0,0.0,0.0,0.0,0.0,0.0,0.0,0.0,0.0,0.0,0.0,0.0,0.0,0.0,0.0,0.0,0.0,0.0,0.0,0.0,0.0,0.0
2026-02-04T15:38:07.844379,2719.7,2.0,48,92.5,232.7,2,9.9,7.1,64.8,9.1,49.0,10.1,7.7,10.2,8.5,10.9,8.5,6.5,8.3,7.0,8.4,7.8,7.7,9.3,6.9,9.3,7.7,10.3,7.7,9.3,7.7,10.3,7.0,7.7,8.3,9.3,9.7,7.0,11.2,7.0,7.8,9.3,10.2,9.3,11.1,7.0,7.0,9.3,8.5,7.0,9.0,7.1,7.0,7.8,0.0,0.0,0.0,0.0,0.0,0.0,0.0,0.0,0.0,0.0,0.0,0.0,0.0,0.0,0.0,0.0,0.0,0.0,0.0,0.0,0.0,0.0,0.0,0.0,0.0,0.0,0.0,0.0,0.0,0.0,0.0,0.0,0.0,0.0,0.0,0.0,0.0,0.0,0.0,0.0,0.0,0.0,0.0,0.0,0.0,0.0,0.0,0.0
2026-02-04T15:38:10.071754,2722.0,2.3,48,92.9,234.6,2,7.7,7.0,55.6,5.7,52.8,5.4,7.7,5.6,9.8,5.4,7.7,5.5,6.9,7.7,7.7,7.0,7.0,5.6,7.9,5.6,7.7,5.6,7.7,5.6,7.0,5.6,13.3,10.3,6.2,6.2,9.7,7.7,8.5,7.0,7.0,6.7,5.6,5.6,6.2,7.0,7.7,5.6,7.0,8.3,7.6,7.5,7.0,8.4,0.0,0.0,0.0,0.0,0.0,0.0,0.0,0.0,0.0,0.0,0.0,0.0,0.0,0.0,0.0,0.0,0.0,0.0,0.0,0.0,0.0,0.0,0.0,0.0,0.0,0.0,0.0,0.0,0.0,0.0,0.0,0.0,0.0,0.0,0.0,0.0,0.0,0.0,0.0,0.0,0.0,0.0,0.0,0.0,0.0,0.0,0.0,0.0
2026-02-04T15:38:12.299510,2724.2,2.3,47,92.5,234.6,2,6.3,11.3,47.2,7.7,8.5,6.3,9.1,6.3,7.7,6.3,9.0,7.9,7.7,6.3,9.6,57.2,9.1,6.3,6.9,6.3,6.3,6.3,7.7,6.3,6.3,6.3,6.3,8.4,7.0,7.0,11.0,7.0,4.5,7.0,6.2,7.0,6.3,7.0,6.3,7.7,7.0,6.3,7.0,6.3,7.7,7.0,6.3,6.3,0.0,0.0,0.0,0.0,0.0,0.0,0.0,0.0,0.0,0.0,0.0,0.0,0.0,0.0,0.0,0.0,0.0,0.0,0.0,0.0,0.0,0.0,0.0,0.0,0.0,0.0,0.0,0.0,0.0,0.0,0.0,0.0,0.0,0.0,0.0,0.0,0.0,0.0,0.0,0.0,0.0,0.0,0.0,0.0,0.0,0.0,0.0,0.0
2026-02-04T15:38:14.526204,2726.4,3.2,48,123.7,232.6,2,7.7,7.7,67.4,7.1,9.7,7.7,9.2,7.7,7.7,9.1,8.5,6.4,7.7,10.7,8.3,42.1,8.4,7.7,7.9,8.4,7.7,7.7,9.1,8.4,8.5,13.3,8.5,9.2,7.7,8.5,9.8,8.4,8.3,7.7,8.5,7.7,8.5,8.3,7.7,8.4,7.7,8.4,8.4,7.7,8.5,7.8,8.4,7.7,0.0,0.0,0.0,0.0,0.0,0.0,0.0,0.0,0.0,0.0,0.0,0.0,0.0,0.0,0.0,0.0,0.0,0.0,0.0,0.0,0.0,0.0,0.0,0.0,0.0,0.0,0.0,0.0,0.0,0.0,0.0,0.0,0.0,0.0,0.0,0.0,0.0,0.0,0.0,0.0,0.0,0.0,0.0,0.0,0.0,0.0,0.0,0.0
2026-02-04T15:38:16.752690,2728.6,2.1,48,93.0,232.7,2,6.3,7.7,40.8,12.8,8.4,7.7,7.7,6.4,8.3,7.1,7.8,7.1,7.7,6.8,9.7,6.9,5.6,7.7,8.3,6.4,9.1,7.1,69.7,9.7,7.6,7.8,8.3,9.8,7.7,7.1,9.0,7.1,7.8,7.8,7.7,7.7,8.4,7.8,7.7,7.1,7.7,7.0,7.8,7.7,7.7,7.7,7.8,7.0,0.0,0.0,0.0,0.0,0.0,0.0,0.0,0.0,0.0,0.0,0.0,0.0,0.0,0.0,0.0,0.0,0.0,0.0,0.0,0.0,0.0,0.0,0.0,0.0,0.0,0.0,0.0,0.0,0.0,0.0,0.0,0.0,0.0,0.0,0.0,0.0,0.0,0.0,0.0,0.0,0.0,0.0,0.0,0.0,0.0,0.0,0.0,0.0
2026-02-04T15:38:18.979427,2730.9,2.0,48,123.8,232.9,2,9.1,8.4,76.1,7.6,9.2,7.7,7.7,8.3,7.7,9.0,9.6,7.6,10.6,7.6,7.7,8.5,7.7,7.7,7.0,7.6,8.4,7.6,32.6,6.4,8.4,7.6,7.7,9.9,13.3,7.6,10.4,7.6,7.7,8.3,8.4,7.6,7.6,7.6,7.6,8.3,7.0,7.7,7.6,7.7,7.7,7.7,8.3,8.4,0.0,0.0,0.0,0.0,0.0,0.0,0.0,0.0,0.0,0.0,0.0,0.0,0.0,0.0,0.0,0.0,0.0,0.0,0.0,0.0,0.0,0.0,0.0,0.0,0.0,0.0,0.0,0.0,0.0,0.0,0.0,0.0,0.0,0.0,0.0,0.0,0.0,0.0,0.0,0.0,0.0,0.0,0.0,0.0,0.0,0.0,0.0,0.0
2026-02-04T15:38:21.205256,2733.1,3.0,48,92.7,232.9,2,8.5,7.0,97.9,13.3,9.1,7.7,14.1,7.0,7.7,7.7,7.8,7.0,7.0,7.0,7.0,7.0,7.0,7.0,7.0,7.0,7.0,7.0,7.0,7.0,7.0,7.0,7.0,9.7,7.7,7.0,9.7,7.0,7.0,7.7,7.7,7.0,7.0,7.0,7.0,7.7,7.7,7.7,7.7,7.0,7.7,7.0,8.5,7.0,0.0,0.0,0.0,0.0,0.0,0.0,0.0,0.0,0.0,0.0,0.0,0.0,0.0,0.0,0.0,0.0,0.0,0.0,0.0,0.0,0.0,0.0,0.0,0.0,0.0,0.0,0.0,0.0,0.0,0.0,0.0,0.0,0.0,0.0,0.0,0.0,0.0,0.0,0.0,0.0,0.0,0.0,0.0,0.0,0.0,0.0,0.0,0.0
2026-02-04T15:38:23.431517,2735.3,2.1,47,123.4,233.4,2,9.0,7.0,97.9,4.9,9.2,7.7,8.4,8.3,9.2,7.0,7.7,7.0,7.7,7.0,9.8,7.1,7.6,7.0,8.3,7.0,8.4,7.0,7.7,7.0,7.7,7.6,7.7,9.8,7.0,6.9,7.9,9.7,7.0,12.6,6.9,7.0,7.6,7.0,7.0,7.0,6.3,7.0,7.7,7.0,7.7,7.0,7.0,7.0,0.0,0.0,0.0,0.0,0.0,0.0,0.0,0.0,0.0,0.0,0.0,0.0,0.0,0.0,0.0,0.0,0.0,0.0,0.0,0.0,0.0,0.0,0.0,0.0,0.0,0.0,0.0,0.0,0.0,0.0,0.0,0.0,0.0,0.0,0.0,0.0,0.0,0.0,0.0,0.0,0.0,0.0,0.0,0.0,0.0,0.0,0.0,0.0
2026-02-04T15:38:25.687223,2737.6,3.1,48,93.3,233.5,2,7.7,7.0,98.6,8.2,8.4,6.9,8.4,6.1,9.2,7.5,7.7,17.1,7.8,15.4,10.4,7.7,9.2,8.3,9.1,8.2,7.7,8.2,7.7,7.0,8.4,7.5,7.7,9.1,7.7,8.3,7.6,5.7,7.7,8.2,7.1,9.0,9.4,8.2,9.0,7.5,7.6,7.5,8.1,8.5,8.5,7.0,8.4,7.7,0.0,0.0,0.0,0.0,0.0,0.0,0.0,0.0,0.0,0.0,0.0,0.0,0.0,0.0,0.0,0.0,0.0,0.0,0.0,0.0,0.0,0.0,0.0,0.0,0.0,0.0,0.0,0.0,0.0,0.0,0.0,0.0,0.0,0.0,0.0,0.0,0.0,0.0,0.0,0.0,0.0,0.0,0.0,0.0,0.0,0.0,0.0,0.0
2026-02-04T15:38:27.914302,2739.8,1.9,48,123.9,233.5,2,6.9,8.2,97.3,7.2,10.4,7.6,8.3,7.5,6.9,7.1,8.2,6.8,6.9,5.8,8.3,13.8,7.6,6.6,7.7,7.2,7.7,7.8,8.3,7.6,8.3,7.1,7.6,8.3,6.9,7.7,10.2,7.6,7.6,6.5,8.2,6.5,7.5,7.8,7.2,6.5,9.6,7.1,7.2,8.4,7.6,7.7,7.6,7.6,0.0,0.0,0.0,0.0,0.0,0.0,0.0,0.0,0.0,0.0,0.0,0.0,0.0,0.0,0.0,0.0,0.0,0.0,0.0,0.0,0.0,0.0,0.0,0.0,0.0,0.0,0.0,0.0,0.0,0.0,0.0,0.0,0.0,0.0,0.0,0.0,0.0,0.0,0.0,0.0,0.0,0.0,0.0,0.0,0.0,0.0,0.0,0.0
2026-02-04T15:38:30.141543,2742.0,1.7,48,92.6,233.5,2,9.1,6.9,97.9,6.9,7.0,6.9,7.7,6.9,7.0,6.9,7.7,6.9,8.3,6.9,8.4,6.9,6.9,6.9,7.6,6.9,6.9,6.9,8.3,6.9,7.6,6.9,6.9,9.8,7.6,6.9,9.0,6.9,7.6,6.9,7.0,6.9,6.9,7.6,6.9,7.6,6.9,7.6,6.9,6.9,6.9,6.9,6.9,6.9,0.0,0.0,0.0,0.0,0.0,0.0,0.0,0.0,0.0,0.0,0.0,0.0,0.0,0.0,0.0,0.0,0.0,0.0,0.0,0.0,0.0,0.0,0.0,0.0,0.0,0.0,0.0,0.0,0.0,0.0,0.0,0.0,0.0,0.0,0.0,0.0,0.0,0.0,0.0,0.0,0.0,0.0,0.0,0.0,0.0,0.0,0.0,0.0
2026-02-04T15:38:32.367455,2744.3,2.3,48,92.5,233.5,2,9.2,7.8,97.9,7.8,9.7,7.7,9.1,7.8,9.1,7.8,9.2,7.8,7.8,7.8,7.7,7.8,8.4,7.8,8.5,7.8,7.8,7.8,7.8,7.8,9.9,7.8,7.8,9.2,7.8,7.8,10.4,7.8,7.9,7.8,7.8,7.8,8.5,8.5,7.8,7.8,13.5,7.8,7.8,7.8,7.8,7.8,8.5,13.3,0.0,0.0,0.0,0.0,0.0,0.0,0.0,0.0,0.0,0.0,0.0,0.0,0.0,0.0,0.0,0.0,0.0,0.0,0.0,0.0,0.0,0.0,0.0,0.0,0.0,0.0,0.0,0.0,0.0,0.0,0.0,0.0,0.0,0.0,0.0,0.0,0.0,0.0,0.0,0.0,0.0,0.0,0.0,0.0,0.0,0.0,0.0,0.0
2026-02-04T15:38:34.593781,2746.5,2.3,47,92.9,233.5,2,7.7,7.0,97.9,7.0,9.1,7.1,7.7,11.1,7.7,7.0,7.5,7.0,7.0,6.9,8.0,7.0,7.8,7.7,8.3,7.7,14.0,7.7,7.0,7.0,7.7,7.0,7.7,8.5,7.7,7.0,11.0,7.0,9.0,7.0,7.0,7.7,7.7,7.7,7.7,7.0,7.7,7.0,7.7,7.7,7.7,7.0,7.7,5.0,0.0,0.0,0.0,0.0,0.0,0.0,0.0,0.0,0.0,0.0,0.0,0.0,0.0,0.0,0.0,0.0,0.0,0.0,0.0,0.0,0.0,0.0,0.0,0.0,0.0,0.0,0.0,0.0,0.0,0.0,0.0,0.0,0.0,0.0,0.0,0.0,0.0,0.0,0.0,0.0,0.0,0.0,0.0,0.0,0.0,0.0,0.0,0.0
2026-02-04T15:38:36.820228,2748.7,1.9,48,93.1,233.5,2,7.0,8.3,98.6,7.0,8.5,7.0,10.6,6.3,9.0,7.7,7.2,8.7,7.6,7.1,8.1,7.0,7.0,7.0,7.0,7.0,7.7,7.7,7.0,7.7,7.7,7.0,7.0,9.1,7.0,7.7,8.4,7.0,9.2,7.7,9.0,7.7,7.0,7.0,7.7,8.3,7.7,7.6,7.0,7.7,13.4,7.0,7.8,7.0,0.0,0.0,0.0,0.0,0.0,0.0,0.0,0.0,0.0,0.0,0.0,0.0,0.0,0.0,0.0,0.0,0.0,0.0,0.0,0.0,0.0,0.0,0.0,0.0,0.0,0.0,0.0,0.0,0.0,0.0,0.0,0.0,0.0,0.0,0.0,0.0,0.0,0.0,0.0,0.0,0.0,0.0,0.0,0.0,0.0,0.0,0.0,0.0
2026-02-04T15:38:39.046888,2750.9,3.0,48,92.6,233.5,2,8.3,7.0,99.3,7.7,9.1,7.7,7.8,6.5,7.8,7.0,8.4,5.9,7.7,7.0,12.8,8.3,7.7,7.8,7.6,7.7,8.5,13.4,7.7,7.7,9.2,7.0,9.0,8.4,7.7,7.7,8.4,7.6,7.7,8.5,7.8,7.7,8.4,7.0,8.5,7.6,8.5,7.0,9.1,6.9,9.1,7.7,7.6,7.7,0.0,0.0,0.0,0.0,0.0,0.0,0.0,0.0,0.0,0.0,0.0,0.0,0.0,0.0,0.0,0.0,0.0,0.0,0.0,0.0,0.0,0.0,0.0,0.0,0.0,0.0,0.0,0.0,0.0,0.0,0.0,0.0,0.0,0.0,0.0,0.0,0.0,0.0,0.0,0.0,0.0,0.0,0.0,0.0,0.0,0.0,0.0,0.0
2026-02-04T15:38:41.284966,2753.2,1.4,48,92.9,233.5,2,8.5,6.3,98.0,13.6,9.8,7.0,7.6,7.1,6.9,7.1,7.7,6.3,7.0,6.3,9.1,7.7,7.0,6.4,7.8,10.0,7.0,7.0,6.3,15.2,9.7,9.8,7.0,8.5,9.9,7.9,10.4,15.6,7.0,17.6,7.7,17.6,9.0,15.2,7.0,15.6,7.0,15.2,7.0,7.1,7.0,7.0,6.3,16.7,0.0,0.0,0.0,0.0,0.0,0.0,0.0,0.0,0.0,0.0,0.0,0.0,0.0,0.0,0.0,0.0,0.0,0.0,0.0,0.0,0.0,0.0,0.0,0.0,0.0,0.0,0.0,0.0,0.0,0.0,0.0,0.0,0.0,0.0,0.0,0.0,0.0,0.0,0.0,0.0,0.0,0.0,0.0,0.0,0.0,0.0,0.0,0.0
2026-02-04T15:38:43.511292,2755.4,2.3,41,123.7,233.5,2,7.0,7.0,98.0,5.0,9.1,7.7,7.7,6.9,7.7,6.3,7.7,7.7,7.0,7.7,8.4,7.0,9.0,7.0,9.0,5.4,8.3,8.3,7.7,5.4,12.6,5.2,9.1,10.4,5.4,6.9,9.7,5.0,8.4,5.0,7.6,5.0,8.4,4.5,7.0,5.0,7.0,5.5,7.6,7.0,7.0,6.9,7.7,4.5,0.0,0.0,0.0,0.0,0.0,0.0,0.0,0.0,0.0,0.0,0.0,0.0,0.0,0.0,0.0,0.0,0.0,0.0,0.0,0.0,0.0,0.0,0.0,0.0,0.0,0.0,0.0,0.0,0.0,0.0,0.0,0.0,0.0,0.0,0.0,0.0,0.0,0.0,0.0,0.0,0.0,0.0,0.0,0.0,0.0,0.0,0.0,0.0
2026-02-04T15:38:45.737764,2757.6,2.3,48,92.6,234.0,2,7.6,7.7,98.7,7.0,8.4,6.9,14.2,7.0,7.7,7.0,10.6,7.0,8.4,7.0,7.7,7.0,7.7,7.0,7.8,7.0,7.7,7.7,8.9,7.0,8.4,7.7,7.6,9.7,7.0,7.0,8.5,7.7,9.7,7.0,7.0,7.7,7.0,7.0,7.0,7.7,7.0,8.3,7.0,7.7,7.7,7.0,7.0,5.6,0.0,0.0,0.0,0.0,0.0,0.0,0.0,0.0,0.0,0.0,0.0,0.0,0.0,0.0,0.0,0.0,0.0,0.0,0.0,0.0,0.0,0.0,0.0,0.0,0.0,0.0,0.0,0.0,0.0,0.0,0.0,0.0,0.0,0.0,0.0,0.0,0.0,0.0,0.0,0.0,0.0,0.0,0.0,0.0,0.0,0.0,0.0,0.0
2026-02-04T15:38:47.993989,2759.9,1.9,48,124.1,234.1,2,7.0,7.7,98.7,7.0,8.5,8.5,7.6,8.3,8.4,7.7,8.4,7.7,7.7,8.4,8.4,9.1,8.5,8.4,8.9,7.7,8.4,8.4,7.8,7.7,8.4,8.4,7.8,10.5,7.0,7.7,7.6,7.7,9.2,12.6,8.3,7.7,7.7,7.0,7.7,7.7,7.7,7.7,7.7,7.7,8.3,7.7,7.7,7.7,0.0,0.0,0.0,0.0,0.0,0.0,0.0,0.0,0.0,0.0,0.0,0.0,0.0,0.0,0.0,0.0,0.0,0.0,0.0,0.0,0.0,0.0,0.0,0.0,0.0,0.0,0.0,0.0,0.0,0.0,0.0,0.0,0.0,0.0,0.0,0.0,0.0,0.0,0.0,0.0,0.0,0.0,0.0,0.0,0.0,0.0,0.0,0.0
2026-02-04T15:38:50.220864,2762.1,2.5,48,93.0,234.1,2,6.9,6.9,98.7,8.2,7.6,12.1,9.7,6.8,6.9,6.9,7.6,6.9,8.3,8.0,7.5,12.5,6.9,8.2,6.9,9.0,7.6,8.0,6.9,9.0,6.9,8.2,6.9,7.6,6.9,8.2,8.3,9.8,8.8,8.2,8.3,8.2,8.2,6.9,8.2,6.9,6.9,8.2,8.2,7.6,7.0,8.2,6.8,8.2,0.0,0.0,0.0,0.0,0.0,0.0,0.0,0.0,0.0,0.0,0.0,0.0,0.0,0.0,0.0,0.0,0.0,0.0,0.0,0.0,0.0,0.0,0.0,0.0,0.0,0.0,0.0,0.0,0.0,0.0,0.0,0.0,0.0,0.0,0.0,0.0,0.0,0.0,0.0,0.0,0.0,0.0,0.0,0.0,0.0,0.0,0.0,0.0
2026-02-04T15:38:52.447191,2764.3,2.2,48,123.5,234.1,2,10.5,7.7,98.6,6.7,7.7,7.7,9.3,7.3,8.4,7.7,8.5,7.7,7.7,8.6,9.2,7.7,7.7,6.7,9.5,6.7,7.7,7.3,9.2,6.7,7.7,6.7,7.7,9.2,7.6,6.7,7.7,6.7,7.8,6.7,7.3,6.7,6.7,8.3,6.7,7.7,13.3,6.7,6.7,9.2,7.7,9.2,7.8,6.7,0.0,0.0,0.0,0.0,0.0,0.0,0.0,0.0,0.0,0.0,0.0,0.0,0.0,0.0,0.0,0.0,0.0,0.0,0.0,0.0,0.0,0.0,0.0,0.0,0.0,0.0,0.0,0.0,0.0,0.0,0.0,0.0,0.0,0.0,0.0,0.0,0.0,0.0,0.0,0.0,0.0,0.0,0.0,0.0,0.0,0.0,0.0,0.0
2026-02-04T15:38:54.673352,2766.6,4.0,48,92.5,234.1,2,9.8,8.4,99.3,7.7,9.1,9.0,9.0,7.7,9.7,13.6,9.0,7.7,9.2,7.7,9.9,7.7,8.6,7.7,7.1,7.7,8.4,8.4,8.4,13.4,9.1,7.7,9.9,10.4,10.6,7.7,9.1,7.7,7.7,8.4,8.5,7.7,8.4,7.7,8.5,7.7,7.7,8.5,8.5,7.7,7.7,8.4,7.7,8.5,0.0,0.0,0.0,0.0,0.0,0.0,0.0,0.0,0.0,0.0,0.0,0.0,0.0,0.0,0.0,0.0,0.0,0.0,0.0,0.0,0.0,0.0,0.0,0.0,0.0,0.0,0.0,0.0,0.0,0.0,0.0,0.0,0.0,0.0,0.0,0.0,0.0,0.0,0.0,0.0,0.0,0.0,0.0,0.0,0.0,0.0,0.0,0.0
2026-02-04T15:38:56.900571,2768.8,2.8,48,124.5,234.1,2,9.1,11.2,69.7,8.4,47.2,8.4,9.2,9.1,12.0,6.4,10.6,10.1,7.7,7.0,11.8,7.0,8.3,8.4,7.0,7.7,7.7,8.4,7.7,7.7,9.8,7.7,7.7,9.9,8.4,7.7,7.7,7.0,7.7,7.7,8.3,7.7,8.4,8.4,7.6,7.7,7.1,7.7,7.0,11.2,8.4,7.7,7.7,8.3,0.0,0.0,0.0,0.0,0.0,0.0,0.0,0.0,0.0,0.0,0.0,0.0,0.0,0.0,0.0,0.0,0.0,0.0,0.0,0.0,0.0,0.0,0.0,0.0,0.0,0.0,0.0,0.0,0.0,0.0,0.0,0.0,0.0,0.0,0.0,0.0,0.0,0.0,0.0,0.0,0.0,0.0,0.0,0.0,0.0,0.0,0.0,0.0
2026-02-04T15:38:59.127051,2771.0,3.2,48,92.8,234.1,2,10.5,8.4,46.3,8.4,67.8,11.6,9.1,8.4,8.4,8.5,9.1,6.8,8.4,9.0,8.5,8.4,8.4,8.5,8.5,9.1,8.4,8.5,8.5,8.5,8.5,8.5,9.7,9.8,8.4,7.7,14.8,7.7,8.5,7.7,8.5,7.7,8.5,7.7,10.6,7.7,7.7,8.5,7.7,10.6,9.0,7.0,9.1,8.5,0.0,0.0,0.0,0.0,0.0,0.0,0.0,0.0,0.0,0.0,0.0,0.0,0.0,0.0,0.0,0.0,0.0,0.0,0.0,0.0,0.0,0.0,0.0,0.0,0.0,0.0,0.0,0.0,0.0,0.0,0.0,0.0,0.0,0.0,0.0,0.0,0.0,0.0,0.0,0.0,0.0,0.0,0.0,0.0,0.0,0.0,0.0,0.0
2026-02-04T15:39:01.353820,2773.2,2.8,48,124.1,234.1,2,7.0,7.0,97.9,6.3,7.7,9.7,13.3,7.7,7.0,7.0,9.8,12.6,7.7,7.7,8.4,7.0,7.7,7.0,7.7,7.0,7.8,7.6,10.4,7.0,8.5,7.0,7.7,9.9,8.4,7.0,7.0,7.6,7.0,7.7,7.0,7.7,7.0,7.7,7.0,7.0,7.0,7.0,7.0,7.7,7.1,7.0,7.0,8.5,0.0,0.0,0.0,0.0,0.0,0.0,0.0,0.0,0.0,0.0,0.0,0.0,0.0,0.0,0.0,0.0,0.0,0.0,0.0,0.0,0.0,0.0,0.0,0.0,0.0,0.0,0.0,0.0,0.0,0.0,0.0,0.0,0.0,0.0,0.0,0.0,0.0,0.0,0.0,0.0,0.0,0.0,0.0,0.0,0.0,0.0,0.0,0.0
2026-02-04T15:39:03.580062,2775.5,2.3,48,92.3,234.1,2,7.7,7.7,98.6,7.7,9.1,7.7,8.4,7.7,8.4,7.7,8.5,7.7,8.5,7.7,12.0,7.7,10.6,8.5,10.5,7.7,7.1,7.7,7.8,7.7,8.5,7.7,7.8,9.1,7.8,7.7,8.5,7.7,9.0,7.7,8.4,7.7,14.1,7.7,8.5,7.7,7.7,6.3,7.7,7.7,6.3,8.4,7.7,7.7,0.0,0.0,0.0,0.0,0.0,0.0,0.0,0.0,0.0,0.0,0.0,0.0,0.0,0.0,0.0,0.0,0.0,0.0,0.0,0.0,0.0,0.0,0.0,0.0,0.0,0.0,0.0,0.0,0.0,0.0,0.0,0.0,0.0,0.0,0.0,0.0,0.0,0.0,0.0,0.0,0.0,0.0,0.0,0.0,0.0,0.0,0.0,0.0
2026-02-04T15:39:05.812313,2777.7,2.3,48,123.3,234.1,2,11.3,8.5,98.6,8.4,12.1,10.5,10.6,9.2,9.1,9.2,9.2,9.1,9.8,9.1,10.4,8.5,8.4,8.4,9.2,14.7,7.6,8.4,8.3,9.0,9.1,8.4,8.4,9.2,9.1,8.4,8.8,9.0,9.9,9.1,8.5,8.4,8.4,9.0,9.8,8.4,7.7,8.5,7.7,9.9,8.3,9.2,9.1,8.5,0.0,0.0,0.0,0.0,0.0,0.0,0.0,0.0,0.0,0.0,0.0,0.0,0.0,0.0,0.0,0.0,0.0,0.0,0.0,0.0,0.0,0.0,0.0,0.0,0.0,0.0,0.0,0.0,0.0,0.0,0.0,0.0,0.0,0.0,0.0,0.0,0.0,0.0,0.0,0.0,0.0,0.0,0.0,0.0,0.0,0.0,0.0,0.0
2026-02-04T15:39:08.039774,2779.9,23.2,48,247.9,234.1,2,7.7,7.7,97.9,7.7,8.3,10.3,8.4,8.4,9.8,7.7,11.2,8.4,7.7,8.4,10.6,7.7,9.1,8.4,8.4,7.7,8.5,7.7,7.7,8.3,9.1,7.7,8.3,9.7,9.1,7.7,8.1,7.7,9.6,8.4,8.3,7.7,7.7,7.7,7.7,7.7,8.3,7.7,8.4,9.0,8.4,7.7,8.4,11.0,0.0,0.0,0.0,0.0,0.0,0.0,0.0,0.0,0.0,0.0,0.0,0.0,0.0,0.0,0.0,0.0,0.0,0.0,0.0,0.0,0.0,0.0,0.0,0.0,0.0,0.0,0.0,0.0,0.0,0.0,0.0,0.0,0.0,0.0,0.0,0.0,0.0,0.0,0.0,0.0,0.0,0.0,0.0,0.0,0.0,0.0,0.0,0.0
2026-02-04T15:39:10.337860,2782.2,44.0,3,8652.8,222.1,2,3.5,2.1,99.3,2.1,3.5,2.1,4.2,2.1,2.1,2.8,6.9,2.1,3.5,3.5,6.9,2.8,2.8,2.1,2.1,2.8,3.5,2.1,3.5,2.1,2.1,2.1,2.8,4.2,3.5,2.1,2.8,2.1,4.2,2.1,3.5,2.1,2.8,2.1,3.5,2.1,2.1,2.1,2.1,3.5,2.1,4.1,4.1,4.9,0.0,0.0,0.0,0.0,0.0,0.0,0.0,0.0,0.0,0.0,0.0,0.0,0.0,0.0,0.0,0.0,0.0,0.0,0.0,0.0,0.0,0.0,0.0,0.0,0.0,0.0,0.0,0.0,0.0,0.0,0.0,0.0,0.0,0.0,0.0,0.0,0.0,0.0,0.0,0.0,0.0,0.0,0.0,0.0,0.0,0.0,0.0,0.0
2026-02-04T15:39:12.566092,2784.5,2.2,25,2995.3,251.7,2,5.5,4.8,98.7,4.8,4.8,6.1,6.8,5.4,6.2,5.5,6.2,5.5,4.8,8.2,5.4,5.4,5.5,4.8,4.8,4.8,5.5,4.8,6.2,4.8,4.8,4.8,4.8,6.1,4.8,4.8,6.2,4.8,4.8,6.2,5.5,10.3,4.8,5.5,7.5,4.8,6.8,4.8,4.8,4.8,5.4,4.8,5.5,4.8,0.0,0.0,0.0,0.0,0.0,0.0,0.0,0.0,0.0,0.0,0.0,0.0,0.0,0.0,0.0,0.0,0.0,0.0,0.0,0.0,0.0,0.0,0.0,0.0,0.0,0.0,0.0,0.0,0.0,0.0,0.0,0.0,0.0,0.0,0.0,0.0,0.0,0.0,0.0,0.0,0.0,0.0,0.0,0.0,0.0,0.0,0.0,0.0
2026-02-04T15:39:14.792720,2786.7,1.9,48,123.4,234.1,2,7.6,7.7,98.6,20.8,7.0,11.7,8.5,10.6,8.4,7.7,9.1,12.3,9.6,25.5,7.7,8.0,9.8,7.7,9.8,9.1,8.4,24.1,7.8,24.1,12.5,32.3,7.7,9.9,7.7,24.1,7.7,12.6,11.0,22.2,7.7,22.6,9.1,9.8,10.4,22.6,7.7,9.7,20.8,10.4,8.5,7.7,10.2,8.4,0.0,0.0,0.0,0.0,0.0,0.0,0.0,0.0,0.0,0.0,0.0,0.0,0.0,0.0,0.0,0.0,0.0,0.0,0.0,0.0,0.0,0.0,0.0,0.0,0.0,0.0,0.0,0.0,0.0,0.0,0.0,0.0,0.0,0.0,0.0,0.0,0.0,0.0,0.0,0.0,0.0,0.0,0.0,0.0,0.0,0.0,0.0,0.0
2026-02-04T15:39:17.018961,2788.9,3.5,39,92.8,234.1,2,8.5,7.0,97.9,4.3,9.8,9.7,9.2,6.4,9.0,8.3,9.1,6.1,7.7,4.3,11.2,7.5,9.0,8.4,7.7,7.7,9.1,4.3,7.7,4.3,5.3,4.5,7.0,10.4,9.7,4.3,7.0,5.3,9.7,4.8,7.0,4.8,14.6,7.0,7.0,4.3,7.0,7.7,5.6,8.5,7.6,7.7,6.0,8.4,0.0,0.0,0.0,0.0,0.0,0.0,0.0,0.0,0.0,0.0,0.0,0.0,0.0,0.0,0.0,0.0,0.0,0.0,0.0,0.0,0.0,0.0,0.0,0.0,0.0,0.0,0.0,0.0,0.0,0.0,0.0,0.0,0.0,0.0,0.0,0.0,0.0,0.0,0.0,0.0,0.0,0.0,0.0,0.0,0.0,0.0,0.0,0.0
2026-02-04T15:39:19.245323,2791.1,2.3,48,123.9,234.1,2,9.7,7.7,98.6,7.7,9.2,11.0,7.7,6.6,9.1,7.7,9.2,7.5,7.7,7.7,7.6,14.1,8.5,7.7,7.7,8.4,9.1,7.7,7.6,8.5,8.5,8.3,9.1,10.6,8.5,7.7,8.4,7.7,8.5,7.7,9.2,7.7,8.5,7.7,7.7,8.4,8.5,7.7,7.7,7.7,7.8,8.4,8.4,7.7,0.0,0.0,0.0,0.0,0.0,0.0,0.0,0.0,0.0,0.0,0.0,0.0,0.0,0.0,0.0,0.0,0.0,0.0,0.0,0.0,0.0,0.0,0.0,0.0,0.0,0.0,0.0,0.0,0.0,0.0,0.0,0.0,0.0,0.0,0.0,0.0,0.0,0.0,0.0,0.0,0.0,0.0,0.0,0.0,0.0,0.0,0.0,0.0
2026-02-04T15:39:21.473074,2793.4,2.6,48,93.2,234.1,2,8.4,7.0,98.6,7.0,9.7,7.0,9.0,7.0,8.5,7.6,7.7,7.7,8.4,7.7,10.6,7.0,8.5,7.7,9.1,7.0,8.4,7.7,8.5,7.0,7.6,7.0,8.4,11.7,9.6,7.0,10.5,7.0,7.7,7.7,7.7,7.0,7.7,8.5,7.7,7.7,13.4,7.0,7.7,8.4,7.7,7.0,7.0,9.1,0.0,0.0,0.0,0.0,0.0,0.0,0.0,0.0,0.0,0.0,0.0,0.0,0.0,0.0,0.0,0.0,0.0,0.0,0.0,0.0,0.0,0.0,0.0,0.0,0.0,0.0,0.0,0.0,0.0,0.0,0.0,0.0,0.0,0.0,0.0,0.0,0.0,0.0,0.0,0.0,0.0,0.0,0.0,0.0,0.0,0.0,0.0,0.0
2026-02-04T15:39:23.699249,2795.6,2.1,48,93.4,234.1,2,9.2,7.7,97.9,8.1,9.2,11.7,7.7,9.9,9.0,7.1,8.4,7.7,8.5,7.7,12.3,7.7,7.6,7.7,7.7,7.7,7.8,8.1,9.1,8.4,7.7,7.7,8.5,9.9,7.8,9.0,8.4,8.1,7.7,8.1,8.3,7.7,9.1,7.7,8.4,8.1,8.4,7.7,7.7,9.7,7.7,8.1,8.4,7.7,0.0,0.0,0.0,0.0,0.0,0.0,0.0,0.0,0.0,0.0,0.0,0.0,0.0,0.0,0.0,0.0,0.0,0.0,0.0,0.0,0.0,0.0,0.0,0.0,0.0,0.0,0.0,0.0,0.0,0.0,0.0,0.0,0.0,0.0,0.0,0.0,0.0,0.0,0.0,0.0,0.0,0.0,0.0,0.0,0.0,0.0,0.0,0.0
2026-02-04T15:39:25.925713,2797.8,4.2,48,92.8,234.1,2,7.6,7.7,98.6,6.7,6.9,8.3,7.7,7.7,8.5,7.7,8.4,7.0,7.7,7.0,9.2,7.0,8.5,8.3,7.7,7.7,7.7,6.7,7.7,7.6,7.0,8.5,7.6,9.7,7.0,7.3,7.0,7.9,9.0,6.7,7.7,7.0,7.7,7.6,7.7,6.7,5.6,7.0,7.0,9.8,13.3,6.7,7.0,8.4,0.0,0.0,0.0,0.0,0.0,0.0,0.0,0.0,0.0,0.0,0.0,0.0,0.0,0.0,0.0,0.0,0.0,0.0,0.0,0.0,0.0,0.0,0.0,0.0,0.0,0.0,0.0,0.0,0.0,0.0,0.0,0.0,0.0,0.0,0.0,0.0,0.0,0.0,0.0,0.0,0.0,0.0,0.0,0.0,0.0,0.0,0.0,0.0
2026-02-04T15:39:28.152612,2800.0,3.2,48,123.6,234.1,2,8.4,7.7,97.9,7.7,9.9,9.1,9.1,7.7,7.7,8.5,9.2,7.7,7.7,10.0,8.3,7.6,8.4,7.7,8.4,7.7,7.7,8.3,7.7,7.7,7.7,7.7,7.7,10.5,6.3,13.3,9.8,8.4,9.2,7.7,8.5,7.7,10.6,7.7,8.5,7.7,8.5,7.7,8.3,11.1,9.1,7.6,8.4,9.1,0.0,0.0,0.0,0.0,0.0,0.0,0.0,0.0,0.0,0.0,0.0,0.0,0.0,0.0,0.0,0.0,0.0,0.0,0.0,0.0,0.0,0.0,0.0,0.0,0.0,0.0,0.0,0.0,0.0,0.0,0.0,0.0,0.0,0.0,0.0,0.0,0.0,0.0,0.0,0.0,0.0,0.0,0.0,0.0,0.0,0.0,0.0,0.0
2026-02-04T15:39:30.379730,2802.3,4.8,48,92.4,234.1,2,7.7,7.7,98.6,7.0,7.7,7.6,7.0,7.7,9.1,6.9,8.3,13.4,6.9,6.0,7.0,7.1,9.7,6.9,9.1,7.0,7.6,6.3,8.3,7.7,7.6,6.3,7.0,9.0,7.6,6.3,8.3,7.0,7.0,7.0,11.6,7.7,7.6,7.0,6.9,7.6,6.9,7.0,7.0,7.7,5.6,6.3,7.7,6.2,0.0,0.0,0.0,0.0,0.0,0.0,0.0,0.0,0.0,0.0,0.0,0.0,0.0,0.0,0.0,0.0,0.0,0.0,0.0,0.0,0.0,0.0,0.0,0.0,0.0,0.0,0.0,0.0,0.0,0.0,0.0,0.0,0.0,0.0,0.0,0.0,0.0,0.0,0.0,0.0,0.0,0.0,0.0,0.0,0.0,0.0,0.0,0.0
2026-02-04T15:39:32.518220,2804.5,1.3,48,0.0,0.0,0,10.5,6.2,83.0,7.7,9.2,8.1,8.5,7.7,10.6,11.3,13.3,7.7,8.5,9.1,12.7,7.7,11.3,7.8,9.9,7.7,7.8,8.4,9.2,7.7,12.0,7.7,7.7,9.2,9.2,7.7,9.2,7.7,9.2,7.7,7.8,7.7,8.5,9.9,11.3,11.9,7.8,8.4,7.7,9.2,8.5,9.2,9.4,10.6,0.0,0.0,0.0,0.0,0.0,0.0,0.0,0.0,0.0,0.0,0.0,0.0,0.0,0.0,0.0,0.0,0.0,0.0,0.0,0.0,0.0,0.0,0.0,0.0,0.0,0.0,0.0,0.0,0.0,0.0,0.0,0.0,0.0,0.0,0.0,0.0,0.0,0.0,0.0,0.0,0.0,0.0,0.0,0.0,0.0,0.0,0.0,0.0
2026-02-04T15:39:34.626072,2806.6,0.4,4,0.0,0.0,0,9.9,0.0,9.2,0.0,2.2,0.0,2.9,0.9,0.7,0.0,7.4,3.2,0.7,0.0,0.7,0.0,0.7,2.2,0.0,0.0,0.0,0.0,0.0,0.0,2.9,0.0,0.0,5.7,2.9,0.0,0.7,0.0,0.7,0.0,0.0,0.0,0.0,0.0,1.4,0.0,0.0,0.0,0.0,0.0,0.7,0.0,0.0,0.0,0.0,0.0,0.0,0.0,0.0,0.0,0.0,0.0,0.0,0.0,0.0,0.0,0.0,0.0,0.0,0.0,0.0,0.0,0.0,0.0,0.0,0.0,0.0,0.0,0.0,0.0,0.0,0.0,0.0,0.0,0.0,0.0,0.0,0.0,0.0,0.0,0.0,0.0,0.0,0.0,0.0,0.0,0.0,0.0,0.0,0.0,0.0,0.0
2026-02-04T15:39:36.734809,2808.7,0.4,0,0.0,0.0,0,0.0,0.0,3.7,0.6,0.7,0.0,1.5,0.0,0.0,0.5,3.7,0.0,0.0,0.0,0.0,0.0,1.5,0.0,0.7,0.0,0.0,0.0,2.2,0.0,4.5,0.0,0.0,4.4,0.0,0.0,2.2,0.0,1.5,0.0,0.0,0.0,0.7,0.0,0.0,0.0,0.0,0.0,0.0,0.0,0.0,0.0,0.0,4.5,0.0,0.0,0.0,0.0,0.0,0.0,0.0,0.0,0.0,0.0,0.0,0.0,0.0,0.0,0.0,0.0,0.0,0.0,0.0,0.0,0.0,0.0,0.0,0.0,0.0,0.0,0.0,0.0,0.0,0.0,0.0,0.0,0.0,0.0,0.0,0.0,0.0,0.0,0.0,0.0,0.0,0.0,0.0,0.0,0.0,0.0,0.0,0.0
2026-02-04T15:39:38.843033,2810.9,0.2,1,0.0,0.0,0,2.9,0.0,8.0,0.0,0.0,0.0,2.9,0.7,0.0,0.0,3.8,0.6,0.0,0.0,0.7,0.0,0.0,1.5,0.0,0.0,0.0,0.0,0.0,0.0,1.5,0.0,0.0,2.2,0.0,0.0,0.7,0.0,1.5,0.0,0.0,0.0,0.0,0.0,0.0,0.0,0.0,0.7,0.0,0.0,0.0,0.0,0.0,1.5,0.0,0.0,0.0,0.0,0.0,0.0,0.0,0.0,0.0,0.0,0.0,0.0,0.0,0.0,0.0,0.0,0.0,0.0,0.0,0.0,0.0,0.0,0.0,0.0,0.0,0.0,0.0,0.0,0.0,0.0,0.0,0.0,0.0,0.0,0.0,0.0,0.0,0.0,0.0,0.0,0.0,0.0,0.0,0.0,0.0,0.0,0.0,0.0
2026-02-04T15:39:40.950644,2813.0,0.7,0,0.0,0.0,0,0.0,0.0,4.3,0.0,0.7,0.0,1.5,0.0,3.6,0.0,0.0,0.0,0.0,0.0,2.9,0.0,0.7,0.0,0.0,0.0,0.0,0.0,0.7,0.0,0.7,0.0,0.0,2.9,0.0,0.0,0.7,0.0,0.0,0.0,1.5,0.0,1.4,0.0,0.0,0.0,0.0,0.0,0.0,1.5,0.0,0.0,0.0,0.7,0.0,0.0,0.0,0.0,0.0,0.0,0.0,0.0,0.0,0.0,0.0,0.0,0.0,0.0,0.0,0.0,0.0,0.0,0.0,0.0,0.0,0.0,0.0,0.0,0.0,0.0,0.0,0.0,0.0,0.0,0.0,0.0,0.0,0.0,0.0,0.0,0.0,0.0,0.0,0.0,0.0,0.0,0.0,0.0,0.0,0.0,0.0,0.0
2026-02-04T15:39:43.058474,2815.1,0.9,1,0.0,0.0,0,2.2,0.0,4.4,0.7,3.0,0.0,0.0,0.0,1.5,0.0,0.7,0.7,0.0,0.0,5.2,0.0,0.7,0.0,0.7,0.0,0.0,0.0,0.0,0.0,1.5,0.0,0.0,0.7,0.0,0.0,0.0,0.0,2.2,0.0,0.0,0.7,1.5,0.0,0.7,0.0,0.0,0.0,0.0,0.0,0.0,0.0,0.0,0.0,0.0,0.0,0.0,0.0,0.0,0.0,0.0,0.0,0.0,0.0,0.0,0.0,0.0,0.0,0.0,0.0,0.0,0.0,0.0,0.0,0.0,0.0,0.0,0.0,0.0,0.0,0.0,0.0,0.0,0.0,0.0,0.0,0.0,0.0,0.0,0.0,0.0,0.0,0.0,0.0,0.0,0.0,0.0,0.0,0.0,0.0,0.0,0.0
2026-02-04T15:39:45.166933,2817.2,0.0,0,0.0,0.0,0,1.5,0.0,4.3,0.7,0.0,0.0,0.0,0.0,0.8,0.0,1.5,0.0,1.5,0.0,1.5,0.0,0.0,0.0,0.0,0.0,0.0,0.0,0.0,0.0,0.0,0.0,0.8,0.7,0.0,0.0,0.0,0.0,0.0,0.0,0.0,0.0,0.0,0.0,0.0,0.0,0.0,0.0,0.0,0.0,0.0,0.0,0.0,0.0,0.0,0.0,0.0,0.0,0.0,0.0,0.0,0.0,0.0,0.0,0.0,0.0,0.0,0.0,0.0,0.0,0.0,0.0,0.0,0.0,0.0,0.0,0.0,0.0,0.0,0.0,0.0,0.0,0.0,0.0,0.0,0.0,0.0,0.0,0.0,0.0,0.0,0.0,0.0,0.0,0.0,0.0,0.0,0.0,0.0,0.0,0.0,0.0
2026-02-04T15:39:47.275057,2819.3,0.3,0,0.0,0.0,0,2.9,0.8,2.2,2.2,3.6,0.0,2.2,0.7,0.0,0.7,0.7,0.0,0.7,0.0,0.7,0.0,0.0,0.7,0.7,0.0,0.0,0.0,1.5,0.0,0.0,0.0,1.4,1.5,0.0,0.0,1.5,0.0,0.0,0.0,0.0,0.0,0.0,0.0,0.0,0.0,0.0,0.0,0.0,1.5,0.0,0.0,0.0,0.0,0.0,0.0,0.0,0.0,0.0,0.0,0.0,0.0,0.0,0.0,0.0,0.0,0.0,0.0,0.0,0.0,0.0,0.0,0.0,0.0,0.0,0.0,0.0,0.0,0.0,0.0,0.0,0.0,0.0,0.0,0.0,0.0,0.0,0.0,0.0,0.0,0.0,0.0,0.0,0.0,0.0,0.0,0.0,0.0,0.0,0.0,0.0,0.0
2026-02-04T15:39:49.382948,2821.4,0.3,1,0.0,0.0,0,0.0,0.0,7.1,0.0,2.9,0.0,1.5,0.8,1.5,0.0,0.7,0.7,0.0,0.0,2.2,0.0,0.7,0.7,0.0,0.0,0.0,0.0,0.0,0.0,0.7,0.0,0.7,0.7,0.0,0.0,0.0,0.0,0.0,0.0,1.5,0.0,0.0,0.0,0.0,0.0,0.0,0.0,0.0,0.0,0.0,0.0,0.0,0.0,0.0,0.0,0.0,0.0,0.0,0.0,0.0,0.0,0.0,0.0,0.0,0.0,0.0,0.0,0.0,0.0,0.0,0.0,0.0,0.0,0.0,0.0,0.0,0.0,0.0,0.0,0.0,0.0,0.0,0.0,0.0,0.0,0.0,0.0,0.0,0.0,0.0,0.0,0.0,0.0,0.0,0.0,0.0,0.0,0.0,0.0,0.0,0.0
2026-02-04T15:39:51.490756,2823.5,0.0,2,0.0,0.0,0,2.9,0.0,11.2,0.0,0.0,0.0,5.2,0.0,3.7,0.7,0.0,0.0,1.5,0.0,2.2,0.0,0.0,0.0,0.0,0.0,0.0,0.0,0.0,0.0,0.0,0.0,0.0,0.7,0.7,0.0,0.7,0.0,0.0,0.0,0.0,0.0,0.0,0.0,0.0,0.0,0.0,0.0,0.0,2.2,0.0,0.0,0.0,0.0,0.0,0.0,0.0,0.0,0.0,0.0,0.0,0.0,0.0,0.0,0.0,0.0,0.0,0.0,0.0,0.0,0.0,0.0,0.0,0.0,0.0,0.0,0.0,0.0,0.0,0.0,0.0,0.0,0.0,0.0,0.0,0.0,0.0,0.0,0.0,0.0,0.0,0.0,0.0,0.0,0.0,0.0,0.0,0.0,0.0,0.0,0.0,0.0
2026-02-04T15:39:53.631861,2825.6,0.0,0,0.0,0.0,0,1.5,0.0,4.3,0.0,2.9,0.0,2.2,0.0,0.0,0.7,1.5,0.0,0.0,0.0,0.0,0.0,1.5,1.5,0.7,0.0,0.0,0.0,0.0,0.0,2.2,0.0,0.0,1.5,0.0,0.0,0.0,0.0,0.0,0.0,0.7,0.0,0.0,0.0,0.7,0.0,0.0,0.0,0.0,0.7,0.0,0.0,0.0,0.7,0.0,0.0,0.0,0.0,0.0,0.0,0.0,0.0,0.0,0.0,0.0,0.0,0.0,0.0,0.0,0.0,0.0,0.0,0.0,0.0,0.0,0.0,0.0,0.0,0.0,0.0,0.0,0.0,0.0,0.0,0.0,0.0,0.0,0.0,0.0,0.0,0.0,0.0,0.0,0.0,0.0,0.0,0.0,0.0,0.0,0.0,0.0,0.0
2026-02-04T15:39:55.740108,2827.8,0.3,1,0.0,0.0,0,2.9,0.0,7.1,1.8,3.6,0.0,0.0,0.0,0.0,0.7,2.2,1.5,0.0,0.0,2.9,0.0,1.5,0.0,0.7,0.0,0.0,0.0,2.2,0.0,2.2,0.0,0.0,1.5,0.7,0.0,1.4,0.0,0.7,0.0,0.0,0.7,1.5,0.0,0.0,0.0,1.4,0.0,0.0,1.4,0.7,0.7,0.0,1.4,0.0,0.0,0.0,0.0,0.0,0.0,0.0,0.0,0.0,0.0,0.0,0.0,0.0,0.0,0.0,0.0,0.0,0.0,0.0,0.0,0.0,0.0,0.0,0.0,0.0,0.0,0.0,0.0,0.0,0.0,0.0,0.0,0.0,0.0,0.0,0.0,0.0,0.0,0.0,0.0,0.0,0.0,0.0,0.0,0.0,0.0,0.0,0.0
2026-02-04T15:39:57.847973,2829.9,0.3,2,0.0,0.0,0,2.2,0.0,7.9,0.0,1.5,0.0,0.7,0.6,0.0,0.0,8.1,0.0,0.0,0.0,0.7,0.0,1.5,0.7,1.5,0.0,0.0,0.0,1.5,0.0,1.5,0.0,0.0,2.2,0.7,0.0,0.7,0.0,0.0,0.0,0.0,0.0,0.7,0.0,0.0,0.0,0.0,0.7,0.0,0.0,0.0,0.0,0.7,0.0,0.0,0.0,0.0,0.0,0.0,0.0,0.0,0.0,0.0,0.0,0.0,0.0,0.0,0.0,0.0,0.0,0.0,0.0,0.0,0.0,0.0,0.0,0.0,0.0,0.0,0.0,0.0,0.0,0.0,0.0,0.0,0.0,0.0,0.0,0.0,0.0,0.0,0.0,0.0,0.0,0.0,0.0,0.0,0.0,0.0,0.0,0.0,0.0
