{
  "run_id": "20260111_220456",
  "config": {
    "n_qubits": 4,
    "n_epochs": 100,
    "n_samples": 25,
    "noise_rate": 0.1,
    "learning_rate": 0.1,
    "seed": 42
  },
  "pennylane_version": "0.43.2",
  "status": "completed",
  "lret": {
    "status": "completed",
    "total_time_seconds": 325.93883657455444,
    "avg_epoch_time": 3.2593883657455445,
    "memory_start_mb": 140.84765625,
    "memory_end_mb": 142.07421875,
    "memory_delta_mb": 1.2265625,
    "final_loss": 1.0420167733992722,
    "losses": [
      1.3816760879806613,
      1.2053123102049035,
      1.124173537107717,
      1.098794441273202,
      1.085087526756893,
      1.0744562226230001,
      1.0658132740489343,
      1.0596898013312903,
      1.0563323550447037,
      1.0553143727640573,
      1.0559186645518874,
      1.057500030827445,
      1.059586542376347,
      1.0618292837014789,
      1.063914756405598,
      1.0654897444073925,
      1.066130899728814,
      1.0654094950935276,
      1.0630865777181364,
      1.0593390876101334,
      1.0547686923714366,
      1.0501087811659953,
      1.0458873740110461,
      1.042279180969899,
      1.0391622471926483,
      1.036351961890632,
      1.0338516512089015,
      1.0318377442455964,
      1.030465856900462,
      1.0298225355183457,
      1.0299900000631592,
      1.0310232004757387,
      1.0328692195597664,
      1.0353551847441151,
      1.038251972264601,
      1.0413464559339094,
      1.0444804751013428,
      1.0475546539696636,
      1.0505110289453317,
      1.0533070682384362,
      1.0558873229936203,
      1.058154453985023,
      1.059942063522652,
      1.061000289308445,
      1.061021554154865,
      1.0597432764616164,
      1.0571260922463732,
      1.0535049364604319,
      1.0495602724327247,
      1.0460866038025523,
      1.0437037673298784,
      1.0426649892799675,
      1.0428264193286574,
      1.043739984340852,
      1.044758923897319,
      1.0451184422005626,
      1.0441634795036712,
      1.0418303740336716,
      1.0388407310592824,
      1.0362205386643089,
      1.0347598750418017,
      1.0347816154221445,
      1.036177216446245,
      1.0385940400156657,
      1.041625275092188,
      1.0449261961056182,
      1.0482528927760004,
      1.0514483289834597,
      1.0544027007622085,
      1.05700646435491,
      1.059106583733964,
      1.0604774824986736,
      1.060830326795428,
      1.0598959922160018,
      1.057590882068013,
      1.0541826151715006,
      1.0503016336532074,
      1.0467433416354417,
      1.0441858952595926,
      1.0429866231918208,
      1.0431386355730639,
      1.0443746689238305,
      1.0463217060819143,
      1.048603306991522,
      1.0508781236357663,
      1.0529129325178053,
      1.0547645459245,
      1.0567474373777805,
      1.0588396595836151,
      1.0605226816979174,
      1.0614429769110678,
      1.0616204826637932,
      1.0611391538318105,
      1.0599202363379918,
      1.0577498667159846,
      1.0545474959636973,
      1.0506638039714433,
      1.0468370738362056,
      1.0438096376969113,
      1.0420167733992722
    ],
    "epoch_times": [
      3.475172758102417,
      3.25193452835083,
      3.3300302028656006,
      3.1893370151519775,
      3.183000326156616,
      3.1672024726867676,
      3.266273260116577,
      3.227069854736328,
      3.1919617652893066,
      3.4906394481658936,
      3.852550506591797,
      3.450474977493286,
      3.313079833984375,
      3.558544397354126,
      3.689879894256592,
      3.8661208152770996,
      3.2580926418304443,
      3.270555019378662,
      3.1764795780181885,
      3.2114171981811523,
      3.7151787281036377,
      3.657893657684326,
      3.3265957832336426,
      3.5712478160858154,
      3.5396246910095215,
      3.1108293533325195,
      3.205003023147583,
      3.183502197265625,
      3.482226848602295,
      3.181797981262207,
      3.1404287815093994,
      3.367771863937378,
      3.330300807952881,
      3.298360586166382,
      3.56119966506958,
      3.3591108322143555,
      3.1044881343841553,
      3.329829692840576,
      3.498338222503662,
      3.1605889797210693,
      3.155001163482666,
      3.154320478439331,
      3.2588815689086914,
      3.1473729610443115,
      3.1424574851989746,
      3.152703046798706,
      3.3135883808135986,
      3.1918442249298096,
      3.164108991622925,
      3.1927928924560547,
      3.308933973312378,
      3.1539804935455322,
      3.2271618843078613,
      3.1390185356140137,
      3.1439177989959717,
      3.1509649753570557,
      3.1809558868408203,
      3.1404836177825928,
      3.151728391647339,
      3.1408145427703857,
      3.1867992877960205,
      3.2373759746551514,
      3.146881341934204,
      3.136859655380249,
      3.153320074081421,
      3.361825466156006,
      3.144681930541992,
      3.1655161380767822,
      3.135117530822754,
      3.284769296646118,
      3.2442851066589355,
      3.1554298400878906,
      3.1499440670013428,
      3.1630377769470215,
      3.1697139739990234,
      3.233130931854248,
      3.158353567123413,
      3.1455609798431396,
      3.143775701522827,
      3.1821341514587402,
      3.2410244941711426,
      3.145108461380005,
      3.147979497909546,
      3.161059617996216,
      3.3547472953796387,
      3.1599433422088623,
      3.165156841278076,
      3.1781139373779297,
      3.328583002090454,
      3.299757480621338,
      3.1892716884613037,
      3.2259926795959473,
      3.1454110145568848,
      3.1577723026275635,
      3.1658689975738525,
      3.1447203159332275,
      3.150177240371704,
      3.1413631439208984,
      3.1633405685424805,
      3.2418465614318848
    ]
  },
  "baseline": {
    "status": "completed",
    "total_time_seconds": 927.3153154850006,
    "avg_epoch_time": 9.273153154850005,
    "memory_start_mb": 142.07421875,
    "memory_end_mb": 142.1171875,
    "memory_delta_mb": 0.04296875,
    "final_loss": 1.0420224626190235,