{
  "run_id": "20260116_171704",
  "config": {
    "n_qubits": 4,
    "n_epochs": 50,
    "n_samples": 25,
    "noise_rate": 0.1,
    "learning_rate": 0.1,
    "seed": 42
  },
  "pennylane_version": "0.43.2",
  "status": "running_baseline",
  "lret": {
    "status": "completed",
    "total_time_seconds": 168.55458617210388,
    "avg_epoch_time": 3.3710917234420776,
    "memory_start_mb": 140.89453125,
    "memory_end_mb": 141.83203125,
    "memory_delta_mb": 0.9375,
    "final_loss": 1.0460866038025523,
    "losses": [
      1.3816760879806613,
      1.2053123102049035,
      1.124173537107717,
      1.098794441273202,
      1.085087526756893,
      1.0744562226230001,
      1.0658132740489343,
      1.0596898013312903,
      1.0563323550447037,
      1.0553143727640573,
      1.0559186645518874,
      1.057500030827445,
      1.059586542376347,
      1.0618292837014789,
      1.063914756405598,
      1.0654897444073925,
      1.066130899728814,
      1.0654094950935276,
      1.0630865777181364,
      1.0593390876101334,
      1.0547686923714366,
      1.0501087811659953,
      1.0458873740110461,
      1.042279180969899,
      1.0391622471926483,
      1.036351961890632,
      1.0338516512089015,
      1.0318377442455964,
      1.030465856900462,
      1.0298225355183457,
      1.0299900000631592,
      1.0310232004757387,
      1.0328692195597664,
      1.0353551847441151,
      1.038251972264601,
      1.0413464559339094,
      1.0444804751013428,
      1.0475546539696636,
      1.0505110289453317,
      1.0533070682384362,
      1.0558873229936203,
      1.058154453985023,
      1.059942063522652,
      1.061000289308445,
      1.061021554154865,
      1.0597432764616164,
      1.0571260922463732,
      1.0535049364604319,
      1.0495602724327247,
      1.0460866038025523
    ],
    "epoch_times": [
      3.3387014865875244,
      3.320559501647949,
      3.32956862449646,
      3.3421614170074463,
      3.387833595275879,
      3.364213466644287,
      3.372682571411133,
      3.4709513187408447,
      3.45314359664917,
      3.546327829360962,
      3.6640727519989014,
      3.615211248397827,
      3.6313858032226562,
      3.4028568267822266,
      3.2880465984344482,
      3.536620616912842,
      3.2454984188079834,
      3.2636313438415527,
      3.252838373184204,
      3.1820363998413086,
      3.2630996704101562,
      3.242185115814209,
      3.217855930328369,
      3.309964179992676,
      3.2256696224212646,
      3.3428425788879395,
      3.3720502853393555,
      3.192096710205078,
      3.2769577503204346,
      3.2986888885498047,
      3.2156479358673096,
      3.3758137226104736,
      3.238104820251465,
      3.382197380065918,
      3.277101755142212,
      3.224461317062378,
      3.2677695751190186,
      3.2588062286376953,
      3.2088732719421387,
      3.247298002243042,
      3.1948163509368896,
      3.278752088546753,
      3.2696218490600586,
      3.8414251804351807,
      3.515035629272461,
      3.757237434387207,
      3.8195934295654297,
      3.6135363578796387,
      3.3219594955444336,
      3.4112794399261475
    ]
  },
  "baseline": {},
  "default_mixed": {
    "status": "running",
    "current_epoch": 41,
    "current_loss": 1.0558712240542123,
    "elapsed_seconds": 356.7291269302368
  }
}