timestamp,overall_cpu,process_cpu,process_status,core_0,core_1,core_2,core_3,core_4,core_5,core_6,core_7,core_8,core_9,core_10,core_11,core_12,core_13,core_14,core_15,core_16,core_17,core_18,core_19,core_20,core_21,core_22,core_23,core_24,core_25,core_26,core_27,core_28,core_29,core_30,core_31,core_32,core_33,core_34,core_35,core_36,core_37,core_38,core_39,core_40,core_41,core_42,core_43,core_44,core_45,core_46,core_47,core_48,core_49,core_50,core_51,core_52,core_53,core_54,core_55,core_56,core_57,core_58,core_59,core_60,core_61,core_62,core_63,core_64,core_65,core_66,core_67,core_68,core_69,core_70,core_71,core_72,core_73,core_74,core_75,core_76,core_77,core_78,core_79,core_80,core_81,core_82,core_83,core_84,core_85,core_86,core_87,core_88,core_89,core_90,core_91,core_92,core_93,core_94,core_95
2026-01-23 15:27:37,1.4,81.2,running,1.0,0.0,34.0,0.0,2.0,0.0,2.0,0.0,0.0,1.0,2.0,0.0,1.0,1.0,1.0,2.0,0.0,2.0,0.0,0.0,1.9,1.0,0.0,9.8,4.6,0.0,2.9,2.0,0.0,16.5,2.0,2.0,2.0,1.0,1.0,0.0,1.0,0.0,1.0,0.0,1.0,0.0,0.0,2.0,1.0,0.0,5.9,0.0,76.1,67.2,83.9,66.7,66.7,66.7,66.7,66.7,66.7,66.7,66.7,66.7,66.7,66.7,66.7,66.7,66.7,66.7,66.7,66.7,66.7,66.7,66.7,66.7,66.7,66.7,66.7,66.7,66.7,66.7,66.7,66.7,66.7,66.7,66.7,66.7,66.7,100.0,66.7,66.7,66.7,66.7,66.7,66.7,66.7,66.7,66.7,66.7
2026-01-23 15:27:41,3.0,34.3,running,3.6,0.0,8.0,0.0,0.0,7.0,2.2,0.0,1.3,2.2,1.3,0.0,0.9,3.1,0.0,1.8,0.0,4.0,0.0,0.0,0.0,0.4,0.0,13.3,0.9,0.0,0.9,0.4,1.2,23.0,0.0,3.1,1.3,0.9,3.1,0.0,0.4,2.2,0.4,0.0,0.9,0.4,0.4,0.0,2.2,0.0,7.1,0.0,0.0,0.0,0.0,0.0,0.0,0.0,0.0,0.0,0.0,0.0,0.0,0.0,0.0,0.0,0.0,0.0,0.0,0.0,0.0,0.0,0.0,0.0,0.0,0.0,0.0,0.0,0.0,0.0,0.0,0.0,0.0,0.0,0.0,0.0,0.0,0.0,0.0,0.0,0.0,0.0,0.0,0.0,0.0,0.0,0.0,0.0,0.0,0.0
2026-01-23 15:27:44,3.2,37.4,running,4.5,0.0,21.6,0.0,1.8,2.8,2.2,0.0,2.2,7.5,3.6,1.3,0.4,4.0,0.0,1.3,0.9,4.0,0.0,4.5,1.8,3.1,0.9,13.5,0.0,5.3,0.9,3.1,0.0,17.8,1.8,0.4,2.2,1.8,3.6,0.9,0.0,6.2,0.9,0.3,0.9,4.0,0.0,0.4,4.5,1.7,28.9,0.0,0.0,0.0,0.0,0.0,0.0,0.0,0.0,0.0,0.0,0.0,0.0,0.0,0.0,0.0,0.0,0.0,0.0,0.0,0.0,0.0,0.0,0.0,0.0,0.0,0.0,0.0,0.0,0.0,0.0,0.0,0.0,0.0,0.0,0.0,0.0,0.0,0.0,0.0,0.0,0.0,0.0,0.0,0.0,0.0,0.0,0.0,0.0,0.0
2026-01-23 15:27:48,3.6,40.6,running,5.7,0.4,18.9,0.5,3.2,1.7,9.4,0.9,3.1,4.0,2.7,0.0,1.8,1.8,1.3,0.4,0.0,0.9,0.0,6.6,0.9,2.4,0.4,11.6,0.9,0.9,3.5,2.2,1.3,19.6,1.3,1.8,3.6,0.0,2.2,1.3,0.0,3.1,0.4,0.5,0.0,1.3,0.0,4.0,10.1,4.7,26.5,0.4,0.0,0.0,0.0,0.0,0.0,0.0,0.0,0.0,0.0,0.0,0.0,0.0,0.0,0.0,0.0,0.0,0.0,0.0,0.0,0.0,0.0,0.0,0.0,0.0,0.0,0.0,0.0,0.0,0.0,0.0,0.0,0.0,0.0,0.0,0.0,0.0,0.0,0.0,0.0,0.0,0.0,0.0,0.0,0.0,0.0,0.0,0.0,0.0
2026-01-23 15:27:51,3.2,21.9,running,4.0,0.0,24.7,0.0,3.1,1.3,5.8,0.0,0.9,1.8,5.8,0.9,2.2,0.4,0.0,4.4,1.3,3.6,3.7,0.0,0.0,0.0,0.4,9.8,4.0,0.0,5.4,0.4,0.4,7.1,4.0,1.8,0.9,1.3,0.4,3.5,0.0,9.3,0.0,3.5,1.3,0.4,0.0,0.4,4.0,0.0,34.7,0.9,0.0,0.0,0.0,0.0,0.0,0.0,0.0,0.0,0.0,0.0,0.0,0.0,0.0,0.0,0.0,0.0,0.0,0.0,0.0,0.0,0.0,0.0,0.0,0.0,0.0,0.0,0.0,0.0,0.0,0.0,0.0,0.0,0.0,0.0,0.0,0.0,0.0,0.0,0.0,0.0,0.0,0.0,0.0,0.0,0.0,0.0,0.0,0.0
2026-01-23 15:27:55,5.3,37.5,running,6.7,0.4,24.4,0.0,5.8,1.3,4.0,0.4,6.7,2.2,12.9,1.3,4.9,2.7,5.8,0.4,1.3,4.5,2.7,0.9,3.6,2.7,7.0,12.5,6.7,0.9,3.1,0.0,0.4,35.6,4.9,0.9,4.4,2.2,1.8,1.3,0.4,5.3,1.8,1.8,0.4,0.0,0.0,3.1,3.1,1.8,7.6,2.7,0.0,0.0,0.0,0.0,0.0,0.0,0.0,0.0,0.0,0.0,0.0,0.0,0.0,0.0,0.0,0.0,0.0,0.0,0.0,0.0,0.0,0.0,0.0,0.0,0.0,0.0,0.0,0.0,0.0,0.0,0.0,0.0,0.0,0.0,0.0,0.0,0.0,0.0,0.0,0.0,0.0,0.0,0.0,0.0,0.0,0.0,0.0,0.0
2026-01-23 15:27:58,4.4,25.0,running,8.0,2.2,27.9,0.4,9.8,2.8,9.3,0.0,4.9,0.9,13.4,1.8,6.7,2.2,4.9,4.0,0.9,0.9,7.2,2.2,5.3,0.9,0.9,10.7,7.1,0.0,2.2,7.5,3.6,16.5,4.0,0.9,4.5,3.1,2.7,4.0,0.0,4.5,3.5,0.0,2.2,5.4,1.3,0.4,4.0,0.0,27.6,0.4,0.0,0.0,0.0,0.0,0.0,0.0,0.0,0.0,0.0,0.0,0.0,0.0,0.0,0.0,0.0,0.0,0.0,0.0,0.0,0.0,0.0,0.0,0.0,0.0,0.0,0.0,0.0,0.0,0.0,0.0,0.0,0.0,0.0,0.0,0.0,0.0,0.0,0.0,0.0,0.0,0.0,0.0,0.0,0.0,0.0,0.0,0.0,0.0
2026-01-23 15:28:02,3.1,34.3,running,2.7,3.5,21.8,0.0,7.1,2.2,4.9,0.8,2.2,4.9,5.4,0.4,3.5,2.7,3.6,1.8,3.8,4.4,0.5,0.4,1.8,0.4,0.0,14.2,4.0,1.3,4.4,1.4,4.0,9.3,3.6,0.0,4.4,0.0,0.9,1.8,1.3,1.3,4.5,0.0,2.7,5.7,1.8,1.8,4.4,0.0,29.0,0.5,0.0,0.0,0.0,0.0,0.0,0.0,0.0,0.0,0.0,0.0,0.0,0.0,0.0,0.0,0.0,0.0,0.0,0.0,0.0,0.0,0.0,0.0,0.0,0.0,0.0,0.0,0.0,0.0,0.0,0.0,0.0,0.0,0.0,0.0,0.0,0.0,0.0,0.0,0.0,0.0,0.0,0.0,0.0,0.0,0.0,0.0,0.0,0.0
2026-01-23 15:28:05,3.5,28.1,running,2.2,0.0,18.8,0.0,1.8,4.4,4.0,0.0,1.3,0.4,4.4,0.9,1.8,0.9,0.9,1.3,3.8,5.3,3.1,0.5,2.2,3.1,4.9,12.4,3.1,0.9,1.8,0.9,0.4,46.0,3.1,1.3,4.0,3.1,2.7,0.4,0.0,0.9,2.7,3.1,0.9,2.7,1.3,0.0,3.1,0.8,0.4,0.8,0.0,0.0,0.0,0.0,0.0,0.0,0.0,0.0,0.0,0.0,0.0,0.0,0.0,0.0,0.0,0.0,0.0,0.0,0.0,0.0,0.0,0.0,0.0,0.0,0.0,0.0,0.0,0.0,0.0,0.0,0.0,0.0,0.0,0.0,0.0,0.0,0.0,0.0,0.0,0.0,0.0,0.0,0.0,0.0,0.0,0.0,0.0,0.0
2026-01-23 15:28:09,3.5,18.7,running,2.2,1.8,18.6,0.0,4.4,8.5,3.6,0.0,2.7,3.1,0.0,0.4,0.9,0.9,0.0,0.4,4.0,0.9,2.7,0.8,1.8,0.4,4.0,9.4,4.0,0.0,2.2,1.8,0.9,45.5,3.1,0.9,3.6,3.6,3.1,2.2,1.8,1.3,1.3,2.7,0.0,1.8,5.8,0.0,11.0,0.0,0.9,0.0,0.0,0.0,0.0,0.0,0.0,0.0,0.0,0.0,0.0,0.0,0.0,0.0,0.0,0.0,0.0,0.0,0.0,0.0,0.0,0.0,0.0,0.0,0.0,0.0,0.0,0.0,0.0,0.0,0.0,0.0,0.0,0.0,0.0,0.0,0.0,0.0,0.0,0.0,0.0,0.0,0.0,0.0,0.0,0.0,0.0,0.0,0.0,0.0
2026-01-23 15:28:12,3.3,15.6,running,3.1,0.0,21.5,0.0,1.8,2.2,5.3,0.0,2.2,0.9,2.2,1.8,1.3,2.2,1.3,1.3,0.0,1.3,0.9,1.3,4.5,0.0,4.5,10.7,2.7,1.8,4.5,2.7,0.9,30.5,3.1,0.0,4.4,3.1,2.2,0.0,2.2,0.4,0.4,0.0,0.4,4.5,4.5,0.0,2.2,0.0,16.8,3.1,0.0,0.0,0.0,0.0,0.0,0.0,0.0,0.0,0.0,0.0,0.0,0.0,0.0,0.0,0.0,0.0,0.0,0.0,0.0,0.0,0.0,0.0,0.0,0.0,0.0,0.0,0.0,0.0,0.0,0.0,0.0,0.0,0.0,0.0,0.0,0.0,0.0,0.0,0.0,0.0,0.0,0.0,0.0,0.0,0.0,0.0,0.0,0.0
2026-01-23 15:28:16,4.7,31.2,running,6.2,0.9,24.8,0.0,7.1,0.4,1.8,0.0,3.1,1.8,5.8,0.4,2.2,2.2,4.5,1.8,2.7,2.7,3.6,0.0,3.6,1.4,2.2,11.5,2.2,4.4,2.7,1.3,4.5,1.3,1.3,2.2,0.9,1.3,3.1,0.9,3.1,5.4,2.2,4.9,4.9,0.0,0.9,3.1,2.7,1.8,39.7,0.0,0.0,0.0,0.0,0.0,0.0,0.0,0.0,0.0,0.0,0.0,0.0,0.0,0.0,0.0,0.0,0.0,0.0,0.0,0.0,0.0,0.0,0.0,0.0,0.0,0.0,0.0,0.0,0.0,0.0,0.0,0.0,0.0,0.0,0.0,0.0,0.0,0.0,0.0,0.0,0.0,0.0,0.0,0.0,0.0,0.0,0.0,0.0,0.0
2026-01-23 15:28:19,3.4,43.7,running,9.4,0.0,21.7,0.0,1.8,1.8,2.2,0.0,2.7,0.0,4.0,0.0,4.0,4.0,1.3,4.0,0.4,3.1,2.7,0.0,0.4,2.2,2.7,10.7,0.9,1.3,0.9,0.9,4.0,0.0,0.0,0.0,0.9,1.8,1.8,0.0,3.1,4.4,0.9,0.0,0.0,1.3,0.0,0.0,6.7,0.9,45.8,0.5,0.0,0.0,0.0,0.0,0.0,0.0,0.0,0.0,0.0,0.0,0.0,0.0,0.0,0.0,0.0,0.0,0.0,0.0,0.0,0.0,0.0,0.0,0.0,0.0,0.0,0.0,0.0,0.0,0.0,0.0,0.0,0.0,0.0,0.0,0.0,0.0,0.0,0.0,0.0,0.0,0.0,0.0,0.0,0.0,0.0,0.0,0.0,0.0
2026-01-23 15:28:23,3.5,25.0,running,6.2,0.9,22.7,0.0,5.3,3.6,4.0,0.9,2.2,0.0,3.1,0.9,0.0,2.7,2.2,2.2,0.4,7.0,1.3,0.0,4.5,4.5,3.6,13.0,2.2,1.3,4.9,3.6,0.0,21.1,1.3,0.9,4.5,2.2,2.2,0.0,1.8,3.6,1.8,0.0,1.3,1.3,0.4,2.2,1.3,3.6,22.2,0.4,0.0,0.0,0.0,0.0,0.0,0.0,0.0,0.0,0.0,0.0,0.0,0.0,0.0,0.0,0.0,0.0,0.0,0.0,0.0,0.0,0.0,0.0,0.0,0.0,0.0,0.0,0.0,0.0,0.0,0.0,0.0,0.0,0.0,0.0,0.0,0.0,0.0,0.0,0.0,0.0,0.0,0.0,0.0,0.0,0.0,0.0,0.0,0.0
2026-01-23 15:28:26,3.2,34.3,running,2.6,0.4,17.4,0.0,2.2,0.4,5.4,0.0,4.9,0.0,2.2,0.9,1.3,1.3,0.0,2.2,1.8,3.0,0.4,2.2,0.4,2.2,3.1,12.8,5.3,1.8,4.8,3.6,1.8,41.4,6.7,0.0,0.0,1.3,2.2,0.0,0.0,4.9,0.0,0.0,0.0,2.2,1.8,0.4,4.9,0.0,4.9,2.2,0.0,0.0,0.0,0.0,0.0,0.0,0.0,0.0,0.0,0.0,0.0,0.0,0.0,0.0,0.0,0.0,0.0,0.0,0.0,0.0,0.0,0.0,0.0,0.0,0.0,0.0,0.0,0.0,0.0,0.0,0.0,0.0,0.0,0.0,0.0,0.0,0.0,0.0,0.0,0.0,0.0,0.0,0.0,0.0,0.0,0.0,0.0,0.0
2026-01-23 15:28:30,4.4,37.5,running,10.6,0.0,20.9,0.3,4.9,3.6,4.0,0.0,4.0,1.3,5.8,0.9,5.8,2.7,7.9,0.4,3.1,4.0,1.3,0.0,0.9,3.1,0.0,12.0,4.0,4.0,8.1,0.4,3.6,0.0,0.9,0.4,2.3,3.6,2.7,0.0,3.6,0.0,0.9,1.8,0.0,0.5,0.9,1.8,4.4,1.3,41.7,0.0,0.0,0.0,0.0,0.0,0.0,0.0,0.0,0.0,0.0,0.0,0.0,0.0,0.0,0.0,0.0,0.0,0.0,0.0,0.0,0.0,0.0,0.0,0.0,0.0,0.0,0.0,0.0,0.0,0.0,0.0,0.0,0.0,0.0,0.0,0.0,0.0,0.0,0.0,0.0,0.0,0.0,0.0,0.0,0.0,0.0,0.0,0.0,0.0
2026-01-23 15:28:33,3.3,43.7,running,5.8,0.0,25.8,0.5,6.7,0.9,6.7,0.9,2.7,0.0,2.7,2.7,0.4,1.3,6.3,2.2,0.9,5.8,0.9,2.2,4.0,0.9,1.8,13.5,1.3,0.9,0.9,1.8,0.4,23.6,4.0,1.8,0.9,0.9,0.0,3.1,0.9,3.6,2.7,2.2,0.0,1.8,1.8,1.3,4.9,0.0,17.4,4.4,0.0,0.0,0.0,0.0,0.0,0.0,0.0,0.0,0.0,0.0,0.0,0.0,0.0,0.0,0.0,0.0,0.0,0.0,0.0,0.0,0.0,0.0,0.0,0.0,0.0,0.0,0.0,0.0,0.0,0.0,0.0,0.0,0.0,0.0,0.0,0.0,0.0,0.0,0.0,0.0,0.0,0.0,0.0,0.0,0.0,0.0,0.0,0.0
2026-01-23 15:28:37,3.1,28.1,running,3.1,0.9,21.8,0.0,0.4,4.5,5.8,0.0,2.7,0.0,1.8,0.4,1.3,4.0,0.4,0.0,0.9,1.3,0.9,0.0,4.9,0.0,0.9,10.7,5.4,1.3,5.8,3.6,0.9,41.7,4.4,0.0,0.0,4.5,5.3,1.4,1.3,3.6,1.8,0.4,0.0,0.4,4.5,0.9,6.2,3.5,2.2,2.2,0.0,0.0,0.0,0.0,0.0,0.0,0.0,0.0,0.0,0.0,0.0,0.0,0.0,0.0,0.0,0.0,0.0,0.0,0.0,0.0,0.0,0.0,0.0,0.0,0.0,0.0,0.0,0.0,0.0,0.0,0.0,0.0,0.0,0.0,0.0,0.0,0.0,0.0,0.0,0.0,0.0,0.0,0.0,0.0,0.0,0.0,0.0,0.0
2026-01-23 15:28:40,3.4,37.5,running,4.0,0.0,20.8,0.0,3.1,1.8,2.7,0.0,1.3,1.3,0.4,1.3,0.0,0.9,0.0,1.3,1.8,0.0,0.9,4.9,0.4,2.2,0.4,14.3,0.0,0.4,0.4,0.0,0.9,42.7,3.6,1.7,2.2,0.9,0.9,1.3,3.6,2.2,6.7,0.0,4.0,1.8,2.2,0.0,8.3,0.0,2.7,0.0,0.0,0.0,0.0,0.0,0.0,0.0,0.0,0.0,0.0,0.0,0.0,0.0,0.0,0.0,0.0,0.0,0.0,0.0,0.0,0.0,0.0,0.0,0.0,0.0,0.0,0.0,0.0,0.0,0.0,0.0,0.0,0.0,0.0,0.0,0.0,0.0,0.0,0.0,0.0,0.0,0.0,0.0,0.0,0.0,0.0,0.0,0.0,0.0
2026-01-23 15:28:44,3.2,28.1,running,4.4,0.0,22.2,0.0,0.9,1.8,3.1,0.0,2.7,1.8,1.8,0.4,1.3,2.7,1.8,2.2,1.8,0.9,1.8,0.9,0.0,0.0,1.3,10.2,1.8,0.0,4.5,0.0,0.9,45.5,4.9,3.6,3.1,1.3,3.1,0.0,0.0,4.0,3.1,0.4,2.2,0.0,1.3,0.0,5.3,3.1,2.7,1.3,0.0,0.0,0.0,0.0,0.0,0.0,0.0,0.0,0.0,0.0,0.0,0.0,0.0,0.0,0.0,0.0,0.0,0.0,0.0,0.0,0.0,0.0,0.0,0.0,0.0,0.0,0.0,0.0,0.0,0.0,0.0,0.0,0.0,0.0,0.0,0.0,0.0,0.0,0.0,0.0,0.0,0.0,0.0,0.0,0.0,0.0,0.0,0.0
2026-01-23 15:28:47,3.7,34.3,running,1.8,0.9,18.9,0.0,6.2,0.4,4.5,0.0,2.7,0.0,4.5,0.9,2.7,2.2,1.3,3.1,3.1,1.8,1.3,0.9,4.9,1.3,0.0,11.2,1.8,0.4,4.0,0.0,0.0,39.8,1.8,0.0,0.9,0.4,4.9,1.3,2.2,3.6,4.0,0.0,6.2,0.4,4.9,0.4,4.8,2.2,0.4,2.7,0.0,0.0,0.0,0.0,0.0,0.0,0.0,0.0,0.0,0.0,0.0,0.0,0.0,0.0,0.0,0.0,0.0,0.0,0.0,0.0,0.0,0.0,0.0,0.0,0.0,0.0,0.0,0.0,0.0,0.0,0.0,0.0,0.0,0.0,0.0,0.0,0.0,0.0,0.0,0.0,0.0,0.0,0.0,0.0,0.0,0.0,0.0,0.0
2026-01-23 15:28:51,3.4,28.1,running,4.5,0.0,18.3,0.0,4.9,0.4,4.4,0.0,1.8,1.3,3.1,0.4,2.7,0.9,4.5,6.2,1.8,1.8,1.3,0.0,1.3,4.0,2.7,11.6,2.7,2.2,1.3,1.3,0.4,40.0,4.9,0.0,4.5,3.1,0.4,0.0,0.0,3.6,0.9,0.0,1.8,0.4,0.0,0.4,2.2,1.8,1.3,0.9,0.0,0.0,0.0,0.0,0.0,0.0,0.0,0.0,0.0,0.0,0.0,0.0,0.0,0.0,0.0,0.0,0.0,0.0,0.0,0.0,0.0,0.0,0.0,0.0,0.0,0.0,0.0,0.0,0.0,0.0,0.0,0.0,0.0,0.0,0.0,0.0,0.0,0.0,0.0,0.0,0.0,0.0,0.0,0.0,0.0,0.0,0.0,0.0
2026-01-23 15:28:54,3.3,37.4,running,8.5,1.3,21.8,1.0,3.6,1.3,4.0,0.0,5.8,0.0,7.5,1.3,4.1,0.4,1.8,0.0,1.3,0.0,4.5,0.0,0.9,0.9,0.4,12.1,1.3,0.9,2.7,0.0,7.6,6.2,0.0,0.0,3.6,1.8,6.7,0.4,3.1,0.0,1.4,2.2,0.0,0.9,1.8,4.3,0.9,2.7,33.6,0.9,0.0,0.0,0.0,0.0,0.0,0.0,0.0,0.0,0.0,0.0,0.0,0.0,0.0,0.0,0.0,0.0,0.0,0.0,0.0,0.0,0.0,0.0,0.0,0.0,0.0,0.0,0.0,0.0,0.0,0.0,0.0,0.0,0.0,0.0,0.0,0.0,0.0,0.0,0.0,0.0,0.0,0.0,0.0,0.0,0.0,0.0,0.0,0.0
2026-01-23 15:28:58,3.0,34.3,running,10.2,0.0,23.0,0.0,2.2,0.9,6.7,0.0,1.8,0.4,1.8,1.8,0.9,0.9,1.3,1.3,3.5,2.7,0.9,0.4,1.8,0.0,0.0,9.8,3.1,0.4,0.9,2.7,1.3,0.4,1.8,3.1,5.7,1.8,4.4,0.0,0.9,0.0,0.9,1.3,0.0,2.2,0.9,3.7,3.1,2.2,41.8,2.2,0.0,0.0,0.0,0.0,0.0,0.0,0.0,0.0,0.0,0.0,0.0,0.0,0.0,0.0,0.0,0.0,0.0,0.0,0.0,0.0,0.0,0.0,0.0,0.0,0.0,0.0,0.0,0.0,0.0,0.0,0.0,0.0,0.0,0.0,0.0,0.0,0.0,0.0,0.0,0.0,0.0,0.0,0.0,0.0,0.0,0.0,0.0,0.0
2026-01-23 15:29:01,3.7,34.3,running,7.1,0.4,17.4,0.0,4.9,0.0,8.0,0.0,1.8,0.4,0.9,0.0,1.8,3.5,2.7,0.4,2.7,0.9,3.1,0.9,0.9,0.0,0.9,11.1,4.0,0.9,1.3,0.0,4.9,3.6,1.3,4.8,8.8,2.7,4.5,0.0,0.0,4.9,2.7,0.9,2.7,1.8,0.0,1.3,4.0,0.9,39.7,0.0,0.0,0.0,0.0,0.0,0.0,0.0,0.0,0.0,0.0,0.0,0.0,0.0,0.0,0.0,0.0,0.0,0.0,0.0,0.0,0.0,0.0,0.0,0.0,0.0,0.0,0.0,0.0,0.0,0.0,0.0,0.0,0.0,0.0,0.0,0.0,0.0,0.0,0.0,0.0,0.0,0.0,0.0,0.0,0.0,0.0,0.0,0.0,0.0
2026-01-23 15:29:05,3.3,28.1,running,0.9,0.0,20.7,0.0,6.2,0.0,5.8,0.0,4.0,2.2,4.5,1.3,1.8,0.9,1.8,1.3,1.3,0.0,0.4,1.3,1.3,3.8,3.6,10.8,0.0,0.4,2.7,0.5,0.5,38.7,4.5,1.3,2.7,0.4,4.4,2.2,0.4,1.8,0.0,2.7,2.2,0.9,0.0,0.4,6.6,3.6,7.1,0.0,0.0,0.0,0.0,0.0,0.0,0.0,0.0,0.0,0.0,0.0,0.0,0.0,0.0,0.0,0.0,0.0,0.0,0.0,0.0,0.0,0.0,0.0,0.0,0.0,0.0,0.0,0.0,0.0,0.0,0.0,0.0,0.0,0.0,0.0,0.0,0.0,0.0,0.0,0.0,0.0,0.0,0.0,0.0,0.0,0.0,0.0,0.0,0.0
2026-01-23 15:29:08,3.2,18.7,running,4.0,0.0,17.9,0.0,5.8,0.9,8.0,0.0,3.6,0.0,2.7,0.9,4.9,1.8,0.9,1.3,0.4,0.0,2.7,1.3,0.4,1.3,0.4,9.4,3.6,1.3,1.3,4.0,0.9,46.7,6.6,0.0,1.8,1.3,1.3,0.0,4.4,2.2,1.3,0.0,1.8,2.6,3.5,2.7,5.8,1.3,1.8,0.9,0.0,0.0,0.0,0.0,0.0,0.0,0.0,0.0,0.0,0.0,0.0,0.0,0.0,0.0,0.0,0.0,0.0,0.0,0.0,0.0,0.0,0.0,0.0,0.0,0.0,0.0,0.0,0.0,0.0,0.0,0.0,0.0,0.0,0.0,0.0,0.0,0.0,0.0,0.0,0.0,0.0,0.0,0.0,0.0,0.0,0.0,0.0,0.0
2026-01-23 15:29:12,3.6,25.0,running,5.8,0.4,21.9,0.0,4.0,0.4,4.0,0.0,4.0,0.4,2.2,1.3,0.4,4.9,1.3,1.3,3.1,2.7,0.9,0.0,1.8,0.0,0.0,12.9,0.0,6.2,0.9,2.9,0.4,40.3,7.1,0.0,5.4,3.1,4.5,1.8,2.2,8.4,1.3,0.5,1.4,2.2,0.5,1.0,1.8,1.3,4.9,0.4,0.0,0.0,0.0,0.0,0.0,0.0,0.0,0.0,0.0,0.0,0.0,0.0,0.0,0.0,0.0,0.0,0.0,0.0,0.0,0.0,0.0,0.0,0.0,0.0,0.0,0.0,0.0,0.0,0.0,0.0,0.0,0.0,0.0,0.0,0.0,0.0,0.0,0.0,0.0,0.0,0.0,0.0,0.0,0.0,0.0,0.0,0.0,0.0
2026-01-23 15:29:15,3.7,31.2,running,8.0,0.0,25.0,0.0,7.1,0.4,8.4,0.0,1.8,1.3,2.7,0.0,0.4,2.2,1.3,4.9,0.9,1.3,0.4,0.0,1.8,1.2,1.3,10.2,3.5,1.8,0.9,0.8,1.3,5.8,3.3,0.9,0.4,0.4,3.5,0.4,4.4,0.0,5.8,2.1,0.0,0.9,1.7,0.0,10.0,0.0,37.3,0.0,0.0,0.0,0.0,0.0,0.0,0.0,0.0,0.0,0.0,0.0,0.0,0.0,0.0,0.0,0.0,0.0,0.0,0.0,0.0,0.0,0.0,0.0,0.0,0.0,0.0,0.0,0.0,0.0,0.0,0.0,0.0,0.0,0.0,0.0,0.0,0.0,0.0,0.0,0.0,0.0,0.0,0.0,0.0,0.0,0.0,0.0,0.0,0.0
2026-01-23 15:29:19,4.4,31.2,running,4.5,0.4,21.8,0.0,4.9,0.4,4.5,0.5,6.2,0.0,2.2,0.4,2.2,4.0,1.8,1.3,3.6,0.4,2.2,2.7,2.7,0.9,0.4,11.2,3.1,0.9,4.0,1.3,3.5,42.9,3.5,0.0,1.8,0.0,3.6,1.7,8.1,2.2,1.8,1.3,3.1,2.2,0.9,0.0,4.9,1.8,8.0,0.0,0.0,0.0,0.0,0.0,0.0,0.0,0.0,0.0,0.0,0.0,0.0,0.0,0.0,0.0,0.0,0.0,0.0,0.0,0.0,0.0,0.0,0.0,0.0,0.0,0.0,0.0,0.0,0.0,0.0,0.0,0.0,0.0,0.0,0.0,0.0,0.0,0.0,0.0,0.0,0.0,0.0,0.0,0.0,0.0,0.0,0.0,0.0,0.0
2026-01-23 15:29:22,3.4,31.2,running,3.6,0.4,16.0,0.0,2.2,0.0,2.7,0.4,1.3,0.4,1.8,0.9,2.7,1.8,0.4,0.0,0.0,0.4,3.1,0.4,4.4,0.0,0.9,10.3,0.9,0.4,7.1,0.9,2.7,33.5,8.9,1.8,3.1,1.3,2.2,1.9,0.9,2.2,2.2,1.8,0.0,0.4,0.4,0.0,7.1,0.0,16.4,0.4,0.0,0.0,0.0,0.0,0.0,0.0,0.0,0.0,0.0,0.0,0.0,0.0,0.0,0.0,0.0,0.0,0.0,0.0,0.0,0.0,0.0,0.0,0.0,0.0,0.0,0.0,0.0,0.0,0.0,0.0,0.0,0.0,0.0,0.0,0.0,0.0,0.0,0.0,0.0,0.0,0.0,0.0,0.0,0.0,0.0,0.0,0.0,0.0
2026-01-23 15:29:26,3.3,28.1,running,11.0,0.0,18.2,0.0,1.8,0.9,9.7,0.0,3.6,2.1,5.5,0.0,4.1,4.4,2.3,1.8,0.9,1.8,0.0,0.9,1.3,0.4,0.4,11.2,0.9,0.9,2.2,2.2,4.5,0.9,0.4,2.2,2.2,0.4,2.7,0.0,5.8,0.0,1.8,0.9,2.2,1.8,6.3,1.8,5.3,1.8,42.4,0.4,0.0,0.0,0.0,0.0,0.0,0.0,0.0,0.0,0.0,0.0,0.0,0.0,0.0,0.0,0.0,0.0,0.0,0.0,0.0,0.0,0.0,0.0,0.0,0.0,0.0,0.0,0.0,0.0,0.0,0.0,0.0,0.0,0.0,0.0,0.0,0.0,0.0,0.0,0.0,0.0,0.0,0.0,0.0,0.0,0.0,0.0,0.0,0.0
2026-01-23 15:29:29,3.3,40.6,running,11.5,1.3,17.4,0.0,3.1,0.4,4.0,0.0,4.0,0.0,3.9,1.3,0.4,0.9,0.0,3.1,0.9,0.0,0.4,0.4,0.9,1.0,0.4,11.1,2.2,0.4,0.9,0.4,0.0,4.0,2.7,2.2,7.0,0.4,2.2,3.6,0.9,6.2,1.3,0.9,0.0,1.8,5.4,0.9,5.4,0.0,46.7,0.0,0.0,0.0,0.0,0.0,0.0,0.0,0.0,0.0,0.0,0.0,0.0,0.0,0.0,0.0,0.0,0.0,0.0,0.0,0.0,0.0,0.0,0.0,0.0,0.0,0.0,0.0,0.0,0.0,0.0,0.0,0.0,0.0,0.0,0.0,0.0,0.0,0.0,0.0,0.0,0.0,0.0,0.0,0.0,0.0,0.0,0.0,0.0,0.0
2026-01-23 15:29:33,3.0,31.2,running,6.7,1.3,19.0,0.6,1.8,0.4,7.5,0.4,3.6,0.4,1.8,1.3,4.4,5.3,2.7,2.2,0.9,0.9,0.9,3.1,0.4,0.0,1.3,9.9,3.1,1.3,2.7,0.0,1.3,3.1,3.1,0.0,0.4,5.8,5.3,0.9,1.3,2.2,1.3,2.2,2.1,0.9,0.0,0.0,0.9,0.0,38.7,0.4,0.0,0.0,0.0,0.0,0.0,0.0,0.0,0.0,0.0,0.0,0.0,0.0,0.0,0.0,0.0,0.0,0.0,0.0,0.0,0.0,0.0,0.0,0.0,0.0,0.0,0.0,0.0,0.0,0.0,0.0,0.0,0.0,0.0,0.0,0.0,0.0,0.0,0.0,0.0,0.0,0.0,0.0,0.0,0.0,0.0,0.0,0.0,0.0
2026-01-23 15:29:36,3.8,40.6,running,8.4,2.2,26.4,0.0,4.9,0.5,5.4,0.9,1.3,1.5,4.4,1.4,2.2,2.5,0.4,2.7,3.1,1.1,2.2,1.6,1.3,1.1,0.4,11.6,1.3,2.2,0.9,3.1,0.9,3.7,2.2,0.4,3.1,2.7,1.3,0.0,0.5,0.4,2.2,1.1,0.5,0.9,0.0,0.0,6.2,1.9,40.3,0.0,0.0,0.0,0.0,0.0,0.0,0.0,0.0,0.0,0.0,0.0,0.0,0.0,0.0,0.0,0.0,0.0,0.0,0.0,0.0,0.0,0.0,0.0,0.0,0.0,0.0,0.0,0.0,0.0,0.0,0.0,0.0,0.0,0.0,0.0,0.0,0.0,0.0,0.0,0.0,0.0,0.0,0.0,0.0,0.0,0.0,0.0,0.0,0.0
2026-01-23 15:29:40,3.5,28.1,running,3.6,0.9,17.3,0.0,5.3,0.4,5.3,0.0,3.5,0.0,4.0,0.0,1.3,2.8,0.9,2.2,0.0,1.2,0.0,0.0,1.3,2.3,0.4,14.2,1.8,1.3,0.9,0.0,0.9,36.5,5.4,0.0,7.6,4.9,4.1,0.4,2.0,0.4,0.4,1.1,0.0,0.4,1.9,3.1,4.0,1.7,3.1,0.0,0.0,0.0,0.0,0.0,0.0,0.0,0.0,0.0,0.0,0.0,0.0,0.0,0.0,0.0,0.0,0.0,0.0,0.0,0.0,0.0,0.0,0.0,0.0,0.0,0.0,0.0,0.0,0.0,0.0,0.0,0.0,0.0,0.0,0.0,0.0,0.0,0.0,0.0,0.0,0.0,0.0,0.0,0.0,0.0,0.0,0.0,0.0,0.0
2026-01-23 15:29:43,3.2,21.9,running,8.8,0.4,19.0,0.0,0.9,0.4,2.2,0.0,2.7,3.0,3.6,0.9,1.3,7.6,1.3,2.7,0.4,0.4,1.4,0.0,4.0,1.8,0.0,12.9,4.9,2.7,1.8,0.0,2.2,17.0,3.6,3.6,0.4,3.2,2.7,1.8,0.4,3.6,0.0,0.5,0.0,0.0,2.2,0.9,2.7,0.0,22.9,0.4,0.0,0.0,0.0,0.0,0.0,0.0,0.0,0.0,0.0,0.0,0.0,0.0,0.0,0.0,0.0,0.0,0.0,0.0,0.0,0.0,0.0,0.0,0.0,0.0,0.0,0.0,0.0,0.0,0.0,0.0,0.0,0.0,0.0,0.0,0.0,0.0,0.0,0.0,0.0,0.0,0.0,0.0,0.0,0.0,0.0,0.0,0.0,0.0
2026-01-23 15:29:47,3.1,28.1,running,7.5,0.0,26.2,0.0,4.9,0.0,1.3,0.0,2.7,0.0,3.5,0.9,0.9,3.6,4.9,0.0,0.9,0.9,0.0,2.2,0.4,0.0,0.0,10.7,0.9,0.0,0.9,1.8,2.7,4.9,0.4,0.0,1.8,0.9,3.6,0.9,2.2,4.4,6.6,1.8,0.0,0.0,0.4,0.0,8.0,1.8,40.2,0.4,0.0,0.0,0.0,0.0,0.0,0.0,0.0,0.0,0.0,0.0,0.0,0.0,0.0,0.0,0.0,0.0,0.0,0.0,0.0,0.0,0.0,0.0,0.0,0.0,0.0,0.0,0.0,0.0,0.0,0.0,0.0,0.0,0.0,0.0,0.0,0.0,0.0,0.0,0.0,0.0,0.0,0.0,0.0,0.0,0.0,0.0,0.0,0.0
2026-01-23 15:29:50,3.3,34.4,running,2.7,0.9,19.3,0.0,5.8,0.4,6.7,0.0,4.5,2.2,4.4,0.4,2.7,0.9,0.9,2.2,1.8,0.0,4.0,1.3,0.9,1.3,3.1,13.3,5.8,0.0,3.1,3.6,2.7,44.2,4.2,0.4,3.1,0.9,0.0,3.1,0.0,1.8,0.0,0.9,2.5,2.2,0.0,1.3,3.1,0.9,0.9,1.3,0.0,0.0,0.0,0.0,0.0,0.0,0.0,0.0,0.0,0.0,0.0,0.0,0.0,0.0,0.0,0.0,0.0,0.0,0.0,0.0,0.0,0.0,0.0,0.0,0.0,0.0,0.0,0.0,0.0,0.0,0.0,0.0,0.0,0.0,0.0,0.0,0.0,0.0,0.0,0.0,0.0,0.0,0.0,0.0,0.0,0.0,0.0,0.0
2026-01-23 15:29:54,3.6,25.0,running,17.7,0.5,24.2,0.0,5.3,0.4,1.3,0.0,0.9,3.1,2.7,1.3,0.9,1.3,5.4,1.3,4.0,2.7,4.0,0.4,3.1,0.0,0.9,11.1,0.9,0.0,2.7,0.0,2.2,20.2,2.1,0.0,3.1,5.4,1.8,0.0,0.0,0.4,0.9,0.9,0.0,1.3,0.4,0.0,4.0,0.0,29.2,1.8,0.0,0.0,0.0,0.0,0.0,0.0,0.0,0.0,0.0,0.0,0.0,0.0,0.0,0.0,0.0,0.0,0.0,0.0,0.0,0.0,0.0,0.0,0.0,0.0,0.0,0.0,0.0,0.0,0.0,0.0,0.0,0.0,0.0,0.0,0.0,0.0,0.0,0.0,0.0,0.0,0.0,0.0,0.0,0.0,0.0,0.0,0.0,0.0
2026-01-23 15:29:57,3.1,25.0,running,9.8,0.9,18.2,0.0,2.2,0.0,1.8,0.4,5.4,0.4,4.9,1.8,2.2,1.8,2.7,3.6,3.1,0.0,3.1,0.0,0.9,5.3,1.3,10.4,3.1,0.0,4.5,4.4,1.4,9.7,2.7,0.0,4.5,0.0,1.3,0.0,0.0,0.0,0.4,0.9,0.4,0.9,0.4,0.0,7.1,0.0,36.2,0.4,0.0,0.0,0.0,0.0,0.0,0.0,0.0,0.0,0.0,0.0,0.0,0.0,0.0,0.0,0.0,0.0,0.0,0.0,0.0,0.0,0.0,0.0,0.0,0.0,0.0,0.0,0.0,0.0,0.0,0.0,0.0,0.0,0.0,0.0,0.0,0.0,0.0,0.0,0.0,0.0,0.0,0.0,0.0,0.0,0.0,0.0,0.0,0.0
2026-01-23 15:30:01,3.3,28.1,running,2.7,1.3,24.0,0.0,4.0,0.5,3.5,0.0,2.2,0.0,3.1,1.8,0.4,0.9,1.8,0.4,0.4,0.0,0.9,0.0,2.7,0.0,0.9,14.7,4.0,1.8,4.4,0.0,0.9,42.7,3.6,0.0,4.9,0.4,4.4,3.1,3.1,4.0,1.3,0.4,0.9,0.0,2.2,3.6,4.0,0.9,0.9,0.9,0.0,0.0,0.0,0.0,0.0,0.0,0.0,0.0,0.0,0.0,0.0,0.0,0.0,0.0,0.0,0.0,0.0,0.0,0.0,0.0,0.0,0.0,0.0,0.0,0.0,0.0,0.0,0.0,0.0,0.0,0.0,0.0,0.0,0.0,0.0,0.0,0.0,0.0,0.0,0.0,0.0,0.0,0.0,0.0,0.0,0.0,0.0,0.0
2026-01-23 15:30:04,3.4,50.0,running,9.8,0.4,20.0,0.0,1.3,0.8,3.6,0.0,2.2,0.0,2.7,0.9,0.4,2.2,0.0,2.7,7.2,0.4,0.9,3.1,3.6,0.4,0.4,10.7,4.0,0.0,3.1,0.0,2.7,8.5,1.8,0.4,1.3,0.0,0.9,0.0,0.0,6.2,3.5,0.0,2.7,0.0,2.7,3.1,3.1,0.0,36.8,0.9,0.0,0.0,0.0,0.0,0.0,0.0,0.0,0.0,0.0,0.0,0.0,0.0,0.0,0.0,0.0,0.0,0.0,0.0,0.0,0.0,0.0,0.0,0.0,0.0,0.0,0.0,0.0,0.0,0.0,0.0,0.0,0.0,0.0,0.0,0.0,0.0,0.0,0.0,0.0,0.0,0.0,0.0,0.0,0.0,0.0,0.0,0.0,0.0
2026-01-23 15:30:08,3.7,28.1,running,7.6,0.0,22.3,0.0,7.9,0.0,5.3,0.0,3.1,0.9,3.1,0.4,1.3,1.3,0.4,0.9,1.3,1.8,5.8,0.4,0.9,0.0,0.9,12.4,2.7,1.8,1.8,0.0,4.4,0.0,0.0,0.4,0.9,1.3,2.7,4.9,4.4,2.2,4.9,2.2,0.0,0.0,0.9,0.0,5.7,1.8,44.0,0.0,0.0,0.0,0.0,0.0,0.0,0.0,0.0,0.0,0.0,0.0,0.0,0.0,0.0,0.0,0.0,0.0,0.0,0.0,0.0,0.0,0.0,0.0,0.0,0.0,0.0,0.0,0.0,0.0,0.0,0.0,0.0,0.0,0.0,0.0,0.0,0.0,0.0,0.0,0.0,0.0,0.0,0.0,0.0,0.0,0.0,0.0,0.0,0.0
2026-01-23 15:30:11,3.6,31.2,running,6.7,0.9,22.9,0.0,4.0,0.9,5.0,0.0,1.3,1.0,2.7,0.9,4.5,1.3,0.5,2.2,1.3,4.4,4.0,1.8,3.6,0.5,1.3,10.7,0.9,1.8,2.7,0.4,1.9,2.7,0.9,1.3,1.4,2.6,2.2,0.0,0.9,1.3,2.2,0.4,0.4,1.3,1.1,5.3,3.1,0.0,42.9,0.0,0.0,0.0,0.0,0.0,0.0,0.0,0.0,0.0,0.0,0.0,0.0,0.0,0.0,0.0,0.0,0.0,0.0,0.0,0.0,0.0,0.0,0.0,0.0,0.0,0.0,0.0,0.0,0.0,0.0,0.0,0.0,0.0,0.0,0.0,0.0,0.0,0.0,0.0,0.0,0.0,0.0,0.0,0.0,0.0,0.0,0.0,0.0,0.0
2026-01-23 15:30:15,3.5,31.2,running,5.3,0.4,17.6,0.0,4.0,0.0,4.8,0.5,3.1,1.3,2.7,0.9,2.7,2.7,0.4,4.0,1.8,1.8,0.4,2.2,0.4,0.8,0.9,11.2,1.8,2.2,3.1,0.4,3.4,2.2,4.9,0.9,1.8,1.3,7.1,2.3,0.9,0.4,4.9,0.4,2.2,1.8,0.0,0.0,3.1,2.3,41.8,0.4,0.0,0.0,0.0,0.0,0.0,0.0,0.0,0.0,0.0,0.0,0.0,0.0,0.0,0.0,0.0,0.0,0.0,0.0,0.0,0.0,0.0,0.0,0.0,0.0,0.0,0.0,0.0,0.0,0.0,0.0,0.0,0.0,0.0,0.0,0.0,0.0,0.0,0.0,0.0,0.0,0.0,0.0,0.0,0.0,0.0,0.0,0.0,0.0
2026-01-23 15:30:18,3.6,31.2,running,5.4,0.9,21.3,0.0,2.7,0.4,2.2,0.4,2.7,1.2,2.7,2.2,0.9,3.8,1.3,1.3,0.9,0.9,0.9,0.5,0.0,2.9,1.8,12.1,0.9,3.1,1.8,0.0,2.7,23.5,3.1,2.2,4.4,3.6,4.0,0.9,3.6,7.1,3.1,0.0,0.4,0.0,0.0,3.5,7.1,0.9,22.4,0.4,0.0,0.0,0.0,0.0,0.0,0.0,0.0,0.0,0.0,0.0,0.0,0.0,0.0,0.0,0.0,0.0,0.0,0.0,0.0,0.0,0.0,0.0,0.0,0.0,0.0,0.0,0.0,0.0,0.0,0.0,0.0,0.0,0.0,0.0,0.0,0.0,0.0,0.0,0.0,0.0,0.0,0.0,0.0,0.0,0.0,0.0,0.0,0.0
2026-01-23 15:30:22,3.7,28.1,running,4.4,0.4,22.3,0.0,3.1,0.0,3.6,0.0,3.6,3.6,3.1,0.4,3.6,3.4,1.3,2.2,1.8,0.0,0.8,2.1,0.9,1.6,1.3,11.9,2.7,4.9,7.1,0.0,0.0,41.1,3.1,0.4,0.9,1.3,3.5,2.2,0.0,1.3,4.5,1.3,0.9,2.7,0.9,1.8,2.2,2.7,2.1,1.8,0.0,0.0,0.0,0.0,0.0,0.0,0.0,0.0,0.0,0.0,0.0,0.0,0.0,0.0,0.0,0.0,0.0,0.0,0.0,0.0,0.0,0.0,0.0,0.0,0.0,0.0,0.0,0.0,0.0,0.0,0.0,0.0,0.0,0.0,0.0,0.0,0.0,0.0,0.0,0.0,0.0,0.0,0.0,0.0,0.0,0.0,0.0,0.0
2026-01-23 15:30:25,4.5,12.5,running,9.4,0.0,19.2,0.0,4.0,0.9,6.7,0.4,2.7,0.4,2.2,0.9,0.4,2.2,22.9,2.7,5.8,0.0,3.1,2.7,4.9,0.9,3.1,11.7,5.4,5.4,10.8,0.0,3.6,5.3,3.1,0.0,0.4,2.7,4.9,3.0,1.3,0.4,0.9,1.0,0.4,3.6,2.2,2.2,2.7,2.7,38.8,6.2,0.0,0.0,0.0,0.0,0.0,0.0,0.0,0.0,0.0,0.0,0.0,0.0,0.0,0.0,0.0,0.0,0.0,0.0,0.0,0.0,0.0,0.0,0.0,0.0,0.0,0.0,0.0,0.0,0.0,0.0,0.0,0.0,0.0,0.0,0.0,0.0,0.0,0.0,0.0,0.0,0.0,0.0,0.0,0.0,0.0,0.0,0.0,0.0
2026-01-23 15:30:29,3.2,28.1,running,8.0,3.6,20.0,0.0,5.3,0.4,3.1,0.0,2.2,0.9,1.8,1.3,0.4,0.4,0.0,1.8,0.4,2.2,0.0,1.3,0.9,1.3,0.0,14.6,4.9,0.4,1.8,1.8,2.7,1.8,0.0,0.0,6.6,0.9,2.7,5.8,0.9,3.6,2.7,2.3,0.9,1.3,0.9,21.8,3.5,0.9,17.3,2.7,0.0,0.0,0.0,0.0,0.0,0.0,0.0,0.0,0.0,0.0,0.0,0.0,0.0,0.0,0.0,0.0,0.0,0.0,0.0,0.0,0.0,0.0,0.0,0.0,0.0,0.0,0.0,0.0,0.0,0.0,0.0,0.0,0.0,0.0,0.0,0.0,0.0,0.0,0.0,0.0,0.0,0.0,0.0,0.0,0.0,0.0,0.0,0.0
2026-01-23 15:30:32,3.6,31.2,running,2.2,0.0,24.8,0.0,4.0,0.4,5.4,0.0,8.1,0.4,2.2,0.9,3.1,2.7,1.3,2.2,1.8,0.9,1.3,2.2,3.1,0.0,1.8,13.7,2.7,0.9,4.4,3.6,1.4,3.1,0.4,1.8,1.3,0.9,5.8,0.0,0.9,5.8,1.8,5.8,0.4,3.6,0.4,41.6,3.6,4.0,2.7,5.8,0.0,0.0,0.0,0.0,0.0,0.0,0.0,0.0,0.0,0.0,0.0,0.0,0.0,0.0,0.0,0.0,0.0,0.0,0.0,0.0,0.0,0.0,0.0,0.0,0.0,0.0,0.0,0.0,0.0,0.0,0.0,0.0,0.0,0.0,0.0,0.0,0.0,0.0,0.0,0.0,0.0,0.0,0.0,0.0,0.0,0.0,0.0,0.0
2026-01-23 15:30:36,3.2,34.3,running,1.8,0.4,23.3,0.0,2.2,0.9,5.3,0.0,4.0,0.0,1.3,0.4,3.1,0.4,3.5,3.6,0.4,2.2,0.0,0.4,3.1,0.0,0.0,12.5,1.3,4.0,3.1,1.8,4.9,0.4,0.9,3.1,1.8,1.3,2.2,2.7,1.8,2.7,1.3,0.0,0.9,0.4,0.0,41.8,15.0,0.0,2.2,0.9,0.0,0.0,0.0,0.0,0.0,0.0,0.0,0.0,0.0,0.0,0.0,0.0,0.0,0.0,0.0,0.0,0.0,0.0,0.0,0.0,0.0,0.0,0.0,0.0,0.0,0.0,0.0,0.0,0.0,0.0,0.0,0.0,0.0,0.0,0.0,0.0,0.0,0.0,0.0,0.0,0.0,0.0,0.0,0.0,0.0,0.0,0.0,0.0
2026-01-23 15:30:39,3.8,50.0,running,5.4,2.2,24.6,0.0,4.0,0.9,4.9,0.0,2.2,0.0,1.3,4.0,0.9,1.8,0.9,1.3,0.4,3.6,0.4,1.8,4.4,1.7,0.9,10.3,2.7,1.8,3.6,0.0,1.3,1.8,3.1,1.3,0.4,1.8,5.3,0.9,1.8,0.9,5.3,0.0,2.7,0.4,3.6,15.6,9.3,0.0,32.0,0.0,0.0,0.0,0.0,0.0,0.0,0.0,0.0,0.0,0.0,0.0,0.0,0.0,0.0,0.0,0.0,0.0,0.0,0.0,0.0,0.0,0.0,0.0,0.0,0.0,0.0,0.0,0.0,0.0,0.0,0.0,0.0,0.0,0.0,0.0,0.0,0.0,0.0,0.0,0.0,0.0,0.0,0.0,0.0,0.0,0.0,0.0,0.0,0.0
2026-01-23 15:30:43,4.3,37.5,running,7.9,0.4,24.1,1.1,5.3,1.8,4.4,2.3,4.4,0.5,5.8,1.4,2.7,2.6,3.5,5.3,1.8,0.5,0.5,1.3,0.4,2.2,2.7,10.8,1.8,2.7,3.6,2.6,0.9,1.6,2.9,1.3,2.2,1.8,4.1,1.6,1.1,1.8,2.7,0.5,0.0,1.8,0.0,15.5,5.3,0.0,32.4,1.8,0.0,0.0,0.0,0.0,0.0,0.0,0.0,0.0,0.0,0.0,0.0,0.0,0.0,0.0,0.0,0.0,0.0,0.0,0.0,0.0,0.0,0.0,0.0,0.0,0.0,0.0,0.0,0.0,0.0,0.0,0.0,0.0,0.0,0.0,0.0,0.0,0.0,0.0,0.0,0.0,0.0,0.0,0.0,0.0,0.0,0.0,0.0,0.0
2026-01-23 15:30:46,3.9,37.5,running,5.3,0.4,20.4,0.0,0.9,1.8,3.1,0.8,2.7,1.8,5.8,1.8,4.0,0.0,0.9,1.3,2.7,1.2,0.4,2.7,2.7,1.3,4.0,11.0,6.1,1.8,2.2,0.8,1.3,0.4,1.7,4.4,0.9,0.9,1.3,0.0,3.1,0.4,0.4,1.5,3.0,0.0,0.0,40.9,8.5,3.6,2.5,2.2,0.0,0.0,0.0,0.0,0.0,0.0,0.0,0.0,0.0,0.0,0.0,0.0,0.0,0.0,0.0,0.0,0.0,0.0,0.0,0.0,0.0,0.0,0.0,0.0,0.0,0.0,0.0,0.0,0.0,0.0,0.0,0.0,0.0,0.0,0.0,0.0,0.0,0.0,0.0,0.0,0.0,0.0,0.0,0.0,0.0,0.0,0.0,0.0
2026-01-23 15:30:50,3.7,28.1,running,2.2,1.8,22.6,0.0,4.0,0.4,4.8,0.0,7.1,1.3,1.8,0.0,1.3,0.4,1.3,0.4,0.9,0.0,1.3,0.4,3.1,1.8,5.4,12.9,1.3,0.0,4.5,0.0,1.8,0.4,2.2,4.0,2.2,2.2,4.0,0.0,0.9,1.3,0.4,0.0,3.5,0.0,0.4,48.4,11.0,1.8,2.2,0.0,0.0,0.0,0.0,0.0,0.0,0.0,0.0,0.0,0.0,0.0,0.0,0.0,0.0,0.0,0.0,0.0,0.0,0.0,0.0,0.0,0.0,0.0,0.0,0.0,0.0,0.0,0.0,0.0,0.0,0.0,0.0,0.0,0.0,0.0,0.0,0.0,0.0,0.0,0.0,0.0,0.0,0.0,0.0,0.0,0.0,0.0,0.0,0.0
2026-01-23 15:30:53,3.3,21.9,running,2.7,1.8,28.0,0.0,6.6,0.9,3.6,0.0,3.1,1.3,4.0,0.4,2.2,0.4,0.0,2.2,5.8,0.4,0.0,0.0,3.6,0.0,3.6,13.4,2.7,1.3,1.8,1.3,4.5,0.9,0.9,1.8,4.0,1.3,0.4,0.0,2.2,0.4,1.3,3.1,1.3,2.7,0.9,24.4,4.9,1.8,17.7,0.0,0.0,0.0,0.0,0.0,0.0,0.0,0.0,0.0,0.0,0.0,0.0,0.0,0.0,0.0,0.0,0.0,0.0,0.0,0.0,0.0,0.0,0.0,0.0,0.0,0.0,0.0,0.0,0.0,0.0,0.0,0.0,0.0,0.0,0.0,0.0,0.0,0.0,0.0,0.0,0.0,0.0,0.0,0.0,0.0,0.0,0.0,0.0,0.0
2026-01-23 15:30:57,3.3,28.1,running,7.6,1.8,25.3,0.5,7.1,0.9,1.3,0.0,2.2,0.0,0.9,0.4,3.1,1.8,4.0,1.3,1.3,2.2,1.3,10.2,2.2,0.4,0.9,12.9,1.3,0.0,1.8,2.7,0.9,1.3,0.9,0.9,0.4,1.3,0.9,0.0,1.8,0.4,1.3,3.6,4.4,1.3,1.8,0.4,4.0,3.1,44.9,0.5,0.0,0.0,0.0,0.0,0.0,0.0,0.0,0.0,0.0,0.0,0.0,0.0,0.0,0.0,0.0,0.0,0.0,0.0,0.0,0.0,0.0,0.0,0.0,0.0,0.0,0.0,0.0,0.0,0.0,0.0,0.0,0.0,0.0,0.0,0.0,0.0,0.0,0.0,0.0,0.0,0.0,0.0,0.0,0.0,0.0,0.0,0.0,0.0
2026-01-23 15:31:00,3.2,43.7,running,2.7,0.0,16.9,0.0,3.1,2.1,6.2,0.0,4.0,0.0,1.8,0.0,4.5,0.6,2.2,0.0,4.4,4.9,1.8,0.0,4.0,5.8,0.4,11.1,2.7,1.3,1.8,3.5,0.9,1.8,0.0,0.0,0.4,3.6,0.0,0.0,1.3,0.5,0.4,4.0,0.4,0.4,3.6,42.2,5.3,1.8,0.0,1.7,0.0,0.0,0.0,0.0,0.0,0.0,0.0,0.0,0.0,0.0,0.0,0.0,0.0,0.0,0.0,0.0,0.0,0.0,0.0,0.0,0.0,0.0,0.0,0.0,0.0,0.0,0.0,0.0,0.0,0.0,0.0,0.0,0.0,0.0,0.0,0.0,0.0,0.0,0.0,0.0,0.0,0.0,0.0,0.0,0.0,0.0,0.0,0.0
2026-01-23 15:31:04,3.6,25.0,running,4.4,1.3,22.9,0.0,4.9,0.5,1.8,0.0,2.3,3.1,4.0,0.0,5.4,3.7,1.8,2.7,2.7,0.9,1.8,2.2,1.8,0.0,0.9,9.9,0.9,6.3,0.4,2.3,5.3,0.0,0.0,0.0,2.2,5.7,4.0,0.0,0.4,0.9,0.9,0.5,0.0,0.0,4.9,20.3,6.7,0.4,28.8,0.0,0.0,0.0,0.0,0.0,0.0,0.0,0.0,0.0,0.0,0.0,0.0,0.0,0.0,0.0,0.0,0.0,0.0,0.0,0.0,0.0,0.0,0.0,0.0,0.0,0.0,0.0,0.0,0.0,0.0,0.0,0.0,0.0,0.0,0.0,0.0,0.0,0.0,0.0,0.0,0.0,0.0,0.0,0.0,0.0,0.0,0.0,0.0,0.0
2026-01-23 15:31:07,3.3,21.9,running,4.4,0.0,18.6,0.0,5.3,0.4,7.1,0.0,2.7,2.3,2.7,0.0,4.0,4.4,1.8,2.7,1.8,1.3,0.4,2.2,3.1,0.4,2.7,11.1,0.9,0.0,0.9,0.4,2.2,1.8,3.0,0.9,0.9,0.9,0.0,0.0,0.0,0.4,1.3,0.0,1.3,3.1,2.7,8.4,7.1,2.7,39.4,0.0,0.0,0.0,0.0,0.0,0.0,0.0,0.0,0.0,0.0,0.0,0.0,0.0,0.0,0.0,0.0,0.0,0.0,0.0,0.0,0.0,0.0,0.0,0.0,0.0,0.0,0.0,0.0,0.0,0.0,0.0,0.0,0.0,0.0,0.0,0.0,0.0,0.0,0.0,0.0,0.0,0.0,0.0,0.0,0.0,0.0,0.0,0.0,0.0
2026-01-23 15:31:11,3.4,25.0,running,4.0,2.7,17.9,0.0,2.7,1.8,8.5,0.4,1.3,0.9,4.4,0.0,1.8,1.3,0.9,3.6,1.3,1.8,2.7,1.3,0.4,0.0,0.4,13.3,0.4,0.0,2.7,1.8,1.3,2.7,0.4,0.0,1.3,3.1,3.6,0.0,0.0,1.8,3.1,1.5,0.4,2.2,0.9,42.2,4.4,0.9,5.8,0.0,0.0,0.0,0.0,0.0,0.0,0.0,0.0,0.0,0.0,0.0,0.0,0.0,0.0,0.0,0.0,0.0,0.0,0.0,0.0,0.0,0.0,0.0,0.0,0.0,0.0,0.0,0.0,0.0,0.0,0.0,0.0,0.0,0.0,0.0,0.0,0.0,0.0,0.0,0.0,0.0,0.0,0.0,0.0,0.0,0.0,0.0,0.0,0.0
2026-01-23 15:31:14,3.6,31.2,running,4.9,2.2,16.9,0.0,4.4,0.4,9.7,0.0,2.2,0.9,3.1,0.0,1.8,3.6,2.2,1.3,5.7,0.0,1.8,2.7,0.0,2.2,0.0,10.3,0.0,0.0,1.8,0.9,4.9,1.3,1.8,0.0,1.3,2.7,1.3,0.4,2.7,0.0,1.3,1.8,0.0,0.9,0.0,16.4,8.5,0.9,33.8,0.0,0.0,0.0,0.0,0.0,0.0,0.0,0.0,0.0,0.0,0.0,0.0,0.0,0.0,0.0,0.0,0.0,0.0,0.0,0.0,0.0,0.0,0.0,0.0,0.0,0.0,0.0,0.0,0.0,0.0,0.0,0.0,0.0,0.0,0.0,0.0,0.0,0.0,0.0,0.0,0.0,0.0,0.0,0.0,0.0,0.0,0.0,0.0,0.0
2026-01-23 15:31:18,3.9,31.2,running,11.6,1.3,26.2,0.0,5.4,5.8,4.5,0.0,3.6,0.9,3.1,0.4,1.3,1.8,4.8,2.7,3.1,1.3,0.9,2.2,2.2,0.0,0.0,9.0,1.3,1.3,4.5,1.7,0.4,1.3,1.3,0.0,2.2,1.8,3.1,1.3,0.9,2.2,3.1,2.7,0.0,1.3,2.2,11.1,6.7,1.3,30.9,1.8,0.0,0.0,0.0,0.0,0.0,0.0,0.0,0.0,0.0,0.0,0.0,0.0,0.0,0.0,0.0,0.0,0.0,0.0,0.0,0.0,0.0,0.0,0.0,0.0,0.0,0.0,0.0,0.0,0.0,0.0,0.0,0.0,0.0,0.0,0.0,0.0,0.0,0.0,0.0,0.0,0.0,0.0,0.0,0.0,0.0,0.0,0.0,0.0
2026-01-23 15:31:21,3.3,34.3,running,0.9,3.1,19.1,0.0,1.8,0.9,5.8,0.0,3.1,0.0,1.3,0.9,3.1,0.0,1.3,0.0,1.8,0.4,0.0,1.3,2.2,1.8,0.0,10.7,1.8,4.4,2.2,2.9,3.1,1.8,6.0,0.4,2.2,1.3,1.8,0.0,4.0,4.4,3.1,3.6,2.2,0.0,0.9,44.4,8.0,0.4,0.4,3.5,0.0,0.0,0.0,0.0,0.0,0.0,0.0,0.0,0.0,0.0,0.0,0.0,0.0,0.0,0.0,0.0,0.0,0.0,0.0,0.0,0.0,0.0,0.0,0.0,0.0,0.0,0.0,0.0,0.0,0.0,0.0,0.0,0.0,0.0,0.0,0.0,0.0,0.0,0.0,0.0,0.0,0.0,0.0,0.0,0.0,0.0,0.0,0.0
2026-01-23 15:31:25,3.3,31.2,running,1.8,0.0,26.0,0.0,4.5,0.4,5.8,0.0,4.0,4.0,0.9,4.0,7.6,0.0,0.0,1.8,0.9,2.5,1.3,0.0,4.4,4.5,1.8,10.7,0.4,0.0,0.4,2.0,6.2,0.0,2.7,0.9,3.2,2.7,5.3,2.2,0.4,0.0,1.3,0.9,0.0,3.6,0.0,38.8,4.5,1.3,0.4,0.9,0.0,0.0,0.0,0.0,0.0,0.0,0.0,0.0,0.0,0.0,0.0,0.0,0.0,0.0,0.0,0.0,0.0,0.0,0.0,0.0,0.0,0.0,0.0,0.0,0.0,0.0,0.0,0.0,0.0,0.0,0.0,0.0,0.0,0.0,0.0,0.0,0.0,0.0,0.0,0.0,0.0,0.0,0.0,0.0,0.0,0.0,0.0,0.0
2026-01-23 15:31:28,3.6,43.7,running,5.3,1.3,21.2,0.0,5.8,1.8,4.0,0.4,7.6,3.1,5.4,0.4,2.2,2.0,1.3,2.2,1.3,0.0,0.9,0.0,1.8,1.6,2.2,12.9,1.3,1.6,1.8,0.8,3.1,0.4,1.2,0.9,1.8,2.2,2.7,3.1,1.3,0.4,4.9,0.0,0.4,3.1,0.9,28.7,7.9,1.8,18.6,0.0,0.0,0.0,0.0,0.0,0.0,0.0,0.0,0.0,0.0,0.0,0.0,0.0,0.0,0.0,0.0,0.0,0.0,0.0,0.0,0.0,0.0,0.0,0.0,0.0,0.0,0.0,0.0,0.0,0.0,0.0,0.0,0.0,0.0,0.0,0.0,0.0,0.0,0.0,0.0,0.0,0.0,0.0,0.0,0.0,0.0,0.0,0.0,0.0
2026-01-23 15:31:32,3.6,31.2,running,9.6,2.2,23.0,0.0,5.3,0.4,2.7,0.0,1.8,2.2,3.5,0.4,4.4,0.9,0.9,1.8,2.7,0.0,0.0,0.0,3.1,0.5,0.9,11.1,0.0,1.3,1.3,0.0,5.8,1.8,2.7,0.0,3.6,0.9,2.7,0.4,0.9,1.3,2.2,2.7,2.9,7.9,0.4,1.8,4.9,2.3,36.0,0.0,0.0,0.0,0.0,0.0,0.0,0.0,0.0,0.0,0.0,0.0,0.0,0.0,0.0,0.0,0.0,0.0,0.0,0.0,0.0,0.0,0.0,0.0,0.0,0.0,0.0,0.0,0.0,0.0,0.0,0.0,0.0,0.0,0.0,0.0,0.0,0.0,0.0,0.0,0.0,0.0,0.0,0.0,0.0,0.0,0.0,0.0,0.0,0.0
2026-01-23 15:31:35,3.4,28.1,running,9.8,0.0,22.5,0.0,5.8,0.4,3.1,0.0,5.3,1.8,2.7,1.8,4.0,2.7,1.3,1.3,0.9,1.3,3.1,1.3,2.2,0.4,2.2,11.1,3.1,0.4,1.8,2.2,0.9,0.4,3.5,0.9,2.2,2.7,1.8,1.3,0.9,1.8,1.8,0.0,1.2,2.7,0.0,0.0,4.4,0.0,43.4,1.8,0.0,0.0,0.0,0.0,0.0,0.0,0.0,0.0,0.0,0.0,0.0,0.0,0.0,0.0,0.0,0.0,0.0,0.0,0.0,0.0,0.0,0.0,0.0,0.0,0.0,0.0,0.0,0.0,0.0,0.0,0.0,0.0,0.0,0.0,0.0,0.0,0.0,0.0,0.0,0.0,0.0,0.0,0.0,0.0,0.0,0.0,0.0,0.0
2026-01-23 15:31:39,3.8,28.1,running,6.2,0.9,23.3,0.0,6.7,0.9,5.8,0.0,2.7,0.0,1.8,2.2,3.6,0.4,2.7,3.1,4.0,1.8,1.3,0.0,0.9,0.9,0.9,9.8,5.8,0.4,3.1,0.0,1.8,2.2,0.0,5.3,0.9,2.2,0.9,1.8,0.0,5.8,0.9,0.0,1.3,0.0,2.4,24.7,1.8,0.4,22.3,0.0,0.0,0.0,0.0,0.0,0.0,0.0,0.0,0.0,0.0,0.0,0.0,0.0,0.0,0.0,0.0,0.0,0.0,0.0,0.0,0.0,0.0,0.0,0.0,0.0,0.0,0.0,0.0,0.0,0.0,0.0,0.0,0.0,0.0,0.0,0.0,0.0,0.0,0.0,0.0,0.0,0.0,0.0,0.0,0.0,0.0,0.0,0.0,0.0
2026-01-23 15:31:42,3.0,31.2,running,4.0,0.4,18.3,0.0,4.0,2.2,5.7,0.4,3.1,0.0,2.2,0.0,2.2,4.0,1.8,2.2,0.4,3.1,0.4,0.0,1.8,0.0,0.4,12.9,3.1,1.4,5.3,0.0,2.2,0.0,0.8,1.4,4.9,4.0,1.4,2.2,0.9,0.0,0.9,2.7,0.4,2.7,0.8,39.5,7.1,1.3,4.0,1.8,0.0,0.0,0.0,0.0,0.0,0.0,0.0,0.0,0.0,0.0,0.0,0.0,0.0,0.0,0.0,0.0,0.0,0.0,0.0,0.0,0.0,0.0,0.0,0.0,0.0,0.0,0.0,0.0,0.0,0.0,0.0,0.0,0.0,0.0,0.0,0.0,0.0,0.0,0.0,0.0,0.0,0.0,0.0,0.0,0.0,0.0,0.0,0.0
2026-01-23 15:31:46,3.4,28.1,running,8.9,1.3,19.1,0.0,3.1,0.9,10.3,0.0,1.3,0.4,0.9,0.4,1.8,0.0,6.2,0.0,1.8,0.0,0.0,0.0,1.3,2.7,0.9,11.1,0.4,0.4,2.2,0.0,0.9,0.0,0.0,0.4,1.8,0.4,6.6,0.0,4.4,4.0,3.9,0.0,1.3,0.0,2.2,0.4,6.2,0.0,43.6,0.0,0.0,0.0,0.0,0.0,0.0,0.0,0.0,0.0,0.0,0.0,0.0,0.0,0.0,0.0,0.0,0.0,0.0,0.0,0.0,0.0,0.0,0.0,0.0,0.0,0.0,0.0,0.0,0.0,0.0,0.0,0.0,0.0,0.0,0.0,0.0,0.0,0.0,0.0,0.0,0.0,0.0,0.0,0.0,0.0,0.0,0.0,0.0,0.0
2026-01-23 15:31:49,3.4,25.0,running,6.2,1.3,25.4,0.0,5.3,4.0,3.1,0.0,4.0,2.3,0.9,0.0,2.7,2.7,1.8,1.3,1.3,0.0,0.4,3.1,0.0,1.1,0.9,10.2,3.1,4.5,3.6,0.0,1.4,0.4,2.2,0.9,2.7,3.6,1.8,0.0,5.3,2.7,1.3,1.3,0.4,0.0,0.4,33.3,5.3,0.9,13.4,0.0,0.0,0.0,0.0,0.0,0.0,0.0,0.0,0.0,0.0,0.0,0.0,0.0,0.0,0.0,0.0,0.0,0.0,0.0,0.0,0.0,0.0,0.0,0.0,0.0,0.0,0.0,0.0,0.0,0.0,0.0,0.0,0.0,0.0,0.0,0.0,0.0,0.0,0.0,0.0,0.0,0.0,0.0,0.0,0.0,0.0,0.0,0.0,0.0
2026-01-23 15:31:53,3.8,28.1,running,2.7,0.0,17.7,0.0,3.1,2.7,3.1,0.4,4.9,1.3,5.3,0.4,1.3,0.0,1.3,3.6,0.4,0.4,0.4,0.0,2.2,1.1,1.3,10.3,3.6,5.4,1.3,3.6,3.4,1.8,0.4,1.3,2.2,5.4,2.7,0.4,0.4,1.8,1.3,0.9,0.9,0.0,0.0,39.0,6.2,1.3,12.1,1.8,0.0,0.0,0.0,0.0,0.0,0.0,0.0,0.0,0.0,0.0,0.0,0.0,0.0,0.0,0.0,0.0,0.0,0.0,0.0,0.0,0.0,0.0,0.0,0.0,0.0,0.0,0.0,0.0,0.0,0.0,0.0,0.0,0.0,0.0,0.0,0.0,0.0,0.0,0.0,0.0,0.0,0.0,0.0,0.0,0.0,0.0,0.0,0.0
2026-01-23 15:31:56,3.3,25.0,running,10.6,0.0,18.8,0.5,2.7,0.0,5.8,0.0,7.0,3.6,3.1,0.0,4.0,2.7,1.3,0.9,0.0,0.9,4.0,0.0,0.4,0.0,0.0,11.2,1.8,0.0,2.7,0.9,1.3,1.8,2.8,3.6,1.8,4.0,4.9,0.0,0.0,4.5,0.4,0.0,3.1,1.3,1.8,0.0,2.2,0.4,43.8,0.0,0.0,0.0,0.0,0.0,0.0,0.0,0.0,0.0,0.0,0.0,0.0,0.0,0.0,0.0,0.0,0.0,0.0,0.0,0.0,0.0,0.0,0.0,0.0,0.0,0.0,0.0,0.0,0.0,0.0,0.0,0.0,0.0,0.0,0.0,0.0,0.0,0.0,0.0,0.0,0.0,0.0,0.0,0.0,0.0,0.0,0.0,0.0,0.0
2026-01-23 15:32:00,3.2,25.0,running,3.1,4.8,24.0,0.0,4.4,1.3,6.2,0.0,4.0,0.0,5.8,0.4,4.9,1.3,2.7,2.2,0.9,0.4,1.3,1.3,9.8,0.4,2.2,13.8,5.8,1.3,1.8,2.2,1.8,1.3,2.5,0.4,2.6,0.9,0.4,4.4,0.4,1.3,3.1,1.3,1.3,4.0,0.4,29.1,8.4,0.0,8.5,0.9,0.0,0.0,0.0,0.0,0.0,0.0,0.0,0.0,0.0,0.0,0.0,0.0,0.0,0.0,0.0,0.0,0.0,0.0,0.0,0.0,0.0,0.0,0.0,0.0,0.0,0.0,0.0,0.0,0.0,0.0,0.0,0.0,0.0,0.0,0.0,0.0,0.0,0.0,0.0,0.0,0.0,0.0,0.0,0.0,0.0,0.0,0.0,0.0
2026-01-23 15:32:03,3.0,37.5,running,2.7,0.0,17.8,0.0,4.9,0.9,4.5,0.0,2.2,0.0,2.3,0.9,1.8,1.3,3.1,1.8,3.6,1.3,0.0,0.4,3.1,4.5,3.1,12.0,1.8,0.0,2.7,2.7,1.3,3.5,0.4,2.2,3.1,0.4,0.4,0.4,0.0,0.9,3.1,0.4,0.0,0.0,1.3,31.6,6.2,0.4,17.3,0.0,0.0,0.0,0.0,0.0,0.0,0.0,0.0,0.0,0.0,0.0,0.0,0.0,0.0,0.0,0.0,0.0,0.0,0.0,0.0,0.0,0.0,0.0,0.0,0.0,0.0,0.0,0.0,0.0,0.0,0.0,0.0,0.0,0.0,0.0,0.0,0.0,0.0,0.0,0.0,0.0,0.0,0.0,0.0,0.0,0.0,0.0,0.0,0.0
2026-01-23 15:32:07,3.3,31.2,running,5.4,0.0,23.1,0.5,1.3,3.6,4.9,0.9,3.1,0.5,1.8,0.4,2.7,1.8,2.2,0.4,0.9,3.2,0.0,2.3,3.6,0.0,3.1,9.8,4.9,3.6,4.0,0.9,0.9,0.0,0.0,2.7,0.0,1.3,1.3,0.4,4.9,0.4,0.9,4.0,1.8,0.9,1.1,1.8,3.1,3.1,42.5,0.0,0.0,0.0,0.0,0.0,0.0,0.0,0.0,0.0,0.0,0.0,0.0,0.0,0.0,0.0,0.0,0.0,0.0,0.0,0.0,0.0,0.0,0.0,0.0,0.0,0.0,0.0,0.0,0.0,0.0,0.0,0.0,0.0,0.0,0.0,0.0,0.0,0.0,0.0,0.0,0.0,0.0,0.0,0.0,0.0,0.0,0.0,0.0,0.0
2026-01-23 15:32:10,3.2,28.1,running,3.1,0.0,19.9,0.0,4.9,0.4,5.8,0.0,5.4,3.0,3.6,1.3,6.6,3.1,1.3,2.2,4.0,0.0,0.0,1.3,0.9,0.0,0.4,10.7,1.8,0.0,2.2,0.4,1.8,0.4,3.6,0.0,3.6,7.9,5.2,0.0,0.0,1.8,3.6,0.0,0.4,3.1,0.0,38.1,6.2,0.0,5.8,0.4,0.0,0.0,0.0,0.0,0.0,0.0,0.0,0.0,0.0,0.0,0.0,0.0,0.0,0.0,0.0,0.0,0.0,0.0,0.0,0.0,0.0,0.0,0.0,0.0,0.0,0.0,0.0,0.0,0.0,0.0,0.0,0.0,0.0,0.0,0.0,0.0,0.0,0.0,0.0,0.0,0.0,0.0,0.0,0.0,0.0,0.0,0.0,0.0
2026-01-23 15:32:14,3.3,28.1,running,4.8,0.0,18.7,0.0,4.0,4.9,6.2,0.0,1.8,0.0,2.3,2.2,1.8,2.2,2.7,2.7,2.7,0.9,0.0,0.0,3.1,0.9,0.0,14.2,1.3,0.9,1.3,0.0,3.6,0.0,1.3,2.2,6.2,2.2,3.0,0.0,0.0,3.6,2.2,0.0,3.1,0.0,0.0,24.3,7.5,0.4,20.4,0.4,0.0,0.0,0.0,0.0,0.0,0.0,0.0,0.0,0.0,0.0,0.0,0.0,0.0,0.0,0.0,0.0,0.0,0.0,0.0,0.0,0.0,0.0,0.0,0.0,0.0,0.0,0.0,0.0,0.0,0.0,0.0,0.0,0.0,0.0,0.0,0.0,0.0,0.0,0.0,0.0,0.0,0.0,0.0,0.0,0.0,0.0,0.0,0.0
2026-01-23 15:32:17,3.3,37.4,running,6.7,0.9,24.8,0.0,4.4,5.7,4.5,0.4,2.2,2.7,3.9,2.2,3.1,2.2,0.9,0.9,0.9,0.0,3.6,4.0,4.0,0.4,0.5,11.1,1.8,0.0,5.8,0.0,1.3,0.0,0.0,2.2,3.1,5.3,1.8,1.8,0.4,0.4,4.4,0.9,4.0,0.0,0.0,1.3,6.2,2.2,40.7,0.0,0.0,0.0,0.0,0.0,0.0,0.0,0.0,0.0,0.0,0.0,0.0,0.0,0.0,0.0,0.0,0.0,0.0,0.0,0.0,0.0,0.0,0.0,0.0,0.0,0.0,0.0,0.0,0.0,0.0,0.0,0.0,0.0,0.0,0.0,0.0,0.0,0.0,0.0,0.0,0.0,0.0,0.0,0.0,0.0,0.0,0.0,0.0,0.0
2026-01-23 15:32:21,3.3,25.0,running,4.9,0.0,20.5,0.0,5.8,0.9,7.1,0.4,7.5,3.0,3.1,0.4,3.1,0.4,3.1,1.3,1.8,0.0,0.9,0.9,1.8,4.2,0.9,13.5,1.8,3.6,1.8,2.7,4.5,1.3,1.3,0.0,2.2,1.8,1.8,0.4,0.4,2.2,0.4,1.3,1.3,1.3,0.4,0.9,4.5,0.5,39.9,0.0,0.0,0.0,0.0,0.0,0.0,0.0,0.0,0.0,0.0,0.0,0.0,0.0,0.0,0.0,0.0,0.0,0.0,0.0,0.0,0.0,0.0,0.0,0.0,0.0,0.0,0.0,0.0,0.0,0.0,0.0,0.0,0.0,0.0,0.0,0.0,0.0,0.0,0.0,0.0,0.0,0.0,0.0,0.0,0.0,0.0,0.0,0.0,0.0
2026-01-23 15:32:24,3.5,25.0,running,5.3,3.1,24.3,0.0,4.4,0.9,4.4,0.0,3.1,1.2,3.6,0.0,2.7,0.9,1.8,0.4,1.3,2.7,4.0,0.4,3.1,0.0,0.4,14.5,1.8,3.1,3.1,2.7,1.3,0.0,2.2,4.0,3.5,1.3,2.7,0.4,2.2,3.5,0.9,0.4,3.1,0.9,2.2,24.8,5.8,0.4,20.4,0.9,0.0,0.0,0.0,0.0,0.0,0.0,0.0,0.0,0.0,0.0,0.0,0.0,0.0,0.0,0.0,0.0,0.0,0.0,0.0,0.0,0.0,0.0,0.0,0.0,0.0,0.0,0.0,0.0,0.0,0.0,0.0,0.0,0.0,0.0,0.0,0.0,0.0,0.0,0.0,0.0,0.0,0.0,0.0,0.0,0.0,0.0,0.0,0.0
2026-01-23 15:32:28,3.4,18.7,running,2.7,1.3,23.7,0.0,1.3,0.0,6.2,0.0,1.3,0.9,0.9,0.9,2.2,0.0,1.8,0.9,0.0,4.5,0.9,0.4,4.9,0.0,1.3,13.4,4.5,0.0,2.2,1.3,2.7,0.0,1.8,0.0,0.5,4.0,4.0,4.5,1.3,4.0,1.3,0.0,0.9,2.2,0.0,35.4,5.8,0.4,8.5,3.1,0.0,0.0,0.0,0.0,0.0,0.0,0.0,0.0,0.0,0.0,0.0,0.0,0.0,0.0,0.0,0.0,0.0,0.0,0.0,0.0,0.0,0.0,0.0,0.0,0.0,0.0,0.0,0.0,0.0,0.0,0.0,0.0,0.0,0.0,0.0,0.0,0.0,0.0,0.0,0.0,0.0,0.0,0.0,0.0,0.0,0.0,0.0,0.0
2026-01-23 15:32:31,3.5,21.8,running,5.8,2.7,25.6,0.0,8.0,1.0,3.6,0.4,1.3,2.7,5.8,0.5,8.5,2.1,0.0,0.0,0.0,0.5,0.0,0.0,3.6,0.0,0.0,13.5,2.2,1.1,3.1,0.4,0.4,0.0,4.2,1.8,3.1,0.0,7.2,0.4,1.5,1.8,0.0,1.3,2.2,0.4,0.4,0.5,2.7,0.0,42.0,0.9,0.0,0.0,0.0,0.0,0.0,0.0,0.0,0.0,0.0,0.0,0.0,0.0,0.0,0.0,0.0,0.0,0.0,0.0,0.0,0.0,0.0,0.0,0.0,0.0,0.0,0.0,0.0,0.0,0.0,0.0,0.0,0.0,0.0,0.0,0.0,0.0,0.0,0.0,0.0,0.0,0.0,0.0,0.0,0.0,0.0,0.0,0.0,0.0
2026-01-23 15:32:35,3.5,21.9,running,6.2,1.8,26.1,0.0,10.1,1.3,6.2,0.0,3.6,0.9,4.5,0.9,4.9,0.0,5.4,0.9,10.0,0.4,3.8,0.4,2.2,1.6,2.7,11.6,5.8,0.0,2.2,2.2,1.4,1.9,0.4,2.2,0.9,0.9,2.7,1.3,0.0,0.9,3.1,1.8,3.1,5.3,1.3,8.0,7.0,0.9,36.4,0.9,0.0,0.0,0.0,0.0,0.0,0.0,0.0,0.0,0.0,0.0,0.0,0.0,0.0,0.0,0.0,0.0,0.0,0.0,0.0,0.0,0.0,0.0,0.0,0.0,0.0,0.0,0.0,0.0,0.0,0.0,0.0,0.0,0.0,0.0,0.0,0.0,0.0,0.0,0.0,0.0,0.0,0.0,0.0,0.0,0.0,0.0,0.0,0.0
2026-01-23 15:32:38,3.3,28.1,running,8.5,1.8,22.6,0.0,3.1,0.0,5.8,0.0,4.0,2.7,4.8,0.0,1.3,0.9,0.9,1.8,4.8,1.3,1.3,0.0,0.0,2.1,1.8,12.4,3.6,0.8,3.1,3.1,4.9,0.0,0.4,0.0,3.1,0.9,5.8,0.4,0.4,0.0,0.0,3.1,1.3,0.0,0.0,11.9,3.1,0.4,27.6,1.8,0.0,0.0,0.0,0.0,0.0,0.0,0.0,0.0,0.0,0.0,0.0,0.0,0.0,0.0,0.0,0.0,0.0,0.0,0.0,0.0,0.0,0.0,0.0,0.0,0.0,0.0,0.0,0.0,0.0,0.0,0.0,0.0,0.0,0.0,0.0,0.0,0.0,0.0,0.0,0.0,0.0,0.0,0.0,0.0,0.0,0.0,0.0,0.0
2026-01-23 15:32:42,3.4,28.1,running,1.8,0.4,20.5,0.0,4.4,2.7,3.1,0.0,1.3,3.1,3.2,0.9,1.8,4.2,0.4,1.3,2.7,0.0,1.8,1.3,1.3,1.3,1.8,10.3,1.3,0.4,5.8,1.3,3.2,2.3,0.0,0.0,4.5,3.1,2.7,3.1,0.0,0.9,0.9,3.6,2.7,2.2,0.0,40.0,2.2,0.4,1.8,0.0,0.0,0.0,0.0,0.0,0.0,0.0,0.0,0.0,0.0,0.0,0.0,0.0,0.0,0.0,0.0,0.0,0.0,0.0,0.0,0.0,0.0,0.0,0.0,0.0,0.0,0.0,0.0,0.0,0.0,0.0,0.0,0.0,0.0,0.0,0.0,0.0,0.0,0.0,0.0,0.0,0.0,0.0,0.0,0.0,0.0,0.0,0.0,0.0
2026-01-23 15:32:45,3.1,37.5,running,5.8,0.4,19.6,0.0,0.4,0.4,2.7,0.9,0.9,2.2,3.5,0.9,1.3,0.0,0.9,0.9,2.2,3.1,0.9,0.0,4.4,4.0,0.0,11.2,5.8,0.0,2.7,0.0,0.4,0.0,1.8,0.9,4.9,0.4,4.9,4.0,0.4,7.6,0.9,1.3,0.0,3.6,0.0,5.8,2.7,0.0,40.3,1.8,0.0,0.0,0.0,0.0,0.0,0.0,0.0,0.0,0.0,0.0,0.0,0.0,0.0,0.0,0.0,0.0,0.0,0.0,0.0,0.0,0.0,0.0,0.0,0.0,0.0,0.0,0.0,0.0,0.0,0.0,0.0,0.0,0.0,0.0,0.0,0.0,0.0,0.0,0.0,0.0,0.0,0.0,0.0,0.0,0.0,0.0,0.0,0.0
2026-01-23 15:32:49,3.1,34.3,running,4.0,0.4,21.3,0.0,0.9,2.7,8.4,0.4,4.0,0.0,1.8,0.9,5.8,0.0,0.0,1.8,3.1,0.0,0.4,2.2,1.8,1.3,3.6,12.8,2.2,0.0,2.7,0.4,3.1,0.0,0.0,1.3,3.5,2.2,4.8,0.0,0.0,1.3,1.3,0.0,3.5,0.0,0.9,19.6,3.6,0.9,25.3,0.9,0.0,0.0,0.0,0.0,0.0,0.0,0.0,0.0,0.0,0.0,0.0,0.0,0.0,0.0,0.0,0.0,0.0,0.0,0.0,0.0,0.0,0.0,0.0,0.0,0.0,0.0,0.0,0.0,0.0,0.0,0.0,0.0,0.0,0.0,0.0,0.0,0.0,0.0,0.0,0.0,0.0,0.0,0.0,0.0,0.0,0.0,0.0,0.0
2026-01-23 15:32:52,4.2,21.9,running,4.5,1.8,20.5,0.0,6.2,2.7,3.6,0.0,3.1,5.8,6.2,2.2,3.6,0.4,1.8,2.2,0.0,3.6,1.8,0.0,4.0,0.4,0.0,12.1,1.8,2.7,0.4,0.4,0.0,0.4,0.9,3.6,2.7,1.3,0.0,2.2,0.0,1.3,0.9,4.5,3.1,4.4,0.0,42.2,8.9,1.8,2.7,3.1,0.0,0.0,0.0,0.0,0.0,0.0,0.0,0.0,0.0,0.0,0.0,0.0,0.0,0.0,0.0,0.0,0.0,0.0,0.0,0.0,0.0,0.0,0.0,0.0,0.0,0.0,0.0,0.0,0.0,0.0,0.0,0.0,0.0,0.0,0.0,0.0,0.0,0.0,0.0,0.0,0.0,0.0,0.0,0.0,0.0,0.0,0.0,0.0
2026-01-23 15:32:56,3.6,31.2,running,6.6,1.8,17.3,0.0,3.6,4.4,1.3,0.0,2.2,2.2,2.2,1.8,1.8,0.0,0.0,5.4,0.0,2.2,0.4,0.4,2.2,0.0,3.1,10.7,5.3,1.3,0.9,0.9,0.9,0.0,1.3,2.2,5.8,2.7,1.8,0.0,0.5,3.6,4.0,4.9,0.0,0.4,0.4,2.2,3.1,0.0,44.3,0.5,0.0,0.0,0.0,0.0,0.0,0.0,0.0,0.0,0.0,0.0,0.0,0.0,0.0,0.0,0.0,0.0,0.0,0.0,0.0,0.0,0.0,0.0,0.0,0.0,0.0,0.0,0.0,0.0,0.0,0.0,0.0,0.0,0.0,0.0,0.0,0.0,0.0,0.0,0.0,0.0,0.0,0.0,0.0,0.0,0.0,0.0,0.0,0.0
2026-01-23 15:32:59,3.5,28.1,running,9.8,0.9,20.9,0.0,4.9,0.9,5.7,0.0,5.8,3.6,2.7,1.3,2.7,0.9,1.8,3.1,0.4,0.0,0.0,2.7,0.4,0.0,0.9,10.3,5.3,0.4,2.7,3.1,0.5,5.8,0.0,2.7,0.9,1.8,0.9,0.9,0.0,3.1,1.8,0.9,0.9,1.8,0.4,0.4,4.9,4.5,51.3,0.4,0.0,0.0,0.0,0.0,0.0,0.0,0.0,0.0,0.0,0.0,0.0,0.0,0.0,0.0,0.0,0.0,0.0,0.0,0.0,0.0,0.0,0.0,0.0,0.0,0.0,0.0,0.0,0.0,0.0,0.0,0.0,0.0,0.0,0.0,0.0,0.0,0.0,0.0,0.0,0.0,0.0,0.0,0.0,0.0,0.0,0.0,0.0,0.0
2026-01-23 15:33:03,3.6,37.5,running,8.9,0.4,19.5,0.4,9.4,8.9,2.7,0.9,3.6,4.5,5.8,0.0,2.7,3.6,2.7,1.3,3.1,0.0,0.9,3.6,1.3,0.4,1.8,13.8,0.9,0.0,1.8,0.4,0.9,0.0,1.4,0.0,3.5,0.4,4.9,0.0,0.0,3.6,1.8,0.0,3.1,1.3,0.0,6.6,5.4,0.0,37.6,0.0,0.0,0.0,0.0,0.0,0.0,0.0,0.0,0.0,0.0,0.0,0.0,0.0,0.0,0.0,0.0,0.0,0.0,0.0,0.0,0.0,0.0,0.0,0.0,0.0,0.0,0.0,0.0,0.0,0.0,0.0,0.0,0.0,0.0,0.0,0.0,0.0,0.0,0.0,0.0,0.0,0.0,0.0,0.0,0.0,0.0,0.0,0.0,0.0
2026-01-23 15:33:06,3.6,18.7,running,2.2,4.4,21.2,0.8,2.2,4.0,5.8,0.0,4.0,1.3,1.3,1.8,5.3,1.3,0.9,2.7,0.4,0.9,0.0,0.4,2.7,0.0,0.4,12.4,5.3,5.3,7.1,2.7,3.1,0.0,2.6,0.0,3.1,5.8,0.9,0.0,0.0,2.7,1.3,0.0,0.4,0.9,0.0,41.2,1.3,2.6,0.0,0.0,0.0,0.0,0.0,0.0,0.0,0.0,0.0,0.0,0.0,0.0,0.0,0.0,0.0,0.0,0.0,0.0,0.0,0.0,0.0,0.0,0.0,0.0,0.0,0.0,0.0,0.0,0.0,0.0,0.0,0.0,0.0,0.0,0.0,0.0,0.0,0.0,0.0,0.0,0.0,0.0,0.0,0.0,0.0,0.0,0.0,0.0,0.0,0.0
2026-01-23 15:33:10,3.0,21.9,running,6.6,0.0,22.7,0.0,3.6,0.4,5.3,0.0,3.1,2.7,0.9,1.3,2.2,0.4,1.3,2.7,3.1,1.8,2.7,1.3,2.7,0.9,0.9,12.3,0.4,0.0,2.2,1.8,0.9,0.9,1.3,0.0,2.7,0.0,0.0,1.3,2.7,2.7,2.7,3.1,0.4,1.3,0.0,14.8,2.2,3.1,27.1,0.0,0.0,0.0,0.0,0.0,0.0,0.0,0.0,0.0,0.0,0.0,0.0,0.0,0.0,0.0,0.0,0.0,0.0,0.0,0.0,0.0,0.0,0.0,0.0,0.0,0.0,0.0,0.0,0.0,0.0,0.0,0.0,0.0,0.0,0.0,0.0,0.0,0.0,0.0,0.0,0.0,0.0,0.0,0.0,0.0,0.0,0.0,0.0,0.0
2026-01-23 15:33:13,3.7,31.2,running,12.9,0.4,17.3,0.0,6.6,0.9,1.3,0.0,2.7,0.9,1.8,0.0,0.9,1.0,1.3,4.4,0.4,1.8,0.4,0.0,0.4,1.3,0.0,11.6,0.0,0.0,1.8,2.7,2.2,0.0,0.9,1.9,0.9,2.7,1.8,4.0,4.0,2.2,1.3,0.5,0.4,3.1,2.2,2.4,3.6,1.8,47.3,1.4,0.0,0.0,0.0,0.0,0.0,0.0,0.0,0.0,0.0,0.0,0.0,0.0,0.0,0.0,0.0,0.0,0.0,0.0,0.0,0.0,0.0,0.0,0.0,0.0,0.0,0.0,0.0,0.0,0.0,0.0,0.0,0.0,0.0,0.0,0.0,0.0,0.0,0.0,0.0,0.0,0.0,0.0,0.0,0.0,0.0,0.0,0.0,0.0
2026-01-23 15:33:17,3.2,21.9,running,7.2,0.9,21.4,0.0,2.7,1.8,7.1,0.0,1.8,2.7,3.6,0.9,3.1,0.0,3.5,0.9,2.7,3.1,4.9,0.0,0.9,0.4,0.0,13.3,4.0,0.0,2.2,0.9,5.3,0.4,4.5,0.0,2.2,1.3,1.3,1.8,1.1,2.2,2.7,0.8,0.0,1.3,0.0,2.5,1.8,0.0,39.3,0.0,0.0,0.0,0.0,0.0,0.0,0.0,0.0,0.0,0.0,0.0,0.0,0.0,0.0,0.0,0.0,0.0,0.0,0.0,0.0,0.0,0.0,0.0,0.0,0.0,0.0,0.0,0.0,0.0,0.0,0.0,0.0,0.0,0.0,0.0,0.0,0.0,0.0,0.0,0.0,0.0,0.0,0.0,0.0,0.0,0.0,0.0,0.0,0.0
2026-01-23 15:33:20,3.4,25.0,running,8.0,1.3,18.7,0.5,5.8,0.4,4.9,0.4,2.7,2.7,1.3,0.9,2.2,1.8,4.0,1.8,0.4,3.6,1.3,2.7,0.9,2.7,1.8,10.7,2.2,0.0,1.3,0.0,1.3,2.2,0.9,0.0,2.2,1.8,4.0,1.3,2.7,4.0,3.1,1.8,0.9,0.4,3.6,0.9,2.2,0.4,40.6,0.4,0.0,0.0,0.0,0.0,0.0,0.0,0.0,0.0,0.0,0.0,0.0,0.0,0.0,0.0,0.0,0.0,0.0,0.0,0.0,0.0,0.0,0.0,0.0,0.0,0.0,0.0,0.0,0.0,0.0,0.0,0.0,0.0,0.0,0.0,0.0,0.0,0.0,0.0,0.0,0.0,0.0,0.0,0.0,0.0,0.0,0.0,0.0,0.0
2026-01-23 15:33:24,3.4,25.0,running,4.4,0.4,18.7,0.0,2.7,0.9,4.9,0.0,4.0,2.2,4.0,0.9,5.8,2.2,1.3,1.3,0.0,3.1,0.0,4.9,3.9,0.0,0.4,10.7,0.9,4.4,3.6,0.0,7.6,0.9,0.9,0.4,1.3,0.9,2.2,3.6,3.1,0.0,1.8,0.9,0.0,4.0,0.0,16.9,8.5,0.4,25.1,0.4,0.0,0.0,0.0,0.0,0.0,0.0,0.0,0.0,0.0,0.0,0.0,0.0,0.0,0.0,0.0,0.0,0.0,0.0,0.0,0.0,0.0,0.0,0.0,0.0,0.0,0.0,0.0,0.0,0.0,0.0,0.0,0.0,0.0,0.0,0.0,0.0,0.0,0.0,0.0,0.0,0.0,0.0,0.0,0.0,0.0,0.0,0.0,0.0
2026-01-23 15:33:28,3.2,37.5,running,4.0,1.8,22.6,0.0,4.9,0.4,4.4,0.0,2.2,0.0,2.2,0.9,2.2,0.9,3.6,0.0,0.0,0.0,0.0,0.0,0.0,0.0,0.4,13.0,4.4,0.0,2.2,1.3,4.0,0.0,1.8,0.4,2.7,0.9,4.5,0.9,2.2,4.4,0.0,0.0,0.0,0.0,3.1,41.8,9.8,0.4,3.1,1.3,0.0,0.0,0.0,0.0,0.0,0.0,0.0,0.0,0.0,0.0,0.0,0.0,0.0,0.0,0.0,0.0,0.0,0.0,0.0,0.0,0.0,0.0,0.0,0.0,0.0,0.0,0.0,0.0,0.0,0.0,0.0,0.0,0.0,0.0,0.0,0.0,0.0,0.0,0.0,0.0,0.0,0.0,0.0,0.0,0.0,0.0,0.0,0.0
2026-01-23 15:33:31,3.7,25.0,running,3.6,0.0,20.5,0.5,3.1,0.5,6.2,1.3,5.8,0.4,4.0,1.3,1.8,0.9,0.9,0.4,2.7,2.2,0.0,2.7,2.7,0.9,0.0,11.9,6.7,0.9,7.1,0.4,1.8,1.3,2.2,0.0,1.3,0.5,1.3,1.8,1.8,10.2,0.9,0.0,0.0,0.4,0.0,42.5,8.8,0.4,4.1,1.8,0.0,0.0,0.0,0.0,0.0,0.0,0.0,0.0,0.0,0.0,0.0,0.0,0.0,0.0,0.0,0.0,0.0,0.0,0.0,0.0,0.0,0.0,0.0,0.0,0.0,0.0,0.0,0.0,0.0,0.0,0.0,0.0,0.0,0.0,0.0,0.0,0.0,0.0,0.0,0.0,0.0,0.0,0.0,0.0,0.0,0.0,0.0,0.0
2026-01-23 15:33:35,3.4,31.2,running,4.0,0.9,25.8,0.0,4.5,0.4,6.2,0.4,2.7,0.0,2.2,0.9,7.5,1.8,3.1,0.0,1.3,2.2,0.0,0.0,4.5,1.8,2.7,10.3,1.3,0.0,2.2,2.2,2.2,2.2,3.6,0.4,2.7,0.4,1.3,1.8,2.2,1.3,1.3,0.4,0.4,0.0,1.3,22.8,4.5,1.3,19.8,0.4,0.0,0.0,0.0,0.0,0.0,0.0,0.0,0.0,0.0,0.0,0.0,0.0,0.0,0.0,0.0,0.0,0.0,0.0,0.0,0.0,0.0,0.0,0.0,0.0,0.0,0.0,0.0,0.0,0.0,0.0,0.0,0.0,0.0,0.0,0.0,0.0,0.0,0.0,0.0,0.0,0.0,0.0,0.0,0.0,0.0,0.0,0.0,0.0
2026-01-23 15:33:38,3.4,25.0,running,7.5,0.0,19.8,0.3,3.1,0.0,4.4,0.0,6.6,0.0,1.3,0.9,2.2,0.0,4.0,2.2,0.9,4.0,1.3,1.4,4.0,3.6,3.1,10.3,2.7,2.7,1.8,3.3,2.3,0.0,7.5,0.0,3.1,0.4,0.9,2.2,0.0,3.5,0.9,1.9,0.0,0.9,0.0,2.7,3.5,0.0,40.1,0.9,0.0,0.0,0.0,0.0,0.0,0.0,0.0,0.0,0.0,0.0,0.0,0.0,0.0,0.0,0.0,0.0,0.0,0.0,0.0,0.0,0.0,0.0,0.0,0.0,0.0,0.0,0.0,0.0,0.0,0.0,0.0,0.0,0.0,0.0,0.0,0.0,0.0,0.0,0.0,0.0,0.0,0.0,0.0,0.0,0.0,0.0,0.0,0.0
2026-01-23 15:33:42,3.7,34.3,running,6.6,0.0,24.3,0.0,4.0,1.8,6.2,0.0,3.1,0.0,4.9,2.2,0.9,0.4,0.0,1.8,2.2,1.3,0.9,2.5,0.9,0.4,0.9,9.3,4.4,0.0,3.5,0.0,1.4,0.4,1.3,2.7,6.7,2.2,3.6,0.4,0.0,2.2,0.4,1.3,0.0,0.0,2.7,2.7,4.4,1.8,42.9,0.0,0.0,0.0,0.0,0.0,0.0,0.0,0.0,0.0,0.0,0.0,0.0,0.0,0.0,0.0,0.0,0.0,0.0,0.0,0.0,0.0,0.0,0.0,0.0,0.0,0.0,0.0,0.0,0.0,0.0,0.0,0.0,0.0,0.0,0.0,0.0,0.0,0.0,0.0,0.0,0.0,0.0,0.0,0.0,0.0,0.0,0.0,0.0,0.0
2026-01-23 15:33:45,3.1,28.1,running,5.4,4.5,26.8,0.0,3.1,0.0,5.3,0.0,2.2,0.0,5.4,0.9,2.7,1.3,2.3,0.9,0.4,5.6,2.2,0.0,1.8,1.3,4.0,10.3,4.9,3.1,1.3,0.4,2.2,0.0,0.0,0.0,0.0,2.7,1.3,0.0,1.8,4.4,0.0,0.0,0.0,0.0,2.2,26.2,4.4,2.7,16.0,2.7,0.0,0.0,0.0,0.0,0.0,0.0,0.0,0.0,0.0,0.0,0.0,0.0,0.0,0.0,0.0,0.0,0.0,0.0,0.0,0.0,0.0,0.0,0.0,0.0,0.0,0.0,0.0,0.0,0.0,0.0,0.0,0.0,0.0,0.0,0.0,0.0,0.0,0.0,0.0,0.0,0.0,0.0,0.0,0.0,0.0,0.0,0.0,0.0
2026-01-23 15:33:49,3.5,34.3,running,3.6,2.2,23.0,0.0,4.0,0.0,4.0,0.4,1.8,4.0,2.2,0.4,4.4,0.4,1.8,4.8,2.7,0.4,3.1,0.4,4.8,0.0,2.2,11.1,0.4,0.0,2.7,0.0,4.4,4.4,0.4,3.1,1.8,0.9,1.8,0.0,0.0,2.7,1.3,0.4,0.0,1.3,0.0,36.4,7.1,0.0,11.2,0.0,0.0,0.0,0.0,0.0,0.0,0.0,0.0,0.0,0.0,0.0,0.0,0.0,0.0,0.0,0.0,0.0,0.0,0.0,0.0,0.0,0.0,0.0,0.0,0.0,0.0,0.0,0.0,0.0,0.0,0.0,0.0,0.0,0.0,0.0,0.0,0.0,0.0,0.0,0.0,0.0,0.0,0.0,0.0,0.0,0.0,0.0,0.0,0.0
2026-01-23 15:33:52,3.1,25.0,running,11.9,0.9,24.5,0.0,4.9,1.9,2.2,0.0,2.7,2.7,1.8,1.3,1.3,0.0,0.9,1.3,0.4,0.0,1.3,0.0,0.4,0.0,1.3,11.2,2.2,4.9,1.3,0.0,0.9,3.1,2.7,0.4,7.6,2.2,3.1,0.4,2.2,1.8,0.4,1.3,0.9,3.6,0.0,1.3,3.1,0.0,38.2,0.0,0.0,0.0,0.0,0.0,0.0,0.0,0.0,0.0,0.0,0.0,0.0,0.0,0.0,0.0,0.0,0.0,0.0,0.0,0.0,0.0,0.0,0.0,0.0,0.0,0.0,0.0,0.0,0.0,0.0,0.0,0.0,0.0,0.0,0.0,0.0,0.0,0.0,0.0,0.0,0.0,0.0,0.0,0.0,0.0,0.0,0.0,0.0,0.0
2026-01-23 15:33:56,2.8,31.2,running,5.8,0.0,22.1,0.0,1.3,1.3,4.1,0.0,1.3,2.2,2.7,1.8,1.8,3.6,2.7,4.4,8.4,3.1,0.9,0.0,4.9,2.8,0.0,11.6,1.3,0.0,0.4,0.0,3.5,3.1,0.9,0.9,2.7,1.3,1.8,0.0,4.0,3.1,0.4,3.1,0.0,0.9,0.0,31.7,6.2,0.0,11.1,0.4,0.0,0.0,0.0,0.0,0.0,0.0,0.0,0.0,0.0,0.0,0.0,0.0,0.0,0.0,0.0,0.0,0.0,0.0,0.0,0.0,0.0,0.0,0.0,0.0,0.0,0.0,0.0,0.0,0.0,0.0,0.0,0.0,0.0,0.0,0.0,0.0,0.0,0.0,0.0,0.0,0.0,0.0,0.0,0.0,0.0,0.0,0.0,0.0
2026-01-23 15:33:59,3.2,37.5,running,7.6,0.0,19.5,0.0,2.7,2.2,4.9,0.0,2.2,2.2,0.4,0.4,1.3,0.0,1.8,0.4,0.4,1.3,2.2,0.0,1.3,1.8,1.8,10.7,3.1,2.2,2.7,1.9,0.9,4.4,2.2,0.0,2.7,2.2,1.3,0.4,0.4,1.3,0.0,0.4,0.9,1.8,3.1,39.6,4.9,0.0,2.3,3.1,0.0,0.0,0.0,0.0,0.0,0.0,0.0,0.0,0.0,0.0,0.0,0.0,0.0,0.0,0.0,0.0,0.0,0.0,0.0,0.0,0.0,0.0,0.0,0.0,0.0,0.0,0.0,0.0,0.0,0.0,0.0,0.0,0.0,0.0,0.0,0.0,0.0,0.0,0.0,0.0,0.0,0.0,0.0,0.0,0.0,0.0,0.0,0.0
2026-01-23 15:34:03,3.4,21.8,running,0.0,2.7,24.0,0.0,3.6,2.7,9.8,0.0,6.3,0.0,4.5,0.0,0.4,0.9,0.0,3.1,1.8,2.7,0.0,0.0,6.2,0.9,1.3,11.1,2.7,2.7,1.8,0.4,1.3,1.3,4.5,0.0,2.7,2.7,0.4,0.0,1.3,1.8,1.3,0.0,3.2,4.5,0.9,38.8,5.3,0.0,0.0,3.1,0.0,0.0,0.0,0.0,0.0,0.0,0.0,0.0,0.0,0.0,0.0,0.0,0.0,0.0,0.0,0.0,0.0,0.0,0.0,0.0,0.0,0.0,0.0,0.0,0.0,0.0,0.0,0.0,0.0,0.0,0.0,0.0,0.0,0.0,0.0,0.0,0.0,0.0,0.0,0.0,0.0,0.0,0.0,0.0,0.0,0.0,0.0,0.0
2026-01-23 15:34:06,3.2,28.1,running,10.3,0.4,17.3,0.0,3.6,0.4,3.1,0.0,4.9,2.2,1.8,2.6,2.7,1.3,2.2,0.9,4.9,0.0,2.7,0.0,2.2,1.8,0.0,10.3,6.2,0.0,1.3,2.2,4.0,2.2,0.4,0.9,1.8,0.0,0.4,1.8,0.4,0.4,2.7,0.0,2.2,0.4,0.4,4.5,4.4,0.9,39.0,2.2,0.0,0.0,0.0,0.0,0.0,0.0,0.0,0.0,0.0,0.0,0.0,0.0,0.0,0.0,0.0,0.0,0.0,0.0,0.0,0.0,0.0,0.0,0.0,0.0,0.0,0.0,0.0,0.0,0.0,0.0,0.0,0.0,0.0,0.0,0.0,0.0,0.0,0.0,0.0,0.0,0.0,0.0,0.0,0.0,0.0,0.0,0.0,0.0
2026-01-23 15:34:10,3.2,25.0,running,7.6,0.9,18.7,0.0,4.9,1.3,3.6,0.0,2.2,0.0,1.8,1.3,5.3,1.3,0.0,1.3,0.0,1.3,0.4,0.0,2.2,1.8,0.4,10.2,3.5,0.4,0.4,2.2,1.8,1.8,1.3,4.0,2.2,3.6,1.3,2.2,1.3,3.6,0.4,1.8,1.3,0.0,6.2,0.0,3.6,4.9,38.8,0.0,0.0,0.0,0.0,0.0,0.0,0.0,0.0,0.0,0.0,0.0,0.0,0.0,0.0,0.0,0.0,0.0,0.0,0.0,0.0,0.0,0.0,0.0,0.0,0.0,0.0,0.0,0.0,0.0,0.0,0.0,0.0,0.0,0.0,0.0,0.0,0.0,0.0,0.0,0.0,0.0,0.0,0.0,0.0,0.0,0.0,0.0,0.0,0.0
2026-01-23 15:34:13,3.0,31.2,running,7.1,3.1,19.5,0.0,8.0,0.4,4.9,0.0,1.3,1.3,1.3,0.4,2.7,4.0,2.2,0.9,1.3,4.0,0.4,0.0,4.4,0.9,2.7,12.2,0.9,3.1,2.7,2.2,1.3,0.4,2.2,0.4,1.8,0.9,0.4,0.4,4.0,2.7,0.9,0.9,0.0,0.0,0.5,3.1,2.2,3.5,41.6,2.2,0.0,0.0,0.0,0.0,0.0,0.0,0.0,0.0,0.0,0.0,0.0,0.0,0.0,0.0,0.0,0.0,0.0,0.0,0.0,0.0,0.0,0.0,0.0,0.0,0.0,0.0,0.0,0.0,0.0,0.0,0.0,0.0,0.0,0.0,0.0,0.0,0.0,0.0,0.0,0.0,0.0,0.0,0.0,0.0,0.0,0.0,0.0,0.0
2026-01-23 15:34:17,3.8,34.3,running,4.8,1.8,22.7,0.0,4.9,0.0,4.0,0.0,4.0,2.2,4.9,0.4,4.0,1.8,0.4,0.9,2.7,0.0,0.4,0.0,4.9,1.8,0.9,11.8,1.8,0.4,0.0,0.4,0.9,2.2,3.2,2.7,5.3,1.3,1.8,0.0,1.3,2.7,2.2,2.7,1.8,0.4,0.4,43.1,12.7,2.2,4.0,0.0,0.0,0.0,0.0,0.0,0.0,0.0,0.0,0.0,0.0,0.0,0.0,0.0,0.0,0.0,0.0,0.0,0.0,0.0,0.0,0.0,0.0,0.0,0.0,0.0,0.0,0.0,0.0,0.0,0.0,0.0,0.0,0.0,0.0,0.0,0.0,0.0,0.0,0.0,0.0,0.0,0.0,0.0,0.0,0.0,0.0,0.0,0.0,0.0
2026-01-23 15:34:20,3.4,28.1,running,5.0,0.4,24.3,0.0,5.3,0.9,5.3,0.0,3.1,3.6,3.1,0.0,2.2,0.0,0.9,1.8,4.4,0.0,0.4,0.0,4.9,0.9,0.4,10.7,2.2,4.2,0.9,0.4,0.0,6.0,5.2,2.7,4.0,2.2,6.2,1.3,5.4,1.8,0.9,0.9,2.8,0.4,0.4,19.2,3.6,2.7,23.6,1.4,0.0,0.0,0.0,0.0,0.0,0.0,0.0,0.0,0.0,0.0,0.0,0.0,0.0,0.0,0.0,0.0,0.0,0.0,0.0,0.0,0.0,0.0,0.0,0.0,0.0,0.0,0.0,0.0,0.0,0.0,0.0,0.0,0.0,0.0,0.0,0.0,0.0,0.0,0.0,0.0,0.0,0.0,0.0,0.0,0.0,0.0,0.0,0.0
2026-01-23 15:34:24,3.4,28.1,running,8.3,0.0,22.6,0.8,4.9,0.4,4.0,0.0,2.7,1.8,6.3,0.0,0.4,0.0,0.0,1.8,2.2,0.0,0.4,0.0,3.1,0.0,0.9,12.4,1.3,1.7,1.3,2.7,4.0,1.3,0.0,0.4,5.3,0.4,4.0,0.0,4.4,0.0,0.0,0.9,0.0,0.9,4.0,0.9,10.6,1.3,39.7,0.0,0.0,0.0,0.0,0.0,0.0,0.0,0.0,0.0,0.0,0.0,0.0,0.0,0.0,0.0,0.0,0.0,0.0,0.0,0.0,0.0,0.0,0.0,0.0,0.0,0.0,0.0,0.0,0.0,0.0,0.0,0.0,0.0,0.0,0.0,0.0,0.0,0.0,0.0,0.0,0.0,0.0,0.0,0.0,0.0,0.0,0.0,0.0,0.0
2026-01-23 15:34:27,3.8,31.2,running,6.6,0.9,20.9,0.0,8.0,0.4,7.1,0.0,5.3,1.3,5.3,0.4,4.0,0.4,3.6,2.2,1.8,1.9,0.4,0.0,1.3,1.3,0.0,11.6,2.7,3.5,0.4,1.8,0.5,0.0,2.2,0.0,8.0,0.4,3.1,3.5,0.0,3.6,1.8,0.0,3.1,0.9,0.4,0.0,6.7,0.4,43.9,1.3,0.0,0.0,0.0,0.0,0.0,0.0,0.0,0.0,0.0,0.0,0.0,0.0,0.0,0.0,0.0,0.0,0.0,0.0,0.0,0.0,0.0,0.0,0.0,0.0,0.0,0.0,0.0,0.0,0.0,0.0,0.0,0.0,0.0,0.0,0.0,0.0,0.0,0.0,0.0,0.0,0.0,0.0,0.0,0.0,0.0,0.0,0.0,0.0
2026-01-23 15:34:31,3.3,21.9,running,7.6,1.3,17.7,0.0,7.1,3.2,7.6,0.0,2.2,0.0,4.5,1.8,3.1,1.3,1.3,4.4,0.0,0.0,0.0,0.0,4.0,1.8,0.0,10.8,4.9,0.4,3.6,0.4,0.4,1.8,0.0,0.0,5.3,0.4,3.6,4.0,3.6,1.8,2.7,1.3,2.7,0.0,2.2,0.9,5.4,1.3,37.1,0.0,0.0,0.0,0.0,0.0,0.0,0.0,0.0,0.0,0.0,0.0,0.0,0.0,0.0,0.0,0.0,0.0,0.0,0.0,0.0,0.0,0.0,0.0,0.0,0.0,0.0,0.0,0.0,0.0,0.0,0.0,0.0,0.0,0.0,0.0,0.0,0.0,0.0,0.0,0.0,0.0,0.0,0.0,0.0,0.0,0.0,0.0,0.0,0.0
2026-01-23 15:34:34,3.1,34.3,running,9.3,3.1,18.7,0.0,3.6,0.4,5.8,0.9,1.8,0.0,2.2,1.3,1.3,0.9,0.9,0.0,1.3,0.0,0.0,0.0,2.7,4.4,0.9,11.2,0.9,0.0,1.8,0.9,0.9,0.0,5.3,2.2,1.3,2.2,2.7,3.1,0.9,1.3,1.3,4.0,0.0,0.0,0.9,13.8,8.4,2.7,32.9,1.8,0.0,0.0,0.0,0.0,0.0,0.0,0.0,0.0,0.0,0.0,0.0,0.0,0.0,0.0,0.0,0.0,0.0,0.0,0.0,0.0,0.0,0.0,0.0,0.0,0.0,0.0,0.0,0.0,0.0,0.0,0.0,0.0,0.0,0.0,0.0,0.0,0.0,0.0,0.0,0.0,0.0,0.0,0.0,0.0,0.0,0.0,0.0,0.0
2026-01-23 15:34:38,3.5,28.1,running,4.0,0.4,24.0,0.0,4.4,0.0,2.7,0.0,2.2,0.0,3.6,0.4,4.4,4.4,1.8,3.1,3.1,0.4,0.9,0.0,0.4,0.0,0.0,11.6,0.9,4.9,1.3,0.4,2.7,0.9,1.3,4.0,4.9,3.6,4.0,3.6,1.3,4.0,1.3,0.4,5.4,0.0,0.4,39.8,4.5,2.7,3.1,0.0,0.0,0.0,0.0,0.0,0.0,0.0,0.0,0.0,0.0,0.0,0.0,0.0,0.0,0.0,0.0,0.0,0.0,0.0,0.0,0.0,0.0,0.0,0.0,0.0,0.0,0.0,0.0,0.0,0.0,0.0,0.0,0.0,0.0,0.0,0.0,0.0,0.0,0.0,0.0,0.0,0.0,0.0,0.0,0.0,0.0,0.0,0.0,0.0
2026-01-23 15:34:41,2.9,28.1,running,4.4,1.3,21.3,0.0,8.9,1.3,4.5,0.0,1.8,0.4,0.4,0.9,1.3,0.5,0.4,2.2,0.0,3.1,2.7,0.0,3.1,1.6,0.4,10.2,4.0,0.0,0.4,1.3,4.5,0.0,6.2,1.8,2.2,5.8,8.1,0.4,0.0,3.6,0.9,0.0,4.9,3.6,0.9,6.3,3.9,2.2,30.1,0.0,0.0,0.0,0.0,0.0,0.0,0.0,0.0,0.0,0.0,0.0,0.0,0.0,0.0,0.0,0.0,0.0,0.0,0.0,0.0,0.0,0.0,0.0,0.0,0.0,0.0,0.0,0.0,0.0,0.0,0.0,0.0,0.0,0.0,0.0,0.0,0.0,0.0,0.0,0.0,0.0,0.0,0.0,0.0,0.0,0.0,0.0,0.0,0.0
2026-01-23 15:34:45,4.7,28.1,running,4.5,1.3,24.6,0.0,4.4,4.0,9.4,0.4,6.3,0.0,1.3,0.5,2.2,0.5,0.0,0.9,4.9,1.5,0.4,0.0,1.8,1.5,2.7,12.4,5.1,0.0,1.8,3.0,3.6,0.0,0.0,1.0,2.2,2.7,0.9,0.5,0.9,2.2,1.8,0.0,1.5,3.1,2.6,16.4,5.4,0.9,29.2,1.0,0.0,0.0,0.0,0.0,0.0,0.0,0.0,0.0,0.0,0.0,0.0,0.0,0.0,0.0,0.0,0.0,0.0,0.0,0.0,0.0,0.0,0.0,0.0,0.0,0.0,0.0,0.0,0.0,0.0,0.0,0.0,0.0,0.0,0.0,0.0,0.0,0.0,0.0,0.0,0.0,0.0,0.0,0.0,0.0,0.0,0.0,0.0,0.0
2026-01-23 15:34:48,3.5,21.8,running,2.2,3.5,21.2,0.0,3.6,2.2,6.2,0.0,1.8,2.4,2.2,0.4,1.3,7.1,3.5,0.9,1.3,0.0,7.2,0.0,0.4,0.8,1.8,14.3,2.6,3.5,2.2,0.4,1.3,0.0,0.4,0.4,0.4,1.3,4.9,1.3,0.0,4.0,2.2,2.0,0.0,1.3,0.8,37.5,4.4,3.6,0.0,1.7,0.0,0.0,0.0,0.0,0.0,0.0,0.0,0.0,0.0,0.0,0.0,0.0,0.0,0.0,0.0,0.0,0.0,0.0,0.0,0.0,0.0,0.0,0.0,0.0,0.0,0.0,0.0,0.0,0.0,0.0,0.0,0.0,0.0,0.0,0.0,0.0,0.0,0.0,0.0,0.0,0.0,0.0,0.0,0.0,0.0,0.0,0.0,0.0
2026-01-23 15:34:52,3.4,21.9,running,8.3,0.9,20.4,0.0,1.3,1.3,5.8,0.0,3.1,1.3,2.2,0.4,0.4,3.6,0.9,3.6,0.0,0.0,0.0,0.0,0.0,0.0,0.4,12.9,0.0,3.1,4.4,0.0,0.4,0.0,2.7,0.0,6.6,1.3,7.1,0.0,5.8,3.6,1.8,0.0,0.0,0.4,0.0,0.9,3.1,1.8,48.0,0.4,0.0,0.0,0.0,0.0,0.0,0.0,0.0,0.0,0.0,0.0,0.0,0.0,0.0,0.0,0.0,0.0,0.0,0.0,0.0,0.0,0.0,0.0,0.0,0.0,0.0,0.0,0.0,0.0,0.0,0.0,0.0,0.0,0.0,0.0,0.0,0.0,0.0,0.0,0.0,0.0,0.0,0.0,0.0,0.0,0.0,0.0,0.0,0.0
2026-01-23 15:34:55,3.4,25.0,running,3.1,0.4,20.4,0.0,3.1,2.2,5.3,0.0,5.3,0.5,3.6,0.0,5.8,0.0,0.4,0.4,1.8,2.7,1.8,0.0,3.6,2.1,7.9,10.8,1.8,3.1,2.2,1.8,3.5,4.5,0.0,1.3,4.0,2.2,1.3,0.9,0.0,3.5,1.3,0.0,0.9,3.1,1.3,25.0,6.2,1.4,18.8,2.2,0.0,0.0,0.0,0.0,0.0,0.0,0.0,0.0,0.0,0.0,0.0,0.0,0.0,0.0,0.0,0.0,0.0,0.0,0.0,0.0,0.0,0.0,0.0,0.0,0.0,0.0,0.0,0.0,0.0,0.0,0.0,0.0,0.0,0.0,0.0,0.0,0.0,0.0,0.0,0.0,0.0,0.0,0.0,0.0,0.0,0.0,0.0,0.0
2026-01-23 15:34:59,3.4,18.7,running,3.1,0.0,16.4,0.0,1.8,3.1,2.7,0.4,2.2,0.4,1.3,0.9,3.1,1.8,0.9,0.9,2.2,0.9,3.6,0.0,0.9,1.2,1.8,11.6,4.5,0.9,0.4,1.8,1.4,1.3,5.4,3.5,6.7,2.2,1.3,1.3,1.3,4.0,1.8,0.4,0.4,0.9,0.4,42.9,8.4,0.0,10.6,0.0,0.0,0.0,0.0,0.0,0.0,0.0,0.0,0.0,0.0,0.0,0.0,0.0,0.0,0.0,0.0,0.0,0.0,0.0,0.0,0.0,0.0,0.0,0.0,0.0,0.0,0.0,0.0,0.0,0.0,0.0,0.0,0.0,0.0,0.0,0.0,0.0,0.0,0.0,0.0,0.0,0.0,0.0,0.0,0.0,0.0,0.0,0.0,0.0
2026-01-23 15:35:02,4.0,18.7,running,8.0,2.2,20.8,0.5,5.8,4.9,4.4,0.9,1.3,2.2,5.3,1.0,4.5,1.8,1.3,2.2,6.3,2.7,0.4,0.0,1.8,1.8,3.1,10.6,1.3,1.3,2.7,0.0,1.3,4.5,1.8,1.8,0.0,4.9,0.9,0.0,0.9,5.4,6.2,0.0,1.3,2.2,1.8,0.4,4.0,4.4,38.5,0.4,0.0,0.0,0.0,0.0,0.0,0.0,0.0,0.0,0.0,0.0,0.0,0.0,0.0,0.0,0.0,0.0,0.0,0.0,0.0,0.0,0.0,0.0,0.0,0.0,0.0,0.0,0.0,0.0,0.0,0.0,0.0,0.0,0.0,0.0,0.0,0.0,0.0,0.0,0.0,0.0,0.0,0.0,0.0,0.0,0.0,0.0,0.0,0.0
2026-01-23 15:35:06,3.2,28.1,running,6.2,1.8,18.8,0.5,4.9,6.2,7.5,0.4,1.3,0.0,3.1,1.2,4.0,2.2,2.2,0.0,1.3,3.1,0.4,2.2,0.9,0.0,1.3,9.4,4.4,0.4,2.2,2.2,3.5,1.8,2.2,0.0,2.7,0.5,0.9,0.4,4.0,1.3,2.2,0.4,2.2,0.0,1.3,29.5,4.4,1.4,16.1,2.2,0.0,0.0,0.0,0.0,0.0,0.0,0.0,0.0,0.0,0.0,0.0,0.0,0.0,0.0,0.0,0.0,0.0,0.0,0.0,0.0,0.0,0.0,0.0,0.0,0.0,0.0,0.0,0.0,0.0,0.0,0.0,0.0,0.0,0.0,0.0,0.0,0.0,0.0,0.0,0.0,0.0,0.0,0.0,0.0,0.0,0.0,0.0,0.0
2026-01-23 15:35:09,3.0,25.0,running,2.2,1.3,22.1,0.0,3.1,0.4,1.8,1.3,0.9,0.4,3.1,0.9,1.3,1.8,0.9,0.9,2.3,1.3,1.3,0.0,0.4,2.2,3.6,11.7,3.6,0.4,3.6,1.3,1.3,2.2,1.8,1.3,8.0,1.8,2.2,0.4,0.0,4.0,6.3,0.0,2.7,0.0,2.7,41.7,8.0,0.9,4.4,0.0,0.0,0.0,0.0,0.0,0.0,0.0,0.0,0.0,0.0,0.0,0.0,0.0,0.0,0.0,0.0,0.0,0.0,0.0,0.0,0.0,0.0,0.0,0.0,0.0,0.0,0.0,0.0,0.0,0.0,0.0,0.0,0.0,0.0,0.0,0.0,0.0,0.0,0.0,0.0,0.0,0.0,0.0,0.0,0.0,0.0,0.0,0.0,0.0
2026-01-23 15:35:13,4.0,31.2,running,4.0,4.4,22.4,0.0,4.5,3.6,4.5,0.0,1.8,0.0,1.8,1.8,2.7,3.2,1.3,1.8,4.0,0.9,2.2,0.4,4.4,0.0,4.0,11.6,4.4,1.8,1.8,4.0,0.9,0.0,0.4,0.4,5.4,1.8,3.6,0.4,2.2,4.0,5.8,0.0,1.8,0.4,0.5,37.6,4.4,2.7,1.3,0.0,0.0,0.0,0.0,0.0,0.0,0.0,0.0,0.0,0.0,0.0,0.0,0.0,0.0,0.0,0.0,0.0,0.0,0.0,0.0,0.0,0.0,0.0,0.0,0.0,0.0,0.0,0.0,0.0,0.0,0.0,0.0,0.0,0.0,0.0,0.0,0.0,0.0,0.0,0.0,0.0,0.0,0.0,0.0,0.0,0.0,0.0,0.0,0.0
2026-01-23 15:35:16,3.4,18.7,running,5.3,3.1,22.0,0.0,3.6,3.6,2.2,0.0,4.5,0.0,1.8,1.3,1.8,0.0,0.9,2.7,1.8,0.0,0.0,0.0,0.0,1.8,7.0,8.9,1.8,0.0,1.8,1.8,0.4,2.7,0.4,2.2,0.0,4.4,0.4,0.4,0.4,0.4,3.5,0.4,3.1,0.4,0.0,13.9,4.9,3.1,35.4,0.9,0.0,0.0,0.0,0.0,0.0,0.0,0.0,0.0,0.0,0.0,0.0,0.0,0.0,0.0,0.0,0.0,0.0,0.0,0.0,0.0,0.0,0.0,0.0,0.0,0.0,0.0,0.0,0.0,0.0,0.0,0.0,0.0,0.0,0.0,0.0,0.0,0.0,0.0,0.0,0.0,0.0,0.0,0.0,0.0,0.0,0.0,0.0,0.0
2026-01-23 15:35:20,3.1,37.4,running,4.9,0.4,20.4,0.4,1.8,2.2,2.2,0.0,1.8,0.0,2.7,0.0,1.3,1.3,2.7,3.2,1.3,2.7,0.0,0.0,0.9,0.0,0.9,9.3,1.8,2.7,0.9,1.8,0.0,0.4,0.0,0.4,1.3,2.7,2.2,3.1,2.7,2.7,0.4,0.0,4.0,4.4,1.8,15.5,11.5,0.4,29.9,1.4,0.0,0.0,0.0,0.0,0.0,0.0,0.0,0.0,0.0,0.0,0.0,0.0,0.0,0.0,0.0,0.0,0.0,0.0,0.0,0.0,0.0,0.0,0.0,0.0,0.0,0.0,0.0,0.0,0.0,0.0,0.0,0.0,0.0,0.0,0.0,0.0,0.0,0.0,0.0,0.0,0.0,0.0,0.0,0.0,0.0,0.0,0.0,0.0
2026-01-23 15:35:23,3.4,31.2,running,1.8,0.9,18.2,0.0,1.3,5.3,3.1,0.0,1.8,1.8,2.2,0.4,1.3,0.0,0.4,3.5,1.8,0.4,2.7,0.4,0.0,0.4,0.0,11.2,5.8,0.0,1.8,1.8,1.7,1.8,0.0,0.0,6.2,2.7,6.2,0.0,0.0,0.4,0.4,0.0,0.0,0.0,1.3,43.8,11.1,0.9,4.0,5.8,0.0,0.0,0.0,0.0,0.0,0.0,0.0,0.0,0.0,0.0,0.0,0.0,0.0,0.0,0.0,0.0,0.0,0.0,0.0,0.0,0.0,0.0,0.0,0.0,0.0,0.0,0.0,0.0,0.0,0.0,0.0,0.0,0.0,0.0,0.0,0.0,0.0,0.0,0.0,0.0,0.0,0.0,0.0,0.0,0.0,0.0,0.0,0.0
2026-01-23 15:35:27,4.0,28.1,running,6.2,1.3,25.6,0.0,3.1,1.8,4.5,0.0,2.2,1.4,2.2,0.4,1.3,2.2,0.4,2.2,2.2,0.4,2.2,0.0,2.2,2.3,0.0,11.6,0.9,2.7,1.8,3.6,2.7,0.0,2.7,0.0,0.4,5.3,4.0,0.9,1.0,7.6,2.2,0.5,4.0,1.3,1.8,7.3,5.3,2.1,35.1,0.4,0.0,0.0,0.0,0.0,0.0,0.0,0.0,0.0,0.0,0.0,0.0,0.0,0.0,0.0,0.0,0.0,0.0,0.0,0.0,0.0,0.0,0.0,0.0,0.0,0.0,0.0,0.0,0.0,0.0,0.0,0.0,0.0,0.0,0.0,0.0,0.0,0.0,0.0,0.0,0.0,0.0,0.0,0.0,0.0,0.0,0.0,0.0,0.0
2026-01-23 15:35:30,3.1,28.1,running,8.9,0.0,17.6,0.0,2.2,0.4,3.6,0.0,3.1,0.0,4.4,1.3,7.1,3.1,5.4,0.0,1.3,2.7,3.5,0.0,0.9,0.0,0.9,12.4,3.1,0.0,5.8,0.4,1.8,0.4,2.6,0.4,2.7,0.4,2.7,0.0,0.0,2.6,3.1,0.4,3.1,2.2,2.7,20.3,4.0,0.0,26.0,1.3,0.0,0.0,0.0,0.0,0.0,0.0,0.0,0.0,0.0,0.0,0.0,0.0,0.0,0.0,0.0,0.0,0.0,0.0,0.0,0.0,0.0,0.0,0.0,0.0,0.0,0.0,0.0,0.0,0.0,0.0,0.0,0.0,0.0,0.0,0.0,0.0,0.0,0.0,0.0,0.0,0.0,0.0,0.0,0.0,0.0,0.0,0.0,0.0
2026-01-23 15:35:34,3.2,28.1,running,2.7,0.4,18.7,0.0,3.1,1.3,3.5,0.4,6.2,2.2,3.6,2.7,1.8,4.0,0.9,1.8,0.4,0.4,0.4,0.4,1.8,0.4,3.1,10.2,4.0,2.2,2.2,0.4,1.3,4.4,2.2,1.3,2.7,1.3,7.1,1.3,1.8,0.4,0.9,0.0,0.0,3.1,0.0,42.0,8.0,0.0,4.9,2.2,0.0,0.0,0.0,0.0,0.0,0.0,0.0,0.0,0.0,0.0,0.0,0.0,0.0,0.0,0.0,0.0,0.0,0.0,0.0,0.0,0.0,0.0,0.0,0.0,0.0,0.0,0.0,0.0,0.0,0.0,0.0,0.0,0.0,0.0,0.0,0.0,0.0,0.0,0.0,0.0,0.0,0.0,0.0,0.0,0.0,0.0,0.0,0.0
2026-01-23 15:35:37,3.3,34.3,running,4.9,4.5,16.5,0.0,8.0,3.6,4.0,0.0,3.6,1.3,2.7,0.9,5.8,0.9,1.8,0.0,0.4,1.3,1.3,1.3,0.4,0.0,0.9,12.1,4.5,2.2,1.3,1.8,1.3,0.4,4.5,1.3,4.5,3.1,3.1,0.4,3.1,1.8,6.2,0.0,0.4,1.4,0.0,41.2,2.2,2.2,0.4,3.6,0.0,0.0,0.0,0.0,0.0,0.0,0.0,0.0,0.0,0.0,0.0,0.0,0.0,0.0,0.0,0.0,0.0,0.0,0.0,0.0,0.0,0.0,0.0,0.0,0.0,0.0,0.0,0.0,0.0,0.0,0.0,0.0,0.0,0.0,0.0,0.0,0.0,0.0,0.0,0.0,0.0,0.0,0.0,0.0,0.0,0.0,0.0,0.0
2026-01-23 15:35:41,3.4,31.2,running,3.1,0.9,22.9,0.0,3.6,0.9,4.0,0.0,2.2,3.1,5.4,1.8,1.8,0.9,0.9,0.4,0.0,3.6,0.4,0.0,0.4,0.0,0.9,15.1,1.3,4.5,3.5,3.1,3.6,0.0,0.0,0.0,1.3,3.6,0.9,1.8,0.4,0.9,2.2,0.0,6.2,1.3,0.4,22.8,3.6,0.0,31.9,0.4,0.0,0.0,0.0,0.0,0.0,0.0,0.0,0.0,0.0,0.0,0.0,0.0,0.0,0.0,0.0,0.0,0.0,0.0,0.0,0.0,0.0,0.0,0.0,0.0,0.0,0.0,0.0,0.0,0.0,0.0,0.0,0.0,0.0,0.0,0.0,0.0,0.0,0.0,0.0,0.0,0.0,0.0,0.0,0.0,0.0,0.0,0.0,0.0
2026-01-23 15:35:44,2.8,25.0,running,6.7,0.0,24.4,0.0,4.0,0.9,5.8,0.4,0.4,0.0,5.3,2.2,4.8,1.3,3.1,6.7,3.6,0.4,1.3,0.0,0.0,4.8,0.0,11.6,0.0,0.9,0.4,0.0,2.7,0.9,2.2,0.0,3.6,0.9,1.3,1.8,2.2,0.4,0.4,0.9,2.3,1.3,4.7,9.7,5.3,0.0,33.3,1.3,0.0,0.0,0.0,0.0,0.0,0.0,0.0,0.0,0.0,0.0,0.0,0.0,0.0,0.0,0.0,0.0,0.0,0.0,0.0,0.0,0.0,0.0,0.0,0.0,0.0,0.0,0.0,0.0,0.0,0.0,0.0,0.0,0.0,0.0,0.0,0.0,0.0,0.0,0.0,0.0,0.0,0.0,0.0,0.0,0.0,0.0,0.0,0.0
2026-01-23 15:35:48,3.3,37.5,running,3.1,3.1,20.4,1.0,4.0,0.4,4.4,0.0,1.3,3.6,1.8,0.4,3.1,3.5,2.7,1.3,2.7,3.6,1.8,0.0,1.3,1.9,0.4,10.2,1.3,0.9,3.1,3.6,3.1,0.0,0.4,1.8,0.4,0.4,3.1,0.0,0.0,1.8,0.4,4.0,2.6,3.6,0.0,45.5,3.6,1.3,4.5,0.0,0.0,0.0,0.0,0.0,0.0,0.0,0.0,0.0,0.0,0.0,0.0,0.0,0.0,0.0,0.0,0.0,0.0,0.0,0.0,0.0,0.0,0.0,0.0,0.0,0.0,0.0,0.0,0.0,0.0,0.0,0.0,0.0,0.0,0.0,0.0,0.0,0.0,0.0,0.0,0.0,0.0,0.0,0.0,0.0,0.0,0.0,0.0,0.0
2026-01-23 15:35:51,3.7,40.6,running,4.0,6.2,21.8,0.0,8.5,0.4,3.6,0.0,1.8,0.0,1.8,1.3,4.4,5.4,0.9,0.4,1.8,0.0,1.3,0.0,0.9,0.0,1.3,10.7,1.3,2.7,2.7,3.5,2.2,0.4,1.8,0.4,3.6,3.1,0.9,1.3,0.4,0.9,1.3,3.6,1.3,0.0,0.9,41.1,8.4,1.5,0.4,1.8,0.0,0.0,0.0,0.0,0.0,0.0,0.0,0.0,0.0,0.0,0.0,0.0,0.0,0.0,0.0,0.0,0.0,0.0,0.0,0.0,0.0,0.0,0.0,0.0,0.0,0.0,0.0,0.0,0.0,0.0,0.0,0.0,0.0,0.0,0.0,0.0,0.0,0.0,0.0,0.0,0.0,0.0,0.0,0.0,0.0,0.0,0.0,0.0
2026-01-23 15:35:55,2.8,25.0,running,4.9,0.9,20.3,0.0,3.6,0.4,3.1,0.0,4.4,0.0,5.8,0.4,1.3,0.0,0.4,4.0,0.9,0.4,2.7,0.0,3.1,0.9,0.0,10.7,1.3,1.8,1.3,0.9,0.9,0.0,0.0,0.4,1.3,3.6,1.3,0.4,0.9,6.7,0.4,0.9,0.9,0.9,1.3,26.7,7.5,1.6,13.8,3.6,0.0,0.0,0.0,0.0,0.0,0.0,0.0,0.0,0.0,0.0,0.0,0.0,0.0,0.0,0.0,0.0,0.0,0.0,0.0,0.0,0.0,0.0,0.0,0.0,0.0,0.0,0.0,0.0,0.0,0.0,0.0,0.0,0.0,0.0,0.0,0.0,0.0,0.0,0.0,0.0,0.0,0.0,0.0,0.0,0.0,0.0,0.0,0.0
2026-01-23 15:35:58,3.4,34.3,running,7.5,1.3,19.0,0.0,6.7,3.1,3.6,0.0,0.4,1.3,1.8,1.3,2.7,0.0,1.8,0.4,1.8,0.4,0.9,1.3,0.4,0.4,0.4,8.9,5.0,4.4,3.1,2.2,1.4,2.2,1.8,0.0,2.7,0.4,5.8,0.0,1.3,1.3,0.4,1.3,0.0,0.4,0.0,0.4,2.2,4.8,46.3,1.8,0.0,0.0,0.0,0.0,0.0,0.0,0.0,0.0,0.0,0.0,0.0,0.0,0.0,0.0,0.0,0.0,0.0,0.0,0.0,0.0,0.0,0.0,0.0,0.0,0.0,0.0,0.0,0.0,0.0,0.0,0.0,0.0,0.0,0.0,0.0,0.0,0.0,0.0,0.0,0.0,0.0,0.0,0.0,0.0,0.0,0.0,0.0,0.0
2026-01-23 15:36:02,3.2,28.1,running,3.6,0.4,19.6,0.0,4.9,2.2,8.4,0.0,5.8,0.5,1.8,0.0,0.9,1.3,1.8,2.2,0.4,4.4,0.9,2.7,0.9,0.0,0.9,12.5,1.8,3.1,4.9,0.0,2.6,1.8,2.7,0.5,1.3,0.0,2.2,4.9,2.7,1.3,1.8,0.9,0.9,1.3,0.4,36.2,4.9,2.3,7.5,0.0,0.0,0.0,0.0,0.0,0.0,0.0,0.0,0.0,0.0,0.0,0.0,0.0,0.0,0.0,0.0,0.0,0.0,0.0,0.0,0.0,0.0,0.0,0.0,0.0,0.0,0.0,0.0,0.0,0.0,0.0,0.0,0.0,0.0,0.0,0.0,0.0,0.0,0.0,0.0,0.0,0.0,0.0,0.0,0.0,0.0,0.0,0.0,0.0
2026-01-23 15:36:05,3.2,37.5,running,3.6,4.0,19.6,0.0,4.4,0.4,4.4,0.0,6.2,1.5,1.8,0.9,1.8,2.7,0.9,0.0,3.1,2.7,4.0,0.9,1.8,4.4,4.0,10.6,2.7,0.4,5.8,0.0,2.2,5.3,0.0,0.0,2.7,0.4,3.1,2.2,2.7,3.6,0.0,0.9,3.1,2.7,1.8,24.7,5.4,0.9,17.8,2.7,0.0,0.0,0.0,0.0,0.0,0.0,0.0,0.0,0.0,0.0,0.0,0.0,0.0,0.0,0.0,0.0,0.0,0.0,0.0,0.0,0.0,0.0,0.0,0.0,0.0,0.0,0.0,0.0,0.0,0.0,0.0,0.0,0.0,0.0,0.0,0.0,0.0,0.0,0.0,0.0,0.0,0.0,0.0,0.0,0.0,0.0,0.0,0.0
2026-01-23 15:36:09,3.4,34.3,running,4.9,1.3,24.3,0.0,3.6,9.3,6.2,0.5,2.2,0.9,2.7,0.0,1.3,2.7,1.3,2.2,4.5,6.7,0.4,0.0,0.4,5.4,0.0,13.7,1.3,0.0,3.1,1.3,2.7,0.4,2.7,0.4,3.6,1.3,2.7,1.8,0.4,0.9,3.6,0.9,0.0,2.2,0.4,0.9,2.7,0.0,40.0,0.0,0.0,0.0,0.0,0.0,0.0,0.0,0.0,0.0,0.0,0.0,0.0,0.0,0.0,0.0,0.0,0.0,0.0,0.0,0.0,0.0,0.0,0.0,0.0,0.0,0.0,0.0,0.0,0.0,0.0,0.0,0.0,0.0,0.0,0.0,0.0,0.0,0.0,0.0,0.0,0.0,0.0,0.0,0.0,0.0,0.0,0.0,0.0,0.0
2026-01-23 15:36:12,3.7,15.6,running,2.7,2.2,25.2,0.0,4.4,0.0,2.2,0.0,1.3,2.7,1.3,0.4,1.3,4.0,0.0,3.1,5.3,0.0,0.4,0.0,1.3,2.5,1.8,12.6,3.1,0.0,4.0,0.0,2.7,6.2,1.4,2.7,3.1,0.9,0.0,0.0,3.1,4.0,4.9,0.9,0.4,0.9,0.9,43.2,7.1,3.2,2.2,0.0,0.0,0.0,0.0,0.0,0.0,0.0,0.0,0.0,0.0,0.0,0.0,0.0,0.0,0.0,0.0,0.0,0.0,0.0,0.0,0.0,0.0,0.0,0.0,0.0,0.0,0.0,0.0,0.0,0.0,0.0,0.0,0.0,0.0,0.0,0.0,0.0,0.0,0.0,0.0,0.0,0.0,0.0,0.0,0.0,0.0,0.0,0.0,0.0
2026-01-23 15:36:16,3.1,21.9,running,8.9,0.0,18.2,0.0,2.7,0.4,3.6,0.0,3.1,1.3,1.3,1.3,0.4,2.2,0.9,3.6,4.0,0.0,1.3,1.3,1.3,0.0,2.2,11.6,0.0,1.2,0.9,0.0,4.0,0.0,0.4,1.3,2.7,3.6,0.9,4.0,2.7,4.9,4.4,0.0,0.0,1.3,0.4,21.5,8.5,0.9,21.2,2.7,0.0,0.0,0.0,0.0,0.0,0.0,0.0,0.0,0.0,0.0,0.0,0.0,0.0,0.0,0.0,0.0,0.0,0.0,0.0,0.0,0.0,0.0,0.0,0.0,0.0,0.0,0.0,0.0,0.0,0.0,0.0,0.0,0.0,0.0,0.0,0.0,0.0,0.0,0.0,0.0,0.0,0.0,0.0,0.0,0.0,0.0,0.0,0.0
2026-01-23 15:36:19,3.0,28.1,running,6.7,0.4,22.8,0.0,3.1,4.0,1.3,0.0,3.6,0.4,1.8,1.8,1.8,2.2,1.3,1.3,2.2,4.0,1.8,4.0,0.9,2.7,0.0,12.4,4.9,0.0,1.8,1.8,2.7,0.0,1.3,0.0,5.8,2.2,0.4,1.3,2.7,2.7,1.3,0.0,0.0,0.4,1.8,7.5,5.3,7.1,32.0,0.0,0.0,0.0,0.0,0.0,0.0,0.0,0.0,0.0,0.0,0.0,0.0,0.0,0.0,0.0,0.0,0.0,0.0,0.0,0.0,0.0,0.0,0.0,0.0,0.0,0.0,0.0,0.0,0.0,0.0,0.0,0.0,0.0,0.0,0.0,0.0,0.0,0.0,0.0,0.0,0.0,0.0,0.0,0.0,0.0,0.0,0.0,0.0,0.0
2026-01-23 15:36:23,3.0,28.1,running,1.8,0.4,20.4,0.0,1.3,0.4,2.2,0.4,0.4,0.0,2.2,0.4,1.3,0.9,0.0,0.4,2.7,0.4,2.2,2.2,0.9,0.0,0.0,10.1,4.5,2.2,5.8,3.6,1.8,0.0,2.2,0.0,1.8,5.8,2.7,0.0,1.3,0.0,0.0,6.7,4.0,2.2,1.8,43.1,4.0,0.0,3.6,3.1,0.0,0.0,0.0,0.0,0.0,0.0,0.0,0.0,0.0,0.0,0.0,0.0,0.0,0.0,0.0,0.0,0.0,0.0,0.0,0.0,0.0,0.0,0.0,0.0,0.0,0.0,0.0,0.0,0.0,0.0,0.0,0.0,0.0,0.0,0.0,0.0,0.0,0.0,0.0,0.0,0.0,0.0,0.0,0.0,0.0,0.0,0.0,0.0
2026-01-23 15:36:26,3.5,25.0,running,0.4,1.3,20.4,0.0,2.7,0.4,3.5,0.0,3.1,3.6,7.6,0.0,0.4,4.0,0.4,0.4,2.2,0.0,3.1,0.0,4.9,1.3,0.0,13.9,0.4,2.2,4.4,0.0,0.9,0.0,0.0,0.0,7.1,1.3,2.2,0.0,1.3,4.0,0.9,0.0,4.0,0.0,0.0,43.3,13.5,0.0,1.8,0.4,0.0,0.0,0.0,0.0,0.0,0.0,0.0,0.0,0.0,0.0,0.0,0.0,0.0,0.0,0.0,0.0,0.0,0.0,0.0,0.0,0.0,0.0,0.0,0.0,0.0,0.0,0.0,0.0,0.0,0.0,0.0,0.0,0.0,0.0,0.0,0.0,0.0,0.0,0.0,0.0,0.0,0.0,0.0,0.0,0.0,0.0,0.0,0.0
2026-01-23 15:36:30,3.1,28.1,running,5.8,0.4,17.8,0.0,2.7,2.2,2.2,0.0,2.7,0.0,0.4,0.5,1.3,4.5,0.0,1.3,2.7,1.3,0.9,0.0,4.4,3.1,2.7,13.3,1.3,0.4,1.8,0.0,1.3,0.4,1.8,2.2,4.0,1.3,3.6,3.1,3.1,3.5,0.9,0.0,0.0,1.3,0.4,36.1,6.2,0.0,15.9,0.0,0.0,0.0,0.0,0.0,0.0,0.0,0.0,0.0,0.0,0.0,0.0,0.0,0.0,0.0,0.0,0.0,0.0,0.0,0.0,0.0,0.0,0.0,0.0,0.0,0.0,0.0,0.0,0.0,0.0,0.0,0.0,0.0,0.0,0.0,0.0,0.0,0.0,0.0,0.0,0.0,0.0,0.0,0.0,0.0,0.0,0.0,0.0,0.0
2026-01-23 15:36:33,3.3,25.0,running,4.9,1.3,14.2,0.0,1.3,3.1,5.3,0.4,3.5,0.0,1.8,0.0,4.4,0.0,0.0,0.9,0.9,2.2,0.0,1.8,5.3,0.0,2.7,11.2,1.3,0.0,1.8,1.7,3.2,0.0,2.2,0.0,8.8,0.9,2.2,0.9,5.5,4.4,1.8,2.2,2.2,2.2,3.1,0.4,3.6,1.3,41.9,0.0,0.0,0.0,0.0,0.0,0.0,0.0,0.0,0.0,0.0,0.0,0.0,0.0,0.0,0.0,0.0,0.0,0.0,0.0,0.0,0.0,0.0,0.0,0.0,0.0,0.0,0.0,0.0,0.0,0.0,0.0,0.0,0.0,0.0,0.0,0.0,0.0,0.0,0.0,0.0,0.0,0.0,0.0,0.0,0.0,0.0,0.0,0.0,0.0
2026-01-23 15:36:37,3.9,28.1,running,4.4,0.0,18.8,0.0,3.1,3.1,4.5,0.0,4.0,0.0,3.1,1.8,4.0,1.8,2.2,0.9,1.3,1.3,1.3,0.0,4.0,0.0,7.6,11.6,3.6,0.0,2.2,0.0,0.4,3.6,0.4,2.7,3.1,2.2,3.1,0.0,1.3,5.8,0.4,0.9,0.0,1.3,0.0,39.2,1.8,0.0,11.1,0.0,0.0,0.0,0.0,0.0,0.0,0.0,0.0,0.0,0.0,0.0,0.0,0.0,0.0,0.0,0.0,0.0,0.0,0.0,0.0,0.0,0.0,0.0,0.0,0.0,0.0,0.0,0.0,0.0,0.0,0.0,0.0,0.0,0.0,0.0,0.0,0.0,0.0,0.0,0.0,0.0,0.0,0.0,0.0,0.0,0.0,0.0,0.0,0.0
2026-01-23 15:36:40,3.3,28.1,running,4.5,0.9,20.2,0.9,4.0,4.5,3.1,0.0,1.3,3.6,4.0,2.2,2.7,0.0,0.4,2.2,5.8,0.0,2.7,0.4,0.9,0.9,0.4,12.4,0.4,1.3,0.9,0.0,0.9,1.3,4.0,0.9,4.0,4.4,5.8,1.7,0.0,4.9,1.3,1.8,0.0,0.4,0.0,24.2,10.3,0.4,15.6,0.4,0.0,0.0,0.0,0.0,0.0,0.0,0.0,0.0,0.0,0.0,0.0,0.0,0.0,0.0,0.0,0.0,0.0,0.0,0.0,0.0,0.0,0.0,0.0,0.0,0.0,0.0,0.0,0.0,0.0,0.0,0.0,0.0,0.0,0.0,0.0,0.0,0.0,0.0,0.0,0.0,0.0,0.0,0.0,0.0,0.0,0.0,0.0,0.0
2026-01-23 15:36:44,3.6,31.2,running,7.5,1.3,22.0,0.0,4.0,2.2,5.3,0.0,2.7,0.4,5.3,2.2,4.4,0.0,4.0,1.8,0.9,2.2,0.9,0.4,5.3,2.2,0.0,11.6,0.0,0.0,3.5,0.4,4.9,0.0,3.2,2.2,5.8,1.3,2.7,3.5,1.8,1.8,0.4,2.2,1.3,0.0,3.5,2.2,3.5,0.0,40.5,0.0,0.0,0.0,0.0,0.0,0.0,0.0,0.0,0.0,0.0,0.0,0.0,0.0,0.0,0.0,0.0,0.0,0.0,0.0,0.0,0.0,0.0,0.0,0.0,0.0,0.0,0.0,0.0,0.0,0.0,0.0,0.0,0.0,0.0,0.0,0.0,0.0,0.0,0.0,0.0,0.0,0.0,0.0,0.0,0.0,0.0,0.0,0.0,0.0
2026-01-23 15:36:47,3.4,28.1,running,2.7,1.3,22.9,0.0,2.7,2.6,2.7,0.4,2.7,1.8,4.9,1.3,8.0,0.0,0.4,3.1,0.4,0.0,2.2,0.6,4.9,1.4,2.2,11.2,0.0,0.4,2.2,0.0,2.7,0.0,1.7,0.0,6.2,3.6,2.2,0.0,1.8,3.2,0.9,0.0,1.3,0.4,0.0,39.4,2.7,0.0,5.8,3.1,0.0,0.0,0.0,0.0,0.0,0.0,0.0,0.0,0.0,0.0,0.0,0.0,0.0,0.0,0.0,0.0,0.0,0.0,0.0,0.0,0.0,0.0,0.0,0.0,0.0,0.0,0.0,0.0,0.0,0.0,0.0,0.0,0.0,0.0,0.0,0.0,0.0,0.0,0.0,0.0,0.0,0.0,0.0,0.0,0.0,0.0,0.0,0.0
2026-01-23 15:36:51,3.3,37.5,running,2.2,0.0,24.9,0.0,4.0,1.6,4.0,0.0,2.2,6.2,4.0,1.3,3.1,3.4,4.0,0.9,2.7,0.0,0.0,1.8,0.4,0.0,1.8,9.3,2.2,0.0,2.2,1.8,1.8,1.3,2.7,3.5,0.9,1.3,0.0,0.4,1.3,3.1,0.4,1.3,0.0,0.0,0.7,43.8,7.5,0.0,1.8,0.4,0.0,0.0,0.0,0.0,0.0,0.0,0.0,0.0,0.0,0.0,0.0,0.0,0.0,0.0,0.0,0.0,0.0,0.0,0.0,0.0,0.0,0.0,0.0,0.0,0.0,0.0,0.0,0.0,0.0,0.0,0.0,0.0,0.0,0.0,0.0,0.0,0.0,0.0,0.0,0.0,0.0,0.0,0.0,0.0,0.0,0.0,0.0,0.0
2026-01-23 15:36:54,3.3,34.3,running,4.0,0.0,26.2,0.0,4.0,0.0,3.5,0.0,2.2,0.0,0.4,0.9,3.1,0.0,1.3,4.0,4.9,3.6,1.3,0.4,4.0,0.0,1.8,11.2,3.6,0.0,2.7,0.0,4.0,2.2,4.1,0.0,1.8,2.2,0.0,0.4,4.9,2.2,0.4,1.3,3.1,1.3,0.4,39.3,3.6,0.0,5.3,0.9,0.0,0.0,0.0,0.0,0.0,0.0,0.0,0.0,0.0,0.0,0.0,0.0,0.0,0.0,0.0,0.0,0.0,0.0,0.0,0.0,0.0,0.0,0.0,0.0,0.0,0.0,0.0,0.0,0.0,0.0,0.0,0.0,0.0,0.0,0.0,0.0,0.0,0.0,0.0,0.0,0.0,0.0,0.0,0.0,0.0,0.0,0.0,0.0
2026-01-23 15:36:58,2.8,21.8,running,6.2,0.4,24.9,0.5,3.6,0.4,6.6,0.0,3.1,0.5,3.6,0.9,0.9,0.9,1.8,0.0,0.4,1.8,0.4,2.2,1.8,0.4,0.4,10.7,0.9,0.9,0.9,0.9,0.9,0.0,1.3,0.4,3.6,2.2,4.5,1.3,1.3,2.7,1.3,0.0,0.0,1.3,0.9,3.1,0.0,3.1,40.9,1.3,0.0,0.0,0.0,0.0,0.0,0.0,0.0,0.0,0.0,0.0,0.0,0.0,0.0,0.0,0.0,0.0,0.0,0.0,0.0,0.0,0.0,0.0,0.0,0.0,0.0,0.0,0.0,0.0,0.0,0.0,0.0,0.0,0.0,0.0,0.0,0.0,0.0,0.0,0.0,0.0,0.0,0.0,0.0,0.0,0.0,0.0,0.0,0.0
2026-01-23 15:37:01,3.3,21.9,running,4.0,3.1,18.3,0.0,1.8,0.4,5.4,0.0,2.2,0.9,3.1,0.0,1.8,0.0,0.0,4.4,1.3,2.7,0.9,0.0,4.4,3.5,1.3,10.3,3.6,2.2,4.5,1.3,0.4,1.8,1.3,0.0,3.1,3.6,3.1,0.0,0.0,0.4,0.4,5.4,1.8,2.2,1.8,31.0,1.3,0.0,17.6,1.3,0.0,0.0,0.0,0.0,0.0,0.0,0.0,0.0,0.0,0.0,0.0,0.0,0.0,0.0,0.0,0.0,0.0,0.0,0.0,0.0,0.0,0.0,0.0,0.0,0.0,0.0,0.0,0.0,0.0,0.0,0.0,0.0,0.0,0.0,0.0,0.0,0.0,0.0,0.0,0.0,0.0,0.0,0.0,0.0,0.0,0.0,0.0,0.0
2026-01-23 15:37:05,3.6,25.0,running,1.3,1.8,16.9,0.0,4.9,1.8,4.9,0.0,3.1,0.4,2.2,0.5,5.3,1.8,1.8,0.9,1.3,2.2,0.9,0.4,2.7,0.4,0.4,14.3,7.0,0.0,2.7,4.4,0.9,0.4,3.1,0.9,5.3,3.6,3.6,2.7,0.9,2.2,0.0,0.0,1.3,0.0,1.3,49.6,3.1,0.4,0.0,1.3,0.0,0.0,0.0,0.0,0.0,0.0,0.0,0.0,0.0,0.0,0.0,0.0,0.0,0.0,0.0,0.0,0.0,0.0,0.0,0.0,0.0,0.0,0.0,0.0,0.0,0.0,0.0,0.0,0.0,0.0,0.0,0.0,0.0,0.0,0.0,0.0,0.0,0.0,0.0,0.0,0.0,0.0,0.0,0.0,0.0,0.0,0.0,0.0
2026-01-23 15:37:08,3.6,18.7,running,1.8,1.8,23.5,0.9,1.3,4.5,3.6,0.0,3.6,2.7,4.9,0.4,5.8,1.3,1.3,2.7,1.8,0.0,0.4,0.9,0.4,0.0,0.4,9.7,5.8,1.8,1.3,0.0,0.9,1.3,0.4,0.9,3.6,1.8,2.2,1.3,3.1,4.9,0.0,0.0,1.8,1.3,0.0,44.1,4.5,4.4,3.1,0.0,0.0,0.0,0.0,0.0,0.0,0.0,0.0,0.0,0.0,0.0,0.0,0.0,0.0,0.0,0.0,0.0,0.0,0.0,0.0,0.0,0.0,0.0,0.0,0.0,0.0,0.0,0.0,0.0,0.0,0.0,0.0,0.0,0.0,0.0,0.0,0.0,0.0,0.0,0.0,0.0,0.0,0.0,0.0,0.0,0.0,0.0,0.0,0.0
2026-01-23 15:37:12,3.4,34.3,running,2.7,0.0,17.4,0.0,6.2,2.7,4.5,0.0,3.1,3.1,1.8,0.9,3.6,1.3,1.3,0.5,0.4,4.0,1.3,1.3,2.2,1.3,0.0,12.6,1.3,1.3,1.8,4.0,1.3,2.2,0.0,1.3,6.2,0.0,0.9,0.0,3.6,5.3,5.7,1.3,0.0,0.4,0.0,42.0,5.3,0.9,4.9,0.0,0.0,0.0,0.0,0.0,0.0,0.0,0.0,0.0,0.0,0.0,0.0,0.0,0.0,0.0,0.0,0.0,0.0,0.0,0.0,0.0,0.0,0.0,0.0,0.0,0.0,0.0,0.0,0.0,0.0,0.0,0.0,0.0,0.0,0.0,0.0,0.0,0.0,0.0,0.0,0.0,0.0,0.0,0.0,0.0,0.0,0.0,0.0,0.0
2026-01-23 15:37:15,3.6,28.1,running,4.0,4.0,26.8,0.0,2.2,0.4,0.9,0.0,5.4,0.9,1.3,0.4,2.2,3.5,0.9,2.2,0.0,0.0,0.0,1.8,0.4,0.4,2.7,10.7,2.2,2.7,0.9,3.6,8.1,0.4,0.4,0.0,5.8,0.9,4.5,4.9,3.1,7.1,5.4,4.0,3.1,0.0,3.1,28.0,1.8,0.0,14.2,0.9,0.0,0.0,0.0,0.0,0.0,0.0,0.0,0.0,0.0,0.0,0.0,0.0,0.0,0.0,0.0,0.0,0.0,0.0,0.0,0.0,0.0,0.0,0.0,0.0,0.0,0.0,0.0,0.0,0.0,0.0,0.0,0.0,0.0,0.0,0.0,0.0,0.0,0.0,0.0,0.0,0.0,0.0,0.0,0.0,0.0,0.0,0.0,0.0
2026-01-23 15:37:19,3.3,34.4,running,3.1,3.6,23.5,0.0,5.8,4.0,4.9,0.0,2.7,0.0,0.9,0.0,3.1,0.9,4.5,3.1,1.3,0.9,1.3,0.0,2.7,3.6,1.3,11.2,1.3,2.2,1.8,1.8,6.1,0.4,0.4,0.4,4.4,4.0,3.6,2.7,0.9,4.9,0.4,0.0,0.0,3.1,0.5,45.6,4.5,1.8,1.8,2.2,0.0,0.0,0.0,0.0,0.0,0.0,0.0,0.0,0.0,0.0,0.0,0.0,0.0,0.0,0.0,0.0,0.0,0.0,0.0,0.0,0.0,0.0,0.0,0.0,0.0,0.0,0.0,0.0,0.0,0.0,0.0,0.0,0.0,0.0,0.0,0.0,0.0,0.0,0.0,0.0,0.0,0.0,0.0,0.0,0.0,0.0,0.0,0.0
2026-01-23 15:37:22,3.4,37.5,running,4.4,3.6,26.1,0.0,6.2,2.2,7.1,0.0,3.1,3.4,3.6,1.8,4.0,3.5,0.0,0.0,0.9,0.9,0.9,0.9,0.9,2.2,0.9,11.1,2.7,2.2,3.1,1.8,0.9,4.5,1.3,0.0,3.1,0.0,1.3,0.4,1.3,2.2,2.7,0.4,0.0,2.2,0.0,5.4,0.0,0.9,36.6,1.3,0.0,0.0,0.0,0.0,0.0,0.0,0.0,0.0,0.0,0.0,0.0,0.0,0.0,0.0,0.0,0.0,0.0,0.0,0.0,0.0,0.0,0.0,0.0,0.0,0.0,0.0,0.0,0.0,0.0,0.0,0.0,0.0,0.0,0.0,0.0,0.0,0.0,0.0,0.0,0.0,0.0,0.0,0.0,0.0,0.0,0.0,0.0,0.0
2026-01-23 15:37:26,3.2,15.6,running,5.8,0.0,20.0,0.0,3.1,0.0,4.4,0.0,1.8,0.9,2.2,0.4,1.8,0.4,2.7,0.4,0.0,4.0,0.0,0.4,0.4,0.9,0.0,13.4,3.1,4.0,2.2,0.0,2.7,2.7,0.9,0.0,4.0,3.1,4.5,4.4,0.9,0.4,1.3,0.4,0.0,1.8,2.2,1.3,3.1,3.6,41.9,0.4,0.0,0.0,0.0,0.0,0.0,0.0,0.0,0.0,0.0,0.0,0.0,0.0,0.0,0.0,0.0,0.0,0.0,0.0,0.0,0.0,0.0,0.0,0.0,0.0,0.0,0.0,0.0,0.0,0.0,0.0,0.0,0.0,0.0,0.0,0.0,0.0,0.0,0.0,0.0,0.0,0.0,0.0,0.0,0.0,0.0,0.0,0.0,0.0
2026-01-23 15:37:29,3.2,15.6,running,5.8,1.8,16.1,0.0,6.2,0.0,6.3,0.0,5.8,0.0,5.8,0.9,7.2,0.0,1.3,1.8,0.0,0.9,0.4,0.9,0.9,0.0,2.2,11.6,2.2,0.0,0.4,0.0,2.3,0.4,0.9,0.0,5.8,4.0,0.9,1.8,5.4,0.4,0.4,0.9,2.7,1.8,1.8,0.9,1.3,2.7,47.6,0.0,0.0,0.0,0.0,0.0,0.0,0.0,0.0,0.0,0.0,0.0,0.0,0.0,0.0,0.0,0.0,0.0,0.0,0.0,0.0,0.0,0.0,0.0,0.0,0.0,0.0,0.0,0.0,0.0,0.0,0.0,0.0,0.0,0.0,0.0,0.0,0.0,0.0,0.0,0.0,0.0,0.0,0.0,0.0,0.0,0.0,0.0,0.0,0.0
2026-01-23 15:37:33,3.5,28.1,running,2.7,0.4,23.2,0.0,6.2,0.4,1.3,0.0,1.3,5.3,3.1,0.0,1.8,5.3,0.4,4.9,0.0,2.2,0.4,0.0,1.8,1.3,0.0,11.2,1.8,3.1,3.1,0.0,2.3,1.8,0.0,0.0,3.5,1.3,0.4,0.0,0.0,1.3,0.9,3.1,0.4,0.0,1.4,43.4,7.9,3.2,1.8,3.5,0.0,0.0,0.0,0.0,0.0,0.0,0.0,0.0,0.0,0.0,0.0,0.0,0.0,0.0,0.0,0.0,0.0,0.0,0.0,0.0,0.0,0.0,0.0,0.0,0.0,0.0,0.0,0.0,0.0,0.0,0.0,0.0,0.0,0.0,0.0,0.0,0.0,0.0,0.0,0.0,0.0,0.0,0.0,0.0,0.0,0.0,0.0,0.0
2026-01-23 15:37:36,3.2,28.1,running,5.8,1.8,17.3,0.0,2.7,3.6,6.7,0.0,2.2,0.5,0.4,0.9,2.7,3.6,0.9,4.9,0.4,2.7,1.8,0.0,0.9,0.0,1.8,11.1,1.8,0.0,0.9,0.4,3.0,0.4,4.4,0.0,7.1,1.3,0.9,1.3,1.4,2.7,1.8,0.9,1.8,0.0,0.0,20.7,4.0,0.4,31.6,0.9,0.0,0.0,0.0,0.0,0.0,0.0,0.0,0.0,0.0,0.0,0.0,0.0,0.0,0.0,0.0,0.0,0.0,0.0,0.0,0.0,0.0,0.0,0.0,0.0,0.0,0.0,0.0,0.0,0.0,0.0,0.0,0.0,0.0,0.0,0.0,0.0,0.0,0.0,0.0,0.0,0.0,0.0,0.0,0.0,0.0,0.0,0.0,0.0
2026-01-23 15:37:40,3.7,31.2,running,10.1,1.3,17.2,0.8,6.7,2.2,4.4,0.9,2.7,0.0,1.8,0.9,0.9,0.9,1.3,3.1,0.0,0.9,4.4,0.9,3.5,0.0,3.6,11.6,0.9,2.2,1.8,0.9,3.2,3.1,0.0,2.2,8.4,1.3,3.6,0.9,0.9,2.2,2.2,1.3,3.1,2.2,3.1,8.4,3.5,0.4,40.4,0.0,0.0,0.0,0.0,0.0,0.0,0.0,0.0,0.0,0.0,0.0,0.0,0.0,0.0,0.0,0.0,0.0,0.0,0.0,0.0,0.0,0.0,0.0,0.0,0.0,0.0,0.0,0.0,0.0,0.0,0.0,0.0,0.0,0.0,0.0,0.0,0.0,0.0,0.0,0.0,0.0,0.0,0.0,0.0,0.0,0.0,0.0,0.0,0.0
2026-01-23 15:37:43,3.6,28.1,running,1.3,3.5,25.3,0.0,2.2,1.3,2.7,0.0,7.1,2.2,2.7,0.4,3.1,1.3,0.4,1.3,0.4,2.2,0.4,3.1,0.4,1.8,0.9,13.8,1.8,4.4,2.7,0.0,2.2,0.0,0.0,0.4,2.7,2.2,4.5,1.3,2.7,2.7,2.2,3.6,1.3,0.9,0.0,42.9,4.9,3.6,0.9,0.0,0.0,0.0,0.0,0.0,0.0,0.0,0.0,0.0,0.0,0.0,0.0,0.0,0.0,0.0,0.0,0.0,0.0,0.0,0.0,0.0,0.0,0.0,0.0,0.0,0.0,0.0,0.0,0.0,0.0,0.0,0.0,0.0,0.0,0.0,0.0,0.0,0.0,0.0,0.0,0.0,0.0,0.0,0.0,0.0,0.0,0.0,0.0,0.0
2026-01-23 15:37:47,3.3,31.2,running,3.6,0.9,16.9,0.0,2.2,0.4,3.6,0.0,1.8,0.9,3.1,0.4,2.7,4.9,0.4,0.4,0.0,0.0,0.0,1.3,1.8,4.0,4.5,11.1,1.8,1.8,1.3,2.7,3.6,1.8,2.2,1.8,5.3,0.9,2.2,1.8,0.4,1.8,3.1,1.8,0.9,0.4,2.2,12.2,2.2,3.6,33.5,0.0,0.0,0.0,0.0,0.0,0.0,0.0,0.0,0.0,0.0,0.0,0.0,0.0,0.0,0.0,0.0,0.0,0.0,0.0,0.0,0.0,0.0,0.0,0.0,0.0,0.0,0.0,0.0,0.0,0.0,0.0,0.0,0.0,0.0,0.0,0.0,0.0,0.0,0.0,0.0,0.0,0.0,0.0,0.0,0.0,0.0,0.0,0.0,0.0
2026-01-23 15:37:50,2.7,28.1,running,5.4,1.3,20.4,0.0,2.7,0.5,2.7,0.0,0.9,1.8,3.6,0.4,1.3,0.4,0.0,2.7,0.0,0.0,1.4,0.9,2.2,0.9,1.8,13.0,4.1,0.0,4.5,0.0,1.8,0.4,1.4,0.0,1.8,1.3,2.7,0.0,0.9,5.4,3.6,2.7,0.4,3.5,1.8,13.2,4.5,0.0,34.2,0.0,0.0,0.0,0.0,0.0,0.0,0.0,0.0,0.0,0.0,0.0,0.0,0.0,0.0,0.0,0.0,0.0,0.0,0.0,0.0,0.0,0.0,0.0,0.0,0.0,0.0,0.0,0.0,0.0,0.0,0.0,0.0,0.0,0.0,0.0,0.0,0.0,0.0,0.0,0.0,0.0,0.0,0.0,0.0,0.0,0.0,0.0,0.0,0.0
2026-01-23 15:37:54,3.4,21.9,running,2.7,0.0,19.6,0.0,3.1,3.7,3.1,0.0,2.2,0.4,2.2,0.4,3.1,0.0,1.8,1.8,2.2,0.0,0.4,1.8,1.8,5.3,0.4,11.6,5.3,0.0,3.1,0.0,1.7,0.0,0.9,0.9,1.8,2.6,1.3,3.6,2.9,2.2,0.9,1.8,0.4,0.4,2.2,48.9,5.8,0.0,1.8,1.3,0.0,0.0,0.0,0.0,0.0,0.0,0.0,0.0,0.0,0.0,0.0,0.0,0.0,0.0,0.0,0.0,0.0,0.0,0.0,0.0,0.0,0.0,0.0,0.0,0.0,0.0,0.0,0.0,0.0,0.0,0.0,0.0,0.0,0.0,0.0,0.0,0.0,0.0,0.0,0.0,0.0,0.0,0.0,0.0,0.0,0.0,0.0,0.0
2026-01-23 15:37:57,3.7,28.1,running,5.3,0.9,27.4,1.1,5.8,0.9,12.9,0.9,7.1,4.0,2.7,2.7,3.1,0.0,3.1,1.8,1.8,0.0,0.4,3.6,3.1,0.4,3.1,10.7,3.6,3.1,4.5,0.9,0.4,0.0,0.0,0.4,4.4,0.0,1.3,0.0,1.1,0.9,0.0,0.0,4.5,1.3,0.4,7.2,2.2,0.9,31.7,0.0,0.0,0.0,0.0,0.0,0.0,0.0,0.0,0.0,0.0,0.0,0.0,0.0,0.0,0.0,0.0,0.0,0.0,0.0,0.0,0.0,0.0,0.0,0.0,0.0,0.0,0.0,0.0,0.0,0.0,0.0,0.0,0.0,0.0,0.0,0.0,0.0,0.0,0.0,0.0,0.0,0.0,0.0,0.0,0.0,0.0,0.0,0.0,0.0
2026-01-23 15:38:01,3.4,40.6,running,7.1,1.3,26.1,0.0,6.2,0.5,5.7,0.0,4.4,1.0,4.9,0.0,1.3,0.0,1.3,2.2,0.9,3.1,2.2,3.2,2.7,0.4,1.8,9.3,2.2,0.9,3.1,3.6,1.3,2.2,0.9,0.4,4.9,0.4,0.0,2.7,2.7,0.0,0.4,1.8,0.0,3.1,0.4,2.6,4.4,0.4,41.8,0.0,0.0,0.0,0.0,0.0,0.0,0.0,0.0,0.0,0.0,0.0,0.0,0.0,0.0,0.0,0.0,0.0,0.0,0.0,0.0,0.0,0.0,0.0,0.0,0.0,0.0,0.0,0.0,0.0,0.0,0.0,0.0,0.0,0.0,0.0,0.0,0.0,0.0,0.0,0.0,0.0,0.0,0.0,0.0,0.0,0.0,0.0,0.0,0.0
2026-01-23 15:38:04,3.2,31.2,running,9.3,0.0,19.6,0.0,4.0,0.4,2.7,0.0,1.8,0.0,0.9,0.0,4.9,2.8,0.0,0.4,3.1,0.0,0.9,1.3,0.4,1.3,3.1,12.4,0.4,0.0,4.5,0.0,0.9,1.3,0.4,0.4,3.1,1.8,4.0,1.3,4.4,1.3,0.4,0.9,1.3,3.6,0.4,0.0,3.1,3.1,48.7,0.0,0.0,0.0,0.0,0.0,0.0,0.0,0.0,0.0,0.0,0.0,0.0,0.0,0.0,0.0,0.0,0.0,0.0,0.0,0.0,0.0,0.0,0.0,0.0,0.0,0.0,0.0,0.0,0.0,0.0,0.0,0.0,0.0,0.0,0.0,0.0,0.0,0.0,0.0,0.0,0.0,0.0,0.0,0.0,0.0,0.0,0.0,0.0,0.0
2026-01-23 15:38:08,3.0,31.2,running,1.8,0.9,19.4,0.0,6.7,4.4,4.0,0.0,6.7,0.0,0.9,2.2,1.3,1.8,0.4,4.0,3.1,2.7,2.7,0.4,0.4,0.0,0.4,12.5,4.9,0.4,1.3,0.4,3.1,4.0,0.0,0.0,3.1,3.1,0.0,1.3,1.3,2.2,0.9,1.3,0.9,0.4,0.4,43.1,6.7,0.0,1.3,1.3,0.0,0.0,0.0,0.0,0.0,0.0,0.0,0.0,0.0,0.0,0.0,0.0,0.0,0.0,0.0,0.0,0.0,0.0,0.0,0.0,0.0,0.0,0.0,0.0,0.0,0.0,0.0,0.0,0.0,0.0,0.0,0.0,0.0,0.0,0.0,0.0,0.0,0.0,0.0,0.0,0.0,0.0,0.0,0.0,0.0,0.0,0.0,0.0
2026-01-23 15:38:11,3.4,34.4,running,11.6,2.2,22.9,0.0,4.0,1.3,4.0,0.4,2.7,0.0,2.2,1.3,2.7,2.2,0.9,4.8,0.4,0.9,0.4,0.9,2.2,1.3,3.6,11.7,3.1,2.2,2.2,0.9,1.3,1.3,0.0,0.4,5.8,1.3,4.0,0.4,0.4,2.2,3.5,1.8,0.0,7.1,3.1,20.6,4.0,0.9,21.7,2.7,0.0,0.0,0.0,0.0,0.0,0.0,0.0,0.0,0.0,0.0,0.0,0.0,0.0,0.0,0.0,0.0,0.0,0.0,0.0,0.0,0.0,0.0,0.0,0.0,0.0,0.0,0.0,0.0,0.0,0.0,0.0,0.0,0.0,0.0,0.0,0.0,0.0,0.0,0.0,0.0,0.0,0.0,0.0,0.0,0.0,0.0,0.0,0.0
2026-01-23 15:38:15,3.7,31.2,running,8.5,1.3,22.1,0.0,5.8,0.9,7.1,0.4,0.4,0.0,2.2,1.3,5.8,0.9,2.2,2.7,0.9,1.8,0.9,0.4,1.8,2.7,3.1,12.9,3.6,1.8,2.7,0.4,1.4,0.4,0.0,0.4,4.0,1.3,2.2,2.7,0.0,6.7,4.0,4.0,3.1,0.4,0.9,6.2,0.4,2.2,32.1,1.3,0.0,0.0,0.0,0.0,0.0,0.0,0.0,0.0,0.0,0.0,0.0,0.0,0.0,0.0,0.0,0.0,0.0,0.0,0.0,0.0,0.0,0.0,0.0,0.0,0.0,0.0,0.0,0.0,0.0,0.0,0.0,0.0,0.0,0.0,0.0,0.0,0.0,0.0,0.0,0.0,0.0,0.0,0.0,0.0,0.0,0.0,0.0,0.0
2026-01-23 15:38:18,3.5,21.9,running,2.2,0.4,25.3,1.8,5.4,1.8,6.7,0.4,7.6,2.2,3.1,0.9,0.9,0.4,0.4,1.8,1.3,2.2,1.8,0.0,4.0,2.7,2.6,8.5,4.0,3.1,0.9,0.0,1.8,0.0,0.0,2.2,3.1,0.9,2.5,3.5,1.8,1.3,0.9,0.9,2.2,0.9,0.0,41.8,5.8,3.1,3.5,0.4,0.0,0.0,0.0,0.0,0.0,0.0,0.0,0.0,0.0,0.0,0.0,0.0,0.0,0.0,0.0,0.0,0.0,0.0,0.0,0.0,0.0,0.0,0.0,0.0,0.0,0.0,0.0,0.0,0.0,0.0,0.0,0.0,0.0,0.0,0.0,0.0,0.0,0.0,0.0,0.0,0.0,0.0,0.0,0.0,0.0,0.0,0.0,0.0
2026-01-23 15:38:22,3.9,25.0,running,6.2,0.0,26.2,0.0,6.7,2.2,6.2,0.4,7.1,0.0,4.0,0.4,2.7,0.0,1.3,1.3,4.5,0.0,0.9,0.4,0.4,0.9,1.3,11.5,1.8,0.0,1.3,0.0,0.4,0.4,0.0,2.2,4.0,5.3,5.7,0.9,1.8,2.7,0.4,1.3,2.7,1.8,0.4,15.2,8.9,0.4,33.3,0.9,0.0,0.0,0.0,0.0,0.0,0.0,0.0,0.0,0.0,0.0,0.0,0.0,0.0,0.0,0.0,0.0,0.0,0.0,0.0,0.0,0.0,0.0,0.0,0.0,0.0,0.0,0.0,0.0,0.0,0.0,0.0,0.0,0.0,0.0,0.0,0.0,0.0,0.0,0.0,0.0,0.0,0.0,0.0,0.0,0.0,0.0,0.0,0.0
2026-01-23 15:38:25,3.7,25.0,running,8.5,1.3,17.4,0.0,5.3,0.9,3.6,0.9,4.9,0.0,1.8,0.0,2.7,0.0,1.3,2.2,0.0,0.4,1.3,0.4,0.9,2.2,1.8,12.1,0.9,2.7,2.2,2.2,0.0,3.6,0.0,0.4,1.8,4.0,3.5,0.4,0.9,5.8,4.9,0.4,2.2,0.5,3.1,2.2,5.3,0.0,42.7,0.0,0.0,0.0,0.0,0.0,0.0,0.0,0.0,0.0,0.0,0.0,0.0,0.0,0.0,0.0,0.0,0.0,0.0,0.0,0.0,0.0,0.0,0.0,0.0,0.0,0.0,0.0,0.0,0.0,0.0,0.0,0.0,0.0,0.0,0.0,0.0,0.0,0.0,0.0,0.0,0.0,0.0,0.0,0.0,0.0,0.0,0.0,0.0,0.0
2026-01-23 15:38:29,3.3,28.1,running,8.9,0.4,16.4,0.0,3.6,2.2,3.6,0.0,4.5,0.0,2.2,0.9,2.2,4.0,3.1,0.9,0.9,0.0,1.3,0.9,1.3,2.2,1.8,11.1,6.6,2.7,1.8,0.4,0.4,2.7,1.8,0.0,2.7,0.9,7.6,0.9,2.2,4.4,3.1,2.7,0.4,0.0,0.0,3.6,0.0,0.4,42.9,2.2,0.0,0.0,0.0,0.0,0.0,0.0,0.0,0.0,0.0,0.0,0.0,0.0,0.0,0.0,0.0,0.0,0.0,0.0,0.0,0.0,0.0,0.0,0.0,0.0,0.0,0.0,0.0,0.0,0.0,0.0,0.0,0.0,0.0,0.0,0.0,0.0,0.0,0.0,0.0,0.0,0.0,0.0,0.0,0.0,0.0,0.0,0.0,0.0
2026-01-23 15:38:32,3.4,40.6,running,1.8,1.3,20.9,0.0,3.6,0.4,4.4,0.0,2.7,0.0,3.6,0.9,4.5,0.4,2.7,1.8,3.1,3.1,1.8,1.3,0.4,1.8,2.2,12.9,4.9,0.9,1.3,4.9,0.9,0.4,0.0,0.4,4.4,4.0,6.2,0.0,4.9,0.0,0.9,0.0,1.8,0.0,1.8,35.8,4.9,1.3,12.1,0.4,0.0,0.0,0.0,0.0,0.0,0.0,0.0,0.0,0.0,0.0,0.0,0.0,0.0,0.0,0.0,0.0,0.0,0.0,0.0,0.0,0.0,0.0,0.0,0.0,0.0,0.0,0.0,0.0,0.0,0.0,0.0,0.0,0.0,0.0,0.0,0.0,0.0,0.0,0.0,0.0,0.0,0.0,0.0,0.0,0.0,0.0,0.0,0.0
2026-01-23 15:38:36,3.4,18.7,running,1.8,2.2,21.3,0.0,6.2,1.8,7.1,0.0,2.7,0.0,2.2,0.4,0.9,0.9,1.3,1.8,4.5,1.3,5.7,0.0,0.4,0.4,4.0,11.1,6.2,0.4,2.2,0.0,0.9,1.8,0.0,1.8,4.0,0.0,1.3,1.8,2.2,0.9,1.3,1.8,4.9,0.0,0.9,39.6,3.1,3.5,4.0,0.0,0.0,0.0,0.0,0.0,0.0,0.0,0.0,0.0,0.0,0.0,0.0,0.0,0.0,0.0,0.0,0.0,0.0,0.0,0.0,0.0,0.0,0.0,0.0,0.0,0.0,0.0,0.0,0.0,0.0,0.0,0.0,0.0,0.0,0.0,0.0,0.0,0.0,0.0,0.0,0.0,0.0,0.0,0.0,0.0,0.0,0.0,0.0,0.0
2026-01-23 15:38:39,3.4,31.2,running,2.2,2.7,20.1,0.0,6.3,2.2,4.9,0.0,5.4,0.0,3.6,0.0,1.3,0.9,1.3,2.2,4.0,0.0,3.6,0.0,0.4,0.9,1.3,12.4,5.4,1.3,2.7,0.0,0.4,0.4,0.4,0.0,2.7,0.9,3.5,4.4,3.1,4.0,1.3,6.7,0.4,0.0,0.9,43.1,6.7,0.0,0.9,1.3,0.0,0.0,0.0,0.0,0.0,0.0,0.0,0.0,0.0,0.0,0.0,0.0,0.0,0.0,0.0,0.0,0.0,0.0,0.0,0.0,0.0,0.0,0.0,0.0,0.0,0.0,0.0,0.0,0.0,0.0,0.0,0.0,0.0,0.0,0.0,0.0,0.0,0.0,0.0,0.0,0.0,0.0,0.0,0.0,0.0,0.0,0.0,0.0
2026-01-23 15:38:43,3.6,21.9,running,8.4,3.6,18.8,1.0,4.0,1.3,4.4,0.4,4.4,3.6,2.2,0.9,2.7,2.5,0.0,0.4,2.7,5.8,0.9,3.1,3.1,2.2,0.9,12.1,4.0,0.9,1.3,0.0,3.1,0.9,0.0,0.9,6.6,3.1,5.8,1.3,0.9,3.1,2.2,0.0,0.9,0.0,0.0,2.2,0.0,0.0,39.2,0.0,0.0,0.0,0.0,0.0,0.0,0.0,0.0,0.0,0.0,0.0,0.0,0.0,0.0,0.0,0.0,0.0,0.0,0.0,0.0,0.0,0.0,0.0,0.0,0.0,0.0,0.0,0.0,0.0,0.0,0.0,0.0,0.0,0.0,0.0,0.0,0.0,0.0,0.0,0.0,0.0,0.0,0.0,0.0,0.0,0.0,0.0,0.0,0.0
2026-01-23 15:38:46,3.6,28.1,running,4.5,0.9,21.7,0.0,3.6,0.9,8.8,0.0,4.0,0.9,2.7,1.8,4.0,0.0,1.8,0.9,2.7,0.4,2.2,0.9,2.7,1.3,0.9,10.2,2.2,0.9,3.1,2.2,1.8,0.4,2.2,0.0,2.2,2.2,2.7,0.4,1.3,1.8,0.4,4.0,3.1,1.3,0.0,22.7,3.5,0.4,27.7,0.0,0.0,0.0,0.0,0.0,0.0,0.0,0.0,0.0,0.0,0.0,0.0,0.0,0.0,0.0,0.0,0.0,0.0,0.0,0.0,0.0,0.0,0.0,0.0,0.0,0.0,0.0,0.0,0.0,0.0,0.0,0.0,0.0,0.0,0.0,0.0,0.0,0.0,0.0,0.0,0.0,0.0,0.0,0.0,0.0,0.0,0.0,0.0,0.0
2026-01-23 15:38:50,3.1,21.8,running,1.3,2.2,20.1,0.0,2.2,2.2,2.3,0.0,3.1,0.0,2.2,0.0,2.3,0.4,0.9,1.3,1.8,0.4,0.0,2.2,1.3,0.0,0.9,14.7,5.4,0.0,2.2,0.0,1.4,1.8,1.3,1.3,7.1,0.4,2.7,3.1,0.0,0.9,0.9,0.0,4.9,1.3,1.3,51.1,10.3,1.8,8.0,1.8,0.0,0.0,0.0,0.0,0.0,0.0,0.0,0.0,0.0,0.0,0.0,0.0,0.0,0.0,0.0,0.0,0.0,0.0,0.0,0.0,0.0,0.0,0.0,0.0,0.0,0.0,0.0,0.0,0.0,0.0,0.0,0.0,0.0,0.0,0.0,0.0,0.0,0.0,0.0,0.0,0.0,0.0,0.0,0.0,0.0,0.0,0.0,0.0
2026-01-23 15:38:53,3.7,37.5,running,8.4,0.4,21.0,0.0,3.6,1.8,5.3,0.0,3.6,2.1,5.3,0.9,4.0,0.0,1.3,1.3,0.4,0.0,0.4,0.0,1.3,0.0,2.2,11.6,2.7,0.0,2.2,0.0,1.3,0.4,0.0,0.4,3.6,3.6,3.1,1.8,2.2,3.2,2.2,4.4,0.4,2.2,2.2,2.1,2.7,0.0,44.9,1.3,0.0,0.0,0.0,0.0,0.0,0.0,0.0,0.0,0.0,0.0,0.0,0.0,0.0,0.0,0.0,0.0,0.0,0.0,0.0,0.0,0.0,0.0,0.0,0.0,0.0,0.0,0.0,0.0,0.0,0.0,0.0,0.0,0.0,0.0,0.0,0.0,0.0,0.0,0.0,0.0,0.0,0.0,0.0,0.0,0.0,0.0,0.0,0.0
2026-01-23 15:38:57,3.5,31.2,running,6.2,1.8,21.4,0.5,4.0,4.5,4.4,0.4,3.6,0.4,3.5,0.4,3.1,4.0,1.3,2.2,0.9,0.4,1.8,0.5,1.8,0.0,3.6,9.7,2.7,0.4,2.2,1.3,1.3,0.0,4.4,0.0,3.6,2.2,0.9,0.0,0.4,0.0,0.4,4.5,0.4,2.7,1.3,2.7,5.3,0.4,43.8,1.3,0.0,0.0,0.0,0.0,0.0,0.0,0.0,0.0,0.0,0.0,0.0,0.0,0.0,0.0,0.0,0.0,0.0,0.0,0.0,0.0,0.0,0.0,0.0,0.0,0.0,0.0,0.0,0.0,0.0,0.0,0.0,0.0,0.0,0.0,0.0,0.0,0.0,0.0,0.0,0.0,0.0,0.0,0.0,0.0,0.0,0.0,0.0,0.0
2026-01-23 15:39:00,3.7,31.2,running,5.7,2.7,21.9,0.0,2.7,0.0,3.6,0.0,4.0,1.8,3.1,0.9,7.1,5.1,4.4,3.1,3.6,0.0,2.7,1.3,2.7,2.2,0.0,13.4,2.2,0.0,1.3,1.3,5.2,0.4,0.0,0.0,5.8,1.3,4.0,0.0,0.4,3.0,0.9,0.4,0.9,4.0,2.0,8.0,3.6,0.9,33.6,0.0,0.0,0.0,0.0,0.0,0.0,0.0,0.0,0.0,0.0,0.0,0.0,0.0,0.0,0.0,0.0,0.0,0.0,0.0,0.0,0.0,0.0,0.0,0.0,0.0,0.0,0.0,0.0,0.0,0.0,0.0,0.0,0.0,0.0,0.0,0.0,0.0,0.0,0.0,0.0,0.0,0.0,0.0,0.0,0.0,0.0,0.0,0.0,0.0
2026-01-23 15:39:04,3.3,31.2,running,1.8,1.3,23.0,0.0,5.3,1.3,2.7,0.0,1.8,1.8,0.9,0.4,1.4,0.9,4.9,0.4,3.6,1.3,0.9,4.0,4.0,0.4,0.0,14.5,2.2,0.9,1.8,0.0,1.2,0.4,1.3,1.3,3.1,1.8,3.6,1.2,0.9,1.3,2.7,0.0,0.0,0.0,0.8,41.3,7.5,0.9,4.5,0.4,0.0,0.0,0.0,0.0,0.0,0.0,0.0,0.0,0.0,0.0,0.0,0.0,0.0,0.0,0.0,0.0,0.0,0.0,0.0,0.0,0.0,0.0,0.0,0.0,0.0,0.0,0.0,0.0,0.0,0.0,0.0,0.0,0.0,0.0,0.0,0.0,0.0,0.0,0.0,0.0,0.0,0.0,0.0,0.0,0.0,0.0,0.0,0.0
2026-01-23 15:39:07,3.0,15.6,running,2.7,1.3,21.3,0.0,2.7,1.3,5.8,0.0,6.2,0.9,2.7,0.4,2.7,0.4,1.3,1.3,3.1,3.5,0.4,0.4,1.3,4.5,0.9,15.2,5.3,0.9,3.1,0.0,4.0,0.9,3.6,2.7,5.3,4.4,3.1,0.0,6.2,0.9,0.9,0.9,0.0,0.4,0.0,42.4,4.9,0.0,0.0,0.0,0.0,0.0,0.0,0.0,0.0,0.0,0.0,0.0,0.0,0.0,0.0,0.0,0.0,0.0,0.0,0.0,0.0,0.0,0.0,0.0,0.0,0.0,0.0,0.0,0.0,0.0,0.0,0.0,0.0,0.0,0.0,0.0,0.0,0.0,0.0,0.0,0.0,0.0,0.0,0.0,0.0,0.0,0.0,0.0,0.0,0.0,0.0,0.0
2026-01-23 15:39:11,3.6,12.5,running,0.4,3.6,19.8,0.0,4.0,4.0,4.5,0.0,3.6,0.0,5.8,0.9,1.8,3.9,0.9,0.9,1.8,1.3,4.5,2.2,3.1,0.4,2.2,13.3,4.0,2.2,1.8,0.0,0.9,0.0,0.9,0.0,3.6,2.2,2.7,0.0,0.0,0.9,0.9,1.3,0.4,3.1,0.0,46.2,2.7,0.4,3.6,0.9,0.0,0.0,0.0,0.0,0.0,0.0,0.0,0.0,0.0,0.0,0.0,0.0,0.0,0.0,0.0,0.0,0.0,0.0,0.0,0.0,0.0,0.0,0.0,0.0,0.0,0.0,0.0,0.0,0.0,0.0,0.0,0.0,0.0,0.0,0.0,0.0,0.0,0.0,0.0,0.0,0.0,0.0,0.0,0.0,0.0,0.0,0.0,0.0
2026-01-23 15:39:14,3.2,28.1,running,2.2,0.9,18.1,0.0,8.4,3.6,3.1,0.0,5.8,0.0,4.4,0.9,0.9,4.1,3.1,1.3,0.4,0.0,0.0,1.3,2.7,0.0,4.0,9.4,4.5,0.0,1.8,3.1,1.8,0.4,0.0,0.8,3.6,0.9,1.8,0.0,3.6,0.0,1.3,0.4,3.6,3.5,2.9,44.5,9.3,2.7,1.8,0.9,0.0,0.0,0.0,0.0,0.0,0.0,0.0,0.0,0.0,0.0,0.0,0.0,0.0,0.0,0.0,0.0,0.0,0.0,0.0,0.0,0.0,0.0,0.0,0.0,0.0,0.0,0.0,0.0,0.0,0.0,0.0,0.0,0.0,0.0,0.0,0.0,0.0,0.0,0.0,0.0,0.0,0.0,0.0,0.0,0.0,0.0,0.0,0.0
2026-01-23 15:39:18,3.5,31.2,running,0.4,0.4,24.4,0.0,3.6,3.6,3.6,0.0,1.8,2.7,2.7,0.0,3.1,0.0,3.5,1.3,1.3,0.4,2.6,0.0,2.2,0.0,1.3,10.7,1.8,3.6,3.6,0.0,1.4,0.0,0.0,1.3,4.4,3.1,2.7,1.7,1.8,4.0,0.9,0.0,0.4,0.0,0.5,42.0,5.9,0.0,4.9,3.6,0.0,0.0,0.0,0.0,0.0,0.0,0.0,0.0,0.0,0.0,0.0,0.0,0.0,0.0,0.0,0.0,0.0,0.0,0.0,0.0,0.0,0.0,0.0,0.0,0.0,0.0,0.0,0.0,0.0,0.0,0.0,0.0,0.0,0.0,0.0,0.0,0.0,0.0,0.0,0.0,0.0,0.0,0.0,0.0,0.0,0.0,0.0,0.0
2026-01-23 15:39:21,2.9,31.2,running,4.5,0.0,16.0,0.0,2.7,0.0,3.1,0.0,1.8,2.7,1.8,0.9,3.6,0.0,0.4,3.6,1.3,0.4,3.1,1.8,0.4,0.9,0.4,12.1,1.3,0.4,4.4,1.8,4.0,0.4,2.7,1.3,6.7,0.9,2.2,0.0,0.4,3.6,1.8,0.0,1.8,2.7,1.8,25.4,2.7,0.0,21.7,0.9,0.0,0.0,0.0,0.0,0.0,0.0,0.0,0.0,0.0,0.0,0.0,0.0,0.0,0.0,0.0,0.0,0.0,0.0,0.0,0.0,0.0,0.0,0.0,0.0,0.0,0.0,0.0,0.0,0.0,0.0,0.0,0.0,0.0,0.0,0.0,0.0,0.0,0.0,0.0,0.0,0.0,0.0,0.0,0.0,0.0,0.0,0.0,0.0
2026-01-23 15:39:25,3.4,28.1,running,13.0,0.4,24.2,0.0,3.6,0.5,3.6,0.0,0.4,1.3,0.9,0.4,3.5,0.0,2.2,0.9,1.3,0.0,2.2,3.9,2.2,0.0,0.9,12.8,1.3,0.0,6.6,0.5,3.1,0.0,0.4,2.2,2.7,1.3,3.6,0.0,0.0,5.3,0.0,0.9,0.4,2.2,0.9,0.0,5.8,3.0,41.3,0.0,0.0,0.0,0.0,0.0,0.0,0.0,0.0,0.0,0.0,0.0,0.0,0.0,0.0,0.0,0.0,0.0,0.0,0.0,0.0,0.0,0.0,0.0,0.0,0.0,0.0,0.0,0.0,0.0,0.0,0.0,0.0,0.0,0.0,0.0,0.0,0.0,0.0,0.0,0.0,0.0,0.0,0.0,0.0,0.0,0.0,0.0,0.0,0.0
2026-01-23 15:39:28,3.2,18.7,running,6.2,0.4,22.0,0.0,4.5,0.9,3.6,0.4,2.7,3.1,0.9,2.2,0.9,3.5,1.3,0.4,0.0,0.0,2.2,5.4,0.9,1.8,0.4,10.7,2.7,2.7,0.9,0.9,4.9,0.0,1.8,0.4,4.4,0.4,1.8,1.8,0.4,0.9,0.9,0.9,2.2,0.4,3.1,0.9,8.4,0.0,45.4,0.0,0.0,0.0,0.0,0.0,0.0,0.0,0.0,0.0,0.0,0.0,0.0,0.0,0.0,0.0,0.0,0.0,0.0,0.0,0.0,0.0,0.0,0.0,0.0,0.0,0.0,0.0,0.0,0.0,0.0,0.0,0.0,0.0,0.0,0.0,0.0,0.0,0.0,0.0,0.0,0.0,0.0,0.0,0.0,0.0,0.0,0.0,0.0,0.0
2026-01-23 15:39:32,3.4,28.1,running,8.5,0.5,20.4,0.0,3.6,0.5,3.6,0.0,2.7,0.9,1.3,0.4,1.3,0.0,0.0,4.4,1.8,0.0,0.0,1.3,2.2,1.3,0.5,10.3,5.0,1.3,1.4,0.4,0.5,0.0,2.7,0.0,2.7,3.6,1.3,0.9,6.7,5.4,1.3,1.8,2.2,0.5,0.0,2.7,3.6,0.4,46.7,0.0,0.0,0.0,0.0,0.0,0.0,0.0,0.0,0.0,0.0,0.0,0.0,0.0,0.0,0.0,0.0,0.0,0.0,0.0,0.0,0.0,0.0,0.0,0.0,0.0,0.0,0.0,0.0,0.0,0.0,0.0,0.0,0.0,0.0,0.0,0.0,0.0,0.0,0.0,0.0,0.0,0.0,0.0,0.0,0.0,0.0,0.0,0.0,0.0
2026-01-23 15:39:35,3.0,31.2,running,5.8,0.4,20.5,0.0,4.0,3.0,2.2,0.0,4.0,0.0,2.7,0.0,0.4,2.2,0.0,3.5,0.9,0.0,0.0,0.0,1.3,1.8,0.0,12.1,4.0,0.9,2.2,3.1,0.4,0.0,2.2,0.4,11.5,0.9,0.9,0.0,0.4,3.1,1.3,0.0,2.7,0.0,2.2,8.8,1.3,2.2,37.5,0.0,0.0,0.0,0.0,0.0,0.0,0.0,0.0,0.0,0.0,0.0,0.0,0.0,0.0,0.0,0.0,0.0,0.0,0.0,0.0,0.0,0.0,0.0,0.0,0.0,0.0,0.0,0.0,0.0,0.0,0.0,0.0,0.0,0.0,0.0,0.0,0.0,0.0,0.0,0.0,0.0,0.0,0.0,0.0,0.0,0.0,0.0,0.0,0.0
2026-01-23 15:39:39,3.1,34.4,running,4.4,0.4,18.2,0.0,2.7,0.9,3.5,0.0,2.2,1.8,6.2,0.4,2.7,0.0,1.3,1.8,0.9,0.0,0.9,4.5,1.3,1.3,0.9,9.3,5.8,4.9,1.8,0.0,3.5,2.2,0.4,4.0,3.6,2.2,4.9,0.0,0.4,4.5,2.2,0.0,2.2,0.0,0.0,36.9,8.8,0.0,1.8,3.6,0.0,0.0,0.0,0.0,0.0,0.0,0.0,0.0,0.0,0.0,0.0,0.0,0.0,0.0,0.0,0.0,0.0,0.0,0.0,0.0,0.0,0.0,0.0,0.0,0.0,0.0,0.0,0.0,0.0,0.0,0.0,0.0,0.0,0.0,0.0,0.0,0.0,0.0,0.0,0.0,0.0,0.0,0.0,0.0,0.0,0.0,0.0,0.0
2026-01-23 15:39:42,3.4,28.1,running,5.8,0.0,24.7,0.3,3.1,3.1,4.0,0.0,4.9,1.8,2.7,2.6,4.0,1.8,0.4,0.9,2.2,0.9,3.1,1.0,1.8,1.0,0.4,13.5,3.6,0.0,7.1,1.3,4.0,1.3,0.4,3.1,6.6,0.9,2.2,0.0,0.4,6.2,4.4,0.0,1.3,4.4,6.2,8.5,1.3,0.0,27.9,0.4,0.0,0.0,0.0,0.0,0.0,0.0,0.0,0.0,0.0,0.0,0.0,0.0,0.0,0.0,0.0,0.0,0.0,0.0,0.0,0.0,0.0,0.0,0.0,0.0,0.0,0.0,0.0,0.0,0.0,0.0,0.0,0.0,0.0,0.0,0.0,0.0,0.0,0.0,0.0,0.0,0.0,0.0,0.0,0.0,0.0,0.0,0.0,0.0
2026-01-23 15:39:46,3.2,21.9,running,5.9,0.0,18.6,0.9,2.7,0.9,8.1,0.0,7.6,1.8,2.2,1.3,3.6,1.8,2.7,6.2,2.2,0.0,0.5,0.4,2.2,0.0,0.0,11.6,0.9,2.2,5.3,1.8,7.1,1.3,3.1,0.4,3.6,2.7,7.1,2.7,4.9,0.0,2.2,0.0,0.4,0.9,0.0,0.0,6.6,0.0,38.4,0.0,0.0,0.0,0.0,0.0,0.0,0.0,0.0,0.0,0.0,0.0,0.0,0.0,0.0,0.0,0.0,0.0,0.0,0.0,0.0,0.0,0.0,0.0,0.0,0.0,0.0,0.0,0.0,0.0,0.0,0.0,0.0,0.0,0.0,0.0,0.0,0.0,0.0,0.0,0.0,0.0,0.0,0.0,0.0,0.0,0.0,0.0,0.0,0.0
2026-01-23 15:39:49,4.2,28.1,running,8.4,0.9,20.8,0.0,1.8,1.8,4.4,0.0,2.7,0.0,3.1,0.4,1.8,0.9,0.0,2.7,3.6,0.0,0.9,2.7,0.9,1.3,2.7,11.1,0.4,6.6,1.8,0.0,3.6,0.4,2.2,0.4,4.0,2.4,4.9,0.0,6.2,0.4,1.8,4.8,3.6,0.0,3.1,0.4,7.2,0.0,38.8,0.4,0.0,0.0,0.0,0.0,0.0,0.0,0.0,0.0,0.0,0.0,0.0,0.0,0.0,0.0,0.0,0.0,0.0,0.0,0.0,0.0,0.0,0.0,0.0,0.0,0.0,0.0,0.0,0.0,0.0,0.0,0.0,0.0,0.0,0.0,0.0,0.0,0.0,0.0,0.0,0.0,0.0,0.0,0.0,0.0,0.0,0.0,0.0,0.0
2026-01-23 15:39:53,4.1,31.2,running,4.9,0.4,17.0,0.0,2.2,2.1,0.9,0.5,0.4,0.6,2.2,0.0,1.4,3.1,0.0,0.9,1.5,1.2,1.3,3.1,1.3,0.6,1.8,12.0,0.0,0.0,0.4,0.6,2.2,0.6,1.8,2.7,3.5,5.3,2.7,0.0,2.2,0.6,0.9,3.7,1.8,3.1,0.9,36.8,9.3,0.0,14.5,0.0,0.0,0.0,0.0,0.0,0.0,0.0,0.0,0.0,0.0,0.0,0.0,0.0,0.0,0.0,0.0,0.0,0.0,0.0,0.0,0.0,0.0,0.0,0.0,0.0,0.0,0.0,0.0,0.0,0.0,0.0,0.0,0.0,0.0,0.0,0.0,0.0,0.0,0.0,0.0,0.0,0.0,0.0,0.0,0.0,0.0,0.0,0.0,0.0
2026-01-23 15:39:56,2.8,28.1,running,6.2,0.9,18.5,0.0,2.7,1.6,4.2,0.0,1.8,2.1,1.3,0.4,2.2,2.4,0.4,0.4,1.2,0.0,0.4,0.0,2.2,0.0,0.4,11.2,3.8,0.0,2.3,1.0,2.3,0.3,3.5,0.9,4.9,0.4,0.4,0.0,0.0,1.0,3.4,0.0,1.8,0.0,2.2,24.7,6.2,0.0,22.3,1.3,0.0,0.0,0.0,0.0,0.0,0.0,0.0,0.0,0.0,0.0,0.0,0.0,0.0,0.0,0.0,0.0,0.0,0.0,0.0,0.0,0.0,0.0,0.0,0.0,0.0,0.0,0.0,0.0,0.0,0.0,0.0,0.0,0.0,0.0,0.0,0.0,0.0,0.0,0.0,0.0,0.0,0.0,0.0,0.0,0.0,0.0,0.0,0.0
2026-01-23 15:40:00,3.7,37.5,running,6.2,1.8,24.1,0.0,6.2,1.8,5.8,0.0,3.1,0.9,3.1,0.0,3.1,0.0,0.4,1.8,0.4,0.0,0.9,0.9,0.0,2.2,0.4,10.8,4.5,2.3,2.2,3.1,2.7,4.9,2.2,1.3,4.4,4.9,3.1,1.8,0.9,0.0,0.0,0.9,3.1,1.3,4.9,0.4,5.3,0.0,40.4,0.0,0.0,0.0,0.0,0.0,0.0,0.0,0.0,0.0,0.0,0.0,0.0,0.0,0.0,0.0,0.0,0.0,0.0,0.0,0.0,0.0,0.0,0.0,0.0,0.0,0.0,0.0,0.0,0.0,0.0,0.0,0.0,0.0,0.0,0.0,0.0,0.0,0.0,0.0,0.0,0.0,0.0,0.0,0.0,0.0,0.0,0.0,0.0,0.0
2026-01-23 15:40:04,3.3,25.0,running,1.3,0.9,16.4,0.0,0.4,0.9,2.7,0.0,3.1,0.9,3.6,0.9,2.7,0.0,1.8,7.6,3.6,0.9,1.3,0.0,1.3,0.0,1.8,12.5,1.3,0.0,2.2,0.0,2.7,0.9,1.3,0.9,4.0,3.1,1.8,0.9,0.0,2.7,0.9,0.9,0.0,1.8,0.0,40.5,6.7,0.0,2.7,3.1,0.0,0.0,0.0,0.0,0.0,0.0,0.0,0.0,0.0,0.0,0.0,0.0,0.0,0.0,0.0,0.0,0.0,0.0,0.0,0.0,0.0,0.0,0.0,0.0,0.0,0.0,0.0,0.0,0.0,0.0,0.0,0.0,0.0,0.0,0.0,0.0,0.0,0.0,0.0,0.0,0.0,0.0,0.0,0.0,0.0,0.0,0.0,0.0
2026-01-23 15:40:07,3.0,28.1,running,4.0,3.6,26.7,0.0,2.2,1.8,3.5,0.0,2.7,1.8,2.2,0.9,1.3,2.2,0.9,0.0,0.4,0.4,0.0,0.9,0.4,1.3,0.9,11.6,1.8,2.7,4.5,0.0,2.7,1.3,1.3,3.6,3.1,1.3,0.9,0.0,0.0,0.0,0.9,1.8,1.3,2.7,1.8,40.9,11.7,0.0,2.2,1.8,0.0,0.0,0.0,0.0,0.0,0.0,0.0,0.0,0.0,0.0,0.0,0.0,0.0,0.0,0.0,0.0,0.0,0.0,0.0,0.0,0.0,0.0,0.0,0.0,0.0,0.0,0.0,0.0,0.0,0.0,0.0,0.0,0.0,0.0,0.0,0.0,0.0,0.0,0.0,0.0,0.0,0.0,0.0,0.0,0.0,0.0,0.0,0.0
2026-01-23 15:40:11,3.4,37.5,running,4.9,0.9,25.8,0.0,3.1,0.0,8.0,0.0,2.2,0.4,4.4,0.4,2.7,0.0,2.2,2.7,2.2,0.0,0.4,1.3,0.4,1.3,0.0,12.1,5.4,0.9,4.5,0.4,1.8,2.2,0.9,1.3,2.7,2.7,9.4,0.0,2.7,3.1,2.7,0.9,2.7,0.9,0.0,39.5,4.9,0.0,5.8,0.0,0.0,0.0,0.0,0.0,0.0,0.0,0.0,0.0,0.0,0.0,0.0,0.0,0.0,0.0,0.0,0.0,0.0,0.0,0.0,0.0,0.0,0.0,0.0,0.0,0.0,0.0,0.0,0.0,0.0,0.0,0.0,0.0,0.0,0.0,0.0,0.0,0.0,0.0,0.0,0.0,0.0,0.0,0.0,0.0,0.0,0.0,0.0,0.0
2026-01-23 15:40:14,4.3,40.6,running,8.0,0.9,21.2,0.9,3.6,3.1,4.4,1.3,1.8,4.0,1.3,1.3,4.5,1.3,2.2,3.6,0.0,3.5,0.0,1.3,1.3,1.3,2.7,10.2,3.6,2.7,6.7,0.0,10.8,0.4,6.3,0.4,2.2,0.9,3.6,0.0,0.5,1.3,0.9,1.8,2.2,4.0,1.3,2.2,0.9,0.0,44.6,0.4,0.0,0.0,0.0,0.0,0.0,0.0,0.0,0.0,0.0,0.0,0.0,0.0,0.0,0.0,0.0,0.0,0.0,0.0,0.0,0.0,0.0,0.0,0.0,0.0,0.0,0.0,0.0,0.0,0.0,0.0,0.0,0.0,0.0,0.0,0.0,0.0,0.0,0.0,0.0,0.0,0.0,0.0,0.0,0.0,0.0,0.0,0.0,0.0
2026-01-23 15:40:18,2.8,40.6,running,5.4,3.5,19.1,0.0,4.5,0.4,4.5,0.0,0.9,0.4,1.8,0.9,1.3,0.4,0.9,1.3,0.0,1.3,3.1,0.4,0.4,3.1,0.9,12.4,0.4,4.9,4.0,2.2,1.8,0.4,1.3,6.2,2.2,0.9,1.8,3.1,2.8,3.6,2.7,0.9,0.0,4.0,4.4,0.0,2.7,0.0,40.7,0.4,0.0,0.0,0.0,0.0,0.0,0.0,0.0,0.0,0.0,0.0,0.0,0.0,0.0,0.0,0.0,0.0,0.0,0.0,0.0,0.0,0.0,0.0,0.0,0.0,0.0,0.0,0.0,0.0,0.0,0.0,0.0,0.0,0.0,0.0,0.0,0.0,0.0,0.0,0.0,0.0,0.0,0.0,0.0,0.0,0.0,0.0,0.0,0.0
2026-01-23 15:40:21,3.2,31.2,running,5.3,1.8,20.4,0.0,5.8,1.8,8.0,0.0,2.7,0.0,4.5,1.3,2.7,0.4,0.4,0.9,0.9,4.0,0.0,0.4,0.9,1.3,2.7,11.2,1.3,2.7,0.9,0.9,3.6,0.0,0.0,0.9,3.6,3.6,0.4,3.6,0.4,6.2,4.9,0.0,3.5,0.0,0.5,13.3,3.1,0.0,30.6,0.0,0.0,0.0,0.0,0.0,0.0,0.0,0.0,0.0,0.0,0.0,0.0,0.0,0.0,0.0,0.0,0.0,0.0,0.0,0.0,0.0,0.0,0.0,0.0,0.0,0.0,0.0,0.0,0.0,0.0,0.0,0.0,0.0,0.0,0.0,0.0,0.0,0.0,0.0,0.0,0.0,0.0,0.0,0.0,0.0,0.0,0.0,0.0,0.0
2026-01-23 15:40:25,2.9,21.8,running,0.4,0.0,19.5,0.0,4.5,0.4,6.7,0.0,1.3,0.0,0.0,1.3,1.3,0.4,1.3,0.0,2.2,1.3,0.4,0.4,2.7,0.4,0.9,15.5,8.4,0.0,1.3,1.3,3.7,0.0,0.0,4.0,4.9,0.0,1.3,1.3,2.7,1.8,1.3,1.3,0.4,3.6,0.0,43.4,2.2,0.0,5.8,0.0,0.0,0.0,0.0,0.0,0.0,0.0,0.0,0.0,0.0,0.0,0.0,0.0,0.0,0.0,0.0,0.0,0.0,0.0,0.0,0.0,0.0,0.0,0.0,0.0,0.0,0.0,0.0,0.0,0.0,0.0,0.0,0.0,0.0,0.0,0.0,0.0,0.0,0.0,0.0,0.0,0.0,0.0,0.0,0.0,0.0,0.0,0.0,0.0
2026-01-23 15:40:28,3.4,21.9,running,6.2,2.7,26.5,0.0,4.9,0.9,4.4,0.0,5.3,0.4,2.2,1.8,2.7,0.0,0.9,2.2,0.0,0.0,1.3,0.4,0.0,2.7,0.0,13.0,4.9,0.0,0.9,2.2,0.9,6.7,0.0,3.6,5.8,2.5,4.0,4.0,3.6,4.0,3.1,0.4,0.9,0.0,0.0,8.9,0.4,0.0,35.4,0.0,0.0,0.0,0.0,0.0,0.0,0.0,0.0,0.0,0.0,0.0,0.0,0.0,0.0,0.0,0.0,0.0,0.0,0.0,0.0,0.0,0.0,0.0,0.0,0.0,0.0,0.0,0.0,0.0,0.0,0.0,0.0,0.0,0.0,0.0,0.0,0.0,0.0,0.0,0.0,0.0,0.0,0.0,0.0,0.0,0.0,0.0,0.0,0.0
2026-01-23 15:40:32,3.2,34.3,running,5.4,1.3,22.0,0.9,3.1,1.8,4.5,0.0,3.1,0.0,3.1,0.0,4.5,0.0,1.3,1.8,0.0,0.0,0.9,2.7,0.4,0.4,0.4,11.6,3.6,0.0,2.7,2.2,2.2,2.7,0.9,0.0,2.7,4.5,3.1,0.0,0.9,2.7,0.0,1.8,0.9,0.0,4.9,19.0,5.3,0.9,28.1,0.9,0.0,0.0,0.0,0.0,0.0,0.0,0.0,0.0,0.0,0.0,0.0,0.0,0.0,0.0,0.0,0.0,0.0,0.0,0.0,0.0,0.0,0.0,0.0,0.0,0.0,0.0,0.0,0.0,0.0,0.0,0.0,0.0,0.0,0.0,0.0,0.0,0.0,0.0,0.0,0.0,0.0,0.0,0.0,0.0,0.0,0.0,0.0,0.0
2026-01-23 15:40:35,4.1,25.0,running,2.2,2.2,19.0,0.0,3.1,1.8,4.0,0.0,3.6,6.2,0.9,0.9,2.2,1.1,0.9,3.6,1.3,0.0,2.6,2.2,0.0,3.2,2.2,10.3,2.2,0.0,6.2,2.1,0.0,1.3,0.0,1.9,3.1,2.2,5.3,0.0,1.8,3.6,4.5,3.2,2.7,0.0,1.1,39.6,4.0,0.0,0.5,1.8,0.0,0.0,0.0,0.0,0.0,0.0,0.0,0.0,0.0,0.0,0.0,0.0,0.0,0.0,0.0,0.0,0.0,0.0,0.0,0.0,0.0,0.0,0.0,0.0,0.0,0.0,0.0,0.0,0.0,0.0,0.0,0.0,0.0,0.0,0.0,0.0,0.0,0.0,0.0,0.0,0.0,0.0,0.0,0.0,0.0,0.0,0.0,0.0
2026-01-23 15:40:39,3.5,25.0,running,4.9,0.0,19.0,0.0,6.7,0.9,4.9,0.0,6.7,3.1,5.4,0.9,1.8,0.0,0.9,2.7,1.8,0.7,3.5,0.0,0.9,0.0,0.0,12.1,3.1,0.0,1.8,3.5,2.7,1.3,1.8,0.0,0.9,0.0,1.8,2.3,2.2,0.4,1.8,0.8,0.9,1.3,0.8,5.8,2.2,0.0,35.6,0.0,0.0,0.0,0.0,0.0,0.0,0.0,0.0,0.0,0.0,0.0,0.0,0.0,0.0,0.0,0.0,0.0,0.0,0.0,0.0,0.0,0.0,0.0,0.0,0.0,0.0,0.0,0.0,0.0,0.0,0.0,0.0,0.0,0.0,0.0,0.0,0.0,0.0,0.0,0.0,0.0,0.0,0.0,0.0,0.0,0.0,0.0,0.0,0.0
2026-01-23 15:40:42,3.2,28.1,running,4.0,0.9,22.7,0.0,5.3,0.4,3.6,0.0,3.6,0.0,2.2,0.4,6.2,4.9,0.0,1.3,0.4,1.8,1.8,2.7,0.0,0.0,0.0,11.6,2.2,0.0,1.8,3.1,0.4,0.9,0.0,0.0,1.3,3.6,3.6,0.0,0.4,1.3,0.9,2.2,0.4,3.6,1.3,1.3,4.8,0.0,46.2,0.4,0.0,0.0,0.0,0.0,0.0,0.0,0.0,0.0,0.0,0.0,0.0,0.0,0.0,0.0,0.0,0.0,0.0,0.0,0.0,0.0,0.0,0.0,0.0,0.0,0.0,0.0,0.0,0.0,0.0,0.0,0.0,0.0,0.0,0.0,0.0,0.0,0.0,0.0,0.0,0.0,0.0,0.0,0.0,0.0,0.0,0.0,0.0,0.0
2026-01-23 15:40:46,3.3,21.8,running,12.5,0.0,22.8,0.0,6.3,0.9,7.5,0.0,4.9,2.2,1.8,0.4,7.2,0.0,0.4,0.4,0.4,0.9,0.0,0.9,2.2,0.4,0.4,8.9,6.3,3.5,1.8,0.0,5.3,1.3,0.0,0.0,2.7,2.2,2.2,5.3,0.4,6.0,1.8,0.9,0.9,0.4,0.9,5.3,2.2,0.0,35.1,1.8,0.0,0.0,0.0,0.0,0.0,0.0,0.0,0.0,0.0,0.0,0.0,0.0,0.0,0.0,0.0,0.0,0.0,0.0,0.0,0.0,0.0,0.0,0.0,0.0,0.0,0.0,0.0,0.0,0.0,0.0,0.0,0.0,0.0,0.0,0.0,0.0,0.0,0.0,0.0,0.0,0.0,0.0,0.0,0.0,0.0,0.0,0.0,0.0
2026-01-23 15:40:49,3.4,15.6,running,0.9,0.0,20.3,0.5,4.9,0.9,8.8,0.0,3.6,0.0,1.8,0.9,0.9,3.1,0.9,0.4,4.9,3.1,2.2,0.0,0.4,0.0,0.4,12.0,3.5,2.2,1.8,0.4,5.4,0.0,0.4,0.4,8.4,1.3,0.4,0.5,1.3,0.0,0.4,0.0,1.3,2.7,0.4,40.2,8.0,0.0,2.7,0.5,0.0,0.0,0.0,0.0,0.0,0.0,0.0,0.0,0.0,0.0,0.0,0.0,0.0,0.0,0.0,0.0,0.0,0.0,0.0,0.0,0.0,0.0,0.0,0.0,0.0,0.0,0.0,0.0,0.0,0.0,0.0,0.0,0.0,0.0,0.0,0.0,0.0,0.0,0.0,0.0,0.0,0.0,0.0,0.0,0.0,0.0,0.0,0.0
2026-01-23 15:40:53,2.6,28.1,running,6.6,1.3,19.1,0.0,5.8,0.0,1.8,0.0,3.1,0.0,2.2,1.3,2.2,1.3,0.0,1.8,3.1,1.9,2.2,0.0,3.5,0.4,0.9,10.3,4.0,0.4,1.3,0.4,1.8,0.0,0.0,0.4,7.1,3.6,1.3,1.3,0.4,2.2,1.8,0.0,1.3,3.1,0.0,20.6,8.9,0.0,27.3,0.4,0.0,0.0,0.0,0.0,0.0,0.0,0.0,0.0,0.0,0.0,0.0,0.0,0.0,0.0,0.0,0.0,0.0,0.0,0.0,0.0,0.0,0.0,0.0,0.0,0.0,0.0,0.0,0.0,0.0,0.0,0.0,0.0,0.0,0.0,0.0,0.0,0.0,0.0,0.0,0.0,0.0,0.0,0.0,0.0,0.0,0.0,0.0,0.0
2026-01-23 15:40:56,4.0,28.1,running,2.7,0.9,22.1,0.0,4.5,2.2,4.9,0.4,4.0,0.4,0.9,2.7,4.0,0.4,1.3,0.4,0.4,0.0,2.2,5.8,0.9,0.0,4.4,11.6,3.5,1.3,4.0,0.4,3.1,4.0,3.6,0.9,2.7,4.0,3.5,0.0,2.7,2.2,1.3,0.0,3.1,0.4,0.0,9.3,3.6,0.0,35.9,1.8,0.0,0.0,0.0,0.0,0.0,0.0,0.0,0.0,0.0,0.0,0.0,0.0,0.0,0.0,0.0,0.0,0.0,0.0,0.0,0.0,0.0,0.0,0.0,0.0,0.0,0.0,0.0,0.0,0.0,0.0,0.0,0.0,0.0,0.0,0.0,0.0,0.0,0.0,0.0,0.0,0.0,0.0,0.0,0.0,0.0,0.0,0.0,0.0
2026-01-23 15:41:00,3.1,28.1,running,1.3,0.0,23.5,0.0,3.2,3.1,3.6,0.0,4.0,2.2,3.2,0.4,2.7,0.0,0.4,0.9,0.0,1.8,0.0,0.4,1.3,0.9,1.8,8.9,1.8,3.1,2.7,0.4,0.9,0.0,2.2,0.0,5.3,1.4,1.8,8.0,1.3,0.9,0.9,0.9,1.3,3.1,0.9,44.4,7.9,0.0,0.9,0.4,0.0,0.0,0.0,0.0,0.0,0.0,0.0,0.0,0.0,0.0,0.0,0.0,0.0,0.0,0.0,0.0,0.0,0.0,0.0,0.0,0.0,0.0,0.0,0.0,0.0,0.0,0.0,0.0,0.0,0.0,0.0,0.0,0.0,0.0,0.0,0.0,0.0,0.0,0.0,0.0,0.0,0.0,0.0,0.0,0.0,0.0,0.0,0.0
2026-01-23 15:41:03,3.7,15.6,running,4.0,0.4,21.5,0.0,3.6,0.0,6.7,0.0,3.1,0.4,0.9,1.8,1.8,0.9,2.2,2.7,1.3,0.0,4.0,0.4,2.7,2.7,0.9,12.8,1.8,3.1,3.6,0.9,3.1,4.0,0.4,0.4,3.1,1.8,5.4,6.3,2.2,5.8,1.8,6.2,5.3,4.5,1.3,13.5,2.2,0.0,31.9,0.0,0.0,0.0,0.0,0.0,0.0,0.0,0.0,0.0,0.0,0.0,0.0,0.0,0.0,0.0,0.0,0.0,0.0,0.0,0.0,0.0,0.0,0.0,0.0,0.0,0.0,0.0,0.0,0.0,0.0,0.0,0.0,0.0,0.0,0.0,0.0,0.0,0.0,0.0,0.0,0.0,0.0,0.0,0.0,0.0,0.0,0.0,0.0,0.0
2026-01-23 15:41:07,3.2,25.0,running,7.6,0.4,20.9,0.0,8.4,0.4,4.0,0.0,3.1,0.5,3.1,0.4,0.4,1.3,2.2,2.2,0.0,0.0,0.4,0.9,4.8,0.9,0.0,12.1,4.4,4.9,0.4,1.8,3.6,2.2,0.0,0.4,1.8,0.4,1.3,1.8,0.0,4.4,1.3,0.0,0.0,1.3,1.3,3.1,5.8,0.0,44.7,0.9,0.0,0.0,0.0,0.0,0.0,0.0,0.0,0.0,0.0,0.0,0.0,0.0,0.0,0.0,0.0,0.0,0.0,0.0,0.0,0.0,0.0,0.0,0.0,0.0,0.0,0.0,0.0,0.0,0.0,0.0,0.0,0.0,0.0,0.0,0.0,0.0,0.0,0.0,0.0,0.0,0.0,0.0,0.0,0.0,0.0,0.0,0.0,0.0
2026-01-23 15:41:10,3.6,37.5,running,4.9,0.4,21.3,0.0,3.6,0.9,7.1,0.0,2.2,0.0,7.9,0.4,2.7,0.0,0.0,1.8,0.9,3.6,0.0,0.0,3.1,2.7,1.8,13.3,4.9,2.7,1.8,1.8,1.8,0.4,0.0,0.9,3.1,0.9,5.3,2.7,3.1,1.8,3.6,0.8,1.3,3.1,0.9,1.8,0.9,0.4,40.9,0.0,0.0,0.0,0.0,0.0,0.0,0.0,0.0,0.0,0.0,0.0,0.0,0.0,0.0,0.0,0.0,0.0,0.0,0.0,0.0,0.0,0.0,0.0,0.0,0.0,0.0,0.0,0.0,0.0,0.0,0.0,0.0,0.0,0.0,0.0,0.0,0.0,0.0,0.0,0.0,0.0,0.0,0.0,0.0,0.0,0.0,0.0,0.0,0.0
2026-01-23 15:41:14,3.1,37.4,running,2.7,2.2,15.6,0.8,4.0,1.8,3.1,0.9,4.0,2.2,5.4,1.3,5.8,0.7,1.3,4.0,4.0,0.9,1.3,3.1,2.2,1.9,2.2,15.9,6.2,3.1,4.4,3.1,1.8,1.8,3.6,1.3,4.0,5.4,2.2,2.2,1.3,8.4,1.3,4.4,2.2,0.9,2.2,43.1,4.4,0.9,7.5,3.5,0.0,0.0,0.0,0.0,0.0,0.0,0.0,0.0,0.0,0.0,0.0,0.0,0.0,0.0,0.0,0.0,0.0,0.0,0.0,0.0,0.0,0.0,0.0,0.0,0.0,0.0,0.0,0.0,0.0,0.0,0.0,0.0,0.0,0.0,0.0,0.0,0.0,0.0,0.0,0.0,0.0,0.0,0.0,0.0,0.0,0.0,0.0,0.0
2026-01-23 15:41:17,3.6,28.1,running,6.6,2.2,23.0,0.0,6.6,1.8,3.1,0.0,3.1,0.0,10.3,0.9,2.7,1.4,0.0,0.4,3.1,0.9,6.2,0.0,1.3,0.0,1.3,16.5,2.2,5.4,2.2,0.0,3.1,0.9,0.4,3.1,4.0,1.4,2.7,5.8,0.9,2.7,1.3,0.0,0.4,0.4,0.5,40.9,1.8,0.0,3.6,1.3,0.0,0.0,0.0,0.0,0.0,0.0,0.0,0.0,0.0,0.0,0.0,0.0,0.0,0.0,0.0,0.0,0.0,0.0,0.0,0.0,0.0,0.0,0.0,0.0,0.0,0.0,0.0,0.0,0.0,0.0,0.0,0.0,0.0,0.0,0.0,0.0,0.0,0.0,0.0,0.0,0.0,0.0,0.0,0.0,0.0,0.0,0.0,0.0
2026-01-23 15:41:21,3.4,37.5,running,4.0,0.9,24.3,0.0,4.5,0.9,6.7,0.0,6.2,0.9,7.1,0.4,2.2,1.3,3.6,1.8,0.4,0.9,0.0,2.2,0.0,0.0,2.2,9.4,1.8,0.0,1.3,2.2,0.0,4.0,2.2,0.9,7.1,1.3,4.0,6.2,0.4,2.7,2.7,1.3,3.1,0.9,0.0,41.3,5.4,0.0,1.8,2.7,0.0,0.0,0.0,0.0,0.0,0.0,0.0,0.0,0.0,0.0,0.0,0.0,0.0,0.0,0.0,0.0,0.0,0.0,0.0,0.0,0.0,0.0,0.0,0.0,0.0,0.0,0.0,0.0,0.0,0.0,0.0,0.0,0.0,0.0,0.0,0.0,0.0,0.0,0.0,0.0,0.0,0.0,0.0,0.0,0.0,0.0,0.0,0.0
2026-01-23 15:41:24,3.5,25.0,running,10.2,0.0,17.9,0.0,1.8,0.4,4.4,0.0,3.1,2.7,4.4,0.4,3.1,0.0,1.3,0.4,0.9,1.3,1.8,1.3,0.0,4.9,2.2,12.8,2.7,0.0,1.3,0.4,2.2,1.3,0.4,1.8,11.6,2.2,1.3,0.4,0.0,6.7,1.3,0.9,2.2,3.6,0.4,0.0,1.3,0.0,42.4,0.0,0.0,0.0,0.0,0.0,0.0,0.0,0.0,0.0,0.0,0.0,0.0,0.0,0.0,0.0,0.0,0.0,0.0,0.0,0.0,0.0,0.0,0.0,0.0,0.0,0.0,0.0,0.0,0.0,0.0,0.0,0.0,0.0,0.0,0.0,0.0,0.0,0.0,0.0,0.0,0.0,0.0,0.0,0.0,0.0,0.0,0.0,0.0,0.0
2026-01-23 15:41:28,3.8,25.0,running,8.5,0.4,26.8,0.0,5.3,0.4,6.7,0.4,2.7,3.6,5.4,1.8,1.3,1.4,0.9,4.9,0.4,1.8,3.1,0.0,1.3,0.0,4.4,10.3,3.1,0.4,1.3,2.7,0.9,4.4,0.0,0.0,6.2,0.9,0.9,0.9,0.0,0.4,0.4,0.9,0.0,1.3,1.8,2.2,2.2,0.0,38.7,1.8,0.0,0.0,0.0,0.0,0.0,0.0,0.0,0.0,0.0,0.0,0.0,0.0,0.0,0.0,0.0,0.0,0.0,0.0,0.0,0.0,0.0,0.0,0.0,0.0,0.0,0.0,0.0,0.0,0.0,0.0,0.0,0.0,0.0,0.0,0.0,0.0,0.0,0.0,0.0,0.0,0.0,0.0,0.0,0.0,0.0,0.0,0.0,0.0
2026-01-23 15:41:31,3.9,31.2,running,9.7,0.0,23.7,0.0,3.6,1.3,5.4,0.0,3.6,0.0,2.7,1.8,1.8,0.9,2.7,4.8,1.8,0.9,1.3,5.3,3.1,0.0,0.4,12.4,3.6,1.3,4.0,4.0,0.9,1.8,0.4,0.0,3.5,1.8,0.0,0.0,1.3,3.1,0.4,0.0,2.7,0.9,1.3,1.3,0.4,0.0,45.8,0.9,0.0,0.0,0.0,0.0,0.0,0.0,0.0,0.0,0.0,0.0,0.0,0.0,0.0,0.0,0.0,0.0,0.0,0.0,0.0,0.0,0.0,0.0,0.0,0.0,0.0,0.0,0.0,0.0,0.0,0.0,0.0,0.0,0.0,0.0,0.0,0.0,0.0,0.0,0.0,0.0,0.0,0.0,0.0,0.0,0.0,0.0,0.0,0.0
2026-01-23 15:41:35,3.1,25.0,running,5.3,0.9,22.1,0.0,3.1,0.4,8.0,0.0,2.2,0.0,3.1,0.9,0.9,0.0,1.8,0.4,2.7,1.8,2.2,4.5,0.4,0.0,0.0,11.6,1.3,0.9,4.1,3.2,0.9,4.0,2.2,0.0,4.9,4.0,1.3,1.3,0.4,3.1,4.0,0.0,2.2,0.0,0.9,0.9,2.2,0.0,41.4,0.9,0.0,0.0,0.0,0.0,0.0,0.0,0.0,0.0,0.0,0.0,0.0,0.0,0.0,0.0,0.0,0.0,0.0,0.0,0.0,0.0,0.0,0.0,0.0,0.0,0.0,0.0,0.0,0.0,0.0,0.0,0.0,0.0,0.0,0.0,0.0,0.0,0.0,0.0,0.0,0.0,0.0,0.0,0.0,0.0,0.0,0.0,0.0,0.0
2026-01-23 15:41:38,3.0,25.0,running,3.6,0.0,17.8,0.0,4.0,0.0,7.1,0.0,6.7,0.0,2.7,0.4,1.3,1.3,1.8,0.0,1.3,0.0,0.0,0.9,0.9,0.0,6.2,11.1,4.5,1.3,1.8,1.8,6.0,3.5,1.3,0.0,5.3,3.1,3.6,0.0,4.5,3.1,1.3,0.0,0.0,3.1,0.0,30.1,5.8,0.0,17.0,0.0,0.0,0.0,0.0,0.0,0.0,0.0,0.0,0.0,0.0,0.0,0.0,0.0,0.0,0.0,0.0,0.0,0.0,0.0,0.0,0.0,0.0,0.0,0.0,0.0,0.0,0.0,0.0,0.0,0.0,0.0,0.0,0.0,0.0,0.0,0.0,0.0,0.0,0.0,0.0,0.0,0.0,0.0,0.0,0.0,0.0,0.0,0.0,0.0
2026-01-23 15:41:42,3.7,25.0,running,6.2,0.0,21.7,0.0,1.8,0.9,2.2,0.0,2.2,0.5,3.6,0.4,1.3,0.0,0.5,0.0,2.2,3.5,0.0,0.0,4.0,4.0,0.9,9.4,1.8,5.8,0.0,0.4,1.3,2.0,1.5,0.0,7.5,2.2,6.7,0.0,0.5,5.6,4.0,0.5,3.1,0.0,1.3,30.7,9.1,0.0,12.9,2.2,0.0,0.0,0.0,0.0,0.0,0.0,0.0,0.0,0.0,0.0,0.0,0.0,0.0,0.0,0.0,0.0,0.0,0.0,0.0,0.0,0.0,0.0,0.0,0.0,0.0,0.0,0.0,0.0,0.0,0.0,0.0,0.0,0.0,0.0,0.0,0.0,0.0,0.0,0.0,0.0,0.0,0.0,0.0,0.0,0.0,0.0,0.0,0.0
2026-01-23 15:41:45,3.0,31.2,running,12.1,1.8,20.8,0.0,3.1,0.9,6.7,0.0,1.8,0.4,1.8,2.2,1.8,1.2,1.7,2.2,2.7,0.0,0.8,0.0,3.6,0.0,4.0,13.3,0.0,0.9,1.8,0.9,0.9,2.4,2.8,0.0,5.8,4.4,5.3,2.0,3.3,0.9,0.9,0.4,4.4,0.4,0.0,2.7,0.4,1.6,37.6,1.8,0.0,0.0,0.0,0.0,0.0,0.0,0.0,0.0,0.0,0.0,0.0,0.0,0.0,0.0,0.0,0.0,0.0,0.0,0.0,0.0,0.0,0.0,0.0,0.0,0.0,0.0,0.0,0.0,0.0,0.0,0.0,0.0,0.0,0.0,0.0,0.0,0.0,0.0,0.0,0.0,0.0,0.0,0.0,0.0,0.0,0.0,0.0,0.0
2026-01-23 15:41:49,3.7,34.4,running,4.9,0.0,19.2,0.0,5.4,7.6,6.2,0.4,1.8,0.5,1.3,1.3,6.2,1.8,4.0,0.9,5.3,1.3,0.0,1.3,3.1,0.5,0.0,11.6,1.8,3.1,2.7,0.4,4.5,1.8,2.7,4.0,5.3,0.4,1.3,0.4,1.8,0.4,3.1,5.4,0.4,0.9,0.0,0.4,4.0,0.9,41.2,0.0,0.0,0.0,0.0,0.0,0.0,0.0,0.0,0.0,0.0,0.0,0.0,0.0,0.0,0.0,0.0,0.0,0.0,0.0,0.0,0.0,0.0,0.0,0.0,0.0,0.0,0.0,0.0,0.0,0.0,0.0,0.0,0.0,0.0,0.0,0.0,0.0,0.0,0.0,0.0,0.0,0.0,0.0,0.0,0.0,0.0,0.0,0.0,0.0
2026-01-23 15:41:52,3.8,28.1,running,8.9,0.9,24.9,0.0,4.0,2.7,5.3,0.0,3.6,0.0,2.7,0.4,4.0,0.6,2.2,0.4,0.4,0.9,0.0,2.2,3.6,0.0,2.7,12.9,1.3,0.0,5.3,0.9,0.9,4.4,2.2,4.5,10.1,0.0,0.9,0.4,0.0,3.1,0.9,4.5,4.0,0.4,0.0,1.8,0.4,0.4,45.7,0.0,0.0,0.0,0.0,0.0,0.0,0.0,0.0,0.0,0.0,0.0,0.0,0.0,0.0,0.0,0.0,0.0,0.0,0.0,0.0,0.0,0.0,0.0,0.0,0.0,0.0,0.0,0.0,0.0,0.0,0.0,0.0,0.0,0.0,0.0,0.0,0.0,0.0,0.0,0.0,0.0,0.0,0.0,0.0,0.0,0.0,0.0,0.0,0.0
2026-01-23 15:41:56,3.2,34.3,running,11.2,0.4,23.7,0.0,5.8,0.4,7.2,0.4,4.5,0.0,3.6,0.9,3.1,1.8,0.9,4.0,0.0,0.0,0.0,1.3,1.3,0.0,0.0,11.1,0.9,0.0,1.3,2.7,0.9,4.9,1.3,2.7,7.1,2.7,1.3,0.0,0.4,5.3,1.8,0.0,2.2,1.8,2.7,0.0,2.2,1.3,43.6,0.9,0.0,0.0,0.0,0.0,0.0,0.0,0.0,0.0,0.0,0.0,0.0,0.0,0.0,0.0,0.0,0.0,0.0,0.0,0.0,0.0,0.0,0.0,0.0,0.0,0.0,0.0,0.0,0.0,0.0,0.0,0.0,0.0,0.0,0.0,0.0,0.0,0.0,0.0,0.0,0.0,0.0,0.0,0.0,0.0,0.0,0.0,0.0,0.0
2026-01-23 15:41:59,3.2,28.1,running,4.0,0.9,30.4,0.0,3.6,1.8,5.3,0.0,8.4,0.0,2.2,0.0,2.7,0.0,1.3,1.8,0.0,2.7,0.9,0.0,4.0,2.7,0.4,16.0,3.1,0.4,0.9,0.0,0.9,0.9,0.4,1.8,4.4,0.4,0.0,0.4,0.0,1.8,0.4,4.4,0.4,0.0,2.7,37.4,5.3,2.2,9.3,0.0,0.0,0.0,0.0,0.0,0.0,0.0,0.0,0.0,0.0,0.0,0.0,0.0,0.0,0.0,0.0,0.0,0.0,0.0,0.0,0.0,0.0,0.0,0.0,0.0,0.0,0.0,0.0,0.0,0.0,0.0,0.0,0.0,0.0,0.0,0.0,0.0,0.0,0.0,0.0,0.0,0.0,0.0,0.0,0.0,0.0,0.0,0.0,0.0
2026-01-23 15:42:03,3.4,21.9,running,7.1,0.9,24.0,0.0,3.1,0.4,5.3,0.0,2.7,0.0,2.7,2.2,4.5,0.0,2.2,1.3,0.4,0.4,0.4,0.0,0.0,0.0,1.3,11.2,4.4,0.0,1.3,0.0,3.6,1.3,2.7,0.0,6.6,4.0,2.2,0.0,4.0,1.8,3.1,0.4,0.4,4.4,0.9,21.1,6.3,0.0,25.3,1.3,0.0,0.0,0.0,0.0,0.0,0.0,0.0,0.0,0.0,0.0,0.0,0.0,0.0,0.0,0.0,0.0,0.0,0.0,0.0,0.0,0.0,0.0,0.0,0.0,0.0,0.0,0.0,0.0,0.0,0.0,0.0,0.0,0.0,0.0,0.0,0.0,0.0,0.0,0.0,0.0,0.0,0.0,0.0,0.0,0.0,0.0,0.0,0.0
2026-01-23 15:42:06,3.5,34.3,running,8.5,0.4,24.3,0.0,4.5,1.3,4.0,0.0,3.6,0.0,12.9,0.9,4.9,2.2,4.5,0.4,1.8,0.0,0.0,0.0,0.9,4.0,2.2,12.9,6.7,1.8,2.2,1.3,0.4,3.6,0.9,2.2,7.5,3.1,4.9,0.9,3.1,3.6,8.0,0.0,1.8,3.1,3.6,3.6,3.6,0.4,35.4,0.4,0.0,0.0,0.0,0.0,0.0,0.0,0.0,0.0,0.0,0.0,0.0,0.0,0.0,0.0,0.0,0.0,0.0,0.0,0.0,0.0,0.0,0.0,0.0,0.0,0.0,0.0,0.0,0.0,0.0,0.0,0.0,0.0,0.0,0.0,0.0,0.0,0.0,0.0,0.0,0.0,0.0,0.0,0.0,0.0,0.0,0.0,0.0,0.0
2026-01-23 15:42:10,3.0,18.7,running,7.1,1.8,21.3,0.0,8.0,2.3,7.1,0.0,2.7,0.0,4.0,1.3,1.3,6.7,4.8,0.4,1.3,0.0,2.1,1.8,1.3,1.8,0.9,11.6,1.3,0.4,3.6,1.8,3.6,4.0,0.4,0.9,3.1,0.5,0.9,1.8,2.7,0.0,0.4,3.1,0.9,0.4,0.0,1.8,1.8,2.2,42.7,0.9,0.0,0.0,0.0,0.0,0.0,0.0,0.0,0.0,0.0,0.0,0.0,0.0,0.0,0.0,0.0,0.0,0.0,0.0,0.0,0.0,0.0,0.0,0.0,0.0,0.0,0.0,0.0,0.0,0.0,0.0,0.0,0.0,0.0,0.0,0.0,0.0,0.0,0.0,0.0,0.0,0.0,0.0,0.0,0.0,0.0,0.0,0.0,0.0
2026-01-23 15:42:13,3.5,18.7,running,8.5,3.1,22.2,0.0,4.9,0.4,1.8,0.0,2.7,0.0,1.3,0.4,2.7,3.1,1.8,6.2,0.4,1.3,0.9,3.1,1.3,0.0,0.0,11.9,0.9,1.3,4.0,1.8,2.2,0.4,2.7,0.0,5.3,1.3,0.0,0.4,0.0,1.8,0.4,0.4,3.6,2.2,1.3,25.2,3.6,0.0,15.2,3.1,0.0,0.0,0.0,0.0,0.0,0.0,0.0,0.0,0.0,0.0,0.0,0.0,0.0,0.0,0.0,0.0,0.0,0.0,0.0,0.0,0.0,0.0,0.0,0.0,0.0,0.0,0.0,0.0,0.0,0.0,0.0,0.0,0.0,0.0,0.0,0.0,0.0,0.0,0.0,0.0,0.0,0.0,0.0,0.0,0.0,0.0,0.0,0.0
2026-01-23 15:42:17,3.3,25.0,running,3.6,1.3,22.5,0.0,4.9,1.8,8.5,0.0,4.5,0.4,0.9,0.4,2.7,0.0,2.2,0.9,0.9,4.4,1.3,2.7,0.9,0.9,0.4,10.7,1.8,3.1,0.9,0.9,1.8,0.0,3.1,3.1,9.2,0.4,4.0,0.0,1.8,0.0,1.3,3.1,0.4,0.0,0.0,39.3,8.0,0.0,0.4,3.1,0.0,0.0,0.0,0.0,0.0,0.0,0.0,0.0,0.0,0.0,0.0,0.0,0.0,0.0,0.0,0.0,0.0,0.0,0.0,0.0,0.0,0.0,0.0,0.0,0.0,0.0,0.0,0.0,0.0,0.0,0.0,0.0,0.0,0.0,0.0,0.0,0.0,0.0,0.0,0.0,0.0,0.0,0.0,0.0,0.0,0.0,0.0,0.0
2026-01-23 15:42:20,3.2,31.2,running,4.9,1.3,28.8,0.0,4.9,1.3,8.0,0.4,2.6,0.0,2.2,1.8,1.8,1.8,0.4,2.2,3.6,0.0,2.2,1.8,0.4,2.7,0.4,10.3,1.8,0.4,4.4,0.4,1.8,0.0,0.0,0.4,5.3,8.0,8.4,0.0,3.1,2.7,1.3,0.4,0.0,0.0,0.0,40.0,3.1,1.3,1.3,3.1,0.0,0.0,0.0,0.0,0.0,0.0,0.0,0.0,0.0,0.0,0.0,0.0,0.0,0.0,0.0,0.0,0.0,0.0,0.0,0.0,0.0,0.0,0.0,0.0,0.0,0.0,0.0,0.0,0.0,0.0,0.0,0.0,0.0,0.0,0.0,0.0,0.0,0.0,0.0,0.0,0.0,0.0,0.0,0.0,0.0,0.0,0.0,0.0
2026-01-23 15:42:24,3.4,28.1,running,8.9,0.0,18.7,0.0,2.3,2.2,3.1,0.0,3.6,0.0,0.0,2.2,0.9,0.0,0.0,4.0,0.9,0.9,0.4,2.7,3.6,0.9,0.9,11.6,2.3,2.2,5.3,0.4,5.9,0.9,1.3,0.0,2.2,0.0,5.0,0.0,3.1,0.0,1.8,4.9,0.9,1.3,0.0,44.6,2.7,0.0,5.4,3.6,0.0,0.0,0.0,0.0,0.0,0.0,0.0,0.0,0.0,0.0,0.0,0.0,0.0,0.0,0.0,0.0,0.0,0.0,0.0,0.0,0.0,0.0,0.0,0.0,0.0,0.0,0.0,0.0,0.0,0.0,0.0,0.0,0.0,0.0,0.0,0.0,0.0,0.0,0.0,0.0,0.0,0.0,0.0,0.0,0.0,0.0,0.0,0.0
2026-01-23 15:42:27,3.5,46.8,running,3.1,0.0,19.8,0.0,1.8,1.8,6.7,0.0,0.9,0.0,0.4,0.4,1.3,3.1,0.5,4.9,0.4,0.9,1.3,5.8,0.4,5.8,2.2,12.0,0.9,0.0,3.1,1.3,4.0,0.0,2.7,3.6,3.6,3.6,2.2,4.0,0.9,3.1,6.6,3.1,0.4,1.8,1.8,28.9,4.9,0.9,14.6,0.0,0.0,0.0,0.0,0.0,0.0,0.0,0.0,0.0,0.0,0.0,0.0,0.0,0.0,0.0,0.0,0.0,0.0,0.0,0.0,0.0,0.0,0.0,0.0,0.0,0.0,0.0,0.0,0.0,0.0,0.0,0.0,0.0,0.0,0.0,0.0,0.0,0.0,0.0,0.0,0.0,0.0,0.0,0.0,0.0,0.0,0.0,0.0,0.0
2026-01-23 15:42:31,2.8,25.0,running,7.5,1.3,22.8,0.0,7.5,0.0,0.9,0.4,0.4,0.4,0.9,0.0,2.2,0.4,2.2,4.5,1.8,1.3,0.0,2.2,4.0,0.0,2.7,12.0,4.0,3.6,1.3,0.9,3.6,3.0,0.9,0.4,2.2,1.8,1.3,2.2,0.4,0.0,2.2,0.0,0.4,0.4,0.0,2.2,2.2,0.0,43.1,0.4,0.0,0.0,0.0,0.0,0.0,0.0,0.0,0.0,0.0,0.0,0.0,0.0,0.0,0.0,0.0,0.0,0.0,0.0,0.0,0.0,0.0,0.0,0.0,0.0,0.0,0.0,0.0,0.0,0.0,0.0,0.0,0.0,0.0,0.0,0.0,0.0,0.0,0.0,0.0,0.0,0.0,0.0,0.0,0.0,0.0,0.0,0.0,0.0
2026-01-23 15:42:34,3.2,28.1,running,6.2,2.2,20.0,0.0,3.1,0.9,7.9,0.0,0.9,3.1,2.2,0.9,3.6,0.0,3.6,6.3,2.2,2.2,0.5,0.0,0.4,0.0,2.7,12.4,4.0,0.0,0.9,0.9,2.2,1.8,1.3,0.0,4.8,1.8,0.0,1.8,3.1,2.2,2.7,0.0,0.0,2.7,0.0,2.7,4.9,0.0,40.2,1.3,0.0,0.0,0.0,0.0,0.0,0.0,0.0,0.0,0.0,0.0,0.0,0.0,0.0,0.0,0.0,0.0,0.0,0.0,0.0,0.0,0.0,0.0,0.0,0.0,0.0,0.0,0.0,0.0,0.0,0.0,0.0,0.0,0.0,0.0,0.0,0.0,0.0,0.0,0.0,0.0,0.0,0.0,0.0,0.0,0.0,0.0,0.0,0.0
2026-01-23 15:42:38,3.4,34.3,running,3.6,3.6,17.3,0.0,4.0,0.4,8.5,0.0,2.2,3.3,1.8,0.4,2.7,3.1,0.4,0.4,4.8,4.9,0.4,0.0,0.4,0.4,0.4,10.3,2.7,0.0,2.7,4.4,2.7,0.9,0.0,0.9,5.4,1.3,0.9,0.9,2.7,4.9,1.3,0.0,3.1,3.6,4.4,20.6,4.5,0.9,22.8,0.4,0.0,0.0,0.0,0.0,0.0,0.0,0.0,0.0,0.0,0.0,0.0,0.0,0.0,0.0,0.0,0.0,0.0,0.0,0.0,0.0,0.0,0.0,0.0,0.0,0.0,0.0,0.0,0.0,0.0,0.0,0.0,0.0,0.0,0.0,0.0,0.0,0.0,0.0,0.0,0.0,0.0,0.0,0.0,0.0,0.0,0.0,0.0,0.0
2026-01-23 15:42:41,3.6,40.6,running,2.7,4.5,18.2,0.0,2.2,2.2,1.3,0.4,4.5,2.5,2.7,0.5,4.9,2.2,1.8,2.2,0.9,0.4,0.4,0.9,1.3,1.3,9.3,9.4,4.4,2.2,2.7,4.9,2.2,0.9,1.3,0.4,7.9,0.9,2.2,2.2,0.9,0.9,1.3,1.8,4.0,1.8,1.3,43.9,7.6,0.0,3.5,0.0,0.0,0.0,0.0,0.0,0.0,0.0,0.0,0.0,0.0,0.0,0.0,0.0,0.0,0.0,0.0,0.0,0.0,0.0,0.0,0.0,0.0,0.0,0.0,0.0,0.0,0.0,0.0,0.0,0.0,0.0,0.0,0.0,0.0,0.0,0.0,0.0,0.0,0.0,0.0,0.0,0.0,0.0,0.0,0.0,0.0,0.0,0.0,0.0
2026-01-23 15:42:45,3.5,25.0,running,8.9,0.4,18.3,0.0,1.8,0.4,3.1,0.0,0.9,0.0,2.2,0.4,1.8,0.9,4.9,3.1,0.0,0.0,0.9,0.4,2.7,0.0,4.0,11.5,0.9,3.6,0.9,0.4,0.9,0.0,3.1,0.4,3.5,2.7,4.0,0.0,2.2,4.5,2.7,2.3,0.9,3.5,0.4,2.7,9.8,0.0,42.4,0.0,0.0,0.0,0.0,0.0,0.0,0.0,0.0,0.0,0.0,0.0,0.0,0.0,0.0,0.0,0.0,0.0,0.0,0.0,0.0,0.0,0.0,0.0,0.0,0.0,0.0,0.0,0.0,0.0,0.0,0.0,0.0,0.0,0.0,0.0,0.0,0.0,0.0,0.0,0.0,0.0,0.0,0.0,0.0,0.0,0.0,0.0,0.0,0.0
2026-01-23 15:42:48,4.2,28.1,running,9.7,0.4,19.0,0.0,3.1,2.0,4.4,0.0,3.1,0.5,0.4,0.4,4.9,0.0,0.9,4.4,0.4,0.5,0.0,0.0,2.2,2.0,0.9,13.4,1.3,1.0,4.9,1.3,0.4,1.0,2.7,0.0,7.1,1.8,4.7,0.5,2.5,2.9,0.9,1.5,1.3,3.1,0.0,24.6,6.8,0.4,23.2,0.4,0.0,0.0,0.0,0.0,0.0,0.0,0.0,0.0,0.0,0.0,0.0,0.0,0.0,0.0,0.0,0.0,0.0,0.0,0.0,0.0,0.0,0.0,0.0,0.0,0.0,0.0,0.0,0.0,0.0,0.0,0.0,0.0,0.0,0.0,0.0,0.0,0.0,0.0,0.0,0.0,0.0,0.0,0.0,0.0,0.0,0.0,0.0,0.0
2026-01-23 15:42:52,3.8,34.4,running,4.0,0.4,16.4,0.0,1.8,0.8,7.1,0.4,1.8,0.4,1.8,2.7,3.6,1.6,4.0,3.1,0.9,0.8,1.3,0.0,3.1,0.9,3.6,11.6,1.8,0.0,1.3,1.8,2.8,0.0,1.8,0.0,3.5,4.0,3.0,2.0,2.8,2.1,6.7,2.0,1.3,0.0,0.0,44.2,7.4,0.9,4.5,0.0,0.0,0.0,0.0,0.0,0.0,0.0,0.0,0.0,0.0,0.0,0.0,0.0,0.0,0.0,0.0,0.0,0.0,0.0,0.0,0.0,0.0,0.0,0.0,0.0,0.0,0.0,0.0,0.0,0.0,0.0,0.0,0.0,0.0,0.0,0.0,0.0,0.0,0.0,0.0,0.0,0.0,0.0,0.0,0.0,0.0,0.0,0.0,0.0
2026-01-23 15:42:55,3.8,21.8,running,4.9,1.3,25.6,0.0,7.1,4.0,5.0,0.0,8.0,2.2,3.1,0.9,1.8,2.2,0.0,2.6,1.3,0.0,0.0,0.0,1.3,0.4,4.0,12.4,2.2,0.0,5.8,0.0,2.1,0.4,0.0,0.0,4.5,1.8,0.4,3.1,0.0,2.2,0.9,1.8,0.9,2.7,1.3,43.6,3.6,0.0,4.5,0.5,0.0,0.0,0.0,0.0,0.0,0.0,0.0,0.0,0.0,0.0,0.0,0.0,0.0,0.0,0.0,0.0,0.0,0.0,0.0,0.0,0.0,0.0,0.0,0.0,0.0,0.0,0.0,0.0,0.0,0.0,0.0,0.0,0.0,0.0,0.0,0.0,0.0,0.0,0.0,0.0,0.0,0.0,0.0,0.0,0.0,0.0,0.0,0.0
2026-01-23 15:42:59,3.5,34.3,running,3.1,0.0,19.9,0.0,4.9,0.9,4.9,0.0,8.0,0.0,1.8,2.2,5.3,1.8,4.9,0.4,2.7,1.3,0.4,0.0,0.9,1.8,0.4,11.6,0.4,2.2,2.2,2.7,2.3,0.0,0.0,0.0,7.1,0.9,5.3,1.8,0.4,0.0,0.4,3.1,0.0,0.0,0.0,44.9,4.9,2.2,2.7,4.1,0.0,0.0,0.0,0.0,0.0,0.0,0.0,0.0,0.0,0.0,0.0,0.0,0.0,0.0,0.0,0.0,0.0,0.0,0.0,0.0,0.0,0.0,0.0,0.0,0.0,0.0,0.0,0.0,0.0,0.0,0.0,0.0,0.0,0.0,0.0,0.0,0.0,0.0,0.0,0.0,0.0,0.0,0.0,0.0,0.0,0.0,0.0,0.0
2026-01-23 15:43:02,3.6,34.3,running,4.5,2.2,18.2,0.0,4.0,1.3,4.5,0.0,4.9,0.0,1.3,0.0,0.4,3.1,0.0,4.8,0.4,1.3,0.0,0.0,3.1,2.2,0.9,11.2,2.7,0.4,4.0,0.9,1.3,2.2,2.7,3.6,2.7,0.4,3.1,2.2,0.0,1.3,1.8,0.0,3.1,0.0,1.8,41.1,12.0,0.9,2.2,3.1,0.0,0.0,0.0,0.0,0.0,0.0,0.0,0.0,0.0,0.0,0.0,0.0,0.0,0.0,0.0,0.0,0.0,0.0,0.0,0.0,0.0,0.0,0.0,0.0,0.0,0.0,0.0,0.0,0.0,0.0,0.0,0.0,0.0,0.0,0.0,0.0,0.0,0.0,0.0,0.0,0.0,0.0,0.0,0.0,0.0,0.0,0.0,0.0
2026-01-23 15:43:06,3.3,25.0,running,3.1,3.1,19.9,0.0,4.0,1.8,4.9,0.0,2.2,1.4,1.3,1.3,3.1,3.1,1.8,4.9,0.9,0.4,2.7,0.4,2.7,0.0,0.0,9.4,5.4,1.3,3.1,0.9,1.3,2.2,2.2,0.0,4.4,0.9,1.8,2.2,0.0,4.0,2.2,3.6,0.0,2.7,0.9,46.5,6.7,2.2,1.3,0.4,0.0,0.0,0.0,0.0,0.0,0.0,0.0,0.0,0.0,0.0,0.0,0.0,0.0,0.0,0.0,0.0,0.0,0.0,0.0,0.0,0.0,0.0,0.0,0.0,0.0,0.0,0.0,0.0,0.0,0.0,0.0,0.0,0.0,0.0,0.0,0.0,0.0,0.0,0.0,0.0,0.0,0.0,0.0,0.0,0.0,0.0,0.0,0.0
2026-01-23 15:43:09,3.5,31.2,running,3.1,0.0,21.6,0.0,2.2,1.8,3.6,0.0,2.7,1.3,1.8,0.4,0.9,1.8,2.7,0.4,0.0,0.0,2.7,0.0,0.4,0.9,0.9,15.5,4.4,0.4,4.9,3.6,1.8,0.4,1.8,0.0,3.6,2.2,2.7,2.2,0.0,4.5,1.3,0.0,0.0,2.2,1.7,43.9,7.1,2.7,4.0,4.5,0.0,0.0,0.0,0.0,0.0,0.0,0.0,0.0,0.0,0.0,0.0,0.0,0.0,0.0,0.0,0.0,0.0,0.0,0.0,0.0,0.0,0.0,0.0,0.0,0.0,0.0,0.0,0.0,0.0,0.0,0.0,0.0,0.0,0.0,0.0,0.0,0.0,0.0,0.0,0.0,0.0,0.0,0.0,0.0,0.0,0.0,0.0,0.0
2026-01-23 15:43:13,2.8,31.2,running,4.0,0.0,19.6,0.0,1.8,3.1,2.7,0.0,1.3,0.0,1.8,0.0,1.3,0.4,1.3,0.4,3.5,0.0,1.8,0.4,3.1,1.8,1.8,11.6,2.7,0.4,2.7,1.3,1.9,1.3,1.8,2.7,4.5,0.4,2.2,2.2,1.3,5.3,1.8,0.0,0.0,0.0,0.0,23.3,8.4,0.0,20.3,0.4,0.0,0.0,0.0,0.0,0.0,0.0,0.0,0.0,0.0,0.0,0.0,0.0,0.0,0.0,0.0,0.0,0.0,0.0,0.0,0.0,0.0,0.0,0.0,0.0,0.0,0.0,0.0,0.0,0.0,0.0,0.0,0.0,0.0,0.0,0.0,0.0,0.0,0.0,0.0,0.0,0.0,0.0,0.0,0.0,0.0,0.0,0.0,0.0
2026-01-23 15:43:16,3.5,34.3,running,12.0,0.0,24.2,0.0,2.7,1.3,6.7,0.9,8.0,2.2,0.9,0.0,4.0,0.0,1.8,0.9,0.0,0.0,4.0,0.0,2.7,1.3,1.3,16.0,4.5,0.4,0.9,0.0,0.9,1.3,0.0,0.4,6.1,2.7,0.4,0.4,3.1,0.4,0.4,0.0,0.0,2.7,0.4,0.9,1.3,0.0,42.2,1.3,0.0,0.0,0.0,0.0,0.0,0.0,0.0,0.0,0.0,0.0,0.0,0.0,0.0,0.0,0.0,0.0,0.0,0.0,0.0,0.0,0.0,0.0,0.0,0.0,0.0,0.0,0.0,0.0,0.0,0.0,0.0,0.0,0.0,0.0,0.0,0.0,0.0,0.0,0.0,0.0,0.0,0.0,0.0,0.0,0.0,0.0,0.0,0.0
2026-01-23 15:43:20,3.6,25.0,running,3.5,2.2,22.2,0.0,2.2,0.0,3.6,0.0,2.7,1.0,0.9,0.9,7.5,6.2,0.0,2.2,3.1,0.4,0.0,0.0,0.0,2.2,5.4,12.8,2.7,6.2,5.8,2.2,2.7,0.9,1.3,0.9,2.7,3.1,4.0,0.0,2.2,0.4,3.1,0.0,0.4,0.9,0.9,37.5,8.9,0.0,3.1,0.9,0.0,0.0,0.0,0.0,0.0,0.0,0.0,0.0,0.0,0.0,0.0,0.0,0.0,0.0,0.0,0.0,0.0,0.0,0.0,0.0,0.0,0.0,0.0,0.0,0.0,0.0,0.0,0.0,0.0,0.0,0.0,0.0,0.0,0.0,0.0,0.0,0.0,0.0,0.0,0.0,0.0,0.0,0.0,0.0,0.0,0.0,0.0,0.0
2026-01-23 15:43:23,2.8,21.9,running,8.5,0.0,20.4,0.0,7.1,0.4,4.0,0.0,1.8,0.8,3.2,0.4,3.0,2.3,0.0,5.8,1.3,0.0,1.8,0.0,0.0,0.0,4.0,11.2,3.6,1.3,3.1,2.7,1.3,0.0,1.5,1.8,3.1,1.8,0.9,0.0,0.0,0.0,1.3,0.0,1.3,0.0,0.9,24.4,6.2,0.0,22.2,1.8,0.0,0.0,0.0,0.0,0.0,0.0,0.0,0.0,0.0,0.0,0.0,0.0,0.0,0.0,0.0,0.0,0.0,0.0,0.0,0.0,0.0,0.0,0.0,0.0,0.0,0.0,0.0,0.0,0.0,0.0,0.0,0.0,0.0,0.0,0.0,0.0,0.0,0.0,0.0,0.0,0.0,0.0,0.0,0.0,0.0,0.0,0.0,0.0
2026-01-23 15:43:27,3.0,21.8,running,8.0,2.7,18.3,0.0,5.8,0.0,6.7,0.0,1.8,0.0,0.9,0.4,2.2,0.0,2.7,1.3,1.8,0.0,0.4,0.0,0.0,0.0,4.0,11.2,4.0,0.4,5.3,1.3,1.8,1.8,1.6,0.9,5.3,2.2,1.8,0.4,0.4,0.4,1.3,1.8,0.9,0.4,3.6,3.6,3.6,1.8,40.4,0.4,0.0,0.0,0.0,0.0,0.0,0.0,0.0,0.0,0.0,0.0,0.0,0.0,0.0,0.0,0.0,0.0,0.0,0.0,0.0,0.0,0.0,0.0,0.0,0.0,0.0,0.0,0.0,0.0,0.0,0.0,0.0,0.0,0.0,0.0,0.0,0.0,0.0,0.0,0.0,0.0,0.0,0.0,0.0,0.0,0.0,0.0,0.0,0.0
2026-01-23 15:43:30,3.6,25.0,running,5.4,0.4,17.2,0.0,4.4,0.9,4.9,0.0,2.7,1.8,4.0,0.4,0.9,0.0,0.0,1.8,0.0,0.0,0.9,0.5,1.3,0.0,0.9,11.6,0.0,1.3,2.2,1.4,0.9,3.1,0.9,2.2,6.7,0.0,5.4,0.0,0.4,3.1,1.8,6.7,1.8,0.0,1.8,2.8,4.0,0.4,45.6,0.0,0.0,0.0,0.0,0.0,0.0,0.0,0.0,0.0,0.0,0.0,0.0,0.0,0.0,0.0,0.0,0.0,0.0,0.0,0.0,0.0,0.0,0.0,0.0,0.0,0.0,0.0,0.0,0.0,0.0,0.0,0.0,0.0,0.0,0.0,0.0,0.0,0.0,0.0,0.0,0.0,0.0,0.0,0.0,0.0,0.0,0.0,0.0,0.0
2026-01-23 15:43:34,3.4,31.2,running,3.1,2.2,20.0,0.0,5.4,0.4,6.2,0.0,2.2,1.3,4.0,0.4,4.0,0.0,1.3,0.4,0.4,0.0,0.9,0.0,3.5,0.0,0.0,9.3,3.5,0.0,0.9,3.8,7.1,0.0,1.3,1.3,3.6,0.0,4.9,0.0,2.2,0.9,2.2,2.2,2.7,0.0,0.6,33.3,2.2,0.0,16.1,0.4,0.0,0.0,0.0,0.0,0.0,0.0,0.0,0.0,0.0,0.0,0.0,0.0,0.0,0.0,0.0,0.0,0.0,0.0,0.0,0.0,0.0,0.0,0.0,0.0,0.0,0.0,0.0,0.0,0.0,0.0,0.0,0.0,0.0,0.0,0.0,0.0,0.0,0.0,0.0,0.0,0.0,0.0,0.0,0.0,0.0,0.0,0.0,0.0
2026-01-23 15:43:37,3.4,40.6,running,1.8,0.0,24.0,0.0,4.9,0.9,7.6,0.0,3.1,0.0,3.1,0.4,4.5,0.0,1.3,1.8,1.8,0.0,0.0,0.0,0.4,0.9,2.7,11.2,4.0,0.4,2.7,0.0,0.4,5.3,0.9,2.2,2.2,0.0,3.6,0.0,3.1,3.1,1.8,2.7,2.2,0.4,0.4,30.5,1.8,4.0,13.3,0.9,0.0,0.0,0.0,0.0,0.0,0.0,0.0,0.0,0.0,0.0,0.0,0.0,0.0,0.0,0.0,0.0,0.0,0.0,0.0,0.0,0.0,0.0,0.0,0.0,0.0,0.0,0.0,0.0,0.0,0.0,0.0,0.0,0.0,0.0,0.0,0.0,0.0,0.0,0.0,0.0,0.0,0.0,0.0,0.0,0.0,0.0,0.0,0.0
2026-01-23 15:43:41,3.2,28.1,running,6.2,0.0,21.3,0.0,0.0,3.1,4.4,0.0,2.2,0.0,1.8,0.9,5.3,0.0,4.0,0.4,1.3,0.0,2.2,3.1,0.0,3.1,0.9,7.6,4.9,0.0,2.7,1.8,0.0,4.5,1.3,1.3,1.8,1.8,0.0,1.3,0.0,1.8,0.0,2.2,1.8,0.4,8.0,0.0,3.6,0.9,40.2,0.4,0.0,0.0,0.0,0.0,0.0,0.0,0.0,0.0,0.0,0.0,0.0,0.0,0.0,0.0,0.0,0.0,0.0,0.0,0.0,0.0,0.0,0.0,0.0,0.0,0.0,0.0,0.0,0.0,0.0,0.0,0.0,0.0,0.0,0.0,0.0,0.0,0.0,0.0,0.0,0.0,0.0,0.0,0.0,0.0,0.0,0.0,0.0,0.0
2026-01-23 15:43:44,3.7,40.6,running,4.0,4.0,23.3,0.5,2.2,0.9,5.3,0.0,4.4,0.0,1.3,0.9,0.9,0.0,0.9,0.4,4.0,0.0,1.3,1.8,0.9,2.5,0.0,10.3,4.5,1.8,6.2,4.0,1.8,0.9,2.2,2.5,0.9,2.7,0.4,0.9,1.3,6.6,1.3,1.8,3.6,0.0,0.9,36.3,0.0,0.4,14.2,0.0,0.0,0.0,0.0,0.0,0.0,0.0,0.0,0.0,0.0,0.0,0.0,0.0,0.0,0.0,0.0,0.0,0.0,0.0,0.0,0.0,0.0,0.0,0.0,0.0,0.0,0.0,0.0,0.0,0.0,0.0,0.0,0.0,0.0,0.0,0.0,0.0,0.0,0.0,0.0,0.0,0.0,0.0,0.0,0.0,0.0,0.0,0.0,0.0
2026-01-23 15:43:48,3.3,37.4,running,3.5,1.8,25.4,0.0,0.9,2.7,5.4,0.0,2.2,0.4,2.7,1.3,2.2,0.9,0.9,3.6,2.2,1.3,0.9,0.4,5.3,2.4,1.8,10.2,3.1,0.0,7.1,1.8,1.3,0.9,2.2,1.2,4.9,4.5,4.9,0.0,0.9,0.0,0.9,1.3,3.6,1.3,3.1,27.9,1.8,0.0,14.1,1.3,0.0,0.0,0.0,0.0,0.0,0.0,0.0,0.0,0.0,0.0,0.0,0.0,0.0,0.0,0.0,0.0,0.0,0.0,0.0,0.0,0.0,0.0,0.0,0.0,0.0,0.0,0.0,0.0,0.0,0.0,0.0,0.0,0.0,0.0,0.0,0.0,0.0,0.0,0.0,0.0,0.0,0.0,0.0,0.0,0.0,0.0,0.0,0.0
2026-01-23 15:43:51,3.9,40.6,running,5.8,2.2,25.3,0.0,3.6,2.7,4.9,0.9,2.2,0.5,3.6,1.3,4.5,2.3,2.8,0.9,8.0,0.4,1.3,1.8,0.4,0.9,1.3,12.9,3.1,1.8,1.3,4.0,0.9,0.9,0.0,0.9,1.3,1.8,0.0,0.0,0.0,4.0,0.9,3.6,0.0,1.8,2.7,0.0,0.0,0.0,40.7,1.8,0.0,0.0,0.0,0.0,0.0,0.0,0.0,0.0,0.0,0.0,0.0,0.0,0.0,0.0,0.0,0.0,0.0,0.0,0.0,0.0,0.0,0.0,0.0,0.0,0.0,0.0,0.0,0.0,0.0,0.0,0.0,0.0,0.0,0.0,0.0,0.0,0.0,0.0,0.0,0.0,0.0,0.0,0.0,0.0,0.0,0.0,0.0,0.0
2026-01-23 15:43:55,3.3,43.7,running,6.3,3.1,17.7,0.0,3.6,2.2,2.3,0.0,3.6,1.3,0.5,0.0,1.3,0.0,0.4,0.9,0.0,2.7,2.7,1.8,0.9,5.2,1.8,11.0,3.6,0.5,2.7,0.0,0.0,0.0,1.8,0.4,1.8,0.9,2.7,1.1,1.0,4.8,0.5,0.0,0.9,3.6,4.3,2.7,2.2,0.0,41.8,0.0,0.0,0.0,0.0,0.0,0.0,0.0,0.0,0.0,0.0,0.0,0.0,0.0,0.0,0.0,0.0,0.0,0.0,0.0,0.0,0.0,0.0,0.0,0.0,0.0,0.0,0.0,0.0,0.0,0.0,0.0,0.0,0.0,0.0,0.0,0.0,0.0,0.0,0.0,0.0,0.0,0.0,0.0,0.0,0.0,0.0,0.0,0.0,0.0
2026-01-23 15:43:58,3.5,34.3,running,2.2,2.2,21.4,0.0,3.1,1.8,5.7,0.0,2.2,1.3,2.2,0.9,1.3,3.4,2.2,2.2,1.1,4.4,1.3,1.8,1.3,2.5,0.9,12.9,0.9,0.4,1.3,0.4,2.6,0.9,0.4,0.4,4.4,1.3,3.1,3.4,1.7,2.3,5.4,0.0,0.0,0.0,1.1,16.2,4.1,0.0,23.2,0.9,0.0,0.0,0.0,0.0,0.0,0.0,0.0,0.0,0.0,0.0,0.0,0.0,0.0,0.0,0.0,0.0,0.0,0.0,0.0,0.0,0.0,0.0,0.0,0.0,0.0,0.0,0.0,0.0,0.0,0.0,0.0,0.0,0.0,0.0,0.0,0.0,0.0,0.0,0.0,0.0,0.0,0.0,0.0,0.0,0.0,0.0,0.0,0.0
2026-01-23 15:44:02,3.0,34.3,running,2.7,0.9,17.9,0.0,1.8,2.7,5.8,0.0,1.8,0.0,1.8,0.4,4.0,0.0,1.3,2.2,3.6,0.0,0.0,0.9,0.0,0.9,4.0,12.0,1.8,0.0,0.4,1.3,2.2,1.3,3.1,1.3,1.8,0.4,8.0,0.0,1.3,4.9,0.9,0.0,1.3,1.3,1.3,44.2,7.2,0.4,1.8,0.9,0.0,0.0,0.0,0.0,0.0,0.0,0.0,0.0,0.0,0.0,0.0,0.0,0.0,0.0,0.0,0.0,0.0,0.0,0.0,0.0,0.0,0.0,0.0,0.0,0.0,0.0,0.0,0.0,0.0,0.0,0.0,0.0,0.0,0.0,0.0,0.0,0.0,0.0,0.0,0.0,0.0,0.0,0.0,0.0,0.0,0.0,0.0,0.0
2026-01-23 15:44:05,3.6,25.0,running,3.1,0.0,22.5,0.5,2.2,1.8,4.9,0.4,1.8,8.1,3.6,0.9,4.4,0.8,2.2,2.7,0.4,1.3,0.0,0.4,0.0,0.0,0.4,12.4,2.7,0.0,1.8,0.0,4.9,0.0,0.0,5.3,0.9,2.7,4.4,0.0,0.4,2.7,1.3,2.2,3.1,0.0,0.0,39.4,2.2,1.8,4.9,0.9,0.0,0.0,0.0,0.0,0.0,0.0,0.0,0.0,0.0,0.0,0.0,0.0,0.0,0.0,0.0,0.0,0.0,0.0,0.0,0.0,0.0,0.0,0.0,0.0,0.0,0.0,0.0,0.0,0.0,0.0,0.0,0.0,0.0,0.0,0.0,0.0,0.0,0.0,0.0,0.0,0.0,0.0,0.0,0.0,0.0,0.0,0.0,0.0
2026-01-23 15:44:09,3.3,31.2,running,1.8,0.0,23.1,0.0,3.1,3.1,5.4,0.0,0.0,2.2,3.6,0.4,2.7,0.9,0.9,3.6,0.9,1.8,1.3,1.3,0.4,0.0,2.2,11.2,0.0,1.3,3.6,2.2,3.1,1.7,2.7,0.9,5.7,4.4,1.8,0.0,0.0,3.6,0.4,1.3,1.8,4.9,2.2,40.4,8.5,0.0,3.1,1.8,0.0,0.0,0.0,0.0,0.0,0.0,0.0,0.0,0.0,0.0,0.0,0.0,0.0,0.0,0.0,0.0,0.0,0.0,0.0,0.0,0.0,0.0,0.0,0.0,0.0,0.0,0.0,0.0,0.0,0.0,0.0,0.0,0.0,0.0,0.0,0.0,0.0,0.0,0.0,0.0,0.0,0.0,0.0,0.0,0.0,0.0,0.0,0.0
2026-01-23 15:44:12,3.9,18.7,running,2.7,4.0,12.4,0.0,2.7,1.8,2.2,0.0,5.3,1.8,5.8,0.9,1.3,2.0,1.8,1.8,2.7,3.1,0.0,4.4,2.7,2.7,1.8,15.4,3.5,4.0,3.1,0.0,2.7,2.2,1.3,1.8,5.8,0.9,2.2,2.2,0.9,0.4,0.0,0.4,0.0,0.0,0.4,37.1,3.5,0.0,8.4,2.2,0.0,0.0,0.0,0.0,0.0,0.0,0.0,0.0,0.0,0.0,0.0,0.0,0.0,0.0,0.0,0.0,0.0,0.0,0.0,0.0,0.0,0.0,0.0,0.0,0.0,0.0,0.0,0.0,0.0,0.0,0.0,0.0,0.0,0.0,0.0,0.0,0.0,0.0,0.0,0.0,0.0,0.0,0.0,0.0,0.0,0.0,0.0,0.0
2026-01-23 15:44:16,3.7,25.0,running,5.8,4.0,23.1,0.4,3.1,1.3,4.0,0.0,4.0,3.6,6.7,0.9,3.1,1.2,2.2,0.4,0.0,3.1,4.0,0.9,1.8,0.4,1.3,12.9,3.6,0.9,2.2,1.3,3.6,2.7,1.8,3.1,2.7,4.0,8.0,1.3,2.2,2.7,0.9,0.9,0.4,0.9,3.6,2.7,1.4,0.9,38.1,0.4,0.0,0.0,0.0,0.0,0.0,0.0,0.0,0.0,0.0,0.0,0.0,0.0,0.0,0.0,0.0,0.0,0.0,0.0,0.0,0.0,0.0,0.0,0.0,0.0,0.0,0.0,0.0,0.0,0.0,0.0,0.0,0.0,0.0,0.0,0.0,0.0,0.0,0.0,0.0,0.0,0.0,0.0,0.0,0.0,0.0,0.0,0.0,0.0
2026-01-23 15:44:19,3.2,21.9,running,2.7,1.3,22.0,1.3,2.2,2.2,6.2,0.0,4.9,0.0,2.2,0.4,4.0,0.9,1.3,3.1,0.9,1.8,2.7,0.0,1.3,0.4,0.0,11.6,3.1,0.0,0.9,1.8,0.0,2.7,0.5,0.0,5.3,2.7,1.8,0.0,2.7,1.8,2.2,2.2,0.4,0.0,0.4,33.8,3.6,0.0,10.3,1.8,0.0,0.0,0.0,0.0,0.0,0.0,0.0,0.0,0.0,0.0,0.0,0.0,0.0,0.0,0.0,0.0,0.0,0.0,0.0,0.0,0.0,0.0,0.0,0.0,0.0,0.0,0.0,0.0,0.0,0.0,0.0,0.0,0.0,0.0,0.0,0.0,0.0,0.0,0.0,0.0,0.0,0.0,0.0,0.0,0.0,0.0,0.0,0.0
2026-01-23 15:44:23,3.5,31.2,running,4.4,2.7,20.4,5.4,3.6,3.6,4.9,0.4,2.2,0.4,3.6,0.4,1.8,1.8,4.5,3.6,1.3,2.7,0.4,0.0,0.4,0.0,1.3,10.2,0.9,3.6,1.8,0.9,1.3,0.4,1.6,0.0,3.6,1.3,8.4,0.4,4.5,2.2,10.3,3.6,2.7,0.4,0.9,31.8,4.0,0.0,12.4,0.4,0.0,0.0,0.0,0.0,0.0,0.0,0.0,0.0,0.0,0.0,0.0,0.0,0.0,0.0,0.0,0.0,0.0,0.0,0.0,0.0,0.0,0.0,0.0,0.0,0.0,0.0,0.0,0.0,0.0,0.0,0.0,0.0,0.0,0.0,0.0,0.0,0.0,0.0,0.0,0.0,0.0,0.0,0.0,0.0,0.0,0.0,0.0,0.0
2026-01-23 15:44:26,3.3,21.9,running,6.7,3.1,27.1,1.0,4.4,0.0,2.6,0.4,5.3,0.0,1.8,0.4,2.2,0.4,0.9,2.7,1.3,1.3,3.1,3.1,0.9,0.4,1.3,10.4,2.7,0.0,0.9,0.0,0.9,4.5,0.4,4.1,2.7,1.8,0.9,3.5,0.4,1.3,1.3,0.0,1.8,4.4,1.8,4.4,1.8,2.7,36.6,0.9,0.0,0.0,0.0,0.0,0.0,0.0,0.0,0.0,0.0,0.0,0.0,0.0,0.0,0.0,0.0,0.0,0.0,0.0,0.0,0.0,0.0,0.0,0.0,0.0,0.0,0.0,0.0,0.0,0.0,0.0,0.0,0.0,0.0,0.0,0.0,0.0,0.0,0.0,0.0,0.0,0.0,0.0,0.0,0.0,0.0,0.0,0.0,0.0
2026-01-23 15:44:30,3.5,25.0,running,0.9,4.0,17.8,0.4,7.7,2.2,2.7,0.0,2.7,0.0,2.2,0.9,1.8,1.4,1.8,1.3,0.0,3.6,0.0,0.9,4.0,0.0,0.4,12.0,0.4,0.0,3.1,2.2,2.2,0.0,0.4,2.6,3.1,1.8,1.3,0.4,6.2,2.9,1.3,2.7,2.2,2.7,1.8,40.6,7.6,0.4,4.5,0.4,0.0,0.0,0.0,0.0,0.0,0.0,0.0,0.0,0.0,0.0,0.0,0.0,0.0,0.0,0.0,0.0,0.0,0.0,0.0,0.0,0.0,0.0,0.0,0.0,0.0,0.0,0.0,0.0,0.0,0.0,0.0,0.0,0.0,0.0,0.0,0.0,0.0,0.0,0.0,0.0,0.0,0.0,0.0,0.0,0.0,0.0,0.0,0.0
2026-01-23 15:44:33,3.3,40.6,running,2.7,4.0,18.6,0.0,2.2,1.3,7.1,0.0,2.7,0.9,3.5,0.4,0.9,0.0,2.7,1.8,0.4,3.1,0.9,0.4,4.0,0.4,0.0,11.6,0.9,0.0,1.8,0.0,0.4,1.3,0.0,0.0,3.6,0.9,1.8,1.8,3.1,2.5,0.9,0.4,2.2,0.9,0.9,47.1,11.0,0.4,0.0,0.4,0.0,0.0,0.0,0.0,0.0,0.0,0.0,0.0,0.0,0.0,0.0,0.0,0.0,0.0,0.0,0.0,0.0,0.0,0.0,0.0,0.0,0.0,0.0,0.0,0.0,0.0,0.0,0.0,0.0,0.0,0.0,0.0,0.0,0.0,0.0,0.0,0.0,0.0,0.0,0.0,0.0,0.0,0.0,0.0,0.0,0.0,0.0,0.0
2026-01-23 15:44:37,3.7,25.0,running,2.7,0.9,25.7,0.0,2.7,2.7,6.7,0.0,4.0,1.8,0.9,0.4,2.7,0.0,4.9,4.0,0.9,1.0,4.9,3.1,2.2,1.8,0.4,13.3,4.9,0.0,2.7,0.0,1.3,0.9,0.0,0.0,1.3,3.2,2.2,2.3,3.1,3.6,0.5,2.7,1.8,3.6,0.9,37.5,3.6,0.0,2.7,0.4,0.0,0.0,0.0,0.0,0.0,0.0,0.0,0.0,0.0,0.0,0.0,0.0,0.0,0.0,0.0,0.0,0.0,0.0,0.0,0.0,0.0,0.0,0.0,0.0,0.0,0.0,0.0,0.0,0.0,0.0,0.0,0.0,0.0,0.0,0.0,0.0,0.0,0.0,0.0,0.0,0.0,0.0,0.0,0.0,0.0,0.0,0.0,0.0
2026-01-23 15:44:40,3.2,31.2,running,8.5,0.4,17.0,0.0,5.3,0.4,1.3,0.4,2.2,1.8,1.3,1.3,2.2,1.3,1.3,0.9,2.7,0.0,1.8,0.0,3.6,0.0,0.9,12.1,2.2,2.0,2.7,0.0,2.3,2.2,0.4,0.0,2.7,1.8,1.8,0.0,0.4,3.1,2.2,1.8,2.2,0.9,0.4,1.3,7.1,1.7,46.0,0.4,0.0,0.0,0.0,0.0,0.0,0.0,0.0,0.0,0.0,0.0,0.0,0.0,0.0,0.0,0.0,0.0,0.0,0.0,0.0,0.0,0.0,0.0,0.0,0.0,0.0,0.0,0.0,0.0,0.0,0.0,0.0,0.0,0.0,0.0,0.0,0.0,0.0,0.0,0.0,0.0,0.0,0.0,0.0,0.0,0.0,0.0,0.0,0.0
2026-01-23 15:44:44,3.5,40.6,running,7.1,0.4,20.4,0.5,4.4,4.4,4.0,0.0,3.1,0.0,2.7,0.4,4.0,2.6,1.8,0.4,2.2,1.3,2.7,0.4,0.4,0.0,3.6,12.4,2.2,0.0,1.8,1.8,0.9,0.0,0.0,0.0,4.0,1.3,0.0,1.3,1.8,0.9,3.1,1.3,2.7,2.2,2.7,0.4,4.9,1.3,40.9,0.0,0.0,0.0,0.0,0.0,0.0,0.0,0.0,0.0,0.0,0.0,0.0,0.0,0.0,0.0,0.0,0.0,0.0,0.0,0.0,0.0,0.0,0.0,0.0,0.0,0.0,0.0,0.0,0.0,0.0,0.0,0.0,0.0,0.0,0.0,0.0,0.0,0.0,0.0,0.0,0.0,0.0,0.0,0.0,0.0,0.0,0.0,0.0,0.0
2026-01-23 15:44:47,3.7,18.7,running,9.3,2.2,24.4,1.7,7.6,0.9,8.0,0.0,2.7,1.9,1.3,1.8,2.2,1.2,0.0,0.9,1.3,0.0,0.0,0.0,3.1,1.8,2.7,14.6,1.3,0.0,4.4,1.8,1.3,2.7,0.0,0.0,5.7,1.3,3.6,1.3,2.2,6.2,0.4,1.3,1.3,2.7,0.0,0.0,1.8,0.0,40.9,0.4,0.0,0.0,0.0,0.0,0.0,0.0,0.0,0.0,0.0,0.0,0.0,0.0,0.0,0.0,0.0,0.0,0.0,0.0,0.0,0.0,0.0,0.0,0.0,0.0,0.0,0.0,0.0,0.0,0.0,0.0,0.0,0.0,0.0,0.0,0.0,0.0,0.0,0.0,0.0,0.0,0.0,0.0,0.0,0.0,0.0,0.0,0.0,0.0
2026-01-23 15:44:51,4.0,21.9,running,9.4,1.3,20.1,2.7,7.5,0.4,4.9,0.0,3.6,0.0,2.7,2.2,4.0,2.2,0.9,0.9,0.9,0.0,0.4,1.3,4.5,3.6,2.3,12.5,1.3,4.0,2.7,0.0,3.6,0.0,0.0,1.3,4.9,4.0,3.1,0.0,0.0,0.0,2.2,0.0,0.9,2.2,0.4,4.9,5.8,0.4,42.0,1.8,0.0,0.0,0.0,0.0,0.0,0.0,0.0,0.0,0.0,0.0,0.0,0.0,0.0,0.0,0.0,0.0,0.0,0.0,0.0,0.0,0.0,0.0,0.0,0.0,0.0,0.0,0.0,0.0,0.0,0.0,0.0,0.0,0.0,0.0,0.0,0.0,0.0,0.0,0.0,0.0,0.0,0.0,0.0,0.0,0.0,0.0,0.0,0.0
2026-01-23 15:44:54,2.9,28.1,running,4.4,0.0,26.4,1.8,3.1,2.7,12.0,0.0,4.4,0.9,3.5,0.4,9.4,1.8,1.3,0.4,4.4,0.0,0.9,0.0,0.4,0.5,0.9,14.3,3.1,1.3,0.9,3.1,1.8,0.9,0.0,2.2,2.7,0.9,1.3,1.8,0.0,2.2,1.3,2.2,0.4,3.1,0.9,25.8,2.2,1.3,14.6,0.4,0.0,0.0,0.0,0.0,0.0,0.0,0.0,0.0,0.0,0.0,0.0,0.0,0.0,0.0,0.0,0.0,0.0,0.0,0.0,0.0,0.0,0.0,0.0,0.0,0.0,0.0,0.0,0.0,0.0,0.0,0.0,0.0,0.0,0.0,0.0,0.0,0.0,0.0,0.0,0.0,0.0,0.0,0.0,0.0,0.0,0.0,0.0,0.0
2026-01-23 15:44:58,3.4,34.3,running,2.2,1.8,29.3,1.3,4.9,0.4,2.7,0.0,3.1,0.0,0.9,0.4,1.8,0.0,1.3,3.6,0.9,0.0,2.7,0.9,0.4,2.9,0.4,10.7,3.1,0.4,0.4,3.6,0.9,2.2,0.6,3.1,8.4,1.8,3.6,2.2,4.0,0.4,1.8,0.0,0.0,3.6,0.9,40.0,9.0,0.0,1.3,0.0,0.0,0.0,0.0,0.0,0.0,0.0,0.0,0.0,0.0,0.0,0.0,0.0,0.0,0.0,0.0,0.0,0.0,0.0,0.0,0.0,0.0,0.0,0.0,0.0,0.0,0.0,0.0,0.0,0.0,0.0,0.0,0.0,0.0,0.0,0.0,0.0,0.0,0.0,0.0,0.0,0.0,0.0,0.0,0.0,0.0,0.0,0.0,0.0
2026-01-23 15:45:01,3.2,31.2,running,3.1,0.9,27.8,0.0,1.8,0.9,4.4,0.0,3.1,1.3,1.8,0.9,3.1,1.8,1.3,8.4,0.4,5.3,0.0,9.0,0.4,0.9,0.9,10.2,2.2,2.7,1.8,0.4,0.4,0.0,0.0,0.0,3.1,2.7,2.7,4.5,0.4,0.0,4.9,0.0,0.4,0.0,2.7,40.5,9.7,0.0,0.4,0.0,0.0,0.0,0.0,0.0,0.0,0.0,0.0,0.0,0.0,0.0,0.0,0.0,0.0,0.0,0.0,0.0,0.0,0.0,0.0,0.0,0.0,0.0,0.0,0.0,0.0,0.0,0.0,0.0,0.0,0.0,0.0,0.0,0.0,0.0,0.0,0.0,0.0,0.0,0.0,0.0,0.0,0.0,0.0,0.0,0.0,0.0,0.0,0.0
2026-01-23 15:45:05,3.1,28.1,running,5.4,0.4,24.0,0.0,4.9,0.4,5.8,0.0,1.3,0.0,3.1,0.9,5.4,1.3,1.3,1.3,3.1,4.0,0.4,0.5,4.9,1.3,0.9,10.7,6.7,0.0,3.1,0.0,0.5,1.3,0.0,0.0,1.3,1.8,4.9,1.3,1.8,2.2,0.4,1.8,2.7,0.9,3.6,6.2,1.3,1.3,35.3,0.0,0.0,0.0,0.0,0.0,0.0,0.0,0.0,0.0,0.0,0.0,0.0,0.0,0.0,0.0,0.0,0.0,0.0,0.0,0.0,0.0,0.0,0.0,0.0,0.0,0.0,0.0,0.0,0.0,0.0,0.0,0.0,0.0,0.0,0.0,0.0,0.0,0.0,0.0,0.0,0.0,0.0,0.0,0.0,0.0,0.0,0.0,0.0,0.0
2026-01-23 15:45:08,3.8,21.9,running,3.6,2.7,25.8,0.0,4.0,0.9,4.4,0.0,2.2,1.3,1.3,1.3,4.4,0.0,0.9,2.2,3.5,2.2,3.1,1.3,1.8,0.0,0.9,11.1,0.9,0.0,1.3,0.9,3.1,3.6,0.4,0.0,4.9,3.5,3.5,0.9,0.4,4.9,0.9,2.2,0.0,0.0,1.8,18.7,2.7,2.7,25.9,0.9,0.0,0.0,0.0,0.0,0.0,0.0,0.0,0.0,0.0,0.0,0.0,0.0,0.0,0.0,0.0,0.0,0.0,0.0,0.0,0.0,0.0,0.0,0.0,0.0,0.0,0.0,0.0,0.0,0.0,0.0,0.0,0.0,0.0,0.0,0.0,0.0,0.0,0.0,0.0,0.0,0.0,0.0,0.0,0.0,0.0,0.0,0.0,0.0
2026-01-23 15:45:12,3.1,21.9,running,0.9,5.7,17.4,1.7,4.0,0.4,8.6,0.0,3.1,2.7,0.9,0.4,2.2,0.0,5.3,2.2,2.7,2.2,0.0,0.9,1.3,0.4,0.4,10.4,3.6,2.7,1.8,2.2,2.7,3.1,0.4,0.4,5.8,2.2,3.1,0.0,1.8,0.0,2.2,2.2,2.2,0.9,0.4,42.5,2.7,0.0,0.0,0.4,0.0,0.0,0.0,0.0,0.0,0.0,0.0,0.0,0.0,0.0,0.0,0.0,0.0,0.0,0.0,0.0,0.0,0.0,0.0,0.0,0.0,0.0,0.0,0.0,0.0,0.0,0.0,0.0,0.0,0.0,0.0,0.0,0.0,0.0,0.0,0.0,0.0,0.0,0.0,0.0,0.0,0.0,0.0,0.0,0.0,0.0,0.0,0.0
2026-01-23 15:45:15,3.7,28.1,running,4.9,2.7,22.7,0.0,5.8,0.4,4.8,0.0,3.6,0.0,4.8,0.9,4.9,3.6,5.8,1.3,1.3,0.0,0.9,0.4,2.7,1.3,0.4,10.6,1.3,0.0,3.5,5.3,1.8,0.0,0.4,0.9,3.5,0.4,3.1,0.0,0.9,5.3,4.4,0.0,0.0,0.0,0.0,7.2,0.4,4.9,39.8,0.0,0.0,0.0,0.0,0.0,0.0,0.0,0.0,0.0,0.0,0.0,0.0,0.0,0.0,0.0,0.0,0.0,0.0,0.0,0.0,0.0,0.0,0.0,0.0,0.0,0.0,0.0,0.0,0.0,0.0,0.0,0.0,0.0,0.0,0.0,0.0,0.0,0.0,0.0,0.0,0.0,0.0,0.0,0.0,0.0,0.0,0.0,0.0,0.0
2026-01-23 15:45:19,3.1,28.1,running,4.0,1.8,22.2,0.9,4.9,0.9,4.0,0.0,2.2,0.4,3.6,0.9,1.3,0.4,0.4,1.8,2.7,3.1,0.0,0.0,1.3,1.9,2.2,10.3,3.6,3.5,3.6,0.9,1.3,0.0,1.3,2.7,4.4,0.9,3.1,0.9,1.8,2.7,1.8,1.3,0.9,3.1,0.4,28.9,1.3,1.3,19.2,0.0,0.0,0.0,0.0,0.0,0.0,0.0,0.0,0.0,0.0,0.0,0.0,0.0,0.0,0.0,0.0,0.0,0.0,0.0,0.0,0.0,0.0,0.0,0.0,0.0,0.0,0.0,0.0,0.0,0.0,0.0,0.0,0.0,0.0,0.0,0.0,0.0,0.0,0.0,0.0,0.0,0.0,0.0,0.0,0.0,0.0,0.0,0.0,0.0
2026-01-23 15:45:22,4.6,28.1,running,0.4,0.4,23.3,0.0,4.0,2.2,8.0,0.0,4.0,3.6,7.5,0.4,2.2,2.2,2.2,6.2,2.7,0.4,6.2,2.2,3.5,0.0,6.6,11.5,4.9,3.6,1.3,0.9,0.9,0.9,1.8,0.4,8.0,1.3,2.7,2.2,4.0,1.8,0.9,0.4,1.3,3.1,0.0,39.6,4.5,0.0,5.8,1.3,0.0,0.0,0.0,0.0,0.0,0.0,0.0,0.0,0.0,0.0,0.0,0.0,0.0,0.0,0.0,0.0,0.0,0.0,0.0,0.0,0.0,0.0,0.0,0.0,0.0,0.0,0.0,0.0,0.0,0.0,0.0,0.0,0.0,0.0,0.0,0.0,0.0,0.0,0.0,0.0,0.0,0.0,0.0,0.0,0.0,0.0,0.0,0.0
2026-01-23 15:45:26,3.5,18.7,running,4.5,4.0,22.3,0.0,3.6,1.3,7.1,0.0,3.1,0.4,3.6,1.3,8.4,2.2,5.4,1.8,7.6,2.2,2.2,0.4,3.1,0.9,1.8,12.9,1.8,4.4,1.3,1.8,2.7,2.2,0.4,0.0,5.8,2.7,4.9,0.0,3.6,4.9,5.3,0.0,2.2,0.9,0.4,2.2,2.7,0.0,43.8,0.0,0.0,0.0,0.0,0.0,0.0,0.0,0.0,0.0,0.0,0.0,0.0,0.0,0.0,0.0,0.0,0.0,0.0,0.0,0.0,0.0,0.0,0.0,0.0,0.0,0.0,0.0,0.0,0.0,0.0,0.0,0.0,0.0,0.0,0.0,0.0,0.0,0.0,0.0,0.0,0.0,0.0,0.0,0.0,0.0,0.0,0.0,0.0,0.0
2026-01-23 15:45:29,3.2,28.1,running,7.1,1.8,21.0,0.9,6.2,0.4,4.0,0.0,3.1,0.0,6.2,0.5,1.8,1.3,4.8,0.4,3.1,3.6,0.0,0.0,0.0,0.0,3.1,13.4,3.6,0.0,1.8,1.3,2.2,0.9,1.8,0.0,3.1,1.3,2.2,1.6,3.6,1.8,2.7,0.0,2.2,1.8,0.0,29.5,4.0,3.1,13.8,0.4,0.0,0.0,0.0,0.0,0.0,0.0,0.0,0.0,0.0,0.0,0.0,0.0,0.0,0.0,0.0,0.0,0.0,0.0,0.0,0.0,0.0,0.0,0.0,0.0,0.0,0.0,0.0,0.0,0.0,0.0,0.0,0.0,0.0,0.0,0.0,0.0,0.0,0.0,0.0,0.0,0.0,0.0,0.0,0.0,0.0,0.0,0.0,0.0
2026-01-23 15:45:33,5.5,40.6,running,6.7,1.3,22.8,1.0,9.8,0.9,6.3,0.0,14.0,0.0,14.2,0.4,14.1,2.7,6.7,1.3,5.8,1.3,3.1,4.0,6.6,0.0,0.0,11.2,1.3,6.6,7.1,0.0,2.7,2.2,1.3,0.0,4.0,0.9,0.4,4.0,5.3,5.8,2.2,0.4,1.3,1.3,0.0,32.6,6.7,5.3,11.2,1.8,0.0,0.0,0.0,0.0,0.0,0.0,0.0,0.0,0.0,0.0,0.0,0.0,0.0,0.0,0.0,0.0,0.0,0.0,0.0,0.0,0.0,0.0,0.0,0.0,0.0,0.0,0.0,0.0,0.0,0.0,0.0,0.0,0.0,0.0,0.0,0.0,0.0,0.0,0.0,0.0,0.0,0.0,0.0,0.0,0.0,0.0,0.0,0.0
2026-01-23 15:45:36,3.6,31.2,running,10.6,0.0,23.9,1.6,6.2,0.0,6.2,0.0,6.7,1.8,6.7,1.3,3.6,3.1,1.8,4.0,0.5,6.6,0.9,1.3,0.9,1.8,0.9,9.8,5.7,0.9,4.0,0.0,3.9,0.4,0.9,0.4,2.2,2.2,6.2,2.2,1.3,5.8,2.2,0.0,2.2,0.9,3.6,3.1,7.6,3.1,38.1,0.4,0.0,0.0,0.0,0.0,0.0,0.0,0.0,0.0,0.0,0.0,0.0,0.0,0.0,0.0,0.0,0.0,0.0,0.0,0.0,0.0,0.0,0.0,0.0,0.0,0.0,0.0,0.0,0.0,0.0,0.0,0.0,0.0,0.0,0.0,0.0,0.0,0.0,0.0,0.0,0.0,0.0,0.0,0.0,0.0,0.0,0.0,0.0,0.0
2026-01-23 15:45:40,3.4,28.1,running,6.6,0.0,22.8,0.9,5.9,0.4,2.7,0.0,0.9,4.1,2.7,1.3,1.3,4.4,0.4,0.9,0.4,0.0,2.2,0.0,1.3,0.9,2.2,11.1,0.4,0.0,1.8,3.1,0.0,2.2,2.2,0.0,0.4,1.8,6.3,3.1,1.3,3.6,1.3,0.0,0.9,0.9,1.8,36.4,8.4,1.3,8.6,2.2,0.0,0.0,0.0,0.0,0.0,0.0,0.0,0.0,0.0,0.0,0.0,0.0,0.0,0.0,0.0,0.0,0.0,0.0,0.0,0.0,0.0,0.0,0.0,0.0,0.0,0.0,0.0,0.0,0.0,0.0,0.0,0.0,0.0,0.0,0.0,0.0,0.0,0.0,0.0,0.0,0.0,0.0,0.0,0.0,0.0,0.0,0.0,0.0
2026-01-23 15:45:43,4.3,31.2,running,5.8,2.2,18.8,0.0,4.4,0.5,3.1,0.0,4.5,2.2,2.2,2.2,1.3,2.1,1.8,0.5,0.9,0.0,3.5,0.0,0.9,1.1,0.0,10.7,0.4,7.5,3.6,0.9,4.6,1.6,1.9,3.2,1.3,3.1,0.4,1.1,0.0,1.0,3.6,0.0,4.8,1.3,1.8,30.5,5.8,1.8,16.2,0.0,0.0,0.0,0.0,0.0,0.0,0.0,0.0,0.0,0.0,0.0,0.0,0.0,0.0,0.0,0.0,0.0,0.0,0.0,0.0,0.0,0.0,0.0,0.0,0.0,0.0,0.0,0.0,0.0,0.0,0.0,0.0,0.0,0.0,0.0,0.0,0.0,0.0,0.0,0.0,0.0,0.0,0.0,0.0,0.0,0.0,0.0,0.0,0.0
2026-01-23 15:45:47,3.4,28.1,running,5.8,3.1,18.5,2.7,7.1,0.9,4.0,0.0,5.3,0.9,4.5,0.9,2.2,4.9,3.6,0.9,0.9,1.5,2.9,0.0,3.1,0.0,3.1,11.2,1.8,0.0,3.1,3.5,0.4,0.0,0.4,2.7,7.1,0.0,0.9,0.4,1.9,4.5,1.8,0.4,3.1,4.4,0.9,0.9,3.5,0.4,39.8,1.3,0.0,0.0,0.0,0.0,0.0,0.0,0.0,0.0,0.0,0.0,0.0,0.0,0.0,0.0,0.0,0.0,0.0,0.0,0.0,0.0,0.0,0.0,0.0,0.0,0.0,0.0,0.0,0.0,0.0,0.0,0.0,0.0,0.0,0.0,0.0,0.0,0.0,0.0,0.0,0.0,0.0,0.0,0.0,0.0,0.0,0.0,0.0,0.0
2026-01-23 15:45:50,3.4,21.9,running,2.7,0.4,15.6,1.0,4.4,1.8,4.5,0.0,1.8,0.0,4.4,1.3,3.6,2.2,3.1,2.3,0.4,0.9,4.9,0.0,2.2,1.3,1.3,12.0,2.7,0.9,2.2,0.9,0.9,0.0,0.0,0.0,5.3,1.3,0.9,1.3,1.3,2.2,3.6,3.1,0.9,2.7,1.8,43.4,5.4,1.8,4.0,2.7,0.0,0.0,0.0,0.0,0.0,0.0,0.0,0.0,0.0,0.0,0.0,0.0,0.0,0.0,0.0,0.0,0.0,0.0,0.0,0.0,0.0,0.0,0.0,0.0,0.0,0.0,0.0,0.0,0.0,0.0,0.0,0.0,0.0,0.0,0.0,0.0,0.0,0.0,0.0,0.0,0.0,0.0,0.0,0.0,0.0,0.0,0.0,0.0
2026-01-23 15:45:54,4.9,25.0,running,3.6,2.7,17.8,0.4,4.9,0.4,4.4,4.4,6.7,0.9,4.9,2.2,3.1,0.9,4.5,4.8,2.7,3.6,2.7,0.9,0.4,0.0,0.9,11.2,1.8,0.0,2.7,1.3,2.7,0.0,0.0,0.0,3.1,0.9,1.8,5.4,3.6,3.1,2.2,0.0,0.4,0.4,1.3,46.9,5.3,3.6,2.2,1.8,0.0,0.0,0.0,0.0,0.0,0.0,0.0,0.0,0.0,0.0,0.0,0.0,0.0,0.0,0.0,0.0,0.0,0.0,0.0,0.0,0.0,0.0,0.0,0.0,0.0,0.0,0.0,0.0,0.0,0.0,0.0,0.0,0.0,0.0,0.0,0.0,0.0,0.0,0.0,0.0,0.0,0.0,0.0,0.0,0.0,0.0,0.0,0.0
2026-01-23 15:45:57,3.4,28.1,running,4.0,1.8,20.1,4.0,3.1,1.8,1.8,3.1,1.8,0.0,5.4,1.8,4.4,5.4,2.7,2.7,4.5,0.0,1.3,0.9,0.9,2.2,0.0,16.1,2.7,1.8,1.8,1.8,2.2,0.0,0.0,0.0,1.3,0.9,0.0,2.2,4.4,2.2,1.3,0.4,1.3,4.0,0.9,45.1,10.2,2.7,2.2,1.8,0.0,0.0,0.0,0.0,0.0,0.0,0.0,0.0,0.0,0.0,0.0,0.0,0.0,0.0,0.0,0.0,0.0,0.0,0.0,0.0,0.0,0.0,0.0,0.0,0.0,0.0,0.0,0.0,0.0,0.0,0.0,0.0,0.0,0.0,0.0,0.0,0.0,0.0,0.0,0.0,0.0,0.0,0.0,0.0,0.0,0.0,0.0,0.0
2026-01-23 15:46:01,3.0,31.2,running,1.3,4.9,24.7,1.3,5.4,0.0,5.4,0.0,2.7,0.4,3.1,2.7,4.9,0.0,2.2,1.8,2.2,0.0,0.4,0.0,0.4,0.4,1.8,11.1,0.4,0.4,1.8,4.0,3.1,0.0,1.3,0.0,4.0,3.1,5.8,0.0,1.8,1.3,4.2,3.1,0.4,1.3,0.0,42.7,6.2,1.8,0.0,0.4,0.0,0.0,0.0,0.0,0.0,0.0,0.0,0.0,0.0,0.0,0.0,0.0,0.0,0.0,0.0,0.0,0.0,0.0,0.0,0.0,0.0,0.0,0.0,0.0,0.0,0.0,0.0,0.0,0.0,0.0,0.0,0.0,0.0,0.0,0.0,0.0,0.0,0.0,0.0,0.0,0.0,0.0,0.0,0.0,0.0,0.0,0.0,0.0
2026-01-23 15:46:04,3.6,28.1,running,3.1,1.8,23.2,0.4,5.4,0.4,2.2,0.0,4.5,3.1,3.6,0.9,3.5,1.8,2.7,0.0,0.4,0.0,1.8,2.2,3.6,0.9,3.1,10.7,7.1,0.7,0.9,1.8,1.3,0.4,1.3,2.2,2.7,6.7,1.3,1.8,1.3,4.4,2.1,0.9,5.8,3.1,0.4,42.3,5.4,0.4,0.0,2.7,0.0,0.0,0.0,0.0,0.0,0.0,0.0,0.0,0.0,0.0,0.0,0.0,0.0,0.0,0.0,0.0,0.0,0.0,0.0,0.0,0.0,0.0,0.0,0.0,0.0,0.0,0.0,0.0,0.0,0.0,0.0,0.0,0.0,0.0,0.0,0.0,0.0,0.0,0.0,0.0,0.0,0.0,0.0,0.0,0.0,0.0,0.0,0.0
2026-01-23 15:46:08,3.5,25.0,running,4.0,0.9,22.1,0.9,4.9,0.9,0.9,0.0,2.2,1.8,1.8,0.9,4.4,0.0,2.7,0.4,0.4,0.4,1.8,0.0,2.7,0.0,0.9,11.6,2.2,0.0,1.3,0.4,3.6,0.5,3.6,0.9,3.6,1.3,1.3,1.3,1.3,5.8,1.8,0.0,1.8,4.0,1.3,34.5,11.5,0.4,9.8,1.3,0.0,0.0,0.0,0.0,0.0,0.0,0.0,0.0,0.0,0.0,0.0,0.0,0.0,0.0,0.0,0.0,0.0,0.0,0.0,0.0,0.0,0.0,0.0,0.0,0.0,0.0,0.0,0.0,0.0,0.0,0.0,0.0,0.0,0.0,0.0,0.0,0.0,0.0,0.0,0.0,0.0,0.0,0.0,0.0,0.0,0.0,0.0,0.0
2026-01-23 15:46:11,4.8,21.8,running,12.3,0.0,23.9,1.8,6.7,0.4,4.5,0.0,4.9,4.4,6.6,1.3,4.9,0.0,3.6,0.4,2.2,3.1,1.7,0.4,5.3,3.6,4.0,10.2,2.2,0.0,0.9,1.8,3.1,0.0,0.4,0.0,4.0,2.2,1.8,4.5,0.9,2.7,1.3,0.0,2.2,2.2,3.1,0.9,2.2,1.3,36.0,0.4,0.0,0.0,0.0,0.0,0.0,0.0,0.0,0.0,0.0,0.0,0.0,0.0,0.0,0.0,0.0,0.0,0.0,0.0,0.0,0.0,0.0,0.0,0.0,0.0,0.0,0.0,0.0,0.0,0.0,0.0,0.0,0.0,0.0,0.0,0.0,0.0,0.0,0.0,0.0,0.0,0.0,0.0,0.0,0.0,0.0,0.0,0.0,0.0
2026-01-23 15:46:15,3.3,31.2,running,6.2,0.4,26.5,0.0,7.5,2.7,8.0,0.0,9.9,1.4,10.8,1.8,7.1,2.2,7.1,0.9,1.3,2.2,3.1,4.4,3.5,1.8,4.9,12.4,2.2,1.3,2.2,4.9,2.7,0.0,2.7,2.7,3.1,1.3,1.3,2.7,1.3,4.5,1.8,1.3,0.4,4.0,5.4,4.0,1.3,9.3,39.6,0.0,0.0,0.0,0.0,0.0,0.0,0.0,0.0,0.0,0.0,0.0,0.0,0.0,0.0,0.0,0.0,0.0,0.0,0.0,0.0,0.0,0.0,0.0,0.0,0.0,0.0,0.0,0.0,0.0,0.0,0.0,0.0,0.0,0.0,0.0,0.0,0.0,0.0,0.0,0.0,0.0,0.0,0.0,0.0,0.0,0.0,0.0,0.0,0.0
2026-01-23 15:46:18,3.7,49.9,running,4.0,0.9,23.3,2.5,2.7,0.0,9.3,0.0,3.6,0.0,4.0,2.2,3.1,3.1,0.0,0.9,0.0,0.4,1.3,0.9,4.5,0.0,2.7,15.6,4.9,0.0,1.3,0.0,0.4,2.2,2.2,5.3,3.6,0.4,1.3,0.4,0.0,0.0,2.6,3.6,4.0,0.4,0.0,12.4,4.4,2.7,35.6,0.4,0.0,0.0,0.0,0.0,0.0,0.0,0.0,0.0,0.0,0.0,0.0,0.0,0.0,0.0,0.0,0.0,0.0,0.0,0.0,0.0,0.0,0.0,0.0,0.0,0.0,0.0,0.0,0.0,0.0,0.0,0.0,0.0,0.0,0.0,0.0,0.0,0.0,0.0,0.0,0.0,0.0,0.0,0.0,0.0,0.0,0.0,0.0,0.0
2026-01-23 15:46:22,3.4,34.3,running,1.8,0.0,23.0,1.6,6.7,0.9,7.1,0.0,4.9,0.0,2.2,1.3,1.8,0.0,3.6,0.0,0.4,3.6,3.6,0.9,2.7,1.3,1.3,10.3,5.3,0.0,2.7,0.0,1.3,1.8,1.3,6.7,1.3,0.9,4.9,0.0,0.9,0.4,3.1,0.0,1.8,0.4,0.4,41.6,6.6,3.6,2.2,0.0,0.0,0.0,0.0,0.0,0.0,0.0,0.0,0.0,0.0,0.0,0.0,0.0,0.0,0.0,0.0,0.0,0.0,0.0,0.0,0.0,0.0,0.0,0.0,0.0,0.0,0.0,0.0,0.0,0.0,0.0,0.0,0.0,0.0,0.0,0.0,0.0,0.0,0.0,0.0,0.0,0.0,0.0,0.0,0.0,0.0,0.0,0.0,0.0
2026-01-23 15:46:25,3.3,40.6,running,8.0,1.8,22.9,0.4,5.8,2.2,6.2,0.0,2.7,0.0,2.2,0.0,1.3,0.9,1.3,3.6,0.9,0.0,3.5,0.5,2.7,0.0,2.7,10.7,4.0,0.0,3.6,0.0,1.8,0.0,2.3,2.7,1.8,6.2,4.0,2.6,3.2,1.4,0.9,1.3,0.9,0.0,0.0,4.1,9.7,0.0,37.7,2.7,0.0,0.0,0.0,0.0,0.0,0.0,0.0,0.0,0.0,0.0,0.0,0.0,0.0,0.0,0.0,0.0,0.0,0.0,0.0,0.0,0.0,0.0,0.0,0.0,0.0,0.0,0.0,0.0,0.0,0.0,0.0,0.0,0.0,0.0,0.0,0.0,0.0,0.0,0.0,0.0,0.0,0.0,0.0,0.0,0.0,0.0,0.0,0.0
2026-01-23 15:46:29,3.3,21.9,running,7.6,2.2,20.4,0.4,2.7,4.4,2.7,0.4,3.1,0.9,2.2,0.0,0.9,0.9,5.3,0.0,3.1,0.0,2.2,3.1,0.9,0.0,0.4,11.5,3.5,0.0,3.1,0.0,4.5,2.6,1.3,2.2,1.3,4.9,0.0,0.0,3.5,1.3,1.8,2.2,1.8,0.4,0.4,19.7,7.1,4.9,23.7,2.2,0.0,0.0,0.0,0.0,0.0,0.0,0.0,0.0,0.0,0.0,0.0,0.0,0.0,0.0,0.0,0.0,0.0,0.0,0.0,0.0,0.0,0.0,0.0,0.0,0.0,0.0,0.0,0.0,0.0,0.0,0.0,0.0,0.0,0.0,0.0,0.0,0.0,0.0,0.0,0.0,0.0,0.0,0.0,0.0,0.0,0.0,0.0,0.0
2026-01-23 15:46:32,3.4,28.1,running,3.1,0.0,22.9,1.3,5.4,0.9,3.1,0.9,1.8,0.0,3.1,0.4,2.7,4.4,0.4,0.9,0.4,2.2,1.3,0.0,0.0,0.0,2.2,10.8,4.9,0.0,1.3,0.9,4.0,0.0,1.0,0.9,0.9,4.9,1.8,0.0,4.9,5.3,1.3,2.7,0.9,0.0,0.0,44.0,4.5,0.0,2.7,0.4,0.0,0.0,0.0,0.0,0.0,0.0,0.0,0.0,0.0,0.0,0.0,0.0,0.0,0.0,0.0,0.0,0.0,0.0,0.0,0.0,0.0,0.0,0.0,0.0,0.0,0.0,0.0,0.0,0.0,0.0,0.0,0.0,0.0,0.0,0.0,0.0,0.0,0.0,0.0,0.0,0.0,0.0,0.0,0.0,0.0,0.0,0.0,0.0
2026-01-23 15:46:36,3.4,28.1,running,5.8,0.4,23.8,0.0,3.1,2.2,4.0,0.0,3.6,0.4,1.3,0.4,1.3,1.3,1.3,2.2,2.2,0.4,3.6,0.0,4.5,4.0,0.0,11.2,3.6,0.0,1.3,0.4,1.8,3.1,1.2,1.8,2.2,1.3,7.5,0.0,1.8,1.8,1.3,0.4,0.4,2.2,0.4,0.0,4.4,0.4,38.8,0.9,0.0,0.0,0.0,0.0,0.0,0.0,0.0,0.0,0.0,0.0,0.0,0.0,0.0,0.0,0.0,0.0,0.0,0.0,0.0,0.0,0.0,0.0,0.0,0.0,0.0,0.0,0.0,0.0,0.0,0.0,0.0,0.0,0.0,0.0,0.0,0.0,0.0,0.0,0.0,0.0,0.0,0.0,0.0,0.0,0.0,0.0,0.0,0.0
2026-01-23 15:46:40,3.6,18.7,running,5.8,0.4,18.8,0.4,8.5,4.9,4.9,0.4,2.2,1.4,2.2,2.2,2.2,2.6,3.1,3.1,0.4,0.9,1.8,1.3,0.0,0.4,0.9,12.8,4.5,0.0,4.4,0.0,4.9,1.3,0.9,2.7,0.4,0.4,2.2,2.2,0.4,1.8,0.9,0.0,0.0,0.0,0.9,28.2,5.8,0.0,20.0,0.4,0.0,0.0,0.0,0.0,0.0,0.0,0.0,0.0,0.0,0.0,0.0,0.0,0.0,0.0,0.0,0.0,0.0,0.0,0.0,0.0,0.0,0.0,0.0,0.0,0.0,0.0,0.0,0.0,0.0,0.0,0.0,0.0,0.0,0.0,0.0,0.0,0.0,0.0,0.0,0.0,0.0,0.0,0.0,0.0,0.0,0.0,0.0,0.0
2026-01-23 15:46:43,3.3,21.9,running,5.4,0.0,23.6,0.0,3.1,3.1,5.3,0.0,4.9,0.4,6.7,0.9,3.1,1.8,2.2,7.1,0.4,0.9,3.6,0.4,0.4,1.3,0.9,10.3,2.2,0.9,2.2,1.3,3.5,5.8,2.7,0.0,0.9,2.2,0.4,0.9,0.0,4.0,2.7,3.6,0.4,3.1,0.0,36.2,12.0,1.3,5.8,1.8,0.0,0.0,0.0,0.0,0.0,0.0,0.0,0.0,0.0,0.0,0.0,0.0,0.0,0.0,0.0,0.0,0.0,0.0,0.0,0.0,0.0,0.0,0.0,0.0,0.0,0.0,0.0,0.0,0.0,0.0,0.0,0.0,0.0,0.0,0.0,0.0,0.0,0.0,0.0,0.0,0.0,0.0,0.0,0.0,0.0,0.0,0.0,0.0
2026-01-23 15:46:47,4.0,28.1,running,6.7,0.4,26.2,2.2,4.9,0.4,8.9,0.0,4.5,0.0,7.1,0.4,3.6,0.0,7.1,0.9,1.8,0.4,3.1,2.7,3.1,1.4,3.1,13.8,3.6,0.4,1.8,3.1,0.9,1.8,2.2,0.0,3.1,0.9,0.4,0.9,0.9,6.2,0.4,0.9,0.0,3.1,1.3,0.4,4.9,4.5,39.7,0.0,0.0,0.0,0.0,0.0,0.0,0.0,0.0,0.0,0.0,0.0,0.0,0.0,0.0,0.0,0.0,0.0,0.0,0.0,0.0,0.0,0.0,0.0,0.0,0.0,0.0,0.0,0.0,0.0,0.0,0.0,0.0,0.0,0.0,0.0,0.0,0.0,0.0,0.0,0.0,0.0,0.0,0.0,0.0,0.0,0.0,0.0,0.0,0.0
2026-01-23 15:46:50,3.8,31.2,running,6.2,1.3,27.6,0.0,11.5,3.1,12.1,0.0,12.9,2.7,16.1,1.3,16.8,0.0,8.4,0.0,4.0,2.2,6.2,1.9,1.3,0.0,4.4,10.7,2.2,4.7,4.0,1.0,0.4,3.1,0.0,0.0,1.8,0.4,3.6,0.5,0.5,4.1,2.2,0.4,6.2,2.2,0.5,30.7,8.0,6.7,14.7,4.5,0.0,0.0,0.0,0.0,0.0,0.0,0.0,0.0,0.0,0.0,0.0,0.0,0.0,0.0,0.0,0.0,0.0,0.0,0.0,0.0,0.0,0.0,0.0,0.0,0.0,0.0,0.0,0.0,0.0,0.0,0.0,0.0,0.0,0.0,0.0,0.0,0.0,0.0,0.0,0.0,0.0,0.0,0.0,0.0,0.0,0.0,0.0,0.0
2026-01-23 15:46:54,3.2,21.9,running,4.0,2.2,21.8,1.6,5.4,1.4,4.5,0.0,8.0,0.0,4.0,0.0,1.8,0.0,2.2,2.7,1.3,0.5,1.3,1.7,2.2,1.2,1.8,9.3,2.2,3.1,0.9,2.0,1.3,3.5,0.0,4.0,4.0,1.8,0.9,0.0,0.4,0.8,0.4,0.0,0.9,1.3,0.8,40.7,3.6,0.0,1.3,2.6,0.0,0.0,0.0,0.0,0.0,0.0,0.0,0.0,0.0,0.0,0.0,0.0,0.0,0.0,0.0,0.0,0.0,0.0,0.0,0.0,0.0,0.0,0.0,0.0,0.0,0.0,0.0,0.0,0.0,0.0,0.0,0.0,0.0,0.0,0.0,0.0,0.0,0.0,0.0,0.0,0.0,0.0,0.0,0.0,0.0,0.0,0.0,0.0
2026-01-23 15:46:57,3.8,31.2,running,4.5,0.0,24.2,1.3,5.3,1.3,5.4,0.9,3.6,0.0,1.8,1.3,2.7,1.8,1.8,1.3,1.8,0.4,0.9,1.3,0.9,5.3,0.4,10.2,8.0,0.0,1.3,2.2,2.7,0.0,2.7,0.4,4.0,0.9,3.1,1.3,2.7,4.5,0.0,0.4,1.3,1.8,1.8,41.3,13.3,1.3,1.3,0.4,0.0,0.0,0.0,0.0,0.0,0.0,0.0,0.0,0.0,0.0,0.0,0.0,0.0,0.0,0.0,0.0,0.0,0.0,0.0,0.0,0.0,0.0,0.0,0.0,0.0,0.0,0.0,0.0,0.0,0.0,0.0,0.0,0.0,0.0,0.0,0.0,0.0,0.0,0.0,0.0,0.0,0.0,0.0,0.0,0.0,0.0,0.0,0.0
2026-01-23 15:47:01,3.7,31.2,running,1.8,0.0,22.8,1.3,4.5,4.4,6.2,0.0,5.4,7.4,8.0,0.9,5.8,0.0,7.1,0.0,0.9,3.5,3.6,3.1,4.4,0.5,0.9,13.0,3.1,1.8,2.7,0.0,4.4,0.9,0.9,1.3,0.9,1.3,5.3,1.0,0.9,5.3,3.6,0.4,3.1,0.4,0.0,42.9,5.3,0.4,0.4,0.9,0.0,0.0,0.0,0.0,0.0,0.0,0.0,0.0,0.0,0.0,0.0,0.0,0.0,0.0,0.0,0.0,0.0,0.0,0.0,0.0,0.0,0.0,0.0,0.0,0.0,0.0,0.0,0.0,0.0,0.0,0.0,0.0,0.0,0.0,0.0,0.0,0.0,0.0,0.0,0.0,0.0,0.0,0.0,0.0,0.0,0.0,0.0,0.0
2026-01-23 15:47:04,4.6,21.9,running,2.2,1.8,27.9,2.2,3.6,2.2,10.6,0.5,5.8,3.1,6.2,1.3,3.5,0.4,2.2,2.2,0.9,1.3,2.7,0.9,0.4,0.0,1.8,11.6,3.6,3.6,1.3,2.2,2.2,4.5,0.9,2.2,0.0,2.7,3.1,0.4,4.4,4.5,0.9,0.4,1.3,0.4,0.9,21.8,4.4,2.2,18.2,0.9,0.0,0.0,0.0,0.0,0.0,0.0,0.0,0.0,0.0,0.0,0.0,0.0,0.0,0.0,0.0,0.0,0.0,0.0,0.0,0.0,0.0,0.0,0.0,0.0,0.0,0.0,0.0,0.0,0.0,0.0,0.0,0.0,0.0,0.0,0.0,0.0,0.0,0.0,0.0,0.0,0.0,0.0,0.0,0.0,0.0,0.0,0.0,0.0
2026-01-23 15:47:08,3.7,21.8,running,12.4,0.0,19.9,2.1,6.2,0.4,5.8,0.0,1.8,1.8,2.7,0.9,2.3,0.0,1.8,1.8,2.2,0.0,0.0,2.2,0.4,0.0,0.9,14.2,0.4,0.9,1.8,0.0,0.9,1.8,4.5,1.8,0.4,0.9,4.0,1.8,3.1,1.8,1.3,0.0,0.9,4.4,1.3,0.0,3.6,0.0,45.1,2.2,0.0,0.0,0.0,0.0,0.0,0.0,0.0,0.0,0.0,0.0,0.0,0.0,0.0,0.0,0.0,0.0,0.0,0.0,0.0,0.0,0.0,0.0,0.0,0.0,0.0,0.0,0.0,0.0,0.0,0.0,0.0,0.0,0.0,0.0,0.0,0.0,0.0,0.0,0.0,0.0,0.0,0.0,0.0,0.0,0.0,0.0,0.0,0.0
2026-01-23 15:47:11,3.6,28.1,running,14.5,0.0,20.7,0.0,5.8,0.0,5.8,0.0,3.6,0.0,4.9,1.8,2.7,0.4,0.4,4.9,0.4,0.0,3.2,1.3,4.4,2.3,4.9,10.3,3.1,0.0,3.1,1.3,0.4,1.8,0.9,2.2,1.3,2.7,4.5,0.0,0.4,0.4,4.0,0.0,0.0,0.0,0.0,0.0,4.5,3.5,41.1,1.8,0.0,0.0,0.0,0.0,0.0,0.0,0.0,0.0,0.0,0.0,0.0,0.0,0.0,0.0,0.0,0.0,0.0,0.0,0.0,0.0,0.0,0.0,0.0,0.0,0.0,0.0,0.0,0.0,0.0,0.0,0.0,0.0,0.0,0.0,0.0,0.0,0.0,0.0,0.0,0.0,0.0,0.0,0.0,0.0,0.0,0.0,0.0,0.0
2026-01-23 15:47:15,3.4,18.7,running,8.0,2.7,15.9,0.9,6.7,3.6,7.1,0.5,2.7,0.0,5.8,1.3,5.8,2.7,4.5,0.4,1.8,0.0,0.0,0.4,0.4,0.0,1.8,10.7,3.1,0.9,3.6,0.9,0.4,2.7,2.2,0.0,2.2,4.4,4.0,0.4,4.4,0.0,1.3,1.8,1.8,0.9,0.9,25.4,7.0,2.7,22.0,1.8,0.0,0.0,0.0,0.0,0.0,0.0,0.0,0.0,0.0,0.0,0.0,0.0,0.0,0.0,0.0,0.0,0.0,0.0,0.0,0.0,0.0,0.0,0.0,0.0,0.0,0.0,0.0,0.0,0.0,0.0,0.0,0.0,0.0,0.0,0.0,0.0,0.0,0.0,0.0,0.0,0.0,0.0,0.0,0.0,0.0,0.0,0.0,0.0
2026-01-23 15:47:18,3.4,31.2,running,8.3,0.0,22.9,0.0,2.7,0.4,8.0,0.0,4.0,2.1,1.3,1.8,2.2,0.9,0.9,3.5,1.3,0.4,2.2,1.8,1.3,0.9,2.7,12.9,4.9,2.7,3.1,1.8,0.9,0.0,0.0,0.0,2.2,3.1,5.4,0.0,2.7,0.0,5.3,3.1,0.4,0.0,0.5,37.3,5.3,0.4,5.8,4.0,0.0,0.0,0.0,0.0,0.0,0.0,0.0,0.0,0.0,0.0,0.0,0.0,0.0,0.0,0.0,0.0,0.0,0.0,0.0,0.0,0.0,0.0,0.0,0.0,0.0,0.0,0.0,0.0,0.0,0.0,0.0,0.0,0.0,0.0,0.0,0.0,0.0,0.0,0.0,0.0,0.0,0.0,0.0,0.0,0.0,0.0,0.0,0.0
2026-01-23 15:47:22,3.8,25.0,running,8.0,3.6,23.8,0.9,4.0,0.0,10.2,0.0,4.0,0.8,1.3,0.9,4.0,0.0,2.2,0.9,0.4,0.0,0.0,3.1,0.9,2.0,0.4,12.5,5.2,2.2,1.8,1.8,1.8,0.0,0.4,0.0,4.5,1.8,2.2,3.1,3.1,0.9,5.8,1.3,3.1,0.4,0.4,0.0,5.3,0.9,41.0,0.4,0.0,0.0,0.0,0.0,0.0,0.0,0.0,0.0,0.0,0.0,0.0,0.0,0.0,0.0,0.0,0.0,0.0,0.0,0.0,0.0,0.0,0.0,0.0,0.0,0.0,0.0,0.0,0.0,0.0,0.0,0.0,0.0,0.0,0.0,0.0,0.0,0.0,0.0,0.0,0.0,0.0,0.0,0.0,0.0,0.0,0.0,0.0,0.0
2026-01-23 15:47:25,3.5,25.0,running,5.3,1.3,19.8,0.5,3.6,1.3,4.5,0.0,4.9,2.7,3.6,0.4,4.4,1.3,1.8,0.0,0.0,1.3,0.0,0.0,1.8,3.1,0.9,12.1,4.0,0.9,1.8,0.0,1.3,0.4,1.8,4.4,1.8,2.2,7.1,2.2,3.6,3.6,3.1,0.9,0.0,4.0,0.0,29.3,5.3,0.0,15.6,0.0,0.0,0.0,0.0,0.0,0.0,0.0,0.0,0.0,0.0,0.0,0.0,0.0,0.0,0.0,0.0,0.0,0.0,0.0,0.0,0.0,0.0,0.0,0.0,0.0,0.0,0.0,0.0,0.0,0.0,0.0,0.0,0.0,0.0,0.0,0.0,0.0,0.0,0.0,0.0,0.0,0.0,0.0,0.0,0.0,0.0,0.0,0.0,0.0
2026-01-23 15:47:29,3.6,25.0,running,4.4,1.3,19.0,1.4,4.9,3.6,4.0,0.0,2.2,1.8,3.5,1.8,3.6,4.0,3.6,1.3,0.9,0.0,0.0,0.0,0.9,3.6,0.0,12.5,0.9,0.0,0.9,5.3,3.6,3.1,2.2,1.8,1.3,1.8,4.9,7.6,0.0,1.3,2.2,0.0,3.6,2.7,0.0,35.1,5.3,0.0,10.1,0.0,0.0,0.0,0.0,0.0,0.0,0.0,0.0,0.0,0.0,0.0,0.0,0.0,0.0,0.0,0.0,0.0,0.0,0.0,0.0,0.0,0.0,0.0,0.0,0.0,0.0,0.0,0.0,0.0,0.0,0.0,0.0,0.0,0.0,0.0,0.0,0.0,0.0,0.0,0.0,0.0,0.0,0.0,0.0,0.0,0.0,0.0,0.0,0.0
2026-01-23 15:47:32,3.3,25.0,running,4.4,2.2,22.1,2.1,3.6,1.8,5.3,0.0,3.1,0.0,3.1,0.9,3.5,0.9,0.4,0.4,4.4,1.4,0.4,0.4,0.4,0.9,0.4,10.7,0.9,1.8,4.0,0.0,0.4,0.5,2.3,3.6,5.4,1.3,2.2,2.7,4.9,2.7,5.8,0.0,1.8,0.0,0.0,0.0,6.7,0.9,42.3,0.9,0.0,0.0,0.0,0.0,0.0,0.0,0.0,0.0,0.0,0.0,0.0,0.0,0.0,0.0,0.0,0.0,0.0,0.0,0.0,0.0,0.0,0.0,0.0,0.0,0.0,0.0,0.0,0.0,0.0,0.0,0.0,0.0,0.0,0.0,0.0,0.0,0.0,0.0,0.0,0.0,0.0,0.0,0.0,0.0,0.0,0.0,0.0,0.0
2026-01-23 15:47:36,3.2,21.8,running,1.8,0.4,24.3,0.4,4.9,0.4,3.1,0.0,2.7,0.0,6.7,0.9,1.8,2.2,1.3,2.7,0.9,1.3,0.4,2.2,0.9,0.0,0.4,12.1,1.8,2.2,4.0,6.6,2.7,1.8,0.9,2.2,3.1,3.1,6.2,2.2,3.1,0.4,3.1,0.0,1.3,0.0,2.2,32.4,6.2,0.0,8.4,0.4,0.0,0.0,0.0,0.0,0.0,0.0,0.0,0.0,0.0,0.0,0.0,0.0,0.0,0.0,0.0,0.0,0.0,0.0,0.0,0.0,0.0,0.0,0.0,0.0,0.0,0.0,0.0,0.0,0.0,0.0,0.0,0.0,0.0,0.0,0.0,0.0,0.0,0.0,0.0,0.0,0.0,0.0,0.0,0.0,0.0,0.0,0.0,0.0
2026-01-23 15:47:39,3.7,31.2,running,2.2,4.9,24.8,1.9,4.0,1.3,1.3,0.9,2.7,0.0,3.1,0.9,2.7,2.2,0.4,0.0,2.7,0.9,2.7,0.0,2.2,4.1,2.2,11.6,0.4,1.8,2.7,0.9,5.8,0.0,0.9,0.4,4.0,3.6,0.9,0.4,1.8,3.6,3.6,0.4,0.4,2.7,0.0,27.8,8.1,0.9,16.8,0.4,0.0,0.0,0.0,0.0,0.0,0.0,0.0,0.0,0.0,0.0,0.0,0.0,0.0,0.0,0.0,0.0,0.0,0.0,0.0,0.0,0.0,0.0,0.0,0.0,0.0,0.0,0.0,0.0,0.0,0.0,0.0,0.0,0.0,0.0,0.0,0.0,0.0,0.0,0.0,0.0,0.0,0.0,0.0,0.0,0.0,0.0,0.0,0.0
2026-01-23 15:47:43,3.9,34.3,running,9.8,0.0,23.5,1.9,7.1,0.4,5.3,0.0,2.7,0.0,7.6,0.9,5.8,3.1,1.8,4.0,2.8,1.8,4.0,0.0,0.4,0.0,0.9,10.2,3.6,2.7,2.7,2.2,4.5,0.0,2.2,0.0,3.1,0.9,3.1,0.0,0.0,0.9,0.4,0.4,1.8,0.4,0.4,0.0,3.6,6.2,41.8,2.7,0.0,0.0,0.0,0.0,0.0,0.0,0.0,0.0,0.0,0.0,0.0,0.0,0.0,0.0,0.0,0.0,0.0,0.0,0.0,0.0,0.0,0.0,0.0,0.0,0.0,0.0,0.0,0.0,0.0,0.0,0.0,0.0,0.0,0.0,0.0,0.0,0.0,0.0,0.0,0.0,0.0,0.0,0.0,0.0,0.0,0.0,0.0,0.0
2026-01-23 15:47:46,3.4,28.1,running,6.7,3.1,21.4,0.0,3.6,4.5,7.1,0.9,5.3,0.0,4.9,0.9,2.7,0.9,3.5,0.9,2.6,3.1,2.2,0.0,1.3,0.0,0.4,10.7,2.2,0.9,5.4,3.6,2.2,0.9,7.1,0.4,5.3,1.3,2.2,0.0,0.0,0.4,2.2,6.7,1.3,0.4,0.0,18.2,1.3,1.8,16.9,1.8,0.0,0.0,0.0,0.0,0.0,0.0,0.0,0.0,0.0,0.0,0.0,0.0,0.0,0.0,0.0,0.0,0.0,0.0,0.0,0.0,0.0,0.0,0.0,0.0,0.0,0.0,0.0,0.0,0.0,0.0,0.0,0.0,0.0,0.0,0.0,0.0,0.0,0.0,0.0,0.0,0.0,0.0,0.0,0.0,0.0,0.0,0.0,0.0
2026-01-23 15:47:50,3.3,31.2,running,5.3,1.8,25.4,2.3,5.0,1.3,7.6,2.2,3.1,0.4,4.5,2.7,4.5,1.8,2.2,2.2,3.1,0.0,0.9,0.0,0.4,0.0,2.2,11.1,1.8,0.4,3.1,1.8,0.4,1.8,1.8,3.1,3.1,4.0,5.8,0.0,0.4,2.2,2.2,4.0,0.0,1.3,0.0,25.9,1.3,6.2,20.0,2.4,0.0,0.0,0.0,0.0,0.0,0.0,0.0,0.0,0.0,0.0,0.0,0.0,0.0,0.0,0.0,0.0,0.0,0.0,0.0,0.0,0.0,0.0,0.0,0.0,0.0,0.0,0.0,0.0,0.0,0.0,0.0,0.0,0.0,0.0,0.0,0.0,0.0,0.0,0.0,0.0,0.0,0.0,0.0,0.0,0.0,0.0,0.0,0.0
2026-01-23 15:47:53,3.4,25.0,running,8.0,1.3,19.7,2.2,3.1,0.9,7.5,0.0,3.1,1.3,3.1,0.9,0.9,3.5,2.7,4.0,2.2,0.4,1.8,1.1,1.3,0.9,0.4,10.6,0.9,1.3,1.8,0.0,1.8,1.8,0.0,0.4,5.3,3.1,2.7,2.7,0.9,3.1,1.3,0.9,0.0,0.4,1.3,4.9,4.4,1.3,35.3,1.7,0.0,0.0,0.0,0.0,0.0,0.0,0.0,0.0,0.0,0.0,0.0,0.0,0.0,0.0,0.0,0.0,0.0,0.0,0.0,0.0,0.0,0.0,0.0,0.0,0.0,0.0,0.0,0.0,0.0,0.0,0.0,0.0,0.0,0.0,0.0,0.0,0.0,0.0,0.0,0.0,0.0,0.0,0.0,0.0,0.0,0.0,0.0,0.0
2026-01-23 15:47:57,4.2,25.0,running,4.0,0.4,21.8,4.4,11.1,0.5,8.9,0.0,3.1,0.0,5.4,1.8,1.8,0.5,0.9,1.3,0.0,3.5,0.5,0.0,0.9,0.0,1.3,9.3,6.1,0.0,4.4,0.0,1.8,2.7,4.0,3.6,4.4,2.2,2.7,0.0,0.4,0.4,0.9,0.0,0.5,0.4,0.9,39.4,14.0,4.0,4.1,3.6,0.0,0.0,0.0,0.0,0.0,0.0,0.0,0.0,0.0,0.0,0.0,0.0,0.0,0.0,0.0,0.0,0.0,0.0,0.0,0.0,0.0,0.0,0.0,0.0,0.0,0.0,0.0,0.0,0.0,0.0,0.0,0.0,0.0,0.0,0.0,0.0,0.0,0.0,0.0,0.0,0.0,0.0,0.0,0.0,0.0,0.0,0.0,0.0
2026-01-23 15:48:00,3.4,31.2,running,4.0,0.9,17.3,2.3,5.4,0.8,5.8,0.0,5.8,0.0,6.2,1.8,2.7,1.6,1.8,4.9,1.3,0.4,1.2,0.0,0.9,0.8,0.0,11.6,3.8,1.6,6.2,2.0,3.6,1.8,1.4,0.4,5.3,1.8,2.2,2.0,0.9,3.1,1.3,1.2,1.8,3.1,2.2,19.2,2.6,2.4,26.2,0.0,0.0,0.0,0.0,0.0,0.0,0.0,0.0,0.0,0.0,0.0,0.0,0.0,0.0,0.0,0.0,0.0,0.0,0.0,0.0,0.0,0.0,0.0,0.0,0.0,0.0,0.0,0.0,0.0,0.0,0.0,0.0,0.0,0.0,0.0,0.0,0.0,0.0,0.0,0.0,0.0,0.0,0.0,0.0,0.0,0.0,0.0,0.0,0.0
2026-01-23 15:48:04,3.4,31.2,running,6.7,0.9,23.6,0.4,8.5,3.5,6.6,0.0,3.6,0.0,3.5,2.2,4.0,0.4,1.3,1.3,0.9,0.0,0.0,0.0,1.3,0.0,1.3,9.4,1.3,0.9,6.3,0.0,1.4,0.0,2.7,1.3,2.7,0.4,3.1,0.9,2.2,1.8,1.8,2.2,0.0,2.2,2.2,11.6,3.6,1.3,34.3,0.9,0.0,0.0,0.0,0.0,0.0,0.0,0.0,0.0,0.0,0.0,0.0,0.0,0.0,0.0,0.0,0.0,0.0,0.0,0.0,0.0,0.0,0.0,0.0,0.0,0.0,0.0,0.0,0.0,0.0,0.0,0.0,0.0,0.0,0.0,0.0,0.0,0.0,0.0,0.0,0.0,0.0,0.0,0.0,0.0,0.0,0.0,0.0,0.0
2026-01-23 15:48:07,3.5,34.3,running,3.5,1.8,16.4,1.9,3.6,0.9,5.3,0.4,2.2,0.4,4.0,0.0,2.2,0.0,1.3,1.3,0.4,1.8,1.8,3.1,0.4,5.3,0.0,10.7,3.6,0.9,4.4,2.7,3.4,1.0,3.1,2.2,4.9,5.3,1.3,0.0,0.0,0.0,0.9,0.4,1.3,0.4,0.9,44.7,4.9,2.2,0.0,4.4,0.0,0.0,0.0,0.0,0.0,0.0,0.0,0.0,0.0,0.0,0.0,0.0,0.0,0.0,0.0,0.0,0.0,0.0,0.0,0.0,0.0,0.0,0.0,0.0,0.0,0.0,0.0,0.0,0.0,0.0,0.0,0.0,0.0,0.0,0.0,0.0,0.0,0.0,0.0,0.0,0.0,0.0,0.0,0.0,0.0,0.0,0.0,0.0
2026-01-23 15:48:11,3.8,21.8,running,3.1,0.4,24.9,0.0,6.3,2.7,4.1,0.0,4.5,0.0,2.3,0.4,2.2,0.4,0.4,0.4,0.0,0.9,2.7,1.8,1.3,0.9,0.5,12.1,5.3,0.0,4.4,1.8,1.3,3.8,1.3,0.4,2.7,3.6,2.7,2.7,0.4,1.3,0.4,2.2,1.8,0.9,7.1,10.4,0.9,0.9,34.2,1.4,0.0,0.0,0.0,0.0,0.0,0.0,0.0,0.0,0.0,0.0,0.0,0.0,0.0,0.0,0.0,0.0,0.0,0.0,0.0,0.0,0.0,0.0,0.0,0.0,0.0,0.0,0.0,0.0,0.0,0.0,0.0,0.0,0.0,0.0,0.0,0.0,0.0,0.0,0.0,0.0,0.0,0.0,0.0,0.0,0.0,0.0,0.0,0.0
2026-01-23 15:48:14,3.8,28.1,running,2.7,1.3,24.0,0.0,4.0,2.6,6.2,0.9,4.4,0.9,2.2,1.8,3.6,0.9,0.4,1.8,0.0,1.8,0.9,3.6,1.3,1.0,4.8,12.0,4.9,0.0,5.3,5.8,3.5,0.4,1.3,0.9,5.3,3.5,2.2,0.9,0.0,0.4,2.2,3.1,1.8,0.9,1.3,14.2,1.8,0.0,26.9,0.4,0.0,0.0,0.0,0.0,0.0,0.0,0.0,0.0,0.0,0.0,0.0,0.0,0.0,0.0,0.0,0.0,0.0,0.0,0.0,0.0,0.0,0.0,0.0,0.0,0.0,0.0,0.0,0.0,0.0,0.0,0.0,0.0,0.0,0.0,0.0,0.0,0.0,0.0,0.0,0.0,0.0,0.0,0.0,0.0,0.0,0.0,0.0,0.0
2026-01-23 15:48:18,3.3,31.2,running,0.9,0.4,25.1,0.0,2.7,2.7,5.8,0.0,4.9,0.0,5.8,1.3,4.9,0.5,2.7,6.2,1.8,0.4,4.0,4.0,0.0,0.0,0.9,10.2,2.7,0.4,2.2,0.0,2.7,0.4,0.0,0.0,4.9,2.2,2.7,5.8,0.4,0.0,4.0,3.6,2.2,0.4,2.7,39.6,8.0,0.0,0.9,0.4,0.0,0.0,0.0,0.0,0.0,0.0,0.0,0.0,0.0,0.0,0.0,0.0,0.0,0.0,0.0,0.0,0.0,0.0,0.0,0.0,0.0,0.0,0.0,0.0,0.0,0.0,0.0,0.0,0.0,0.0,0.0,0.0,0.0,0.0,0.0,0.0,0.0,0.0,0.0,0.0,0.0,0.0,0.0,0.0,0.0,0.0,0.0,0.0
2026-01-23 15:48:21,3.6,25.0,running,5.8,0.9,23.2,0.0,4.0,0.0,7.9,0.4,0.9,0.4,1.3,0.9,4.0,0.0,0.4,0.9,2.2,0.0,4.4,0.9,1.8,1.4,1.8,14.2,1.3,3.5,4.4,0.9,1.8,1.3,4.0,2.2,1.8,3.6,2.2,2.7,4.5,0.0,1.3,2.7,0.4,1.8,2.7,4.5,4.0,0.0,39.5,0.4,0.0,0.0,0.0,0.0,0.0,0.0,0.0,0.0,0.0,0.0,0.0,0.0,0.0,0.0,0.0,0.0,0.0,0.0,0.0,0.0,0.0,0.0,0.0,0.0,0.0,0.0,0.0,0.0,0.0,0.0,0.0,0.0,0.0,0.0,0.0,0.0,0.0,0.0,0.0,0.0,0.0,0.0,0.0,0.0,0.0,0.0,0.0,0.0
2026-01-23 15:48:25,4.0,43.7,running,6.7,1.3,22.3,0.0,4.5,0.4,4.5,0.0,3.6,0.9,5.3,0.0,3.6,0.0,0.4,0.9,1.3,0.4,4.0,0.0,0.4,1.9,2.2,10.7,1.8,4.4,2.2,0.0,1.3,1.8,2.8,6.7,5.8,4.8,2.2,0.4,4.9,1.3,2.2,2.7,4.9,2.2,0.0,22.6,3.1,0.0,22.9,0.4,0.0,0.0,0.0,0.0,0.0,0.0,0.0,0.0,0.0,0.0,0.0,0.0,0.0,0.0,0.0,0.0,0.0,0.0,0.0,0.0,0.0,0.0,0.0,0.0,0.0,0.0,0.0,0.0,0.0,0.0,0.0,0.0,0.0,0.0,0.0,0.0,0.0,0.0,0.0,0.0,0.0,0.0,0.0,0.0,0.0,0.0,0.0,0.0
2026-01-23 15:48:28,3.4,25.0,running,0.4,2.2,20.1,0.5,4.5,4.5,8.0,0.0,4.5,0.4,2.2,0.9,1.8,0.0,0.4,4.5,1.8,0.9,1.8,0.0,2.2,0.8,2.7,8.9,3.5,1.3,2.7,0.9,2.7,0.0,0.9,0.0,4.4,3.1,2.2,0.0,0.9,3.6,0.9,1.8,6.7,4.9,0.4,41.3,2.2,1.8,2.2,1.8,0.0,0.0,0.0,0.0,0.0,0.0,0.0,0.0,0.0,0.0,0.0,0.0,0.0,0.0,0.0,0.0,0.0,0.0,0.0,0.0,0.0,0.0,0.0,0.0,0.0,0.0,0.0,0.0,0.0,0.0,0.0,0.0,0.0,0.0,0.0,0.0,0.0,0.0,0.0,0.0,0.0,0.0,0.0,0.0,0.0,0.0,0.0,0.0
2026-01-23 15:48:32,4.0,25.0,running,9.3,3.6,23.1,2.6,8.8,6.7,7.9,0.9,11.1,1.3,8.8,0.9,3.1,0.4,4.9,1.8,2.6,0.4,1.3,0.9,8.4,0.9,0.4,12.0,0.9,2.7,3.6,0.0,0.4,0.9,0.4,0.4,4.0,5.3,1.8,2.2,1.3,0.0,0.4,2.7,1.3,0.9,0.0,0.9,0.0,0.9,41.8,3.1,0.0,0.0,0.0,0.0,0.0,0.0,0.0,0.0,0.0,0.0,0.0,0.0,0.0,0.0,0.0,0.0,0.0,0.0,0.0,0.0,0.0,0.0,0.0,0.0,0.0,0.0,0.0,0.0,0.0,0.0,0.0,0.0,0.0,0.0,0.0,0.0,0.0,0.0,0.0,0.0,0.0,0.0,0.0,0.0,0.0,0.0,0.0,0.0
2026-01-23 15:48:35,3.5,21.9,running,6.7,0.0,21.4,0.9,5.4,0.0,2.7,0.0,3.1,1.8,4.9,0.9,4.5,0.0,7.6,1.8,3.1,6.7,1.8,0.4,0.4,0.0,0.0,11.2,1.8,0.9,5.3,0.0,5.8,1.3,0.9,4.5,4.0,3.5,4.0,0.0,1.8,0.4,0.9,0.0,0.0,0.4,0.4,25.2,3.1,2.2,20.4,1.3,0.0,0.0,0.0,0.0,0.0,0.0,0.0,0.0,0.0,0.0,0.0,0.0,0.0,0.0,0.0,0.0,0.0,0.0,0.0,0.0,0.0,0.0,0.0,0.0,0.0,0.0,0.0,0.0,0.0,0.0,0.0,0.0,0.0,0.0,0.0,0.0,0.0,0.0,0.0,0.0,0.0,0.0,0.0,0.0,0.0,0.0,0.0,0.0
2026-01-23 15:48:39,4.1,28.1,running,5.3,0.4,21.7,0.0,5.4,4.9,3.1,0.0,5.3,0.0,7.1,0.4,7.1,0.0,6.1,0.4,4.4,0.9,3.1,4.1,1.3,0.0,3.1,11.6,4.9,0.4,1.8,3.5,2.2,0.9,0.9,1.8,2.7,0.4,1.3,1.4,3.2,2.2,2.7,3.1,4.0,3.6,1.8,39.4,10.3,0.4,1.3,2.7,0.0,0.0,0.0,0.0,0.0,0.0,0.0,0.0,0.0,0.0,0.0,0.0,0.0,0.0,0.0,0.0,0.0,0.0,0.0,0.0,0.0,0.0,0.0,0.0,0.0,0.0,0.0,0.0,0.0,0.0,0.0,0.0,0.0,0.0,0.0,0.0,0.0,0.0,0.0,0.0,0.0,0.0,0.0,0.0,0.0,0.0,0.0,0.0
2026-01-23 15:48:42,4.8,21.9,running,4.0,0.9,22.6,1.2,2.7,4.0,8.0,0.4,4.4,2.2,15.0,2.7,7.1,0.0,5.4,3.1,5.8,2.2,0.9,4.3,3.6,2.4,4.9,13.0,7.6,1.3,7.1,2.7,4.4,15.8,4.7,11.9,5.8,4.5,7.1,0.9,30.9,0.4,11.6,6.3,6.3,1.3,1.8,22.4,3.6,2.7,7.6,2.2,0.0,0.0,0.0,0.0,0.0,0.0,0.0,0.0,0.0,0.0,0.0,0.0,0.0,0.0,0.0,0.0,0.0,0.0,0.0,0.0,0.0,0.0,0.0,0.0,0.0,0.0,0.0,0.0,0.0,0.0,0.0,0.0,0.0,0.0,0.0,0.0,0.0,0.0,0.0,0.0,0.0,0.0,0.0,0.0,0.0,0.0,0.0,0.0
2026-01-23 15:48:46,3.9,31.2,running,1.8,0.9,25.4,0.0,2.7,3.1,8.9,0.0,5.8,3.6,10.3,1.8,4.9,0.0,5.8,3.1,1.3,0.0,0.4,2.7,6.6,0.0,1.8,12.5,7.6,0.0,2.2,2.2,1.8,23.0,5.4,3.1,2.7,0.5,0.9,1.3,16.1,2.6,4.9,0.9,2.7,0.0,0.0,35.0,5.4,4.0,1.3,2.2,0.0,0.0,0.0,0.0,0.0,0.0,0.0,0.0,0.0,0.0,0.0,0.0,0.0,0.0,0.0,0.0,0.0,0.0,0.0,0.0,0.0,0.0,0.0,0.0,0.0,0.0,0.0,0.0,0.0,0.0,0.0,0.0,0.0,0.0,0.0,0.0,0.0,0.0,0.0,0.0,0.0,0.0,0.0,0.0,0.0,0.0,0.0,0.0
2026-01-23 15:48:49,4.2,34.3,running,1.8,1.3,23.7,2.1,4.5,0.4,6.2,0.0,3.1,0.4,5.8,0.9,4.0,1.3,2.7,2.7,3.1,1.8,4.0,0.0,3.1,0.4,2.7,13.2,2.2,0.0,2.7,0.4,7.1,10.6,0.4,8.0,6.2,1.3,4.0,2.7,18.6,4.5,5.3,4.0,3.6,1.3,1.8,31.2,4.9,3.1,1.8,1.8,0.0,0.0,0.0,0.0,0.0,0.0,0.0,0.0,0.0,0.0,0.0,0.0,0.0,0.0,0.0,0.0,0.0,0.0,0.0,0.0,0.0,0.0,0.0,0.0,0.0,0.0,0.0,0.0,0.0,0.0,0.0,0.0,0.0,0.0,0.0,0.0,0.0,0.0,0.0,0.0,0.0,0.0,0.0,0.0,0.0,0.0,0.0,0.0
2026-01-23 15:48:53,4.0,25.0,running,4.4,0.9,16.4,0.4,5.8,1.8,3.6,0.0,2.2,1.8,5.8,0.4,5.4,2.2,7.1,1.8,2.2,1.3,1.8,0.0,4.0,4.5,3.6,9.9,3.6,1.3,2.2,0.0,0.0,45.5,1.8,5.8,4.9,3.1,11.1,1.3,22.6,2.7,8.0,2.7,4.9,1.3,0.0,3.1,2.7,6.2,0.9,0.4,0.0,0.0,0.0,0.0,0.0,0.0,0.0,0.0,0.0,0.0,0.0,0.0,0.0,0.0,0.0,0.0,0.0,0.0,0.0,0.0,0.0,0.0,0.0,0.0,0.0,0.0,0.0,0.0,0.0,0.0,0.0,0.0,0.0,0.0,0.0,0.0,0.0,0.0,0.0,0.0,0.0,0.0,0.0,0.0,0.0,0.0,0.0,0.0
2026-01-23 15:48:56,3.7,28.1,running,2.7,2.7,17.3,1.9,3.6,1.3,3.1,0.0,5.3,0.9,3.6,1.3,4.4,2.2,1.8,1.8,1.3,0.0,1.8,0.0,3.1,1.3,1.3,11.5,5.3,1.8,1.8,0.0,2.2,8.5,1.3,2.7,5.2,0.0,5.8,1.3,15.1,5.8,6.3,2.2,3.1,2.7,40.0,2.7,9.0,4.9,2.7,0.4,0.0,0.0,0.0,0.0,0.0,0.0,0.0,0.0,0.0,0.0,0.0,0.0,0.0,0.0,0.0,0.0,0.0,0.0,0.0,0.0,0.0,0.0,0.0,0.0,0.0,0.0,0.0,0.0,0.0,0.0,0.0,0.0,0.0,0.0,0.0,0.0,0.0,0.0,0.0,0.0,0.0,0.0,0.0,0.0,0.0,0.0,0.0,0.0
2026-01-23 15:49:00,4.1,15.6,running,2.2,1.8,26.7,0.0,8.0,0.4,5.3,0.0,5.8,0.0,4.0,0.5,4.0,1.8,0.9,1.8,1.3,0.0,0.0,0.9,1.8,3.5,0.9,15.0,3.1,0.4,5.3,1.3,3.1,20.2,4.9,1.8,5.4,3.1,4.0,0.0,7.5,4.5,3.1,0.4,1.3,1.8,25.3,2.2,1.3,4.9,1.3,0.9,0.0,0.0,0.0,0.0,0.0,0.0,0.0,0.0,0.0,0.0,0.0,0.0,0.0,0.0,0.0,0.0,0.0,0.0,0.0,0.0,0.0,0.0,0.0,0.0,0.0,0.0,0.0,0.0,0.0,0.0,0.0,0.0,0.0,0.0,0.0,0.0,0.0,0.0,0.0,0.0,0.0,0.0,0.0,0.0,0.0,0.0,0.0,0.0
2026-01-23 15:49:03,5.1,28.1,running,5.4,3.1,23.7,0.0,6.2,3.1,2.7,0.9,3.6,0.4,11.6,0.9,4.0,3.1,3.1,0.4,0.9,0.9,0.0,5.8,1.3,0.0,4.0,12.5,4.0,0.0,2.2,2.7,1.8,42.9,7.0,14.2,6.6,0.9,0.0,1.8,23.2,3.5,5.3,2.7,4.0,2.7,3.6,3.1,0.9,0.9,0.0,0.4,0.0,0.0,0.0,0.0,0.0,0.0,0.0,0.0,0.0,0.0,0.0,0.0,0.0,0.0,0.0,0.0,0.0,0.0,0.0,0.0,0.0,0.0,0.0,0.0,0.0,0.0,0.0,0.0,0.0,0.0,0.0,0.0,0.0,0.0,0.0,0.0,0.0,0.0,0.0,0.0,0.0,0.0,0.0,0.0,0.0,0.0,0.0,0.0
2026-01-23 15:49:07,3.5,18.7,running,2.2,0.9,21.3,0.9,7.6,0.4,8.0,0.0,8.5,0.9,2.7,1.3,2.2,0.9,0.9,3.1,0.4,1.8,0.0,1.3,0.9,0.9,0.0,11.2,2.2,3.6,5.8,0.0,4.0,3.6,0.4,0.0,4.0,1.3,8.0,1.8,3.5,2.2,0.9,0.0,0.0,0.0,43.2,0.0,8.4,0.0,0.4,0.0,0.0,0.0,0.0,0.0,0.0,0.0,0.0,0.0,0.0,0.0,0.0,0.0,0.0,0.0,0.0,0.0,0.0,0.0,0.0,0.0,0.0,0.0,0.0,0.0,0.0,0.0,0.0,0.0,0.0,0.0,0.0,0.0,0.0,0.0,0.0,0.0,0.0,0.0,0.0,0.0,0.0,0.0,0.0,0.0,0.0,0.0,0.0,0.0
2026-01-23 15:49:10,3.9,18.7,running,3.1,0.9,18.5,2.2,5.4,0.9,6.7,0.4,1.8,4.9,2.2,0.4,2.2,2.7,2.2,0.0,0.0,0.4,0.0,0.4,2.2,0.0,0.9,11.2,3.6,0.0,1.3,3.1,0.9,2.7,2.7,0.0,4.9,3.1,3.1,0.0,2.8,3.6,1.3,5.8,1.8,0.9,50.4,0.0,3.6,3.6,1.3,4.0,0.0,0.0,0.0,0.0,0.0,0.0,0.0,0.0,0.0,0.0,0.0,0.0,0.0,0.0,0.0,0.0,0.0,0.0,0.0,0.0,0.0,0.0,0.0,0.0,0.0,0.0,0.0,0.0,0.0,0.0,0.0,0.0,0.0,0.0,0.0,0.0,0.0,0.0,0.0,0.0,0.0,0.0,0.0,0.0,0.0,0.0,0.0,0.0
2026-01-23 15:49:14,3.4,28.1,running,4.9,2.7,19.2,0.4,3.1,0.0,4.9,0.9,3.1,1.3,1.3,2.2,0.4,0.9,2.7,0.9,0.8,1.3,0.0,3.1,2.7,1.3,1.8,11.1,2.2,0.4,1.3,0.4,0.9,5.3,0.0,2.2,2.7,3.5,4.4,0.0,0.4,4.9,1.8,0.9,1.8,2.2,40.7,0.9,8.4,1.3,1.8,0.4,0.0,0.0,0.0,0.0,0.0,0.0,0.0,0.0,0.0,0.0,0.0,0.0,0.0,0.0,0.0,0.0,0.0,0.0,0.0,0.0,0.0,0.0,0.0,0.0,0.0,0.0,0.0,0.0,0.0,0.0,0.0,0.0,0.0,0.0,0.0,0.0,0.0,0.0,0.0,0.0,0.0,0.0,0.0,0.0,0.0,0.0,0.0,0.0
2026-01-23 15:49:17,3.3,31.2,running,2.2,0.0,21.0,1.3,4.9,1.8,1.8,0.0,4.0,1.3,1.3,0.9,1.8,2.7,3.1,0.9,4.0,0.9,0.0,1.8,1.3,0.4,0.0,12.9,1.8,3.6,4.4,0.4,0.4,42.0,3.1,0.9,5.8,3.1,5.3,0.0,0.4,3.1,0.0,2.2,0.0,0.4,1.2,0.0,3.1,3.1,0.4,0.0,0.0,0.0,0.0,0.0,0.0,0.0,0.0,0.0,0.0,0.0,0.0,0.0,0.0,0.0,0.0,0.0,0.0,0.0,0.0,0.0,0.0,0.0,0.0,0.0,0.0,0.0,0.0,0.0,0.0,0.0,0.0,0.0,0.0,0.0,0.0,0.0,0.0,0.0,0.0,0.0,0.0,0.0,0.0,0.0,0.0,0.0,0.0,0.0
2026-01-23 15:49:21,2.8,31.2,running,0.9,0.9,17.7,0.0,3.1,1.8,0.9,0.0,4.0,1.8,2.7,1.3,3.1,0.0,1.3,0.9,1.3,0.9,0.0,0.9,0.0,0.0,0.4,11.2,5.8,2.2,2.7,0.4,2.2,43.6,8.9,1.3,2.7,1.3,7.6,4.0,1.8,4.9,2.7,0.0,0.9,0.0,5.3,4.5,1.8,0.0,0.4,1.8,0.0,0.0,0.0,0.0,0.0,0.0,0.0,0.0,0.0,0.0,0.0,0.0,0.0,0.0,0.0,0.0,0.0,0.0,0.0,0.0,0.0,0.0,0.0,0.0,0.0,0.0,0.0,0.0,0.0,0.0,0.0,0.0,0.0,0.0,0.0,0.0,0.0,0.0,0.0,0.0,0.0,0.0,0.0,0.0,0.0,0.0,0.0,0.0
2026-01-23 15:49:24,3.6,28.1,running,5.3,1.3,24.4,2.2,5.4,2.7,8.5,0.0,4.0,0.0,2.7,0.4,2.6,1.5,4.0,0.4,1.8,3.1,1.3,0.4,2.2,1.7,3.5,11.1,3.1,0.0,3.1,0.0,0.4,31.8,3.1,0.0,4.4,2.2,0.9,0.4,0.0,6.3,0.4,1.8,1.3,0.9,10.1,3.5,3.6,0.0,0.0,0.0,0.0,0.0,0.0,0.0,0.0,0.0,0.0,0.0,0.0,0.0,0.0,0.0,0.0,0.0,0.0,0.0,0.0,0.0,0.0,0.0,0.0,0.0,0.0,0.0,0.0,0.0,0.0,0.0,0.0,0.0,0.0,0.0,0.0,0.0,0.0,0.0,0.0,0.0,0.0,0.0,0.0,0.0,0.0,0.0,0.0,0.0,0.0,0.0
2026-01-23 15:49:28,3.4,18.7,running,4.9,1.8,21.6,1.8,2.2,0.9,3.1,0.0,2.7,1.6,2.2,0.4,4.0,0.0,0.4,1.8,1.3,1.8,0.4,0.9,0.4,0.0,1.4,12.4,1.3,0.4,1.3,0.4,3.7,0.9,2.3,1.3,6.6,0.0,0.0,1.3,0.4,2.2,1.3,2.2,4.4,0.0,39.7,1.3,8.4,3.1,0.9,1.3,0.0,0.0,0.0,0.0,0.0,0.0,0.0,0.0,0.0,0.0,0.0,0.0,0.0,0.0,0.0,0.0,0.0,0.0,0.0,0.0,0.0,0.0,0.0,0.0,0.0,0.0,0.0,0.0,0.0,0.0,0.0,0.0,0.0,0.0,0.0,0.0,0.0,0.0,0.0,0.0,0.0,0.0,0.0,0.0,0.0,0.0,0.0,0.0
2026-01-23 15:49:31,4.2,28.1,running,5.8,0.0,20.8,0.9,6.2,1.3,5.8,0.0,2.7,1.3,4.0,0.0,3.1,4.9,2.2,4.0,5.4,5.3,1.3,2.7,1.3,0.0,1.3,13.3,2.7,4.5,4.0,2.7,0.9,4.5,0.4,0.0,4.4,0.0,1.8,0.0,2.7,1.8,0.9,0.4,1.8,0.0,41.6,0.4,5.3,1.3,1.3,0.9,0.0,0.0,0.0,0.0,0.0,0.0,0.0,0.0,0.0,0.0,0.0,0.0,0.0,0.0,0.0,0.0,0.0,0.0,0.0,0.0,0.0,0.0,0.0,0.0,0.0,0.0,0.0,0.0,0.0,0.0,0.0,0.0,0.0,0.0,0.0,0.0,0.0,0.0,0.0,0.0,0.0,0.0,0.0,0.0,0.0,0.0,0.0,0.0
2026-01-23 15:49:35,3.4,25.0,running,4.9,2.2,22.3,0.0,4.4,1.8,3.1,0.0,3.6,0.9,2.2,1.9,1.3,1.4,1.3,1.3,1.8,4.0,0.0,2.7,0.9,0.0,2.7,10.3,2.2,4.0,1.3,0.9,8.1,1.8,0.9,1.3,4.0,1.3,3.5,1.3,0.4,1.8,2.7,0.4,2.2,0.0,42.2,2.7,6.2,0.0,0.0,4.0,0.0,0.0,0.0,0.0,0.0,0.0,0.0,0.0,0.0,0.0,0.0,0.0,0.0,0.0,0.0,0.0,0.0,0.0,0.0,0.0,0.0,0.0,0.0,0.0,0.0,0.0,0.0,0.0,0.0,0.0,0.0,0.0,0.0,0.0,0.0,0.0,0.0,0.0,0.0,0.0,0.0,0.0,0.0,0.0,0.0,0.0,0.0,0.0
2026-01-23 15:49:38,3.2,21.9,running,1.8,0.0,19.9,0.4,5.8,2.2,5.0,0.0,5.4,0.0,3.6,0.4,4.0,0.0,4.0,0.4,0.0,0.0,0.0,2.2,0.4,0.0,2.2,11.2,4.0,0.0,5.8,0.0,2.2,1.8,0.9,1.3,2.2,2.2,4.1,0.0,0.4,4.4,4.9,1.8,2.7,2.7,40.4,0.0,5.8,0.0,0.0,1.3,0.0,0.0,0.0,0.0,0.0,0.0,0.0,0.0,0.0,0.0,0.0,0.0,0.0,0.0,0.0,0.0,0.0,0.0,0.0,0.0,0.0,0.0,0.0,0.0,0.0,0.0,0.0,0.0,0.0,0.0,0.0,0.0,0.0,0.0,0.0,0.0,0.0,0.0,0.0,0.0,0.0,0.0,0.0,0.0,0.0,0.0,0.0,0.0
2026-01-23 15:49:42,3.1,31.2,running,3.1,0.0,17.4,0.0,1.3,0.0,3.5,0.9,0.9,2.2,1.8,1.8,4.0,0.0,1.3,0.0,2.2,1.8,0.4,1.3,4.4,0.9,4.0,10.2,5.8,0.4,2.7,0.0,0.4,39.9,6.7,1.3,4.4,0.4,2.7,0.0,0.0,1.8,1.8,1.3,0.4,1.3,5.4,0.4,4.0,3.1,0.0,0.0,0.0,0.0,0.0,0.0,0.0,0.0,0.0,0.0,0.0,0.0,0.0,0.0,0.0,0.0,0.0,0.0,0.0,0.0,0.0,0.0,0.0,0.0,0.0,0.0,0.0,0.0,0.0,0.0,0.0,0.0,0.0,0.0,0.0,0.0,0.0,0.0,0.0,0.0,0.0,0.0,0.0,0.0,0.0,0.0,0.0,0.0,0.0,0.0
2026-01-23 15:49:45,3.4,37.5,running,0.4,0.0,20.7,2.4,2.7,0.4,3.1,0.0,3.6,0.9,0.0,1.4,2.2,0.0,0.9,0.4,2.2,1.4,0.0,4.2,2.2,0.5,2.2,11.6,2.7,0.9,1.8,1.9,3.6,45.6,3.1,0.0,6.7,0.9,0.9,1.4,0.9,4.2,1.4,2.7,6.7,0.4,0.9,0.0,3.1,0.0,0.0,0.0,0.0,0.0,0.0,0.0,0.0,0.0,0.0,0.0,0.0,0.0,0.0,0.0,0.0,0.0,0.0,0.0,0.0,0.0,0.0,0.0,0.0,0.0,0.0,0.0,0.0,0.0,0.0,0.0,0.0,0.0,0.0,0.0,0.0,0.0,0.0,0.0,0.0,0.0,0.0,0.0,0.0,0.0,0.0,0.0,0.0,0.0,0.0,0.0
2026-01-23 15:49:49,3.0,31.2,running,1.3,0.0,21.3,1.4,3.1,1.3,7.2,0.0,4.4,3.4,1.3,0.9,2.7,3.1,3.6,0.4,4.0,0.0,0.0,0.4,1.3,0.0,2.7,13.4,2.7,3.0,2.2,0.9,0.4,42.9,2.2,0.0,5.3,0.4,4.0,2.1,0.0,3.4,1.7,2.2,0.0,5.3,3.1,0.0,3.6,0.0,0.0,0.0,0.0,0.0,0.0,0.0,0.0,0.0,0.0,0.0,0.0,0.0,0.0,0.0,0.0,0.0,0.0,0.0,0.0,0.0,0.0,0.0,0.0,0.0,0.0,0.0,0.0,0.0,0.0,0.0,0.0,0.0,0.0,0.0,0.0,0.0,0.0,0.0,0.0,0.0,0.0,0.0,0.0,0.0,0.0,0.0,0.0,0.0,0.0,0.0
2026-01-23 15:49:52,4.8,31.2,running,4.4,0.9,24.2,3.2,4.5,0.4,3.6,1.3,3.6,1.8,4.0,1.8,3.5,1.8,2.2,3.6,2.6,0.4,0.4,2.2,2.2,2.0,2.2,10.7,2.7,3.1,7.1,0.0,3.1,0.0,2.2,3.5,4.4,2.7,0.0,0.0,6.2,4.0,4.0,3.6,2.7,2.2,35.7,0.0,6.2,0.0,0.0,1.8,0.0,0.0,0.0,0.0,0.0,0.0,0.0,0.0,0.0,0.0,0.0,0.0,0.0,0.0,0.0,0.0,0.0,0.0,0.0,0.0,0.0,0.0,0.0,0.0,0.0,0.0,0.0,0.0,0.0,0.0,0.0,0.0,0.0,0.0,0.0,0.0,0.0,0.0,0.0,0.0,0.0,0.0,0.0,0.0,0.0,0.0,0.0,0.0
2026-01-23 15:49:56,3.4,28.1,running,2.2,0.4,18.2,1.8,4.0,0.9,3.6,0.0,4.9,2.2,7.1,4.0,7.6,0.9,6.6,5.3,3.6,1.3,0.0,3.1,3.6,1.0,1.8,9.8,3.1,2.2,1.3,1.8,2.2,29.2,5.8,0.0,1.8,2.2,1.8,2.2,4.5,1.3,5.4,0.4,1.8,0.9,16.9,2.2,4.4,0.0,0.0,1.3,0.0,0.0,0.0,0.0,0.0,0.0,0.0,0.0,0.0,0.0,0.0,0.0,0.0,0.0,0.0,0.0,0.0,0.0,0.0,0.0,0.0,0.0,0.0,0.0,0.0,0.0,0.0,0.0,0.0,0.0,0.0,0.0,0.0,0.0,0.0,0.0,0.0,0.0,0.0,0.0,0.0,0.0,0.0,0.0,0.0,0.0,0.0,0.0
2026-01-23 15:49:59,3.7,28.1,running,1.3,2.7,22.9,2.7,3.1,2.2,5.8,0.0,3.6,0.4,5.8,0.0,1.3,0.0,0.0,1.8,3.6,1.3,0.4,0.4,0.4,0.8,0.0,11.6,1.8,0.0,0.4,0.4,2.7,35.8,6.6,0.5,5.8,2.2,1.8,6.2,1.3,3.1,2.7,1.8,2.2,0.4,0.9,4.5,6.2,0.9,1.3,0.4,0.0,0.0,0.0,0.0,0.0,0.0,0.0,0.0,0.0,0.0,0.0,0.0,0.0,0.0,0.0,0.0,0.0,0.0,0.0,0.0,0.0,0.0,0.0,0.0,0.0,0.0,0.0,0.0,0.0,0.0,0.0,0.0,0.0,0.0,0.0,0.0,0.0,0.0,0.0,0.0,0.0,0.0,0.0,0.0,0.0,0.0,0.0,0.0
2026-01-23 15:50:03,3.5,25.0,running,3.1,1.3,18.7,1.8,2.7,1.8,2.7,0.0,6.7,0.9,4.0,1.8,5.3,0.0,3.1,1.3,2.2,1.3,1.0,3.1,5.3,0.0,4.0,11.1,3.1,1.8,4.4,0.4,0.0,41.1,6.3,2.6,5.8,0.9,4.4,1.8,4.0,4.9,0.9,0.4,0.0,2.7,4.0,0.4,4.0,1.8,0.4,0.4,0.0,0.0,0.0,0.0,0.0,0.0,0.0,0.0,0.0,0.0,0.0,0.0,0.0,0.0,0.0,0.0,0.0,0.0,0.0,0.0,0.0,0.0,0.0,0.0,0.0,0.0,0.0,0.0,0.0,0.0,0.0,0.0,0.0,0.0,0.0,0.0,0.0,0.0,0.0,0.0,0.0,0.0,0.0,0.0,0.0,0.0,0.0,0.0
2026-01-23 15:50:06,3.9,28.1,running,4.9,0.4,22.1,0.0,4.5,4.0,3.1,1.3,3.1,2.7,4.4,1.3,8.0,2.3,7.6,0.0,0.9,0.4,0.8,1.8,1.8,0.0,1.8,11.6,2.7,4.4,6.2,3.1,1.8,9.8,3.6,0.0,6.2,1.3,5.3,0.9,1.8,7.6,2.7,2.7,5.3,1.3,33.5,1.3,8.4,0.0,3.1,1.8,0.0,0.0,0.0,0.0,0.0,0.0,0.0,0.0,0.0,0.0,0.0,0.0,0.0,0.0,0.0,0.0,0.0,0.0,0.0,0.0,0.0,0.0,0.0,0.0,0.0,0.0,0.0,0.0,0.0,0.0,0.0,0.0,0.0,0.0,0.0,0.0,0.0,0.0,0.0,0.0,0.0,0.0,0.0,0.0,0.0,0.0,0.0,0.0
2026-01-23 15:50:10,6.9,28.1,running,4.9,2.7,25.4,1.2,11.1,1.8,8.0,0.4,18.2,0.4,18.3,1.8,19.1,0.0,12.8,4.0,7.1,5.4,3.1,2.7,4.5,0.0,2.7,10.7,1.8,8.4,3.1,0.0,4.9,4.5,0.9,4.0,6.2,1.9,4.0,0.4,0.4,3.5,3.1,0.0,3.1,6.2,38.2,4.0,9.8,6.6,2.7,8.0,0.0,0.0,0.0,0.0,0.0,0.0,0.0,0.0,0.0,0.0,0.0,0.0,0.0,0.0,0.0,0.0,0.0,0.0,0.0,0.0,0.0,0.0,0.0,0.0,0.0,0.0,0.0,0.0,0.0,0.0,0.0,0.0,0.0,0.0,0.0,0.0,0.0,0.0,0.0,0.0,0.0,0.0,0.0,0.0,0.0,0.0,0.0,0.0
2026-01-23 15:50:13,4.1,21.9,running,8.5,1.3,24.6,1.5,11.1,5.8,12.1,0.9,18.1,0.9,20.9,1.3,15.6,0.9,13.8,5.3,5.8,1.3,2.7,2.2,3.5,1.8,2.2,11.1,5.3,5.8,4.0,2.2,5.3,2.2,1.3,1.3,8.5,5.5,4.9,2.2,2.2,5.8,1.8,4.0,1.3,4.4,42.9,3.6,11.5,5.3,1.3,2.7,0.0,0.0,0.0,0.0,0.0,0.0,0.0,0.0,0.0,0.0,0.0,0.0,0.0,0.0,0.0,0.0,0.0,0.0,0.0,0.0,0.0,0.0,0.0,0.0,0.0,0.0,0.0,0.0,0.0,0.0,0.0,0.0,0.0,0.0,0.0,0.0,0.0,0.0,0.0,0.0,0.0,0.0,0.0,0.0,0.0,0.0,0.0,0.0
2026-01-23 15:50:17,3.3,37.5,running,3.1,0.4,20.7,0.4,4.0,0.4,9.4,0.0,4.0,4.4,1.3,1.3,4.0,3.1,0.9,3.1,1.3,3.1,0.0,0.0,1.8,2.1,3.6,9.8,3.7,0.0,2.2,2.2,0.9,36.7,2.7,1.3,8.8,0.9,0.4,2.7,4.5,1.8,0.9,0.0,0.0,0.4,7.6,0.4,1.3,0.0,0.0,0.0,0.0,0.0,0.0,0.0,0.0,0.0,0.0,0.0,0.0,0.0,0.0,0.0,0.0,0.0,0.0,0.0,0.0,0.0,0.0,0.0,0.0,0.0,0.0,0.0,0.0,0.0,0.0,0.0,0.0,0.0,0.0,0.0,0.0,0.0,0.0,0.0,0.0,0.0,0.0,0.0,0.0,0.0,0.0,0.0,0.0,0.0,0.0,0.0
2026-01-23 15:50:20,2.9,25.0,running,3.1,0.4,19.5,0.4,1.8,0.4,2.2,0.0,3.1,0.0,1.8,0.4,0.9,3.1,0.0,1.3,0.0,1.8,0.0,0.0,0.4,0.0,1.8,10.8,3.0,3.1,4.4,6.7,0.9,27.7,1.3,0.9,5.8,3.1,0.9,0.9,3.6,6.7,1.8,0.0,0.0,0.4,21.8,1.8,5.3,0.5,0.0,1.8,0.0,0.0,0.0,0.0,0.0,0.0,0.0,0.0,0.0,0.0,0.0,0.0,0.0,0.0,0.0,0.0,0.0,0.0,0.0,0.0,0.0,0.0,0.0,0.0,0.0,0.0,0.0,0.0,0.0,0.0,0.0,0.0,0.0,0.0,0.0,0.0,0.0,0.0,0.0,0.0,0.0,0.0,0.0,0.0,0.0,0.0,0.0,0.0
2026-01-23 15:50:24,3.4,40.6,running,1.8,0.0,21.5,3.6,2.7,2.2,7.9,0.0,5.8,0.0,1.3,0.9,3.1,1.3,1.8,0.4,0.9,1.3,2.2,3.1,0.9,0.0,0.4,12.5,0.0,0.4,1.3,3.1,1.8,4.9,3.1,0.4,7.6,2.2,1.8,2.2,1.8,9.3,1.3,3.1,0.0,4.9,39.5,0.9,1.3,2.2,0.4,0.0,0.0,0.0,0.0,0.0,0.0,0.0,0.0,0.0,0.0,0.0,0.0,0.0,0.0,0.0,0.0,0.0,0.0,0.0,0.0,0.0,0.0,0.0,0.0,0.0,0.0,0.0,0.0,0.0,0.0,0.0,0.0,0.0,0.0,0.0,0.0,0.0,0.0,0.0,0.0,0.0,0.0,0.0,0.0,0.0,0.0,0.0,0.0,0.0
2026-01-23 15:50:27,6.4,34.3,running,3.6,0.0,33.3,2.7,11.7,0.9,12.1,0.0,14.2,3.1,14.2,0.9,14.7,1.5,9.0,2.2,1.8,0.4,1.8,0.0,1.3,2.2,0.9,11.9,1.3,5.8,3.1,0.0,0.5,36.7,0.9,3.1,7.1,2.2,1.8,0.4,0.9,4.9,0.9,3.5,2.2,6.6,0.4,3.6,1.8,1.8,0.0,5.8,0.0,0.0,0.0,0.0,0.0,0.0,0.0,0.0,0.0,0.0,0.0,0.0,0.0,0.0,0.0,0.0,0.0,0.0,0.0,0.0,0.0,0.0,0.0,0.0,0.0,0.0,0.0,0.0,0.0,0.0,0.0,0.0,0.0,0.0,0.0,0.0,0.0,0.0,0.0,0.0,0.0,0.0,0.0,0.0,0.0,0.0,0.0,0.0
2026-01-23 15:50:31,5.8,40.6,running,3.1,2.2,23.5,0.6,8.9,0.4,6.6,0.4,15.2,2.8,23.7,1.4,21.1,0.0,8.0,1.3,4.9,0.4,1.3,4.0,3.6,4.9,3.1,12.5,1.3,8.4,1.8,2.1,0.4,44.4,2.7,0.0,5.8,0.0,1.3,0.9,0.9,5.3,2.2,1.3,2.2,7.1,3.6,5.3,4.9,6.2,2.2,6.7,0.0,0.0,0.0,0.0,0.0,0.0,0.0,0.0,0.0,0.0,0.0,0.0,0.0,0.0,0.0,0.0,0.0,0.0,0.0,0.0,0.0,0.0,0.0,0.0,0.0,0.0,0.0,0.0,0.0,0.0,0.0,0.0,0.0,0.0,0.0,0.0,0.0,0.0,0.0,0.0,0.0,0.0,0.0,0.0,0.0,0.0,0.0,0.0
2026-01-23 15:50:34,3.9,37.5,running,3.1,0.0,21.1,0.4,4.9,0.0,6.3,0.0,4.9,3.3,4.5,1.7,4.9,0.0,1.8,2.7,2.7,0.0,0.0,3.5,2.2,1.8,1.8,10.7,1.3,3.0,0.9,10.3,1.3,33.6,7.6,0.4,8.4,1.3,2.2,0.0,0.4,0.4,1.3,0.0,5.4,0.0,5.8,0.9,2.7,2.2,0.0,3.1,0.0,0.0,0.0,0.0,0.0,0.0,0.0,0.0,0.0,0.0,0.0,0.0,0.0,0.0,0.0,0.0,0.0,0.0,0.0,0.0,0.0,0.0,0.0,0.0,0.0,0.0,0.0,0.0,0.0,0.0,0.0,0.0,0.0,0.0,0.0,0.0,0.0,0.0,0.0,0.0,0.0,0.0,0.0,0.0,0.0,0.0,0.0,0.0
2026-01-23 15:50:38,4.1,37.5,running,4.9,1.8,23.9,0.9,6.6,3.1,11.9,0.4,2.2,0.9,2.7,1.8,4.0,1.3,1.3,1.8,0.4,0.4,3.6,0.0,2.7,3.3,1.3,12.4,5.0,1.2,3.6,0.5,4.4,1.3,3.1,0.0,4.9,0.9,1.3,0.0,1.3,5.4,1.3,2.2,2.7,0.0,38.4,1.3,5.8,1.6,0.0,1.3,0.0,0.0,0.0,0.0,0.0,0.0,0.0,0.0,0.0,0.0,0.0,0.0,0.0,0.0,0.0,0.0,0.0,0.0,0.0,0.0,0.0,0.0,0.0,0.0,0.0,0.0,0.0,0.0,0.0,0.0,0.0,0.0,0.0,0.0,0.0,0.0,0.0,0.0,0.0,0.0,0.0,0.0,0.0,0.0,0.0,0.0,0.0,0.0
2026-01-23 15:50:41,3.9,25.0,running,4.0,0.0,21.7,0.0,5.8,0.4,6.3,0.0,3.6,1.8,5.4,3.1,8.0,0.9,4.0,2.2,2.2,0.4,1.3,1.4,1.3,0.0,3.1,9.8,0.9,0.4,4.5,2.6,0.4,31.0,5.4,0.0,5.3,0.4,4.4,0.4,0.4,5.3,5.4,1.3,1.3,2.2,13.5,0.9,3.6,0.8,0.0,3.1,0.0,0.0,0.0,0.0,0.0,0.0,0.0,0.0,0.0,0.0,0.0,0.0,0.0,0.0,0.0,0.0,0.0,0.0,0.0,0.0,0.0,0.0,0.0,0.0,0.0,0.0,0.0,0.0,0.0,0.0,0.0,0.0,0.0,0.0,0.0,0.0,0.0,0.0,0.0,0.0,0.0,0.0,0.0,0.0,0.0,0.0,0.0,0.0
2026-01-23 15:50:45,3.2,21.9,running,4.9,0.4,22.1,0.0,5.4,0.0,4.5,0.0,1.3,2.7,5.4,4.0,1.3,0.0,1.8,1.8,4.0,0.9,1.8,0.4,1.8,2.2,2.7,10.7,0.9,0.4,2.2,1.3,2.3,31.8,3.1,0.0,8.9,1.8,0.9,0.0,0.0,4.4,0.4,2.2,0.4,0.0,13.3,0.4,3.6,0.9,0.9,3.1,0.0,0.0,0.0,0.0,0.0,0.0,0.0,0.0,0.0,0.0,0.0,0.0,0.0,0.0,0.0,0.0,0.0,0.0,0.0,0.0,0.0,0.0,0.0,0.0,0.0,0.0,0.0,0.0,0.0,0.0,0.0,0.0,0.0,0.0,0.0,0.0,0.0,0.0,0.0,0.0,0.0,0.0,0.0,0.0,0.0,0.0,0.0,0.0
2026-01-23 15:50:48,3.1,46.8,running,1.8,0.9,18.1,0.0,3.6,0.0,6.2,0.0,0.9,0.0,4.5,0.4,3.1,0.0,0.9,0.9,0.0,2.2,1.8,2.2,1.8,1.3,5.3,13.8,2.7,0.4,1.8,0.0,1.8,1.3,0.0,2.7,4.8,0.4,4.0,1.8,1.2,3.6,1.3,0.9,3.1,4.4,45.1,0.0,3.1,0.4,0.0,0.9,0.0,0.0,0.0,0.0,0.0,0.0,0.0,0.0,0.0,0.0,0.0,0.0,0.0,0.0,0.0,0.0,0.0,0.0,0.0,0.0,0.0,0.0,0.0,0.0,0.0,0.0,0.0,0.0,0.0,0.0,0.0,0.0,0.0,0.0,0.0,0.0,0.0,0.0,0.0,0.0,0.0,0.0,0.0,0.0,0.0,0.0,0.0,0.0
2026-01-23 15:50:52,3.5,31.2,running,4.9,1.8,21.3,0.4,2.7,0.4,8.0,0.0,3.1,0.5,9.3,0.9,8.4,0.5,0.9,1.8,0.9,1.5,1.8,2.0,4.0,1.8,0.0,11.6,2.2,2.2,3.6,2.5,0.0,41.9,4.5,0.4,2.7,1.5,4.9,0.0,1.3,9.7,4.6,0.9,0.4,2.7,5.6,5.4,2.2,2.0,0.0,0.5,0.0,0.0,0.0,0.0,0.0,0.0,0.0,0.0,0.0,0.0,0.0,0.0,0.0,0.0,0.0,0.0,0.0,0.0,0.0,0.0,0.0,0.0,0.0,0.0,0.0,0.0,0.0,0.0,0.0,0.0,0.0,0.0,0.0,0.0,0.0,0.0,0.0,0.0,0.0,0.0,0.0,0.0,0.0,0.0,0.0,0.0,0.0,0.0
2026-01-23 15:50:55,3.3,28.1,running,3.6,1.3,23.5,2.8,5.4,0.4,2.7,0.0,6.6,0.0,4.0,1.3,3.1,0.0,4.4,2.7,4.0,0.4,2.6,0.0,1.8,3.6,0.9,12.9,3.1,0.9,1.8,0.8,2.7,26.7,1.8,2.7,2.2,2.8,4.0,0.0,0.4,2.7,3.0,1.3,2.2,0.0,14.2,1.3,7.1,0.0,1.3,0.0,0.0,0.0,0.0,0.0,0.0,0.0,0.0,0.0,0.0,0.0,0.0,0.0,0.0,0.0,0.0,0.0,0.0,0.0,0.0,0.0,0.0,0.0,0.0,0.0,0.0,0.0,0.0,0.0,0.0,0.0,0.0,0.0,0.0,0.0,0.0,0.0,0.0,0.0,0.0,0.0,0.0,0.0,0.0,0.0,0.0,0.0,0.0,0.0
2026-01-23 15:50:59,3.7,25.0,running,0.0,0.0,19.6,0.4,4.9,0.0,4.4,0.4,2.2,0.0,3.1,1.3,3.6,0.9,0.0,2.7,3.9,0.0,2.7,0.0,0.0,0.5,0.9,12.9,3.6,2.2,3.6,0.0,2.8,0.0,1.3,1.3,3.6,2.2,7.1,2.2,3.1,2.2,2.7,2.2,2.2,0.4,40.6,1.3,7.5,0.0,1.0,0.9,0.0,0.0,0.0,0.0,0.0,0.0,0.0,0.0,0.0,0.0,0.0,0.0,0.0,0.0,0.0,0.0,0.0,0.0,0.0,0.0,0.0,0.0,0.0,0.0,0.0,0.0,0.0,0.0,0.0,0.0,0.0,0.0,0.0,0.0,0.0,0.0,0.0,0.0,0.0,0.0,0.0,0.0,0.0,0.0,0.0,0.0,0.0,0.0
2026-01-23 15:51:02,3.1,37.4,running,1.8,0.4,17.8,0.9,4.4,0.4,3.1,0.0,5.3,1.8,4.0,0.9,2.7,2.2,2.7,1.8,1.8,0.0,1.8,1.3,0.9,0.4,1.8,14.7,4.0,2.2,3.5,0.0,0.0,1.3,2.3,0.0,3.1,1.3,4.9,0.4,0.4,1.8,1.8,4.0,0.0,0.9,42.0,0.5,8.5,0.5,0.8,1.8,0.0,0.0,0.0,0.0,0.0,0.0,0.0,0.0,0.0,0.0,0.0,0.0,0.0,0.0,0.0,0.0,0.0,0.0,0.0,0.0,0.0,0.0,0.0,0.0,0.0,0.0,0.0,0.0,0.0,0.0,0.0,0.0,0.0,0.0,0.0,0.0,0.0,0.0,0.0,0.0,0.0,0.0,0.0,0.0,0.0,0.0,0.0,0.0
2026-01-23 15:51:06,3.5,21.8,running,3.6,0.0,20.4,0.4,0.9,0.9,4.4,0.0,4.0,0.9,3.1,0.4,7.5,0.4,0.5,1.4,0.4,0.4,0.4,1.3,1.8,0.0,3.1,12.9,1.8,0.4,4.0,0.0,0.5,4.0,0.0,5.3,3.1,1.4,5.3,2.2,6.7,3.1,2.7,0.4,0.4,1.3,42.4,0.4,5.4,0.0,0.4,1.8,0.0,0.0,0.0,0.0,0.0,0.0,0.0,0.0,0.0,0.0,0.0,0.0,0.0,0.0,0.0,0.0,0.0,0.0,0.0,0.0,0.0,0.0,0.0,0.0,0.0,0.0,0.0,0.0,0.0,0.0,0.0,0.0,0.0,0.0,0.0,0.0,0.0,0.0,0.0,0.0,0.0,0.0,0.0,0.0,0.0,0.0,0.0,0.0
2026-01-23 15:51:09,2.9,31.2,running,3.1,0.4,24.2,0.0,6.3,1.3,3.1,0.0,2.7,0.9,4.0,1.8,4.0,0.9,3.8,0.9,0.0,0.9,2.2,0.0,1.3,2.7,2.2,9.3,3.6,0.4,1.8,0.0,3.5,0.9,0.4,3.6,5.8,0.9,4.5,0.4,1.3,3.6,1.8,0.0,1.3,2.7,44.5,0.0,4.5,1.3,1.8,3.6,0.0,0.0,0.0,0.0,0.0,0.0,0.0,0.0,0.0,0.0,0.0,0.0,0.0,0.0,0.0,0.0,0.0,0.0,0.0,0.0,0.0,0.0,0.0,0.0,0.0,0.0,0.0,0.0,0.0,0.0,0.0,0.0,0.0,0.0,0.0,0.0,0.0,0.0,0.0,0.0,0.0,0.0,0.0,0.0,0.0,0.0,0.0,0.0
2026-01-23 15:51:13,3.1,31.2,running,1.3,2.2,19.5,0.4,1.3,0.5,4.0,0.0,1.3,0.0,4.0,0.0,4.0,0.9,5.4,2.2,3.5,0.9,0.9,0.0,0.0,0.0,1.3,7.2,4.9,3.5,1.8,3.6,0.9,0.0,1.3,2.7,3.6,4.0,0.4,2.2,5.8,2.7,1.3,2.2,0.9,0.0,42.7,1.9,6.7,0.0,0.0,0.4,0.0,0.0,0.0,0.0,0.0,0.0,0.0,0.0,0.0,0.0,0.0,0.0,0.0,0.0,0.0,0.0,0.0,0.0,0.0,0.0,0.0,0.0,0.0,0.0,0.0,0.0,0.0,0.0,0.0,0.0,0.0,0.0,0.0,0.0,0.0,0.0,0.0,0.0,0.0,0.0,0.0,0.0,0.0,0.0,0.0,0.0,0.0,0.0
2026-01-23 15:51:16,3.8,25.0,running,0.9,0.0,27.1,3.2,3.1,1.2,8.0,0.0,1.8,0.9,6.2,0.4,4.4,0.0,0.4,4.9,2.2,2.2,0.0,0.0,0.9,0.9,4.0,11.5,2.2,0.9,3.1,1.3,1.8,25.2,2.2,5.3,4.4,0.0,0.9,1.3,0.4,1.8,2.7,5.8,0.9,0.0,11.3,2.2,2.2,0.9,0.0,2.2,0.0,0.0,0.0,0.0,0.0,0.0,0.0,0.0,0.0,0.0,0.0,0.0,0.0,0.0,0.0,0.0,0.0,0.0,0.0,0.0,0.0,0.0,0.0,0.0,0.0,0.0,0.0,0.0,0.0,0.0,0.0,0.0,0.0,0.0,0.0,0.0,0.0,0.0,0.0,0.0,0.0,0.0,0.0,0.0,0.0,0.0,0.0,0.0
2026-01-23 15:51:20,3.4,31.2,running,4.0,0.9,19.6,0.0,2.2,0.0,4.0,0.0,4.8,0.0,3.5,0.4,1.3,0.9,0.9,3.1,1.3,0.9,0.0,0.0,0.4,1.8,0.4,13.7,1.8,1.3,1.3,0.0,1.3,37.9,0.4,3.5,4.4,1.8,0.9,3.6,2.2,3.1,6.2,2.7,2.2,0.0,3.5,4.0,4.4,3.1,1.3,3.5,0.0,0.0,0.0,0.0,0.0,0.0,0.0,0.0,0.0,0.0,0.0,0.0,0.0,0.0,0.0,0.0,0.0,0.0,0.0,0.0,0.0,0.0,0.0,0.0,0.0,0.0,0.0,0.0,0.0,0.0,0.0,0.0,0.0,0.0,0.0,0.0,0.0,0.0,0.0,0.0,0.0,0.0,0.0,0.0,0.0,0.0,0.0,0.0
2026-01-23 15:51:23,3.0,21.9,running,4.0,1.8,19.8,0.9,7.1,0.5,4.0,0.0,2.2,0.4,3.6,0.4,0.4,1.3,3.1,0.4,1.8,1.3,0.9,0.4,1.3,1.3,0.4,8.9,4.0,0.9,1.3,0.4,0.0,44.4,5.8,0.0,2.2,2.2,1.3,4.0,0.4,2.2,2.7,2.7,0.9,1.8,3.1,0.0,4.9,1.3,1.3,3.1,0.0,0.0,0.0,0.0,0.0,0.0,0.0,0.0,0.0,0.0,0.0,0.0,0.0,0.0,0.0,0.0,0.0,0.0,0.0,0.0,0.0,0.0,0.0,0.0,0.0,0.0,0.0,0.0,0.0,0.0,0.0,0.0,0.0,0.0,0.0,0.0,0.0,0.0,0.0,0.0,0.0,0.0,0.0,0.0,0.0,0.0,0.0,0.0
2026-01-23 15:51:27,3.2,18.7,running,4.0,1.8,26.3,0.0,5.4,0.9,2.2,0.0,2.2,0.4,3.6,0.4,4.0,0.9,3.6,4.9,3.6,0.0,0.4,1.3,3.6,0.9,0.4,9.8,4.4,2.2,2.7,0.0,0.0,43.4,5.8,1.3,4.0,0.4,4.4,0.0,1.8,3.6,3.1,0.9,0.4,0.0,3.6,0.0,0.9,0.0,0.0,3.6,0.0,0.0,0.0,0.0,0.0,0.0,0.0,0.0,0.0,0.0,0.0,0.0,0.0,0.0,0.0,0.0,0.0,0.0,0.0,0.0,0.0,0.0,0.0,0.0,0.0,0.0,0.0,0.0,0.0,0.0,0.0,0.0,0.0,0.0,0.0,0.0,0.0,0.0,0.0,0.0,0.0,0.0,0.0,0.0,0.0,0.0,0.0,0.0
2026-01-23 15:51:30,3.4,28.1,running,2.2,0.9,21.8,0.0,2.7,0.0,4.0,0.0,3.6,0.0,4.4,1.3,3.6,0.0,4.5,0.4,0.4,0.4,1.8,1.8,1.8,0.0,0.0,12.4,4.0,0.0,3.1,0.4,1.8,32.9,9.0,0.0,7.0,2.2,2.7,3.6,0.9,2.7,3.6,0.9,3.1,0.0,11.9,0.9,3.5,0.4,0.0,2.2,0.0,0.0,0.0,0.0,0.0,0.0,0.0,0.0,0.0,0.0,0.0,0.0,0.0,0.0,0.0,0.0,0.0,0.0,0.0,0.0,0.0,0.0,0.0,0.0,0.0,0.0,0.0,0.0,0.0,0.0,0.0,0.0,0.0,0.0,0.0,0.0,0.0,0.0,0.0,0.0,0.0,0.0,0.0,0.0,0.0,0.0,0.0,0.0
2026-01-23 15:51:34,4.1,28.1,running,4.0,1.3,24.3,1.7,7.6,0.5,11.6,0.0,6.2,0.4,3.1,0.0,5.8,2.1,1.3,3.1,3.6,0.4,1.3,3.3,3.5,0.5,0.0,12.9,1.3,1.9,4.4,1.9,1.8,0.5,0.5,0.0,4.8,1.3,1.8,3.1,0.4,4.4,0.4,2.2,0.9,2.7,41.3,0.0,3.6,0.0,0.0,2.2,0.0,0.0,0.0,0.0,0.0,0.0,0.0,0.0,0.0,0.0,0.0,0.0,0.0,0.0,0.0,0.0,0.0,0.0,0.0,0.0,0.0,0.0,0.0,0.0,0.0,0.0,0.0,0.0,0.0,0.0,0.0,0.0,0.0,0.0,0.0,0.0,0.0,0.0,0.0,0.0,0.0,0.0,0.0,0.0,0.0,0.0,0.0,0.0
2026-01-23 15:51:37,3.2,25.0,running,3.6,1.3,21.6,2.7,5.4,1.3,4.5,0.0,3.6,2.2,10.6,0.0,4.0,1.9,4.0,5.8,2.7,0.4,0.4,0.4,1.8,0.0,0.4,9.8,3.1,0.0,1.3,0.0,0.4,36.8,3.4,0.0,2.7,1.8,1.8,5.8,0.4,0.4,1.8,2.2,4.8,0.9,4.0,0.0,4.5,0.0,1.3,1.3,0.0,0.0,0.0,0.0,0.0,0.0,0.0,0.0,0.0,0.0,0.0,0.0,0.0,0.0,0.0,0.0,0.0,0.0,0.0,0.0,0.0,0.0,0.0,0.0,0.0,0.0,0.0,0.0,0.0,0.0,0.0,0.0,0.0,0.0,0.0,0.0,0.0,0.0,0.0,0.0,0.0,0.0,0.0,0.0,0.0,0.0,0.0,0.0
2026-01-23 15:51:41,3.6,21.9,running,2.2,2.7,22.7,1.8,3.5,0.5,11.9,0.0,4.0,1.3,1.3,1.3,6.6,1.4,0.9,0.0,1.8,0.0,0.0,0.0,3.1,0.0,0.4,9.8,2.7,2.7,1.8,0.0,0.5,37.5,6.6,0.0,6.6,6.2,2.7,0.0,2.7,1.8,2.2,2.7,0.0,0.0,2.7,2.6,3.6,0.4,0.4,0.9,0.0,0.0,0.0,0.0,0.0,0.0,0.0,0.0,0.0,0.0,0.0,0.0,0.0,0.0,0.0,0.0,0.0,0.0,0.0,0.0,0.0,0.0,0.0,0.0,0.0,0.0,0.0,0.0,0.0,0.0,0.0,0.0,0.0,0.0,0.0,0.0,0.0,0.0,0.0,0.0,0.0,0.0,0.0,0.0,0.0,0.0,0.0,0.0
2026-01-23 15:51:44,3.3,28.1,running,2.7,0.0,14.3,1.3,0.9,0.4,4.9,0.0,2.2,1.8,1.8,0.9,4.0,0.9,1.3,2.2,3.6,2.7,2.2,0.0,1.3,0.0,0.4,11.6,2.7,0.4,3.6,0.0,1.3,42.0,4.9,1.8,6.2,0.4,0.0,1.3,0.9,6.1,0.4,0.0,4.5,0.0,5.8,2.3,2.7,1.3,1.3,0.0,0.0,0.0,0.0,0.0,0.0,0.0,0.0,0.0,0.0,0.0,0.0,0.0,0.0,0.0,0.0,0.0,0.0,0.0,0.0,0.0,0.0,0.0,0.0,0.0,0.0,0.0,0.0,0.0,0.0,0.0,0.0,0.0,0.0,0.0,0.0,0.0,0.0,0.0,0.0,0.0,0.0,0.0,0.0,0.0,0.0,0.0,0.0,0.0
2026-01-23 15:51:48,3.6,21.8,running,3.1,0.0,21.7,0.9,4.0,1.3,5.4,0.0,2.2,5.8,4.9,1.8,6.7,1.8,3.1,0.9,0.4,0.0,2.7,3.6,4.9,0.0,1.3,12.4,2.2,2.7,3.6,0.0,2.2,0.9,2.2,0.4,7.5,0.0,4.4,0.0,3.5,1.8,1.8,3.6,0.4,1.8,43.6,0.0,9.8,0.9,0.0,1.3,0.0,0.0,0.0,0.0,0.0,0.0,0.0,0.0,0.0,0.0,0.0,0.0,0.0,0.0,0.0,0.0,0.0,0.0,0.0,0.0,0.0,0.0,0.0,0.0,0.0,0.0,0.0,0.0,0.0,0.0,0.0,0.0,0.0,0.0,0.0,0.0,0.0,0.0,0.0,0.0,0.0,0.0,0.0,0.0,0.0,0.0,0.0,0.0
2026-01-23 15:51:51,3.1,34.3,running,1.3,2.2,24.7,5.2,6.6,1.8,7.6,0.0,3.1,0.0,2.7,1.3,2.2,0.5,1.3,2.7,0.4,0.4,4.0,0.0,0.4,0.0,0.9,13.4,1.3,0.0,1.3,1.3,0.4,25.1,3.6,0.0,5.3,1.3,3.1,0.9,1.8,0.0,3.1,2.7,1.3,2.2,17.5,0.0,1.8,0.9,0.4,1.8,0.0,0.0,0.0,0.0,0.0,0.0,0.0,0.0,0.0,0.0,0.0,0.0,0.0,0.0,0.0,0.0,0.0,0.0,0.0,0.0,0.0,0.0,0.0,0.0,0.0,0.0,0.0,0.0,0.0,0.0,0.0,0.0,0.0,0.0,0.0,0.0,0.0,0.0,0.0,0.0,0.0,0.0,0.0,0.0,0.0,0.0,0.0,0.0
2026-01-23 15:51:55,4.0,31.2,running,2.7,0.0,22.7,0.0,3.1,0.4,8.9,0.0,4.0,0.4,2.2,0.9,3.5,5.2,4.0,0.9,3.1,2.2,0.4,1.3,0.4,0.0,0.0,11.6,5.4,0.9,3.1,4.0,2.2,38.1,8.4,0.0,3.1,0.0,0.0,0.0,0.4,0.9,1.8,0.0,0.4,1.3,10.2,0.4,5.7,1.3,1.8,1.8,0.0,0.0,0.0,0.0,0.0,0.0,0.0,0.0,0.0,0.0,0.0,0.0,0.0,0.0,0.0,0.0,0.0,0.0,0.0,0.0,0.0,0.0,0.0,0.0,0.0,0.0,0.0,0.0,0.0,0.0,0.0,0.0,0.0,0.0,0.0,0.0,0.0,0.0,0.0,0.0,0.0,0.0,0.0,0.0,0.0,0.0,0.0,0.0
2026-01-23 15:51:58,4.4,25.0,running,4.0,0.0,21.2,0.5,2.7,1.8,2.7,0.0,3.6,0.5,3.6,0.5,2.7,0.0,3.1,3.6,6.7,0.0,2.2,0.0,3.6,0.0,2.2,12.4,0.0,0.0,3.1,0.0,4.9,0.0,0.4,0.9,8.4,2.2,5.4,3.2,0.0,1.3,0.0,1.4,0.0,2.7,41.6,1.1,7.6,0.0,0.0,2.7,0.0,0.0,0.0,0.0,0.0,0.0,0.0,0.0,0.0,0.0,0.0,0.0,0.0,0.0,0.0,0.0,0.0,0.0,0.0,0.0,0.0,0.0,0.0,0.0,0.0,0.0,0.0,0.0,0.0,0.0,0.0,0.0,0.0,0.0,0.0,0.0,0.0,0.0,0.0,0.0,0.0,0.0,0.0,0.0,0.0,0.0,0.0,0.0
2026-01-23 15:52:02,3.1,31.2,running,2.2,0.4,23.6,1.1,4.5,1.8,4.9,0.4,7.5,1.5,4.9,1.3,5.4,2.5,1.3,1.3,1.8,3.4,1.3,0.4,1.3,0.0,3.1,13.0,0.9,0.0,0.4,0.0,2.7,0.0,5.3,1.3,5.8,0.9,4.0,0.4,3.8,1.8,4.4,1.7,1.7,2.2,39.8,0.0,3.1,1.7,0.0,0.4,0.0,0.0,0.0,0.0,0.0,0.0,0.0,0.0,0.0,0.0,0.0,0.0,0.0,0.0,0.0,0.0,0.0,0.0,0.0,0.0,0.0,0.0,0.0,0.0,0.0,0.0,0.0,0.0,0.0,0.0,0.0,0.0,0.0,0.0,0.0,0.0,0.0,0.0,0.0,0.0,0.0,0.0,0.0,0.0,0.0,0.0,0.0,0.0
2026-01-23 15:52:05,3.4,21.9,running,1.8,3.5,20.3,0.9,1.8,0.9,4.0,0.9,6.2,1.3,4.9,0.4,0.9,0.9,1.3,0.9,0.9,1.8,4.0,3.5,2.2,0.0,0.9,12.9,1.3,1.8,3.1,1.3,1.8,13.7,5.8,1.4,3.5,0.9,2.7,0.4,0.4,0.9,1.3,2.2,0.4,5.3,33.8,0.0,3.1,0.0,0.4,0.0,0.0,0.0,0.0,0.0,0.0,0.0,0.0,0.0,0.0,0.0,0.0,0.0,0.0,0.0,0.0,0.0,0.0,0.0,0.0,0.0,0.0,0.0,0.0,0.0,0.0,0.0,0.0,0.0,0.0,0.0,0.0,0.0,0.0,0.0,0.0,0.0,0.0,0.0,0.0,0.0,0.0,0.0,0.0,0.0,0.0,0.0,0.0,0.0
2026-01-23 15:52:09,3.1,21.9,running,3.1,1.3,22.1,0.9,3.1,0.9,1.8,1.3,4.0,7.5,4.9,0.0,1.8,3.1,3.6,0.9,0.4,0.9,0.0,0.0,1.3,0.0,0.0,11.1,3.1,2.7,1.3,0.0,2.3,37.1,5.8,3.8,4.9,2.2,1.3,0.0,0.0,5.8,2.7,2.2,0.0,0.0,1.8,0.0,0.4,4.4,0.0,3.2,0.0,0.0,0.0,0.0,0.0,0.0,0.0,0.0,0.0,0.0,0.0,0.0,0.0,0.0,0.0,0.0,0.0,0.0,0.0,0.0,0.0,0.0,0.0,0.0,0.0,0.0,0.0,0.0,0.0,0.0,0.0,0.0,0.0,0.0,0.0,0.0,0.0,0.0,0.0,0.0,0.0,0.0,0.0,0.0,0.0,0.0,0.0,0.0
2026-01-23 15:52:12,8.6,34.3,running,5.4,2.2,23.5,0.4,8.1,3.1,11.2,1.3,5.4,3.1,7.5,2.7,5.8,0.9,10.2,0.9,4.9,1.3,3.1,3.6,7.1,0.4,3.1,10.3,10.6,0.4,9.4,0.9,5.3,32.3,6.2,4.0,6.7,4.4,8.4,0.9,3.1,3.6,8.8,0.9,3.1,0.9,17.3,1.3,4.0,3.1,1.3,4.0,0.0,0.0,0.0,0.0,0.0,0.0,0.0,0.0,0.0,0.0,0.0,0.0,0.0,0.0,0.0,0.0,0.0,0.0,0.0,0.0,0.0,0.0,0.0,0.0,0.0,0.0,0.0,0.0,0.0,0.0,0.0,0.0,0.0,0.0,0.0,0.0,0.0,0.0,0.0,0.0,0.0,0.0,0.0,0.0,0.0,0.0,0.0,0.0
2026-01-23 15:52:16,3.8,37.5,running,3.5,1.3,24.8,0.4,7.1,0.0,5.8,0.0,4.4,1.3,1.8,4.4,4.0,0.4,3.1,2.7,5.4,1.3,8.8,2.2,4.4,1.3,2.2,13.0,2.2,0.0,4.0,0.4,1.8,31.3,3.1,0.9,8.9,0.4,5.8,1.8,1.8,2.2,4.9,0.4,3.6,0.0,21.0,0.4,5.3,2.7,2.2,1.8,0.0,0.0,0.0,0.0,0.0,0.0,0.0,0.0,0.0,0.0,0.0,0.0,0.0,0.0,0.0,0.0,0.0,0.0,0.0,0.0,0.0,0.0,0.0,0.0,0.0,0.0,0.0,0.0,0.0,0.0,0.0,0.0,0.0,0.0,0.0,0.0,0.0,0.0,0.0,0.0,0.0,0.0,0.0,0.0,0.0,0.0,0.0,0.0
2026-01-23 15:52:19,3.2,28.1,running,6.8,0.4,20.4,3.6,4.9,0.4,5.4,0.0,2.7,0.0,4.5,0.0,4.9,0.0,0.9,0.9,4.9,2.7,1.8,0.4,4.0,0.4,2.2,11.6,4.4,4.0,2.7,1.3,1.8,39.3,3.6,2.2,8.4,3.1,4.4,0.0,1.3,0.0,1.3,0.4,3.1,0.0,3.1,4.4,3.1,1.3,0.9,1.3,0.0,0.0,0.0,0.0,0.0,0.0,0.0,0.0,0.0,0.0,0.0,0.0,0.0,0.0,0.0,0.0,0.0,0.0,0.0,0.0,0.0,0.0,0.0,0.0,0.0,0.0,0.0,0.0,0.0,0.0,0.0,0.0,0.0,0.0,0.0,0.0,0.0,0.0,0.0,0.0,0.0,0.0,0.0,0.0,0.0,0.0,0.0,0.0
2026-01-23 15:52:23,4.1,34.3,running,3.1,3.1,20.1,0.9,6.7,0.9,4.9,0.0,0.9,0.0,1.8,1.8,4.0,2.2,4.0,0.0,0.9,0.9,5.4,4.0,4.0,2.7,1.3,9.3,5.8,0.4,4.4,0.9,0.4,1.8,4.4,0.9,7.1,3.1,2.6,0.0,4.5,2.2,3.1,4.4,1.8,0.9,38.2,1.8,5.8,3.5,1.3,2.2,0.0,0.0,0.0,0.0,0.0,0.0,0.0,0.0,0.0,0.0,0.0,0.0,0.0,0.0,0.0,0.0,0.0,0.0,0.0,0.0,0.0,0.0,0.0,0.0,0.0,0.0,0.0,0.0,0.0,0.0,0.0,0.0,0.0,0.0,0.0,0.0,0.0,0.0,0.0,0.0,0.0,0.0,0.0,0.0,0.0,0.0,0.0,0.0
2026-01-23 15:52:26,6.8,12.5,running,4.4,0.4,22.1,1.8,10.2,2.2,9.3,1.8,5.4,1.3,7.1,0.9,6.7,4.0,4.4,1.3,6.7,2.7,4.0,0.9,3.1,5.8,4.0,11.6,9.7,5.3,16.9,0.0,4.5,19.0,5.3,2.7,8.8,4.9,7.2,0.4,7.9,6.2,14.2,0.4,4.0,1.3,27.4,1.8,6.7,0.0,2.7,2.2,0.0,0.0,0.0,0.0,0.0,0.0,0.0,0.0,0.0,0.0,0.0,0.0,0.0,0.0,0.0,0.0,0.0,0.0,0.0,0.0,0.0,0.0,0.0,0.0,0.0,0.0,0.0,0.0,0.0,0.0,0.0,0.0,0.0,0.0,0.0,0.0,0.0,0.0,0.0,0.0,0.0,0.0,0.0,0.0,0.0,0.0,0.0,0.0
2026-01-23 15:52:30,4.8,40.6,running,8.4,2.7,28.1,2.2,15.6,4.5,10.3,2.2,8.9,6.2,10.3,1.8,7.1,2.7,7.6,9.6,13.8,3.6,13.9,3.1,13.3,5.3,14.3,12.4,7.7,3.6,12.4,2.7,6.2,19.6,14.2,3.6,9.7,4.0,14.6,3.6,7.2,4.9,11.2,2.7,8.5,0.9,11.2,13.3,8.0,3.1,15.2,3.1,0.0,0.0,0.0,0.0,0.0,0.0,0.0,0.0,0.0,0.0,0.0,0.0,0.0,0.0,0.0,0.0,0.0,0.0,0.0,0.0,0.0,0.0,0.0,0.0,0.0,0.0,0.0,0.0,0.0,0.0,0.0,0.0,0.0,0.0,0.0,0.0,0.0,0.0,0.0,0.0,0.0,0.0,0.0,0.0,0.0,0.0,0.0,0.0
2026-01-23 15:52:33,3.6,37.4,running,4.0,0.9,28.6,2.3,6.3,1.8,3.6,1.8,4.0,0.9,3.1,1.3,4.9,4.0,0.4,0.0,0.4,0.0,1.8,0.9,3.1,0.0,4.0,10.3,4.0,4.5,0.9,0.4,4.0,4.2,1.8,0.9,2.2,5.8,4.9,0.0,3.6,4.9,4.0,3.1,0.4,1.3,0.0,42.0,2.2,0.0,0.0,1.8,0.0,0.0,0.0,0.0,0.0,0.0,0.0,0.0,0.0,0.0,0.0,0.0,0.0,0.0,0.0,0.0,0.0,0.0,0.0,0.0,0.0,0.0,0.0,0.0,0.0,0.0,0.0,0.0,0.0,0.0,0.0,0.0,0.0,0.0,0.0,0.0,0.0,0.0,0.0,0.0,0.0,0.0,0.0,0.0,0.0,0.0,0.0,0.0
2026-01-23 15:52:37,3.3,18.7,running,5.3,2.7,20.4,0.0,4.9,0.9,3.6,0.0,4.9,1.3,0.9,0.0,4.4,0.0,4.0,0.9,1.8,0.9,3.1,0.4,5.8,0.8,1.8,12.1,8.8,0.0,2.2,0.0,1.8,0.0,6.7,1.3,9.3,4.9,6.6,0.0,2.2,1.3,2.7,2.7,0.0,0.4,0.0,10.8,0.4,1.8,26.1,2.2,0.0,0.0,0.0,0.0,0.0,0.0,0.0,0.0,0.0,0.0,0.0,0.0,0.0,0.0,0.0,0.0,0.0,0.0,0.0,0.0,0.0,0.0,0.0,0.0,0.0,0.0,0.0,0.0,0.0,0.0,0.0,0.0,0.0,0.0,0.0,0.0,0.0,0.0,0.0,0.0,0.0,0.0,0.0,0.0,0.0,0.0,0.0,0.0
2026-01-23 15:52:40,3.6,37.5,running,3.6,1.3,23.7,1.4,4.9,2.7,3.1,0.4,8.0,0.0,5.8,1.3,4.9,0.0,2.7,0.4,3.6,0.0,1.3,0.0,5.8,0.0,4.0,11.6,6.7,1.4,3.1,0.0,3.7,1.9,1.4,0.5,2.2,2.2,4.9,0.9,0.5,8.1,1.8,0.9,0.9,2.2,0.9,9.7,3.1,1.3,33.5,0.5,0.0,0.0,0.0,0.0,0.0,0.0,0.0,0.0,0.0,0.0,0.0,0.0,0.0,0.0,0.0,0.0,0.0,0.0,0.0,0.0,0.0,0.0,0.0,0.0,0.0,0.0,0.0,0.0,0.0,0.0,0.0,0.0,0.0,0.0,0.0,0.0,0.0,0.0,0.0,0.0,0.0,0.0,0.0,0.0,0.0,0.0,0.0,0.0
2026-01-23 15:52:44,3.2,34.3,running,2.2,1.8,27.1,0.0,4.0,5.7,4.9,0.0,3.1,0.0,3.1,0.9,2.2,1.2,0.0,2.2,4.0,0.0,0.4,0.0,4.9,0.0,2.2,10.2,1.8,0.4,2.7,1.3,2.1,0.0,0.4,1.7,3.5,2.2,3.1,0.0,4.5,1.8,0.9,2.2,0.0,0.4,1.8,39.8,8.9,0.0,0.9,0.0,0.0,0.0,0.0,0.0,0.0,0.0,0.0,0.0,0.0,0.0,0.0,0.0,0.0,0.0,0.0,0.0,0.0,0.0,0.0,0.0,0.0,0.0,0.0,0.0,0.0,0.0,0.0,0.0,0.0,0.0,0.0,0.0,0.0,0.0,0.0,0.0,0.0,0.0,0.0,0.0,0.0,0.0,0.0,0.0,0.0,0.0,0.0,0.0
2026-01-23 15:52:47,3.6,28.1,running,4.4,2.7,17.3,0.0,4.4,4.5,3.6,0.0,1.3,3.1,4.0,1.4,6.2,0.0,2.2,1.3,0.9,0.0,0.0,1.8,3.6,0.0,0.9,10.8,2.7,3.6,1.3,0.4,3.3,0.4,0.4,0.9,2.7,4.4,2.7,0.0,1.8,7.6,1.3,3.1,0.4,1.3,0.9,42.0,6.7,0.4,0.0,2.7,0.0,0.0,0.0,0.0,0.0,0.0,0.0,0.0,0.0,0.0,0.0,0.0,0.0,0.0,0.0,0.0,0.0,0.0,0.0,0.0,0.0,0.0,0.0,0.0,0.0,0.0,0.0,0.0,0.0,0.0,0.0,0.0,0.0,0.0,0.0,0.0,0.0,0.0,0.0,0.0,0.0,0.0,0.0,0.0,0.0,0.0,0.0,0.0
2026-01-23 15:52:51,3.9,25.0,running,6.2,2.2,23.0,1.3,6.7,0.4,5.8,0.9,3.1,0.0,3.6,0.4,0.9,0.4,0.9,4.5,0.9,0.4,2.7,3.6,5.3,0.5,2.2,12.8,0.9,1.8,4.9,0.0,1.3,0.0,0.0,0.4,1.8,2.7,5.8,0.0,1.3,2.7,6.2,0.0,0.0,0.4,1.3,25.9,3.6,0.0,16.9,0.4,0.0,0.0,0.0,0.0,0.0,0.0,0.0,0.0,0.0,0.0,0.0,0.0,0.0,0.0,0.0,0.0,0.0,0.0,0.0,0.0,0.0,0.0,0.0,0.0,0.0,0.0,0.0,0.0,0.0,0.0,0.0,0.0,0.0,0.0,0.0,0.0,0.0,0.0,0.0,0.0,0.0,0.0,0.0,0.0,0.0,0.0,0.0,0.0
2026-01-23 15:52:54,3.1,28.1,running,3.6,0.9,24.2,0.0,5.3,4.8,4.9,0.0,4.9,2.2,4.9,0.0,2.2,0.0,2.7,4.9,5.3,0.0,0.0,3.6,2.2,1.7,0.0,9.6,0.9,0.4,1.8,0.0,2.2,0.0,0.0,0.9,3.1,1.3,5.3,0.0,0.4,0.0,3.6,4.0,0.9,0.0,0.0,5.4,2.2,1.3,41.0,0.0,0.0,0.0,0.0,0.0,0.0,0.0,0.0,0.0,0.0,0.0,0.0,0.0,0.0,0.0,0.0,0.0,0.0,0.0,0.0,0.0,0.0,0.0,0.0,0.0,0.0,0.0,0.0,0.0,0.0,0.0,0.0,0.0,0.0,0.0,0.0,0.0,0.0,0.0,0.0,0.0,0.0,0.0,0.0,0.0,0.0,0.0,0.0,0.0
2026-01-23 15:52:58,3.0,34.3,running,2.7,0.4,19.6,0.0,3.5,4.5,2.7,0.0,1.3,2.2,2.7,1.3,3.6,2.2,0.4,2.2,0.4,0.4,0.9,0.0,0.9,0.5,0.4,13.8,2.7,0.9,4.0,0.8,1.3,3.6,0.0,0.4,4.0,2.2,1.8,0.0,0.0,2.2,0.0,1.3,0.4,2.2,2.7,39.0,6.2,0.0,3.0,0.9,0.0,0.0,0.0,0.0,0.0,0.0,0.0,0.0,0.0,0.0,0.0,0.0,0.0,0.0,0.0,0.0,0.0,0.0,0.0,0.0,0.0,0.0,0.0,0.0,0.0,0.0,0.0,0.0,0.0,0.0,0.0,0.0,0.0,0.0,0.0,0.0,0.0,0.0,0.0,0.0,0.0,0.0,0.0,0.0,0.0,0.0,0.0,0.0
2026-01-23 15:53:01,4.3,25.0,running,5.3,0.0,24.6,0.0,6.3,0.4,5.8,0.0,2.2,2.7,4.5,1.8,3.5,0.9,4.0,1.3,2.7,0.9,4.4,0.0,0.4,1.7,1.8,13.4,4.4,1.8,5.3,1.8,0.4,1.3,0.0,1.8,5.8,2.7,4.5,0.0,0.4,4.0,1.8,2.7,0.4,2.2,0.0,21.9,6.7,0.4,20.5,0.9,0.0,0.0,0.0,0.0,0.0,0.0,0.0,0.0,0.0,0.0,0.0,0.0,0.0,0.0,0.0,0.0,0.0,0.0,0.0,0.0,0.0,0.0,0.0,0.0,0.0,0.0,0.0,0.0,0.0,0.0,0.0,0.0,0.0,0.0,0.0,0.0,0.0,0.0,0.0,0.0,0.0,0.0,0.0,0.0,0.0,0.0,0.0,0.0
2026-01-23 15:53:05,3.3,46.8,running,8.0,2.2,23.6,0.0,4.0,2.7,5.8,0.0,3.6,0.4,6.2,0.9,4.0,1.3,1.8,2.2,0.4,2.2,0.9,3.1,0.4,0.4,4.9,10.7,1.8,2.7,3.6,3.1,1.8,0.0,0.0,0.0,1.8,1.3,0.4,0.0,3.6,0.0,0.4,0.9,1.3,3.1,0.0,3.1,0.4,2.2,35.0,2.2,0.0,0.0,0.0,0.0,0.0,0.0,0.0,0.0,0.0,0.0,0.0,0.0,0.0,0.0,0.0,0.0,0.0,0.0,0.0,0.0,0.0,0.0,0.0,0.0,0.0,0.0,0.0,0.0,0.0,0.0,0.0,0.0,0.0,0.0,0.0,0.0,0.0,0.0,0.0,0.0,0.0,0.0,0.0,0.0,0.0,0.0,0.0,0.0
2026-01-23 15:53:08,1.3,0.0,completed,4.9,0.4,16.4,0.9,4.0,3.5,1.3,0.0,2.2,0.0,0.9,0.9,6.7,2.2,2.7,0.9,0.4,0.0,0.5,1.8,1.8,0.0,0.4,12.5,2.2,0.0,2.2,1.8,3.1,2.2,0.9,0.4,2.2,1.8,0.0,0.0,2.7,0.0,5.3,0.9,2.2,2.2,0.9,30.5,8.8,1.8,2.7,2.2,0.0,0.0,0.0,0.0,0.0,0.0,0.0,0.0,0.0,0.0,0.0,0.0,0.0,0.0,0.0,0.0,0.0,0.0,0.0,0.0,0.0,0.0,0.0,0.0,0.0,0.0,0.0,0.0,0.0,0.0,0.0,0.0,0.0,0.0,0.0,0.0,0.0,0.0,0.0,0.0,0.0,0.0,0.0,0.0,0.0,0.0,0.0,0.0
2026-01-23 15:53:11,2.4,0.0,done,1.6,0.0,2.1,1.0,1.6,0.5,4.7,0.0,1.5,0.0,9.8,0.5,4.6,0.5,3.6,0.0,0.0,0.0,0.0,0.5,0.5,0.0,0.5,13.5,3.1,0.5,1.5,1.0,0.5,0.0,0.0,0.0,3.1,0.0,0.5,0.5,1.0,1.6,2.6,0.5,0.0,0.0,0.0,4.1,1.0,1.6,0.0,0.0,0.0,0.0,0.0,0.0,0.0,0.0,0.0,0.0,0.0,0.0,0.0,0.0,0.0,0.0,0.0,0.0,0.0,0.0,0.0,0.0,0.0,0.0,0.0,0.0,0.0,0.0,0.0,0.0,0.0,0.0,0.0,0.0,0.0,0.0,0.0,0.0,0.0,0.0,0.0,0.0,0.0,0.0,0.0,0.0,0.0,0.0,0.0,0.0
2026-01-23 15:53:14,1.0,0.0,done,3.6,0.0,1.0,0.0,3.1,2.6,3.1,0.0,2.6,0.0,3.1,0.5,3.6,0.0,2.1,0.5,1.0,0.5,0.0,0.0,0.0,0.0,1.0,12.9,0.5,0.5,2.1,0.0,0.5,0.0,0.0,0.0,1.0,0.0,0.0,0.0,0.0,1.6,0.0,0.0,0.0,0.0,0.0,0.0,0.0,0.5,0.0,0.0,0.0,0.0,0.0,0.0,0.0,0.0,0.0,0.0,0.0,0.0,0.0,0.0,0.0,0.0,0.0,0.0,0.0,0.0,0.0,0.0,0.0,0.0,0.0,0.0,0.0,0.0,0.0,0.0,0.0,0.0,0.0,0.0,0.0,0.0,0.0,0.0,0.0,0.0,0.0,0.0,0.0,0.0,0.0,0.0,0.0,0.0,0.0,0.0
2026-01-23 15:53:17,0.5,0.0,done,0.0,1.1,0.5,1.2,0.0,1.0,0.0,1.0,0.0,1.1,4.7,2.0,7.3,1.0,2.1,2.6,1.6,0.5,1.4,0.8,0.5,0.0,0.0,14.1,0.0,2.1,2.6,0.0,0.0,0.0,0.0,0.0,1.6,0.0,0.0,0.0,0.0,1.6,0.0,0.5,0.0,1.6,0.0,1.6,0.0,2.6,0.0,0.4,0.0,0.0,0.0,0.0,0.0,0.0,0.0,0.0,0.0,0.0,0.0,0.0,0.0,0.0,0.0,0.0,0.0,0.0,0.0,0.0,0.0,0.0,0.0,0.0,0.0,0.0,0.0,0.0,0.0,0.0,0.0,0.0,0.0,0.0,0.0,0.0,0.0,0.0,0.0,0.0,0.0,0.0,0.0,0.0,0.0,0.0,0.0,0.0
2026-01-23 15:53:21,0.7,0.0,done,2.1,0.0,4.1,0.0,2.6,0.5,1.0,1.0,0.0,0.0,1.1,0.0,3.6,0.0,0.5,0.0,0.0,0.0,0.0,0.0,0.0,0.0,0.0,10.9,0.0,0.0,1.6,0.0,0.5,0.0,0.0,0.0,3.1,0.0,0.0,2.1,0.0,1.0,0.0,0.5,0.5,0.5,0.0,1.0,0.0,0.0,0.0,0.0,0.0,0.0,0.0,0.0,0.0,0.0,0.0,0.0,0.0,0.0,0.0,0.0,0.0,0.0,0.0,0.0,0.0,0.0,0.0,0.0,0.0,0.0,0.0,0.0,0.0,0.0,0.0,0.0,0.0,0.0,0.0,0.0,0.0,0.0,0.0,0.0,0.0,0.0,0.0,0.0,0.0,0.0,0.0,0.0,0.0,0.0,0.0,0.0
2026-01-23 15:53:24,0.7,0.0,done,2.1,0.0,1.0,0.0,1.6,0.0,0.0,0.0,0.5,0.0,2.4,0.5,0.5,0.0,0.0,0.0,0.0,0.0,0.0,0.0,0.0,0.0,0.0,9.9,0.0,0.5,0.5,0.0,0.5,0.0,0.0,0.0,1.0,0.0,0.0,0.0,0.0,0.0,0.0,0.0,0.0,0.0,0.0,0.0,0.0,0.0,0.0,0.0,0.0,0.0,0.0,0.0,0.0,0.0,0.0,0.0,0.0,0.0,0.0,0.0,0.0,0.0,0.0,0.0,0.0,0.0,0.0,0.0,0.0,0.0,0.0,0.0,0.0,0.0,0.0,0.0,0.0,0.0,0.0,0.0,0.0,0.0,0.0,0.0,0.0,0.0,0.0,0.0,0.0,0.0,0.0,0.0,0.0,0.0,0.0,0.0
