{
  "run_id": "20260116_164317",
  "config": {
    "n_qubits": 4,
    "n_epochs": 100,
    "n_samples": 25,
    "noise_rate": 0.1,
    "learning_rate": 0.1,
    "seed": 42
  },
  "pennylane_version": "0.43.2",
  "status": "completed",
  "lret": {
    "status": "completed",
    "total_time_seconds": 345.37263202667236,
    "avg_epoch_time": 3.4537263202667234,
    "memory_start_mb": 140.51171875,
    "memory_end_mb": 141.5703125,
    "memory_delta_mb": 1.05859375,
    "final_loss": 1.0420167733992722,
    "losses": [
      1.3816760879806613,
      1.2053123102049035,
      1.124173537107717,
      1.098794441273202,
      1.085087526756893,
      1.0744562226230001,
      1.0658132740489343,
      1.0596898013312903,
      1.0563323550447037,
      1.0553143727640573,
      1.0559186645518874,
      1.057500030827445,
      1.059586542376347,
      1.0618292837014789,
      1.063914756405598,
      1.0654897444073925,
      1.066130899728814,
      1.0654094950935276,
      1.0630865777181364,
      1.0593390876101334,
      1.0547686923714366,
      1.0501087811659953,
      1.0458873740110461,
      1.042279180969899,
      1.0391622471926483,
      1.036351961890632,
      1.0338516512089015,
      1.0318377442455964,
      1.030465856900462,
      1.0298225355183457,
      1.0299900000631592,
      1.0310232004757387,
      1.0328692195597664,
      1.0353551847441151,
      1.038251972264601,
      1.0413464559339094,
      1.0444804751013428,
      1.0475546539696636,
      1.0505110289453317,
      1.0533070682384362,
      1.0558873229936203,
      1.058154453985023,
      1.059942063522652,
      1.061000289308445,
      1.061021554154865,
      1.0597432764616164,
      1.0571260922463732,
      1.0535049364604319,
      1.0495602724327247,
      1.0460866038025523,
      1.0437037673298784,
      1.0426649892799675,
      1.0428264193286574,
      1.043739984340852,
      1.044758923897319,
      1.0451184422005626,
      1.0441634795036712,
      1.0418303740336716,
      1.0388407310592824,
      1.0362205386643089,
      1.0347598750418017,
      1.0347816154221445,
      1.036177216446245,
      1.0385940400156657,
      1.041625275092188,
      1.0449261961056182,
      1.0482528927760004,
      1.0514483289834597,
      1.0544027007622085,
      1.05700646435491,
      1.059106583733964,
      1.0604774824986736,
      1.060830326795428,
      1.0598959922160018,
      1.057590882068013,
      1.0541826151715006,
      1.0503016336532074,
      1.0467433416354417,
      1.0441858952595926,
      1.0429866231918208,
      1.0431386355730639,
      1.0443746689238305,
      1.0463217060819143,
      1.048603306991522,
      1.0508781236357663,
      1.0529129325178053,
      1.0547645459245,
      1.0567474373777805,
      1.0588396595836151,
      1.0605226816979174,
      1.0614429769110678,
      1.0616204826637932,
      1.0611391538318105,
      1.0599202363379918,
      1.0577498667159846,
      1.0545474959636973,
      1.0506638039714433,
      1.0468370738362056,
      1.0438096376969113,
      1.0420167733992722
    ],
    "epoch_times": [
      3.593357563018799,
      3.3706271648406982,
      3.2962381839752197,
      3.631796360015869,
      3.4371769428253174,
      3.536940574645996,
      3.5200448036193848,
      3.4320619106292725,
      3.4586737155914307,
      3.496331214904785,
      3.6730339527130127,
      3.6214635372161865,
      3.4944422245025635,
      3.533916711807251,
      3.463355779647827,
      3.4399256706237793,
      3.4060256481170654,
      3.338899850845337,
      3.4567527770996094,
      3.2708568572998047,
      3.3811843395233154,
      3.319368839263916,
      3.3006300926208496,
      3.502480983734131,
      3.429434299468994,
      3.409334182739258,
      3.439227819442749,
      3.530524492263794,
      3.3830111026763916,
      3.4694902896881104,
      3.4007999897003174,
      3.319326400756836,
      3.491140604019165,
      3.3935277462005615,
      3.327800989151001,
      3.392906427383423,
      3.409844398498535,
      3.336484909057617,
      3.6485402584075928,
      3.4867804050445557,
      3.3720009326934814,
      3.426039695739746,
      3.398108720779419,
      3.380023717880249,
      3.384876012802124,
      3.3755898475646973,
      3.551300287246704,
      3.4170761108398438,
      3.423961639404297,
      3.4122536182403564,
      3.3592796325683594,
      3.362269401550293,
      3.456847906112671,
      3.3906192779541016,
      3.3009564876556396,
      3.5645337104797363,
      3.4438509941101074,
      3.3935256004333496,
      3.530724048614502,
      3.424529790878296,
      3.2913050651550293,
      3.3201260566711426,
      3.364011287689209,
      3.440612316131592,
      3.3916354179382324,
      3.342280149459839,
      3.3173539638519287,
      3.3972318172454834,
      3.422037363052368,
      3.3055639266967773,
      4.1435487270355225,
      5.317246437072754,
      5.066662311553955,
      3.4932825565338135,
      3.4616379737854004,
      3.477932929992676,
      3.462549924850464,
      3.4476864337921143,
      3.4124977588653564,
      3.5379250049591064,
      3.5981199741363525,
      3.4954707622528076,
      3.456418037414551,
      3.342949867248535,
      3.3515796661376953,
      3.312758684158325,
      3.255507707595825,
      3.348376989364624,
      3.289626121520996,
      3.399247646331787,
      3.3378615379333496,
      3.1997175216674805,
      3.331937074661255,
      3.2728757858276367,
      3.1826822757720947,
      3.2690343856811523,
      3.262951135635376,
      3.199828624725342,
      3.437479019165039,
      3.2186086177825928
    ]
  },
  "baseline": {
    "status": "completed",
    "total_time_seconds": 947.5878632068634,
    "avg_epoch_time": 9.475878632068634,
    "memory_start_mb": 141.5703125,
    "memory_end_mb": 141.6015625,
    "memory_delta_mb": 0.03125,
    "final_loss": 1.0420224626190235,