algo,n_qubits,mode,competitor,noisy,trials,n_epochs,lret_mean_ms,lret_std_ms,lret_median_ms,lret_min_ms,comp_mean_ms,comp_std_ms,time_ratio,lret_peak_mb,comp_peak_mb,memory_ratio,accuracy_ratio,status
vqe_noiseless,1,sequential,lightning.qubit,False,3,30,1186.6060666667788,47.940922438644435,1217.6390000004176,1118.8860000002023,22.370733333142805,0.16667543954934957,53.04278804793547,0.0054613333333387954,0.0013653333333346989,4.0,1.0,ok
vqe_noiseless,1,row,lightning.qubit,False,3,30,1154.7982666667547,51.483981059847316,1129.5463999995263,1108.2832000001872,22.370733333142805,0.16667543954934957,51.620939263349584,0.0,0.0013653333333346989,0.0,1.0,ok
vqe_noiseless,1,column,lightning.qubit,False,3,30,1229.4909999997496,26.692319333301725,1228.0990999997812,1197.5179000000935,22.370733333142805,0.16667543954934957,54.959798665975235,0.0,0.0013653333333346989,0.0,1.0,ok
vqe_noiseless,1,batch,lightning.qubit,False,3,30,1160.9307666661455,23.52449295097675,1165.0113999994574,1130.296499999531,22.370733333142805,0.16667543954934957,51.895069749286996,0.0,0.0013653333333346989,0.0,1.0,ok
vqe_noiseless,1,hybrid,lightning.qubit,False,3,30,1173.757633333177,33.12314809733721,1160.0859999998647,1141.7922999999064,22.370733333142805,0.16667543954934957,52.46844687001053,0.13653333333333725,0.0013653333333346989,99.99999999990285,1.0,ok
vqe_noiseless,1,layer-parallel,lightning.qubit,False,3,30,1106.7062333334736,19.90539759190321,1104.0584000002127,1083.759199999804,22.370733333142805,0.16667543954934957,49.47116470669562,0.02594133333332138,0.0013653333333346989,18.999999999972243,1.0,ok
vqe_noiseless,2,sequential,lightning.qubit,False,3,30,1216.8346000001595,39.31208522138228,1200.872100000197,1178.6958000002414,29.126066666625167,1.9358297106413789,41.77819868120057,0.0,0.0,nan,1.0,ok
vqe_noiseless,2,row,lightning.qubit,False,3,30,1260.617100000066,71.64835521216925,1274.623899999824,1166.7052000002514,29.126066666625167,1.9358297106413789,43.28140543070911,0.0,0.0,nan,1.0,ok
vqe_noiseless,2,column,lightning.qubit,False,3,30,1198.9598999998634,49.21791749969903,1191.0006999996767,1143.0554999997184,29.126066666625167,1.9358297106413789,41.16449755207495,0.0,0.0,nan,1.0,ok
vqe_noiseless,2,batch,lightning.qubit,False,3,30,1195.704566666791,40.64618899611717,1195.2209999999468,1146.1669000000256,29.126066666625167,1.9358297106413789,41.05273054383684,0.0,0.0,nan,1.0,ok
vqe_noiseless,2,hybrid,lightning.qubit,False,3,30,1199.991299999662,24.38431326249657,1194.7944999992615,1173.0661999999938,29.126066666625167,1.9358297106413789,41.19990913069982,0.0,0.0,nan,1.0,ok
vqe_noiseless,2,layer-parallel,lightning.qubit,False,3,30,1252.4208666667012,14.117452183677207,1250.8747000001676,1235.9556000001248,29.126066666625167,1.9358297106413789,43.00000000006245,0.0,0.0,nan,1.0,ok
vqe_noiseless,3,sequential,lightning.qubit,False,3,30,1326.287733333326,74.95384133628073,1324.2368999999599,1235.5310000002646,29.138733333335647,0.2163885757298067,45.51631390977487,0.0,0.0,nan,1.0,ok
vqe_noiseless,3,row,lightning.qubit,False,3,30,1205.0912666663862,45.121480578156394,1200.67089999975,1152.1718999993027,29.138733333335647,0.2163885757298067,41.3570230689377,0.0,0.0,nan,1.0,ok
vqe_noiseless,3,column,lightning.qubit,False,3,30,1236.4493999997042,82.32582837052354,1229.251299999305,1139.4131999995807,29.138733333335647,0.2163885757298067,42.43318972912135,0.0,0.0,nan,1.0,ok
vqe_noiseless,3,batch,lightning.qubit,False,3,30,1197.1061666666476,52.96563840053239,1231.808099999398,1122.2672000003513,29.138733333335647,0.2163885757298067,41.082985762360494,0.0,0.0,nan,1.0,ok
vqe_noiseless,3,hybrid,lightning.qubit,False,3,30,1335.7685666669568,24.497767233072647,1348.726600000191,1301.4637000005678,29.138733333335647,0.2163885757298067,45.841682662945225,0.0,0.0,nan,1.0,ok
vqe_noiseless,3,layer-parallel,lightning.qubit,False,3,30,1222.6020000001274,84.82014018831339,1197.2384999999122,1133.7494999997944,29.138733333335647,0.2163885757298067,41.957966601157345,0.0,0.0,nan,1.0,ok
vqe_noiseless,4,sequential,lightning.qubit,False,3,30,1248.3551666667456,16.657710273669416,1243.5283000004347,1230.7999999993626,31.52109999973618,1.2451835310249406,39.60379449566144,0.006826666666673494,0.0,nan,1.0,ok
vqe_noiseless,4,row,lightning.qubit,False,3,30,1278.4846999999597,27.332759376311397,1294.0601000000242,1240.0592000003599,31.52109999973618,1.2451835310249406,40.55964734767061,0.0,0.0,nan,1.0,ok
vqe_noiseless,4,column,lightning.qubit,False,3,30,1267.2242000001763,15.075433916570645,1274.8100999997405,1246.1760000005597,31.52109999973618,1.2451835310249406,40.202410449216,0.0,0.0,nan,1.0,ok
vqe_noiseless,4,batch,lightning.qubit,False,3,30,1312.6438666665006,48.299397627045344,1309.647600000062,1255.0444999997126,31.52109999973618,1.2451835310249406,41.643339435409516,0.0,0.0,nan,1.0,ok
vqe_noiseless,4,hybrid,lightning.qubit,False,3,30,1247.8654333332695,61.38080324295901,1289.659699999902,1161.079499999687,31.52109999973618,1.2451835310249406,39.588257812821055,0.0,0.0,nan,1.0,ok
vqe_noiseless,4,layer-parallel,lightning.qubit,False,3,30,1250.6682666662527,28.57323930911509,1256.5474999992148,1213.1061000000045,31.52109999973618,1.2451835310249406,39.67717708699,0.0,0.0,nan,1.0,ok
vqe_noiseless,5,sequential,lightning.qubit,False,3,30,1265.6869333331997,46.428119985256934,1243.6870999999883,1223.1111000000965,32.9780666664495,0.23812915709977311,38.37965839946756,0.0,0.0,nan,1.0,ok
vqe_noiseless,5,row,lightning.qubit,False,3,30,1275.7898666665521,97.55324521168158,1331.6955999998754,1138.6084999994637,32.9780666664495,0.23812915709977311,38.68601151093212,0.0,0.0,nan,1.0,ok
vqe_noiseless,5,column,lightning.qubit,False,3,30,1154.584099999738,73.40119644010012,1189.5065999997314,1052.4651999994603,32.9780666664495,0.23812915709977311,35.01066668575704,0.0,0.0,nan,1.0,ok
vqe_noiseless,5,batch,lightning.qubit,False,3,30,1277.254100000088,55.855221933611006,1261.2870000002658,1218.241399999897,32.9780666664495,0.23812915709977311,38.730411728456865,0.0,0.0,nan,1.0,ok
vqe_noiseless,5,hybrid,lightning.qubit,False,3,30,1243.3041333333676,60.758846766204336,1229.4477000004917,1176.792199999909,32.9780666664495,0.23812915709977311,37.70094062543251,0.0,0.0,nan,1.0,ok
vqe_noiseless,5,layer-parallel,lightning.qubit,False,3,30,1257.8429000001659,66.77726415955249,1241.6735000006156,1185.3502000003573,32.9780666664495,0.23812915709977311,38.14180232948108,0.0,0.0,nan,1.0,ok
vqe_noiseless,6,sequential,lightning.qubit,False,3,30,1251.5685333331323,78.29588440550381,1285.410100000263,1143.3436999996047,38.8982333330811,3.459264993643751,32.17545955406496,0.0,0.0,nan,1.0,ok
vqe_noiseless,6,row,lightning.qubit,False,3,30,1300.9974333335776,50.27273347222434,1318.7551000000894,1232.4988000000303,38.8982333330811,3.459264993643751,33.446183074518736,0.0,0.0,nan,1.0,ok
vqe_noiseless,6,column,lightning.qubit,False,3,30,1344.6041999998972,45.96226341945048,1348.8460999997187,1286.3111999995454,38.8982333330811,3.459264993643751,34.56723055996415,0.0,0.0,nan,1.0,ok
vqe_noiseless,6,batch,lightning.qubit,False,3,30,1346.6826333333302,54.765056647930734,1313.73960000019,1302.4508999997124,38.8982333330811,3.459264993643751,34.62066314945056,0.03959466666666837,0.0,nan,1.0,ok
vqe_noiseless,6,hybrid,lightning.qubit,False,3,30,1261.1134999997375,107.97967192055954,1304.7898999993777,1112.5523999999132,38.8982333330811,3.459264993643751,32.42084259202642,0.0,0.0,nan,1.0,ok
vqe_noiseless,6,layer-parallel,lightning.qubit,False,3,30,1329.83673333365,32.00988177982166,1328.371600000537,1291.385900000023,38.8982333330811,3.459264993643751,34.187586925771434,0.0,0.0,nan,1.0,ok
vqe_noiseless,8,sequential,lightning.qubit,False,3,30,1486.3781666669336,11.556956875578074,1479.9535000001924,1476.575600000615,39.51416666677687,0.313168158555025,37.616335913181885,0.0,0.0013653333333346989,0.0,1.0,ok
vqe_noiseless,8,row,lightning.qubit,False,3,30,1505.8649666671045,61.587094668298754,1482.9823999998553,1444.5275000007314,39.51416666677687,0.313168158555025,38.10949575037403,0.0,0.0013653333333346989,0.0,1.0,ok
vqe_noiseless,8,column,lightning.qubit,False,3,30,1537.9775999999765,17.29561822796853,1532.871399999749,1519.8147000000972,39.51416666677687,0.313168158555025,38.922182339558056,0.0,0.0013653333333346989,0.0,1.0,ok
vqe_noiseless,8,batch,lightning.qubit,False,3,30,1465.5147666668806,39.25322430269124,1446.9066999999995,1429.5250000004671,39.51416666677687,0.313168158555025,37.08833793777236,0.0,0.0013653333333346989,0.0,1.0,ok
vqe_noiseless,8,hybrid,lightning.qubit,False,3,30,1476.7070000001088,32.12625084493918,1461.8778000003658,1446.9300000000658,39.51416666677687,0.313168158555025,37.37158403094224,0.0,0.0013653333333346989,0.0,1.0,ok
vqe_noiseless,8,layer-parallel,lightning.qubit,False,3,30,1505.4278333333666,75.05640589856213,1509.0773000001718,1411.7324999997436,39.51416666677687,0.313168158555025,38.09843305133183,0.0,0.0013653333333346989,0.0,1.0,ok
vqe_noiseless,10,sequential,lightning.qubit,False,2,30,2926.743699999406,70.29999999986103,2926.743699999406,2856.443699999545,44.267950000175915,0.13564999972004443,66.11428132515229,0.0,0.002048000000002048,0.0,1.0,ok
vqe_noiseless,10,row,lightning.qubit,False,2,30,2873.138299999937,9.997300000122777,2873.138299999937,2863.140999999814,44.267950000175915,0.13564999972004443,64.90335106975859,0.0,0.002048000000002048,0.0,1.0,ok
vqe_noiseless,10,column,lightning.qubit,False,2,30,2835.8889000001,16.86009999957605,2835.8889000001,2819.028800000524,44.267950000175915,0.13564999972004443,64.061898054661,0.0,0.002048000000002048,0.0,1.0,ok
vqe_noiseless,10,batch,lightning.qubit,False,2,30,2815.494700000272,17.499700000371377,2815.494700000272,2797.9949999999008,44.267950000175915,0.13564999972004443,63.601199061376995,0.0,0.002048000000002048,0.0,1.0,ok
vqe_noiseless,10,hybrid,lightning.qubit,False,2,30,2853.4787500002494,21.41505000054167,2853.4787500002494,2832.0636999997078,44.267950000175915,0.13564999972004443,64.45924760439347,0.0,0.002048000000002048,0.0,1.0,ok
vqe_noiseless,10,layer-parallel,lightning.qubit,False,2,30,2839.107999999669,15.518400000019028,2839.107999999669,2823.58959999965,44.267950000175915,0.13564999972004443,64.13461657900099,0.0,0.002048000000002048,0.0,1.0,ok
vqe_noiseless,12,sequential,lightning.qubit,False,2,30,21413.434900000084,9.841900000083115,21413.434900000084,21403.593,50.50589999973454,0.07300000015675323,423.97887969747364,0.0,0.0,nan,1.0,ok
vqe_noiseless,12,row,lightning.qubit,False,2,30,21595.460399999865,60.54560000029596,21595.460399999865,21534.91479999957,50.50589999973454,0.07300000015675323,427.58292397746345,0.10444799999999077,0.0,nan,1.0,ok
vqe_noiseless,12,column,lightning.qubit,False,2,30,21344.40259999974,69.32710000000952,21344.40259999974,21275.07549999973,50.50589999973454,0.07300000015675323,422.612063147314,0.0,0.0,nan,1.0,ok
vqe_noiseless,12,batch,lightning.qubit,False,2,30,21492.032100000415,127.07249999994019,21492.032100000415,21364.959600000475,50.50589999973454,0.07300000015675323,425.53507808223156,0.0,0.0,nan,1.0,ok
vqe_noiseless,12,hybrid,lightning.qubit,False,2,30,21462.739049999527,42.004049999832205,21462.739049999527,21420.734999999695,50.50589999973454,0.07300000015675323,424.95508544768705,0.0,0.0,nan,1.0,ok
vqe_noiseless,12,layer-parallel,lightning.qubit,False,2,30,21469.804899999872,9.135000000242144,21469.804899999872,21460.66989999963,50.50589999973454,0.07300000015675323,425.09498692455173,0.0,0.0,nan,1.0,ok
vqe_noiseless,14,sequential,lightning.qubit,False,2,30,392778.22504999995,455.53774999961024,392778.22504999995,392322.68730000034,64.0717000001132,0.0016999997569655534,6130.291923724609,0.018432000000018434,0.0,nan,1.0,ok
vqe_noiseless,14,row,lightning.qubit,False,2,30,391835.84075,247.71084999883897,391835.84075,391588.12990000116,64.0717000001132,0.0016999997569655534,6115.583646903511,0.0,0.0,nan,1.0,ok
vqe_noiseless,14,column,lightning.qubit,False,2,30,393134.714849999,1435.5886499997578,393134.714849999,391699.12619999924,64.0717000001132,0.0016999997569655534,6135.855843520688,0.0,0.0,nan,1.0,ok
vqe_noiseless,14,batch,lightning.qubit,False,2,30,387417.9225999997,918.9828999988094,387417.9225999997,386498.93970000086,64.0717000001132,0.0016999997569655534,6046.630924406802,0.0,0.0,nan,1.0,ok
vqe_noiseless,14,hybrid,lightning.qubit,False,2,30,388074.14570000034,1597.654799999873,388074.14570000034,386476.4909000005,64.0717000001132,0.0016999997569655534,6056.872936090579,0.0,0.0,nan,1.0,ok
vqe_noiseless,14,layer-parallel,lightning.qubit,False,2,30,385397.0842500003,814.6736500002735,385397.0842500003,384582.4106,64.0717000001132,0.0016999997569655534,6015.090660140428,0.0,0.0,nan,1.0,ok
vqe_noiseless,16,sequential,lightning.qubit,False,1,30,7878551.489300001,0.0,7878551.489300001,7878551.489300001,116.97980000099051,0.0,67349.67480909773,0.0,1.0526720000000296,0.0,1.0,ok
vqe_noiseless,16,row,lightning.qubit,False,1,30,7788307.082800002,0.0,7788307.082800002,7788307.082800002,116.97980000099051,0.0,66578.22190441474,0.0,1.0526720000000296,0.0,1.0,ok
vqe_noiseless,16,column,lightning.qubit,False,1,30,7899444.088899996,0.0,7899444.088899996,7899444.088899996,116.97980000099051,0.0,67528.27487167108,0.0,1.0526720000000296,0.0,1.0,ok
vqe_noiseless,16,batch,lightning.qubit,False,1,30,8144809.391900002,0.0,8144809.391900002,8144809.391900002,116.97980000099051,0.0,69625.77634626694,0.0,1.0526720000000296,0.0,1.0,ok
vqe_noiseless,16,hybrid,lightning.qubit,False,1,30,7947988.1035,0.0,7947988.1035,7947988.1035,116.97980000099051,0.0,67943.2526250917,0.0,1.0526720000000296,0.0,1.0,ok
vqe_noiseless,16,layer-parallel,lightning.qubit,False,1,30,7974344.641600001,0.0,7974344.641600001,7974344.641600001,116.97980000099051,0.0,68168.56108090866,0.0,1.0526720000000296,0.0,1.0,ok
vqe_noiseless,18,sequential,lightning.qubit,False,1,30,7801452.046500002,0.0,7801452.046500002,7801452.046500002,340.82959999796003,0.0,22889.596580070207,0.0,4.214784000000009,0.0,1.0,ok
vqe_noiseless,18,row,lightning.qubit,False,1,30,7787052.925900003,0.0,7787052.925900003,7787052.925900003,340.82959999796003,0.0,22847.3493087062,0.0,4.214784000000009,0.0,1.0,ok
vqe_noiseless,18,column,lightning.qubit,False,1,30,7906364.592400001,0.0,7906364.592400001,7906364.592400001,340.82959999796003,0.0,23197.41182235147,0.0,4.214784000000009,0.0,1.0,ok
vqe_noiseless,18,batch,lightning.qubit,False,1,30,7875324.88829999,0.0,7875324.88829999,7875324.88829999,340.82959999796003,0.0,23106.340788320987,0.0,4.214784000000009,0.0,1.0,ok
vqe_noiseless,18,hybrid,lightning.qubit,False,1,30,7995785.319300004,0.0,7995785.319300004,7995785.319300004,340.82959999796003,0.0,23459.773797075904,0.0,4.214784000000009,0.0,1.0,ok
vqe_noiseless,18,layer-parallel,lightning.qubit,False,1,30,7836237.0754,0.0,7836237.0754,7836237.0754,340.82959999796003,0.0,22991.656462487128,0.0,4.214784000000009,0.0,1.0,ok
vqe_noiseless,20,sequential,lightning.qubit,False,1,30,7921330.413100004,0.0,7921330.413100004,7921330.413100004,1247.1899000083795,0.0,6351.34265683741,0.0,16.826368000000002,0.0,1.0,ok
vqe_noiseless,20,row,lightning.qubit,False,1,30,7862599.397899991,0.0,7862599.397899991,7862599.397899991,1247.1899000083795,0.0,6304.251981071338,0.0,16.826368000000002,0.0,1.0,ok
vqe_noiseless,20,column,lightning.qubit,False,1,30,7889473.578100005,0.0,7889473.578100005,7889473.578100005,1247.1899000083795,0.0,6325.7997663763945,0.0,16.826368000000002,0.0,1.0,ok
vqe_noiseless,20,batch,lightning.qubit,False,1,30,7866127.127299988,0.0,7866127.127299988,7866127.127299988,1247.1899000083795,0.0,6307.080523380711,0.0,16.826368000000002,0.0,1.0,ok
vqe_noiseless,20,hybrid,lightning.qubit,False,1,30,7947878.422500012,0.0,7947878.422500012,7947878.422500012,1247.1899000083795,0.0,6372.628917574311,0.0,16.826368000000002,0.0,1.0,ok
vqe_noiseless,20,layer-parallel,lightning.qubit,False,1,30,7906916.821399994,0.0,7906916.821399994,7906916.821399994,1247.1899000083795,0.0,6339.785802744931,0.0,16.826368000000002,0.0,1.0,ok
vqe_noiseless,22,sequential,lightning.qubit,False,1,30,8017058.854699979,0.0,8017058.854699979,8017058.854699979,6726.044299983187,0.0,1191.9426184451415,0.0,67.16620799999998,0.0,1.0,ok
vqe_noiseless,22,row,lightning.qubit,False,1,30,7940553.393599985,0.0,7940553.393599985,7940553.393599985,6726.044299983187,0.0,1180.5681080066383,0.0,67.16620799999998,0.0,1.0,ok
vqe_noiseless,22,column,lightning.qubit,False,1,30,7848953.48690002,0.0,7848953.48690002,7848953.48690002,6726.044299983187,0.0,1166.949418831458,0.0,67.16620799999998,0.0,1.0,ok
vqe_noiseless,22,batch,lightning.qubit,False,1,30,7861566.80879998,0.0,7861566.80879998,7861566.80879998,6726.044299983187,0.0,1168.824714523458,0.0,67.16620799999998,0.0,1.0,ok
vqe_noiseless,22,hybrid,lightning.qubit,False,1,30,7933968.41229999,0.0,7933968.41229999,7933968.41229999,6726.044299983187,0.0,1179.5890806606526,0.0,67.16620799999998,0.0,1.0,ok
vqe_noiseless,22,layer-parallel,lightning.qubit,False,1,30,7956033.863100019,0.0,7956033.863100019,7956033.863100019,6726.044299983187,0.0,1182.869679154493,0.0,67.16620799999998,0.0,1.0,ok
vqe_noisy,1,sequential,default.mixed,True,3,30,1357.4579000026763,91.20927923562893,1377.5975000171456,1237.0499999960884,35.03509999912543,0.0682792829051974,38.74565507267175,0.18568533333332957,0.0027306666666693977,67.99999999993061,1.0,ok
vqe_noisy,1,row,default.mixed,True,3,30,1286.3320333320491,42.70158179330534,1294.9801000067964,1230.24850001093,35.03509999912543,0.0682792829051974,36.715523385523646,0.015018666666672212,0.0027306666666693977,5.49999999999653,1.0,ok
vqe_noisy,1,column,default.mixed,True,3,30,1322.085833332191,37.016003518640034,1322.6790000044275,1276.4569999999367,35.03509999912543,0.0682792829051974,37.736037098943456,0.019114666666666835,0.0027306666666693977,6.999999999993061,1.0,ok
vqe_noisy,1,batch,default.mixed,True,3,30,1338.2973333258026,9.978029957975465,1334.6251999901142,1328.333899989957,35.03509999912543,0.0682792829051974,38.198758769325906,0.0013653333333346989,0.0027306666666693977,0.5,1.0,ok
vqe_noisy,1,hybrid,default.mixed,True,3,30,1300.764133329115,33.76916206264117,1320.4190999967977,1253.2431999861728,35.03509999912543,0.0682792829051974,37.12745599018087,0.0,0.0027306666666693977,0.0,1.0,ok
vqe_noisy,1,layer-parallel,default.mixed,True,3,30,1269.0287333292265,11.559160646020969,1270.986300020013,1253.9947999757715,35.03509999912543,0.0682792829051974,36.221638681234104,0.004095999999994622,0.0027306666666693977,1.4999999999965303,1.0,ok
vqe_noisy,2,sequential,default.mixed,True,3,30,1359.811366671541,28.385059157202363,1366.9381000217982,1322.035799996229,58.1280333281029,0.4453321492689034,23.393383343904034,0.0013653333333346989,0.0027306666666599235,0.5000000000017347,1.0,ok
vqe_noisy,2,row,default.mixed,True,3,30,1374.0615666708134,37.25749922847138,1375.9808000177145,1327.5012999947648,58.1280333281029,0.4453321492689034,23.638535281504215,0.0,0.0027306666666599235,0.0,1.0,ok
vqe_noisy,2,column,default.mixed,True,3,30,1356.6908666689415,88.9050857012675,1313.7301000242587,1275.8386999776121,58.1280333281029,0.4453321492689034,23.339700123882018,0.0,0.0027306666666599235,0.0,1.0,ok
vqe_noisy,2,batch,default.mixed,True,3,30,1332.7069666605287,61.84290409646085,1362.3722000047565,1246.6226999822538,58.1280333281029,0.4453321492689034,22.92709541948688,0.0,0.0027306666666599235,0.0,1.0,ok
vqe_noisy,2,hybrid,default.mixed,True,3,30,1352.0854333376822,6.698601660111828,1354.5642000099178,1342.927799996687,58.1280333281029,0.4453321492689034,23.26047099694315,0.0,0.0027306666666599235,0.0,1.0,ok
vqe_noisy,2,layer-parallel,default.mixed,True,3,30,1350.4633333262366,108.35222935047135,1287.3299999919254,1261.1128999851644,58.1280333281029,0.4453321492689034,23.232565356263894,0.005461333333329321,0.0027306666666599235,2.0000000000034697,1.0,ok
vqe_noisy,3,sequential,default.mixed,True,3,30,1362.3580333272305,20.31315987803875,1373.559399973601,1333.8481000100728,82.27273333856526,0.23240921206299836,16.559046698022204,0.005461333333329321,0.0013653333333346989,3.999999999993061,1.0,ok
vqe_noisy,3,row,default.mixed,True,3,30,1377.3111333236254,30.14446356110946,1385.4674999893177,1336.9956999958958,82.27273333856526,0.23240921206299836,16.74079707131855,0.0,0.0013653333333346989,0.0,1.0,ok
vqe_noisy,3,column,default.mixed,True,3,30,1426.53153334201,26.68909899050826,1428.9493999967817,1392.7024000149686,82.27273333856526,0.23240921206299836,17.339056032958187,0.0,0.0013653333333346989,0.0,1.0,ok
vqe_noisy,3,batch,default.mixed,True,3,30,1362.1611333316348,38.69029077222635,1369.0351999830455,1311.7138000088744,82.27273333856526,0.23240921206299836,16.55665343858368,0.0,0.0013653333333346989,0.0,1.0,ok
vqe_noisy,3,hybrid,default.mixed,True,3,30,1359.6007999925253,47.74788561671827,1327.6656999951228,1324.0425999974832,82.27273333856526,0.23240921206299836,16.525533367143083,0.0,0.0013653333333346989,0.0,1.0,ok
vqe_noisy,3,layer-parallel,default.mixed,True,3,30,1373.0273333300527,21.11773116013893,1366.49290000787,1351.057399995625,82.27273333856526,0.23240921206299836,16.688728787942768,0.0,0.0013653333333346989,0.0,1.0,ok
vqe_noisy,4,sequential,default.mixed,True,3,30,1370.0661666710705,5.821313004968709,1373.1096000119578,1361.919899994973,132.28629999017963,0.4889445015321502,10.35682581471232,0.015018666666672212,0.0027306666666693977,5.49999999999653,1.0,ok
vqe_noisy,4,row,default.mixed,True,3,30,1422.9716666644283,73.21258381890544,1468.0715999857057,1319.7084999992512,132.28629999017963,0.4889445015321502,10.75675762924856,0.0,0.0027306666666693977,0.0,1.0,ok
vqe_noisy,4,column,default.mixed,True,3,30,1433.4882999925564,36.203591014262734,1429.5306999993045,1391.2596000009216,132.28629999017963,0.4889445015321502,10.836256665270497,0.0,0.0027306666666693977,0.0,1.0,ok
vqe_noisy,4,batch,default.mixed,True,3,30,1439.123033322782,34.0383364952492,1417.926099995384,1412.2924999974202,132.28629999017963,0.4889445015321502,10.878851653040536,0.0,0.0027306666666693977,0.0,1.0,ok
vqe_noisy,4,hybrid,default.mixed,True,3,30,1499.4367333420087,63.80129219309765,1479.7786000126507,1433.002600009786,132.28629999017963,0.4889445015321502,11.334784731701774,0.0,0.0027306666666693977,0.0,1.0,ok
vqe_noisy,4,layer-parallel,default.mixed,True,3,30,1480.4806999939804,100.89681162878146,1476.1661999800708,1359.121600020444,132.28629999017963,0.4889445015321502,11.191489217733695,0.0,0.0027306666666693977,0.0,1.0,ok
vqe_noisy,5,sequential,default.mixed,True,3,30,1573.1830333243124,119.35252069877893,1498.878299986245,1479.0850999997929,284.06116667125997,0.28913021750314,5.538184088164839,0.0027306666666693977,0.0,nan,1.0,ok
vqe_noisy,5,row,default.mixed,True,3,30,1483.6618999931186,92.41426391841802,1464.9541999970097,1380.9974000032526,284.06116667125997,0.28913021750314,5.223036705014099,0.0013653333333252249,0.0,nan,1.0,ok
vqe_noisy,5,column,default.mixed,True,3,30,1519.4677000011627,42.87858727855699,1541.7723999998998,1459.4816000026185,284.06116667125997,0.28913021750314,5.349086317594483,0.004096000000004096,0.0,nan,1.0,ok
vqe_noisy,5,batch,default.mixed,True,3,30,1545.164833330394,20.4908768256091,1535.5234000016935,1526.3191999983974,284.06116667125997,0.28913021750314,5.439549697824735,0.0013653333333346989,0.0,nan,1.0,ok
vqe_noisy,5,hybrid,default.mixed,True,3,30,1454.4630000018515,45.29046525154431,1434.655399993062,1411.6166000021622,284.06116667125997,0.28913021750314,5.120245815525644,0.0,0.0,nan,1.0,ok
vqe_noisy,5,layer-parallel,default.mixed,True,3,30,1527.3130333322722,40.426612417595464,1508.8532000081614,1489.6825999894645,284.06116667125997,0.28913021750314,5.376704782388683,0.0,0.0,nan,1.0,ok
vqe_noisy,6,sequential,default.mixed,True,3,30,1603.9084333460778,17.693702890159024,1596.204300003592,1587.1429000108037,874.1433000056228,1.3569959951554793,1.8348346699399982,0.0027306666666693977,0.0027306666666693977,1.0,1.0,ok
vqe_noisy,6,row,default.mixed,True,3,30,1561.820966686355,33.923478187746014,1558.1000000238419,1522.2590000194032,874.1433000056228,1.3569959951554793,1.7866875679036935,0.0,0.0027306666666693977,0.0,1.0,ok
vqe_noisy,6,column,default.mixed,True,3,30,1636.8566666690942,21.79970345061224,1635.1586999953724,1611.0471000138205,874.1433000056228,1.3569959951554793,1.8725266974631796,0.0,0.0027306666666693977,0.0,1.0,ok
vqe_noisy,6,batch,default.mixed,True,3,30,1625.4454000057497,10.116663159847173,1623.8043000048492,1613.9573999971617,874.1433000056228,1.3569959951554793,1.8594724686390598,0.0,0.0027306666666693977,0.0,1.0,ok
vqe_noisy,6,hybrid,default.mixed,True,3,30,1574.7622666628256,60.52096799041699,1554.4209999789018,1512.9338999977335,874.1433000056228,1.3569959951554793,1.801492119944975,0.0,0.0027306666666693977,0.0,1.0,ok
vqe_noisy,6,layer-parallel,default.mixed,True,3,30,1601.8539000069723,56.10978297162348,1594.07070002635,1537.3566999915056,874.1433000056228,1.3569959951554793,1.8324843306545604,0.0,0.0027306666666693977,0.0,1.0,ok
vqe_noisy,8,sequential,default.mixed,True,3,30,2181.1285666578137,28.089964341248358,2190.582099981839,2142.9871000000276,12998.951499990653,19.29507571276963,0.16779265363513218,0.00682666666666402,0.0013653333333346989,4.999999999993061,1.0,ok
vqe_noisy,8,row,default.mixed,True,3,30,2159.7263666723543,34.607179074585865,2165.6193000089843,2114.7033000015654,12998.951499990653,19.29507571276963,0.16614619776632808,0.0013653333333346989,0.0013653333333346989,1.0,1.0,ok
vqe_noisy,8,column,default.mixed,True,3,30,2173.9746000093874,30.026212826081714,2159.199500019895,2146.885599999223,12998.951499990653,19.29507571276963,0.16724230412052468,0.0,0.0013653333333346989,0.0,1.0,ok
vqe_noisy,8,batch,default.mixed,True,3,30,2182.751200006654,33.99797966705471,2160.0797999999486,2157.3677000124007,12998.951499990653,19.29507571276963,0.16791748165290282,0.0,0.0013653333333346989,0.0,1.0,ok
vqe_noisy,8,hybrid,default.mixed,True,3,30,2157.395833336826,72.8726999104639,2195.3614999947604,2055.4394999926444,12998.951499990653,19.29507571276963,0.16596691151116127,0.0,0.0013653333333346989,0.0,1.0,ok
vqe_noisy,8,layer-parallel,default.mixed,True,3,30,2213.1311999983154,20.153931211728402,2202.4346999824047,2195.6002000079025,12998.951499990653,19.29507571276963,0.1702545932262234,0.0,0.0013653333333346989,0.0,1.0,ok
vqe_noisy,10,sequential,default.mixed,True,2,30,12420.098549991962,12.22625000809785,12420.098549991962,12407.872299983865,215914.82740000356,794.5617999939714,0.05752313863550696,0.0,0.0,nan,1.0,ok
vqe_noisy,10,row,default.mixed,True,2,30,12306.433399993693,59.236900007817894,12306.433399993693,12247.196499985876,215914.82740000356,794.5617999939714,0.056996703506586,0.0,0.0,nan,1.0,ok
vqe_noisy,10,column,default.mixed,True,2,30,12352.724050011602,4.531550002866425,12352.724050011602,12348.192500008736,215914.82740000356,794.5617999939714,0.057211096610456307,0.0,0.0,nan,1.0,ok
vqe_noisy,10,batch,default.mixed,True,2,30,12379.725100006908,28.40949999517761,12379.725100006908,12351.31560001173,215914.82740000356,794.5617999939714,0.05733615078260579,0.0061440000000061445,0.0,nan,1.0,ok
vqe_noisy,10,hybrid,default.mixed,True,2,30,12391.323549993103,3.866349987220019,12391.323549993103,12387.457200005883,215914.82740000356,794.5617999939714,0.05738986849215757,0.0,0.0,nan,1.0,ok
vqe_noisy,10,layer-parallel,default.mixed,True,2,30,12437.225300003774,44.776199996704236,12437.225300003774,12392.44910000707,215914.82740000356,794.5617999939714,0.05760246042279711,0.0,0.0,nan,1.0,ok
vqe_noisy,12,sequential,default.mixed,True,2,30,41271.00915000483,102.6759500236949,41271.00915000483,41168.333199981134,3630881.1168999965,1271.1290999869816,0.011366664955761904,0.008192000000008193,0.0,nan,1.0,ok
vqe_noisy,12,row,default.mixed,True,2,30,40960.00365000509,64.04484999075066,40960.00365000509,40895.95880001434,3630881.1168999965,1271.1290999869816,0.011281009300843279,0.0,0.0,nan,1.0,ok
vqe_noisy,12,column,default.mixed,True,2,30,41354.54830000526,29.676000005565584,41354.54830000526,41324.8722999997,3630881.1168999965,1271.1290999869816,0.011389672910941598,0.0,0.0,nan,1.0,ok
vqe_noisy,12,batch,default.mixed,True,2,30,41332.909999997355,73.57300000148825,41332.909999997355,41259.33699999587,3630881.1168999965,1271.1290999869816,0.011383713393317297,0.0,0.0,nan,1.0,ok
vqe_noisy,12,hybrid,default.mixed,True,2,30,41201.012849996914,40.989350018207915,41201.012849996914,41160.023499978706,3630881.1168999965,1271.1290999869816,0.011347386907884732,0.0,0.0,nan,1.0,ok
vqe_noisy,12,layer-parallel,default.mixed,True,2,30,41183.8349999889,122.99449999409262,41183.8349999889,41060.84049999481,3630881.1168999965,1271.1290999869816,0.011342655866174759,0.0,0.0,nan,1.0,ok
vqe_noisy,14,sequential,default.mixed,True,2,30,488035.693599988,664.0899000049103,488035.693599988,487371.6036999831,60254287.41464999,71277.13924999908,0.008099601116207522,0.026624000000026626,0.016383999999987964,1.6250000000028189,1.0,ok
vqe_noisy,14,row,default.mixed,True,2,30,494166.20910000347,3424.829299983685,494166.20910000347,490741.3798000198,60254287.41464999,71277.13924999908,0.008201345170665047,0.0,0.016383999999987964,0.0,1.0,ok
vqe_noisy,14,column,default.mixed,True,2,30,492442.41565000266,1552.8651500062551,492442.41565000266,490889.5504999964,60254287.41464999,71277.13924999908,0.008172736526799786,0.002048000000002048,0.016383999999987964,0.12500000000021685,1.0,ok
vqe_noisy,14,batch,default.mixed,True,2,30,492676.89615000563,1257.150150006055,492676.89615000563,491419.7459999996,60254287.41464999,71277.13924999908,0.008176628042409113,0.0,0.016383999999987964,0.0,1.0,ok
vqe_noisy,14,hybrid,default.mixed,True,2,30,494428.7469000119,471.4883999986341,494428.7469000119,493957.25850001327,60254287.41464999,71277.13924999908,0.00820570233446655,0.0,0.016383999999987964,0.0,1.0,ok
vqe_noisy,14,layer-parallel,default.mixed,True,2,30,491513.1815499917,2708.073649992002,491513.1815499917,488805.1078999997,60254287.41464999,71277.13924999908,0.008157314651612445,0.0,0.016383999999987964,0.0,1.0,ok
vqe_noisy,16,sequential,default.mixed,True,1,30,8144665.337800019,0.0,8144665.337800019,8144665.337800019,165.13860001577996,0.0,49320.17915267387,0.0,0.0,nan,1.0,ok
vqe_noisy,16,row,default.mixed,True,1,30,8072553.361300001,0.0,8072553.361300001,8072553.361300001,165.13860001577996,0.0,48883.50367829581,0.0,0.0,nan,1.0,ok
vqe_noisy,16,column,default.mixed,True,1,30,8148394.923299988,0.0,8148394.923299988,8148394.923299988,165.13860001577996,0.0,49342.76373011132,0.0,0.0,nan,1.0,ok
vqe_noisy,16,batch,default.mixed,True,1,30,8010915.212799999,0.0,8010915.212799999,8010915.212799999,165.13860001577996,0.0,48510.25267281247,0.0,0.0,nan,1.0,ok
vqe_noisy,16,hybrid,default.mixed,True,1,30,8049579.245800007,0.0,8049579.245800007,8049579.245800007,165.13860001577996,0.0,48744.38347564302,0.0,0.0,nan,1.0,ok
vqe_noisy,16,layer-parallel,default.mixed,True,1,30,8163197.477899986,0.0,8163197.477899986,8163197.477899986,165.13860001577996,0.0,49432.400887012154,0.0,0.0,nan,1.0,ok
qaoa,1,sequential,lightning.qubit,False,3,30,1161.611433334959,66.80868207048944,1130.5900999868754,1099.8345999978483,21.139500002997618,0.2365127041743428,54.94980643677667,0.04505599999999769,0.010922666666668116,4.1249999999992415,1.0,ok
qaoa,1,row,lightning.qubit,False,3,30,1215.739500010386,25.65023457748576,1216.256700019585,1184.0691000106744,21.139500002997618,0.2365127041743428,57.51032426679875,0.0013653333333252249,0.010922666666668116,0.12499999999924107,1.0,ok
qaoa,1,column,lightning.qubit,False,3,30,1296.39399999481,12.728280733464121,1303.7084999959916,1278.492899989942,21.139500002997618,0.2365127041743428,61.32566994540926,0.0,0.010922666666668116,0.0,1.0,ok
qaoa,1,batch,lightning.qubit,False,3,30,1222.2771000039454,66.54122598286105,1249.3398000078741,1130.6925000099,21.139500002997618,0.2365127041743428,57.8195841827207,0.0,0.010922666666668116,0.0,1.0,ok
qaoa,1,hybrid,lightning.qubit,False,3,30,1174.4213000056334,108.98190322307836,1202.8411000210326,1029.0251999977045,21.139500002997618,0.2365127041743428,55.55577472689034,0.0027306666666693977,0.010922666666668116,0.2500000000002169,1.0,ok
qaoa,1,layer-parallel,lightning.qubit,False,3,30,1242.205533325129,55.84197635999968,1258.3086999948137,1167.1986999863293,21.139500002997618,0.2365127041743428,58.76229490522397,0.0,0.010922666666668116,0.0,1.0,ok
qaoa,2,sequential,lightning.qubit,False,3,30,1180.6053666611358,88.30926239176705,1161.736900015967,1083.1247999740299,25.70323332717332,1.4950636039020588,45.93217326526022,0.09011200000000485,0.0,nan,1.0,ok
qaoa,2,row,lightning.qubit,False,3,30,1098.4887333373383,41.601490427062004,1116.6998999833595,1040.9343000210356,25.70323332717332,1.4950636039020588,42.73737546381069,0.019114666666666835,0.0,nan,1.0,ok
qaoa,2,column,lightning.qubit,False,3,30,1221.4171333277288,95.01131641980088,1208.580099977553,1112.0033000188414,25.70323332717332,1.4950636039020588,47.51997998774937,0.0,0.0,nan,1.0,ok
qaoa,2,batch,lightning.qubit,False,3,30,1169.0589666638214,31.80899683335866,1155.0027999910526,1139.0797999920323,25.70323332717332,1.4950636039020588,45.48295351728759,0.0,0.0,nan,1.0,ok
qaoa,2,hybrid,lightning.qubit,False,3,30,1278.4071666537784,118.1839456896043,1201.6673999896739,1188.1907999922987,25.70323332717332,1.4950636039020588,49.73721206126442,0.0,0.0,nan,1.0,ok
qaoa,2,layer-parallel,lightning.qubit,False,3,30,1285.51790000832,61.334090373393956,1252.2804000182077,1232.7518000092823,25.70323332717332,1.4950636039020588,50.013859487836406,0.0,0.0,nan,1.0,ok
qaoa,3,sequential,lightning.qubit,False,3,30,1216.490200002833,66.27425424194604,1207.111999974586,1140.4176000214648,27.693300003496308,0.2687527261068537,43.92723871294681,0.0,0.0,nan,1.0,ok
qaoa,3,row,lightning.qubit,False,3,30,1277.1078000077978,44.21847320393159,1273.6846999905538,1224.74420000799,27.693300003496308,0.2687527261068537,46.116129166497366,0.0,0.0,nan,1.0,ok
qaoa,3,column,lightning.qubit,False,3,30,1192.1643666767825,99.82299328900652,1171.04530002689,1081.8419999850448,27.693300003496308,0.2687527261068537,43.048837319000285,0.0,0.0,nan,1.0,ok
qaoa,3,batch,lightning.qubit,False,3,30,1278.9415666678299,79.96047537725161,1266.8626999948174,1187.6100999943446,27.693300003496308,0.2687527261068537,46.18234614532621,0.0027306666666693977,0.0,nan,1.0,ok
qaoa,3,hybrid,lightning.qubit,False,3,30,1244.7406333424926,42.362379833259226,1254.5106000034139,1188.667100010207,27.693300003496308,0.2687527261068537,44.94735669585578,0.0013653333333346989,0.0,nan,1.0,ok
qaoa,3,layer-parallel,lightning.qubit,False,3,30,1288.8876999980614,29.658371284208254,1302.8999000089243,1247.6445999927819,27.693300003496308,0.2687527261068537,46.5414992014436,0.0,0.0,nan,1.0,ok
qaoa,4,sequential,lightning.qubit,False,3,30,1159.8292333364952,47.95302346011861,1131.02460000664,1121.0623999941163,29.967066666965064,0.20182676512692246,38.70346224494043,0.0054613333333387954,0.0,nan,1.0,ok
qaoa,4,row,lightning.qubit,False,3,30,1140.5777999995432,59.524200231784924,1133.369599992875,1071.547700004885,29.967066666965064,0.20182676512692246,38.06104256633457,0.0,0.0,nan,1.0,ok
qaoa,4,column,lightning.qubit,False,3,30,1167.2478666781292,42.423261606448946,1151.7576000187546,1124.7969999967609,29.967066666965064,0.20182676512692246,38.95102178835788,0.0,0.0,nan,1.0,ok
qaoa,4,batch,lightning.qubit,False,3,30,1131.792233325541,70.92676890596316,1152.4497999926098,1036.4583999908064,29.967066666965064,0.20182676512692246,37.76786850389999,0.0,0.0,nan,1.0,ok
qaoa,4,hybrid,lightning.qubit,False,3,30,1231.84393333698,27.93295737882946,1242.026399995666,1193.6980000173207,29.967066666965064,0.20182676512692246,41.1065903455587,0.0013653333333346989,0.0,nan,1.0,ok
qaoa,4,layer-parallel,lightning.qubit,False,3,30,1315.0501999965247,27.122416373282828,1296.4466999983415,1295.3024999878835,29.967066666965064,0.20182676512692246,43.88318064664643,0.0,0.0,nan,1.0,ok
qaoa,5,sequential,lightning.qubit,False,3,30,1267.02440000372,52.82818753501815,1266.2582999910228,1202.7098000107799,32.29960000802142,0.05800291904468414,39.2272473866259,0.0,0.0,nan,1.0,ok
qaoa,5,row,lightning.qubit,False,3,30,1230.917633336503,100.37836803793198,1232.463699998334,1107.2140000178479,32.29960000802142,0.05800291904468414,38.10937699014266,0.0,0.0,nan,1.0,ok
qaoa,5,column,lightning.qubit,False,3,30,1221.3976666583524,41.70288282630742,1193.7026999949012,1190.1514999917708,32.29960000802142,0.05800291904468414,37.81463752972251,0.0,0.0,nan,1.0,ok
qaoa,5,batch,lightning.qubit,False,3,30,1221.3773333254114,151.66564828528385,1225.9150999889243,1033.3983000018634,32.29960000802142,0.05800291904468414,37.81400800697499,0.0,0.0,nan,1.0,ok
qaoa,5,hybrid,lightning.qubit,False,3,30,1130.4768000069696,27.40960285478258,1125.1376000000164,1099.8966000042856,32.29960000802142,0.05800291904468414,34.99971515827509,0.0,0.0,nan,1.0,ok
qaoa,5,layer-parallel,lightning.qubit,False,3,30,1117.1575333282817,110.5355587934586,1110.261099995114,985.3596999892034,32.29960000802142,0.05800291904468414,34.58734885419145,0.0,0.0,nan,1.0,ok
qaoa,6,sequential,lightning.qubit,False,3,30,1264.3832000127684,57.91707908562183,1243.7758000160102,1206.0350000101607,34.4150666690742,0.013880989789852366,36.73923436414431,0.0,0.004095999999994622,0.0,1.0,ok
qaoa,6,row,lightning.qubit,False,3,30,1326.2974333386712,18.841362723640714,1335.3241000149865,1300.0726999889594,34.4150666690742,0.013880989789852366,38.53827877458387,0.0,0.004095999999994622,0.0,1.0,ok
qaoa,6,column,lightning.qubit,False,3,30,1219.4636666681617,87.79551404091828,1205.1256999839097,1119.8249000008218,34.4150666690742,0.013880989789852366,35.43400564625338,0.0,0.004095999999994622,0.0,1.0,ok
qaoa,6,batch,lightning.qubit,False,3,30,1182.6569666639746,23.153491682050856,1181.6859999962617,1154.7978000016883,34.4150666690742,0.013880989789852366,34.36451185860188,0.0,0.004095999999994622,0.0,1.0,ok
qaoa,6,hybrid,lightning.qubit,False,3,30,1217.7541333270103,36.66692728563213,1202.0256000105292,1182.8263999777846,34.4150666690742,0.013880989789852366,35.38433166602868,0.0,0.004095999999994622,0.0,1.0,ok
qaoa,6,layer-parallel,lightning.qubit,False,3,30,1301.6574666641343,44.15880765444045,1330.2815000060946,1239.2777999921236,34.4150666690742,0.013880989789852366,37.82231425498936,0.0,0.004095999999994622,0.0,1.0,ok
qaoa,8,sequential,lightning.qubit,False,3,30,1349.633566676251,26.21199820462949,1366.279800015036,1312.626300001284,39.542766666272655,1.1420127237440012,34.130984765600594,0.028672000000000253,0.0013653333333346989,20.99999999997918,1.0,ok
qaoa,8,row,lightning.qubit,False,3,30,1415.6963000035223,67.82700280706341,1404.1490000090562,1339.0033000032417,39.542766666272655,1.1420127237440012,35.80165019689978,0.0,0.0013653333333346989,0.0,1.0,ok
qaoa,8,column,lightning.qubit,False,3,30,1479.5195666665677,51.654495012539236,1451.580599998124,1435.0353000045288,39.542766666272655,1.1420127237440012,37.41568158731036,0.0,0.0013653333333346989,0.0,1.0,ok
qaoa,8,batch,lightning.qubit,False,3,30,1499.944833330422,66.88725185520346,1454.8514999914914,1450.4789999919012,39.542766666272655,1.1420127237440012,37.93221769203557,0.0,0.0013653333333346989,0.0,1.0,ok
qaoa,8,hybrid,lightning.qubit,False,3,30,1470.3052666639753,28.121995837863384,1476.2662000139244,1433.2715999917127,39.542766666272655,1.1420127237440012,37.18266046159202,0.0,0.0013653333333346989,0.0,1.0,ok
qaoa,8,layer-parallel,lightning.qubit,False,3,30,1458.8415666657966,71.0119163542343,1458.9781000104267,1371.8019000079948,39.542766666272655,1.1420127237440012,36.89275409022129,0.0,0.0013653333333346989,0.0,1.0,ok
qaoa,10,sequential,lightning.qubit,False,2,30,2845.216450004955,119.9837500025751,2845.216450004955,2725.2327000023797,44.72490001353435,1.2571999977808446,63.61593763527597,0.0,0.004096000000004096,0.0,1.0,ok
qaoa,10,row,lightning.qubit,False,2,30,2865.712500002701,14.963499997975305,2865.712500002701,2850.7490000047255,44.72490001353435,1.2571999977808446,64.07420696604125,0.0,0.004096000000004096,0.0,1.0,ok
qaoa,10,column,lightning.qubit,False,2,30,2942.457099998137,53.261299995938316,2942.457099998137,2889.1958000021987,44.72490001353435,1.2571999977808446,65.79013254602492,0.0,0.004096000000004096,0.0,1.0,ok
qaoa,10,batch,lightning.qubit,False,2,30,2997.209950000979,45.54675001418218,2997.209950000979,2951.663199986797,44.72490001353435,1.2571999977808446,67.01434657414512,0.0,0.004096000000004096,0.0,1.0,ok
qaoa,10,hybrid,lightning.qubit,False,2,30,2886.201399989659,21.851299999980256,2886.201399989659,2864.3500999896787,44.72490001353435,1.2571999977808446,64.53231643036108,0.0,0.004096000000004096,0.0,1.0,ok
qaoa,10,layer-parallel,lightning.qubit,False,2,30,2822.057350014802,111.52924998896196,2822.057350014802,2710.52810002584,44.72490001353435,1.2571999977808446,63.0981254102482,0.0,0.004096000000004096,0.0,1.0,ok
qaoa,12,sequential,lightning.qubit,False,2,30,21160.758950005402,123.33205000322778,21160.758950005402,21037.426900002174,49.827149996417575,0.03635000030044466,424.68330923054594,0.0,0.0,nan,1.0,ok
qaoa,12,row,lightning.qubit,False,2,30,21178.023699991172,7.904800004325807,21178.023699991172,21170.118899986846,49.827149996417575,0.03635000030044466,425.02980205598374,0.0,0.0,nan,1.0,ok
qaoa,12,column,lightning.qubit,False,2,30,21109.892749984283,84.56265000859275,21109.892749984283,21025.33009997569,49.827149996417575,0.03635000030044466,423.66245614091963,0.0,0.0,nan,1.0,ok
qaoa,12,batch,lightning.qubit,False,2,30,21179.901950003114,29.119850019924343,21179.901950003114,21150.78209998319,49.827149996417575,0.03635000030044466,425.0674973689221,0.0,0.0,nan,1.0,ok
qaoa,12,hybrid,lightning.qubit,False,2,30,21187.4347999983,11.653199995635077,21187.4347999983,21175.781600002665,49.827149996417575,0.03635000030044466,425.21867699681025,0.0,0.0,nan,1.0,ok
qaoa,12,layer-parallel,lightning.qubit,False,2,30,21134.370650004712,115.74424999707844,21134.370650004712,21018.626400007633,49.827149996417575,0.03635000030044466,424.15371241430046,0.0,0.0,nan,1.0,ok
qaoa,14,sequential,lightning.qubit,False,2,30,381411.6924000118,3248.8505999936024,381411.6924000118,378162.8418000182,64.10469999536872,0.2511999919079244,5949.824153729245,0.03276800000000435,0.0,nan,1.0,ok
qaoa,14,row,lightning.qubit,False,2,30,380560.0573499978,1848.086649988545,380560.0573499978,378711.97070000926,64.10469999536872,0.2511999919079244,5936.539089606403,0.0,0.0,nan,1.0,ok
qaoa,14,column,lightning.qubit,False,2,30,382542.92279999936,1710.5423999892082,382542.92279999936,380832.38040001015,64.10469999536872,0.2511999919079244,5967.470759985405,0.0,0.0,nan,1.0,ok
qaoa,14,batch,lightning.qubit,False,2,30,380172.2615000035,1486.0176999936812,380172.2615000035,378686.24380000983,64.10469999536872,0.2511999919079244,5930.4896759125195,0.0,0.0,nan,1.0,ok
qaoa,14,hybrid,lightning.qubit,False,2,30,381166.9328999851,2458.175799998571,381166.9328999851,378708.75709998654,64.10469999536872,0.2511999919079244,5946.006032748343,0.0,0.0,nan,1.0,ok
qaoa,14,layer-parallel,lightning.qubit,False,2,30,383955.88969999517,1074.2447000084212,383955.88969999517,382881.64499998675,64.10469999536872,0.2511999919079244,5989.512309202512,0.0,0.0,nan,1.0,ok
qaoa,16,sequential,lightning.qubit,False,1,30,7979955.237999995,0.0,7979955.237999995,7979955.237999995,116.92960001528263,0.0,68245.80976037735,0.0,1.0526720000000012,0.0,1.0,ok
qaoa,16,row,lightning.qubit,False,1,30,7963222.343000001,0.0,7963222.343000001,7963222.343000001,116.92960001528263,0.0,68102.70745781405,0.0,1.0526720000000012,0.0,1.0,ok
qaoa,16,column,lightning.qubit,False,1,30,7977817.330399994,0.0,7977817.330399994,7977817.330399994,116.92960001528263,0.0,68227.526044366,0.0,1.0526720000000012,0.0,1.0,ok
qaoa,16,batch,lightning.qubit,False,1,30,7931507.608999964,0.0,7931507.608999964,7931507.608999964,116.92960001528263,0.0,67831.47815406296,0.0,1.0526720000000012,0.0,1.0,ok
qaoa,16,hybrid,lightning.qubit,False,1,30,7934567.333600018,0.0,7934567.333600018,7934567.333600018,116.92960001528263,0.0,67857.64539144044,0.0,1.0526720000000012,0.0,1.0,ok
qaoa,16,layer-parallel,lightning.qubit,False,1,30,7892137.988700008,0.0,7892137.988700008,7892137.988700008,116.92960001528263,0.0,67494.78308031935,0.0,1.0526720000000012,0.0,1.0,ok
qaoa,18,sequential,lightning.qubit,False,1,30,7941341.731499997,0.0,7941341.731499997,7941341.731499997,332.12650002678856,0.0,23910.59349633187,0.0,4.222976000000017,0.0,1.0,ok
qaoa,18,row,lightning.qubit,False,1,30,7922066.552300006,0.0,7922066.552300006,7922066.552300006,332.12650002678856,0.0,23852.557840645146,0.0,4.222976000000017,0.0,1.0,ok
qaoa,18,column,lightning.qubit,False,1,30,7862741.115899989,0.0,7862741.115899989,7862741.115899989,332.12650002678856,0.0,23673.93482683796,0.0,4.222976000000017,0.0,1.0,ok
qaoa,18,batch,lightning.qubit,False,1,30,7784508.795799978,0.0,7784508.795799978,7784508.795799978,332.12650002678856,0.0,23438.38505862103,0.0,4.222976000000017,0.0,1.0,ok
qaoa,18,hybrid,lightning.qubit,False,1,30,7784553.438599978,0.0,7784553.438599978,7784553.438599978,332.12650002678856,0.0,23438.519473670705,0.0,4.222976000000017,0.0,1.0,ok
qaoa,18,layer-parallel,lightning.qubit,False,1,30,7798247.827799991,0.0,7798247.827799991,7798247.827799991,332.12650002678856,0.0,23479.7519233515,0.0,4.222976000000017,0.0,1.0,ok
qaoa,20,sequential,lightning.qubit,False,1,30,7848374.476999976,0.0,7848374.476999976,7848374.476999976,1226.0049000033177,0.0,6401.5849177917125,0.0,16.818175999999994,0.0,1.0,ok
qaoa,20,row,lightning.qubit,False,1,30,7825364.211999986,0.0,7825364.211999986,7825364.211999986,1226.0049000033177,0.0,6382.816424289013,0.0,16.818175999999994,0.0,1.0,ok
qaoa,20,column,lightning.qubit,False,1,30,7896666.098000016,0.0,7896666.098000016,7896666.098000016,1226.0049000033177,0.0,6440.9743370345805,0.0,16.818175999999994,0.0,1.0,ok
qaoa,20,batch,lightning.qubit,False,1,30,7814098.812499957,0.0,7814098.812499957,7814098.812499957,1226.0049000033177,0.0,6373.627717539148,0.0,16.818175999999994,0.0,1.0,ok
qaoa,20,hybrid,lightning.qubit,False,1,30,7873964.53920001,0.0,7873964.53920001,7873964.53920001,1226.0049000033177,0.0,6422.457642036097,0.0,16.818175999999994,0.0,1.0,ok
qaoa,20,layer-parallel,lightning.qubit,False,1,30,7943874.750499963,0.0,7943874.750499963,7943874.750499963,1226.0049000033177,0.0,6479.480424979105,0.0,16.818175999999994,0.0,1.0,ok
qaoa,22,sequential,lightning.qubit,False,1,30,7948307.846700016,0.0,7948307.846700016,7948307.846700016,6656.329000019468,0.0,1194.0978047624703,0.0,67.14982399999997,0.0,1.0,ok
qaoa,22,row,lightning.qubit,False,1,30,7840628.030699968,0.0,7840628.030699968,7840628.030699968,6656.329000019468,0.0,1177.9207474085244,0.0,67.14982399999997,0.0,1.0,ok
qaoa,22,column,lightning.qubit,False,1,30,7936820.21049998,0.0,7936820.21049998,7936820.21049998,6656.329000019468,0.0,1192.3719831872443,0.0,67.14982399999997,0.0,1.0,ok
qaoa,22,batch,lightning.qubit,False,1,30,7949877.412100032,0.0,7949877.412100032,7949877.412100032,6656.329000019468,0.0,1194.333605216446,0.0,67.14982399999997,0.0,1.0,ok
qaoa,22,hybrid,lightning.qubit,False,1,30,8062806.019700016,0.0,8062806.019700016,8062806.019700016,6656.329000019468,0.0,1211.2992040622441,0.0,67.14982399999997,0.0,1.0,ok
qaoa,22,layer-parallel,lightning.qubit,False,1,30,8039689.015800017,0.0,8039689.015800017,8039689.015800017,6656.329000019468,0.0,1207.826268169212,0.0,67.14982399999997,0.0,1.0,ok
qnn,1,sequential,default.mixed,True,3,30,1423.2252666455072,55.43412500581589,1447.235899977386,1346.5899999719113,34.55436664323012,0.3836197225368754,41.18800038617826,0.14062933333333186,0.00819199999999872,17.16666666666917,1.0,ok
qnn,1,row,default.mixed,True,3,30,1413.9308333396912,58.08793668438531,1419.5939999772236,1340.1256000506692,34.55436664323012,0.3836197225368754,40.91902039294672,0.004096000000004096,0.00819199999999872,0.5000000000005782,1.0,ok
qnn,1,column,default.mixed,True,3,30,1284.2538333303917,96.1034637806314,1245.1186999678612,1191.1043000291102,34.55436664323012,0.3836197225368754,37.166180662205896,0.0013653333333346989,0.00819199999999872,0.16666666666685942,1.0,ok
qnn,1,batch,default.mixed,True,3,30,1323.0580000090413,52.70425494575212,1317.1752000343986,1261.6515000117943,34.55436664323012,0.3836197225368754,38.28916946067812,0.0013653333333346989,0.00819199999999872,0.16666666666685942,1.0,ok
qnn,1,hybrid,default.mixed,True,3,30,1379.4848333151701,91.75050162882754,1376.0098000057042,1268.8916999613866,34.55436664323012,0.3836197225368754,39.922156512321386,0.004096000000004096,0.00819199999999872,0.5000000000005782,1.0,ok
qnn,1,layer-parallel,default.mixed,True,3,30,1393.036333359002,47.61428133802654,1410.7173000229523,1327.9267000034451,34.55436664323012,0.3836197225368754,40.314335601689436,0.0,0.00819199999999872,0.0,1.0,ok
qnn,2,sequential,default.mixed,True,3,30,1456.2618000005994,80.57743795549426,1479.6092999749817,1347.9948000167497,57.36660002730787,1.1077773726771558,25.385185792907095,0.004096000000004096,0.0013653333333346989,3.0,1.0,ok
qnn,2,row,default.mixed,True,3,30,1248.9254333389301,85.15097701014118,1195.3627999755554,1182.302700006403,57.36660002730787,1.1077773726771558,21.77095091472062,0.0,0.0013653333333346989,0.0,1.0,ok
qnn,2,column,default.mixed,True,3,30,1187.720933308204,144.6417946673751,1285.0340000004508,983.2455999567173,57.36660002730787,1.1077773726771558,20.704049616725072,0.0,0.0013653333333346989,0.0,1.0,ok
qnn,2,batch,default.mixed,True,3,30,1273.7949000050623,45.60556023958399,1242.6922000013292,1240.4150000074878,57.36660002730787,1.1077773726771558,22.204469140557496,0.0027306666666599235,0.0013653333333346989,1.9999999999930609,1.0,ok
qnn,2,hybrid,default.mixed,True,3,30,1288.2134666433558,90.69002430621978,1238.864700018894,1210.366899962537,57.36660002730787,1.1077773726771558,22.455809931739644,0.0,0.0013653333333346989,0.0,1.0,ok
qnn,2,layer-parallel,default.mixed,True,3,30,1318.9079000148922,86.72504266822955,1280.3147000377066,1237.3839999781922,57.36660002730787,1.1077773726771558,22.99086749758676,0.005461333333329321,0.0013653333333346989,3.999999999993061,1.0,ok
qnn,3,sequential,default.mixed,True,3,30,1300.2460666466504,89.42448690745857,1255.9540999936871,1219.8065999546088,80.90680001381163,0.7711089062665166,16.07091204230899,0.03276799999999488,0.0027306666666599235,12.000000000027757,1.0,ok
qnn,3,row,default.mixed,True,3,30,1399.4828666715573,42.44641964590592,1418.6181999975815,1340.641200018581,80.90680001381163,0.7711089062665166,17.2974690190769,0.0,0.0027306666666599235,0.0,1.0,ok
qnn,3,column,default.mixed,True,3,30,1352.4509000126272,41.45251570256927,1362.5065000378527,1297.4067999748513,80.90680001381163,0.7711089062665166,16.716158589658097,0.0,0.0027306666666599235,0.0,1.0,ok
qnn,3,batch,default.mixed,True,3,30,1360.1385666600738,81.7858843530954,1341.5278000175022,1270.582299970556,80.90680001381163,0.7711089062665166,16.811177384693053,0.0,0.0027306666666599235,0.0,1.0,ok
qnn,3,hybrid,default.mixed,True,3,30,1426.2591666774824,33.0464698622033,1405.3297999780625,1400.5358000285923,80.90680001381163,0.7711089062665166,17.628421423588687,0.0,0.0027306666666599235,0.0,1.0,ok
qnn,3,layer-parallel,default.mixed,True,3,30,1338.5554999889184,81.43344739132736,1333.692800020799,1241.3405999541283,80.90680001381163,0.7711089062665166,16.54441282760427,0.0,0.0027306666666599235,0.0,1.0,ok
qnn,4,sequential,default.mixed,True,3,30,1325.2197999584798,52.018612524427226,1314.6670999703929,1267.4454999505542,132.319366656399,0.3019570149477384,10.015312447797237,0.004095999999994622,0.0027306666666693977,1.4999999999965303,1.0,ok
qnn,4,row,default.mixed,True,3,30,1296.244466677308,56.649763562705864,1335.2064000209793,1216.1394999711774,132.319366656399,0.3019570149477384,9.796332157811316,0.0,0.0027306666666693977,0.0,1.0,ok
qnn,4,column,default.mixed,True,3,30,1472.4976333479087,122.23452288824933,1419.6494999923743,1356.3832000363618,132.319366656399,0.3019570149477384,11.128360651631779,0.0,0.0027306666666693977,0.0,1.0,ok
qnn,4,batch,default.mixed,True,3,30,1364.7753666737117,65.75408055568828,1409.9846999743022,1271.7968000215478,132.319366656399,0.3019570149477384,10.314252563025782,0.0,0.0027306666666693977,0.0,1.0,ok
qnn,4,hybrid,default.mixed,True,3,30,1409.78233331892,108.85629946657667,1453.006399970036,1260.2120999945328,132.319366656399,0.3019570149477384,10.654391484353,0.0,0.0027306666666693977,0.0,1.0,ok
qnn,4,layer-parallel,default.mixed,True,3,30,1451.7039333392556,43.236924308884404,1470.3642000094987,1391.945699986536,132.319366656399,0.3019570149477384,10.97121283167093,0.0,0.0027306666666693977,0.0,1.0,ok
qnn,5,sequential,default.mixed,True,3,30,1433.240466673548,52.76058523438916,1463.1746000377461,1359.083199989982,284.5368333316098,2.3183178907331183,5.037099942007144,0.0027306666666693977,0.0,nan,1.0,ok
qnn,5,row,default.mixed,True,3,30,1495.9124666638672,1.2617218711017375,1495.169600006193,1494.8789000045508,284.5368333316098,2.3183178907331183,5.25735965058863,0.0,0.0,nan,1.0,ok
qnn,5,column,default.mixed,True,3,30,1547.7818999788724,136.2459647083616,1454.3504999601282,1448.5614000004716,284.5368333316098,2.3183178907331183,5.439653917055547,0.0,0.0,nan,1.0,ok
qnn,5,batch,default.mixed,True,3,30,1457.279999992655,113.47960477408006,1400.212799955625,1355.9139000135474,284.5368333316098,2.3183178907331183,5.121586484707541,0.0,0.0,nan,1.0,ok
qnn,5,hybrid,default.mixed,True,3,30,1451.4958000121017,131.02060627310246,1472.6792000001296,1281.4894000184722,284.5368333316098,2.3183178907331183,5.101258009434844,0.0,0.0,nan,1.0,ok
qnn,5,layer-parallel,default.mixed,True,3,30,1385.683166658661,87.24312330702381,1390.2576999971643,1276.6188000096008,284.5368333316098,2.3183178907331183,4.869960596784089,0.0,0.0,nan,1.0,ok
qnn,6,sequential,default.mixed,True,3,30,1510.1247333223,98.75849416968313,1555.3688000072725,1373.0710999807343,858.3380333341969,2.024576877440492,1.7593589875730553,0.0027306666666693977,0.0027306666666693977,1.0,1.0,ok
qnn,6,row,default.mixed,True,3,30,1523.1867999730941,96.59889361773733,1510.3930999757722,1411.7945999605581,858.3380333341969,2.024576877440492,1.7745768459732647,0.0,0.0027306666666693977,0.0,1.0,ok
qnn,6,column,default.mixed,True,3,30,1431.1293333497208,52.75410399631916,1437.1484000002965,1363.7201000237837,858.3380333341969,2.024576877440492,1.6673260158244738,0.0,0.0027306666666693977,0.0,1.0,ok
qnn,6,batch,default.mixed,True,3,30,1507.9127000256751,49.1797368523719,1537.8914000466466,1438.5733000235632,858.3380333341969,2.024576877440492,1.7567818755137978,0.0,0.0027306666666693977,0.0,1.0,ok
qnn,6,hybrid,default.mixed,True,3,30,1510.9144333206739,126.09765317389889,1426.2247000006028,1417.3487999942154,858.3380333341969,2.024576877440492,1.7602790213682564,0.0,0.0027306666666693977,0.0,1.0,ok
qnn,6,layer-parallel,default.mixed,True,3,30,1554.6664666811314,66.19444134809358,1584.380800020881,1462.9304999834858,858.3380333341969,2.024576877440492,1.8112519850041604,0.0,0.0027306666666693977,0.0,1.0,ok
qnn,8,sequential,default.mixed,True,3,30,2021.8864333389017,27.946267431823046,2030.94389999751,1984.041600022465,12843.247999999827,2.063182158155205,0.15742796785820293,0.00682666666666402,0.0,nan,1.0,ok
qnn,8,row,default.mixed,True,3,30,1990.3405333364692,218.40849833744383,2009.7194000263698,1713.6833999538794,12843.247999999827,2.063182158155205,0.15497174338893838,0.0,0.0,nan,1.0,ok
qnn,8,column,default.mixed,True,3,30,2135.9204666611427,75.40264281967137,2126.5081000165083,2048.6380999791436,12843.247999999827,2.063182158155205,0.16630687709691283,0.0,0.0,nan,1.0,ok
qnn,8,batch,default.mixed,True,3,30,1890.76936666,107.9822862085752,1963.755199976731,1738.1082000210881,12843.247999999827,2.063182158155205,0.14721894077417375,0.0,0.0,nan,1.0,ok
qnn,8,hybrid,default.mixed,True,3,30,2162.2990333319954,27.526131737830156,2143.8114999909885,2141.8747999705374,12843.247999999827,2.063182158155205,0.16836076305090616,0.0,0.0,nan,1.0,ok
qnn,8,layer-parallel,default.mixed,True,3,30,1964.5015666610561,75.36856151587479,2005.2496999851428,1858.831999998074,12843.247999999827,2.063182158155205,0.1529598717287934,0.0,0.0,nan,1.0,ok
qnn,10,sequential,default.mixed,True,2,30,12573.862850025762,19.53435002360493,12573.862850025762,12554.328500002157,213292.87309999927,3.364500036695972,0.05895116263041142,0.008192000000008193,0.004096000000004096,2.0,1.0,ok
qnn,10,row,default.mixed,True,2,30,12561.195249989396,12.40184999187477,12561.195249989396,12548.793399997521,213292.87309999927,3.364500036695972,0.05889177199137011,0.0,0.004096000000004096,0.0,1.0,ok
qnn,10,column,default.mixed,True,2,30,12532.351550005842,48.052750003989786,12532.351550005842,12484.298800001852,213292.87309999927,3.364500036695972,0.058756541500241455,0.0,0.004096000000004096,0.0,1.0,ok
qnn,10,batch,default.mixed,True,2,30,12521.422900026664,59.06589998630807,12521.422900026664,12462.357000040356,213292.87309999927,3.364500036695972,0.05870530373584577,0.0,0.004096000000004096,0.0,1.0,ok
qnn,10,hybrid,default.mixed,True,2,30,12549.322750011925,3.531549999024719,12549.322750011925,12545.7912000129,213292.87309999927,3.364500036695972,0.058836109090847855,0.0,0.004096000000004096,0.0,1.0,ok
qnn,10,layer-parallel,default.mixed,True,2,30,12536.608800000977,61.142300022765994,12536.608800000977,12475.46649997821,213292.87309999927,3.364500036695972,0.058776501145086875,0.0,0.004096000000004096,0.0,1.0,ok
qnn,12,sequential,default.mixed,True,2,30,41479.114899993874,106.46059998543933,41479.114899993874,41372.654300008435,3580334.769399982,1251.822499994887,0.011585261594670724,0.010240000000010241,0.0,nan,1.0,ok
qnn,12,row,default.mixed,True,2,30,41586.41879999777,32.20760001568124,41586.41879999777,41554.21119998209,3580334.769399982,1251.822499994887,0.011615231948538467,0.0,0.0,nan,1.0,ok
qnn,12,column,default.mixed,True,2,30,41568.10735000181,16.385449998779222,41568.10735000181,41551.72190000303,3580334.769399982,1251.822499994887,0.011610117496629538,0.0,0.0,nan,1.0,ok
qnn,12,batch,default.mixed,True,2,30,41687.55730002886,100.22610001033172,41687.55730002886,41587.331200018525,3580334.769399982,1251.822499994887,0.011643480284670462,0.0,0.0,nan,1.0,ok
qnn,12,hybrid,default.mixed,True,2,30,41509.60440002382,19.609800016041845,41509.60440002382,41489.994600007776,3580334.769399982,1251.822499994887,0.011593777418467574,0.0,0.0,nan,1.0,ok
qnn,12,layer-parallel,default.mixed,True,2,30,41642.79325003736,158.02555001573637,41642.79325003736,41484.76770002162,3580334.769399982,1251.822499994887,0.011630977529237065,0.0,0.0,nan,1.0,ok
qnn,14,sequential,default.mixed,True,2,30,498261.8874999898,690.2556000131881,498261.8874999898,497571.63189997664,62003579.5157,4548.557600006461,0.008036018103984213,0.026623999999998205,0.016384000000016385,1.6249999999982654,1.0,ok
qnn,14,row,default.mixed,True,2,30,498939.9261500075,446.83315001020674,498939.9261500075,498493.0929999973,62003579.5157,4548.557600006461,0.008046953579892439,0.0,0.016384000000016385,0.0,1.0,ok
qnn,14,column,default.mixed,True,2,30,496738.1655499921,2333.3267499983776,496738.1655499921,494404.83879999374,62003579.5157,4548.557600006461,0.008011443362301567,0.002048000000002048,0.016384000000016385,0.125,1.0,ok
qnn,14,batch,default.mixed,True,2,30,494460.6813999999,312.22859999979846,494460.6813999999,494148.4528000001,62003579.5157,4548.557600006461,0.007974711867639785,0.002048000000002048,0.016384000000016385,0.125,1.0,ok
qnn,14,hybrid,default.mixed,True,2,30,498407.97269999166,533.0027999880258,498407.97269999166,497874.96990000363,62003579.5157,4548.557600006461,0.008038374180861433,0.0,0.016384000000016385,0.0,1.0,ok
qnn,14,layer-parallel,default.mixed,True,2,30,498824.30009997915,1497.6951999997254,498824.30009997915,497326.60489997943,61239188.69330001,31053.159400004894,0.008145507978529996,0.018432000000018434,0.0061440000000061445,3.0,1.0,ok
qnn,16,sequential,default.mixed,True,1,30,1644044.7315000056,0.0,1644044.7315000056,1644044.7315000056,168.06650001672097,0.0,9782.1084590709,0.0,0.0,nan,1.0,ok
qnn,16,row,default.mixed,True,1,30,1615577.0217999816,0.0,1615577.0217999816,1615577.0217999816,168.06650001672097,0.0,9612.724853788515,0.0,0.0,nan,1.0,ok
qnn,16,column,default.mixed,True,1,30,1642147.1038000018,0.0,1642147.1038000018,1642147.1038000018,168.06650001672097,0.0,9770.817525423712,0.0,0.0,nan,1.0,ok
qnn,16,batch,default.mixed,True,1,30,1633107.7473000041,0.0,1633107.7473000041,1633107.7473000041,168.06650001672097,0.0,9717.03312163653,0.0,0.0,nan,1.0,ok
qnn,16,hybrid,default.mixed,True,1,30,1629560.13290002,0.0,1629560.13290002,1629560.13290002,168.06650001672097,0.0,9695.924724664908,0.0,0.0,nan,1.0,ok
qnn,16,layer-parallel,default.mixed,True,1,30,1598430.6415000174,0.0,1598430.6415000174,1598430.6415000174,168.06650001672097,0.0,9510.703449771307,0.0,0.0,nan,1.0,ok
qft,1,sequential,lightning.qubit,False,3,30,1174.4688333225592,40.52884401083931,1148.4633999934886,1143.237299984321,21.135499991942197,0.11082427137187638,55.568537946597885,0.0013653333333346989,0.0,nan,1.0,ok
qft,1,row,lightning.qubit,False,3,30,1058.4789333321776,67.17480523179127,1049.462399998447,981.0865999897942,21.135499991942197,0.11082427137187638,50.08061951388505,0.0,0.0,nan,1.0,ok
qft,1,column,lightning.qubit,False,3,30,1169.256733332683,92.25446920046815,1117.0411999919452,1091.8199000007007,21.135499991942197,0.11082427137187638,55.32193389219353,0.0,0.0,nan,1.0,ok
qft,1,batch,lightning.qubit,False,3,30,1148.9642333375134,47.65142437927434,1119.0041000081692,1111.6683000000194,21.135499991942197,0.11082427137187638,54.36181939275391,0.0,0.0,nan,1.0,ok
qft,1,hybrid,lightning.qubit,False,3,30,1086.7757666662026,33.511447115303,1106.5446000138763,1039.5895999972709,21.135499991942197,0.11082427137187638,51.41944912968846,0.0,0.0,nan,1.0,ok
qft,1,layer-parallel,lightning.qubit,False,3,30,1146.0257333431703,73.82478241920639,1119.5276000071317,1071.8189000035636,21.135499991942197,0.11082427137187638,54.22278790566047,0.0,0.0,nan,1.0,ok
qft,2,sequential,lightning.qubit,False,3,30,1248.3063000060308,59.966602339162634,1286.4538000139873,1163.6386000027414,25.143966670536127,0.08650288201447086,49.646355181849835,0.0,0.0,nan,1.0,ok
qft,2,row,lightning.qubit,False,3,30,1123.348066660886,76.29814904588329,1073.0472999857739,1065.8274999877904,25.143966670536127,0.08650288201447086,44.67664475459367,0.0,0.0,nan,1.0,ok
qft,2,column,lightning.qubit,False,3,30,1140.379400002227,32.14168249937939,1159.9509000079706,1095.064100023592,25.143966670536127,0.08650288201447086,45.353997439812524,0.0,0.0,nan,1.0,ok
qft,2,batch,lightning.qubit,False,3,30,1143.0421666785453,8.5098463898802,1137.891699996544,1136.197700019693,25.143966670536127,0.08650288201447086,45.45989825932954,0.0,0.0,nan,1.0,ok
qft,2,hybrid,lightning.qubit,False,3,30,1169.867966673337,56.07124143223158,1148.136900010286,1114.6895999845583,25.143966670536127,0.08650288201447086,46.52678640575022,0.0,0.0,nan,1.0,ok
qft,2,layer-parallel,lightning.qubit,False,3,30,1136.9573000022986,35.0379250300909,1136.2543000141159,1094.4005999772344,25.143966670536127,0.08650288201447086,45.217897195775116,0.0,0.0,nan,1.0,ok
qft,3,sequential,lightning.qubit,False,3,30,1144.5731000082258,100.64859264133462,1196.3763000094332,1003.8562999980059,27.70613332783493,0.09195476968330986,41.311181407559744,0.0,0.0,nan,1.0,ok
qft,3,row,lightning.qubit,False,3,30,1175.1882333289057,60.97406026124177,1197.438900009729,1091.9141999911517,27.70613332783493,0.09195476968330986,42.41617620991719,0.0,0.0,nan,1.0,ok
qft,3,column,lightning.qubit,False,3,30,1153.7878999952227,40.1622060526816,1143.213699979242,1110.7464999950025,27.70613332783493,0.09195476968330986,41.643772024877656,0.0,0.0,nan,1.0,ok
qft,3,batch,lightning.qubit,False,3,30,1076.1972333323986,57.735149499105866,1049.0369999897666,1023.0932999984361,27.70613332783493,0.09195476968330986,38.843285008348616,0.0,0.0,nan,1.0,ok
qft,3,hybrid,lightning.qubit,False,3,30,1189.2762000012833,67.73059454628672,1154.8368000076152,1129.0904999768827,27.70613332783493,0.09195476968330986,42.92465447737085,0.0,0.0,nan,1.0,ok
qft,3,layer-parallel,lightning.qubit,False,3,30,1194.3857333390042,22.749003986647036,1186.346100002993,1171.4277999999467,27.70613332783493,0.09195476968330986,43.10907333067174,0.0,0.0,nan,1.0,ok
qft,4,sequential,lightning.qubit,False,3,30,1181.2618000064201,33.60906768734138,1160.0191000034101,1155.06039999309,30.253499988854553,0.06503953220408344,39.045459217664046,0.0,0.0,nan,1.0,ok
qft,4,row,lightning.qubit,False,3,30,1167.5117999936144,40.22879494799844,1192.5058999913745,1110.754099994665,30.253499988854553,0.06503953220408344,38.59096634847961,0.0,0.0,nan,1.0,ok
qft,4,column,lightning.qubit,False,3,30,1187.7371333345461,44.788705423938346,1173.8399000023492,1141.1675999988802,30.253499988854553,0.06503953220408344,39.25949505915384,0.0,0.0,nan,1.0,ok
qft,4,batch,lightning.qubit,False,3,30,1236.0830333200283,59.10878555779405,1276.3972999819089,1152.5078999984544,30.253499988854553,0.06503953220408344,40.85752173386232,0.0,0.0,nan,1.0,ok
qft,4,hybrid,lightning.qubit,False,3,30,1218.4350333409384,111.6504860839332,1198.559500015108,1092.717099993024,30.253499988854553,0.06503953220408344,40.27418426925189,0.0,0.0,nan,1.0,ok
qft,4,layer-parallel,lightning.qubit,False,3,30,1171.276766671023,59.93548027177878,1153.924200014444,1108.102099999087,30.253499988854553,0.06503953220408344,38.71541365800729,0.0,0.0,nan,1.0,ok
qft,5,sequential,lightning.qubit,False,3,30,1188.859600001403,78.80692968146425,1160.932500002673,1109.3841000110842,32.56469998935548,0.12048537740498884,36.5076171556934,0.0,0.0,nan,1.0,ok
qft,5,row,lightning.qubit,False,3,30,1222.3343666604098,47.67320781431539,1197.53320000018,1180.4414999787696,32.56469998935548,0.12048537740498884,37.535563572210336,0.0,0.0,nan,1.0,ok
qft,5,column,lightning.qubit,False,3,30,1163.4942666666273,22.515694103539342,1172.6890999998432,1132.495600002585,32.56469998935548,0.12048537740498884,35.72869601276665,0.0,0.0,nan,1.0,ok
qft,5,batch,lightning.qubit,False,3,30,1203.6950000037905,38.762883089739375,1180.3012999880593,1172.4571000086144,32.56469998935548,0.12048537740498884,36.96318407346746,0.0,0.0,nan,1.0,ok
qft,5,hybrid,lightning.qubit,False,3,30,1166.0927333286963,46.02280060810335,1161.0129000036977,1112.438399984967,32.56469998935548,0.12048537740498884,35.80848998178581,0.0,0.0,nan,1.0,ok
qft,5,layer-parallel,lightning.qubit,False,3,30,1257.1816666653224,37.057138795745374,1253.2158000103664,1213.9091999852099,32.56469998935548,0.12048537740498884,38.60565787728003,0.0,0.0,nan,1.0,ok
qft,6,sequential,lightning.qubit,False,3,30,1152.8229999918647,76.51894153705743,1176.6291999956593,1049.4995999906678,34.793466659417994,0.04032586867622915,33.13331813919195,0.0,0.0,nan,1.0,ok
qft,6,row,lightning.qubit,False,3,30,1187.4552333126,25.618385244577542,1202.3882999783382,1151.4018999878317,34.793466659417994,0.04032586867622915,34.12868412728791,0.0,0.0,nan,1.0,ok
qft,6,column,lightning.qubit,False,3,30,1248.1861333362758,34.378089248338846,1267.084299994167,1199.943700019503,34.793466659417994,0.04032586867622915,35.87415262624925,0.0,0.0,nan,1.0,ok
qft,6,batch,lightning.qubit,False,3,30,1220.1189999953688,67.91655207210182,1252.1803000126965,1125.6788999889977,34.793466659417994,0.04032586867622915,35.06747436059533,0.017749333333332135,0.0,nan,1.0,ok
qft,6,hybrid,lightning.qubit,False,3,30,1169.1231999914937,4.955627161745702,1170.1729999913368,1162.5973999907728,34.793466659417994,0.04032586867622915,33.60180264403266,0.0013653333333346989,0.0,nan,1.0,ok
qft,6,layer-parallel,lightning.qubit,False,3,30,1216.5130666592934,65.01124717615335,1207.8086999827065,1141.6006999788806,34.793466659417994,0.04032586867622915,34.96383612956268,0.0,0.0,nan,1.0,ok
qft,8,sequential,lightning.qubit,False,3,30,1445.4004333238117,40.13045831664492,1458.240999985719,1391.1050999886356,39.29386667247551,0.07897578679421327,36.78437770890802,0.0,0.001365333333315751,0.0,1.0,ok
qft,8,row,lightning.qubit,False,3,30,1414.599433337571,37.04094460853312,1427.3979999998119,1364.2092999943998,39.29386667247551,0.07897578679421327,36.00051491823448,0.0,0.001365333333315751,0.0,1.0,ok
qft,8,column,lightning.qubit,False,3,30,1360.0153666726935,28.847875038363746,1376.2594000145327,1319.4835000031162,39.29386667247551,0.07897578679421327,34.611390576773,0.0,0.001365333333315751,0.0,1.0,ok
qft,8,batch,lightning.qubit,False,3,30,1378.870133329959,91.71334972493517,1358.5576999757905,1278.0869000125676,39.29386667247551,0.07897578679421327,35.09123051755625,0.0,0.001365333333315751,0.0,1.0,ok
qft,8,hybrid,lightning.qubit,False,3,30,1479.489033333569,75.98117048800401,1460.014999989653,1397.7095000154804,39.29386667247551,0.07897578679421327,37.651907501633545,0.0,0.001365333333315751,0.0,1.0,ok
qft,8,layer-parallel,lightning.qubit,False,3,30,1349.0328333282378,80.84287363900789,1329.598000011174,1261.179399996763,39.29386667247551,0.07897578679421327,34.33189318253593,0.0,0.001365333333315751,0.0,1.0,ok
qft,10,sequential,lightning.qubit,False,2,30,2745.160950013087,9.389350001583807,2745.160950013087,2735.7716000115033,44.20405000564642,0.08394999895244837,62.1020234494901,0.028672000000000253,0.0,nan,1.0,ok
qft,10,row,lightning.qubit,False,2,30,2769.1410499974154,14.242350007407367,2769.1410499974154,2754.898699990008,44.20405000564642,0.08394999895244837,62.64450994068865,0.0,0.0,nan,1.0,ok
qft,10,column,lightning.qubit,False,2,30,2818.4579000080703,24.37600000121165,2818.4579000080703,2794.0819000068586,44.20405000564642,0.08394999895244837,63.76017355079576,0.0,0.0,nan,1.0,ok
qft,10,batch,lightning.qubit,False,2,30,2631.6782999929274,12.865200013038702,2631.6782999929274,2618.8130999798886,44.20405000564642,0.08394999895244837,59.53477791416779,0.0,0.0,nan,1.0,ok
qft,10,hybrid,lightning.qubit,False,2,30,2672.449500008952,3.3035000087693334,2672.449500008952,2669.1460000001825,44.20405000564642,0.08394999895244837,60.457118740649,0.0,0.0,nan,1.0,ok
qft,10,layer-parallel,lightning.qubit,False,2,30,2760.5414999998175,18.61030000145547,2760.5414999998175,2741.931199998362,44.20405000564642,0.08394999895244837,62.44996781170953,0.0,0.0,nan,1.0,ok
qft,12,sequential,lightning.qubit,False,2,30,21515.915700016194,50.281399991945364,21515.915700016194,21465.63430002425,50.86965000373311,0.23954999051056802,422.9617404176602,0.0,0.0,nan,1.0,ok
qft,12,row,lightning.qubit,False,2,30,21604.80970000208,50.4479000082938,21604.80970000208,21554.361799993785,50.86965000373311,0.23954999051056802,424.70922639366677,0.0,0.0,nan,1.0,ok
qft,12,column,lightning.qubit,False,2,30,21591.715650007245,30.976549998740666,21591.715650007245,21560.739100008504,50.86965000373311,0.23954999051056802,424.45182242108444,0.0,0.0,nan,1.0,ok
qft,12,batch,lightning.qubit,False,2,30,21600.288800007547,24.671699982718565,21600.288800007547,21575.61710002483,50.86965000373311,0.23954999051056802,424.6203541487388,0.0,0.0,nan,1.0,ok
qft,12,hybrid,lightning.qubit,False,2,30,21654.13900000567,52.1634000033373,21654.13900000567,21601.975600002334,50.86965000373311,0.23954999051056802,425.67894605951807,0.0,0.0,nan,1.0,ok
qft,12,layer-parallel,lightning.qubit,False,2,30,21584.85539999674,58.53119998937473,21584.85539999674,21526.324200007366,50.86965000373311,0.23954999051056802,424.3169630302689,0.0,0.0,nan,1.0,ok
grover,1,sequential,lightning.qubit,False,3,30,1139.1252666750613,28.07747899897737,1119.9752000102308,1118.5760000080336,21.612000001672033,0.09625977937950421,52.70799863903997,0.0,0.0,nan,1.0,ok
grover,1,row,lightning.qubit,False,3,30,1217.777599997741,55.15948805985009,1202.033500012476,1159.4836000003852,21.612000001672033,0.09625977937950421,56.347288538937924,0.0,0.0,nan,1.0,ok
grover,1,column,lightning.qubit,False,3,30,1132.5166999983292,111.32619286081928,1131.2399000162259,996.8133999791462,21.612000001672033,0.09625977937950421,52.402216357149314,0.0,0.0,nan,1.0,ok
grover,1,batch,lightning.qubit,False,3,30,1069.7500666525837,55.96948451162078,1101.270699989982,991.1111999826971,21.612000001672033,0.09625977937950421,49.49796717424678,0.0,0.0,nan,1.0,ok
grover,1,hybrid,lightning.qubit,False,3,30,4482.835133327171,4820.458907042873,1130.0512999878265,1018.7634000030812,21.612000001672033,0.09625977937950421,207.42342832594633,0.0,0.0,nan,1.0,ok
grover,1,layer-parallel,lightning.qubit,False,3,30,1149.6411666739732,30.87901894554087,1156.568900012644,1108.837300009327,21.612000001672033,0.09625977937950421,53.19457554067324,0.0,0.0,nan,1.0,ok
grover,2,sequential,lightning.qubit,False,3,30,1138.7056333284515,68.60538490403366,1120.836899994174,1065.0531999999657,24.95483333283725,0.08899439051259127,45.63066473499809,0.0,0.0,nan,1.0,ok
grover,2,row,lightning.qubit,False,3,30,1209.1658333471667,56.32179137397671,1198.9071000134572,1145.8899000135716,24.95483333283725,0.08899439051259127,48.45417387565016,0.0,0.0,nan,1.0,ok
grover,2,column,lightning.qubit,False,3,30,1127.6039000076707,51.951494798468836,1158.9062999992166,1054.3891999986954,24.95483333283725,0.08899439051259127,45.18579166481123,0.0,0.0,nan,1.0,ok
grover,2,batch,lightning.qubit,False,3,30,1266.5986000016953,58.167991714774445,1242.9084999894258,1210.2208000142127,24.95483333283725,0.08899439051259127,50.7556425285766,0.0,0.0,nan,1.0,ok
grover,2,hybrid,lightning.qubit,False,3,30,1189.547133340966,12.490628036034135,1184.5128000131808,1177.400900021894,24.95483333283725,0.08899439051259127,47.66800553124431,0.0,0.0,nan,1.0,ok
grover,2,layer-parallel,lightning.qubit,False,3,30,1095.7778999969985,26.659504202253522,1088.08349998435,1067.661200009752,24.95483333283725,0.08899439051259127,43.91044754264498,0.0,0.0,nan,1.0,ok
grover,3,sequential,lightning.qubit,False,3,30,1179.5188333198894,23.743984375910674,1170.749299984891,1155.8324999932665,28.050066670402884,0.42313749817064306,42.050482345714435,0.0,0.0,nan,1.0,ok
grover,3,row,lightning.qubit,False,3,30,1174.6491999947466,26.961759530868413,1157.1883000142407,1154.02419999009,28.050066670402884,0.42313749817064306,41.87687729220912,0.0,0.0,nan,1.0,ok
grover,3,column,lightning.qubit,False,3,30,1137.6790999881148,39.06437575855404,1113.8718999864068,1106.409200001508,28.050066670402884,0.42313749817064306,40.558873294534465,0.0,0.0,nan,1.0,ok
grover,3,batch,lightning.qubit,False,3,30,1219.8679666616954,41.37128645139143,1201.6826999897603,1180.8010000095237,28.050066670402884,0.42313749817064306,43.48895070359469,0.0,0.0,nan,1.0,ok
grover,3,hybrid,lightning.qubit,False,3,30,1234.8252000034943,34.466189953565404,1216.1243000009563,1205.1938000076916,28.050066670402884,0.42313749817064306,44.02218413642574,0.0,0.0,nan,1.0,ok
grover,3,layer-parallel,lightning.qubit,False,3,30,1078.2597333406254,98.49158547371383,1024.8971999972127,993.5173999983817,28.050066670402884,0.42313749817064306,38.440540837585765,0.0,0.0,nan,1.0,ok
grover,4,sequential,lightning.qubit,False,3,30,1137.1450000054513,70.61878710531437,1140.7414000132121,1048.9129000052344,30.8866666649313,1.0554949710658785,36.816695447960555,0.0,0.0,nan,1.0,ok
grover,4,row,lightning.qubit,False,3,30,1141.199866659008,67.03781155011535,1169.1338999953587,1048.773499991512,30.8866666649313,1.0554949710658785,36.94797755416985,0.0,0.0,nan,1.0,ok
grover,4,column,lightning.qubit,False,3,30,1291.3864333434806,30.606391938528137,1273.7115999916568,1266.00650002365,30.8866666649313,1.0554949710658785,41.81048241148404,0.0,0.0,nan,1.0,ok
grover,4,batch,lightning.qubit,False,3,30,1084.737199989225,26.274443429953074,1093.2313999801408,1049.162699986482,30.8866666649313,1.0554949710658785,35.11991798133513,0.0,0.0,nan,1.0,ok
grover,4,hybrid,lightning.qubit,False,3,30,1231.9226666683487,69.63200520273125,1201.2947000039276,1166.1850000091363,30.8866666649313,1.0554949710658785,39.88525793452075,0.0,0.0,nan,1.0,ok
grover,4,layer-parallel,lightning.qubit,False,3,30,1035.7899333466776,32.23794665931185,1057.078600017121,990.2311000041664,30.8866666649313,1.0554949710658785,33.53518023110965,0.0,0.0,nan,1.0,ok
grover,5,sequential,lightning.qubit,False,3,30,1118.6602333327755,46.863961219850076,1130.911099986406,1056.1275000218302,32.52243333069297,0.11737576431490035,34.39657241996842,0.0,0.0,nan,1.0,ok
grover,5,row,lightning.qubit,False,3,30,1184.262900002068,131.0577867880543,1250.721100019291,1001.1948999890592,32.52243333069297,0.11737576431490035,36.41372365838391,0.0,0.0,nan,1.0,ok
grover,5,column,lightning.qubit,False,3,30,1163.697899998321,72.06055001593352,1146.500400005607,1085.3065999981482,32.52243333069297,0.11737576431490035,35.781390899188466,0.0,0.0,nan,1.0,ok
grover,5,batch,lightning.qubit,False,3,30,1075.2695333309628,94.67294017772318,1033.691299991915,985.8411999884993,32.52243333069297,0.11737576431490035,33.062394882863195,0.0,0.0,nan,1.0,ok
grover,5,hybrid,lightning.qubit,False,3,30,1195.9748666655894,98.94431817097076,1248.3632999937981,1057.4126999999862,32.52243333069297,0.11737576431490035,36.7738432885614,0.0,0.0,nan,1.0,ok
grover,5,layer-parallel,lightning.qubit,False,3,30,1114.1100333382685,38.700516213429026,1099.17630002019,1075.9772000019439,32.52243333069297,0.11737576431490035,34.25666283976451,0.0,0.0,nan,1.0,ok
grover,6,sequential,lightning.qubit,False,3,30,1201.328966669583,88.55629832694285,1215.6126000045333,1086.436000012327,34.74216666654684,0.0676868471403549,34.5784124001207,0.0,0.0,nan,1.0,ok
grover,6,row,lightning.qubit,False,3,30,1299.8604666693911,47.677026997564674,1268.1101000052877,1264.2227000033017,34.74216666654684,0.0676868471403549,37.414490556831744,0.0,0.0,nan,1.0,ok
grover,6,column,lightning.qubit,False,3,30,1261.7833333303377,7.573909814444681,1260.2411000116263,1253.3750000002328,34.74216666654684,0.0676868471403549,36.31849865441197,0.0,0.0,nan,1.0,ok
grover,6,batch,lightning.qubit,False,3,30,1202.9349999987364,6.0126526135041845,1206.3247000041883,1194.4865999976173,34.74216666654684,0.0676868471403549,34.62463960709279,0.0,0.0,nan,1.0,ok
grover,6,hybrid,lightning.qubit,False,3,30,1251.070500011944,69.23480566493983,1209.6492000273429,1194.947600015439,34.74216666654684,0.0676868471403549,36.01014617250677,0.0,0.0,nan,1.0,ok
grover,6,layer-parallel,lightning.qubit,False,3,30,1180.1391999955133,91.58527310868229,1119.8542999918573,1111.003800004255,34.74216666654684,0.0676868471403549,33.96849745504983,0.0,0.0,nan,1.0,ok
grover,8,sequential,lightning.qubit,False,3,30,1413.269699997424,75.18517731192595,1461.687000002712,1307.0790999918245,39.45073333064405,0.19133374923964244,35.82366107500572,0.0,0.0,nan,1.0,ok
grover,8,row,lightning.qubit,False,3,30,1363.4539666721441,38.333599192035535,1369.6873000008054,1313.6997999972664,39.45073333064405,0.19133374923964244,34.56092831645939,0.0,0.0,nan,1.0,ok
grover,8,column,lightning.qubit,False,3,30,1379.4245333313786,29.756542352305527,1370.4437999986112,1348.3103000035044,39.45073333064405,0.19133374923964244,34.96575137831181,0.0,0.0,nan,1.0,ok
grover,8,batch,lightning.qubit,False,3,30,1412.396333325887,57.935757166605086,1388.939600001322,1356.1381999752484,39.45073333064405,0.19133374923964244,35.80152291437339,0.0,0.0,nan,1.0,ok
grover,8,hybrid,lightning.qubit,False,3,30,1341.982966667274,85.58700031688247,1318.8790999993216,1250.640000012936,39.45073333064405,0.19133374923964244,34.0166798781625,0.0,0.0,nan,1.0,ok
grover,8,layer-parallel,lightning.qubit,False,3,30,1306.0168666609873,65.49654829361808,1303.9713999896776,1226.84260000824,39.45073333064405,0.19133374923964244,33.105008612007616,0.0,0.0,nan,1.0,ok
grover,10,sequential,lightning.qubit,False,2,30,2830.467050007428,6.71164998493623,2830.467050007428,2823.755400022492,44.269649995840155,0.013550001312978566,63.93696472127961,0.0,0.0,nan,1.0,ok
grover,10,row,lightning.qubit,False,2,30,2685.8574000070803,41.46870001568459,2685.8574000070803,2644.3886999913957,44.269649995840155,0.013550001312978566,60.67040060762757,0.0,0.0,nan,1.0,ok
grover,10,column,lightning.qubit,False,2,30,2679.2852000071434,67.92839999252465,2679.2852000071434,2611.356800014619,44.269649995840155,0.013550001312978566,60.521942239410194,0.0,0.0,nan,1.0,ok
grover,10,batch,lightning.qubit,False,2,30,2650.4898499988485,43.67134999483824,2650.4898499988485,2606.8185000040103,44.269649995840155,0.013550001312978566,59.87148871174506,0.0,0.0,nan,1.0,ok
grover,10,hybrid,lightning.qubit,False,2,30,2701.260200003162,12.924499984364957,2701.260200003162,2688.335700018797,44.269649995840155,0.013550001312978566,61.01833197816086,0.0,0.0,nan,1.0,ok
grover,10,layer-parallel,lightning.qubit,False,2,30,2643.6686999950325,76.4567000005627,2643.6686999950325,2567.21199999447,44.269649995840155,0.013550001312978566,59.717406851950436,0.0,0.0,nan,1.0,ok
grover,12,sequential,lightning.qubit,False,2,30,21694.198750003125,29.16665001248475,21694.198750003125,21665.03209999064,52.184899992425926,1.4456999924732372,415.7179328340536,0.0,0.0,nan,1.0,ok
grover,12,row,lightning.qubit,False,2,30,21633.09110001137,57.112900001811795,21633.09110001137,21575.97820000956,52.184899992425926,1.4456999924732372,414.5469494652894,0.0,0.0,nan,1.0,ok
grover,12,column,lightning.qubit,False,2,30,21674.36780000571,13.59370001591742,21674.36780000571,21660.774099989794,52.184899992425926,1.4456999924732372,415.33791965015763,0.0,0.0,nan,1.0,ok
grover,12,batch,lightning.qubit,False,2,30,21674.912000002223,27.73050001997035,21674.912000002223,21647.181499982253,52.184899992425926,1.4456999924732372,415.3483479540653,0.0,0.0,nan,1.0,ok
grover,12,hybrid,lightning.qubit,False,2,30,21668.6388500093,38.91324999858625,21668.6388500093,21629.725600010715,52.184899992425926,1.4456999924732372,415.2281378934188,0.0,0.0,nan,1.0,ok
grover,12,layer-parallel,lightning.qubit,False,2,30,21631.799549999414,4.462949989829212,21631.799549999414,21627.336600009585,52.184899992425926,1.4456999924732372,414.5221999685548,0.0,0.0,nan,1.0,ok
qpe,1,sequential,lightning.qubit,False,3,30,1102.4928333451196,118.85436492404459,1161.809400015045,936.6336000093725,21.12706666230224,0.06899667876202673,52.18390470231894,0.0,0.0,nan,1.0,ok
qpe,1,row,lightning.qubit,False,3,30,1142.6957333363437,19.224537370192,1133.8790000008885,1124.831399996765,21.12706666230224,0.06899667876202673,54.08681439791618,0.0,0.0,nan,1.0,ok
qpe,1,column,lightning.qubit,False,3,30,1137.3933333476696,31.018528448220046,1118.9522000204306,1112.1441000141203,21.12706666230224,0.06899667876202673,53.83583776810626,0.0,0.0,nan,1.0,ok
qpe,1,batch,lightning.qubit,False,3,30,1148.7507333416336,43.9915761126186,1152.613600017503,1093.044800014468,21.12706666230224,0.06899667876202673,54.373413579055416,0.0,0.0,nan,1.0,ok
qpe,1,hybrid,lightning.qubit,False,3,30,1111.2586333377596,6.285287321576268,1112.9063999978825,1102.8703000047244,21.12706666230224,0.06899667876202673,52.59881322382615,0.0,0.0,nan,1.0,ok
qpe,1,layer-parallel,lightning.qubit,False,3,30,1083.9790333314643,66.37839133936504,1046.820799994748,1027.9016999993473,21.12706666230224,0.06899667876202673,51.30759753154212,0.0,0.0,nan,1.0,ok
qpe,2,sequential,lightning.qubit,False,3,30,1122.876799995235,54.407192971157684,1109.2686000047252,1064.096399990376,25.08490000036545,0.09025265339880344,44.76305665874196,0.0,0.0,nan,1.0,ok
qpe,2,row,lightning.qubit,False,3,30,1092.1887666724313,67.8355541868726,1067.3049000033643,1024.3929999996908,25.08490000036545,0.09025265339880344,43.53968987943024,0.0,0.0,nan,1.0,ok
qpe,2,column,lightning.qubit,False,3,30,1107.481166671884,32.782083342147445,1087.6622999785468,1081.0945000266656,25.08490000036545,0.09025265339880344,44.1493155904847,0.0,0.0,nan,1.0,ok
qpe,2,batch,lightning.qubit,False,3,30,1203.1321000055566,50.20293277428601,1228.9934000000358,1132.9398000088986,25.08490000036545,0.09025265339880344,47.9624036766353,0.0,0.0,nan,1.0,ok
qpe,2,hybrid,lightning.qubit,False,3,30,1156.6673000052106,22.957167549011018,1169.175399991218,1124.4670000160113,25.08490000036545,0.09025265339880344,46.11010209282714,0.0,0.0,nan,1.0,ok
qpe,2,layer-parallel,lightning.qubit,False,3,30,1100.065300008282,71.26465354842422,1144.5555000100285,999.5039000059478,25.08490000036545,0.09025265339880344,43.85368488581799,0.0,0.0,nan,1.0,ok
qpe,3,sequential,lightning.qubit,False,3,30,1067.2882333456073,40.80835856002741,1071.2996000074781,1015.423600008944,27.70843332594571,0.021512849600636083,38.518534079161256,0.0,0.0,nan,1.0,ok
qpe,3,row,lightning.qubit,False,3,30,1102.1327333389006,17.248276202509103,1093.5831000097096,1086.622900009388,27.70843332594571,0.021512849600636083,39.77607540542114,0.0,0.0,nan,1.0,ok
qpe,3,column,lightning.qubit,False,3,30,1107.383999992938,4.045801190468439,1105.2375999861397,1103.8640000042506,27.70843332594571,0.021512849600636083,39.965594119534806,0.0,0.0,nan,1.0,ok
qpe,3,batch,lightning.qubit,False,3,30,1128.690299995166,27.080520558484785,1132.6474999950733,1093.7224999943282,27.70843332594571,0.021512849600636083,40.73454051760766,0.0,0.0,nan,1.0,ok
qpe,3,hybrid,lightning.qubit,False,3,30,1209.47266665947,42.94733822764553,1228.9836999843828,1149.9055000022054,27.70843332594571,0.021512849600636083,43.6499838309855,0.0,0.0,nan,1.0,ok
qpe,3,layer-parallel,lightning.qubit,False,3,30,1150.6773333336848,42.60756728590205,1148.414800001774,1099.661999993259,27.70843332594571,0.021512849600636083,41.52805464667719,0.0,0.0,nan,1.0,ok
qpe,4,sequential,lightning.qubit,False,3,30,1178.8309666638572,55.87113737903205,1188.5453999857418,1106.0649999999441,30.159700002210837,0.022416653380137954,39.08629616930685,0.0,0.0,nan,1.0,ok
qpe,4,row,lightning.qubit,False,3,30,1160.7285999925807,2.3990557919588054,1162.1042999904603,1157.3549000022467,30.159700002210837,0.022416653380137954,38.4860791024942,0.0,0.0,nan,1.0,ok
qpe,4,column,lightning.qubit,False,3,30,1125.8043000125326,26.995264114293732,1142.1318000066094,1087.754500011215,30.159700002210837,0.022416653380137954,37.32810007825032,0.0,0.0,nan,1.0,ok
qpe,4,batch,lightning.qubit,False,3,30,1133.4652666701004,17.782257070328953,1145.8403999859001,1108.3184000162873,30.159700002210837,0.022416653380137954,37.58211343571098,0.0,0.0,nan,1.0,ok
qpe,4,hybrid,lightning.qubit,False,3,30,1154.5648333364322,20.21712648473185,1140.6676000042353,1139.8744000180159,30.159700002210837,0.022416653380137954,38.28170814868177,0.0,0.0,nan,1.0,ok
qpe,4,layer-parallel,lightning.qubit,False,3,30,1179.082500001338,24.973520955286087,1191.7664000065997,1144.1949000000022,30.159700002210837,0.022416653380137954,39.09463621703486,0.0,0.0,nan,1.0,ok
qpe,5,sequential,lightning.qubit,False,3,30,1164.2497666568186,15.056533177271975,1171.5340999944601,1143.2797999877948,32.68753332667984,0.23835113577483508,35.61754736955169,0.0,0.0,nan,1.0,ok
qpe,5,row,lightning.qubit,False,3,30,1199.4264666670158,17.984502578661235,1211.8234999943525,1173.995199991623,32.68753332667984,0.23835113577483508,36.693697706704405,0.0,0.0,nan,1.0,ok
qpe,5,column,lightning.qubit,False,3,30,1200.03480000499,91.09949207818597,1145.9830999956466,1125.7814000127837,32.68753332667984,0.23835113577483508,36.71230826785916,0.0,0.0,nan,1.0,ok
qpe,5,batch,lightning.qubit,False,3,30,1136.921400000574,88.06421248730602,1156.676200014772,1020.5532999825664,32.68753332667984,0.23835113577483508,34.781498764013776,0.0,0.0,nan,1.0,ok
qpe,5,hybrid,lightning.qubit,False,3,30,1135.2973333365906,53.26392375101576,1138.1475999951363,1068.6841999995522,32.68753332667984,0.23835113577483508,34.73181417485397,0.0,0.0,nan,1.0,ok
qpe,5,layer-parallel,lightning.qubit,False,3,30,1174.0003333349403,24.30587430630351,1176.0154000076,1143.2755000132602,32.68753332667984,0.23835113577483508,35.91584356035551,0.0,0.0,nan,1.0,ok
qpe,6,sequential,lightning.qubit,False,3,30,1206.9630666810554,83.84561456327366,1196.587400016142,1109.8553000192624,34.759899999092646,0.032554670246669956,34.72285785380744,0.0,0.0,nan,1.0,ok
qpe,6,row,lightning.qubit,False,3,30,1170.3355666735054,16.277111406723208,1159.3934000120498,1158.2675999961793,34.759899999092646,0.032554670246669956,33.66912927551734,0.0,0.0,nan,1.0,ok
qpe,6,column,lightning.qubit,False,3,30,1148.7649333430454,38.773593604586075,1124.40610001795,1118.3994000020903,34.759899999092646,0.032554670246669956,33.048568418580956,0.0,0.0,nan,1.0,ok
qpe,6,batch,lightning.qubit,False,3,30,1207.5715000003886,15.249204150080377,1213.2950999948662,1186.7031000147108,34.759899999092646,0.032554670246669956,34.74036173958816,0.0,0.0,nan,1.0,ok
qpe,6,hybrid,lightning.qubit,False,3,30,1235.0574333395343,57.74564586902199,1235.416500014253,1164.1549000050873,34.759899999092646,0.032554670246669956,35.53109857542092,0.0,0.0,nan,1.0,ok
qpe,6,layer-parallel,lightning.qubit,False,3,30,1211.929466672397,26.06288631980232,1226.2691000069026,1175.3540000063367,34.759899999092646,0.032554670246669956,34.86573513456692,0.0,0.0,nan,1.0,ok
qpe,8,sequential,lightning.qubit,False,3,30,1403.9379999934074,37.35143528738874,1425.720300001558,1351.3714000000618,39.9037000121704,1.0461899999869333,35.18315343101553,0.0,0.0,nan,1.0,ok
qpe,8,row,lightning.qubit,False,3,30,1366.459066659445,68.16161378667928,1367.1567999990657,1282.6317999861203,39.9037000121704,1.0461899999869333,34.243918890796664,0.0,0.0,nan,1.0,ok
qpe,8,column,lightning.qubit,False,3,30,1462.8654666691243,17.26797075745677,1458.3344999991823,1444.3492999998853,39.9037000121704,1.0461899999869333,36.65989535363786,0.0,0.0,nan,1.0,ok
qpe,8,batch,lightning.qubit,False,3,30,1432.1961666767795,36.84881869012377,1406.3094000157434,1405.9712000016589,39.9037000121704,1.0461899999869333,35.89131249082085,0.0,0.0,nan,1.0,ok
qpe,8,hybrid,lightning.qubit,False,3,30,1420.6608333236848,78.89608268913827,1472.9746999801137,1309.15559999994,39.9037000121704,1.0461899999869333,35.602233198685624,0.0,0.0,nan,1.0,ok
qpe,8,layer-parallel,lightning.qubit,False,3,30,1402.788866670259,65.08615316395607,1422.2532999992836,1315.14540000353,39.9037000121704,1.0461899999869333,35.15435576757084,0.0,0.0,nan,1.0,ok
qpe,10,sequential,lightning.qubit,False,2,30,2688.7548999948194,32.56219999457244,2688.7548999948194,2656.192700000247,44.18759998225141,0.04430000262800604,60.84862950408704,0.0,0.0,nan,1.0,ok
qpe,10,row,lightning.qubit,False,2,30,2733.8389000069583,70.15430000319611,2733.8389000069583,2663.684600003762,44.18759998225141,0.04430000262800604,61.8689157389187,0.0,0.0,nan,1.0,ok
qpe,10,column,lightning.qubit,False,2,30,2764.687450006022,65.45084998651873,2764.687450006022,2699.2366000195034,44.18759998225141,0.04430000262800604,62.567042589244465,0.0,0.0,nan,1.0,ok
qpe,10,batch,lightning.qubit,False,2,30,2739.6415500115836,12.455650008632801,2739.6415500115836,2727.185900002951,44.18759998225141,0.04430000262800604,62.000234253772554,0.0,0.0,nan,1.0,ok
qpe,10,hybrid,lightning.qubit,False,2,30,2716.9704500120133,106.3290500023868,2716.9704500120133,2610.6414000096265,44.18759998225141,0.04430000262800604,61.48716950237903,0.0,0.0,nan,1.0,ok
qpe,10,layer-parallel,lightning.qubit,False,2,30,2706.564550011535,58.029449995956384,2706.564550011535,2648.535100015579,44.18759998225141,0.04430000262800604,61.251675834366786,0.0,0.0,nan,1.0,ok
qpe,12,sequential,lightning.qubit,False,2,30,21646.24509999703,1.4281000039773062,21646.24509999703,21644.816999993054,50.67895000684075,0.01545000122860074,427.1249719474294,0.0,0.0,nan,1.0,ok
qpe,12,row,lightning.qubit,False,2,30,21653.40809999907,17.257299987250008,21653.40809999907,21636.15080001182,50.67895000684075,0.01545000122860074,427.26631268162123,0.0,0.0,nan,1.0,ok
qpe,12,column,lightning.qubit,False,2,30,21716.214749991195,1.1869499867316335,21716.214749991195,21715.027800004464,50.67895000684075,0.01545000122860074,428.5056171657048,0.0,0.0,nan,1.0,ok
qpe,12,batch,lightning.qubit,False,2,30,21777.956599995377,70.32149999577086,21777.956599995377,21707.635099999607,50.67895000684075,0.01545000122860074,429.7239109542669,0.0,0.0,nan,1.0,ok
qpe,12,hybrid,lightning.qubit,False,2,30,21703.061749984045,67.34735000645742,21703.061749984045,21635.714399977587,50.67895000684075,0.01545000122860074,428.2460814017362,0.0,0.0,nan,1.0,ok
qpe,12,layer-parallel,lightning.qubit,False,2,30,21720.249149992014,39.62944999511819,21720.249149992014,21680.619699996896,50.67895000684075,0.01545000122860074,428.5852241820355,0.0,0.0,nan,1.0,ok
metrology,1,sequential,default.mixed,True,3,30,1251.909933334294,64.15815990109108,1276.4823000179604,1163.9827999752015,34.481400003035866,0.10027850708956257,36.306818552149025,0.0,0.0,nan,1.0,ok
metrology,1,row,default.mixed,True,3,30,1203.625233329755,57.72188960713612,1166.5165000013076,1159.2118999978993,34.481400003035866,0.10027850708956257,34.90650707986867,0.0,0.0,nan,1.0,ok
metrology,1,column,default.mixed,True,3,30,1232.594866664537,50.840993140569076,1202.1267999953125,1191.4286999963224,34.481400003035866,0.10027850708956257,35.74665954851064,0.0,0.0,nan,1.0,ok
metrology,1,batch,default.mixed,True,3,30,1207.77203332788,115.40089991728281,1145.408199983649,1108.3434000029229,34.481400003035866,0.10027850708956257,35.02676901812408,0.0,0.0,nan,1.0,ok
metrology,1,hybrid,default.mixed,True,3,30,1151.1689999994512,80.56282839049916,1140.3797999955714,1058.3381000033114,34.481400003035866,0.10027850708956257,33.38521637457001,0.0,0.0,nan,1.0,ok
metrology,1,layer-parallel,default.mixed,True,3,30,1194.9659333234497,26.921732319404246,1190.7860999926925,1164.2828999902122,34.481400003035866,0.10027850708956257,34.655377485201896,0.0,0.0,nan,1.0,ok
metrology,2,sequential,default.mixed,True,3,30,1271.9465333308715,25.840650749686283,1282.3418999905698,1236.4080999977887,56.930966675281525,0.40922908915583484,22.34190999400559,0.0,0.0,nan,1.0,ok
metrology,2,row,default.mixed,True,3,30,1276.6612333264977,68.11045427883596,1287.6957999833394,1188.2751999946777,56.930966675281525,0.40922908915583484,22.424724326362135,0.0,0.0,nan,1.0,ok
metrology,2,column,default.mixed,True,3,30,1274.9682333378587,92.83478357681292,1242.0352000044659,1181.3711000140756,56.930966675281525,0.40922908915583484,22.394986556436404,0.0,0.0,nan,1.0,ok
metrology,2,batch,default.mixed,True,3,30,1293.4548666720123,26.864198542963567,1305.6866000115406,1256.1891000077594,56.930966675281525,0.40922908915583484,22.719706729195742,0.0,0.0,nan,1.0,ok
metrology,2,hybrid,default.mixed,True,3,30,1241.3861333334353,32.23331279018583,1219.1331000067294,1218.0586000031326,56.930966675281525,0.40922908915583484,21.805112504306454,0.0,0.0,nan,1.0,ok
metrology,2,layer-parallel,default.mixed,True,3,30,1234.659766671636,90.37718691424651,1295.2864000108093,1106.9023000018205,56.930966675281525,0.40922908915583484,21.68696297945885,0.0,0.0,nan,1.0,ok
metrology,3,sequential,default.mixed,True,3,30,1207.4885666758444,25.206521719788146,1193.4332000091672,1186.1457000195514,81.82786667020991,0.17575756906172152,14.75644686598484,0.0,0.0,nan,1.0,ok
metrology,3,row,default.mixed,True,3,30,1308.6830333340913,57.47448031718153,1329.2263000039384,1230.3052000061143,81.82786667020991,0.17575756906172152,15.993121739424838,0.0,0.0,nan,1.0,ok
metrology,3,column,default.mixed,True,3,30,1290.2318333411433,6.074994568988986,1287.0609000092372,1284.902300016256,81.82786667020991,0.17575756906172152,15.767633763949298,0.0,0.0,nan,1.0,ok
metrology,3,batch,default.mixed,True,3,30,1209.2648999920737,34.603308535942055,1205.4506999847945,1168.9207000017632,81.82786667020991,0.17575756906172152,14.778155036911357,0.0,0.0,nan,1.0,ok
metrology,3,hybrid,default.mixed,True,3,30,1299.8860666702967,28.5065158950508,1309.1645000095014,1261.2708999949973,81.82786667020991,0.17575756906172152,15.885615983479264,0.0,0.0,nan,1.0,ok
metrology,3,layer-parallel,default.mixed,True,3,30,1306.3575999985915,41.24104328183385,1280.6984999915585,1273.8281000056304,81.82786667020991,0.17575756906172152,15.964703140356724,0.0,0.0,nan,1.0,ok
metrology,4,sequential,default.mixed,True,3,30,1266.7319666749488,19.09426615350213,1269.012600008864,1242.2896000207402,132.93886666845842,0.16123402374049367,9.528680350751767,0.0,0.0,nan,1.0,ok
metrology,4,row,default.mixed,True,3,30,1326.8914999983583,43.164113510441446,1308.8564999925438,1285.4039000230841,132.93886666845842,0.16123402374049367,9.981215676432283,0.0,0.0,nan,1.0,ok
metrology,4,column,default.mixed,True,3,30,1302.0977000026808,30.628485505361365,1300.0043999927584,1265.6761000107508,132.93886666845842,0.16123402374049367,9.794710400608684,0.0,0.0,nan,1.0,ok
metrology,4,batch,default.mixed,True,3,30,1390.2696666676395,55.16522646930154,1380.279100005282,1328.257899993332,132.93886666845842,0.16123402374049367,10.457962381572644,0.0,0.0,nan,1.0,ok
metrology,4,hybrid,default.mixed,True,3,30,1286.5346333322425,39.58956441195139,1271.7540999874473,1247.1578999829944,132.93886666845842,0.16123402374049367,9.67764105091089,0.0,0.0,nan,1.0,ok
metrology,4,layer-parallel,default.mixed,True,3,30,1309.8526333342306,32.31563849426171,1325.503000000026,1264.8421000048984,132.93886666845842,0.16123402374049367,9.853044983457883,0.0,0.0,nan,1.0,ok
metrology,5,sequential,default.mixed,True,3,30,1444.6492666708461,88.40077931270426,1389.015599997947,1375.5088000034448,287.41146666773903,0.4735961986637227,5.0264148588787085,0.0,0.0,nan,1.0,ok
metrology,5,row,default.mixed,True,3,30,1377.2361000010278,56.07800099594085,1341.609499999322,1333.6883999872953,287.41146666773903,0.4735961986637227,4.7918620504907565,0.0,0.0,nan,1.0,ok
metrology,5,column,default.mixed,True,3,30,1333.7824000045657,70.36733996759386,1295.0825000007171,1273.73409998836,287.41146666773903,0.4735961986637227,4.640672188442919,0.0,0.0,nan,1.0,ok
metrology,5,batch,default.mixed,True,3,30,1347.1284000067196,42.82319999893754,1351.3740999915171,1292.6871000090614,287.41146666773903,0.4735961986637227,4.687107357355587,0.0,0.0,nan,1.0,ok
metrology,5,hybrid,default.mixed,True,3,30,1331.0547666721202,42.80060770820215,1327.7429000008851,1280.369400017662,287.41146666773903,0.4735961986637227,4.631181845680782,0.0,0.0,nan,1.0,ok
metrology,5,layer-parallel,default.mixed,True,3,30,1283.9742999931332,138.07130730278482,1291.6740999789909,1111.1538000113796,287.41146666773903,0.4735961986637227,4.467373257161889,0.0,0.0,nan,1.0,ok
metrology,6,sequential,default.mixed,True,3,30,1514.6396999965266,66.68460539571375,1481.202499999199,1454.9925999890547,872.6979000105833,0.5586951055699221,1.735583069442654,0.0,0.0,nan,1.0,ok
metrology,6,row,default.mixed,True,3,30,1459.4283000042196,84.49536868068952,1508.831300016027,1340.499899990391,872.6979000105833,0.5586951055699221,1.672317877683126,0.0,0.0,nan,1.0,ok
metrology,6,column,default.mixed,True,3,30,1338.4276333478435,62.58855132356011,1369.3260000145528,1251.1456000211183,872.6979000105833,0.5586951055699221,1.5336666139927828,0.0,0.0,nan,1.0,ok
metrology,6,batch,default.mixed,True,3,30,1370.1397666785244,100.64606674713649,1377.4359000090044,1243.3880000025965,872.6979000105833,0.5586951055699221,1.5700046564359884,0.0,0.0,nan,1.0,ok
metrology,6,hybrid,default.mixed,True,3,30,1470.2840999913558,89.27250782675304,1500.2851999888662,1349.0793999808375,872.6979000105833,0.5586951055699221,1.6847572338303156,0.0,0.0,nan,1.0,ok
metrology,6,layer-parallel,default.mixed,True,3,30,1488.9522999874316,17.524172809031654,1483.9049000001978,1470.4631999775302,872.6979000105833,0.5586951055699221,1.7061485996120478,0.0,0.0,nan,1.0,ok
metrology,8,sequential,default.mixed,True,3,30,1894.7463999890413,96.10877197844519,1909.1955999901984,1770.4800999781583,13441.455166670494,283.37045640616265,0.14096289252128483,0.0,0.0,nan,1.0,ok
metrology,8,row,default.mixed,True,3,30,1857.1746333424624,114.94190463890573,1861.2527000077534,1714.4054000091273,13441.455166670494,283.37045640616265,0.1381676768113264,0.0,0.0,nan,1.0,ok
metrology,8,column,default.mixed,True,3,30,1995.091700014503,48.38425546509602,1963.5435000236612,1958.2817000045907,13441.455166670494,283.37045640616265,0.14842825239350152,0.0,0.0,nan,1.0,ok
metrology,8,batch,default.mixed,True,3,30,1963.0011333307873,80.72037116065769,2004.674600000726,1850.1255000010133,13441.455166670494,283.37045640616265,0.14604081991050014,0.0,0.0,nan,1.0,ok
metrology,8,hybrid,default.mixed,True,3,30,1862.5689333421178,67.33846255539675,1887.5136999995448,1770.5037000123411,13441.455166670494,283.37045640616265,0.13856899496719327,0.0,0.0,nan,1.0,ok
metrology,8,layer-parallel,default.mixed,True,3,30,1919.3514666791696,137.57931150450926,1834.7177000250667,1809.9451000161935,13441.455166670494,283.37045640616265,0.14279342845545503,0.0,0.0,nan,1.0,ok
metrology,10,sequential,default.mixed,True,2,30,11854.151499996078,11.07860000047367,11854.151499996078,11843.072899995605,216373.17710000207,460.4280999919865,0.05478567934747936,0.0,0.0,nan,1.0,ok
metrology,10,row,default.mixed,True,2,30,11821.68009999441,29.553300002589822,11821.68009999441,11792.12679999182,216373.17710000207,460.4280999919865,0.054635608065831266,0.0,0.0,nan,1.0,ok
metrology,10,column,default.mixed,True,2,30,11807.030399999348,176.1677000031341,11807.030399999348,11630.862699996214,216373.17710000207,460.4280999919865,0.054567902353915364,0.0,0.0,nan,1.0,ok
metrology,10,batch,default.mixed,True,2,30,11786.663599996245,145.52639999601524,11786.663599996245,11641.13720000023,216373.17710000207,460.4280999919865,0.05447377423565193,0.0,0.0,nan,1.0,ok
metrology,10,hybrid,default.mixed,True,2,30,11631.433600006858,139.9301000055857,11631.433600006858,11491.503500001272,216373.17710000207,460.4280999919865,0.053756356291016195,0.0,0.0,nan,1.0,ok
metrology,10,layer-parallel,default.mixed,True,2,30,11697.276549981325,145.94714999839198,11697.276549981325,11551.329399982933,216373.17710000207,460.4280999919865,0.05406065902787547,0.0,0.0,nan,1.0,ok
metrology,12,sequential,default.mixed,True,2,30,41122.85320000956,301.5351000067312,41122.85320000956,40821.31810000283,3622043.137099987,4473.070099993609,0.011353496257069662,0.0,0.0,nan,1.0,ok
metrology,12,row,default.mixed,True,2,30,40826.89154999389,2.264049995574169,40826.89154999389,40824.627499998314,3622043.137099987,4473.070099993609,0.011271785013218317,0.0,0.0,nan,1.0,ok
metrology,12,column,default.mixed,True,2,30,40557.179199997336,283.2496000046376,40557.179199997336,40273.9295999927,3622043.137099987,4473.070099993609,0.01119732086693747,0.0,0.0,nan,1.0,ok
metrology,12,batch,default.mixed,True,2,30,40630.28149999445,191.67590001598,40630.28149999445,40438.60559997847,3622043.137099987,4473.070099993609,0.01121750348134323,0.0,0.0,nan,1.0,ok
metrology,12,hybrid,default.mixed,True,2,30,40650.41759998712,49.866500005009584,40650.41759998712,40600.55109998211,3622043.137099987,4473.070099993609,0.011223062802210068,0.0,0.0,nan,1.0,ok
metrology,12,layer-parallel,default.mixed,True,2,30,41035.21434999129,2.9022499948041514,41035.21434999129,41032.31209999649,3622043.137099987,4473.070099993609,0.011329300286259543,0.0,0.0,nan,1.0,ok
metrology,14,sequential,default.mixed,True,2,30,495902.1207000187,2429.598899994744,495902.1207000187,493472.52180002397,61019826.43770002,18787.870800007135,0.008126901527757122,0.0,0.0,nan,1.0,ok
metrology,14,row,default.mixed,True,2,30,500686.46314999205,2037.2545499994885,500686.46314999205,498649.20859999256,61019826.43770002,18787.870800007135,0.008205307887284513,0.0,0.0,nan,1.0,ok
metrology,14,column,default.mixed,True,2,30,500830.4727499781,6602.070749999257,500830.4727499781,494228.4019999788,61019826.43770002,18787.870800007135,0.008207667933328451,0.008192000000008193,0.0,nan,1.0,ok
metrology,14,batch,default.mixed,True,2,30,494791.09129999415,6560.012800007826,494791.09129999415,488231.0784999863,61019826.43770002,18787.870800007135,0.00810869384896015,0.0,0.0,nan,1.0,ok
metrology,14,hybrid,default.mixed,True,2,30,502845.6191000005,1163.9125999936368,502845.6191000005,501681.70650000684,61019826.43770002,18787.870800007135,0.008240692385669032,0.0,0.0,nan,1.0,ok
metrology,14,layer-parallel,default.mixed,True,2,30,501884.49489997583,2413.0626999831293,501884.49489997583,499471.4321999927,61019826.43770002,18787.870800007135,0.0082249413706935,0.0,0.0,nan,1.0,ok
metrology,16,sequential,default.mixed,True,1,30,1605786.3143999712,0.0,1605786.3143999712,1605786.3143999712,158.72790000867099,0.0,10116.597739353008,0.0,0.0,nan,1.0,ok
metrology,16,row,default.mixed,True,1,30,1629443.669100001,0.0,1629443.669100001,1629443.669100001,158.72790000867099,0.0,10265.641194843425,0.0,0.0,nan,1.0,ok
metrology,16,column,default.mixed,True,1,30,1589646.0809999844,0.0,1589646.0809999844,1589646.0809999844,158.72790000867099,0.0,10014.91282196227,0.0,0.0,nan,1.0,ok
metrology,16,batch,default.mixed,True,1,30,1598460.5904000346,0.0,1598460.5904000346,1598460.5904000346,158.72790000867099,0.0,10070.445021402751,0.0,0.0,nan,1.0,ok
metrology,16,hybrid,default.mixed,True,1,30,1576886.1407000222,0.0,1576886.1407000222,1576886.1407000222,158.72790000867099,0.0,9934.524054144735,0.0,0.0,nan,1.0,ok
metrology,16,layer-parallel,default.mixed,True,1,30,1581788.525800046,0.0,1581788.525800046,1581788.525800046,158.72790000867099,0.0,9965.409519773373,0.0,0.0,nan,1.0,ok
uccsd_vqe,1,sequential,default.mixed,True,3,30,1113.2256999844685,96.6096273690005,1179.5855999807827,976.6174999531358,34.370866662357,0.17346685505196496,32.38864212881993,0.0,0.0,nan,1.0,ok
uccsd_vqe,1,row,default.mixed,True,3,30,1297.0184999867342,51.11015191505115,1325.4447999643162,1225.2524999785237,34.370866662357,0.17346685505196496,37.73598474335911,0.0,0.0,nan,1.0,ok
uccsd_vqe,1,column,default.mixed,True,3,30,1173.2020333292894,119.03726635196517,1134.3860999913886,1050.7481000386178,34.370866662357,0.17346685505196496,34.13361801010916,0.0,0.0,nan,1.0,ok
uccsd_vqe,1,batch,default.mixed,True,3,30,1250.9686333166126,8.103743788650606,1251.2189999688417,1240.920800017193,34.370866662357,0.17346685505196496,36.39619115821348,0.0,0.0,nan,1.0,ok
uccsd_vqe,1,hybrid,default.mixed,True,3,30,1190.2267333352938,75.65326190489156,1137.1128000319004,1136.351699999068,34.370866662357,0.17346685505196496,34.62894156925147,0.0,0.0,nan,1.0,ok
uccsd_vqe,1,layer-parallel,default.mixed,True,3,30,1174.774399997356,50.94711598380973,1176.4346999698319,1111.5636000176892,34.370866662357,0.17346685505196496,34.17936508665258,0.0,0.0,nan,1.0,ok
uccsd_vqe,2,sequential,default.mixed,True,3,30,1241.5040333289653,20.30649501862997,1239.6617999766022,1217.6061000209302,56.724333320744336,0.059419677720742345,21.886621854309954,0.0,0.0,nan,1.0,ok
uccsd_vqe,2,row,default.mixed,True,3,30,1212.697099991298,40.93243402403274,1214.641499973368,1161.621399980504,56.724333320744336,0.059419677720742345,21.37878100980359,0.0,0.0,nan,1.0,ok
uccsd_vqe,2,column,default.mixed,True,3,30,1140.8556666768466,34.63605366836314,1162.1357999974862,1092.0076000038534,56.724333320744336,0.059419677720742345,20.112279861024486,0.0,0.0,nan,1.0,ok
uccsd_vqe,2,batch,default.mixed,True,3,30,1273.3918999826226,86.43421284592723,1213.421099993866,1211.13339997828,56.724333320744336,0.059419677720742345,22.44877683766338,0.0,0.0,nan,1.0,ok
uccsd_vqe,2,hybrid,default.mixed,True,3,30,1328.3250999908585,60.85656900331459,1333.0723000108264,1251.5311999595724,56.724333320744336,0.059419677720742345,23.417200736056675,0.0,0.0,nan,1.0,ok
uccsd_vqe,2,layer-parallel,default.mixed,True,3,30,1299.6307333620887,48.16426266408359,1297.4756000330672,1241.7489000363275,56.724333320744336,0.059419677720742345,22.911344343412637,0.0,0.0,nan,1.0,ok
uccsd_vqe,3,sequential,default.mixed,True,3,30,1270.9739666897804,15.946391565233261,1280.756600026507,1248.485599993728,82.02900000226994,0.19903166697263922,15.494202863068054,0.0,0.0,nan,1.0,ok
uccsd_vqe,3,row,default.mixed,True,3,30,1255.9936333370085,9.437773207591803,1251.0409000096843,1247.7363999933004,82.02900000226994,0.19903166697263922,15.311580456939035,0.0,0.0,nan,1.0,ok
uccsd_vqe,3,column,default.mixed,True,3,30,1298.5416999824035,74.56953657103487,1343.8329999917187,1193.4190999600105,82.02900000226994,0.19903166697263922,15.830275877390555,0.0,0.0,nan,1.0,ok
uccsd_vqe,3,batch,default.mixed,True,3,30,1197.4143999977969,65.36161486897407,1153.805200010538,1148.636500001885,82.02900000226994,0.19903166697263922,14.597452120160694,0.0,0.0,nan,1.0,ok
uccsd_vqe,3,hybrid,default.mixed,True,3,30,1273.8329666705492,53.288982618765175,1236.6921000066213,1235.614400007762,82.02900000226994,0.19903166697263922,15.529056390243685,0.0,0.0,nan,1.0,ok
uccsd_vqe,3,layer-parallel,default.mixed,True,3,30,1265.9575000094871,80.51167144374902,1227.5699999881908,1192.3181000165641,82.02900000226994,0.19903166697263922,15.433048068054653,0.0,0.0,nan,1.0,ok
uccsd_vqe,4,sequential,default.mixed,True,3,30,1322.7343666755285,49.6094276249569,1339.5911999978125,1255.326899990905,133.5622999855938,1.2619955918025245,9.903500964105891,0.0,0.0,nan,1.0,ok
uccsd_vqe,4,row,default.mixed,True,3,30,1263.2592999919627,24.745744807757955,1264.159300015308,1232.512099959422,133.5622999855938,1.2619955918025245,9.458202652456714,0.0,0.0,nan,1.0,ok
uccsd_vqe,4,column,default.mixed,True,3,30,1263.4687999961898,30.281237687539555,1277.9519999749027,1221.3257999974303,133.5622999855938,1.2619955918025245,9.45977120888506,0.0,0.0,nan,1.0,ok
uccsd_vqe,4,batch,default.mixed,True,3,30,1298.8769333266343,71.8572506628153,1348.360000003595,1197.2668999806046,133.5622999855938,1.2619955918025245,9.724876956047725,0.0,0.0,nan,1.0,ok
uccsd_vqe,4,hybrid,default.mixed,True,3,30,1271.909833342458,90.4247068389904,1224.5132999960333,1192.7484000334516,133.5622999855938,1.2619955918025245,9.522970430126223,0.0,0.0,nan,1.0,ok
uccsd_vqe,4,layer-parallel,default.mixed,True,3,30,1284.835233333676,109.24255940117176,1312.7223000046797,1139.2952000023797,133.5622999855938,1.2619955918025245,9.619744744379663,0.0,0.0,nan,1.0,ok
uccsd_vqe,5,sequential,default.mixed,True,3,30,1371.5397999815953,24.055634410946276,1377.738299954217,1339.4717000192031,287.8581333400992,1.847056629058424,4.764637997430302,0.0,0.0,nan,1.0,ok
uccsd_vqe,5,row,default.mixed,True,3,30,1360.7981000095606,52.71715350289314,1325.1406000345014,1321.9253999996,287.8581333400992,1.847056629058424,4.7273220465228345,0.0,0.0,nan,1.0,ok
uccsd_vqe,5,column,default.mixed,True,3,30,1330.4741000174545,165.90272162164942,1372.4848999991082,1109.5640000421554,287.8581333400992,1.847056629058424,4.621978488429658,0.0,0.0,nan,1.0,ok
uccsd_vqe,5,batch,default.mixed,True,3,30,1421.8733999878168,70.74799257621258,1459.4067999860272,1322.786399978213,287.8581333400992,1.847056629058424,4.939493574454257,0.0,0.0,nan,1.0,ok
uccsd_vqe,5,hybrid,default.mixed,True,3,30,1328.1861666861612,57.87975398116036,1353.0478000175208,1248.2163000386208,287.8581333400992,1.847056629058424,4.614030360284916,0.0,0.0,nan,1.0,ok
uccsd_vqe,5,layer-parallel,default.mixed,True,3,30,1383.9507000132774,37.763237409333165,1358.6489000008442,1355.871300038416,287.8581333400992,1.847056629058424,4.807752638269784,0.0,0.0,nan,1.0,ok
uccsd_vqe,6,sequential,default.mixed,True,3,30,1392.34236664682,30.144874838904684,1379.708499996923,1363.3979999576695,871.5713000080237,1.1308448938995748,1.5975082780192533,0.0,0.0,nan,1.0,ok
uccsd_vqe,6,row,default.mixed,True,3,30,1441.2745333393104,96.97523844101993,1406.0252999770455,1344.1193000180647,871.5713000080237,1.1308448938995748,1.6536507493145334,0.0,0.0,nan,1.0,ok
uccsd_vqe,6,column,default.mixed,True,3,30,1450.1666333526373,124.6096503543217,1460.0299000157975,1292.8592000389472,871.5713000080237,1.1308448938995748,1.6638531274943162,0.0,0.0,nan,1.0,ok
uccsd_vqe,6,batch,default.mixed,True,3,30,1406.3768333289772,7.644628825781942,1408.3129999926314,1396.197399997618,871.5713000080237,1.1308448938995748,1.6136107663435337,0.0,0.0,nan,1.0,ok
uccsd_vqe,6,hybrid,default.mixed,True,3,30,1519.947800009201,102.53350822651096,1582.092399999965,1375.4153000190854,871.5713000080237,1.1308448938995748,1.7439167627424266,0.0,0.0,nan,1.0,ok
uccsd_vqe,6,layer-parallel,default.mixed,True,3,30,1443.497200011431,156.91767572141973,1477.6812000200152,1236.5148999961093,871.5713000080237,1.1308448938995748,1.6562009327270668,0.0,0.0,nan,1.0,ok
uccsd_vqe,8,sequential,default.mixed,True,3,30,1869.9219333357178,54.90784079246486,1886.1390000092797,1796.0481999907643,13032.394633356793,16.23603195264059,0.14348260514990838,0.0,0.0,nan,1.0,ok
uccsd_vqe,8,row,default.mixed,True,3,30,1948.82253332374,36.61432539257203,1948.8520000013523,1903.9646000019275,13032.394633356793,16.23603195264059,0.1495367956657537,0.0,0.0,nan,1.0,ok
uccsd_vqe,8,column,default.mixed,True,3,30,1919.1032666713,37.58968148033595,1918.1048999889754,1873.5728000174277,13032.394633356793,16.23603195264059,0.14725638078510142,0.0,0.0,nan,1.0,ok
uccsd_vqe,8,batch,default.mixed,True,3,30,1901.2064333461847,50.238904115111765,1933.056200039573,1830.28049999848,13032.394633356793,16.23603195264059,0.1458831233118119,0.0,0.0,nan,1.0,ok
uccsd_vqe,8,hybrid,default.mixed,True,3,30,1917.9567333388452,85.17090802660972,1968.047000002116,1798.0467000161298,13032.394633356793,16.23603195264059,0.14716840513943455,0.0,0.0,nan,1.0,ok
uccsd_vqe,8,layer-parallel,default.mixed,True,3,30,1963.1762666782986,26.39102665359443,1966.7573000187986,1929.212599992752,13032.394633356793,16.23603195264059,0.1506381844556404,0.0,0.0,nan,1.0,ok
uccsd_vqe,10,sequential,default.mixed,True,2,30,11896.341699990444,225.99949996219948,11896.341699990444,11670.342200028244,216996.13035001676,465.5192499922123,0.054822828779488075,0.0,0.0,nan,1.0,ok
uccsd_vqe,10,row,default.mixed,True,2,30,11749.64359999285,43.29949998646043,11749.64359999285,11706.34410000639,216996.13035001676,465.5192499922123,0.05414678861342167,0.0,0.0,nan,1.0,ok
uccsd_vqe,10,column,default.mixed,True,2,30,11854.015799966874,89.90140000241809,11854.015799966874,11764.114399964456,216996.13035001676,465.5192499922123,0.05462777507067171,0.0,0.0,nan,1.0,ok
uccsd_vqe,10,batch,default.mixed,True,2,30,11804.40674998681,263.3788499806542,11804.40674998681,11541.027900006156,216996.13035001676,465.5192499922123,0.05439915786030928,0.0,0.0,nan,1.0,ok
uccsd_vqe,10,hybrid,default.mixed,True,2,30,11759.195049991831,72.01215001987293,11759.195049991831,11687.182899971958,216996.13035001676,465.5192499922123,0.05419080529696148,0.0,0.0,nan,1.0,ok
uccsd_vqe,10,layer-parallel,default.mixed,True,2,30,11628.6985000188,42.3919000022579,11628.6985000188,11586.306600016542,216996.13035001676,465.5192499922123,0.053589427983170033,0.0,0.0,nan,1.0,ok
uccsd_vqe,12,sequential,default.mixed,True,2,30,40642.63655000832,146.73095004400238,40642.63655000832,40495.90559996432,3620813.2160000093,4255.192799988436,0.011224726083746214,0.0,0.0,nan,1.0,ok
uccsd_vqe,12,row,default.mixed,True,2,30,40243.919400003506,245.0642999901902,40243.919400003506,39998.855100013316,3620813.2160000093,4255.192799988436,0.01111460796214775,0.0,0.0,nan,1.0,ok
uccsd_vqe,12,column,default.mixed,True,2,30,40541.829800000414,383.73980001779273,40541.829800000414,40158.08999998262,3620813.2160000093,4255.192799988436,0.01119688516956637,0.0,0.0,nan,1.0,ok
uccsd_vqe,12,batch,default.mixed,True,2,30,40222.26049998426,62.925900012487546,40222.26049998426,40159.33459997177,3620813.2160000093,4255.192799988436,0.011108626184373757,0.0,0.0,nan,1.0,ok
uccsd_vqe,12,hybrid,default.mixed,True,2,30,40899.1624499904,149.33335001114756,40899.1624499904,40749.82909997925,3620813.2160000093,4255.192799988436,0.011295573676449564,0.0,0.0,nan,1.0,ok
uccsd_vqe,12,layer-parallel,default.mixed,True,2,30,40133.55829997454,145.2802999992855,40133.55829997454,39988.27799997525,3620813.2160000093,4255.192799988436,0.011084128317536067,0.0,0.0,nan,1.0,ok
uccsd_vqe,14,sequential,default.mixed,True,2,30,507996.08635000186,2919.8490499984473,507996.08635000186,505076.2373000034,60888636.82624997,20835.658349998295,0.008343035955946996,0.0,0.0,nan,1.0,ok
uccsd_vqe,14,row,default.mixed,True,2,30,508443.05474997964,1302.004350000061,508443.05474997964,507141.0503999796,60888636.82624997,20835.658349998295,0.008350376708233062,0.0,0.0,nan,1.0,ok
uccsd_vqe,14,column,default.mixed,True,2,30,503893.4076500009,2398.818449990358,503893.4076500009,501494.5892000105,60888636.82624997,20835.658349998295,0.008275655917341298,0.0,0.0,nan,1.0,ok
uccsd_vqe,14,batch,default.mixed,True,2,30,497583.63624999765,500.1348500372842,497583.63624999765,497083.50139996037,60888636.82624997,20835.658349998295,0.008172027855868865,0.0,0.0,nan,1.0,ok
uccsd_vqe,14,hybrid,default.mixed,True,2,30,492837.0287500147,4866.627450013766,492837.0287500147,487970.40130000096,60888636.82624997,20835.658349998295,0.008094072300491141,0.0,0.0,nan,1.0,ok
uccsd_vqe,14,layer-parallel,default.mixed,True,2,30,496888.47100001294,30.780000030063093,496888.47100001294,496857.6909999829,60888636.82624997,20835.658349998295,0.008160610861069518,0.0,0.0,nan,1.0,ok
uccsd_vqe,16,sequential,default.mixed,True,1,30,1567003.8891999866,0.0,1567003.8891999866,1567003.8891999866,158.37999997893348,0.0,9893.95055820443,0.0,0.0,nan,1.0,ok
uccsd_vqe,16,row,default.mixed,True,1,30,1572355.580500036,0.0,1572355.580500036,1572355.580500036,158.37999997893348,0.0,9927.740754572415,0.0,0.0,nan,1.0,ok
uccsd_vqe,16,column,default.mixed,True,1,30,1568852.7610000456,0.0,1568852.7610000456,1568852.7610000456,158.37999997893348,0.0,9905.6242026059,0.0,0.0,nan,1.0,ok
uccsd_vqe,16,batch,default.mixed,True,1,30,1563834.812999994,0.0,1563834.812999994,1563834.812999994,158.37999997893348,0.0,9873.941237580526,0.0,0.0,nan,1.0,ok
uccsd_vqe,16,hybrid,default.mixed,True,1,30,1564196.5105999843,0.0,1564196.5105999843,1564196.5105999843,158.37999997893348,0.0,9876.224970375313,0.0,0.0,nan,1.0,ok
uccsd_vqe,16,layer-parallel,default.mixed,True,1,30,1566242.2881000093,0.0,1566242.2881000093,1566242.2881000093,158.37999997893348,0.0,9889.14186329296,0.0,0.0,nan,1.0,ok
portfolio_opt,1,sequential,lightning.qubit,False,3,30,1020.7026666612364,98.32293442176864,957.9453999758698,944.6231999900192,21.033600011530023,0.06364386138069426,48.527245269555195,0.0,0.0,nan,1.0,ok
portfolio_opt,1,row,lightning.qubit,False,3,30,1143.9674000139348,98.04195665281522,1093.1769000017084,1057.6327000162564,21.033600011530023,0.06364386138069426,54.387617877436305,0.0,0.0,nan,1.0,ok
portfolio_opt,1,column,lightning.qubit,False,3,30,1162.0453000068665,28.81115116832016,1170.248900016304,1123.379800003022,21.033600011530023,0.06364386138069426,55.24709509403365,0.0,0.0,nan,1.0,ok
portfolio_opt,1,batch,lightning.qubit,False,3,30,1142.0207666815259,63.82026620950533,1126.7892000032589,1072.5941000273451,21.033600011530023,0.06364386138069426,54.29506913013,0.0,0.0,nan,1.0,ok
portfolio_opt,1,hybrid,lightning.qubit,False,3,30,1185.9212333220057,93.580995882382,1152.3095999727957,1091.872200020589,21.033600011530023,0.06364386138069426,56.38222808610591,0.0,0.0,nan,1.0,ok
portfolio_opt,1,layer-parallel,lightning.qubit,False,3,30,1094.377200002782,89.09934583967309,1096.3158999802545,984.2968000448309,21.033600011530023,0.06364386138069426,52.02995204828824,0.0,0.0,nan,1.0,ok
portfolio_opt,2,sequential,lightning.qubit,False,3,30,1170.5504333367571,17.885832335676255,1159.4388000085019,1156.4275000127964,25.30353332015996,0.13653457994577234,46.26035496806093,0.0,0.0,nan,1.0,ok
portfolio_opt,2,row,lightning.qubit,False,3,30,1196.796166652348,88.9123833580236,1140.998299990315,1127.1088999928907,25.30353332015996,0.13653457994577234,47.29759087434759,0.0,0.0,nan,1.0,ok
portfolio_opt,2,column,lightning.qubit,False,3,30,1209.5664999991034,75.1322685053289,1261.7477999883704,1103.3189999870956,25.30353332015996,0.13653457994577234,47.80227665024992,0.0,0.0,nan,1.0,ok
portfolio_opt,2,batch,lightning.qubit,False,3,30,1175.4302333380717,36.708243000096594,1189.0676000039093,1125.232300022617,25.30353332015996,0.13653457994577234,46.45320550555589,0.0,0.0,nan,1.0,ok
portfolio_opt,2,hybrid,lightning.qubit,False,3,30,1100.8944333298132,81.55229545517389,1127.1053000236861,990.5218000058085,25.30353332015996,0.13653457994577234,43.50753783672982,0.0,0.0,nan,1.0,ok
portfolio_opt,2,layer-parallel,lightning.qubit,False,3,30,1162.216000026092,63.221848657074645,1117.6248000119813,1117.3981000320055,25.30353332015996,0.13653457994577234,45.93097672648449,0.0,0.0,nan,1.0,ok
portfolio_opt,3,sequential,lightning.qubit,False,3,30,1132.943766657263,59.6496923939325,1155.7157000061125,1051.2142999796197,27.934900019317865,0.14454896382893764,40.556571381096646,0.0,0.0,nan,1.0,ok
portfolio_opt,3,row,lightning.qubit,False,3,30,1163.8995000200036,88.1660837579064,1225.1136000268161,1039.2206000396982,27.934900019317865,0.14454896382893764,41.66470970775376,0.0,0.0,nan,1.0,ok
portfolio_opt,3,column,lightning.qubit,False,3,30,1219.8269000121702,41.30359594363985,1201.381399994716,1181.0517000267282,27.934900019317865,0.14454896382893764,43.66677164294919,0.0,0.0,nan,1.0,ok
portfolio_opt,3,batch,lightning.qubit,False,3,30,1133.1118666566908,54.07130903264249,1128.5556000075303,1069.2840999690816,27.934900019317865,0.14454896382893764,40.56258894333283,0.0,0.0,nan,1.0,ok
portfolio_opt,3,hybrid,lightning.qubit,False,3,30,1079.0271999818895,21.534325307561417,1070.5542999785393,1057.930899958592,27.934900019317865,0.14454896382893764,38.62649228154417,0.0,0.0,nan,1.0,ok
portfolio_opt,3,layer-parallel,lightning.qubit,False,3,30,1126.5930666704662,19.55721482389652,1114.069200004451,1111.4986999891698,27.934900019317865,0.14454896382893764,40.329232103619184,0.0,0.0,nan,1.0,ok
portfolio_opt,4,sequential,lightning.qubit,False,3,30,1122.9228333298427,36.725278168597924,1121.5142000000924,1078.6646000342444,30.327666667290032,0.08595026955597111,37.02635107569859,0.0,0.0,nan,1.0,ok
portfolio_opt,4,row,lightning.qubit,False,3,30,1203.6265666635397,122.95004369605762,1118.5488000046462,1114.8398999939673,30.327666667290032,0.08595026955597111,39.687410834072296,0.0,0.0,nan,1.0,ok
portfolio_opt,4,column,lightning.qubit,False,3,30,1224.6195333039698,14.318142093199056,1232.627399964258,1204.509099945426,30.327666667290032,0.08595026955597111,40.3796159704164,0.0,0.0,nan,1.0,ok
portfolio_opt,4,batch,lightning.qubit,False,3,30,1151.3688999887866,63.64010296398905,1115.2878000284545,1098.0041999719106,30.327666667290032,0.08595026955597111,37.96430871586299,0.0,0.0,nan,1.0,ok
portfolio_opt,4,hybrid,lightning.qubit,False,3,30,1148.6466000011812,8.849712963973795,1151.742700021714,1136.596800002735,30.327666667290032,0.08595026955597111,37.87454579352972,0.0,0.0,nan,1.0,ok
portfolio_opt,4,layer-parallel,lightning.qubit,False,3,30,1160.4837999911979,46.2151514889332,1191.3929999573156,1095.157100004144,30.327666667290032,0.08595026955597111,38.26485607093671,0.0,0.0,nan,1.0,ok
portfolio_opt,5,sequential,lightning.qubit,False,3,30,1173.3520333267127,113.52230268523773,1236.029299965594,1014.0109000494704,32.58986668273186,0.0347419508534873,36.0035849409727,0.0,0.0,nan,1.0,ok
portfolio_opt,5,row,lightning.qubit,False,3,30,1172.5546333473176,65.89922528209269,1155.511100019794,1101.7278000363149,32.58986668273186,0.0347419508534873,35.979117213407015,0.0,0.0,nan,1.0,ok
portfolio_opt,5,column,lightning.qubit,False,3,30,1100.7365999976173,103.2300656775469,1039.6654999931343,1016.4357000030577,32.58986668273186,0.0347419508534873,33.77542506428405,0.0,0.0,nan,1.0,ok
portfolio_opt,5,batch,lightning.qubit,False,3,30,1177.7535666478798,77.581415897456,1212.9696999909356,1070.1555999694392,32.58986668273186,0.0347419508534873,36.13864328177589,0.0,0.0,nan,1.0,ok
portfolio_opt,5,hybrid,lightning.qubit,False,3,30,1237.8758333506994,74.3723811781116,1193.6354000354186,1177.3585000191815,32.58986668273186,0.0347419508534873,37.98345803011839,0.0,0.0,nan,1.0,ok
portfolio_opt,5,layer-parallel,lightning.qubit,False,3,30,1176.3055999957335,23.50659904805954,1181.4978999900632,1145.2732000034302,32.58986668273186,0.0347419508534873,36.094213316282556,0.0,0.0,nan,1.0,ok
portfolio_opt,6,sequential,lightning.qubit,False,3,30,1255.4144999788452,69.57089948459505,1243.9906999934465,1176.4960999717005,35.357666648148246,0.7124835546519883,35.5061467282823,0.0,0.0,nan,1.0,ok
portfolio_opt,6,row,lightning.qubit,False,3,30,1242.8290333288412,93.94840570852014,1242.9838000098243,1127.6888999855146,35.357666648148246,0.7124835546519883,35.15019940926817,0.0,0.0,nan,1.0,ok
portfolio_opt,6,column,lightning.qubit,False,3,30,1217.4278000020422,31.283811613970716,1200.3899000119418,1190.587199991569,35.357666648148246,0.7124835546519883,34.431791331620616,0.0,0.0,nan,1.0,ok
portfolio_opt,6,batch,lightning.qubit,False,3,30,1241.0367000071953,96.74775275331207,1200.3535000258125,1148.2462999993004,35.357666648148246,0.7124835546519883,35.09950790466517,0.0,0.0,nan,1.0,ok
portfolio_opt,6,hybrid,lightning.qubit,False,3,30,1216.8693333514966,65.39470625425542,1190.0388000067323,1153.6374000133947,35.357666648148246,0.7124835546519883,34.41599654923005,0.0,0.0,nan,1.0,ok
portfolio_opt,6,layer-parallel,lightning.qubit,False,3,30,1186.7216000100598,43.2654017761697,1194.76179999765,1130.1719000330195,35.357666648148246,0.7124835546519883,33.56334601543088,0.0,0.0,nan,1.0,ok
portfolio_opt,8,sequential,lightning.qubit,False,3,30,1528.2431333519828,39.29680549745083,1528.280700033065,1480.09580001235,39.448733325116336,0.1527590515813426,38.73997983045444,0.0,0.0,nan,1.0,ok
portfolio_opt,8,row,lightning.qubit,False,3,30,1362.7366333384998,28.35698056824577,1351.5405000071041,1334.9856000277214,39.448733325116336,0.1527590515813426,34.54449657755851,0.0,0.0,nan,1.0,ok
portfolio_opt,8,column,lightning.qubit,False,3,30,1434.4054999916505,44.67666306910357,1409.540799970273,1396.5356000117026,39.448733325116336,0.1527590515813426,36.36125622006699,0.0,0.0,nan,1.0,ok
portfolio_opt,8,batch,lightning.qubit,False,3,30,1426.9114666385576,19.27997537278429,1432.5596999842674,1400.9864999679849,39.448733325116336,0.1527590515813426,36.17128729783745,0.0,0.0,nan,1.0,ok
portfolio_opt,8,hybrid,lightning.qubit,False,3,30,1351.3372999926407,43.520265908537525,1359.8121000104584,1294.3063999991864,39.448733325116336,0.1527590515813426,34.25553081402153,0.0,0.0,nan,1.0,ok
portfolio_opt,8,layer-parallel,lightning.qubit,False,3,30,1389.2037666713197,33.68070482271355,1403.0067000421695,1342.8219999768771,39.448733325116336,0.1527590515813426,35.2154213729047,0.0,0.0,nan,1.0,ok
portfolio_opt,10,sequential,lightning.qubit,False,2,30,2784.148599981563,113.11220002244227,2784.148599981563,2671.036399959121,44.41194998798892,0.08804997196421027,62.689177141164215,0.0,0.0,nan,1.0,ok
portfolio_opt,10,row,lightning.qubit,False,2,30,2721.0641999845393,39.63720001047477,2721.0641999845393,2681.4269999740645,44.41194998798892,0.08804997196421027,61.26873962346718,0.0,0.0,nan,1.0,ok
portfolio_opt,10,column,lightning.qubit,False,2,30,2822.680150013184,4.550449986709282,2822.680150013184,2818.129700026475,44.41194998798892,0.08804997196421027,63.55677133691652,0.0,0.0,nan,1.0,ok
portfolio_opt,10,batch,lightning.qubit,False,2,30,2803.234800026985,79.09330000984482,2803.234800026985,2724.14150001714,44.41194998798892,0.08804997196421027,63.118930845979776,0.0,0.0,nan,1.0,ok
portfolio_opt,10,hybrid,lightning.qubit,False,2,30,2704.8300500027835,76.04585000080988,2704.8300500027835,2628.7842000019737,44.41194998798892,0.08804997196421027,60.90320399654365,0.0,0.0,nan,1.0,ok
portfolio_opt,10,layer-parallel,lightning.qubit,False,2,30,2730.4466999776196,74.07960001728497,2730.4466999776196,2656.3670999603346,44.41194998798892,0.08804997196421027,61.48000033135363,0.0,0.0,nan,1.0,ok
portfolio_opt,12,sequential,lightning.qubit,False,2,30,21128.072600025916,54.82210000627674,21128.072600025916,21073.25050001964,51.83440001565032,0.7458000036422163,407.60716037316405,0.0,0.0,nan,1.0,ok
portfolio_opt,12,row,lightning.qubit,False,2,30,21331.836250028573,22.15834998060018,21331.836250028573,21309.677900047973,51.83440001565032,0.7458000036422163,411.53821098706396,0.0,0.0,nan,1.0,ok
portfolio_opt,12,column,lightning.qubit,False,2,30,21385.511000000406,24.370300001464784,21385.511000000406,21361.14069999894,51.83440001565032,0.7458000036422163,412.57371540026503,0.0,0.0,nan,1.0,ok
portfolio_opt,12,batch,lightning.qubit,False,2,30,21335.191399994073,1.604800025233999,21335.191399994073,21333.58659996884,51.83440001565032,0.7458000036422163,411.6029392363441,0.0,0.0,nan,1.0,ok
portfolio_opt,12,hybrid,lightning.qubit,False,2,30,21369.050300010713,57.504900003550574,21369.050300010713,21311.545400007162,51.83440001565032,0.7458000036422163,412.25615216070355,0.0,0.0,nan,1.0,ok
portfolio_opt,12,layer-parallel,lightning.qubit,False,2,30,21400.685999979032,73.91780000762083,21400.685999979032,21326.76819997141,51.83440001565032,0.7458000036422163,412.86647464844856,0.0,0.0,nan,1.0,ok
portfolio_opt,14,sequential,lightning.qubit,False,2,30,394291.27395001706,178.7227499880828,394291.27395001706,394112.551200029,65.25475002126768,0.16915000742301345,6042.338279152254,0.0,0.0,nan,1.0,ok
portfolio_opt,14,row,lightning.qubit,False,2,30,390891.4350999985,2517.553300014697,390891.4350999985,388373.8817999838,65.25475002126768,0.16915000742301345,5990.237262001617,0.0,0.0,nan,1.0,ok
portfolio_opt,14,column,lightning.qubit,False,2,30,389319.4411000004,976.6688999952748,389319.4411000004,388342.7722000051,65.25475002126768,0.16915000742301345,5966.1471536265835,0.0,0.0,nan,1.0,ok
portfolio_opt,14,batch,lightning.qubit,False,2,30,392326.82414999,3152.7826500241645,392326.82414999,389174.0414999658,65.25475002126768,0.16915000742301345,6012.233960318961,0.0,0.0,nan,1.0,ok
portfolio_opt,14,hybrid,lightning.qubit,False,2,30,388297.5960999902,1418.882300000405,388297.5960999902,386878.7137999898,65.25475002126768,0.16915000742301345,5950.487833811901,0.0,0.0,nan,1.0,ok
portfolio_opt,14,layer-parallel,lightning.qubit,False,2,30,388148.1238499982,322.2247500088997,388148.1238499982,387825.8990999893,65.25475002126768,0.16915000742301345,5948.197238109009,0.0,0.0,nan,1.0,ok
portfolio_opt,16,sequential,lightning.qubit,False,1,30,1481508.0150000285,0.0,1481508.0150000285,1481508.0150000285,118.65040002157912,0.0,12486.3297109035,0.0,1.0526719999999727,0.0,1.0,ok
portfolio_opt,16,row,lightning.qubit,False,1,30,1466247.330199927,0.0,1466247.330199927,1466247.330199927,118.65040002157912,0.0,12357.710803615148,0.0,1.0526719999999727,0.0,1.0,ok
portfolio_opt,16,column,lightning.qubit,False,1,30,1467298.3462000266,0.0,1467298.3462000266,1467298.3462000266,118.65040002157912,0.0,12366.568894273993,0.0,1.0526719999999727,0.0,1.0,ok
portfolio_opt,16,batch,lightning.qubit,False,1,30,1478663.9290000312,0.0,1478663.9290000312,1478663.9290000312,118.65040002157912,0.0,12462.359408237178,0.0,1.0526719999999727,0.0,1.0,ok
portfolio_opt,16,hybrid,lightning.qubit,False,1,30,1477283.1505999202,0.0,1477283.1505999202,1477283.1505999202,118.65040002157912,0.0,12450.7220399699,0.0,1.0526719999999727,0.0,1.0,ok
portfolio_opt,16,layer-parallel,lightning.qubit,False,1,30,1478866.0938999383,0.0,1478866.0938999383,1478866.0938999383,118.65040002157912,0.0,12464.06327859809,0.0,1.0526719999999727,0.0,1.0,ok
portfolio_opt,18,sequential,lightning.qubit,False,1,30,1480183.2901000744,0.0,1480183.2901000744,1480183.2901000744,328.59829999506474,0.0,4504.537272780491,0.0,4.198399999999992,0.0,1.0,ok
portfolio_opt,18,row,lightning.qubit,False,1,30,1476838.4961999254,0.0,1476838.4961999254,1476838.4961999254,328.59829999506474,0.0,4494.358297721279,0.0,4.198399999999992,0.0,1.0,ok
portfolio_opt,18,column,lightning.qubit,False,1,30,1455448.1223999755,0.0,1455448.1223999755,1455448.1223999755,328.59829999506474,0.0,4429.26248377376,0.0,4.198399999999992,0.0,1.0,ok
portfolio_opt,18,batch,lightning.qubit,False,1,30,1469065.159699996,0.0,1469065.159699996,1469065.159699996,328.59829999506474,0.0,4470.7022517221185,0.0,4.198399999999992,0.0,1.0,ok
portfolio_opt,18,hybrid,lightning.qubit,False,1,30,1488315.0614000624,0.0,1488315.0614000624,1488315.0614000624,328.59829999506474,0.0,4529.284118093172,0.0,4.198399999999992,0.0,1.0,ok
portfolio_opt,18,layer-parallel,lightning.qubit,False,1,30,1467669.4644999225,0.0,1467669.4644999225,1467669.4644999225,328.59829999506474,0.0,4466.45483108697,0.0,4.198399999999992,0.0,1.0,ok
portfolio_opt,20,sequential,lightning.qubit,False,1,30,1480874.8852999415,0.0,1480874.8852999415,1480874.8852999415,1258.517700014636,0.0,1176.681810103044,0.0,16.785408000000018,0.0,1.0,ok
portfolio_opt,20,row,lightning.qubit,False,1,30,1527148.0839999858,0.0,1527148.0839999858,1527148.0839999858,1258.517700014636,0.0,1213.4498259199897,0.0,16.785408000000018,0.0,1.0,ok
portfolio_opt,20,column,lightning.qubit,False,1,30,1485976.750300033,0.0,1485976.750300033,1485976.750300033,1258.517700014636,0.0,1180.7356783959033,0.0,16.785408000000018,0.0,1.0,ok
portfolio_opt,20,batch,lightning.qubit,False,1,30,1471918.5189999407,0.0,1471918.5189999407,1471918.5189999407,1258.517700014636,0.0,1169.5652107100464,0.0,16.785408000000018,0.0,1.0,ok
portfolio_opt,20,hybrid,lightning.qubit,False,1,30,1495288.0235000048,0.0,1495288.0235000048,1495288.0235000048,1258.517700014636,0.0,1188.1342816891772,0.0,16.785408000000018,0.0,1.0,ok
portfolio_opt,20,layer-parallel,lightning.qubit,False,1,30,1474205.9308000607,0.0,1474205.9308000607,1474205.9308000607,1258.517700014636,0.0,1171.3827551117608,0.0,16.785408000000018,0.0,1.0,ok
portfolio_opt,22,sequential,lightning.qubit,False,1,30,1546119.5069999667,0.0,1546119.5069999667,1546119.5069999667,6757.523800013587,0.0,228.79971314297967,0.0,67.11705599999996,0.0,1.0,ok
portfolio_opt,22,row,lightning.qubit,False,1,30,1512031.5066999756,0.0,1512031.5066999756,1512031.5066999756,6757.523800013587,0.0,223.75526175681918,0.0,67.11705599999996,0.0,1.0,ok
portfolio_opt,22,column,lightning.qubit,False,1,30,1548610.3202999802,0.0,1548610.3202999802,1548610.3202999802,6757.523800013587,0.0,229.16831166719183,0.0,67.11705599999996,0.0,1.0,ok
portfolio_opt,22,batch,lightning.qubit,False,1,30,1533440.8975999104,0.0,1533440.8975999104,1533440.8975999104,6757.523800013587,0.0,226.92349194490845,0.0,67.11705599999996,0.0,1.0,ok
portfolio_opt,22,hybrid,lightning.qubit,False,1,30,1555054.336400004,0.0,1555054.336400004,1555054.336400004,6757.523800013587,0.0,230.12191779433724,0.0,67.11705599999996,0.0,1.0,ok
portfolio_opt,22,layer-parallel,lightning.qubit,False,1,30,1540848.7973000156,0.0,1540848.7973000156,1540848.7973000156,6757.523800013587,0.0,228.01973665219165,0.0,67.11705599999996,0.0,1.0,ok
qsvm,1,sequential,default.qubit,False,3,30,1128.0728666655098,120.83935129984269,1078.042099950835,1011.5753000136465,23.346466671985883,0.07830298846028978,48.318783416555185,0.006826666666673494,0.0,nan,1.0,ok
qsvm,1,row,default.qubit,False,3,30,1094.7650000064943,26.576883216772245,1080.8563999598846,1071.480100043118,23.346466671985883,0.07830298846028978,46.89210643253933,0.004095999999994622,0.0,nan,1.0,ok
qsvm,1,column,default.qubit,False,3,30,1095.528933336027,36.937927093335226,1091.1183999851346,1052.6562000159174,23.346466671985883,0.07830298846028978,46.92482801479269,0.004096000000004096,0.0,nan,1.0,ok
qsvm,1,batch,default.qubit,False,3,30,1120.8207666641101,62.44411079697596,1132.873099995777,1039.03210000135,23.346466671985883,0.07830298846028978,48.00815397085402,0.0,0.0,nan,1.0,ok
qsvm,1,hybrid,default.qubit,False,3,30,1050.7052000223969,66.68124785630759,1096.9221000559628,956.409800099209,23.346466671985883,0.07830298846028978,45.00489152318578,0.0,0.0,nan,1.0,ok
qsvm,1,layer-parallel,default.qubit,False,3,30,1072.5587333630149,49.88857282360687,1040.639500017278,1034.028199966997,23.346466671985883,0.07830298846028978,45.94094465909096,0.0,0.0,nan,1.0,ok
qsvm,2,sequential,default.qubit,False,3,30,1109.5558000185217,14.560331964246803,1115.2536000590771,1089.5704999566078,31.707566619540255,0.09081270437464113,34.993407514745755,0.0,0.0,nan,1.0,ok
qsvm,2,row,default.qubit,False,3,30,1108.0679000200082,31.932347934688135,1115.8332000486553,1065.65879995469,31.707566619540255,0.09081270437464113,34.946481807189365,0.0,0.0,nan,1.0,ok
qsvm,2,column,default.qubit,False,3,30,1075.5365666700527,82.7753303769391,1022.4564000964165,1011.718999943696,31.707566619540255,0.09081270437464113,33.920501676317144,0.0,0.0,nan,1.0,ok
qsvm,2,batch,default.qubit,False,3,30,1166.9820333287742,18.3970784925344,1179.2269999859855,1140.9793000202626,31.707566619540255,0.09081270437464113,36.80452831122033,0.0,0.0,nan,1.0,ok
qsvm,2,hybrid,default.qubit,False,3,30,1232.2350666703035,39.725835699966815,1213.0738999694586,1196.0789000149816,31.707566619540255,0.09081270437464113,38.86249239671771,0.0013653333333346989,0.0,nan,1.0,ok
qsvm,2,layer-parallel,default.qubit,False,3,30,1149.9858333651598,22.967699431336936,1144.6353000355884,1124.9158000573516,31.707566619540255,0.09081270437464113,36.26849853108766,0.0,0.0,nan,1.0,ok
qsvm,3,sequential,default.qubit,False,3,30,1072.0557999641944,56.780832169821274,1061.8628000374883,1008.1727999495342,38.539600015307464,0.31094746926694766,27.816993418156567,0.0,0.0,nan,1.0,ok
qsvm,3,row,default.qubit,False,3,30,1226.7484333133325,11.996145627621765,1228.3062000060454,1211.3394000334665,38.539600015307464,0.31094746926694766,31.830855349460887,0.0,0.0,nan,1.0,ok
qsvm,3,column,default.qubit,False,3,30,1131.9866999983788,14.565809422833823,1131.9911000318825,1114.1451000003144,38.539600015307464,0.31094746926694766,29.372040694474446,0.0,0.0,nan,1.0,ok
qsvm,3,batch,default.qubit,False,3,30,1194.8031000016879,35.18977513590447,1177.491100039333,1163.0523999920115,38.539600015307464,0.31094746926694766,31.001959011695153,0.0,0.0,nan,1.0,ok
qsvm,3,hybrid,default.qubit,False,3,30,1115.228966732199,46.8892514033079,1116.5042000357062,1057.1746000787243,38.539600015307464,0.31094746926694766,28.937222137470123,0.0,0.0,nan,1.0,ok
qsvm,3,layer-parallel,default.qubit,False,3,30,1162.333833325344,24.501527915560928,1161.327000008896,1132.841799990274,38.539600015307464,0.31094746926694766,30.15946799820649,0.0,0.0,nan,1.0,ok
qsvm,4,sequential,default.qubit,False,3,30,1259.7551666355382,82.42178764244179,1219.9406999861822,1184.7880999557674,44.8442999428759,0.028759673914527512,28.091756772661288,0.0,0.004096000000004096,0.0,1.0,ok
qsvm,4,row,default.qubit,False,3,30,1236.1660666841392,67.7193419892835,1231.8615999538451,1155.4632000625134,44.8442999428759,0.028759673914527512,27.565734513835803,0.0,0.004096000000004096,0.0,1.0,ok
qsvm,4,column,default.qubit,False,3,30,1171.2621999904513,103.09965011721614,1123.7861999543384,1075.6107999477535,44.8442999428759,0.028759673914527512,26.118418650362308,0.0,0.004096000000004096,0.0,1.0,ok
qsvm,4,batch,default.qubit,False,3,30,1135.204033382858,72.65148087778815,1113.7453999835998,1058.9161000680178,44.8442999428759,0.028759673914527512,25.314343959631817,0.0,0.004096000000004096,0.0,1.0,ok
qsvm,4,hybrid,default.qubit,False,3,30,1201.6811000260834,20.375570231651935,1188.9199999859557,1185.6873000506312,44.8442999428759,0.028759673914527512,26.796741203604988,0.0,0.004096000000004096,0.0,1.0,ok
qsvm,4,layer-parallel,default.qubit,False,3,30,1209.2006666352972,85.22005977998799,1240.2722999686375,1092.8204000229016,44.8442999428759,0.028759673914527512,26.964422862562593,0.0,0.004096000000004096,0.0,1.0,ok
qsvm,5,sequential,default.qubit,False,3,30,1128.0065999987225,51.59483161326383,1156.5512999659404,1055.5798000423238,51.20263334053258,0.10791461857825452,22.03024583709799,0.0,0.0027306666666693977,0.0,1.0,ok
qsvm,5,row,default.qubit,False,3,30,1122.7879332921777,56.84845284263213,1117.7442000480369,1055.822099908255,51.20263334053258,0.10791461857825452,21.928323995074024,0.0,0.0027306666666693977,0.0,1.0,ok
qsvm,5,column,default.qubit,False,3,30,1200.713933329098,104.4627256293089,1186.6594000020996,1080.3812999511138,51.20263334053258,0.10791461857825452,23.450237907560886,0.0,0.0027306666666693977,0.0,1.0,ok
qsvm,5,batch,default.qubit,False,3,30,1233.4851666431252,88.12674650904479,1205.5436000227928,1142.270699958317,51.20263334053258,0.10791461857825452,24.0902681399139,0.0,0.0027306666666693977,0.0,1.0,ok
qsvm,5,hybrid,default.qubit,False,3,30,1197.4820333610598,85.24122936586693,1209.396000020206,1087.6374000217766,51.20263334053258,0.10791461857825452,23.387118107714972,0.0,0.0027306666666693977,0.0,1.0,ok
qsvm,5,layer-parallel,default.qubit,False,3,30,1224.4637666347746,33.57948820068553,1240.2713999617845,1177.7789999032393,51.20263334053258,0.10791461857825452,23.914077982889122,0.0,0.0027306666666693977,0.0,1.0,ok
qsvm,6,sequential,default.qubit,False,3,30,1249.3383666345228,99.22022691858022,1302.674499922432,1110.2717999601737,57.68556667802235,0.3203364251062354,21.657728936040925,0.0,0.0013653333333346989,0.0,1.0,ok
qsvm,6,row,default.qubit,False,3,30,1280.1667999786634,90.67469632631528,1316.4449000032619,1155.5111999623477,57.68556667802235,0.3203364251062354,22.192150891470654,0.0,0.0013653333333346989,0.0,1.0,ok
qsvm,6,column,default.qubit,False,3,30,1333.2821666651096,19.90471070204042,1323.6132999882102,1315.2216000016779,57.68556667802235,0.3203364251062354,23.11292483450765,0.0,0.0013653333333346989,0.0,1.0,ok
qsvm,6,batch,default.qubit,False,3,30,1281.2241999975715,28.702971624520053,1272.12740003597,1251.5128999948502,57.68556667802235,0.3203364251062354,22.210481300267883,0.0,0.0013653333333346989,0.0,1.0,ok
qsvm,6,hybrid,default.qubit,False,3,30,1235.2995000158746,51.050592996129055,1247.522299992852,1167.566700023599,57.68556667802235,0.3203364251062354,21.41436014507442,0.0,0.0013653333333346989,0.0,1.0,ok
qsvm,6,layer-parallel,default.qubit,False,3,30,1244.8303666897118,23.27606071171969,1233.8127000257373,1223.4762000152841,57.68556667802235,0.3203364251062354,21.579581139210344,0.0,0.0013653333333346989,0.0,1.0,ok
qsvm,8,sequential,default.qubit,False,3,30,1400.9231000284974,6.506033404334519,1400.2097999909893,1393.3355000335723,72.99916667398065,0.3714054134296937,19.190946470459277,0.0,0.0013653333333346989,0.0,1.0,ok
qsvm,8,row,default.qubit,False,3,30,1303.4892999955143,9.432094550285731,1305.734800058417,1290.9794999286532,72.99916667398065,0.3714054134296937,17.856221644515315,0.0,0.0013653333333346989,0.0,1.0,ok
qsvm,8,column,default.qubit,False,3,30,1427.6246666364993,49.7783609868547,1435.8745999634266,1362.9540000110865,72.99916667398065,0.3714054134296937,19.5567255310238,0.0,0.0013653333333346989,0.0,1.0,ok
qsvm,8,batch,default.qubit,False,3,30,1475.8301333058625,21.075015936420254,1471.932000014931,1452.1893999772146,72.99916667398065,0.3714054134296937,20.2170819277571,0.0,0.0013653333333346989,0.0,1.0,ok
qsvm,8,hybrid,default.qubit,False,3,30,1431.623400033762,27.97598484804273,1451.3734000502154,1392.0594000956044,72.99916667398065,0.3714054134296937,19.611503326161127,0.0,0.0013653333333346989,0.0,1.0,ok
qsvm,8,layer-parallel,default.qubit,False,3,30,1344.0543999507402,87.30952357555492,1396.3502999395132,1221.0390999680385,72.99916667398065,0.3714054134296937,18.411914288739492,0.0,0.0013653333333346989,0.0,1.0,ok
qsvm,10,sequential,default.qubit,False,2,30,2791.5818499750458,21.29454998066649,2791.5818499750458,2770.2872999943793,93.57874997658655,1.0119500220753253,29.831365033979413,0.0,0.006143999999991934,0.0,1.0,ok
qsvm,10,row,default.qubit,False,2,30,2705.774600035511,46.21439997572452,2705.774600035511,2659.5602000597864,93.57874997658655,1.0119500220753253,28.914412734862317,0.0,0.006143999999991934,0.0,1.0,ok
qsvm,10,column,default.qubit,False,2,30,2729.9763499759138,16.089749988168478,2729.9763499759138,2713.8865999877453,93.57874997658655,1.0119500220753253,29.17303715489847,0.0,0.006143999999991934,0.0,1.0,ok
qsvm,10,batch,default.qubit,False,2,30,2644.325450004544,11.526449990924448,2644.325450004544,2632.7990000136197,93.57874997658655,1.0119500220753253,28.25775564074275,0.0,0.006143999999991934,0.0,1.0,ok
qsvm,10,hybrid,default.qubit,False,2,30,2706.9275000249036,27.62170002097264,2706.9275000249036,2679.305800003931,93.57874997658655,1.0119500220753253,28.926732839476678,0.0,0.006143999999991934,0.0,1.0,ok
qsvm,10,layer-parallel,default.qubit,False,2,30,2733.021699998062,76.52850000886247,2733.021699998062,2656.4931999891996,93.57874997658655,1.0119500220753253,29.2055803340167,0.0,0.006143999999991934,0.0,1.0,ok
qae,1,sequential,lightning.qubit,False,3,30,1096.5601333106558,79.20450500894552,1148.9302000263706,984.6250999253243,21.152633319919307,0.1035167050153959,51.84036033367211,0.0,0.0,nan,1.0,ok
qae,1,row,lightning.qubit,False,3,30,1142.2717333383237,43.26609743834734,1117.9474999662489,1105.811000103131,21.152633319919307,0.1035167050153959,54.001396235742114,0.0,0.0,nan,1.0,ok
qae,1,column,lightning.qubit,False,3,30,1176.1704667005688,43.69776697149788,1153.7424999987707,1137.5148000661284,21.152633319919307,0.1035167050153959,55.603973694990316,0.0,0.0,nan,1.0,ok
qae,1,batch,lightning.qubit,False,3,30,1089.202033317027,54.3675002007784,1115.3257000260055,1013.5150999994949,21.152633319919307,0.1035167050153959,51.49250293538309,0.0013653333333346989,0.0,nan,1.0,ok
qae,1,hybrid,lightning.qubit,False,3,30,1082.6468666782603,66.35712512392058,1109.4527000095695,991.3594999816269,21.152633319919307,0.1035167050153959,51.18260456293819,0.0,0.0,nan,1.0,ok
qae,1,layer-parallel,lightning.qubit,False,3,30,1181.75916664768,54.89481400196599,1158.4621999645606,1129.2741999495775,21.152633319919307,0.1035167050153959,55.868181931505646,0.0,0.0,nan,1.0,ok
qae,2,sequential,lightning.qubit,False,3,30,1102.7565666784842,83.9685253867393,1130.6193000636995,988.856100011617,25.66383332790186,0.9296055926270994,42.96928493061718,0.0,0.0,nan,1.0,ok
qae,2,row,lightning.qubit,False,3,30,1159.7446666952844,59.45017145174479,1199.9560999684036,1075.6955000106245,25.66383332790186,0.9296055926270994,45.189845642989106,0.0,0.0,nan,1.0,ok
qae,2,column,lightning.qubit,False,3,30,1101.1120666516945,22.43571195307933,1096.5427999617532,1076.2051000492647,25.66383332790186,0.9296055926270994,42.90520642738743,0.0,0.0,nan,1.0,ok
qae,2,batch,lightning.qubit,False,3,30,1102.393366668063,65.46332247960224,1117.0488999923691,1015.90070000384,25.66383332790186,0.9296055926270994,42.95513271860034,0.0,0.0,nan,1.0,ok
qae,2,hybrid,lightning.qubit,False,3,30,1241.4140333421528,75.49498462499649,1193.018399993889,1183.194400044158,25.66383332790186,0.9296055926270994,48.37212030957514,0.0,0.0,nan,1.0,ok
qae,2,layer-parallel,lightning.qubit,False,3,30,1216.221999997894,62.30039115417701,1208.036799915135,1144.342500017956,25.66383332790186,0.9296055926270994,47.390504156509266,0.0013653333333346989,0.0,nan,1.0,ok
qae,3,sequential,lightning.qubit,False,3,30,1055.6197999976575,20.527373760109715,1046.3803000748158,1036.4060999127105,27.8002666697527,0.19269872817600098,37.97157101180598,0.004096000000004096,0.0,nan,1.0,ok
qae,3,row,lightning.qubit,False,3,30,1136.4220666388671,36.00677381102573,1157.5220000231639,1085.7369999866933,27.8002666697527,0.19269872817600098,40.878099485114625,0.0,0.0,nan,1.0,ok
qae,3,column,lightning.qubit,False,3,30,1098.3140333555639,17.07538922299258,1107.7441000379622,1074.3464999832213,27.8002666697527,0.19269872817600098,39.50732007008241,0.0,0.0,nan,1.0,ok
qae,3,batch,lightning.qubit,False,3,30,1169.7166999801993,83.21747548287215,1163.5244999779388,1071.033800020814,27.8002666697527,0.19269872817600098,42.07573667819801,0.0,0.0,nan,1.0,ok
qae,3,hybrid,lightning.qubit,False,3,30,1172.0574666978791,58.34433478362285,1204.892700072378,1090.0847000302747,27.8002666697527,0.19269872817600098,42.15993611216339,0.0,0.0,nan,1.0,ok
qae,3,layer-parallel,lightning.qubit,False,3,30,1169.4866000519444,66.26623502058257,1178.4878000617027,1084.2020000563934,27.8002666697527,0.19269872817600098,42.067459781757115,0.0,0.0,nan,1.0,ok
qae,4,sequential,lightning.qubit,False,3,30,1283.174733359677,71.24630155912911,1289.8878999985754,1192.7535000722855,30.254866656226415,0.02833543818455425,42.41217612821973,0.0,0.0,nan,1.0,ok
qae,4,row,lightning.qubit,False,3,30,1225.8957999680813,71.475984383809,1246.0846999892965,1130.0252999644727,30.254866656226415,0.02833543818455425,40.51896225150916,0.0,0.0,nan,1.0,ok
qae,4,column,lightning.qubit,False,3,30,1213.7913332941632,5.103431363165867,1213.2029999047518,1207.8559000510722,30.254866656226415,0.02833543818455425,40.11887895874651,0.0,0.0,nan,1.0,ok
qae,4,batch,lightning.qubit,False,3,30,1219.2820666435484,110.18372376085894,1228.5267000552267,1079.950499930419,30.254866656226415,0.02833543818455425,40.30036160786125,0.0,0.0,nan,1.0,ok
qae,4,hybrid,lightning.qubit,False,3,30,1218.0227000111092,36.36809049361987,1230.7734000496566,1168.496199999936,30.254866656226415,0.02833543818455425,40.258736349791235,0.0,0.0,nan,1.0,ok
qae,4,layer-parallel,lightning.qubit,False,3,30,1165.5318333456914,38.80908720851068,1188.847600016743,1110.844900016673,30.254866656226415,0.02833543818455425,38.52378020994604,0.0,0.0,nan,1.0,ok
qae,5,sequential,lightning.qubit,False,3,30,1136.7555666559686,60.135218458488765,1117.791899945587,1074.4415000081062,32.65220004444321,0.10456343948465262,34.81405740221853,0.0,0.0,nan,1.0,ok
qae,5,row,lightning.qubit,False,3,30,1181.6614999746282,43.37874989981735,1184.4711999874562,1127.1844999864697,32.65220004444321,0.10456343948465262,36.189337881253266,0.0,0.0,nan,1.0,ok
qae,5,column,lightning.qubit,False,3,30,1249.1172999919702,46.13887883870383,1261.3879999844357,1187.4817999778315,32.65220004444321,0.10456343948465262,38.25522624177805,0.0,0.0,nan,1.0,ok
qae,5,batch,lightning.qubit,False,3,30,1144.6321999731783,73.21657779134556,1182.4062999803573,1042.2535999678075,32.65220004444321,0.10456343948465262,35.05528565962504,0.0,0.0,nan,1.0,ok
qae,5,hybrid,lightning.qubit,False,3,30,1136.0581667007257,89.74131680869876,1121.2732000276446,1034.2888000886887,32.65220004444321,0.10456343948465262,34.79269896528952,0.0,0.0,nan,1.0,ok
qae,5,layer-parallel,lightning.qubit,False,3,30,1219.4945333370317,58.867717151941214,1197.8990000206977,1160.6623000698164,32.65220004444321,0.10456343948465262,37.34800508624737,0.0,0.0,nan,1.0,ok
qae,6,sequential,lightning.qubit,False,3,30,1278.5566333526124,151.92691891497918,1203.4345000283793,1141.7899000225589,34.865033347159624,0.05674658174302785,36.671602192997,0.0,0.0,nan,1.0,ok
qae,6,row,lightning.qubit,False,3,30,1259.7544667078182,83.41288498278853,1292.0833000680432,1145.3419000608847,34.865033347159624,0.05674658174302785,36.132317848778065,0.0,0.0,nan,1.0,ok
qae,6,column,lightning.qubit,False,3,30,1257.354800007306,27.80929118234747,1269.9451999505982,1218.7927999766544,34.865033347159624,0.05674658174302785,36.06349053183223,0.0,0.0,nan,1.0,ok
qae,6,batch,lightning.qubit,False,3,30,1190.9833666868508,42.941978153221676,1176.2625999981537,1147.319299983792,34.865033347159624,0.05674658174302785,34.1598229615311,0.0,0.0,nan,1.0,ok
qae,6,hybrid,lightning.qubit,False,3,30,1228.0863333726302,41.877647242251925,1243.459100020118,1170.8685000194237,34.865033347159624,0.05674658174302785,35.22401143702562,0.0,0.0,nan,1.0,ok
qae,6,layer-parallel,lightning.qubit,False,3,30,1168.1491666240618,73.82607428507771,1120.0011000037193,1111.9937999173999,34.865033347159624,0.05674658174302785,33.50489170604015,0.0,0.0,nan,1.0,ok
qae,8,sequential,lightning.qubit,False,3,30,1339.2117666468646,61.9804534438247,1382.416300009936,1251.5611000126228,39.467066642828286,0.018338360878217812,33.93238668499367,0.0,0.0,nan,1.0,ok
qae,8,row,lightning.qubit,False,3,30,1487.7832666582738,52.11731361330299,1505.7102999417111,1416.906200000085,39.467066642828286,0.018338360878217812,37.69682910874818,0.0,0.0,nan,1.0,ok
qae,8,column,lightning.qubit,False,3,30,1448.9311666693538,25.750818413202705,1453.3005999401212,1415.4361000983045,39.467066642828286,0.018338360878217812,36.71241087618668,0.0,0.0,nan,1.0,ok
qae,8,batch,lightning.qubit,False,3,30,1429.903933312744,1.0334451194780998,1429.5570999383926,1428.8478000089526,39.467066642828286,0.018338360878217812,36.230306808792875,0.0,0.0,nan,1.0,ok
qae,8,hybrid,lightning.qubit,False,3,30,1347.260466660373,38.672275665830476,1370.522099896334,1292.763700010255,39.467066642828286,0.018338360878217812,34.136321273959915,0.0,0.0,nan,1.0,ok
qae,8,layer-parallel,lightning.qubit,False,3,30,1421.8637666975458,36.27321345818803,1408.4891000529751,1385.662200045772,39.467066642828286,0.018338360878217812,36.026588435497985,0.0,0.0,nan,1.0,ok
qae,10,sequential,lightning.qubit,False,2,30,2713.171000010334,31.068200012668967,2713.171000010334,2682.102799997665,44.38244999619201,0.1250500208698213,61.13161847178609,0.0,0.0,nan,1.0,ok
qae,10,row,lightning.qubit,False,2,30,2764.3873000051826,42.008499964140356,2764.3873000051826,2722.3788000410423,44.38244999619201,0.1250500208698213,62.28559487460394,0.0,0.0,nan,1.0,ok
qae,10,column,lightning.qubit,False,2,30,2671.1990000330843,23.37989996885881,2671.1990000330843,2647.8191000642255,44.38244999619201,0.1250500208698213,60.18592935410893,0.0,0.0,nan,1.0,ok
qae,10,batch,lightning.qubit,False,2,30,2768.1298999814317,12.271799962036312,2768.1298999814317,2755.8581000193954,44.38244999619201,0.1250500208698213,62.36992099847881,0.0,0.0,nan,1.0,ok
qae,10,hybrid,lightning.qubit,False,2,30,2575.844550039619,35.85884999483824,2575.844550039619,2539.985700044781,44.38244999619201,0.1250500208698213,58.03745737922592,0.0,0.0,nan,1.0,ok
qae,10,layer-parallel,lightning.qubit,False,2,30,2691.8552999268286,22.798299964051694,2691.8552999268286,2669.056999962777,44.38244999619201,0.1250500208698213,60.651345298823934,0.0,0.0,nan,1.0,ok
qae,12,sequential,lightning.qubit,False,2,30,21606.492649996653,31.497549964115024,21606.492649996653,21574.995100032538,50.93210004270077,0.09159999899566174,424.22151515217456,0.0,0.0,nan,1.0,ok
qae,12,row,lightning.qubit,False,2,30,21591.263849986717,10.258949943818152,21591.263849986717,21581.0049000429,50.93210004270077,0.09159999899566174,423.92251314760045,0.0,0.0,nan,1.0,ok
qae,12,column,lightning.qubit,False,2,30,21758.954050019383,92.4060499528423,21758.954050019383,21666.54800006654,50.93210004270077,0.09159999899566174,427.2149397291095,0.0,0.0,nan,1.0,ok
qae,12,batch,lightning.qubit,False,2,30,21587.137549940962,61.830350023228675,21587.137549940962,21525.307199917734,50.93210004270077,0.09159999899566174,423.8414974415468,0.0,0.0,nan,1.0,ok
qae,12,hybrid,lightning.qubit,False,2,30,21585.962749959435,9.614049980882555,21585.962749959435,21576.348699978553,50.93210004270077,0.09159999899566174,423.8184314383672,0.0,0.0,nan,1.0,ok
qae,12,layer-parallel,lightning.qubit,False,2,30,21579.563050006982,31.121349951718003,21579.563050006982,21548.441700055264,50.93210004270077,0.09159999899566174,423.6927798365859,0.0,0.0,nan,1.0,ok
vqd,1,sequential,default.mixed,True,3,30,1240.0068999656166,70.40465504141032,1205.3026999346912,1176.5386000042781,34.23089999705553,0.022071839340498833,36.22478228946009,0.0027306666666693977,0.0,nan,1.0,ok
vqd,1,row,default.mixed,True,3,30,1198.7003333245714,83.98344106953326,1222.3516999511048,1086.0764000099152,34.23089999705553,0.022071839340498833,35.01807821084696,0.0,0.0,nan,1.0,ok
vqd,1,column,default.mixed,True,3,30,1167.4778333399445,21.255368383813128,1156.1645000474527,1149.016199982725,34.23089999705553,0.022071839340498833,34.10596371817184,0.0,0.0,nan,1.0,ok
vqd,1,batch,default.mixed,True,3,30,1217.954200032788,46.757518775289206,1249.2020000936463,1151.861699996516,34.23089999705553,0.022071839340498833,35.580548572709276,0.0,0.0,nan,1.0,ok
vqd,1,hybrid,default.mixed,True,3,30,1326.4864333129178,41.72849974553463,1313.1651999428868,1283.359399996698,34.23089999705553,0.022071839340498833,38.751141028340456,0.0,0.0,nan,1.0,ok
vqd,1,layer-parallel,default.mixed,True,3,30,1168.1618666819606,52.36908817810221,1185.163400019519,1097.235199995339,34.23089999705553,0.022071839340498833,34.125946638342654,0.0,0.0,nan,1.0,ok
vqd,2,sequential,default.mixed,True,3,30,1208.911533312251,87.68170785627136,1214.3837999319658,1098.8922999240458,57.39373333441714,1.0522405074283645,21.063476151102833,0.0,0.0,nan,1.0,ok
vqd,2,row,default.mixed,True,3,30,1198.2294666425635,62.92679656117623,1159.7563000395894,1147.9711999418214,57.39373333441714,1.0522405074283645,20.877357109021247,0.0,0.0,nan,1.0,ok
vqd,2,column,default.mixed,True,3,30,1176.2804333120584,71.67179006080757,1224.4621999561787,1074.9616000102833,57.39373333441714,1.0522405074283645,20.494928016935283,0.0,0.0,nan,1.0,ok
vqd,2,batch,default.mixed,True,3,30,1199.1569666812818,54.638574486916504,1212.3580999905244,1126.6219000099227,57.39373333441714,1.0522405074283645,20.89351741058787,0.0,0.0,nan,1.0,ok
vqd,2,hybrid,default.mixed,True,3,30,1239.0802000106003,44.03964469544181,1213.63230003044,1202.5747000006959,57.39373333441714,1.0522405074283645,21.58912006631157,0.0,0.0,nan,1.0,ok
vqd,2,layer-parallel,default.mixed,True,3,30,1263.1462999852374,56.08085235107126,1270.4894999042153,1191.0850000567734,57.39373333441714,1.0522405074283645,22.008435879667196,0.0,0.0,nan,1.0,ok
vqd,3,sequential,default.mixed,True,3,30,1163.1782333133742,15.61002228024997,1162.5240999273956,1144.3954000715166,82.50443334691226,1.1475602073815516,14.098372488936151,0.0027306666666599235,0.0,nan,1.0,ok
vqd,3,row,default.mixed,True,3,30,1325.8208999953542,25.70068087507809,1327.1880999673158,1293.6828000238165,82.50443334691226,1.1475602073815516,16.069692817846292,0.0027306666666693977,0.0,nan,1.0,ok
vqd,3,column,default.mixed,True,3,30,1304.35433331877,44.973203995641306,1326.5939999837428,1241.6308999527246,82.50443334691226,1.1475602073815516,15.809505991444828,0.0,0.0,nan,1.0,ok
vqd,3,batch,default.mixed,True,3,30,1257.7338000216212,50.91121436596797,1277.3769999621436,1187.9244000883773,82.50443334691226,1.1475602073815516,15.244438983456057,0.0,0.0,nan,1.0,ok
vqd,3,hybrid,default.mixed,True,3,30,1271.2660666244726,34.743379870408155,1269.0251999301836,1229.8789999913424,82.50443334691226,1.1475602073815516,15.408457643470983,0.0,0.0,nan,1.0,ok
vqd,3,layer-parallel,default.mixed,True,3,30,1233.1672000000253,98.10073792483202,1272.7128999540582,1098.2304000062868,82.50443334691226,1.1475602073815516,14.946678014438804,0.0,0.0,nan,1.0,ok
vqd,4,sequential,default.mixed,True,3,30,1419.9864333495498,59.34985707498729,1436.645200010389,1340.4147000983357,133.61276666789004,0.610591883252629,10.627625404083503,0.0,0.0,nan,1.0,ok
vqd,4,row,default.mixed,True,3,30,1366.4801000074174,44.99242946212189,1350.2490000100806,1321.3143999455497,133.61276666789004,0.610591883252629,10.22716716437705,0.0,0.0,nan,1.0,ok
vqd,4,column,default.mixed,True,3,30,1244.01029998747,16.2124157637746,1247.8888999903575,1222.5011000409722,133.61276666789004,0.610591883252629,9.310564633988916,0.0,0.0,nan,1.0,ok
vqd,4,batch,default.mixed,True,3,30,1339.5368333440274,37.7978890877454,1347.330000018701,1289.8420999990776,133.61276666789004,0.610591883252629,10.025515276347813,0.0,0.0,nan,1.0,ok
vqd,4,hybrid,default.mixed,True,3,30,1335.3495333576575,26.530908480104003,1347.6758999750018,1298.496300005354,133.61276666789004,0.610591883252629,9.994176205308456,0.0,0.0,nan,1.0,ok
vqd,4,layer-parallel,default.mixed,True,3,30,1311.6402666394908,59.639357515556874,1281.1702999752015,1258.765299920924,133.61276666789004,0.610591883252629,9.81672859076202,0.0,0.0,nan,1.0,ok
vqd,5,sequential,default.mixed,True,3,30,1336.6609666651736,34.59873348185801,1360.9282000688836,1287.7314999932423,287.3337999917567,1.7123677231168326,4.651944764951152,0.0,0.0,nan,1.0,ok
vqd,5,row,default.mixed,True,3,30,1318.6306666660432,14.801841600058562,1312.6781999599189,1304.2267999844626,287.3337999917567,1.7123677231168326,4.589194402829996,0.0,0.0,nan,1.0,ok
vqd,5,column,default.mixed,True,3,30,1345.868133357726,31.865013412966174,1360.7570000458509,1301.5888000372797,287.3337999917567,1.7123677231168326,4.68398821647971,0.0,0.0,nan,1.0,ok
vqd,5,batch,default.mixed,True,3,30,1317.8907666588202,40.1875349479647,1345.240700058639,1261.0701998928562,287.3337999917567,1.7123677231168326,4.5866193489823655,0.0,0.0,nan,1.0,ok
vqd,5,hybrid,default.mixed,True,3,30,1394.7951333054032,50.4189623374064,1361.9362999452278,1356.4218999817967,287.3337999917567,1.7123677231168326,4.8542675221133695,0.0,0.0,nan,1.0,ok
vqd,5,layer-parallel,default.mixed,True,3,30,1409.1416333879654,22.9094534697718,1394.4276000838727,1391.5009000338614,287.3337999917567,1.7123677231168326,4.904197255694918,0.0,0.0,nan,1.0,ok
vqd,6,sequential,default.mixed,True,3,30,1487.9893666754167,57.350482770813734,1483.003200031817,1420.3755999915302,872.5575000280514,1.4884235707636269,1.7053195538718997,0.0,0.0,nan,1.0,ok
vqd,6,row,default.mixed,True,3,30,1449.6061666480575,24.685081922175293,1446.2609000038356,1421.184999984689,872.5575000280514,1.4884235707636269,1.6613302465470239,0.0,0.0,nan,1.0,ok
vqd,6,column,default.mixed,True,3,30,1454.2881000088528,70.01492257636298,1434.90989995189,1379.8850000603124,872.5575000280514,1.4884235707636269,1.6666960056639242,0.0,0.0,nan,1.0,ok
vqd,6,batch,default.mixed,True,3,30,1418.8080333018054,105.12162112895831,1424.841299885884,1287.150299991481,872.5575000280514,1.4884235707636269,1.6260338525039242,0.0,0.0,nan,1.0,ok
vqd,6,hybrid,default.mixed,True,3,30,1454.5317000010982,44.07319549604827,1441.6471000295132,1408.1615000031888,872.5575000280514,1.4884235707636269,1.666975184964128,0.0,0.0,nan,1.0,ok
vqd,6,layer-parallel,default.mixed,True,3,30,1411.9820333241175,19.526863374638197,1413.1118999794126,1387.521700002253,872.5575000280514,1.4884235707636269,1.6182108723823065,0.0,0.0,nan,1.0,ok
vqd,8,sequential,default.mixed,True,3,30,1909.2928999646876,58.149715863021235,1939.6573000121862,1827.9246999882162,13020.789200013192,6.70694099253615,0.14663419172493425,0.0,0.0013653333333346989,0.0,1.0,ok
vqd,8,row,default.mixed,True,3,30,1987.8739333556343,60.93873842380299,1968.1179999606684,1925.1050000311807,13020.789200013192,6.70694099253615,0.15266923554477177,0.0,0.0013653333333346989,0.0,1.0,ok
vqd,8,column,default.mixed,True,3,30,1833.298866637051,115.78844941456893,1785.94620001968,1721.2226999690756,13020.789200013192,6.70694099253615,0.1407978301833804,0.0,0.0013653333333346989,0.0,1.0,ok
vqd,8,batch,default.mixed,True,3,30,1900.3849666720878,105.62951606718329,1888.6952999746427,1777.2572999820113,13020.789200013192,6.70694099253615,0.14595006012924028,0.0,0.0013653333333346989,0.0,1.0,ok
vqd,8,hybrid,default.mixed,True,3,30,1908.19106666216,49.08437339881832,1940.5301000224426,1838.8280000071973,13020.789200013192,6.70694099253615,0.14654957064048213,0.0,0.0013653333333346989,0.0,1.0,ok
vqd,8,layer-parallel,default.mixed,True,3,30,1941.2873333785683,73.65051061234654,1898.757899994962,1880.211100098677,13020.789200013192,6.70694099253615,0.14909137253958474,0.0,0.0013653333333346989,0.0,1.0,ok
vqd,10,sequential,default.mixed,True,2,30,11617.836400051601,40.70220002904534,11617.836400051601,11577.134200022556,216724.620550056,65.43934997171164,0.0536064447618598,0.0,0.004096000000004096,0.0,1.0,ok
vqd,10,row,default.mixed,True,2,30,11775.655100005679,256.6651999950409,11775.655100005679,11518.989900010638,216724.620550056,65.43934997171164,0.05433464398331202,0.0,0.004096000000004096,0.0,1.0,ok
vqd,10,column,default.mixed,True,2,30,11837.587249989156,26.60295000532642,11837.587249989156,11810.98429998383,216724.620550056,65.43934997171164,0.054620408239474005,0.0,0.004096000000004096,0.0,1.0,ok
vqd,10,batch,default.mixed,True,2,30,12014.992899959907,212.27839996572584,12014.992899959907,11802.714499994181,216724.620550056,65.43934997171164,0.055438984594668395,0.0,0.004096000000004096,0.0,1.0,ok
vqd,10,hybrid,default.mixed,True,2,30,11680.529150005896,75.57235000422224,11680.529150005896,11604.956800001673,216724.620550056,65.43934997171164,0.05389571854070033,0.0,0.004096000000004096,0.0,1.0,ok
vqd,10,layer-parallel,default.mixed,True,2,30,11618.204350059386,87.3923500184901,11618.204350059386,11530.812000040896,216724.620550056,65.43934997171164,0.05360814253854457,0.0,0.004096000000004096,0.0,1.0,ok
vqd,12,sequential,default.mixed,True,2,30,41152.01670001261,182.9344000434503,41152.01670001261,40969.08229996916,3624047.1897000098,5073.615699948277,0.011355265134784041,0.0,0.0,nan,1.0,ok
vqd,12,row,default.mixed,True,2,30,40769.578950013965,0.2833500038832426,40769.578950013965,40769.29560001008,3624047.1897000098,5073.615699948277,0.01124973732844488,0.0,0.0,nan,1.0,ok
vqd,12,column,default.mixed,True,2,30,40927.23079997813,1.1136000393889844,40927.23079997813,40926.117199938744,3624047.1897000098,5073.615699948277,0.011293238928096297,0.0,0.0,nan,1.0,ok
vqd,12,batch,default.mixed,True,2,30,40696.395450038835,81.27095003146678,40696.395450038835,40615.12450000737,3624047.1897000098,5073.615699948277,0.011229543468888326,0.0,0.0,nan,1.0,ok
vqd,12,hybrid,default.mixed,True,2,30,40769.4261999568,203.1064999755472,40769.4261999568,40566.31969998125,3624047.1897000098,5073.615699948277,0.011249695179419449,0.0,0.0,nan,1.0,ok
vqd,12,layer-parallel,default.mixed,True,2,30,40942.561450006906,69.67465003253892,40942.561450006906,40872.88679997437,3624047.1897000098,5073.615699948277,0.011297469184830355,0.0,0.0,nan,1.0,ok
vqd,14,sequential,default.mixed,True,2,30,496581.98269997956,1859.0485000167973,496581.98269997956,494722.93419996276,60748339.00159999,93946.1155000031,0.008174412516643468,0.0,0.016384000000002175,0.0,1.0,ok
vqd,14,row,default.mixed,True,2,30,494101.50434996467,3835.604549967684,494101.50434996467,490265.899799997,60748339.00159999,93946.1155000031,0.008133580480891025,0.0,0.016384000000002175,0.0,1.0,ok
vqd,14,column,default.mixed,True,2,30,495755.6899499614,2469.9769499711692,495755.6899499614,493285.7129999902,60748339.00159999,93946.1155000031,0.008160810617997376,0.0,0.016384000000002175,0.0,1.0,ok
vqd,14,batch,default.mixed,True,2,30,493129.9693499459,260.500350035727,493129.9693499459,492869.46899991017,60748339.00159999,93946.1155000031,0.00811758769794443,0.0,0.016384000000002175,0.0,1.0,ok
vqd,14,hybrid,default.mixed,True,2,30,493973.83869998157,3367.4986999249086,493973.83869998157,490606.34000005666,60748339.00159999,93946.1155000031,0.008131478931250635,0.0,0.016384000000002175,0.0,1.0,ok
vqd,14,layer-parallel,default.mixed,True,2,30,493973.98365003755,102.29665000224486,493973.98365003755,493871.6870000353,60748339.00159999,93946.1155000031,0.008131481317325027,0.0,0.016384000000002175,0.0,1.0,ok
vqd,16,sequential,default.mixed,True,1,30,1545419.2512999289,0.0,1545419.2512999289,1545419.2512999289,166.12930002156645,0.0,9302.508655001297,0.0,0.0,nan,1.0,ok
vqd,16,row,default.mixed,True,1,30,1543364.5275000017,0.0,1543364.5275000017,1543364.5275000017,166.12930002156645,0.0,9290.140434587074,0.0,0.0,nan,1.0,ok
vqd,16,column,default.mixed,True,1,30,1561111.8192999857,0.0,1561111.8192999857,1561111.8192999857,166.12930002156645,0.0,9396.968620811178,0.0,0.0,nan,1.0,ok
vqd,16,batch,default.mixed,True,1,30,1579291.6640000185,0.0,1579291.6640000185,1579291.6640000185,166.12930002156645,0.0,9506.400519324401,0.0,0.0,nan,1.0,ok
vqd,16,hybrid,default.mixed,True,1,30,1550266.8504000176,0.0,1550266.8504000176,1550266.8504000176,166.12930002156645,0.0,9331.688330708468,0.0,0.0,nan,1.0,ok
vqd,16,layer-parallel,default.mixed,True,1,30,1540467.981499969,0.0,1540467.981499969,1540467.981499969,166.12930002156645,0.0,9272.704943077408,0.0,0.0,nan,1.0,ok
qgan,1,sequential,default.mixed,True,3,30,1142.9883000285674,140.23581702132267,1122.0587000716478,982.6590999728069,33.982000003258385,0.04937014141816416,33.63510976160824,0.0054613333333387954,0.0,nan,1.0,ok
qgan,1,row,default.mixed,True,3,30,1237.6874000377331,72.54951566380485,1254.4731000671163,1141.6371000232175,33.982000003258385,0.04937014141816416,36.42185274318924,0.0,0.0,nan,1.0,ok
qgan,1,column,default.mixed,True,3,30,1258.961533351491,85.37794253359472,1250.6901000160724,1158.7767000310123,33.982000003258385,0.04937014141816416,37.04789398007106,0.0,0.0,nan,1.0,ok
qgan,1,batch,default.mixed,True,3,30,1324.6946333674714,64.02604199541383,1347.5852999836206,1237.3809000710025,33.982000003258385,0.04937014141816416,38.982244518876236,0.0,0.0,nan,1.0,ok
qgan,1,hybrid,default.mixed,True,3,30,1258.4210333103936,101.23604645666846,1299.6343999402598,1119.0743000479415,33.982000003258385,0.04937014141816416,37.03198849949176,0.0,0.0,nan,1.0,ok
qgan,1,layer-parallel,default.mixed,True,3,30,1116.4908999732386,58.13126191697713,1142.4592999974266,1035.9559999778867,33.982000003258385,0.04937014141816416,32.85536165811851,0.0,0.0,nan,1.0,ok
qgan,2,sequential,default.mixed,True,3,30,1307.4835333585117,66.10410635203374,1349.789600004442,1214.1344000119716,56.378066656179726,0.1693817681726627,23.191351014786804,0.0,0.0,nan,1.0,ok
qgan,2,row,default.mixed,True,3,30,1227.2281666131069,83.27218071592857,1201.981999911368,1140.2351999422535,56.378066656179726,0.1693817681726627,21.76782992750227,0.0,0.0,nan,1.0,ok
qgan,2,column,default.mixed,True,3,30,1242.127533342379,94.19404306167674,1284.9687000270933,1111.472100019455,56.378066656179726,0.1693817681726627,22.03210587048796,0.0,0.0,nan,1.0,ok
qgan,2,batch,default.mixed,True,3,30,1335.4054333564516,87.58447584949518,1389.3000000389293,1211.8761000456288,56.378066656179726,0.1693817681726627,23.686612765570505,0.0,0.0,nan,1.0,ok
qgan,2,hybrid,default.mixed,True,3,30,1230.0522000296041,86.09124941679814,1206.9709000643343,1138.0650999490172,56.378066656179726,0.1693817681726627,21.81792092181961,0.0,0.0,nan,1.0,ok
qgan,2,layer-parallel,default.mixed,True,3,30,1276.536599926961,101.09601923865964,1242.0702999224886,1173.604599898681,56.378066656179726,0.1693817681726627,22.642433053121323,0.0,0.0,nan,1.0,ok
qgan,3,sequential,default.mixed,True,3,30,1279.1788666897144,44.00164156469188,1294.4546000799164,1219.2991999909282,80.97496663685888,0.2957680436780877,15.797213877547271,0.0,0.0,nan,1.0,ok
qgan,3,row,default.mixed,True,3,30,1305.4275000079845,40.66205675695833,1313.4964000200853,1252.0851000444964,80.97496663685888,0.2957680436780877,16.121371261099956,0.0,0.0,nan,1.0,ok
qgan,3,column,default.mixed,True,3,30,1313.7805667162563,72.06334859836329,1347.8591000894085,1213.562700082548,80.97496663685888,0.2957680436780877,16.224527422259392,0.0,0.0,nan,1.0,ok
qgan,3,batch,default.mixed,True,3,30,1321.8986000089596,47.152581541083265,1343.1272000307217,1256.538899964653,80.97496663685888,0.2957680436780877,16.324781039270555,0.0,0.0,nan,1.0,ok
qgan,3,hybrid,default.mixed,True,3,30,1267.4208999766659,65.88218162072832,1237.706399988383,1205.802800017409,80.97496663685888,0.2957680436780877,15.652008918516186,0.0,0.0,nan,1.0,ok
qgan,3,layer-parallel,default.mixed,True,3,30,1316.333800049809,76.14167514529328,1362.3145000310615,1209.0187000576407,80.97496663685888,0.2957680436780877,16.256058566261007,0.0,0.0,nan,1.0,ok
qgan,4,sequential,default.mixed,True,3,30,1392.2595666566242,131.8042249001122,1327.1517000393942,1273.5545999603346,131.19009998627007,0.274677713060163,10.612535296507385,0.0,0.0,nan,1.0,ok
qgan,4,row,default.mixed,True,3,30,1302.6803000054013,91.67937303396141,1363.858800032176,1173.0932999635115,131.19009998627007,0.274677713060163,9.929714971950899,0.0,0.0,nan,1.0,ok
qgan,4,column,default.mixed,True,3,30,1301.269566717868,45.41886887402372,1302.0472000353038,1245.2583000995219,131.19009998627007,0.274677713060163,9.918961620229382,0.0,0.0,nan,1.0,ok
qgan,4,batch,default.mixed,True,3,30,1238.5716999415308,13.891705167478879,1229.5289998874068,1227.9886999167502,131.19009998627007,0.274677713060163,9.441045475772606,0.0,0.0,nan,1.0,ok
qgan,4,hybrid,default.mixed,True,3,30,1397.1764333546162,46.397122414530976,1409.5873000333086,1335.1720999926329,131.19009998627007,0.274677713060163,10.650014242696972,0.0,0.0,nan,1.0,ok
qgan,4,layer-parallel,default.mixed,True,3,30,1352.061766704234,155.2815427571599,1243.471399997361,1241.0553001100197,131.19009998627007,0.274677713060163,10.306126505321183,0.0,0.0,nan,1.0,ok
qgan,5,sequential,default.mixed,True,3,30,1366.3084333141644,92.17241384059614,1310.2053999900818,1292.4630999332294,284.83283329599846,0.4875270500151489,4.796878286480042,0.0,0.0,nan,1.0,ok
qgan,5,row,default.mixed,True,3,30,1431.1852000343304,36.2268268920454,1451.959800091572,1380.24069997482,284.83283329599846,0.4875270500151489,5.024649663710089,0.0,0.0,nan,1.0,ok
qgan,5,column,default.mixed,True,3,30,1397.7882332789402,91.63768140731237,1376.6401999164373,1297.633899957873,284.83283329599846,0.4875270500151489,4.907398550596018,0.0,0.0,nan,1.0,ok
qgan,5,batch,default.mixed,True,3,30,1328.0630999943241,31.03399828156793,1316.1353999748826,1297.4488000618294,284.83283329599846,0.4875270500151489,4.662605376727058,0.0,0.0,nan,1.0,ok
qgan,5,hybrid,default.mixed,True,3,30,1466.2811333158363,26.63241154382281,1466.0157999023795,1433.7966999737546,284.83283329599846,0.4875270500151489,5.147865561524208,0.0,0.0,nan,1.0,ok
qgan,5,layer-parallel,default.mixed,True,3,30,1468.8565333684285,27.25757230923796,1477.3436000104994,1432.0486000506207,284.83283329599846,0.4875270500151489,5.156907356400137,0.0,0.0,nan,1.0,ok
qgan,6,sequential,default.mixed,True,3,30,1471.856899986354,24.603584037967323,1484.1711999615654,1437.5169000122696,865.8878666659197,0.9591715233904226,1.6998239109801867,0.0,0.0,nan,1.0,ok
qgan,6,row,default.mixed,True,3,30,1553.6345000145957,14.51836054453606,1560.1624000119045,1533.511899993755,865.8878666659197,0.9591715233904226,1.7942675487495026,0.0,0.0,nan,1.0,ok
qgan,6,column,default.mixed,True,3,30,1356.1825333163142,55.117471758074245,1333.323400001973,1303.0752999475226,865.8878666659197,0.9591715233904226,1.566233441448097,0.0,0.0,nan,1.0,ok
qgan,6,batch,default.mixed,True,3,30,1519.104433284762,38.49488304735336,1517.2180999070406,1472.9295000433922,865.8878666659197,0.9591715233904226,1.7543893288793122,0.0,0.0,nan,1.0,ok
qgan,6,hybrid,default.mixed,True,3,30,1430.0779333959024,155.46030851847962,1402.4881001096219,1254.97880007606,865.8878666659197,0.9591715233904226,1.6515740530034022,0.0,0.0,nan,1.0,ok
qgan,6,layer-parallel,default.mixed,True,3,30,1565.4207999662806,39.5191509925388,1566.785299917683,1516.3520999485627,865.8878666659197,0.9591715233904226,1.8078793573975065,0.0,0.0,nan,1.0,ok
qgan,8,sequential,default.mixed,True,3,30,1882.1697333672394,92.06133978621354,1889.3605000339448,1765.994800021872,12956.179366641058,1.0816989639256926,0.14527197255491528,0.0,0.0,nan,1.0,ok
qgan,8,row,default.mixed,True,3,30,1877.3233333292108,129.05591788220215,1822.4847000092268,1753.9855999639258,12956.179366641058,1.0816989639256926,0.1448979116608135,0.0,0.0,nan,1.0,ok
qgan,8,column,default.mixed,True,3,30,1891.8430666672066,59.77184469891048,1895.9168000146747,1816.685999976471,12956.179366641058,1.0816989639256926,0.1460185918341199,0.0,0.0,nan,1.0,ok
qgan,8,batch,default.mixed,True,3,30,1950.1911000115797,133.9659723225344,1986.9250999763608,1770.863600075245,12956.179366641058,1.0816989639256926,0.15052208253868707,0.0,0.0,nan,1.0,ok
qgan,8,hybrid,default.mixed,True,3,30,1909.8831666633487,40.25625711020461,1885.945999994874,1877.1179999457672,12956.179366641058,1.0816989639256926,0.14741098533884328,0.0,0.0,nan,1.0,ok
qgan,8,layer-parallel,default.mixed,True,3,30,1970.4940000083297,57.109577533614626,1975.553199998103,1898.1570999603719,12956.179366641058,1.0816989639256926,0.1520891262961257,0.0,0.0,nan,1.0,ok
qgan,10,sequential,default.mixed,True,2,30,12213.80239998689,5.905099969822913,12213.80239998689,12207.897300017066,215489.03815000085,35.92394996667281,0.05667946037925568,0.0,0.0,nan,1.0,ok
qgan,10,row,default.mixed,True,2,30,12397.546649968717,110.6243499671109,12397.546649968717,12286.922300001606,215489.03815000085,35.92394996667281,0.05753214528406241,0.0,0.0,nan,1.0,ok
qgan,10,column,default.mixed,True,2,30,12394.92649998283,42.724400002043694,12394.92649998283,12352.202099980786,215489.03815000085,35.92394996667281,0.057519986196953476,0.002048000000002048,0.0,nan,1.0,ok
qgan,10,batch,default.mixed,True,2,30,12313.919249980245,12.650050048250705,12313.919249980245,12301.269199931994,215489.03815000085,35.92394996667281,0.05714406336255762,0.0,0.0,nan,1.0,ok
qgan,10,hybrid,default.mixed,True,2,30,12386.268000060227,112.92889999458566,12386.268000060227,12273.339100065641,215489.03815000085,35.92394996667281,0.05747980549914658,0.0,0.0,nan,1.0,ok
qgan,10,layer-parallel,default.mixed,True,2,30,12227.016099961475,5.801399936899543,12227.016099961475,12221.214700024575,215489.03815000085,35.92394996667281,0.05674077997160259,0.0,0.0,nan,1.0,ok
qgan,12,sequential,default.mixed,True,2,30,41507.018900010735,105.36010004580021,41507.018900010735,41401.658799964935,3610599.071000004,861.892499960959,0.011495881454518518,0.0,0.0,nan,1.0,ok
qgan,12,row,default.mixed,True,2,30,41574.75834997604,112.45984997367486,41574.75834997604,41462.29850000236,3610599.071000004,861.892499960959,0.01151464273170085,0.0,0.0,nan,1.0,ok
qgan,12,column,default.mixed,True,2,30,41446.07285002712,28.25045003555715,41446.07285002712,41417.822399991564,3610599.071000004,861.892499960959,0.011479001693352808,0.0,0.0,nan,1.0,ok
qgan,12,batch,default.mixed,True,2,30,41517.531500023324,3.4692000481300056,41517.531500023324,41514.062299975194,3610599.071000004,861.892499960959,0.011498793048912097,0.0,0.0,nan,1.0,ok
qgan,12,hybrid,default.mixed,True,2,30,41500.19210000755,61.28399999579415,41500.19210000755,41438.90810001176,3610599.071000004,861.892499960959,0.011493990687953485,0.0,0.0,nan,1.0,ok
qgan,12,layer-parallel,default.mixed,True,2,30,41769.92365001934,98.36614999221638,41769.92365001934,41671.55750002712,3610599.071000004,861.892499960959,0.011568696171644056,0.0,0.0,nan,1.0,ok
qgan,14,sequential,default.mixed,True,2,30,497552.4407499979,286.8594499959727,497552.4407499979,497265.58130000194,61346976.58604999,212367.38315000013,0.008110463928928797,0.028672000000000253,0.02047999999999206,1.400000000000555,1.0,ok
qgan,14,row,default.mixed,True,2,30,497739.1217500044,805.7542499955161,497739.1217500044,496933.3675000089,61346976.58604999,212367.38315000013,0.008113506963979509,0.004096000000004096,0.02047999999999206,0.20000000000027757,1.0,ok
qgan,14,column,default.mixed,True,2,30,495174.708500017,762.405099994794,495174.708500017,494412.3034000222,61346976.58604999,212367.38315000013,0.00807170517695272,0.002048000000002048,0.02047999999999206,0.10000000000013878,1.0,ok
qgan,14,batch,default.mixed,True,2,30,494268.43479998934,2546.2352000031387,494268.43479998934,491722.1995999862,61346976.58604999,212367.38315000013,0.008056932261473235,0.0,0.02047999999999206,0.0,1.0,ok
qgan,14,hybrid,default.mixed,True,2,30,497123.37954998657,1891.6823500039754,497123.37954998657,495231.6971999826,61346976.58604999,212367.38315000013,0.008103469921662448,0.008192000000008193,0.02047999999999206,0.40000000000055513,1.0,ok
qgan,14,layer-parallel,default.mixed,True,2,30,493435.35209998663,4159.424199999194,493435.35209998663,489275.92789998744,61346976.58604999,212367.38315000013,0.008043352412125091,0.002048000000002048,0.02047999999999206,0.10000000000013878,1.0,ok
qgan,16,sequential,default.mixed,True,1,30,7860092.378000001,0.0,7860092.378000001,7860092.378000001,159.1529999859631,0.0,49387.019903446635,0.0,0.0,nan,1.0,ok
qgan,16,row,default.mixed,True,1,30,7949782.979100011,0.0,7949782.979100011,7949782.979100011,159.1529999859631,0.0,49950.56945078737,0.0,0.0,nan,1.0,ok
qgan,16,column,default.mixed,True,1,30,7873453.838699992,0.0,7873453.838699992,7873453.838699992,159.1529999859631,0.0,49470.97346197942,0.0,0.0,nan,1.0,ok
qgan,16,batch,default.mixed,True,1,30,6564800.206900021,0.0,6564800.206900021,6564800.206900021,159.1529999859631,0.0,41248.35980144276,0.0,0.0,nan,1.0,ok
qgan,16,hybrid,default.mixed,True,1,30,7943140.918199992,0.0,7943140.918199992,7943140.918199992,159.1529999859631,0.0,49908.835641807294,0.0,0.0,nan,1.0,ok
qgan,16,layer-parallel,default.mixed,True,1,30,8030588.862100005,0.0,8030588.862100005,8030588.862100005,159.1529999859631,0.0,50458.29398634197,0.0,0.0,nan,1.0,ok
number_partition,1,sequential,lightning.qubit,False,3,30,1116.8261666801602,52.309661125683334,1095.860300003551,1065.8699000196066,23.106866671393316,0.4244114523934308,48.33308568239629,0.07099733333333802,0.005461333333329321,13.000000000010408,1.0,ok
number_partition,1,row,lightning.qubit,False,3,30,1188.1064666667953,51.96474127229881,1167.1066000126302,1137.6165999972727,23.106866671393316,0.4244114523934308,51.41789596846079,0.0,0.005461333333329321,0.0,1.0,ok
number_partition,1,column,lightning.qubit,False,3,30,1317.4277000071015,16.008161935102454,1306.8210000055842,1305.410100001609,23.106866671393316,0.4244114523934308,57.01455410387159,0.0013653333333346989,0.005461333333329321,0.2500000000004337,1.0,ok
number_partition,1,batch,lightning.qubit,False,3,30,1338.4258999916103,28.864331237230385,1351.1950999964029,1298.4639999922365,23.106866671393316,0.4244114523934308,57.92329695867436,0.0013653333333346989,0.005461333333329321,0.2500000000004337,1.0,ok
number_partition,1,hybrid,lightning.qubit,False,3,30,1033.9448333349235,19.4409316728169,1042.2605999920052,1007.0920000143815,23.106866671393316,0.4244114523934308,44.74621540163056,0.004095999999994622,0.005461333333329321,0.7499999999995662,1.0,ok
number_partition,1,layer-parallel,lightning.qubit,False,3,30,1270.8271000010427,52.2159680390524,1302.1789999911562,1197.2498999966774,23.106866671393316,0.4244114523934308,54.99781160612086,0.0,0.005461333333329321,0.0,1.0,ok
number_partition,2,sequential,lightning.qubit,False,3,30,1079.3122333222225,79.66163928398963,1056.9205999781843,994.8893999971915,25.91466666975369,0.3271392902583988,41.648702145258234,0.0054613333333387954,0.0013653333333252249,4.000000000027756,1.0,ok
number_partition,2,row,lightning.qubit,False,3,30,1124.756066671883,28.379440471435963,1129.6504999918398,1087.810700002592,25.91466666975369,0.3271392902583988,43.402297278422736,0.0,0.0013653333333252249,0.0,1.0,ok
number_partition,2,column,lightning.qubit,False,3,30,1326.12253332627,78.1134462160868,1303.2917999953497,1243.9343000005465,25.91466666975369,0.3271392902583988,51.172664122053106,0.0,0.0013653333333252249,0.0,1.0,ok
number_partition,2,batch,lightning.qubit,False,3,30,1135.164566648503,112.39746490121351,1108.287199982442,1012.9271999758203,25.91466666975369,0.3271392902583988,43.80394242050625,0.0,0.0013653333333252249,0.0,1.0,ok
number_partition,2,hybrid,lightning.qubit,False,3,30,1099.8704666562844,43.53005961032619,1106.8089999898802,1043.427700002212,25.91466666975369,0.3271392902583988,42.44200709476995,0.0,0.0013653333333252249,0.0,1.0,ok
number_partition,2,layer-parallel,lightning.qubit,False,3,30,1171.471399992394,131.94738826255352,1113.337999995565,1046.9784999731928,25.91466666975369,0.3271392902583988,45.20495729006143,0.0,0.0013653333333252249,0.0,1.0,ok
number_partition,3,sequential,lightning.qubit,False,3,30,1347.3851999927622,31.087384965491548,1366.6526000015438,1303.5284999932628,29.78816667261223,0.6954120912560466,45.23222979115301,0.0,0.0,nan,1.0,ok
number_partition,3,row,lightning.qubit,False,3,30,1300.8749666623771,137.21019006829619,1306.2099999806378,1130.2235000184737,29.78816667261223,0.6954120912560466,43.670863701001934,0.0,0.0,nan,1.0,ok
number_partition,3,column,lightning.qubit,False,3,30,1075.9656333345145,32.44752356514392,1061.1879999923985,1045.7315999956336,29.78816667261223,0.6954120912560466,36.120572479667786,0.0,0.0,nan,1.0,ok
number_partition,3,batch,lightning.qubit,False,3,30,1273.7751666572876,56.71975625585119,1274.6861999912653,1203.8568999851122,29.78816667261223,0.6954120912560466,42.76111318486811,0.006826666666673494,0.0,nan,1.0,ok
number_partition,3,hybrid,lightning.qubit,False,3,30,1304.3707333272323,60.12682304142587,1275.4246999975294,1249.601799994707,29.78816667261223,0.6954120912560466,43.78821790756575,0.0,0.0,nan,1.0,ok
number_partition,3,layer-parallel,lightning.qubit,False,3,30,1339.3099333334249,102.86134631202565,1353.768900007708,1206.7253999994136,29.78816667261223,0.6954120912560466,44.96114004104892,0.0,0.0,nan,1.0,ok
number_partition,4,sequential,lightning.qubit,False,3,30,1285.4632000089623,84.98796629070948,1329.0963000035845,1166.6593000118155,31.188733322778717,0.061103864849553984,41.21562702484372,0.0,0.0,nan,1.0,ok
number_partition,4,row,lightning.qubit,False,3,30,1240.9114666709986,62.39611678846156,1279.928200005088,1152.8598000004422,31.188733322778717,0.061103864849553984,39.787171021937525,0.0,0.0,nan,1.0,ok
number_partition,4,column,lightning.qubit,False,3,30,1135.386066666494,81.16764450694433,1083.8637000124436,1072.3138999892399,31.188733322778717,0.061103864849553984,36.40372486167188,0.0,0.0,nan,1.0,ok
number_partition,4,batch,lightning.qubit,False,3,30,1115.8402666721183,80.66171943891585,1145.1088000030722,1005.7231000100728,31.188733322778717,0.061103864849553984,35.777030606663445,0.0,0.0,nan,1.0,ok
number_partition,4,hybrid,lightning.qubit,False,3,30,1208.701133330275,111.09249695155452,1209.3921000196133,1072.2969999769703,31.188733322778717,0.061103864849553984,38.75441560326207,0.0,0.0,nan,1.0,ok
number_partition,4,layer-parallel,lightning.qubit,False,3,30,1390.4681333127276,57.14197502848127,1351.9580999854952,1348.1963999802247,31.188733322778717,0.061103864849553984,44.582385533983775,0.0,0.0,nan,1.0,ok
number_partition,5,sequential,lightning.qubit,False,3,30,1334.8232000134885,194.947235061451,1325.320300005842,1100.9559000085574,33.38883333102179,0.035748117181898055,39.978132412709826,0.005461333333329321,0.0,nan,1.0,ok
number_partition,5,row,lightning.qubit,False,3,30,1050.2596333390102,35.30750274411404,1034.011100011412,1017.4948000058066,33.38883333102179,0.035748117181898055,31.45541573515259,0.0,0.0,nan,1.0,ok
number_partition,5,column,lightning.qubit,False,3,30,1113.0617666543305,24.416486304025973,1096.5025999757927,1095.1003000081982,33.38883333102179,0.035748117181898055,33.33634798255072,0.0,0.0,nan,1.0,ok
number_partition,5,batch,lightning.qubit,False,3,30,1176.122766676902,32.37010862918712,1197.117800009437,1130.3954000177328,33.38883333102179,0.035748117181898055,35.22503332226821,0.010922666666668116,0.0,nan,1.0,ok
number_partition,5,hybrid,lightning.qubit,False,3,30,1120.3323000033076,34.26012901176976,1101.2562999967486,1091.2993999954779,33.38883333102179,0.035748117181898055,33.554101423555856,0.0,0.0,nan,1.0,ok
number_partition,5,layer-parallel,lightning.qubit,False,3,30,1147.345199996683,62.6093687376352,1163.7181999976747,1063.8006000081077,33.38883333102179,0.035748117181898055,34.36314137189923,0.0,0.0,nan,1.0,ok
number_partition,6,sequential,lightning.qubit,False,3,30,1191.8254666670691,84.85616680317592,1146.896399994148,1117.9215000011027,35.83779999947486,0.34570247630053486,33.25610017033783,0.0,0.0,nan,1.0,ok
number_partition,6,row,lightning.qubit,False,3,30,1362.6900666664976,70.69133283368005,1397.026899998309,1264.2096999916248,35.83779999947486,0.34570247630053486,38.02382028713998,0.0,0.0,nan,1.0,ok
number_partition,6,column,lightning.qubit,False,3,30,1338.3309999965907,73.91433234480371,1298.0062999995425,1274.9742999731097,35.83779999947486,0.34570247630053486,37.34411710585476,0.0,0.0,nan,1.0,ok
number_partition,6,batch,lightning.qubit,False,3,30,1228.848266667531,97.2069407058761,1189.1871000116225,1134.6874999871943,35.83779999947486,0.34570247630053486,34.28916581613653,0.0,0.0,nan,1.0,ok
number_partition,6,hybrid,lightning.qubit,False,3,30,1166.001600009622,67.3102907791238,1184.9488000152633,1075.7395999971777,35.83779999947486,0.34570247630053486,32.535523944737335,0.0,0.0,nan,1.0,ok
number_partition,6,layer-parallel,lightning.qubit,False,3,30,1170.0092333194334,31.80384073301771,1169.6649999939837,1131.2308999767993,35.83779999947486,0.34570247630053486,32.647350934950744,0.0,0.0,nan,1.0,ok
number_partition,8,sequential,lightning.qubit,False,3,30,1520.529433337894,86.51827884465949,1497.745800006669,1427.811700006714,40.524633339373395,0.3542713322847007,37.52111513518767,0.0013653333333346989,0.0027306666666693977,0.5,1.0,ok
number_partition,8,row,lightning.qubit,False,3,30,1346.6760999969363,112.10795191648484,1291.2598999973852,1245.7409999915399,40.524633339373395,0.3542713322847007,33.23104958703024,0.0,0.0027306666666693977,0.0,1.0,ok
number_partition,8,column,lightning.qubit,False,3,30,1547.8124333409748,20.810722683221687,1554.685300012352,1519.5929000037722,40.524633339373395,0.3542713322847007,38.194359968141484,0.0,0.0027306666666693977,0.0,1.0,ok
number_partition,8,batch,lightning.qubit,False,3,30,1307.9665999975987,73.60782567540407,1294.5900000049733,1225.251500000013,40.524633339373395,0.3542713322847007,32.275840451017466,0.0,0.0027306666666693977,0.0,1.0,ok
number_partition,8,hybrid,lightning.qubit,False,3,30,1458.9163666629854,38.85176968536236,1475.187600008212,1405.3315999917686,40.524633339373395,0.3542713322847007,36.000729591932284,0.0,0.0027306666666693977,0.0,1.0,ok
number_partition,8,layer-parallel,lightning.qubit,False,3,30,1336.9199000007939,91.07467044165443,1380.9529000136536,1210.081099998206,40.524633339373395,0.3542713322847007,32.99030218989924,0.0,0.0027306666666693977,0.0,1.0,ok
number_partition,10,sequential,lightning.qubit,False,2,30,2644.942400016589,8.24799999827519,2644.942400016589,2636.694400018314,46.82650000904687,1.199499994982034,56.48387984379757,0.0,0.002048000000002048,0.0,1.0,ok
number_partition,10,row,lightning.qubit,False,2,30,2783.538250005222,113.08694999024738,2783.538250005222,2670.4513000149745,46.82650000904687,1.199499994982034,59.443653688988995,0.0,0.002048000000002048,0.0,1.0,ok
number_partition,10,column,lightning.qubit,False,2,30,2668.000050005503,21.858449996216223,2668.000050005503,2646.141600009287,46.82650000904687,1.199499994982034,56.976285852883436,0.0,0.002048000000002048,0.0,1.0,ok
number_partition,10,batch,lightning.qubit,False,2,30,2698.50569999835,74.00690000213217,2698.50569999835,2624.4987999962177,46.82650000904687,1.199499994982034,57.62774709783989,0.0,0.002048000000002048,0.0,1.0,ok
number_partition,10,hybrid,lightning.qubit,False,2,30,2692.940200009616,96.72359999967739,2692.940200009616,2596.2166000099387,46.82650000904687,1.199499994982034,57.508893457536665,0.0,0.002048000000002048,0.0,1.0,ok
number_partition,10,layer-parallel,lightning.qubit,False,2,30,2593.1291000015335,27.845500022522174,2593.1291000015335,2565.2835999790113,46.82650000904687,1.199499994982034,55.37738458993394,0.0,0.002048000000002048,0.0,1.0,ok
number_partition,12,sequential,lightning.qubit,False,2,30,21318.98954998178,95.61715000018012,21318.98954998178,21223.3723999816,53.24564999318682,0.4889499978162348,400.3893191783687,0.018431999999990012,0.0,nan,1.0,ok
number_partition,12,row,lightning.qubit,False,2,30,21174.128749989904,60.16985001042485,21174.128749989904,21113.95889997948,53.24564999318682,0.4889499978162348,397.668706320597,0.0,0.0,nan,1.0,ok
number_partition,12,column,lightning.qubit,False,2,30,21227.875600001425,55.29890001344029,21227.875600001425,21172.576699987985,53.24564999318682,0.4889499978162348,398.67811929646257,0.0,0.0,nan,1.0,ok
number_partition,12,batch,lightning.qubit,False,2,30,21313.67324999883,2.1760499803349376,21313.67324999883,21311.497200018493,53.24564999318682,0.4889499978162348,400.28947440262397,0.0,0.0,nan,1.0,ok
number_partition,12,hybrid,lightning.qubit,False,2,30,21171.94184998516,39.54465000424534,21171.94184998516,21132.397199980915,53.24564999318682,0.4889499978162348,397.6276344207324,0.0,0.0,nan,1.0,ok
number_partition,12,layer-parallel,lightning.qubit,False,2,30,21277.680749990395,36.72255000856239,21277.680749990395,21240.958199981833,53.24564999318682,0.4889499978162348,399.61350368927856,0.0,0.0,nan,1.0,ok
number_partition,14,sequential,lightning.qubit,False,2,30,389601.8405000068,1534.3944000051124,389601.8405000068,388067.4461000017,67.93589999142569,1.412099998560734,5734.844766157204,0.004096000000004096,0.0,nan,1.0,ok
number_partition,14,row,lightning.qubit,False,2,30,391088.00140001404,3369.819700004882,391088.00140001404,387718.18170000915,67.93589999142569,1.412099998560734,5756.720694792797,0.0,0.0,nan,1.0,ok
number_partition,14,column,lightning.qubit,False,2,30,384652.7075500053,3019.7310500079766,384652.7075500053,381632.9764999973,67.93589999142569,1.412099998560734,5661.994727361424,0.0,0.0,nan,1.0,ok
number_partition,14,batch,lightning.qubit,False,2,30,385257.91724999726,1132.7512499847217,385257.91724999726,384125.16600001254,67.93589999142569,1.412099998560734,5670.903267618761,0.0,0.0,nan,1.0,ok
number_partition,14,hybrid,lightning.qubit,False,2,30,387736.66404999676,228.01674998481758,387736.66404999676,387508.64730001194,67.93589999142569,1.412099998560734,5707.389820388538,0.0,0.0,nan,1.0,ok
number_partition,14,layer-parallel,lightning.qubit,False,2,30,384625.3533499839,3802.0804499974474,384625.3533499839,380823.2728999865,67.93589999142569,1.412099998560734,5661.5920801598,0.0,0.0,nan,1.0,ok
number_partition,16,sequential,lightning.qubit,False,1,30,7873790.769700019,0.0,7873790.769700019,7873790.769700019,124.09029999980703,0.0,63452.10519849064,0.0,1.0526720000000012,0.0,1.0,ok
number_partition,16,row,lightning.qubit,False,1,30,7914620.457200013,0.0,7914620.457200013,7914620.457200013,124.09029999980703,0.0,63781.13726223823,0.0,1.0526720000000012,0.0,1.0,ok
number_partition,16,column,lightning.qubit,False,1,30,7905571.452600008,0.0,7905571.452600008,7905571.452600008,124.09029999980703,0.0,63708.21452291035,0.0,1.0526720000000012,0.0,1.0,ok
number_partition,16,batch,lightning.qubit,False,1,30,7909827.1001999965,0.0,7909827.1001999965,7909827.1001999965,124.09029999980703,0.0,63742.50928728754,0.0,1.0526720000000012,0.0,1.0,ok
number_partition,16,hybrid,lightning.qubit,False,1,30,7931060.109800018,0.0,7931060.109800018,7931060.109800018,124.09029999980703,0.0,63913.6186294364,0.0,1.0526720000000012,0.0,1.0,ok
number_partition,16,layer-parallel,lightning.qubit,False,1,30,7839910.287100007,0.0,7839910.287100007,7839910.287100007,124.09029999980703,0.0,63179.07432822871,0.0,1.0526720000000012,0.0,1.0,ok
number_partition,18,sequential,lightning.qubit,False,1,30,7851559.798000002,0.0,7851559.798000002,7851559.798000002,384.4233999843709,0.0,20424.250444481826,0.0,4.243456000000009,0.0,1.0,ok
number_partition,18,row,lightning.qubit,False,1,30,4945503.896899987,0.0,4945503.896899987,4945503.896899987,384.4233999843709,0.0,12864.73169193408,0.0,4.243456000000009,0.0,1.0,ok
number_partition,18,column,lightning.qubit,False,1,30,1413286.8390999793,0.0,1413286.8390999793,1413286.8390999793,384.4233999843709,0.0,3676.380884091441,0.0,4.243456000000009,0.0,1.0,ok
number_partition,18,batch,lightning.qubit,False,1,30,1418181.891299988,0.0,1418181.891299988,1418181.891299988,384.4233999843709,0.0,3689.114375861733,0.0,4.243456000000009,0.0,1.0,ok
number_partition,18,hybrid,lightning.qubit,False,1,30,1418905.7668999885,0.0,1418905.7668999885,1418905.7668999885,384.4233999843709,0.0,3690.997392348321,0.0,4.243456000000009,0.0,1.0,ok
number_partition,18,layer-parallel,lightning.qubit,False,1,30,1421577.9925999814,0.0,1421577.9925999814,1421577.9925999814,384.4233999843709,0.0,3697.948648957834,0.0,4.243456000000009,0.0,1.0,ok
number_partition,20,sequential,lightning.qubit,False,1,30,1416645.6121999945,0.0,1416645.6121999945,1416645.6121999945,1260.9091000049375,0.0,1123.5112921260122,0.0,16.793599999999998,0.0,1.0,ok
number_partition,20,row,lightning.qubit,False,1,30,1433800.7469000004,0.0,1433800.7469000004,1433800.7469000004,1260.9091000049375,0.0,1137.116662013452,0.0,16.793599999999998,0.0,1.0,ok
number_partition,20,column,lightning.qubit,False,1,30,1420186.693799973,0.0,1420186.693799973,1420186.693799973,1260.9091000049375,0.0,1126.3196480970846,0.0,16.793599999999998,0.0,1.0,ok
number_partition,20,batch,lightning.qubit,False,1,30,1419790.5857999576,0.0,1419790.5857999576,1419790.5857999576,1260.9091000049375,0.0,1126.0055033264475,0.0,16.793599999999998,0.0,1.0,ok
number_partition,20,hybrid,lightning.qubit,False,1,30,1409517.12090004,0.0,1409517.12090004,1409517.12090004,1260.9091000049375,0.0,1117.8578383600536,0.0,16.793599999999998,0.0,1.0,ok
number_partition,20,layer-parallel,lightning.qubit,False,1,30,1414809.872600017,0.0,1414809.872600017,1414809.872600017,1260.9091000049375,0.0,1122.0554063686882,0.0,16.793599999999998,0.0,1.0,ok
number_partition,22,sequential,lightning.qubit,False,1,30,1477981.7927000113,0.0,1477981.7927000113,1477981.7927000113,7145.682099973783,0.0,206.8356487207056,0.0,67.125248,0.0,1.0,ok
number_partition,22,row,lightning.qubit,False,1,30,1446470.4704000033,0.0,1446470.4704000033,1446470.4704000033,7145.682099973783,0.0,202.42580766436703,0.0,67.125248,0.0,1.0,ok
number_partition,22,column,lightning.qubit,False,1,30,1445801.3567999587,0.0,1445801.3567999587,1445801.3567999587,7145.682099973783,0.0,202.33216879397185,0.0,67.125248,0.0,1.0,ok
number_partition,22,batch,lightning.qubit,False,1,30,1448543.351900007,0.0,1448543.351900007,1448543.351900007,7145.682099973783,0.0,202.71589634603558,0.0,67.125248,0.0,1.0,ok
number_partition,22,hybrid,lightning.qubit,False,1,30,1451331.2779000262,0.0,1451331.2779000262,1451331.2779000262,7145.682099973783,0.0,203.10605168194525,0.0,67.125248,0.0,1.0,ok
number_partition,22,layer-parallel,lightning.qubit,False,1,30,1478359.733899997,0.0,1478359.733899997,1478359.733899997,7145.682099973783,0.0,206.88853957068997,0.0,67.125248,0.0,1.0,ok
vqt,1,sequential,default.mixed,True,3,30,1435.058799999145,53.36825273804904,1406.075900013093,1389.199200028088,37.241600007594876,0.36378782277524063,38.5337579402197,0.015018666666672212,0.0013653333333346989,10.99999999999306,1.0,ok
vqt,1,row,default.mixed,True,3,30,1650.586733322901,132.80109708617766,1565.9827999770641,1547.6791000110097,37.241600007594876,0.36378782277524063,44.321047779533856,0.0,0.0013653333333346989,0.0,1.0,ok
vqt,1,column,default.mixed,True,3,30,1727.6779333284746,40.810875578609576,1719.8846999672242,1682.0493999985047,37.241600007594876,0.36378782277524063,46.391076993903056,0.0013653333333346989,0.0013653333333346989,1.0,1.0,ok
vqt,1,batch,default.mixed,True,3,30,1746.0874000098556,36.33616346657683,1737.0928000309505,1706.7691999836825,37.241600007594876,0.36378782277524063,46.88540233646693,0.0027306666666599235,0.0013653333333346989,1.9999999999930609,1.0,ok
vqt,1,hybrid,default.mixed,True,3,30,1701.0640333367821,77.17203512242685,1706.126899982337,1604.1183000197634,37.241600007594876,0.36378782277524063,45.67644872910603,0.0013653333333346989,0.0013653333333346989,1.0,1.0,ok
vqt,1,layer-parallel,default.mixed,True,3,30,1637.835300003644,37.04140065578351,1624.9585000332445,1600.2993999863975,37.241600007594876,0.36378782277524063,43.97865021023886,0.0,0.0013653333333346989,0.0,1.0,ok
vqt,2,sequential,default.mixed,True,3,30,1722.822833340615,32.58052444544913,1738.315499969758,1677.497000026051,59.382000006735325,1.5437018303282042,29.012543079471996,0.0013653333333346989,0.00682666666666402,0.20000000000027757,1.0,ok
vqt,2,row,default.mixed,True,3,30,1695.763666687223,73.37400809440531,1705.358500010334,1601.4868000056595,59.382000006735325,1.5437018303282042,28.55686346864173,0.0,0.00682666666666402,0.0,1.0,ok
vqt,2,column,default.mixed,True,3,30,1727.638566691894,3.2702168398987914,1728.4827000112273,1723.2786000240594,59.382000006735325,1.5437018303282042,29.093640606512732,0.0,0.00682666666666402,0.0,1.0,ok
vqt,2,batch,default.mixed,True,3,30,1788.620366656687,81.92541926985344,1778.2815999817103,1693.85229999898,59.382000006735325,1.5437018303282042,30.12058142962203,0.0,0.00682666666666402,0.0,1.0,ok
vqt,2,hybrid,default.mixed,True,3,30,1667.1534000197425,44.98160138445093,1636.6434000083245,1634.0672000078484,59.382000006735325,1.5437018303282042,28.07506314759772,0.0,0.00682666666666402,0.0,1.0,ok
vqt,2,layer-parallel,default.mixed,True,3,30,1698.649100008576,11.649715246240884,1694.409599993378,1686.9814000092447,59.382000006735325,1.5437018303282042,28.60545451173603,0.0,0.00682666666666402,0.0,1.0,ok
vqt,3,sequential,default.mixed,True,3,30,1678.3663666574284,73.01268470466208,1674.3473999667913,1591.0217000055127,84.57776669335242,0.3441553332299234,19.844061060899868,0.005461333333329321,0.009557333333333418,0.5714285714281466,1.0,ok
vqt,3,row,default.mixed,True,3,30,1676.5127333346754,40.69618385515977,1703.0477999942377,1619.016400014516,84.57776669335242,0.3441553332299234,19.82214474181008,0.0,0.009557333333333418,0.0,1.0,ok
vqt,3,column,default.mixed,True,3,30,1693.0181999923661,38.294170168160356,1719.0974000259303,1638.8741999980994,84.57776669335242,0.3441553332299234,20.017296107269203,0.0027306666666693977,0.009557333333333418,0.28571428571456897,1.0,ok
vqt,3,batch,default.mixed,True,3,30,1756.3844333441618,75.19772181586943,1776.1002000188455,1656.0250999755226,84.57776669335242,0.3441553332299234,20.766502853074375,0.0,0.009557333333333418,0.0,1.0,ok
vqt,3,hybrid,default.mixed,True,3,30,1713.8853999980104,95.20616338053227,1695.4380999668501,1607.6054000295699,84.57776669335242,0.3441553332299234,20.264018157536867,0.0,0.009557333333333418,0.0,1.0,ok
vqt,3,layer-parallel,default.mixed,True,3,30,1816.3351666686747,65.55007374878832,1845.7435999880545,1725.495700025931,84.57776669335242,0.3441553332299234,21.475326645287666,0.0,0.009557333333333418,0.0,1.0,ok
vqt,4,sequential,default.mixed,True,3,30,1798.2015666590694,99.78962917302762,1755.2366000018083,1703.2689999905415,138.06129997828975,2.7764609058999743,13.024660545292837,0.0,0.0013653333333346989,0.0,1.0,ok
vqt,4,row,default.mixed,True,3,30,1757.9584333191935,68.33013224848901,1771.966699976474,1668.151299993042,138.06129997828975,2.7764609058999743,12.73317311654775,0.0,0.0013653333333346989,0.0,1.0,ok
vqt,4,column,default.mixed,True,3,30,1871.5202999883331,70.5810529453057,1886.0531999962404,1778.7311999709345,138.06129997828975,2.7764609058999743,13.555719816361508,0.0,0.0013653333333346989,0.0,1.0,ok
vqt,4,batch,default.mixed,True,3,30,1762.572866670477,44.07564677930055,1757.256899960339,1711.4461000310257,138.06129997828975,2.7764609058999743,12.766596192761062,0.0,0.0013653333333346989,0.0,1.0,ok
vqt,4,hybrid,default.mixed,True,3,30,1751.1302333441563,40.685167258630365,1755.199100007303,1699.3916000355966,138.06129997828975,2.7764609058999743,12.683715375847706,0.0,0.0013653333333346989,0.0,1.0,ok
vqt,4,layer-parallel,default.mixed,True,3,30,1789.4589666393586,67.31359988911584,1774.99219996389,1715.20789997885,138.06129997828975,2.7764609058999743,12.961336499951488,0.0,0.0013653333333346989,0.0,1.0,ok
vqt,5,sequential,default.mixed,True,3,30,1729.0515333685714,92.8623004882935,1705.2095000399277,1629.1299000149593,295.949866665372,4.359865308456844,5.842379835648297,0.0013653333333252249,0.0013653333333346989,0.9999999999930611,1.0,ok
vqt,5,row,default.mixed,True,3,30,1788.713099997646,52.947621679483916,1754.0273999911733,1748.5854999977164,295.949866665372,4.359865308456844,6.043973326131377,0.0,0.0013653333333346989,0.0,1.0,ok
vqt,5,column,default.mixed,True,3,30,1775.4520000113796,57.44225186748072,1738.0670999991708,1731.684900005348,295.949866665372,4.359865308456844,5.999164723459288,0.0,0.0013653333333346989,0.0,1.0,ok
vqt,5,batch,default.mixed,True,3,30,1809.696833350851,92.19764206865784,1761.600100027863,1728.7898000213318,295.949866665372,4.359865308456844,6.1148763259861845,0.0,0.0013653333333346989,0.0,1.0,ok
vqt,5,hybrid,default.mixed,True,3,30,1765.425233345013,100.59051229183574,1783.8922000373714,1634.0365000069141,295.949866665372,4.359865308456844,5.965284773522687,0.0,0.0013653333333346989,0.0,1.0,ok
vqt,5,layer-parallel,default.mixed,True,3,30,1763.1892666686326,130.62121991865945,1821.7571999994107,1582.18119997764,295.949866665372,4.359865308456844,5.957729552425364,0.0,0.0013653333333346989,0.0,1.0,ok
vqt,6,sequential,default.mixed,True,3,30,1831.256466684863,75.85227521422868,1833.1799000152387,1737.410000001546,893.5673000329795,4.146877084292581,2.0493772171578746,0.0013653333333346989,0.004096000000004096,0.33333333333333337,1.0,ok
vqt,6,row,default.mixed,True,3,30,1928.1787666647385,24.313936248640942,1911.4045000169426,1910.5713000171818,893.5673000329795,4.146877084292581,2.1578439213180407,0.0,0.004096000000004096,0.0,1.0,ok
vqt,6,column,default.mixed,True,3,30,1878.7144999951124,31.755117273213507,1862.8301999997348,1850.278800004162,893.5673000329795,4.146877084292581,2.102487971444091,0.0,0.004096000000004096,0.0,1.0,ok
vqt,6,batch,default.mixed,True,3,30,1870.8930000235948,20.120420014816265,1881.1956000281498,1842.771299998276,893.5673000329795,4.146877084292581,2.0937348534962554,0.0,0.004096000000004096,0.0,1.0,ok
vqt,6,hybrid,default.mixed,True,3,30,1828.7169999675825,136.01226536333618,1917.7990999887697,1636.5368999540806,893.5673000329795,4.146877084292581,2.0465352748473324,0.0,0.004096000000004096,0.0,1.0,ok
vqt,6,layer-parallel,default.mixed,True,3,30,1847.0613666577265,189.48977625103683,1943.2777999900281,1582.3512999922968,893.5673000329795,4.146877084292581,2.067064636977602,0.0,0.004096000000004096,0.0,1.0,ok
vqt,8,sequential,default.mixed,True,3,30,2131.7361999923983,16.63308519422654,2130.579699994996,2111.9678000104614,13419.567433360498,62.19382548716273,0.15885282521797153,0.0,0.0,nan,1.0,ok
vqt,8,row,default.mixed,True,3,30,2246.7588666671268,83.6597762026715,2257.081499963533,2139.5264000166208,13419.567433360498,62.19382548716273,0.1674240900702787,0.0,0.0,nan,1.0,ok
vqt,8,column,default.mixed,True,3,30,2211.670733328598,33.494709242214896,2199.687299958896,2177.9743999941275,13419.567433360498,62.19382548716273,0.1648093907878487,0.0013653333333346989,0.0,nan,1.0,ok
vqt,8,batch,default.mixed,True,3,30,2210.5027666742294,54.21248988597495,2248.040799982846,2133.8402000255883,13419.567433360498,62.19382548716273,0.16472235619003706,0.0,0.0,nan,1.0,ok
vqt,8,hybrid,default.mixed,True,3,30,2199.5429000235163,47.49621364725892,2231.1764000332914,2132.4102000216953,13419.567433360498,62.19382548716273,0.1639056482964974,0.0,0.0,nan,1.0,ok
vqt,8,layer-parallel,default.mixed,True,3,30,2201.2566333287396,123.61362214792216,2154.931499972008,2078.436400042847,13419.567433360498,62.19382548716273,0.1640333523610087,0.0,0.0,nan,1.0,ok
vqt,10,sequential,default.mixed,True,2,30,12302.63505000039,112.8871499968227,12302.63505000039,12189.747900003567,221541.5182999859,418.9184999850113,0.0555319614328073,0.01023999999999603,0.0040959999999898855,2.5000000000052043,1.0,ok
vqt,10,row,default.mixed,True,2,30,12174.40044999239,1.4190500078257173,12174.40044999239,12172.981399984565,221541.5182999859,418.9184999850113,0.054953132683270796,0.0,0.0040959999999898855,0.0,1.0,ok
vqt,10,column,default.mixed,True,2,30,12413.93884998979,11.257750040385872,12413.93884998979,12402.681099949405,221541.5182999859,418.9184999850113,0.05603436748673118,0.0,0.0040959999999898855,0.0,1.0,ok
vqt,10,batch,default.mixed,True,2,30,12077.057499991497,120.09770001168363,12077.057499991497,11956.959799979813,221541.5182999859,418.9184999850113,0.054513743485490346,0.0,0.0040959999999898855,0.0,1.0,ok
vqt,10,hybrid,default.mixed,True,2,30,12115.184850001242,50.0865500071086,12115.184850001242,12065.098299994133,221541.5182999859,418.9184999850113,0.05468584373244323,0.0,0.0040959999999898855,0.0,1.0,ok
vqt,10,layer-parallel,default.mixed,True,2,30,12199.147499981336,49.61460002232343,12199.147499981336,12149.532899959013,221541.5182999859,418.9184999850113,0.05506483657597156,0.0,0.0040959999999898855,0.0,1.0,ok
vqt,12,sequential,default.mixed,True,2,30,41105.86609996972,124.68390000867657,41105.86609996972,40981.18219996104,3753455.01955002,1010.7350499893073,0.010951474277930114,0.0,0.17817599999999345,0.0,1.0,ok
vqt,12,row,default.mixed,True,2,30,40897.05080000567,66.70160000794567,40897.05080000567,40830.34919999773,3753455.01955002,1010.7350499893073,0.010895841454604293,0.0,0.17817599999999345,0.0,1.0,ok
vqt,12,column,default.mixed,True,2,30,40803.92745000427,56.41694998485036,40803.92745000427,40747.510500019416,3753455.01955002,1010.7350499893073,0.010871031419712076,0.0,0.17817599999999345,0.0,1.0,ok
vqt,12,batch,default.mixed,True,2,30,40803.681000019424,176.85469996649772,40803.681000019424,40626.826300052926,3753455.01955002,1010.7350499893073,0.010870965760210747,0.0,0.17817599999999345,0.0,1.0,ok
vqt,12,hybrid,default.mixed,True,2,30,40713.402749970555,110.53005000576377,40713.402749970555,40602.87269996479,3753455.01955002,1010.7350499893073,0.01084691372026924,0.0,0.17817599999999345,0.0,1.0,ok
vqt,12,layer-parallel,default.mixed,True,2,30,41004.91154997144,55.032550008036196,41004.91154997144,40949.8789999634,3753455.01955002,1010.7350499893073,0.010924577845317375,0.0,0.17817599999999345,0.0,1.0,ok
vqt,14,sequential,default.mixed,True,2,30,500276.2552500062,5423.862449970329,500276.2552500062,494852.3928000359,62658287.07445003,2877.1074500121176,0.007984199355076245,0.0,0.7720960000000048,0.0,1.0,ok
vqt,14,row,default.mixed,True,2,30,498531.24030001345,2420.9972999815363,498531.24030001345,496110.2430000319,62658287.07445003,2877.1074500121176,0.007956349647855247,0.0,0.7720960000000048,0.0,1.0,ok
vqt,14,column,default.mixed,True,2,30,504181.13574996823,2538.9269500155933,504181.13574996823,501642.20879995264,62658287.07445003,2877.1074500121176,0.008046519611219256,0.0,0.7720960000000048,0.0,1.0,ok
vqt,14,batch,default.mixed,True,2,30,495762.57910000277,3110.2558999846224,495762.57910000277,492652.32320001815,62658287.07445003,2877.1074500121176,0.007912162975520573,0.0,0.7720960000000048,0.0,1.0,ok
vqt,14,hybrid,default.mixed,True,2,30,505346.0806500225,419.5066499814857,505346.0806500225,504926.574000041,62658287.07445003,2877.1074500121176,0.008065111643565593,0.0,0.7720960000000048,0.0,1.0,ok
vqt,14,layer-parallel,default.mixed,True,2,30,499526.2978000392,67.65640000230633,499526.2978000392,499458.64140003687,62658287.07445003,2877.1074500121176,0.00797223034850133,0.0,0.7720960000000048,0.0,1.0,ok
vqt,16,sequential,default.mixed,True,1,30,1555509.1142000165,0.0,1555509.1142000165,1555509.1142000165,30367.944500001613,0.0,51.22207445419738,0.0,0.0,nan,1.0,ok
vqt,16,row,default.mixed,True,1,30,1530698.545799998,0.0,1530698.545799998,1530698.545799998,30367.944500001613,0.0,50.40507584568053,0.0,0.0,nan,1.0,ok
vqt,16,column,default.mixed,True,1,30,1528926.7660999903,0.0,1528926.7660999903,1528926.7660999903,30367.944500001613,0.0,50.346732097719325,0.0,0.0,nan,1.0,ok
vqt,16,batch,default.mixed,True,1,30,6980135.633800004,0.0,6980135.633800004,6980135.633800004,30367.944500001613,0.0,229.85209399996214,0.0,0.0,nan,1.0,ok
vqt,16,hybrid,default.mixed,True,1,30,8018877.567299991,0.0,8018877.567299991,8018877.567299991,30367.944500001613,0.0,264.05730448103145,0.0,0.0,nan,1.0,ok
vqt,16,layer-parallel,default.mixed,True,1,30,8013801.297200029,0.0,8013801.297200029,8013801.297200029,30367.944500001613,0.0,263.8901456501148,0.0,0.0,nan,1.0,ok
quantum_walk,1,sequential,lightning.qubit,False,3,30,1636.6811000043526,109.74627226312397,1629.8623000038788,1505.8090999955311,22.24396667831267,0.2744304051426205,73.5786527499197,0.11059199999999691,0.01228799999999334,9.000000000004626,1.0,ok
quantum_walk,1,row,lightning.qubit,False,3,30,1678.4364666673355,48.15090463700364,1705.8798000216484,1610.7434000005014,22.24396667831267,0.2744304051426205,75.4558074528933,0.00819199999999872,0.01228799999999334,0.6666666666669238,1.0,ok
quantum_walk,1,column,lightning.qubit,False,3,30,1514.1256999922916,47.554078291993235,1527.3977000033483,1450.3934999811463,22.24396667831267,0.2744304051426205,68.06905089767679,0.0013653333333346989,0.01228799999999334,0.11111111111128245,1.0,ok
quantum_walk,1,batch,lightning.qubit,False,3,30,1565.711866656784,37.56154170330674,1566.3241000147536,1519.4054999738,22.24396667831267,0.2744304051426205,70.3881591489397,0.06280533333332983,0.01228799999999334,5.111111111113596,1.0,ok
quantum_walk,1,hybrid,lightning.qubit,False,3,30,1551.0864000146587,43.17772964983248,1580.7400000048801,1490.0322000030428,22.24396667831267,0.2744304051426205,69.73065651671428,0.0,0.01228799999999334,0.0,1.0,ok
quantum_walk,1,layer-parallel,lightning.qubit,False,3,30,1634.8145666803855,10.663504726552128,1632.3324000113644,1623.1737000052817,22.24396667831267,0.2744304051426205,73.49474085817123,0.0,0.01228799999999334,0.0,1.0,ok
quantum_walk,2,sequential,lightning.qubit,False,3,30,1636.6413666595083,82.01707802346773,1692.5680999993347,1520.6759999855421,24.968499996854614,0.061270953350592,65.54824546391184,0.004095999999994622,0.0013653333333346989,2.9999999999930607,1.0,ok
quantum_walk,2,row,lightning.qubit,False,3,30,1608.2366333381894,29.955165336580105,1600.175500032492,1576.2500999844633,24.968499996854614,0.061270953350592,64.41062272626652,0.0013653333333346989,0.0013653333333346989,1.0,1.0,ok
quantum_walk,2,column,lightning.qubit,False,3,30,1676.169833323608,44.10182735107658,1696.8595999642275,1614.8699999903329,24.968499996854614,0.061270953350592,67.13137887877774,0.0013653333333346989,0.0013653333333346989,1.0,1.0,ok
quantum_walk,2,batch,lightning.qubit,False,3,30,1614.6628333566089,53.98150441566069,1650.2269000047818,1538.3795000379905,24.968499996854614,0.061270953350592,64.6679950161209,0.0,0.0013653333333346989,0.0,1.0,ok
quantum_walk,2,hybrid,lightning.qubit,False,3,30,1657.9227999706443,73.07663486621075,1621.882499952335,1592.0614000060596,24.968499996854614,0.061270953350592,66.40057673386465,0.0,0.0013653333333346989,0.0,1.0,ok
quantum_walk,2,layer-parallel,lightning.qubit,False,3,30,1679.6046000090428,61.135032452587325,1668.4550000354648,1610.9297999646515,24.968499996854614,0.061270953350592,67.26894287685002,0.0,0.0013653333333346989,0.0,1.0,ok
quantum_walk,3,sequential,lightning.qubit,False,3,30,1626.8573666651112,2.55044838256311,1626.6454000142403,1623.8450999953784,27.87706667246918,0.48840432150797825,58.35826938964716,0.0,0.0,nan,1.0,ok
quantum_walk,3,row,lightning.qubit,False,3,30,1631.0142000050594,101.65514799127175,1591.8383999960497,1530.812299984973,27.87706667246918,0.48840432150797825,58.507382400308835,0.0,0.0,nan,1.0,ok
quantum_walk,3,column,lightning.qubit,False,3,30,1782.8984333124633,63.68577834314507,1753.7979999906383,1723.6333999899216,27.87706667246918,0.48840432150797825,63.95574018816038,0.0,0.0,nan,1.0,ok
quantum_walk,3,batch,lightning.qubit,False,3,30,1788.1548666628078,59.94625502381967,1830.2809000015259,1703.3786000101827,27.87706667246918,0.48840432150797825,64.14429780837568,0.0,0.0,nan,1.0,ok
quantum_walk,3,hybrid,lightning.qubit,False,3,30,1763.105733320117,44.05768469883345,1743.7131999759004,1721.5226999833249,27.87706667246918,0.48840432150797825,63.245740810360225,0.0,0.0,nan,1.0,ok
quantum_walk,3,layer-parallel,lightning.qubit,False,3,30,1649.5898666519981,95.14767665802239,1582.9929999890737,1581.6298999707215,27.87706667246918,0.48840432150797825,59.17372462580862,0.0,0.0,nan,1.0,ok
quantum_walk,4,sequential,lightning.qubit,False,3,30,1587.2608333205183,114.29667642531435,1526.1888999957591,1488.1886999937706,31.217933321992557,0.19882923851907738,50.84451994143755,0.0054613333333387954,0.0,nan,1.0,ok
quantum_walk,4,row,lightning.qubit,False,3,30,1686.7050000000745,41.215134209943834,1693.940399971325,1632.9997000284493,31.217933321992557,0.19882923851907738,54.030002005668216,0.0,0.0,nan,1.0,ok
quantum_walk,4,column,lightning.qubit,False,3,30,1704.542099983276,68.13114077170793,1688.9700999599881,1629.9817999824882,31.217933321992557,0.19882923851907738,54.601375510737356,0.0,0.0,nan,1.0,ok
quantum_walk,4,batch,lightning.qubit,False,3,30,1595.708033341604,38.66708115261137,1579.4854999985546,1558.5939000011422,31.217933321992557,0.19882923851907738,51.11510800163867,0.0013653333333346989,0.0,nan,1.0,ok
quantum_walk,4,hybrid,lightning.qubit,False,3,30,1553.7071666525055,6.154069901367983,1550.170399947092,1548.5888000112027,31.217933321992557,0.19882923851907738,49.76969969879276,0.0,0.0,nan,1.0,ok
quantum_walk,4,layer-parallel,lightning.qubit,False,3,30,1926.3997333279501,389.2430119386096,1716.791299986653,1590.3939999989234,31.217933321992557,0.19882923851907738,61.70811223979491,0.0,0.0,nan,1.0,ok
quantum_walk,5,sequential,lightning.qubit,False,3,30,1640.683933335822,38.6602185993132,1614.1103000263683,1612.5907999812625,33.47349999239668,0.35560939561133076,49.01441240708304,0.0013653333333346989,0.0,nan,1.0,ok
quantum_walk,5,row,lightning.qubit,False,3,30,1665.0458666845225,133.84899618500526,1699.6362000354566,1486.580100026913,33.47349999239668,0.35560939561133076,49.74221001875299,0.0,0.0,nan,1.0,ok
quantum_walk,5,column,lightning.qubit,False,3,30,1677.9278666557123,36.04880268178843,1652.6278000092134,1652.2476999671198,33.47349999239668,0.35560939561133076,50.12705175846099,0.0,0.0,nan,1.0,ok
quantum_walk,5,batch,lightning.qubit,False,3,30,1721.5201000023324,74.12847731718665,1715.5635000090115,1633.856599975843,33.47349999239668,0.35560939561133076,51.42934262605841,0.0,0.0,nan,1.0,ok
quantum_walk,5,hybrid,lightning.qubit,False,3,30,1576.5764000049483,81.25873146451538,1538.0553000140935,1502.0736000151373,33.47349999239668,0.35560939561133076,47.099239707919956,0.0,0.0,nan,1.0,ok
quantum_walk,5,layer-parallel,lightning.qubit,False,3,30,1589.1519000094074,28.490712696522994,1577.9770000372082,1561.2143999896944,33.47349999239668,0.35560939561133076,47.474924951689374,0.0,0.0,nan,1.0,ok
quantum_walk,6,sequential,lightning.qubit,False,3,30,1554.9720666410092,57.76088232503393,1555.346799956169,1484.043099975679,36.23453329782933,1.2001217979367609,42.91409120299506,0.0,0.0,nan,1.0,ok
quantum_walk,6,row,lightning.qubit,False,3,30,1539.2604333270963,64.17241833732773,1521.1266999831423,1471.3173999916762,36.23453329782933,1.2001217979367609,42.48048182862362,0.0,0.0,nan,1.0,ok
quantum_walk,6,column,lightning.qubit,False,3,30,1770.225200006583,100.47919053709192,1807.9893999965861,1632.7071000123397,36.23453329782933,1.2001217979367609,48.854643316535565,0.0,0.0,nan,1.0,ok
quantum_walk,6,batch,lightning.qubit,False,3,30,1893.7957333400846,38.31965385605778,1918.3200999977998,1839.6824999945238,36.23453329782933,1.2001217979367609,52.264940678938856,0.0,0.0,nan,1.0,ok
quantum_walk,6,hybrid,lightning.qubit,False,3,30,1865.2445999905467,34.594398371179736,1886.0080000013113,1816.4986000047065,36.23453329782933,1.2001217979367609,51.47698701289155,0.0,0.0,nan,1.0,ok
quantum_walk,6,layer-parallel,lightning.qubit,False,3,30,1780.051133343174,40.97708104994938,1785.7495000353083,1727.2587000043131,36.23453329782933,1.2001217979367609,49.12581924850706,0.0,0.0,nan,1.0,ok
quantum_walk,8,sequential,lightning.qubit,False,3,30,2020.43400000548,37.42000128783271,2038.89959998196,1968.251800048165,40.78900001089399,0.8874659646528569,49.53379586324399,0.0013653333333346989,0.0,nan,1.0,ok
quantum_walk,8,row,lightning.qubit,False,3,30,1980.515733322439,48.48798876388142,2002.2630000021309,1913.3222999516875,40.78900001089399,0.8874659646528569,48.55514312176027,0.0,0.0,nan,1.0,ok
quantum_walk,8,column,lightning.qubit,False,3,30,1990.8935999847017,35.44097403780763,1992.3045000177808,1946.7991999699734,40.78900001089399,0.8874659646528569,48.80957119451251,0.0,0.0,nan,1.0,ok
quantum_walk,8,batch,lightning.qubit,False,3,30,1991.8832333448033,31.114512886950628,1993.8306999974884,1952.8395000379533,40.78900001089399,0.8874659646528569,48.83383345541219,0.0,0.0,nan,1.0,ok
quantum_walk,8,hybrid,lightning.qubit,False,3,30,1974.7715666890144,18.053629643104298,1970.0288000167347,1955.4167000460438,40.78900001089399,0.8874659646528569,48.4143167560271,0.0,0.0,nan,1.0,ok
quantum_walk,8,layer-parallel,lightning.qubit,False,3,30,2023.3023999996174,59.09478877698475,2009.0616999659687,1959.1052000178024,40.78900001089399,0.8874659646528569,49.60411874425042,0.0,0.0,nan,1.0,ok
quantum_walk,10,sequential,lightning.qubit,False,2,30,3215.381449990673,68.9837499812711,3215.381449990673,3146.397700009402,44.41025000414811,0.426750018959865,72.40178674270787,0.0,0.008191999999993982,0.0,1.0,ok
quantum_walk,10,row,lightning.qubit,False,2,30,3189.4892499840353,45.60644997400232,3189.4892499840353,3143.882800010033,44.41025000414811,0.426750018959865,71.81876367924349,0.0,0.008191999999993982,0.0,1.0,ok
quantum_walk,10,column,lightning.qubit,False,2,30,3231.5773500013165,56.75854999572039,3231.5773500013165,3174.818800005596,44.41025000414811,0.426750018959865,72.76647507499898,0.0,0.008191999999993982,0.0,1.0,ok
quantum_walk,10,batch,lightning.qubit,False,2,30,3199.0855500043835,34.24224999616854,3199.0855500043835,3164.843300008215,44.41025000414811,0.426750018959865,72.03484667853874,0.0,0.008191999999993982,0.0,1.0,ok
quantum_walk,10,hybrid,lightning.qubit,False,2,30,3298.865899996599,18.75720001407899,3298.865899996599,3280.10869998252,44.41025000414811,0.426750018959865,74.28163317451424,0.0,0.008191999999993982,0.0,1.0,ok
quantum_walk,10,layer-parallel,lightning.qubit,False,2,30,3171.4876500191167,55.62805000226945,3171.4876500191167,3115.8596000168473,44.41025000414811,0.426750018959865,71.41341581555803,0.0,0.008191999999993982,0.0,1.0,ok
quantum_walk,12,sequential,lightning.qubit,False,2,30,21951.954099989962,70.70420001400635,21951.954099989962,21881.249899975955,51.5538000036031,0.05590001819655299,425.80671256931083,0.0,0.0,nan,1.0,ok
quantum_walk,12,row,lightning.qubit,False,2,30,21982.6656000223,141.60670002456754,21982.6656000223,21841.058899997734,51.5538000036031,0.05590001819655299,426.40243005337976,0.0,0.0,nan,1.0,ok
quantum_walk,12,column,lightning.qubit,False,2,30,22042.66460001236,67.39879999076948,22042.66460001236,21975.26580002159,51.5538000036031,0.05590001819655299,427.5662433898528,0.0,0.0,nan,1.0,ok
quantum_walk,12,batch,lightning.qubit,False,2,30,21956.265999993775,9.279099991545081,21956.265999993775,21946.98690000223,51.5538000036031,0.05590001819655299,425.890351408805,0.0,0.0,nan,1.0,ok
quantum_walk,12,hybrid,lightning.qubit,False,2,30,22066.807950031944,61.12425000173971,22066.807950031944,22005.683700030204,51.5538000036031,0.05590001819655299,428.0345570741573,0.0,0.0,nan,1.0,ok
quantum_walk,12,layer-parallel,lightning.qubit,False,2,30,22022.058799979277,18.79549998557195,22022.058799979277,22003.263299993705,51.5538000036031,0.05590001819655299,427.1665483134154,0.0,0.0,nan,1.0,ok
kernel_alignment,1,sequential,default.qubit,False,3,30,1634.8846666708898,7.383689139324301,1634.3241999857128,1626.1348000261933,29.955099996489782,9.397215228925992,54.57784039654249,0.0,0.0,nan,1.0,ok
kernel_alignment,1,row,default.qubit,False,3,30,1710.6390333307597,65.16054672396481,1753.854600014165,1618.546099984087,29.955099996489782,9.397215228925992,57.10677091818145,0.0,0.0,nan,1.0,ok
kernel_alignment,1,column,default.qubit,False,3,30,1776.7364999939066,20.789335600865417,1772.4849000223912,1753.6682999925688,29.955099996489782,9.397215228925992,59.31332227908133,0.0,0.0,nan,1.0,ok
kernel_alignment,1,batch,default.qubit,False,3,30,1764.505966663516,47.79342808209257,1751.732999982778,1713.4124000440352,29.955099996489782,9.397215228925992,58.90502675238224,0.0,0.0,nan,1.0,ok
kernel_alignment,1,hybrid,default.qubit,False,3,30,1712.7670333332692,53.12564847957154,1728.2374000060372,1641.3608000148088,29.955099996489782,9.397215228925992,57.177810574292046,0.0,0.0,nan,1.0,ok
kernel_alignment,1,layer-parallel,default.qubit,False,3,30,1661.3854000073236,16.442013215301436,1650.5516999750398,1648.9842000300996,29.955099996489782,9.397215228925992,55.46252224836536,0.0,0.0,nan,1.0,ok
kernel_alignment,2,sequential,default.qubit,False,3,30,1571.0614666653175,123.50266136810619,1528.952099964954,1445.3187999897636,32.63576666358858,0.34201012238267753,48.13925417655765,0.0,0.0,nan,1.0,ok
kernel_alignment,2,row,default.qubit,False,3,30,1588.3212999712366,68.60906474968617,1635.662799992133,1491.3027999573387,32.63576666358858,0.34201012238267753,48.66811668142338,0.0,0.0,nan,1.0,ok
kernel_alignment,2,column,default.qubit,False,3,30,1572.1341333313223,13.461960395580313,1567.1034999541007,1558.7480000103824,32.63576666358858,0.34201012238267753,48.17212200151368,0.0,0.0,nan,1.0,ok
kernel_alignment,2,batch,default.qubit,False,3,30,1561.4261000106733,43.1578079178614,1558.8526999927126,1509.9025000235997,32.63576666358858,0.34201012238267753,47.84401470037294,0.0,0.0,nan,1.0,ok
kernel_alignment,2,hybrid,default.qubit,False,3,30,1572.1403666539118,45.13259512729081,1572.010500007309,1516.9294999795966,32.63576666358858,0.34201012238267753,48.17231299817859,0.0,0.0,nan,1.0,ok
kernel_alignment,2,layer-parallel,default.qubit,False,3,30,1609.0421333210543,28.82822323947782,1603.2040999853052,1577.0178000093438,32.63576666358858,0.34201012238267753,49.30302848121069,0.0,0.0,nan,1.0,ok
kernel_alignment,3,sequential,default.qubit,False,3,30,1673.6252333115165,71.64046580101456,1628.7002999451943,1617.4438999732956,40.00783335262289,0.6347448012940069,41.83243862671695,0.0,0.0,nan,1.0,ok
kernel_alignment,3,row,default.qubit,False,3,30,1582.1132333173107,103.58857883626496,1551.5790999634191,1473.2970999903046,40.00783335262289,0.6347448012940069,39.54508656774307,0.0,0.0,nan,1.0,ok
kernel_alignment,3,column,default.qubit,False,3,30,1625.128699990455,25.484155751760998,1619.5045000058599,1597.11159998551,40.00783335262289,0.6347448012940069,40.62026267873146,0.0,0.0,nan,1.0,ok
kernel_alignment,3,batch,default.qubit,False,3,30,1821.8245333215843,64.4554303607991,1817.4379999982193,1745.1677999924868,40.00783335262289,0.6347448012940069,45.53669570817053,0.0,0.0,nan,1.0,ok
kernel_alignment,3,hybrid,default.qubit,False,3,30,1823.902499959028,15.24603488151769,1833.3082999452017,1802.3974999669008,40.00783335262289,0.6347448012940069,45.588634702695146,0.0,0.0,nan,1.0,ok
kernel_alignment,3,layer-parallel,default.qubit,False,3,30,1666.0977666809533,123.23609660770236,1698.6144999973476,1501.5569000388496,40.00783335262289,0.6347448012940069,41.64428880704995,0.0,0.0,nan,1.0,ok
kernel_alignment,4,sequential,default.qubit,False,3,30,1529.1465000094224,44.66621456292643,1524.873300048057,1476.703699969221,45.01719997885326,0.2820868360069418,33.96805000594741,0.0013653333333346989,0.0013653333333346989,1.0,1.0,ok
kernel_alignment,4,row,default.qubit,False,3,30,1547.8346333256923,95.53353952685681,1493.3553999871947,1468.004199967254,45.01719997885326,0.2820868360069418,34.383183184489134,0.0,0.0013653333333346989,0.0,1.0,ok
kernel_alignment,4,column,default.qubit,False,3,30,1583.617133301838,33.90579393734189,1586.690699972678,1540.6397999613546,45.01719997885326,0.2820868360069418,35.178046036753486,0.0,0.0013653333333346989,0.0,1.0,ok
kernel_alignment,4,batch,default.qubit,False,3,30,1637.3547666783754,95.6837658641273,1672.3115000058897,1506.6660000011325,45.01719997885326,0.2820868360069418,36.37175940412819,0.0,0.0013653333333346989,0.0,1.0,ok
kernel_alignment,4,hybrid,default.qubit,False,3,30,1711.420033321095,47.937265251079694,1714.5925000077114,1651.1871999828145,45.01719997885326,0.2820868360069418,38.017025361973445,0.0,0.0013653333333346989,0.0,1.0,ok
kernel_alignment,4,layer-parallel,default.qubit,False,3,30,1780.1895333298792,42.129933619825074,1759.768299991265,1741.9271999970078,45.01719997885326,0.2820868360069418,39.54465258092728,0.0,0.0013653333333346989,0.0,1.0,ok
kernel_alignment,5,sequential,default.qubit,False,3,30,1821.979333316752,26.606684400818885,1830.4514999617822,1785.9935999731533,51.255066646263,0.7747027295836785,35.547302004134494,0.0,0.004095999999994622,0.0,1.0,ok
kernel_alignment,5,row,default.qubit,False,3,30,1784.2933333401259,11.42720034394972,1782.0840000058524,1771.5339999995194,51.255066646263,0.7747027295836785,34.81203810843583,0.0,0.004095999999994622,0.0,1.0,ok
kernel_alignment,5,column,default.qubit,False,3,30,1843.100099998992,24.25408530408982,1846.0588000016287,1812.026400002651,51.255066646263,0.7747027295836785,35.95937378677415,0.0,0.004095999999994622,0.0,1.0,ok
kernel_alignment,5,batch,default.qubit,False,3,30,1725.6132000087139,55.41863629614911,1727.709800004959,1656.715500052087,51.255066646263,0.7747027295836785,33.667173080039845,0.0,0.004095999999994622,0.0,1.0,ok
kernel_alignment,5,hybrid,default.qubit,False,3,30,1839.613433345221,8.144255803829699,1842.8255000035278,1828.4285000409,51.255066646263,0.7747027295836785,35.89134799182525,0.0,0.004095999999994622,0.0,1.0,ok
kernel_alignment,5,layer-parallel,default.qubit,False,3,30,1775.138166655476,31.75726302894355,1765.3402999858372,1742.0793999917805,51.255066646263,0.7747027295836785,34.633418368306835,0.0,0.004095999999994622,0.0,1.0,ok
kernel_alignment,6,sequential,default.qubit,False,3,30,1828.6457333597355,22.363664165139628,1833.747700031381,1799.0637000184506,57.70203333425646,0.3471431305435609,31.691183615086015,0.0,0.0,nan,1.0,ok
kernel_alignment,6,row,default.qubit,False,3,30,1808.328533351111,28.715888781563578,1808.7548000039533,1772.9476999957114,57.70203333425646,0.3471431305435609,31.33907817209528,0.0,0.0,nan,1.0,ok
kernel_alignment,6,column,default.qubit,False,3,30,1778.7662999859701,45.494416119449035,1778.0710999504663,1723.3981000026688,57.70203333425646,0.3471431305435609,30.826752493832043,0.0,0.0,nan,1.0,ok
kernel_alignment,6,batch,default.qubit,False,3,30,1803.9133999845944,62.618338612185056,1826.7816999577917,1718.3890000451356,57.70203333425646,0.3471431305435609,31.26256209265419,0.0,0.0,nan,1.0,ok
kernel_alignment,6,hybrid,default.qubit,False,3,30,1824.6478666745436,6.135664594177926,1822.2468000021763,1818.6272000311874,57.70203333425646,0.3471431305435609,31.621898939067183,0.0,0.0,nan,1.0,ok
kernel_alignment,6,layer-parallel,default.qubit,False,3,30,1712.0797000049304,59.60033273598859,1678.7446000380442,1661.7033999646083,57.70203333425646,0.3471431305435609,29.671046253902205,0.0,0.0,nan,1.0,ok
kernel_alignment,8,sequential,default.qubit,False,3,30,1947.5703333543304,8.246294412990588,1950.1053999993019,1936.44470005529,73.44066665973514,0.8465493535499212,26.518963156718083,0.0,0.0,nan,1.0,ok
kernel_alignment,8,row,default.qubit,False,3,30,1929.1740666570452,21.034010574899543,1936.9852999807335,1900.411200011149,73.44066665973514,0.8465493535499212,26.268471603005498,0.0,0.0,nan,1.0,ok
kernel_alignment,8,column,default.qubit,False,3,30,2000.8917333325371,19.98816703177777,1993.8740000361577,1980.6865999707952,73.44066665973514,0.8465493535499212,27.24501048721489,0.0,0.0,nan,1.0,ok
kernel_alignment,8,batch,default.qubit,False,3,30,2004.9068999942392,66.09092280468099,2050.6333999801427,1911.4473999943584,73.44066665973514,0.8465493535499212,27.299682739582988,0.0,0.0,nan,1.0,ok
kernel_alignment,8,hybrid,default.qubit,False,3,30,1990.8526666501227,31.816864016854563,1992.938499955926,1950.8840999915265,73.44066665973514,0.8465493535499212,27.108314197011982,0.0,0.0,nan,1.0,ok
kernel_alignment,8,layer-parallel,default.qubit,False,3,30,1997.4716666620225,14.135304257070702,2006.5768999629654,1977.5070000323467,73.44066665973514,0.8465493535499212,27.198441374677277,0.0,0.0,nan,1.0,ok
kernel_alignment,10,sequential,default.qubit,False,2,30,3134.195449994877,34.84194999327883,3134.195449994877,3099.353500001598,107.1842499950435,15.141150011913851,29.24119402001517,0.0,0.014336000000000126,0.0,1.0,ok
kernel_alignment,10,row,default.qubit,False,2,30,3211.7855999968015,1.4047999866306782,3211.7855999968015,3210.380800010171,107.1842499950435,15.141150011913851,29.965089088605122,0.0,0.014336000000000126,0.0,1.0,ok
kernel_alignment,10,column,default.qubit,False,2,30,3218.9265999768395,21.322599990526214,3218.9265999768395,3197.6039999863133,107.1842499950435,15.141150011913851,30.031712682839984,0.0,0.014336000000000126,0.0,1.0,ok
kernel_alignment,10,batch,default.qubit,False,2,30,3212.762249982916,2.1411500056274235,3212.762249982916,3210.6210999772884,107.1842499950435,15.141150011913851,29.974200968253104,0.0,0.014336000000000126,0.0,1.0,ok
kernel_alignment,10,hybrid,default.qubit,False,2,30,3157.744800002547,18.23409998905845,3157.744800002547,3139.5107000134885,107.1842499950435,15.141150011913851,29.460903072499644,0.0,0.014336000000000126,0.0,1.0,ok
kernel_alignment,10,layer-parallel,default.qubit,False,2,30,3245.806349994382,8.124549960484728,3245.806349994382,3237.681800033897,107.1842499950435,15.141150011913851,30.282493464706587,0.0,0.014336000000000126,0.0,1.0,ok
subsampling_qnn,1,sequential,default.mixed,True,3,30,1837.063533331578,16.83743844959744,1844.8837000178173,1813.67569998838,34.25333332658435,0.23145128519619984,53.63167186726948,0.0,0.0,nan,1.0,ok
subsampling_qnn,1,row,default.mixed,True,3,30,1859.4513333324965,48.56942261135337,1864.274799998384,1797.7013000054285,34.25333332658435,0.23145128519619984,54.28526665138771,0.0,0.0,nan,1.0,ok
subsampling_qnn,1,column,default.mixed,True,3,30,1798.085233332434,81.34282875408711,1770.0501999934204,1715.4822999727912,34.25333332658435,0.23145128519619984,52.49373006092001,0.0,0.0,nan,1.0,ok
subsampling_qnn,1,batch,default.mixed,True,3,30,1780.8397333331716,58.96311987272626,1800.5521000013687,1700.8155999938026,34.25333332658435,0.23145128519619984,51.99026081210743,0.0,0.0,nan,1.0,ok
subsampling_qnn,1,hybrid,default.mixed,True,3,30,1864.046599987584,11.399500059521303,1859.9060999695212,1852.6236999896355,34.25333332658435,0.23145128519619984,54.41942196442759,0.0,0.0,nan,1.0,ok
subsampling_qnn,1,layer-parallel,default.mixed,True,3,30,1868.0215000058524,56.09886880033015,1848.4817999997176,1811.2010000040755,34.25333332658435,0.23145128519619984,54.53546614559882,0.0,0.0,nan,1.0,ok
subsampling_qnn,2,sequential,default.mixed,True,3,30,1876.4920666775045,13.074251452023203,1878.085500036832,1859.7423000028357,56.51076669649532,0.4064979579408976,33.205921214193694,0.0013653333333346989,0.0,nan,1.0,ok
subsampling_qnn,2,row,default.mixed,True,3,30,1861.34956664561,37.11868210852326,1880.8032000088133,1809.3987999600358,56.51076669649532,0.4064979579408976,32.93796342637565,0.0,0.0,nan,1.0,ok
subsampling_qnn,2,column,default.mixed,True,3,30,1903.4916333233316,59.00848046665705,1871.501800022088,1852.7370999800041,56.51076669649532,0.4064979579408976,33.68369860466576,0.0,0.0,nan,1.0,ok
subsampling_qnn,2,batch,default.mixed,True,3,30,1897.4554333253764,35.306935649873694,1877.2746000322513,1867.9930999642238,56.51076669649532,0.4064979579408976,33.57688356125334,0.0,0.0,nan,1.0,ok
subsampling_qnn,2,hybrid,default.mixed,True,3,30,1899.3594666438487,44.183419756434056,1930.456599977333,1836.8748999782838,56.51076669649532,0.4064979579408976,33.61057684537915,0.0,0.0,nan,1.0,ok
subsampling_qnn,2,layer-parallel,default.mixed,True,3,30,1841.3262333682117,15.7522560646752,1846.2790000485256,1820.0402000220492,56.51076669649532,0.4064979579408976,32.583635668181564,0.0,0.0,nan,1.0,ok
subsampling_qnn,3,sequential,default.mixed,True,3,30,1911.9282999890856,29.721144008052764,1911.7149999947287,1875.6346000009216,80.99533330338697,0.39312295998670466,23.60541307765857,0.0013653333333346989,0.0,nan,1.0,ok
subsampling_qnn,3,row,default.mixed,True,3,30,1963.7836333325442,48.91070112994552,1979.2019000160508,1897.678499983158,80.99533330338697,0.39312295998670466,24.245639263891082,0.0,0.0,nan,1.0,ok
subsampling_qnn,3,column,default.mixed,True,3,30,1944.8641333146952,28.528313037333294,1932.6128999819048,1917.6996999885887,80.99533330338697,0.39312295998670466,24.012051731792393,0.0,0.0,nan,1.0,ok
subsampling_qnn,3,batch,default.mixed,True,3,30,1917.713733331766,70.76599973185283,1871.0890000220388,1864.3362000002526,80.99533330338697,0.39312295998670466,23.67684229594464,0.0027306666666693977,0.0,nan,1.0,ok
subsampling_qnn,3,hybrid,default.mixed,True,3,30,1903.9977999830928,47.08593182384814,1925.075899984222,1838.7557999812998,80.99533330338697,0.39312295998670466,23.50750002905999,0.0013653333333346989,0.0,nan,1.0,ok
subsampling_qnn,3,layer-parallel,default.mixed,True,3,30,1918.7801666363764,83.10784851984943,1960.001099971123,1802.8491999721155,80.99533330338697,0.39312295998670466,23.690008897785955,0.0,0.0,nan,1.0,ok
subsampling_qnn,4,sequential,default.mixed,True,3,30,1930.1758666406386,31.13269439846427,1945.613699965179,1886.7480999906547,132.208233330554,0.576429233026565,14.599513343580584,0.0,0.0,nan,1.0,ok
subsampling_qnn,4,row,default.mixed,True,3,30,1959.9734999937937,23.437745044900144,1952.4160000146367,1935.803100001067,132.208233330554,0.576429233026565,14.824897441094794,0.0,0.0,nan,1.0,ok
subsampling_qnn,4,column,default.mixed,True,3,30,1945.01993333688,33.357554624245886,1939.2190999933518,1907.375900016632,132.208233330554,0.576429233026565,14.711791273043023,0.0,0.0,nan,1.0,ok
subsampling_qnn,4,batch,default.mixed,True,3,30,1960.9363333438523,75.1064280134795,1973.4129999997094,1863.3485999889672,132.208233330554,0.576429233026565,14.83218014449233,0.0,0.0,nan,1.0,ok
subsampling_qnn,4,hybrid,default.mixed,True,3,30,1939.3881666862096,51.715186162438016,1909.275600046385,1896.724299993366,132.208233330554,0.576429233026565,14.669193573120737,0.0,0.0,nan,1.0,ok
subsampling_qnn,4,layer-parallel,default.mixed,True,3,30,1986.2723333256629,15.315013937797715,1982.3262999998406,1969.8022999800742,132.208233330554,0.576429233026565,15.02381722596262,0.0,0.0,nan,1.0,ok
subsampling_qnn,5,sequential,default.mixed,True,3,30,2017.8850666658643,58.01303841958163,2014.0945999883115,1948.804999992717,289.05109999080497,5.481373934206244,6.981066900385625,0.0013653333333252249,0.0,nan,1.0,ok
subsampling_qnn,5,row,default.mixed,True,3,30,2013.4159000008367,14.503334306227698,2021.6714999987744,1993.0275999940932,289.05109999080497,5.481373934206244,6.965605389721352,0.0,0.0,nan,1.0,ok
subsampling_qnn,5,column,default.mixed,True,3,30,1960.9653666654292,13.635712404719635,1955.5341000086628,1947.656799980905,289.05109999080497,5.481373934206244,6.784147739717336,0.0,0.0,nan,1.0,ok
subsampling_qnn,5,batch,default.mixed,True,3,30,1989.561466674786,27.37322309384807,1975.9544999687932,1964.97900004033,289.05109999080497,5.481373934206244,6.883078690024276,0.0,0.0,nan,1.0,ok
subsampling_qnn,5,hybrid,default.mixed,True,3,30,1825.7115333108231,38.14105025689731,1838.5656999889761,1773.9171999855898,289.05109999080497,5.481373934206244,6.316224132580367,0.0,0.0,nan,1.0,ok
subsampling_qnn,5,layer-parallel,default.mixed,True,3,30,1808.2821000328597,32.586532727948025,1815.412300056778,1765.2873999904841,289.05109999080497,5.481373934206244,6.255925336697847,0.0,0.0,nan,1.0,ok
subsampling_qnn,6,sequential,default.mixed,True,3,30,1792.511366676384,46.79961985012713,1779.9817000050098,1742.4951000139117,876.8027333232263,6.162463496385078,2.0443724666350795,0.005461333333329321,0.004096000000004096,1.3333333333310204,1.0,ok
subsampling_qnn,6,row,default.mixed,True,3,30,1777.1176999861684,47.8243973815735,1747.3202999681234,1739.4345999928191,876.8027333232263,6.162463496385078,2.0268158759617463,0.0,0.004096000000004096,0.0,1.0,ok
subsampling_qnn,6,column,default.mixed,True,3,30,1819.6203000067424,12.686916035502424,1820.5151000292972,1803.6539999884553,876.8027333232263,6.162463496385078,2.0752904055283707,0.0,0.004096000000004096,0.0,1.0,ok
subsampling_qnn,6,batch,default.mixed,True,3,30,1846.2185000341076,106.0988731737868,1892.1172000118531,1699.5540000498295,876.8027333232263,6.162463496385078,2.1056258493134896,0.0,0.004096000000004096,0.0,1.0,ok
subsampling_qnn,6,hybrid,default.mixed,True,3,30,1961.4718333662797,40.978600173301885,1934.5515000168234,1930.4872000357136,876.8027333232263,6.162463496385078,2.2370731281048584,0.0,0.004096000000004096,0.0,1.0,ok
subsampling_qnn,6,layer-parallel,default.mixed,True,3,30,1974.1873999785942,24.402036890253388,1982.977999956347,1940.8916999818757,876.8027333232263,6.162463496385078,2.2515753258388003,0.0,0.004096000000004096,0.0,1.0,ok
subsampling_qnn,8,sequential,default.mixed,True,3,30,2244.5436666797227,41.27744094761508,2246.0810000193305,2193.23820003774,13161.977899998115,99.11752490635138,0.17053239898541725,0.0,0.0,nan,1.0,ok
subsampling_qnn,8,row,default.mixed,True,3,30,2272.85546665856,16.527268965603483,2280.110899999272,2249.9859999516048,13161.977899998115,99.11752490635138,0.17268342827553945,0.0,0.0,nan,1.0,ok
subsampling_qnn,8,column,default.mixed,True,3,30,2345.4463333279514,143.03899165046835,2324.3512000190094,2181.7627999698743,13161.977899998115,99.11752490635138,0.17819862266508496,0.0,0.0,nan,1.0,ok
subsampling_qnn,8,batch,default.mixed,True,3,30,2246.5190999791957,68.44323753365452,2218.970099987928,2179.9349999637343,13161.977899998115,99.11752490635138,0.17068248534131922,0.0,0.0,nan,1.0,ok
subsampling_qnn,8,hybrid,default.mixed,True,3,30,2219.5217999784895,53.31591898485085,2220.8477999665774,2153.5704999696463,13161.977899998115,99.11752490635138,0.16863132705752434,0.0,0.0,nan,1.0,ok
subsampling_qnn,8,layer-parallel,default.mixed,True,3,30,2227.6116333281,42.20722251142914,2226.453599985689,2176.507299998775,13161.977899998115,99.11752490635138,0.1692459636578192,0.0,0.0,nan,1.0,ok
subsampling_qnn,10,sequential,default.mixed,True,2,30,12821.990299999015,56.42130001797341,12821.990299999015,12765.568999981042,222544.8222499981,2247.045349999098,0.05761531618828362,0.010240000000010241,0.0,nan,1.0,ok
subsampling_qnn,10,row,default.mixed,True,2,30,12783.740450016921,38.013550016330555,12783.740450016921,12745.72690000059,222544.8222499981,2247.045349999098,0.057443441374053494,0.0,0.0,nan,1.0,ok
subsampling_qnn,10,column,default.mixed,True,2,30,12848.70284999488,66.22435001190752,12848.70284999488,12782.478499982972,222544.8222499981,2247.045349999098,0.05773534841247015,0.0,0.0,nan,1.0,ok
subsampling_qnn,10,batch,default.mixed,True,2,30,12786.881100008031,22.84359998884611,12786.881100008031,12764.037500019185,222544.8222499981,2247.045349999098,0.05745755381198558,0.0,0.0,nan,1.0,ok
subsampling_qnn,10,hybrid,default.mixed,True,2,30,12735.83919997327,193.43500002287328,12735.83919997327,12542.404199950397,222544.8222499981,2247.045349999098,0.057228198217374515,0.0040959999999898855,0.0,nan,1.0,ok
subsampling_qnn,10,layer-parallel,default.mixed,True,2,30,12901.782250002725,16.069149976829067,12901.782250002725,12885.713100025896,222544.8222499981,2247.045349999098,0.057973859465979265,0.0,0.0,nan,1.0,ok
subsampling_qnn,12,sequential,default.mixed,True,2,30,41886.76255001337,51.90145000233315,41886.76255001337,41834.86110001104,3638910.8172499985,2128.6039499973413,0.011510796678899671,0.0,0.04095999999999833,0.0,1.0,ok
subsampling_qnn,12,row,default.mixed,True,2,30,41901.28004999133,87.32955000596121,41901.28004999133,41813.95049998537,3638910.8172499985,2128.6039499973413,0.011514786196837054,0.0,0.04095999999999833,0.0,1.0,ok
subsampling_qnn,12,column,default.mixed,True,2,30,41685.23755000206,27.338049956597388,41685.23755000206,41657.89950004546,3638910.8172499985,2128.6039499973413,0.011455416096595759,0.0,0.04095999999999833,0.0,1.0,ok
subsampling_qnn,12,batch,default.mixed,True,2,30,41822.84234996769,89.22754999366589,41822.84234996769,41733.61479997402,3638910.8172499985,2128.6039499973413,0.011493230928251792,0.0,0.04095999999999833,0.0,1.0,ok
subsampling_qnn,12,hybrid,default.mixed,True,2,30,41682.97185000847,141.7846500116866,41682.97185000847,41541.187199996784,3638910.8172499985,2128.6039499973413,0.011454793465235065,0.0,0.04095999999999833,0.0,1.0,ok
subsampling_qnn,12,layer-parallel,default.mixed,True,2,30,41792.77254999033,122.01705001643859,41792.77254999033,41670.75549997389,3638910.8172499985,2128.6039499973413,0.0114849675215657,0.0,0.04095999999999833,0.0,1.0,ok
subsampling_qnn,14,sequential,default.mixed,True,2,30,494398.7388499663,2437.1733499574475,494398.7388499663,491961.5655000089,60698814.347700015,312533.16859997064,0.008145113609928362,0.0,0.7516159999999985,0.0,1.0,ok
subsampling_qnn,14,row,default.mixed,True,2,30,494988.41355001787,250.9056499111466,494988.41355001787,494737.5079001067,60698814.347700015,312533.16859997064,0.008154828374646397,0.0,0.7516159999999985,0.0,1.0,ok
subsampling_qnn,14,column,default.mixed,True,2,30,492640.9659999772,2695.9112999611534,492640.9659999772,489945.05470001604,60698814.347700015,312533.16859997064,0.008116154677717263,0.0,0.7516159999999985,0.0,1.0,ok
subsampling_qnn,14,batch,default.mixed,True,2,30,494351.1506000068,251.55209994409233,494351.1506000068,494099.5985000627,60698814.347700015,312533.16859997064,0.008144329603676,0.0040959999999898855,0.7516159999999985,0.005449591280640505,1.0,ok
subsampling_qnn,14,hybrid,default.mixed,True,2,30,498821.9919000403,2957.742399943527,498821.9919000403,495864.2495000968,60698814.347700015,312533.16859997064,0.008217985759040473,0.0,0.7516159999999985,0.0,1.0,ok
subsampling_qnn,14,layer-parallel,default.mixed,True,2,30,492525.6423999672,1475.2146999235265,492525.6423999672,491050.42770004366,60698814.347700015,312533.16859997064,0.008114254746042332,0.0,0.7516159999999985,0.0,1.0,ok
subsampling_qnn,16,sequential,default.mixed,True,1,30,7879993.137000012,0.0,7879993.137000012,7879993.137000012,30183.74040001072,0.0,261.0674831074685,0.0,0.0,nan,1.0,ok
subsampling_qnn,16,row,default.mixed,True,1,30,8078754.03359998,0.0,8078754.03359998,8078754.03359998,30183.74040001072,0.0,267.6525151136375,0.0,0.0,nan,1.0,ok
subsampling_qnn,16,column,default.mixed,True,1,30,8005759.165999945,0.0,8005759.165999945,8005759.165999945,30183.74040001072,0.0,265.234164484038,0.0,0.0,nan,1.0,ok
subsampling_qnn,16,batch,default.mixed,True,1,30,7961962.806400028,0.0,7961962.806400028,7961962.806400028,30183.74040001072,0.0,263.78317269112216,0.0,0.0,nan,1.0,ok
subsampling_qnn,16,hybrid,default.mixed,True,1,30,7921195.852700039,0.0,7921195.852700039,7921195.852700039,30183.74040001072,0.0,262.4325463883603,0.0,0.0,nan,1.0,ok
subsampling_qnn,16,layer-parallel,default.mixed,True,1,30,7978622.698699939,0.0,7978622.698699939,7978622.698699939,30183.74040001072,0.0,264.3351219220367,0.0,0.0,nan,1.0,ok
adapt_vqe,1,sequential,default.mixed,True,3,30,1963.370433348852,13.352852224133219,1958.0620999913663,1950.3302000230178,34.53693329356611,0.37814884490593875,56.848429959315716,0.13926399999999717,0.0027306666666693977,50.99999999994795,1.0,ok
adapt_vqe,1,row,default.mixed,True,3,30,1899.9132333168138,11.70665769294595,1896.9596000388265,1887.2823999263346,34.53693329356611,0.37814884490593875,55.01105779043645,0.0027306666666693977,0.0027306666666693977,1.0,1.0,ok
adapt_vqe,1,column,default.mixed,True,3,30,1847.5212666671723,86.0385785380681,1902.8057999676093,1726.0084999725223,34.53693329356611,0.37814884490593875,53.494074038454,0.0,0.0027306666666693977,0.0,1.0,ok
adapt_vqe,1,batch,default.mixed,True,3,30,1926.509133268458,24.590488984293938,1933.285699924454,1893.5810999246314,34.53693329356611,0.37814884490593875,55.78112905662495,0.0,0.0027306666666693977,0.0,1.0,ok
adapt_vqe,1,hybrid,default.mixed,True,3,30,1908.301933358113,41.933276597474055,1900.4461000440642,1861.3248999463394,34.53693329356611,0.37814884490593875,55.25394849442556,0.0,0.0027306666666693977,0.0,1.0,ok
adapt_vqe,1,layer-parallel,default.mixed,True,3,30,1905.9058666462079,49.50358168812536,1923.091599950567,1838.5389000177383,34.53693329356611,0.37814884490593875,55.18457155549649,0.0027306666666693977,0.0027306666666693977,1.0,1.0,ok
adapt_vqe,2,sequential,default.mixed,True,3,30,1939.0150333056226,52.27933536274874,1917.6848999923095,1888.3737999713048,56.09403329435736,0.3618412215643835,34.56722434506547,0.0,0.0,nan,1.0,ok
adapt_vqe,2,row,default.mixed,True,3,30,1677.475933295985,178.1693338090116,1578.1862000003457,1526.564999949187,56.09403329435736,0.3618412215643835,29.90471240485263,0.0,0.0,nan,1.0,ok
adapt_vqe,2,column,default.mixed,True,3,30,1595.5337333337714,25.73139275284356,1584.5868999604136,1570.9524999838322,56.09403329435736,0.3618412215643835,28.443911760830186,0.0,0.0,nan,1.0,ok
adapt_vqe,2,batch,default.mixed,True,3,30,1690.5743666381265,51.20444111510285,1683.474799967371,1631.7139000166208,56.09403329435736,0.3618412215643835,30.13822090072788,0.0,0.0,nan,1.0,ok
adapt_vqe,2,hybrid,default.mixed,True,3,30,1685.0297333827864,84.74641196097217,1741.9935000361875,1565.2282000519335,56.09403329435736,0.3618412215643835,30.039375570312,0.0,0.0,nan,1.0,ok
adapt_vqe,2,layer-parallel,default.mixed,True,3,30,1703.7146999888744,55.10444445477467,1670.9860999835655,1658.8304999750108,56.09403329435736,0.3618412215643835,30.37247635677243,0.0013653333333346989,0.0,nan,1.0,ok
adapt_vqe,3,sequential,default.mixed,True,3,30,1712.4019333083804,50.36784331585684,1744.0438999328762,1641.313700005412,82.64356665313244,0.6703985664748827,20.72032951452338,0.00682666666666402,0.004096000000004096,1.6666666666643537,1.0,ok
adapt_vqe,3,row,default.mixed,True,3,30,1729.8988666928683,7.299763497939466,1729.2532999999821,1721.298799966462,82.64356665313244,0.6703985664748827,20.93204512764455,0.017749333333332135,0.004096000000004096,4.333333333328707,1.0,ok
adapt_vqe,3,column,default.mixed,True,3,30,1687.3968000290915,39.6636484273844,1660.2429000195116,1658.467200002633,82.64356665313244,0.6703985664748827,20.41776351583846,0.0,0.004096000000004096,0.0,1.0,ok
adapt_vqe,3,batch,default.mixed,True,3,30,1691.4026000304148,40.71472339325551,1670.8098000381142,1655.131999985315,82.64356665313244,0.6703985664748827,20.466234318389084,0.0,0.004096000000004096,0.0,1.0,ok
adapt_vqe,3,hybrid,default.mixed,True,3,30,1697.576666638876,61.14429682829289,1665.3470000019297,1644.2013999912888,82.64356665313244,0.6703985664748827,20.540941483852727,0.0,0.004096000000004096,0.0,1.0,ok
adapt_vqe,3,layer-parallel,default.mixed,True,3,30,1763.1500666417803,35.18418341147646,1770.2187999384478,1716.9610999990255,82.64356665313244,0.6703985664748827,21.3343898145392,0.0,0.004096000000004096,0.0,1.0,ok
adapt_vqe,4,sequential,default.mixed,True,3,30,1843.2029000638674,17.596217334250326,1842.5835000816733,1821.9684000359848,131.89419999253005,0.22843893914788585,13.974859396154335,0.0027306666666599235,0.0027306666666693977,0.9999999999965304,1.0,ok
adapt_vqe,4,row,default.mixed,True,3,30,1747.5215333203475,47.0777552592204,1770.3163999831304,1681.9506000028923,131.89419999253005,0.22843893914788585,13.249419105762954,0.0,0.0027306666666693977,0.0,1.0,ok
adapt_vqe,4,column,default.mixed,True,3,30,1895.1672666783754,93.49649435291269,1863.8404000084847,1799.5816000038758,131.89419999253005,0.22843893914788585,14.368844625356612,0.0054613333333387954,0.0027306666666693977,2.0,1.0,ok
adapt_vqe,4,batch,default.mixed,True,3,30,2014.725499980462,8.282690759089109,2013.7618998996913,2005.0975000485778,131.89419999253005,0.22843893914788585,15.275315367124316,0.0,0.0027306666666693977,0.0,1.0,ok
adapt_vqe,4,hybrid,default.mixed,True,3,30,1994.3424666998908,12.701023337340947,1993.262100033462,1979.3553000781685,131.89419999253005,0.22843893914788585,15.120774581542193,0.0,0.0027306666666693977,0.0,1.0,ok
adapt_vqe,4,layer-parallel,default.mixed,True,3,30,1797.5099000226085,91.01589645597429,1786.0807999968529,1692.1934999991208,131.89419999253005,0.22843893914788585,13.628422630596434,0.0027306666666599235,0.0027306666666693977,0.9999999999965304,1.0,ok
adapt_vqe,5,sequential,default.mixed,True,3,30,1841.4052999966468,60.41499712081067,1854.5503000495955,1761.720799957402,286.3262000028044,4.963685926769917,6.4311449667498515,0.0,0.0013653333333346989,0.0,1.0,ok
adapt_vqe,5,row,default.mixed,True,3,30,1880.3532332725201,13.248364570502464,1879.6644998947158,1864.4827000098303,286.3262000028044,4.963685926769917,6.567171405390436,0.0,0.0013653333333346989,0.0,1.0,ok
adapt_vqe,5,column,default.mixed,True,3,30,1891.9443333288655,36.15654325911923,1878.4964999649674,1855.9446000726894,286.3262000028044,4.963685926769917,6.607653554967499,0.0,0.0013653333333346989,0.0,1.0,ok
adapt_vqe,5,batch,default.mixed,True,3,30,1915.8561333315447,61.397074490606634,1906.8271999713033,1845.5824999837205,286.3262000028044,4.963685926769917,6.691165996380282,0.0,0.0013653333333346989,0.0,1.0,ok
adapt_vqe,5,hybrid,default.mixed,True,3,30,1887.7847999877606,85.4596205726369,1888.2048000814393,1782.9091999446973,286.3262000028044,4.963685926769917,6.593126301292969,0.0,0.0013653333333346989,0.0,1.0,ok
adapt_vqe,5,layer-parallel,default.mixed,True,3,30,1900.4539666542162,21.38048794809214,1912.3809000011533,1870.428099995479,286.3262000028044,4.963685926769917,6.637373620142349,0.0,0.0013653333333346989,0.0,1.0,ok
adapt_vqe,6,sequential,default.mixed,True,3,30,1799.8670000039663,41.81801845906985,1794.2424999782816,1751.6949999844655,862.4717333198836,4.324294594795812,2.0868707117806613,0.005461333333329321,0.0027306666666599235,2.0000000000034697,1.0,ok
adapt_vqe,6,row,default.mixed,True,3,30,1681.0314666557435,15.669349654300666,1678.6049000220373,1663.1691999500617,862.4717333198836,4.324294594795812,1.9490858676434593,0.0,0.0027306666666599235,0.0,1.0,ok
adapt_vqe,6,column,default.mixed,True,3,30,1827.3473999773462,66.4591287424393,1815.5461999122053,1752.4967000354081,862.4717333198836,4.324294594795812,2.1187330893076335,0.0,0.0027306666666599235,0.0,1.0,ok
adapt_vqe,6,batch,default.mixed,True,3,30,1743.7485332678382,55.54667531128515,1736.765099922195,1679.4790999265388,862.4717333198836,4.324294594795812,2.021803690372188,0.0,0.0027306666666599235,0.0,1.0,ok
adapt_vqe,6,hybrid,default.mixed,True,3,30,1733.1270000431687,77.11403598194238,1722.726000007242,1644.313000026159,862.4717333198836,4.324294594795812,2.0094884656357386,0.0,0.0027306666666599235,0.0,1.0,ok
adapt_vqe,6,layer-parallel,default.mixed,True,3,30,2023.8250667074074,51.63712515734306,2053.277200087905,1951.2282999930903,862.4717333198836,4.324294594795812,2.346540748549712,0.0,0.0027306666666599235,0.0,1.0,ok
adapt_vqe,8,sequential,default.mixed,True,3,30,2523.0967332997047,26.82716042427738,2527.1835000021383,2488.3880999404937,12986.213100026362,2.844662620758991,0.19429041506292416,0.0,0.0,nan,1.0,ok
adapt_vqe,8,row,default.mixed,True,3,30,2520.014966644036,32.712752984061225,2504.0322999702767,2490.408399957232,12986.213100026362,2.844662620758991,0.1940531044141668,0.0,0.0,nan,1.0,ok
adapt_vqe,8,column,default.mixed,True,3,30,2514.07503336668,16.461907775617238,2525.019000051543,2490.8079999731854,12986.213100026362,2.844662620758991,0.19359570137976378,0.0,0.0,nan,1.0,ok
adapt_vqe,8,batch,default.mixed,True,3,30,2549.9510999846584,46.95125688708139,2538.253599894233,2499.195900047198,12986.213100026362,2.844662620758991,0.1963583286631483,0.0,0.0,nan,1.0,ok
adapt_vqe,8,hybrid,default.mixed,True,3,30,2511.0160333182043,37.01707325674087,2532.4089999776334,2458.9413999347016,12986.213100026362,2.844662620758991,0.19336014386773825,0.0,0.0,nan,1.0,ok
adapt_vqe,8,layer-parallel,default.mixed,True,3,30,2529.4606999959797,24.03659093454841,2538.838200038299,2496.4755999390036,12986.213100026362,2.844662620758991,0.19478047068169896,0.0,0.0,nan,1.0,ok
adapt_vqe,10,sequential,default.mixed,True,2,30,12119.418549991678,52.34574998030439,12119.418549991678,12067.072800011374,213940.4293500702,149.98235000530258,0.0566485660836022,0.02252799999999411,0.004096000000004096,5.4999999999930616,1.0,ok
adapt_vqe,10,row,default.mixed,True,2,30,12212.76119997492,5.125799973029643,12212.76119997492,12207.635400001891,213940.4293500702,149.98235000530258,0.05708486814332419,0.0,0.004096000000004096,0.0,1.0,ok
adapt_vqe,10,column,default.mixed,True,2,30,12024.65099998517,4.992700007278472,12024.65099998517,12019.658299977891,213940.4293500702,149.98235000530258,0.056205603758554976,0.002048000000002048,0.004096000000004096,0.5,1.0,ok
adapt_vqe,10,batch,default.mixed,True,2,30,11842.2457499546,70.66324999323115,11842.2457499546,11771.582499961369,213940.4293500702,149.98235000530258,0.05535300544142203,0.0,0.004096000000004096,0.0,1.0,ok
adapt_vqe,10,hybrid,default.mixed,True,2,30,11739.284149953164,20.682850037701428,11739.284149953164,11718.601299915463,213940.4293500702,149.98235000530258,0.05487174250148018,0.0,0.004096000000004096,0.0,1.0,ok
adapt_vqe,10,layer-parallel,default.mixed,True,2,30,11878.018449933734,172.92544996598735,11878.018449933734,11705.092999967746,213940.4293500702,149.98235000530258,0.05552021413632746,0.0,0.004096000000004096,0.0,1.0,ok
adapt_vqe,12,sequential,default.mixed,True,2,30,41381.60434999736,38.345450011547655,41381.60434999736,41343.25889998581,3595558.727900032,947.2491999622434,0.011509088706824176,0.0,0.0,nan,1.0,ok
adapt_vqe,12,row,default.mixed,True,2,30,41166.238650039304,294.820949959103,41166.238650039304,40871.4177000802,3595558.727900032,947.2491999622434,0.011449191006284089,0.0,0.0,nan,1.0,ok
adapt_vqe,12,column,default.mixed,True,2,30,41213.20130000822,24.770200019702315,41213.20130000822,41188.43109998852,3595558.727900032,947.2491999622434,0.011462252300375743,0.0,0.0,nan,1.0,ok
adapt_vqe,12,batch,default.mixed,True,2,30,41356.446199992206,243.13339992659166,41356.446199992206,41113.312800065614,3595558.727900032,947.2491999622434,0.011502091699708165,0.0,0.0,nan,1.0,ok
adapt_vqe,12,hybrid,default.mixed,True,2,30,40830.95954998862,72.54045002628118,40830.95954998862,40758.41909996234,3595558.727900032,947.2491999622434,0.011355942883968895,0.0,0.0,nan,1.0,ok
adapt_vqe,12,layer-parallel,default.mixed,True,2,30,41363.105249998625,156.37204999802634,41363.105249998625,41206.7332000006,3595558.727900032,947.2491999622434,0.011503943720634634,0.0,0.0,nan,1.0,ok
adapt_vqe,14,sequential,default.mixed,True,2,30,495215.23839997826,2244.975899986457,495215.23839997826,492970.2624999918,60176623.736799985,93903.42849999666,0.008229362294666889,0.0,0.9154559999999918,0.0,1.0,ok
adapt_vqe,14,row,default.mixed,True,2,30,497413.72419998515,3226.0210999520496,497413.72419998515,494187.7031000331,60176623.736799985,93903.42849999666,0.008265896178814703,0.0,0.9154559999999918,0.0,1.0,ok
adapt_vqe,14,column,default.mixed,True,2,30,496252.2914999281,3424.035299976822,496252.2914999281,492828.2561999513,60176623.736799985,93903.42849999666,0.008246595782283038,0.0,0.9154559999999918,0.0,1.0,ok
adapt_vqe,14,batch,default.mixed,True,2,30,494805.1721500233,3128.99744999595,494805.1721500233,491676.17470002733,60176623.736799985,93903.42849999666,0.008222547916848875,0.0,0.9154559999999918,0.0,1.0,ok
adapt_vqe,14,hybrid,default.mixed,True,2,30,498986.56624997966,588.8681500218809,498986.56624997966,498397.6980999578,60176623.736799985,93903.42849999666,0.008292033272462127,0.0,0.9154559999999918,0.0,1.0,ok
adapt_vqe,14,layer-parallel,default.mixed,True,2,30,498984.4420000445,1955.1264999900013,498984.4420000445,497029.3155000545,60176623.736799985,93903.42849999666,0.008291997972210911,0.0,0.9154559999999918,0.0,1.0,ok
adapt_vqe,16,sequential,default.mixed,True,1,30,7983291.487600072,0.0,7983291.487600072,7983291.487600072,30283.563200035132,0.0,263.6179710712117,0.0,0.0,nan,1.0,ok
adapt_vqe,16,row,default.mixed,True,1,30,8004818.179500056,0.0,8004818.179500056,8004818.179500056,30283.563200035132,0.0,264.3288085561467,0.0,0.0,nan,1.0,ok
adapt_vqe,16,column,default.mixed,True,1,30,8003705.809899955,0.0,8003705.809899955,8003705.809899955,30283.563200035132,0.0,264.2920767623101,0.0,0.0,nan,1.0,ok
adapt_vqe,16,batch,default.mixed,True,1,30,8089459.296599962,0.0,8089459.296599962,8089459.296599962,30283.563200035132,0.0,267.12376093809786,0.0,0.0,nan,1.0,ok
adapt_vqe,16,hybrid,default.mixed,True,1,30,7972531.566000078,0.0,7972531.566000078,7972531.566000078,30283.563200035132,0.0,263.2626654049359,0.0,0.0,nan,1.0,ok
adapt_vqe,16,layer-parallel,default.mixed,True,1,30,7973332.704800065,0.0,7973332.704800065,7973332.704800065,30283.563200035132,0.0,263.28911998013547,0.0,0.0,nan,1.0,ok
