{
  "run_id": "20260119_015827",
  "config": {
    "n_qubits": 4,
    "n_epochs": 50,
    "n_samples": 25,
    "noise_rate": 0.1,
    "parallel_mode": "row",
    "num_threads": 0
  },
  "lret": {
    "total_time_seconds": 189.2845048904419,
    "avg_epoch_time": 3.7856900978088377,
    "final_loss": 1.0460866038025523,
    "memory_delta_mb": 0.28515625,
    "losses": [
      1.3816760879806613,
      1.2053123102049035,
      1.124173537107717,
      1.098794441273202,
      1.085087526756893,
      1.0744562226230001,
      1.0658132740489343,
      1.0596898013312903,
      1.0563323550447037,
      1.0553143727640573,
      1.0559186645518874,
      1.057500030827445,
      1.059586542376347,
      1.0618292837014789,
      1.063914756405598,
      1.0654897444073925,
      1.066130899728814,
      1.0654094950935276,
      1.0630865777181364,
      1.0593390876101334,
      1.0547686923714366,
      1.0501087811659953,
      1.0458873740110461,
      1.042279180969899,
      1.0391622471926483,
      1.036351961890632,
      1.0338516512089015,
      1.0318377442455964,
      1.030465856900462,
      1.0298225355183457,
      1.0299900000631592,
      1.0310232004757387,
      1.0328692195597664,
      1.0353551847441151,
      1.038251972264601,
      1.0413464559339094,
      1.0444804751013428,
      1.0475546539696636,
      1.0505110289453317,
      1.0533070682384362,
      1.0558873229936203,
      1.058154453985023,
      1.059942063522652,
      1.061000289308445,
      1.061021554154865,
      1.0597432764616164,
      1.0571260922463732,
      1.0535049364604319,
      1.0495602724327247,
      1.0460866038025523
    ],
    "epoch_times": [
      3.4596922397613525,
      3.5087499618530273,
      4.071713209152222,
      4.14065146446228,
      3.5076045989990234,
      3.6605801582336426,
      3.970691442489624,
      3.3681254386901855,
      3.4221651554107666,
      3.45089054107666,
      3.7826383113861084,
      3.473090410232544,
      3.2747809886932373,
      3.5785906314849854,
      3.7642924785614014,
      3.399583101272583,
      3.2481184005737305,
      3.4672598838806152,
      3.742525815963745,
      3.6911728382110596,
      3.5066399574279785,
      3.614704132080078,
      3.4103424549102783,
      3.4314403533935547,
      3.225989818572998,
      3.250454902648926,
      3.503321409225464,
      6.526004314422607,
      4.843957424163818,
      4.154248237609863,
      3.6213085651397705,
      4.171832323074341,
      3.948380947113037,
      3.535851240158081,
      3.962449073791504,
      4.360575437545776,
      3.7269086837768555,
      4.008165597915649,
      4.915002107620239,
      3.9364471435546875,
      3.6996569633483887,
      3.650287628173828,
      3.9821298122406006,
      3.5142054557800293,
      3.480546236038208,
      3.6407155990600586,
      3.5553431510925293,
      3.8573050498962402,
      4.833559274673462,
      3.4327268600463867
    ]
  },
  "baseline": {
    "total_time_seconds": 460.09444069862366,
    "avg_epoch_time": 9.201888813972474,
    "final_loss": 1.0460944709893696,
    "memory_delta_mb": 0.13671875,
    "losses": [
      1.3816487360216199,
      1.2053142663901968,
      1.1241740356054724,
      1.0987922456674806,
      1.0850840053781734,
      1.0744518841478354,
      1.065808204363436,
      1.0596839901333182,
      1.0563258220130662,
      1.0553071619034777,
      1.0559108160819688,
      1.057491582511224,
      1.0595775588501941,
      1.0618199067592415,
      1.0639052749778763,
      1.0654806709589506,
      1.0661229940326016,
      1.0654036146786303,
      1.0630832834451132,
      1.0593382342458115,
      1.0547694571992603,
      1.050110164978073,
      1.045888706481483,
      1.0422803205264406,
      1.0391633843998167,
      1.0363530779229633,
      1.0338522264762182,
      1.0318371344609691,
      1.0304636412327763,
      1.029818366478832,
      1.0299834900777662,
      1.031014142509383,
      1.0328577857404218,
      1.0353418539280383,
      1.0382373135653582,
      1.0413309553303052,
      1.0444644694052854,
      1.0475383508161409,
      1.050494574125142,
      1.0532906361831023,
      1.0558712240542123,
      1.0581392581140832,
      1.0599287211975,
      1.0609901715678764,
      1.0610162444683415,
      1.059743945655482,
      1.0571325964671792,
      1.0535152938155523,
      1.049571129327995,
      1.0460944709893696
    ],
    "epoch_times": [
      9.168935537338257,
      10.582224130630493,
      10.39376163482666,
      9.284473896026611,
      10.073045015335083,
      10.178522109985352,
      10.279281616210938,
      9.299103736877441,
      8.636258363723755,
      8.666425228118896,
      8.644695281982422,
      8.672785997390747,
      8.544495820999146,
      8.519202947616577,
      8.755396604537964,
      8.638407707214355,
      8.523238182067871,
      9.053240537643433,
      9.0940420627594,
      8.790814399719238,
      13.49362587928772,
      10.324060201644897,
      9.434995412826538,
      10.107378721237183,
      10.09076452255249,
      9.471944332122803,
      11.400339126586914,
      8.895996809005737,
      8.943902730941772,
      8.761571645736694,
      8.985657691955566,
      8.558170557022095,
      8.727736711502075,
      8.67752194404602,
      8.73389196395874,
      9.291548728942871,
      9.097098588943481,
      8.916074514389038,
      8.68121862411499,
      8.46975326538086,
      8.779510736465454,
      9.057617902755737,
      8.483768939971924,
      8.374410152435303,
      9.137655973434448,
      8.452152252197266,
      8.60319209098816,
      8.730122566223145,
      8.728485345840454,
      8.884741067886353
    ]
  },
  "comparison": {
    "speedup": 2.430703141627609,
    "loss_diff": 7.867186817334115e-06
  }
}