timestamp,overall_cpu,process_cpu,process_status,core_0,core_1,core_2,core_3,core_4,core_5,core_6,core_7,core_8,core_9,core_10,core_11,core_12,core_13,core_14,core_15,core_16,core_17,core_18,core_19,core_20,core_21,core_22,core_23,core_24,core_25,core_26,core_27,core_28,core_29,core_30,core_31,core_32,core_33,core_34,core_35,core_36,core_37,core_38,core_39,core_40,core_41,core_42,core_43,core_44,core_45,core_46,core_47,core_48,core_49,core_50,core_51,core_52,core_53,core_54,core_55,core_56,core_57,core_58,core_59,core_60,core_61,core_62,core_63,core_64,core_65,core_66,core_67,core_68,core_69,core_70,core_71,core_72,core_73,core_74,core_75,core_76,core_77,core_78,core_79,core_80,core_81,core_82,core_83,core_84,core_85,core_86,core_87,core_88,core_89,core_90,core_91,core_92,core_93,core_94,core_95
2026-01-25 15:49:06,3.5,81.2,running,5.5,6.4,86.3,0.0,14.0,0.0,3.3,1.1,7.8,0.0,21.7,0.0,0.0,0.0,2.2,0.0,2.2,0.0,0.0,0.0,0.0,0.0,1.1,0.0,0.0,0.0,0.0,0.0,5.5,0.0,0.0,15.2,2.2,0.0,2.2,5.4,1.1,0.0,1.1,0.0,0.0,0.0,0.0,1.1,0.0,0.0,0.0,0.0,0.0,0.0,100.0,0.0,100.0,0.0,100.0,0.0,100.0,100.0,49.4,100.0,100.0,49.2,100.0,48.6,48.8,100.0,47.2,47.9,100.0,42.7,100.0,100.0,100.0,100.0,0.0,100.0,100.0,0.0,100.0,100.0,0.0,100.0,100.0,0.0,100.0,100.0,100.0,49.3,100.0,100.0,49.1,100.0,65.2,100.0,100.0,100.0
2026-01-25 15:49:09,3.7,34.4,running,9.6,6.9,51.5,0.0,30.4,0.0,15.6,1.8,6.6,0.0,3.6,0.0,5.8,0.4,6.7,0.0,0.0,0.4,1.3,0.0,0.4,0.0,0.4,0.9,0.0,0.0,2.2,1.8,7.6,3.1,1.8,7.5,0.0,0.0,1.3,2.2,0.9,0.4,3.1,0.4,0.4,1.8,0.4,4.0,4.0,0.4,0.4,0.9,0.0,0.0,0.0,0.0,0.0,0.0,0.0,0.0,0.0,0.0,0.0,0.0,0.0,0.0,0.0,0.0,0.0,0.0,0.0,0.0,0.0,0.0,0.0,0.0,0.0,0.0,0.0,0.0,0.0,0.0,0.0,0.0,0.0,0.0,0.0,0.0,0.0,0.0,0.0,0.0,0.0,0.0,0.0,0.0,0.0,0.0,0.0,0.0
2026-01-25 15:49:13,5.1,15.6,running,9.8,7.8,44.3,0.0,44.5,0.0,15.2,1.8,16.4,0.0,4.5,0.0,4.5,0.4,5.3,0.0,5.3,0.0,4.4,0.4,3.1,0.4,3.2,0.4,13.2,0.0,4.0,0.0,9.7,2.2,2.7,1.4,2.2,0.9,2.7,1.3,0.9,0.0,1.3,3.6,3.1,1.3,1.8,4.0,1.3,3.1,2.2,4.0,0.0,0.0,0.0,0.0,0.0,0.0,0.0,0.0,0.0,0.0,0.0,0.0,0.0,0.0,0.0,0.0,0.0,0.0,0.0,0.0,0.0,0.0,0.0,0.0,0.0,0.0,0.0,0.0,0.0,0.0,0.0,0.0,0.0,0.0,0.0,0.0,0.0,0.0,0.0,0.0,0.0,0.0,0.0,0.0,0.0,0.0,0.0,0.0
2026-01-25 15:49:16,4.9,31.2,running,12.4,6.9,40.7,0.5,33.0,2.7,16.8,3.6,10.6,1.3,1.8,0.0,2.2,0.4,3.6,0.0,6.7,0.9,2.2,0.9,7.5,0.0,4.4,1.3,3.1,0.0,4.0,1.3,10.6,2.7,3.1,27.0,4.4,0.0,5.3,0.4,2.7,0.4,0.9,2.7,4.9,0.9,0.0,3.5,3.1,1.8,1.3,1.3,0.0,0.0,0.0,0.0,0.0,0.0,0.0,0.0,0.0,0.0,0.0,0.0,0.0,0.0,0.0,0.0,0.0,0.0,0.0,0.0,0.0,0.0,0.0,0.0,0.0,0.0,0.0,0.0,0.0,0.0,0.0,0.0,0.0,0.0,0.0,0.0,0.0,0.0,0.0,0.0,0.0,0.0,0.0,0.0,0.0,0.0,0.0,0.0
2026-01-25 15:49:20,4.6,37.5,running,6.6,9.9,41.8,0.0,11.2,3.1,3.6,4.9,4.9,4.0,4.0,0.4,0.4,1.8,0.4,1.8,1.3,1.8,0.4,0.0,2.2,0.9,0.4,4.4,2.7,0.4,2.2,0.0,8.9,0.0,2.7,46.5,6.3,0.0,2.7,0.4,0.4,0.0,2.7,2.2,1.3,0.0,3.1,4.5,7.6,1.8,2.7,0.4,0.0,0.0,0.0,0.0,0.0,0.0,0.0,0.0,0.0,0.0,0.0,0.0,0.0,0.0,0.0,0.0,0.0,0.0,0.0,0.0,0.0,0.0,0.0,0.0,0.0,0.0,0.0,0.0,0.0,0.0,0.0,0.0,0.0,0.0,0.0,0.0,0.0,0.0,0.0,0.0,0.0,0.0,0.0,0.0,0.0,0.0,0.0,0.0
2026-01-25 15:49:23,5.4,21.9,running,15.2,5.7,37.0,4.5,20.7,0.9,9.4,3.1,9.8,5.4,8.8,0.4,6.7,1.8,2.2,1.3,2.2,2.7,1.8,0.4,4.9,2.2,4.4,6.2,4.0,0.0,2.2,2.7,9.3,0.9,2.7,42.2,8.0,0.0,2.6,1.8,0.4,1.3,0.0,0.4,0.0,0.0,0.0,1.3,2.2,4.9,1.3,0.4,0.0,0.0,0.0,0.0,0.0,0.0,0.0,0.0,0.0,0.0,0.0,0.0,0.0,0.0,0.0,0.0,0.0,0.0,0.0,0.0,0.0,0.0,0.0,100.0,0.0,0.0,0.0,0.0,0.0,0.0,0.0,0.0,0.0,0.0,0.0,0.0,0.0,0.0,0.0,0.0,0.0,0.0,0.0,0.0,0.0,0.0,0.0,0.0
2026-01-25 15:49:27,5.1,28.1,running,7.1,7.8,43.3,0.0,8.0,4.4,3.5,9.6,5.4,0.4,3.5,0.9,3.1,0.9,3.1,4.4,3.6,4.9,2.2,0.9,2.7,4.0,4.9,0.9,0.9,0.0,7.6,2.7,9.4,4.9,2.2,42.5,7.1,0.4,4.1,0.0,1.8,0.0,0.0,1.3,3.1,0.0,0.4,3.1,3.1,2.7,1.8,2.2,0.0,0.0,0.0,0.0,0.0,0.0,0.0,0.0,0.0,0.0,0.0,0.0,0.0,0.0,0.0,0.0,0.0,0.0,0.0,0.0,0.0,0.0,0.0,0.0,0.0,0.0,0.0,0.0,0.0,0.0,0.0,0.0,0.0,0.0,0.0,0.0,0.0,0.0,0.0,0.0,0.0,0.0,0.0,0.0,0.0,0.0,0.0,0.0
2026-01-25 15:49:30,4.4,21.9,running,6.7,9.0,36.7,0.0,9.4,0.4,4.5,4.4,3.1,0.0,3.6,1.8,1.8,0.0,4.0,0.0,4.4,1.8,1.3,2.7,1.3,0.0,0.9,5.8,0.4,1.3,7.1,4.0,6.6,5.9,2.2,42.9,6.7,0.4,1.8,0.4,1.8,0.0,1.8,4.9,0.4,4.0,2.2,3.6,1.3,0.0,0.9,0.4,0.0,0.0,0.0,0.0,0.0,0.0,0.0,0.0,0.0,0.0,0.0,0.0,0.0,0.0,0.0,0.0,0.0,0.0,0.0,0.0,0.0,0.0,0.0,0.0,0.0,0.0,0.0,0.0,0.0,0.0,0.0,0.0,0.0,0.0,0.0,0.0,0.0,0.0,0.0,0.0,0.0,0.0,0.0,0.0,0.0,0.0,0.0,0.0
2026-01-25 15:49:34,3.8,28.1,running,9.7,7.0,33.3,0.4,8.1,2.2,6.7,1.8,4.4,1.3,3.1,1.8,2.2,2.2,1.8,0.0,3.1,1.8,3.1,2.2,1.8,4.0,3.1,8.0,6.2,0.0,4.4,0.4,5.8,0.4,1.8,47.6,8.4,1.3,3.1,3.6,0.9,0.0,1.8,3.6,0.0,1.3,2.7,1.8,1.8,0.9,2.2,1.3,0.0,0.0,0.0,0.0,0.0,0.0,0.0,0.0,0.0,0.0,0.0,0.0,0.0,0.0,0.0,0.0,0.0,0.0,0.0,0.0,0.0,0.0,0.0,0.0,0.0,0.0,0.0,0.0,0.0,0.0,0.0,0.0,0.0,0.0,0.0,0.0,0.0,0.0,0.0,0.0,0.0,0.0,0.0,0.0,0.0,0.0,0.0,0.0
2026-01-25 15:49:37,4.3,28.1,running,6.2,10.2,36.0,1.3,9.7,0.0,5.8,4.0,4.0,0.0,2.2,5.4,3.6,3.5,0.0,1.8,4.0,2.2,0.9,1.3,1.8,2.2,3.5,0.0,2.7,2.2,1.8,3.1,3.6,0.0,0.9,40.0,7.1,4.0,1.3,4.0,3.1,0.0,0.4,0.0,3.1,0.0,0.4,1.3,2.7,0.0,3.1,0.0,0.0,0.0,0.0,0.0,0.0,0.0,0.0,0.0,0.0,0.0,0.0,0.0,0.0,0.0,0.0,0.0,0.0,0.0,0.0,0.0,0.0,0.0,0.0,0.0,0.0,0.0,0.0,0.0,0.0,0.0,0.0,0.0,0.0,0.0,0.0,0.0,0.0,0.0,0.0,0.0,0.0,0.0,0.0,0.0,0.0,0.0,0.0,0.0
2026-01-25 15:49:41,3.9,31.2,running,7.1,7.7,31.4,1.3,11.6,0.0,3.6,4.0,3.1,0.4,2.7,0.0,0.0,4.0,1.3,0.4,2.2,0.4,0.4,4.5,2.2,0.0,0.4,0.4,2.2,1.3,1.8,0.4,1.8,3.1,0.9,42.3,7.6,0.0,2.2,2.2,5.4,0.0,1.8,1.3,2.3,0.0,0.4,2.2,3.1,0.0,0.9,0.0,0.0,0.0,0.0,0.0,0.0,0.0,0.0,0.0,0.0,0.0,0.0,0.0,0.0,0.0,0.0,0.0,0.0,0.0,0.0,0.0,0.0,0.0,0.0,0.0,0.0,0.0,0.0,0.0,0.0,0.0,0.0,0.0,0.0,0.0,0.0,0.0,0.0,0.0,0.0,0.0,0.0,0.0,0.0,0.0,0.0,0.0,0.0,0.0
2026-01-25 15:49:44,3.6,34.4,running,8.4,5.7,33.5,0.9,10.7,4.9,3.6,6.2,4.9,0.0,2.7,0.0,0.4,2.2,2.2,2.7,1.8,0.9,0.0,0.4,0.9,0.0,2.2,0.4,5.3,3.2,4.9,0.0,4.9,1.8,0.4,43.1,1.8,0.0,0.4,2.7,4.0,0.0,4.5,2.7,2.7,2.2,1.3,2.7,1.3,3.6,2.7,4.0,0.0,0.0,0.0,0.0,0.0,0.0,0.0,0.0,0.0,0.0,0.0,0.0,0.0,0.0,0.0,0.0,0.0,0.0,0.0,0.0,0.0,0.0,0.0,0.0,0.0,0.0,0.0,0.0,0.0,0.0,0.0,0.0,0.0,0.0,0.0,0.0,0.0,0.0,0.0,0.0,0.0,0.0,0.0,0.0,0.0,0.0,0.0,0.0
2026-01-25 15:49:48,4.1,34.3,running,10.6,5.7,35.8,0.4,9.4,1.3,2.2,1.8,6.2,0.4,2.7,1.8,0.4,2.2,0.0,4.5,0.0,0.0,2.2,4.0,1.3,4.0,3.1,0.4,1.3,0.0,3.1,0.9,4.5,0.9,1.3,46.7,5.4,0.4,1.3,1.4,3.1,0.0,1.8,3.5,0.4,2.7,2.2,2.2,3.5,0.4,0.0,0.0,0.0,0.0,0.0,0.0,0.0,0.0,0.0,0.0,0.0,0.0,0.0,0.0,0.0,0.0,0.0,0.0,0.0,0.0,0.0,0.0,0.0,0.0,0.0,0.0,0.0,0.0,0.0,0.0,0.0,0.0,0.0,0.0,0.0,0.0,0.0,0.0,0.0,0.0,0.0,0.0,0.0,0.0,0.0,0.0,0.0,0.0,0.0,0.0
2026-01-25 15:49:51,4.4,28.1,running,10.1,6.5,30.6,0.4,6.7,1.8,4.0,6.7,6.2,0.4,2.6,1.3,1.3,1.3,4.8,0.9,0.0,0.4,1.3,3.6,1.8,2.2,2.7,2.6,0.4,0.4,5.3,1.3,5.8,4.0,0.0,43.6,8.9,0.0,5.3,1.3,2.7,0.0,7.1,0.0,0.0,0.9,2.7,0.9,4.4,0.0,0.9,2.7,0.0,0.0,0.0,0.0,0.0,0.0,0.0,0.0,0.0,0.0,0.0,0.0,0.0,0.0,0.0,0.0,0.0,0.0,0.0,0.0,0.0,0.0,0.0,0.0,0.0,0.0,0.0,0.0,0.0,0.0,0.0,0.0,0.0,0.0,0.0,0.0,0.0,0.0,0.0,0.0,0.0,0.0,0.0,0.0,0.0,0.0,0.0,0.0
2026-01-25 15:49:55,3.6,25.0,running,7.6,7.3,35.7,0.0,10.4,0.4,2.7,4.5,7.1,1.8,2.7,0.0,3.6,0.9,1.8,0.0,1.3,0.4,1.8,0.4,1.3,4.5,2.2,0.4,0.4,4.0,1.8,1.9,6.2,5.4,1.8,38.7,13.0,0.0,5.4,3.1,3.1,3.1,3.1,0.0,2.2,0.9,0.4,3.6,6.7,0.4,0.0,0.0,0.0,0.0,0.0,0.0,0.0,0.0,0.0,0.0,0.0,0.0,0.0,0.0,0.0,0.0,0.0,0.0,0.0,0.0,0.0,0.0,0.0,0.0,0.0,0.0,0.0,0.0,0.0,0.0,0.0,0.0,0.0,0.0,0.0,0.0,0.0,0.0,0.0,0.0,0.0,0.0,0.0,0.0,0.0,0.0,0.0,0.0,0.0,0.0
2026-01-25 15:49:58,4.6,34.4,running,9.4,7.7,37.0,0.0,5.3,0.4,3.1,3.6,4.0,0.4,3.1,1.3,1.8,2.7,4.4,4.9,1.8,1.3,6.7,0.9,1.8,1.3,4.5,3.1,0.9,3.1,2.2,2.5,5.7,2.2,0.0,46.5,3.5,2.7,4.0,2.2,2.7,0.4,4.0,0.0,0.9,0.4,2.7,3.5,4.0,1.8,2.2,0.0,0.0,0.0,0.0,0.0,0.0,0.0,0.0,0.0,0.0,0.0,0.0,0.0,0.0,0.0,0.0,0.0,0.0,0.0,0.0,0.0,0.0,0.0,0.0,0.0,0.0,0.0,0.0,0.0,0.0,0.0,0.0,0.0,0.0,0.0,0.0,0.0,0.0,0.0,0.0,0.0,0.0,0.0,0.0,0.0,0.0,0.0,0.0,0.0
2026-01-25 15:50:02,4.8,28.1,running,7.6,9.0,39.2,1.7,8.5,0.9,7.1,3.1,8.0,0.4,2.2,4.0,2.7,3.1,4.5,0.0,2.7,0.0,1.8,1.3,0.9,0.0,1.8,0.0,0.0,0.9,2.7,2.7,4.0,4.9,2.7,37.8,8.1,5.3,4.8,2.2,5.3,0.4,3.1,1.8,0.4,0.0,6.2,2.2,3.6,0.9,1.3,0.0,0.0,0.0,0.0,0.0,0.0,0.0,0.0,0.0,0.0,0.0,0.0,0.0,0.0,0.0,0.0,0.0,0.0,0.0,0.0,0.0,0.0,0.0,0.0,0.0,0.0,0.0,0.0,0.0,0.0,0.0,0.0,0.0,0.0,0.0,0.0,0.0,0.0,0.0,0.0,0.0,0.0,0.0,0.0,0.0,0.0,0.0,0.0,0.0
2026-01-25 15:50:05,3.6,25.0,running,8.0,9.7,36.1,0.0,8.8,0.0,2.2,4.0,4.0,0.0,4.0,3.6,0.0,0.0,1.3,1.8,1.3,1.3,2.2,0.4,1.8,1.8,5.8,4.5,0.4,1.8,0.4,3.1,3.6,1.3,1.4,41.2,7.1,4.5,4.0,1.3,1.8,0.0,4.4,2.2,2.2,0.0,0.4,4.4,0.4,0.4,1.8,1.8,0.0,0.0,0.0,0.0,0.0,0.0,0.0,0.0,0.0,0.0,0.0,0.0,0.0,0.0,0.0,0.0,0.0,0.0,0.0,0.0,0.0,0.0,0.0,0.0,0.0,0.0,0.0,0.0,0.0,0.0,0.0,0.0,0.0,0.0,0.0,0.0,0.0,0.0,0.0,0.0,0.0,0.0,0.0,0.0,0.0,0.0,0.0,0.0
2026-01-25 15:50:09,4.2,31.2,running,8.0,9.4,35.4,0.0,10.3,0.0,4.5,4.0,4.0,1.8,0.9,6.2,1.8,3.1,0.0,0.4,1.3,4.0,0.4,0.0,1.8,0.4,0.0,1.3,2.2,0.9,4.0,0.0,5.4,2.7,0.9,45.3,7.1,2.2,5.8,1.8,0.9,0.0,0.9,1.3,0.4,0.9,2.7,3.1,0.9,4.4,1.8,3.6,0.0,0.0,0.0,0.0,0.0,0.0,0.0,0.0,0.0,0.0,0.0,0.0,0.0,0.0,0.0,0.0,0.0,0.0,0.0,0.0,0.0,0.0,0.0,0.0,0.0,0.0,0.0,0.0,0.0,0.0,0.0,0.0,0.0,0.0,0.0,0.0,0.0,0.0,0.0,0.0,0.0,0.0,0.0,0.0,0.0,0.0,0.0,0.0
2026-01-25 15:50:12,4.1,28.1,running,7.1,7.8,28.6,2.2,10.2,1.3,4.0,1.3,5.3,1.8,5.4,1.3,1.8,1.8,0.4,0.4,0.0,2.7,0.0,2.2,0.0,5.4,2.7,1.4,1.8,0.0,4.5,0.0,3.1,2.7,0.0,51.1,3.6,3.1,0.9,1.8,2.7,0.0,4.0,0.0,3.1,0.0,0.4,1.8,0.9,0.9,2.2,1.8,0.0,0.0,0.0,0.0,0.0,0.0,0.0,0.0,0.0,0.0,0.0,0.0,0.0,0.0,0.0,0.0,0.0,0.0,0.0,0.0,0.0,0.0,0.0,0.0,0.0,0.0,0.0,0.0,0.0,0.0,0.0,0.0,0.0,0.0,0.0,0.0,0.0,0.0,0.0,0.0,0.0,0.0,0.0,0.0,0.0,0.0,0.0,0.0
2026-01-25 15:50:16,4.2,28.1,running,5.4,12.8,35.8,1.4,5.8,0.4,3.1,2.2,5.4,2.2,1.3,0.5,0.9,0.9,0.9,0.5,0.9,3.6,0.4,3.6,0.9,0.0,0.9,3.2,1.3,0.0,4.0,1.8,2.7,2.2,3.1,44.3,5.3,0.4,1.8,1.4,1.8,0.4,4.9,1.8,2.7,0.5,3.6,1.8,1.3,0.4,2.7,3.1,0.0,0.0,0.0,0.0,0.0,0.0,0.0,0.0,0.0,0.0,0.0,0.0,0.0,0.0,0.0,0.0,0.0,0.0,0.0,0.0,0.0,0.0,0.0,0.0,0.0,0.0,0.0,0.0,0.0,0.0,0.0,0.0,0.0,0.0,0.0,0.0,0.0,0.0,0.0,0.0,0.0,0.0,0.0,0.0,0.0,0.0,0.0,0.0
2026-01-25 15:50:19,4.1,37.5,running,6.7,10.3,32.7,0.5,8.8,4.0,4.9,4.4,2.7,0.4,1.8,0.0,0.9,3.1,0.9,3.1,0.9,4.5,2.7,0.0,0.9,7.6,4.4,2.2,0.9,0.0,0.4,2.2,6.2,3.1,0.0,46.2,4.4,0.0,2.2,0.9,0.4,0.0,1.3,0.0,1.3,0.9,0.4,4.0,0.4,0.0,0.0,2.7,0.0,0.0,0.0,0.0,0.0,0.0,0.0,0.0,0.0,0.0,0.0,0.0,0.0,0.0,0.0,0.0,0.0,0.0,0.0,0.0,0.0,0.0,0.0,0.0,0.0,0.0,0.0,0.0,0.0,0.0,0.0,0.0,0.0,0.0,0.0,0.0,0.0,0.0,0.0,0.0,0.0,0.0,0.0,0.0,0.0,0.0,0.0,0.0
2026-01-25 15:50:23,4.3,31.2,running,6.6,10.6,36.6,1.7,10.3,0.4,4.9,3.1,5.8,1.3,4.0,0.0,1.8,5.3,0.9,0.4,4.1,4.4,0.9,1.8,1.3,0.4,1.3,6.2,0.9,1.3,4.0,0.9,5.4,4.0,0.0,43.4,5.8,0.4,4.0,0.0,3.1,0.9,2.2,0.0,3.1,0.0,0.4,2.2,3.1,0.4,2.7,0.9,0.0,0.0,0.0,0.0,0.0,0.0,0.0,0.0,0.0,0.0,0.0,0.0,0.0,0.0,0.0,0.0,0.0,0.0,0.0,0.0,0.0,0.0,0.0,0.0,0.0,0.0,0.0,0.0,0.0,0.0,0.0,0.0,0.0,0.0,0.0,0.0,0.0,0.0,0.0,0.0,0.0,0.0,0.0,0.0,0.0,0.0,0.0,0.0
2026-01-25 15:50:26,4.2,28.1,running,6.2,9.8,29.3,0.0,6.8,2.7,2.7,2.7,3.1,0.0,0.4,0.9,2.2,0.0,2.7,0.0,5.3,0.4,1.3,4.9,0.9,0.4,1.8,0.9,3.6,0.0,3.6,2.2,4.0,5.8,0.4,47.3,3.1,3.6,3.6,2.2,0.0,4.0,5.8,5.3,1.3,1.8,3.1,1.8,0.9,3.1,1.8,3.1,0.0,0.0,0.0,0.0,0.0,0.0,0.0,0.0,0.0,0.0,0.0,0.0,0.0,0.0,0.0,0.0,0.0,0.0,0.0,0.0,0.0,0.0,0.0,0.0,0.0,0.0,0.0,0.0,0.0,0.0,0.0,0.0,0.0,0.0,0.0,0.0,0.0,0.0,0.0,0.0,0.0,0.0,0.0,0.0,0.0,0.0,0.0,0.0
2026-01-25 15:50:30,3.7,25.0,running,3.1,9.1,30.7,1.4,8.0,2.2,3.1,3.6,2.7,0.0,2.2,2.7,1.8,7.6,0.4,0.4,1.8,1.8,0.4,0.4,1.3,1.3,4.4,1.8,0.9,0.4,2.2,3.1,5.8,1.8,1.4,46.9,7.0,3.1,4.0,0.4,2.2,0.9,5.8,2.2,0.0,4.0,4.0,2.2,2.2,0.9,0.0,1.8,0.0,0.0,0.0,0.0,0.0,0.0,0.0,0.0,0.0,0.0,0.0,0.0,0.0,0.0,0.0,0.0,0.0,0.0,0.0,0.0,0.0,0.0,0.0,0.0,0.0,0.0,0.0,0.0,0.0,0.0,0.0,0.0,0.0,0.0,0.0,0.0,0.0,0.0,0.0,0.0,0.0,0.0,0.0,0.0,0.0,0.0,0.0,0.0
2026-01-25 15:50:33,4.5,34.3,running,6.6,11.5,35.1,0.0,6.2,0.0,2.7,4.9,3.1,0.4,2.7,3.1,1.8,0.9,3.6,0.0,1.3,3.5,1.3,2.2,0.0,0.4,1.3,0.9,4.0,1.8,0.9,0.0,5.3,4.0,0.4,43.6,4.9,0.9,1.3,1.3,0.4,2.2,4.5,0.0,0.0,1.8,2.7,4.0,4.0,4.0,1.8,2.2,0.0,0.0,0.0,0.0,0.0,0.0,0.0,0.0,0.0,0.0,0.0,0.0,0.0,0.0,0.0,0.0,0.0,0.0,0.0,0.0,0.0,0.0,0.0,0.0,0.0,0.0,0.0,0.0,0.0,0.0,0.0,0.0,0.0,0.0,0.0,0.0,0.0,0.0,0.0,0.0,0.0,0.0,0.0,0.0,0.0,0.0,0.0,0.0
2026-01-25 15:50:37,4.1,28.1,running,8.0,11.2,36.4,0.4,12.4,0.4,2.2,3.6,2.7,0.0,2.2,0.0,0.4,0.9,3.1,2.7,6.7,0.4,0.9,0.4,1.8,0.4,0.9,0.0,0.9,3.6,0.0,2.2,3.1,4.0,0.0,42.9,1.8,0.0,4.5,4.0,1.3,1.3,0.0,3.6,1.3,3.1,0.4,4.0,7.6,3.6,4.0,0.0,0.0,0.0,0.0,0.0,0.0,0.0,0.0,0.0,0.0,0.0,0.0,0.0,0.0,0.0,0.0,0.0,0.0,0.0,0.0,0.0,0.0,0.0,0.0,0.0,0.0,0.0,0.0,0.0,0.0,0.0,0.0,0.0,0.0,0.0,0.0,0.0,0.0,0.0,0.0,0.0,0.0,0.0,0.0,0.0,0.0,0.0,0.0,0.0
2026-01-25 15:50:40,3.9,28.1,running,7.5,8.1,33.0,1.3,10.2,0.4,2.2,3.1,0.9,4.4,5.4,3.6,1.8,1.3,1.3,3.1,0.4,1.8,1.3,0.4,0.9,2.7,6.6,0.4,0.4,1.8,2.7,5.4,7.1,3.6,0.4,43.6,3.1,1.8,1.3,0.9,4.4,0.0,5.3,0.4,0.0,0.0,1.3,2.2,3.1,1.8,1.8,0.0,0.0,0.0,0.0,0.0,0.0,0.0,0.0,0.0,0.0,0.0,0.0,0.0,0.0,0.0,0.0,0.0,0.0,0.0,0.0,0.0,0.0,0.0,0.0,0.0,0.0,0.0,0.0,0.0,0.0,0.0,0.0,0.0,0.0,0.0,0.0,0.0,0.0,0.0,0.0,0.0,0.0,0.0,0.0,0.0,0.0,0.0,0.0,0.0
2026-01-25 15:50:44,3.7,34.3,running,11.2,8.5,35.4,0.9,7.6,1.3,2.2,4.9,1.8,0.0,1.3,1.3,1.3,0.9,0.9,0.9,2.2,0.0,0.9,1.8,1.3,0.4,1.3,1.3,2.2,2.7,2.2,0.0,3.6,0.0,2.2,40.4,8.4,4.0,5.9,1.8,2.2,0.0,5.4,1.8,1.8,0.0,0.4,1.8,6.7,2.2,4.0,3.5,0.0,0.0,0.0,0.0,0.0,0.0,0.0,0.0,0.0,0.0,0.0,0.0,0.0,0.0,0.0,0.0,0.0,0.0,0.0,0.0,0.0,0.0,0.0,0.0,0.0,0.0,0.0,0.0,0.0,0.0,0.0,0.0,0.0,0.0,0.0,0.0,0.0,0.0,0.0,0.0,0.0,0.0,0.0,0.0,0.0,0.0,0.0,0.0
2026-01-25 15:50:47,4.2,25.0,running,9.3,6.9,37.0,2.2,19.6,0.4,7.1,1.8,3.5,1.3,1.8,1.8,3.1,0.4,1.8,0.0,2.7,0.0,0.9,1.3,0.0,0.0,1.8,0.4,1.8,0.0,1.3,0.4,3.1,0.9,0.9,31.2,4.9,6.2,4.4,0.4,2.2,2.7,0.0,3.6,0.9,2.2,1.3,4.9,4.9,1.8,4.5,0.0,0.0,0.0,0.0,0.0,0.0,0.0,0.0,0.0,0.0,0.0,0.0,0.0,0.0,0.0,0.0,0.0,0.0,0.0,0.0,0.0,0.0,0.0,0.0,0.0,0.0,0.0,0.0,0.0,0.0,0.0,0.0,0.0,0.0,0.0,0.0,0.0,0.0,0.0,0.0,0.0,0.0,0.0,0.0,0.0,0.0,0.0,0.0,0.0
2026-01-25 15:50:51,4.5,21.9,running,4.0,9.4,34.7,0.0,45.3,0.0,9.4,1.8,4.0,0.0,5.8,2.2,2.7,1.3,3.6,1.8,3.5,0.9,0.0,3.5,0.4,0.4,2.6,3.1,0.0,0.4,0.9,0.0,4.8,2.2,0.0,0.9,0.5,0.9,0.9,2.6,4.0,2.2,9.3,3.6,4.0,0.4,0.0,2.7,1.3,3.5,0.0,1.8,0.0,0.0,0.0,0.0,0.0,0.0,0.0,0.0,0.0,0.0,0.0,0.0,0.0,0.0,0.0,0.0,0.0,0.0,0.0,0.0,0.0,0.0,0.0,0.0,0.0,0.0,0.0,0.0,0.0,0.0,0.0,0.0,0.0,0.0,0.0,0.0,0.0,0.0,0.0,0.0,0.0,0.0,0.0,0.0,0.0,0.0,0.0,0.0
2026-01-25 15:50:54,4.1,18.7,running,3.6,12.5,34.1,0.9,43.1,0.0,9.8,1.3,6.7,1.8,3.6,0.0,1.3,1.4,3.6,3.6,4.0,1.3,0.0,4.0,0.4,0.9,4.0,0.9,1.8,2.7,4.1,0.9,4.5,2.2,3.1,0.0,1.8,0.0,1.3,2.7,0.9,2.2,0.9,0.0,8.0,1.3,1.8,5.8,2.7,0.0,1.4,0.0,0.0,0.0,0.0,0.0,0.0,0.0,0.0,0.0,0.0,0.0,0.0,0.0,0.0,0.0,0.0,0.0,0.0,0.0,0.0,0.0,0.0,0.0,0.0,0.0,0.0,0.0,0.0,0.0,0.0,0.0,0.0,0.0,0.0,0.0,0.0,0.0,0.0,0.0,0.0,0.0,0.0,0.0,0.0,0.0,0.0,0.0,0.0,0.0
2026-01-25 15:50:58,3.7,25.0,running,10.7,6.9,32.7,0.0,46.2,0.0,12.0,4.4,8.0,0.4,3.5,2.2,1.8,1.3,1.3,0.4,2.2,0.0,0.4,2.2,1.8,0.0,1.3,2.2,1.8,0.0,5.3,1.8,8.8,3.1,0.4,4.0,1.3,0.4,0.4,4.0,0.4,1.3,2.2,0.0,1.8,0.9,0.4,5.4,2.7,0.9,2.7,4.4,0.0,0.0,0.0,0.0,0.0,0.0,0.0,0.0,0.0,0.0,0.0,0.0,0.0,0.0,0.0,0.0,0.0,0.0,0.0,0.0,0.0,0.0,0.0,0.0,0.0,0.0,0.0,0.0,0.0,0.0,0.0,0.0,0.0,0.0,0.0,0.0,0.0,0.0,0.0,0.0,0.0,0.0,0.0,0.0,0.0,0.0,0.0,0.0
2026-01-25 15:51:01,4.5,18.7,running,8.0,8.7,35.0,2.2,45.1,0.0,12.8,5.4,8.5,0.4,1.3,0.4,3.6,4.9,0.9,0.9,0.4,1.8,1.8,0.9,2.7,0.0,0.9,4.0,1.8,3.6,4.0,4.5,7.1,3.1,5.4,1.3,4.0,0.0,3.1,3.6,1.8,0.9,2.2,2.7,0.0,0.9,2.7,5.3,0.4,0.9,3.6,0.4,0.0,0.0,0.0,0.0,0.0,0.0,0.0,0.0,0.0,0.0,0.0,0.0,0.0,0.0,0.0,0.0,0.0,0.0,0.0,0.0,0.0,0.0,0.0,0.0,0.0,0.0,0.0,0.0,0.0,0.0,0.0,0.0,0.0,0.0,0.0,0.0,0.0,0.0,0.0,0.0,0.0,0.0,0.0,0.0,0.0,0.0,0.0,0.0
2026-01-25 15:51:05,3.9,21.9,running,9.8,5.7,34.1,0.0,45.4,1.8,13.4,4.0,4.0,0.9,4.0,0.0,1.3,1.3,0.4,0.4,2.2,4.0,1.8,0.0,1.3,0.9,1.3,6.6,4.0,1.8,4.0,0.9,4.0,3.1,0.0,1.3,1.3,1.9,1.3,2.7,0.9,1.3,0.4,0.0,0.9,0.4,0.0,5.3,0.9,2.7,4.9,0.0,0.0,0.0,0.0,0.0,0.0,0.0,0.0,0.0,0.0,0.0,0.0,0.0,0.0,0.0,0.0,0.0,0.0,0.0,0.0,0.0,0.0,0.0,0.0,0.0,0.0,0.0,0.0,0.0,0.0,0.0,0.0,0.0,0.0,0.0,0.0,0.0,0.0,0.0,0.0,0.0,0.0,0.0,0.0,0.0,0.0,0.0,0.0,0.0
2026-01-25 15:51:08,3.4,25.0,running,5.8,11.1,29.9,0.0,40.0,0.9,14.7,2.2,5.3,3.6,4.0,0.0,1.8,1.8,3.1,0.4,0.5,1.3,0.5,0.0,0.9,0.4,2.2,3.6,0.4,0.0,0.9,1.3,2.7,0.4,0.4,2.2,3.6,3.1,2.7,1.3,1.3,0.4,1.3,2.2,0.4,2.3,2.7,4.4,1.3,4.5,0.9,0.4,0.0,0.0,0.0,0.0,0.0,0.0,0.0,0.0,0.0,0.0,0.0,0.0,0.0,0.0,0.0,0.0,0.0,0.0,0.0,0.0,0.0,0.0,0.0,0.0,0.0,0.0,0.0,0.0,0.0,0.0,0.0,0.0,0.0,0.0,0.0,0.0,0.0,0.0,0.0,0.0,0.0,0.0,0.0,0.0,0.0,0.0,0.0,0.0
2026-01-25 15:51:12,4.5,28.1,running,9.3,10.7,33.5,0.9,46.0,1.8,11.6,2.7,9.8,2.2,3.1,0.9,1.8,3.6,0.9,4.9,2.2,3.1,1.3,0.9,4.5,0.9,1.8,2.7,3.1,2.7,4.9,2.7,7.5,1.3,3.1,1.3,3.5,5.3,1.8,0.9,3.5,4.4,1.8,0.9,2.7,4.9,2.2,2.2,5.3,4.8,3.5,2.7,0.0,0.0,0.0,0.0,0.0,0.0,0.0,0.0,0.0,0.0,0.0,0.0,0.0,0.0,0.0,0.0,0.0,0.0,0.0,0.0,0.0,0.0,0.0,0.0,0.0,0.0,0.0,0.0,0.0,0.0,0.0,0.0,0.0,0.0,0.0,0.0,0.0,0.0,0.0,0.0,0.0,0.0,0.0,0.0,0.0,0.0,0.0,0.0
2026-01-25 15:51:15,3.9,40.6,running,6.2,9.1,40.5,0.0,48.5,0.4,12.8,2.2,2.7,1.3,2.7,3.6,1.3,3.1,0.0,0.9,4.4,1.3,0.4,0.4,2.2,0.0,2.2,0.9,1.3,0.0,2.2,0.4,4.4,4.5,2.2,1.3,1.8,0.9,1.3,0.4,3.6,0.4,0.4,1.8,0.0,0.0,2.7,3.1,5.3,3.1,1.3,0.9,0.0,0.0,0.0,0.0,0.0,0.0,0.0,0.0,0.0,0.0,0.0,0.0,0.0,0.0,0.0,0.0,0.0,0.0,0.0,0.0,0.0,0.0,0.0,0.0,0.0,0.0,0.0,0.0,0.0,0.0,0.0,0.0,0.0,0.0,0.0,0.0,0.0,0.0,0.0,0.0,0.0,0.0,0.0,0.0,0.0,0.0,0.0,0.0
2026-01-25 15:51:19,3.1,12.5,running,8.0,6.5,35.0,1.3,45.4,0.5,10.7,1.3,5.3,1.3,4.0,0.4,0.9,0.4,4.4,1.3,0.4,2.2,0.0,2.2,1.3,1.3,3.1,1.8,2.2,1.3,0.4,0.9,0.0,2.7,0.4,0.9,0.0,0.4,0.9,1.3,0.0,1.8,2.2,4.8,0.4,0.0,1.8,3.1,1.8,0.9,2.7,1.8,0.0,0.0,0.0,0.0,0.0,0.0,0.0,0.0,0.0,0.0,0.0,0.0,0.0,0.0,0.0,0.0,0.0,0.0,0.0,0.0,0.0,0.0,0.0,0.0,0.0,0.0,0.0,0.0,0.0,0.0,0.0,0.0,0.0,0.0,0.0,0.0,0.0,0.0,0.0,0.0,0.0,0.0,0.0,0.0,0.0,0.0,0.0,0.0
2026-01-25 15:51:22,3.6,28.1,running,9.3,6.5,28.6,1.8,43.1,3.8,15.2,5.7,7.1,0.0,1.8,0.4,0.9,0.9,0.0,0.9,1.3,0.0,0.0,3.6,0.4,0.0,2.7,3.1,2.2,3.6,3.6,4.0,4.9,0.4,3.1,0.0,0.4,2.2,1.3,0.9,0.9,0.0,2.2,0.4,0.4,0.0,0.9,1.8,1.8,3.6,1.3,1.8,0.0,0.0,0.0,0.0,0.0,0.0,0.0,0.0,0.0,0.0,0.0,0.0,0.0,0.0,0.0,0.0,0.0,0.0,0.0,0.0,0.0,0.0,0.0,0.0,0.0,0.0,0.0,0.0,0.0,0.0,0.0,0.0,0.0,0.0,0.0,0.0,0.0,0.0,0.0,0.0,0.0,0.0,0.0,0.0,0.0,0.0,0.0,0.0
2026-01-25 15:51:26,3.9,21.9,running,5.4,11.6,39.8,0.0,43.5,0.0,14.7,1.3,7.6,1.3,5.4,4.0,1.3,1.8,2.2,0.0,4.9,0.9,2.7,0.4,0.4,0.9,7.1,1.3,0.4,0.0,1.8,0.9,2.7,2.7,2.7,4.0,1.3,2.7,0.4,2.2,2.2,1.3,0.9,0.0,0.0,0.4,0.4,2.7,4.9,0.0,0.9,0.4,0.0,0.0,0.0,0.0,0.0,0.0,0.0,0.0,0.0,0.0,0.0,0.0,0.0,0.0,0.0,0.0,0.0,0.0,0.0,0.0,0.0,0.0,0.0,0.0,0.0,0.0,0.0,0.0,0.0,0.0,0.0,0.0,0.0,0.0,0.0,0.0,0.0,0.0,0.0,0.0,0.0,0.0,0.0,0.0,0.0,0.0,0.0,0.0
2026-01-25 15:51:29,3.4,34.3,running,7.1,8.2,31.4,2.2,42.5,0.9,10.6,2.2,7.5,1.3,3.1,1.3,3.1,0.4,0.9,2.7,0.0,0.4,0.0,0.4,1.3,0.0,0.0,1.3,4.0,2.7,2.2,0.0,2.2,1.8,1.3,3.1,0.0,0.9,0.4,2.2,0.9,0.0,1.3,3.6,0.9,0.9,2.2,4.0,1.3,0.4,0.9,0.0,0.0,0.0,0.0,0.0,0.0,0.0,0.0,0.0,0.0,0.0,0.0,0.0,0.0,0.0,0.0,0.0,0.0,0.0,0.0,0.0,0.0,0.0,0.0,0.0,0.0,0.0,0.0,0.0,0.0,0.0,0.0,0.0,0.0,0.0,0.0,0.0,0.0,0.0,0.0,0.0,0.0,0.0,0.0,0.0,0.0,0.0,0.0,0.0
2026-01-25 15:51:33,4.0,31.2,running,10.2,8.5,35.1,0.0,45.1,0.0,7.5,2.2,4.0,3.1,3.1,2.2,2.2,3.1,1.3,0.9,6.7,3.6,0.0,0.9,2.7,1.3,2.2,0.9,2.7,0.0,0.9,0.9,6.3,1.8,1.3,2.7,0.4,3.1,0.4,2.2,2.2,1.3,8.9,0.0,3.1,4.9,0.9,3.1,5.8,0.9,3.6,0.9,0.0,0.0,0.0,0.0,0.0,0.0,0.0,0.0,0.0,0.0,0.0,0.0,0.0,0.0,0.0,0.0,0.0,0.0,0.0,0.0,0.0,0.0,0.0,0.0,0.0,0.0,0.0,0.0,0.0,0.0,0.0,0.0,0.0,0.0,0.0,0.0,0.0,0.0,0.0,0.0,0.0,0.0,0.0,0.0,0.0,0.0,0.0,0.0
2026-01-25 15:51:36,3.2,31.2,running,4.9,8.5,34.7,1.3,43.6,0.0,11.2,3.6,3.1,1.8,4.4,2.7,0.0,1.8,2.2,0.0,0.4,0.4,1.3,4.9,1.8,0.0,2.2,1.8,0.4,0.4,4.5,0.0,3.5,0.4,0.9,0.4,0.9,0.0,2.2,0.9,2.7,0.9,3.6,0.9,2.7,2.2,1.3,3.6,4.9,2.2,1.8,0.0,0.0,0.0,0.0,0.0,0.0,0.0,0.0,0.0,0.0,0.0,0.0,0.0,0.0,0.0,0.0,0.0,0.0,0.0,0.0,0.0,0.0,0.0,0.0,0.0,0.0,0.0,0.0,0.0,0.0,0.0,0.0,0.0,0.0,0.0,0.0,0.0,0.0,0.0,0.0,0.0,0.0,0.0,0.0,0.0,0.0,0.0,0.0,0.0
2026-01-25 15:51:40,4.0,31.2,running,8.4,7.4,33.3,0.9,45.6,0.0,11.5,4.5,5.3,1.3,2.7,0.4,1.3,0.0,2.2,2.2,1.8,0.9,0.4,2.2,1.3,2.2,3.1,1.3,4.4,0.4,3.6,0.4,4.5,4.5,1.3,3.5,0.9,1.8,1.8,0.4,2.7,1.3,6.7,0.0,0.0,0.4,0.4,2.7,2.2,2.2,5.3,0.9,0.0,0.0,0.0,0.0,0.0,0.0,0.0,0.0,0.0,0.0,0.0,0.0,0.0,0.0,0.0,0.0,0.0,0.0,0.0,0.0,0.0,0.0,0.0,0.0,0.0,0.0,0.0,0.0,0.0,0.0,0.0,0.0,0.0,0.0,0.0,0.0,0.0,0.0,0.0,0.0,0.0,0.0,0.0,0.0,0.0,0.0,0.0,0.0
2026-01-25 15:51:43,4.4,28.1,running,6.7,11.5,35.9,0.0,48.7,0.4,12.5,4.0,4.9,0.4,1.8,0.9,1.8,0.4,0.9,1.3,2.2,2.2,0.9,3.1,0.4,0.4,3.6,1.3,4.5,1.8,0.0,4.0,4.0,0.0,4.0,1.3,0.0,1.8,0.9,6.2,0.4,4.0,1.8,3.2,1.3,0.9,1.3,1.3,4.4,0.9,1.3,3.1,0.0,0.0,0.0,0.0,0.0,0.0,0.0,0.0,0.0,0.0,0.0,0.0,0.0,0.0,0.0,0.0,0.0,0.0,0.0,0.0,0.0,0.0,0.0,0.0,0.0,0.0,0.0,0.0,0.0,0.0,0.0,0.0,0.0,0.0,0.0,0.0,0.0,0.0,0.0,0.0,0.0,0.0,0.0,0.0,0.0,0.0,0.0,0.0
2026-01-25 15:51:47,3.7,28.1,running,7.9,4.8,37.4,0.0,44.4,0.0,10.3,3.1,8.7,0.9,4.0,0.4,0.4,0.9,3.1,3.6,2.2,1.8,0.9,0.9,1.3,0.0,1.8,0.4,1.8,1.3,0.4,3.6,5.8,3.1,1.3,1.8,3.1,0.0,0.4,1.8,0.4,0.4,3.6,0.0,0.0,1.3,1.8,3.6,5.3,4.0,0.9,1.8,0.0,0.0,0.0,0.0,0.0,0.0,0.0,0.0,0.0,0.0,0.0,0.0,0.0,0.0,0.0,0.0,0.0,0.0,0.0,0.0,0.0,0.0,0.0,0.0,0.0,0.0,0.0,0.0,0.0,0.0,0.0,0.0,0.0,0.0,0.0,0.0,0.0,0.0,0.0,0.0,0.0,0.0,0.0,0.0,0.0,0.0,0.0,0.0
2026-01-25 15:51:50,3.8,28.1,running,6.7,10.2,34.3,3.1,44.2,0.0,12.4,1.3,7.2,0.9,0.9,2.2,2.7,0.9,2.7,3.1,4.0,3.6,0.0,1.3,0.4,1.3,1.3,3.6,4.0,0.4,2.2,0.0,1.8,0.4,0.0,0.0,0.0,3.1,2.2,0.9,0.9,0.0,2.2,3.1,0.0,1.3,1.3,4.0,2.7,1.8,1.3,2.7,0.0,0.0,0.0,0.0,0.0,0.0,0.0,0.0,0.0,0.0,0.0,0.0,0.0,0.0,0.0,0.0,0.0,0.0,0.0,0.0,0.0,0.0,0.0,0.0,0.0,0.0,0.0,0.0,0.0,0.0,0.0,0.0,0.0,0.0,0.0,0.0,0.0,0.0,0.0,0.0,0.0,0.0,0.0,0.0,0.0,0.0,0.0,0.0
2026-01-25 15:51:54,4.8,25.0,running,6.7,13.6,40.9,0.0,48.9,1.8,12.5,3.1,5.4,0.0,5.8,2.2,2.2,2.4,0.5,1.3,1.8,2.2,2.2,1.3,0.9,1.3,4.0,2.7,0.9,1.8,2.2,2.2,6.6,1.3,4.0,2.7,0.9,0.0,2.7,3.1,2.7,0.0,0.9,0.4,1.8,0.4,0.4,1.3,2.7,0.0,3.6,0.0,0.0,0.0,0.0,0.0,0.0,0.0,0.0,0.0,0.0,0.0,0.0,0.0,0.0,0.0,0.0,0.0,0.0,0.0,0.0,0.0,0.0,0.0,0.0,0.0,0.0,0.0,0.0,0.0,0.0,0.0,0.0,0.0,0.0,0.0,0.0,0.0,0.0,0.0,0.0,0.0,0.0,0.0,0.0,0.0,0.0,0.0,0.0,0.0
2026-01-25 15:51:57,3.6,31.2,running,7.1,13.2,37.0,0.0,43.6,2.2,14.1,3.1,6.7,0.0,0.9,4.4,1.8,0.8,0.4,0.0,3.5,4.5,2.2,1.3,2.2,1.3,0.9,0.4,0.0,0.9,1.8,0.0,3.6,0.9,1.8,3.6,0.0,0.0,1.3,4.5,0.9,0.9,1.3,1.3,0.0,2.7,0.4,4.9,3.1,0.4,1.3,0.9,0.0,0.0,0.0,0.0,0.0,0.0,0.0,0.0,0.0,0.0,0.0,0.0,0.0,0.0,0.0,0.0,0.0,0.0,0.0,0.0,0.0,0.0,0.0,0.0,0.0,0.0,0.0,0.0,0.0,0.0,0.0,0.0,0.0,0.0,0.0,0.0,0.0,0.0,0.0,0.0,0.0,0.0,0.0,0.0,0.0,0.0,0.0,0.0
2026-01-25 15:52:01,3.8,28.1,running,4.9,11.9,37.6,2.2,40.0,1.3,14.3,2.7,5.8,2.2,0.4,0.9,4.0,2.2,4.5,0.0,1.8,0.0,0.4,2.7,1.3,0.4,5.8,1.8,0.4,0.0,1.3,0.0,3.6,0.9,2.7,0.4,0.4,0.0,1.3,0.9,1.8,0.4,1.8,2.7,4.0,0.0,0.9,0.4,1.8,0.0,0.9,0.0,0.0,0.0,0.0,0.0,0.0,0.0,0.0,0.0,0.0,0.0,0.0,0.0,0.0,0.0,0.0,0.0,0.0,0.0,0.0,0.0,0.0,0.0,0.0,0.0,0.0,0.0,0.0,0.0,0.0,0.0,0.0,0.0,0.0,0.0,0.0,0.0,0.0,0.0,0.0,0.0,0.0,0.0,0.0,0.0,0.0,0.0,0.0,0.0
2026-01-25 15:52:04,4.3,25.0,running,5.8,7.8,42.1,0.0,43.6,0.4,13.8,1.8,4.4,3.1,1.3,3.1,0.4,0.0,1.8,0.8,0.9,4.4,0.9,0.0,1.8,0.0,4.4,2.2,0.9,2.2,1.3,0.0,7.1,2.7,0.0,1.3,0.0,0.4,6.2,0.4,2.2,2.2,0.4,0.4,6.7,0.4,2.2,1.3,4.9,0.4,2.3,1.3,0.0,0.0,0.0,0.0,0.0,0.0,0.0,0.0,0.0,0.0,0.0,0.0,0.0,0.0,0.0,0.0,0.0,0.0,0.0,0.0,0.0,0.0,0.0,0.0,0.0,0.0,0.0,0.0,0.0,0.0,0.0,0.0,0.0,0.0,0.0,0.0,0.0,0.0,0.0,0.0,0.0,0.0,0.0,0.0,0.0,0.0,0.0,0.0
2026-01-25 15:52:08,3.6,21.9,running,6.2,10.9,33.8,0.9,46.5,0.0,13.8,1.3,7.1,0.4,3.1,2.2,0.9,0.0,4.4,0.0,0.4,0.4,1.3,0.0,0.0,0.4,2.7,0.0,0.9,2.7,3.5,0.4,4.0,0.9,0.9,0.0,0.0,2.2,0.9,1.3,3.6,2.2,2.6,2.2,0.0,0.0,0.9,2.2,1.3,0.0,0.0,3.1,0.0,0.0,0.0,0.0,0.0,0.0,0.0,0.0,0.0,0.0,0.0,0.0,0.0,0.0,0.0,0.0,0.0,0.0,0.0,0.0,0.0,0.0,0.0,0.0,0.0,0.0,0.0,0.0,0.0,0.0,0.0,0.0,0.0,0.0,0.0,0.0,0.0,0.0,0.0,0.0,0.0,0.0,0.0,0.0,0.0,0.0,0.0,0.0
2026-01-25 15:52:11,4.2,25.0,running,9.8,9.9,36.8,1.8,43.6,0.0,12.9,0.9,3.6,5.3,1.8,0.4,4.4,4.0,3.1,0.0,0.9,0.0,0.0,5.3,2.2,2.7,9.7,0.9,3.6,1.8,6.2,0.4,5.4,3.1,0.4,1.8,0.9,0.4,1.8,3.6,0.4,2.2,2.2,0.0,0.0,0.4,0.4,2.2,2.7,0.0,1.8,2.2,0.0,0.0,0.0,0.0,0.0,0.0,0.0,0.0,0.0,0.0,0.0,0.0,0.0,0.0,0.0,0.0,0.0,0.0,0.0,0.0,0.0,0.0,0.0,0.0,0.0,0.0,0.0,0.0,0.0,0.0,0.0,0.0,0.0,0.0,0.0,0.0,0.0,0.0,0.0,0.0,0.0,0.0,0.0,0.0,0.0,0.0,0.0,0.0
2026-01-25 15:52:15,3.6,31.2,running,4.4,5.2,34.4,0.9,36.2,0.0,12.1,2.7,8.9,0.0,6.2,2.2,0.9,0.4,0.9,0.0,2.2,3.1,4.4,0.4,1.3,0.4,1.8,1.8,4.9,2.2,5.4,0.0,4.0,1.3,0.9,4.0,0.0,0.0,1.3,0.4,0.9,3.1,1.8,2.7,0.0,0.0,1.3,4.9,0.5,1.3,2.7,3.1,0.0,0.0,0.0,0.0,0.0,0.0,0.0,0.0,0.0,0.0,0.0,0.0,0.0,0.0,0.0,0.0,0.0,0.0,0.0,0.0,0.0,0.0,0.0,0.0,0.0,0.0,0.0,0.0,0.0,0.0,0.0,0.0,0.0,0.0,0.0,0.0,0.0,0.0,0.0,0.0,0.0,0.0,0.0,0.0,0.0,0.0,0.0,0.0
2026-01-25 15:52:18,4.2,40.6,running,6.2,12.9,38.0,1.8,39.2,1.3,16.5,1.8,4.9,4.0,0.4,5.3,2.7,2.2,2.7,1.8,2.7,0.4,1.8,0.9,5.8,0.9,3.1,1.8,0.9,0.0,2.2,0.0,4.9,3.6,1.3,1.3,0.4,1.8,3.1,1.3,4.9,0.9,1.3,3.1,2.7,1.3,1.8,4.9,0.9,0.0,0.9,0.9,0.0,0.0,0.0,0.0,0.0,0.0,0.0,0.0,0.0,0.0,0.0,0.0,0.0,0.0,0.0,0.0,0.0,0.0,0.0,0.0,0.0,0.0,0.0,0.0,0.0,0.0,0.0,0.0,0.0,0.0,0.0,0.0,0.0,0.0,0.0,0.0,0.0,0.0,0.0,0.0,0.0,0.0,0.0,0.0,0.0,0.0,0.0,0.0
2026-01-25 15:52:22,3.8,25.0,running,6.2,9.9,34.5,1.8,43.8,0.0,13.3,0.4,0.9,1.8,5.8,0.5,4.0,2.2,4.9,0.9,1.3,2.2,0.4,2.2,1.3,0.4,2.2,2.7,2.2,0.9,1.3,0.0,6.2,2.2,2.2,1.3,0.9,1.3,5.8,0.4,1.3,0.9,2.7,0.9,0.0,0.0,0.9,0.9,3.5,3.6,1.8,0.0,0.0,0.0,0.0,0.0,0.0,0.0,0.0,0.0,0.0,0.0,0.0,0.0,0.0,0.0,0.0,0.0,0.0,0.0,0.0,0.0,0.0,0.0,0.0,0.0,0.0,0.0,0.0,0.0,0.0,0.0,0.0,0.0,0.0,0.0,0.0,0.0,0.0,0.0,0.0,0.0,0.0,0.0,0.0,0.0,0.0,0.0,0.0,0.0
2026-01-25 15:52:25,4.9,25.0,running,11.0,6.1,40.9,0.5,39.1,0.9,16.1,5.8,4.0,5.4,5.4,3.1,2.7,0.9,2.2,0.0,1.3,0.9,1.3,1.3,2.2,0.4,3.5,4.4,1.8,0.0,2.7,1.8,6.7,1.3,2.2,1.8,0.4,2.2,1.3,2.7,0.0,1.3,4.5,0.9,0.0,0.4,0.0,4.0,2.2,0.4,3.1,0.9,0.0,0.0,0.0,0.0,0.0,0.0,0.0,0.0,0.0,0.0,0.0,0.0,0.0,0.0,0.0,0.0,0.0,0.0,0.0,0.0,0.0,0.0,0.0,0.0,0.0,0.0,0.0,0.0,0.0,0.0,0.0,0.0,0.0,0.0,0.0,0.0,0.0,0.0,0.0,0.0,0.0,0.0,0.0,0.0,0.0,0.0,0.0,0.0
2026-01-25 15:52:29,3.9,31.2,running,5.8,12.2,30.0,2.2,40.9,1.9,14.2,3.6,4.9,0.0,3.6,0.4,1.3,1.8,0.0,3.6,3.6,0.0,0.0,3.1,0.0,0.4,4.5,0.0,0.0,0.0,10.7,4.4,6.7,1.8,1.3,0.4,0.0,0.0,0.5,0.4,1.8,2.7,2.7,0.5,5.8,0.0,0.0,4.9,4.5,0.0,1.3,1.3,0.0,0.0,0.0,0.0,0.0,0.0,0.0,0.0,0.0,0.0,0.0,0.0,0.0,0.0,0.0,0.0,0.0,0.0,0.0,0.0,0.0,0.0,0.0,0.0,0.0,0.0,0.0,0.0,0.0,0.0,0.0,0.0,0.0,0.0,0.0,0.0,0.0,0.0,0.0,0.0,0.0,0.0,0.0,0.0,0.0,0.0,0.0,0.0
2026-01-25 15:52:32,4.0,25.0,running,5.4,7.8,33.3,0.9,45.1,0.9,14.7,1.8,0.9,0.4,0.9,0.9,0.4,0.4,0.0,1.8,6.2,2.2,0.9,3.1,0.4,2.7,4.0,1.3,0.9,5.5,2.2,1.3,5.3,6.6,0.4,1.3,0.0,1.7,2.6,0.9,0.0,0.0,2.7,0.9,7.1,3.4,0.5,4.0,3.6,1.7,0.9,1.3,0.0,0.0,0.0,0.0,0.0,0.0,0.0,0.0,0.0,0.0,0.0,0.0,0.0,0.0,0.0,0.0,0.0,0.0,0.0,0.0,0.0,0.0,0.0,0.0,0.0,0.0,0.0,0.0,0.0,0.0,0.0,0.0,0.0,0.0,0.0,0.0,0.0,0.0,0.0,0.0,0.0,0.0,0.0,0.0,0.0,0.0,0.0,0.0
2026-01-25 15:52:36,3.7,31.2,running,7.1,11.0,30.7,0.4,43.3,2.2,12.9,4.9,4.9,0.4,3.1,2.2,0.0,0.4,2.7,0.5,1.8,0.0,0.4,0.9,0.4,3.1,2.2,1.8,1.8,0.9,1.3,1.3,4.0,0.4,2.2,0.9,1.8,0.4,2.2,0.4,0.4,2.2,1.3,0.4,1.3,2.2,0.9,1.8,2.7,0.0,0.9,0.9,0.0,0.0,0.0,0.0,0.0,0.0,0.0,0.0,0.0,0.0,0.0,0.0,0.0,0.0,0.0,0.0,0.0,0.0,0.0,0.0,0.0,0.0,0.0,0.0,0.0,0.0,0.0,0.0,0.0,0.0,0.0,0.0,0.0,0.0,0.0,0.0,0.0,0.0,0.0,0.0,0.0,0.0,0.0,0.0,0.0,0.0,0.0,0.0
2026-01-25 15:52:39,3.6,28.1,running,4.4,8.9,37.6,2.2,38.7,0.9,12.8,3.1,3.6,0.4,0.9,3.1,1.3,1.8,0.4,2.7,1.8,2.2,0.0,0.4,0.0,0.4,2.2,3.6,0.0,3.6,2.7,0.0,5.8,0.9,0.9,1.8,0.4,1.3,0.9,1.8,4.0,1.3,1.8,1.3,2.7,1.4,1.3,4.9,6.2,1.3,3.6,2.7,0.0,0.0,0.0,0.0,0.0,0.0,0.0,0.0,0.0,0.0,0.0,0.0,0.0,0.0,0.0,0.0,0.0,0.0,0.0,0.0,0.0,0.0,0.0,0.0,0.0,0.0,0.0,0.0,0.0,0.0,0.0,0.0,0.0,0.0,0.0,0.0,0.0,0.0,0.0,0.0,0.0,0.0,0.0,0.0,0.0,0.0,0.0,0.0
2026-01-25 15:52:43,4.1,31.2,running,7.6,13.1,38.9,0.0,44.2,0.9,15.6,2.2,2.7,4.1,2.2,0.0,1.8,3.1,0.0,0.0,1.8,1.8,0.0,1.8,0.9,0.0,4.9,0.0,1.8,1.3,1.3,0.0,1.3,4.4,1.3,0.9,0.4,0.9,3.1,5.3,0.9,2.7,0.4,0.9,0.0,1.8,0.4,0.4,4.5,3.1,3.1,2.2,0.0,0.0,0.0,0.0,0.0,0.0,0.0,0.0,0.0,0.0,0.0,0.0,0.0,0.0,0.0,0.0,0.0,0.0,0.0,0.0,0.0,0.0,0.0,0.0,0.0,0.0,0.0,0.0,0.0,0.0,0.0,0.0,0.0,0.0,0.0,0.0,0.0,0.0,0.0,0.0,0.0,0.0,0.0,0.0,0.0,0.0,0.0,0.0
2026-01-25 15:52:46,3.4,21.9,running,8.9,7.8,29.8,0.4,45.8,1.7,14.7,3.1,4.5,0.0,2.2,1.3,1.8,3.6,0.0,0.4,0.4,0.9,0.4,0.4,2.2,0.0,1.3,2.7,0.4,0.9,1.8,0.9,2.7,0.0,5.4,0.4,0.0,0.4,1.3,0.9,0.0,1.3,2.2,4.9,2.2,0.0,3.1,3.6,4.0,2.6,3.1,1.3,0.0,0.0,0.0,0.0,0.0,0.0,0.0,0.0,0.0,0.0,0.0,0.0,0.0,0.0,0.0,0.0,0.0,0.0,0.0,0.0,0.0,0.0,0.0,0.0,0.0,0.0,0.0,0.0,0.0,0.0,0.0,0.0,0.0,0.0,0.0,0.0,0.0,0.0,0.0,0.0,0.0,0.0,0.0,0.0,0.0,0.0,0.0,0.0
2026-01-25 15:52:50,4.2,28.1,running,4.5,10.7,31.7,0.9,45.4,0.4,11.7,5.3,3.6,1.3,3.1,3.5,3.1,2.2,0.9,0.0,0.4,4.0,1.8,0.0,2.2,2.2,3.5,2.7,1.8,0.0,4.5,0.0,3.1,5.8,2.2,0.0,2.7,1.4,0.9,3.6,1.3,0.4,0.4,1.3,3.1,0.0,0.4,1.8,0.4,0.9,0.0,0.9,0.0,0.0,0.0,0.0,0.0,0.0,0.0,0.0,0.0,0.0,0.0,0.0,0.0,0.0,0.0,0.0,0.0,0.0,0.0,0.0,0.0,0.0,0.0,0.0,0.0,0.0,0.0,0.0,0.0,0.0,0.0,0.0,0.0,0.0,0.0,0.0,0.0,0.0,0.0,0.0,0.0,0.0,0.0,0.0,0.0,0.0,0.0,0.0
2026-01-25 15:52:53,3.9,25.0,running,8.4,10.4,34.1,0.9,42.0,1.3,11.1,5.4,5.8,0.4,7.1,0.4,2.7,3.1,0.9,0.0,4.0,2.2,0.0,0.0,1.3,0.0,4.0,4.0,0.4,0.0,7.1,0.4,3.6,1.3,4.4,2.7,2.7,0.4,2.2,0.0,1.3,0.0,3.1,2.7,1.3,1.3,0.9,1.3,7.5,0.0,0.9,1.8,0.0,0.0,0.0,0.0,0.0,0.0,0.0,0.0,0.0,0.0,0.0,0.0,0.0,0.0,0.0,0.0,0.0,0.0,0.0,0.0,0.0,0.0,0.0,0.0,0.0,0.0,0.0,0.0,0.0,0.0,0.0,0.0,0.0,0.0,0.0,0.0,0.0,0.0,0.0,0.0,0.0,0.0,0.0,0.0,0.0,0.0,0.0,0.0
2026-01-25 15:52:57,4.1,31.2,running,5.8,12.3,39.1,0.4,38.1,1.3,14.7,1.8,5.8,0.5,6.2,0.9,1.8,1.3,1.8,0.0,1.3,1.8,2.7,4.5,2.7,2.2,0.4,3.1,1.3,0.9,2.7,0.4,5.4,2.2,2.2,2.2,0.5,0.0,0.9,1.8,0.0,0.9,4.9,6.3,3.1,3.6,0.4,3.1,1.3,0.0,4.9,1.8,0.0,0.0,0.0,0.0,0.0,0.0,0.0,0.0,0.0,0.0,0.0,0.0,0.0,0.0,0.0,0.0,0.0,0.0,0.0,0.0,0.0,0.0,0.0,0.0,0.0,0.0,0.0,0.0,0.0,0.0,0.0,0.0,0.0,0.0,0.0,0.0,0.0,0.0,0.0,0.0,0.0,0.0,0.0,0.0,0.0,0.0,0.0,0.0
2026-01-25 15:53:00,3.7,25.0,running,3.1,7.7,31.6,0.0,43.6,0.9,10.7,2.2,11.1,1.8,4.4,2.2,1.8,2.7,0.9,0.0,3.6,0.0,3.1,3.1,0.9,2.2,4.0,2.7,1.8,1.8,1.3,0.9,0.9,0.9,1.3,0.4,1.8,1.8,6.7,4.0,2.2,1.8,3.6,0.0,0.0,4.0,1.3,0.9,4.9,0.4,0.4,0.4,0.0,0.0,0.0,0.0,0.0,0.0,0.0,0.0,0.0,0.0,0.0,0.0,0.0,0.0,0.0,0.0,0.0,0.0,0.0,0.0,0.0,0.0,0.0,0.0,0.0,0.0,0.0,0.0,0.0,0.0,0.0,0.0,0.0,0.0,0.0,0.0,0.0,0.0,0.0,0.0,0.0,0.0,0.0,0.0,0.0,0.0,0.0,0.0
2026-01-25 15:53:04,4.6,31.2,running,9.8,11.9,35.5,0.9,44.2,0.4,12.5,5.8,8.4,0.4,1.3,2.7,3.6,1.3,4.0,0.9,3.5,0.4,1.3,0.9,2.2,0.9,4.4,3.6,2.7,0.0,0.0,0.0,4.9,3.1,4.0,2.7,0.4,0.0,2.7,4.5,1.8,0.9,1.8,2.2,0.4,1.3,2.2,3.1,1.8,5.3,1.8,1.8,0.0,0.0,0.0,0.0,0.0,0.0,0.0,0.0,0.0,0.0,0.0,0.0,0.0,0.0,0.0,0.0,0.0,0.0,0.0,0.0,0.0,0.0,0.0,0.0,0.0,0.0,0.0,0.0,0.0,0.0,0.0,0.0,0.0,0.0,0.0,0.0,0.0,0.0,0.0,0.0,0.0,0.0,0.0,0.0,0.0,0.0,0.0,0.0
2026-01-25 15:53:07,4.4,21.9,running,8.9,10.6,38.2,1.8,38.9,0.9,15.2,4.9,4.9,0.0,4.0,0.4,0.4,1.3,1.3,1.3,2.7,0.9,1.3,4.5,4.0,2.2,2.7,1.8,5.3,0.0,3.6,5.4,4.0,0.0,1.8,1.8,2.2,0.4,0.4,3.6,1.3,4.0,4.9,5.4,2.2,2.2,2.2,4.0,0.0,4.0,0.9,0.0,0.0,0.0,0.0,0.0,0.0,0.0,0.0,0.0,0.0,0.0,0.0,0.0,0.0,0.0,0.0,0.0,0.0,0.0,0.0,0.0,0.0,0.0,0.0,0.0,0.0,0.0,0.0,0.0,0.0,0.0,0.0,0.0,0.0,0.0,0.0,0.0,0.0,0.0,0.0,0.0,0.0,0.0,0.0,0.0,0.0,0.0,0.0,0.0
2026-01-25 15:53:11,4.4,28.1,running,6.1,9.5,30.4,0.0,45.3,0.4,6.2,4.4,4.4,0.4,3.1,0.4,1.3,1.3,1.8,0.9,1.8,0.0,0.4,1.8,0.9,0.4,3.5,0.9,1.8,0.0,3.5,0.9,5.8,0.0,6.6,0.9,3.1,0.0,3.1,2.2,2.2,2.2,8.0,0.4,0.4,2.2,1.8,0.9,2.7,0.9,1.8,3.5,0.0,0.0,0.0,0.0,0.0,0.0,0.0,0.0,0.0,0.0,0.0,0.0,0.0,0.0,0.0,0.0,0.0,0.0,0.0,0.0,0.0,0.0,0.0,0.0,0.0,0.0,0.0,0.0,0.0,0.0,0.0,0.0,0.0,0.0,0.0,0.0,0.0,0.0,0.0,0.0,0.0,0.0,0.0,0.0,0.0,0.0,0.0,0.0
2026-01-25 15:53:14,3.5,25.0,running,4.0,8.6,35.0,0.4,41.8,0.9,17.0,4.0,5.8,0.0,4.0,1.8,0.0,3.1,0.0,3.6,2.7,0.0,0.0,0.0,0.0,0.0,2.7,0.4,4.5,0.0,3.1,0.0,5.8,1.3,4.9,3.6,0.9,1.8,1.8,2.7,0.4,1.3,7.1,2.3,1.8,0.0,0.9,1.8,5.3,4.9,1.3,0.4,0.0,0.0,0.0,0.0,0.0,0.0,0.0,0.0,0.0,0.0,0.0,0.0,0.0,0.0,0.0,0.0,0.0,0.0,0.0,0.0,0.0,0.0,0.0,0.0,0.0,0.0,0.0,0.0,0.0,0.0,0.0,0.0,0.0,0.0,0.0,0.0,0.0,0.0,0.0,0.0,0.0,0.0,0.0,0.0,0.0,0.0,0.0,0.0
2026-01-25 15:53:18,4.0,37.5,running,5.3,9.8,32.9,1.8,41.1,1.3,13.8,3.1,2.7,5.3,2.7,1.3,3.1,0.4,0.0,0.5,1.3,0.9,0.4,3.1,0.4,1.3,2.2,0.4,1.8,2.7,3.1,0.9,2.2,6.2,0.9,1.3,1.8,2.2,0.9,0.9,0.0,0.9,0.9,3.5,3.6,2.7,0.4,4.0,1.8,0.0,1.9,1.8,0.0,0.0,0.0,0.0,0.0,0.0,0.0,0.0,0.0,0.0,0.0,0.0,0.0,0.0,0.0,0.0,0.0,0.0,0.0,0.0,0.0,0.0,0.0,0.0,0.0,0.0,0.0,0.0,0.0,0.0,0.0,0.0,0.0,0.0,0.0,0.0,0.0,0.0,0.0,0.0,0.0,0.0,0.0,0.0,0.0,0.0,0.0,0.0
2026-01-25 15:53:21,4.3,34.3,running,6.7,11.9,31.9,0.4,49.1,0.0,15.1,3.1,4.9,1.8,4.0,0.4,0.0,0.0,0.9,0.8,1.8,0.0,0.4,0.9,1.8,0.4,2.7,3.1,4.4,2.2,2.7,1.8,3.6,3.6,0.4,0.4,2.7,1.8,0.9,2.2,0.4,0.4,0.9,0.4,3.1,0.9,0.9,2.2,2.7,0.4,1.3,4.4,0.0,0.0,0.0,0.0,0.0,0.0,0.0,0.0,0.0,0.0,0.0,0.0,0.0,0.0,0.0,0.0,0.0,0.0,0.0,0.0,0.0,0.0,0.0,0.0,0.0,0.0,0.0,0.0,0.0,0.0,0.0,0.0,0.0,0.0,0.0,0.0,0.0,0.0,0.0,0.0,0.0,0.0,0.0,0.0,0.0,0.0,0.0,0.0
2026-01-25 15:53:25,4.1,28.1,running,12.7,9.0,31.0,0.4,50.0,0.0,8.0,3.6,7.6,2.7,2.7,2.2,1.3,0.0,3.6,0.4,0.4,0.9,2.2,2.7,2.2,1.3,5.8,4.0,4.0,4.0,4.9,4.5,4.0,1.8,4.0,0.4,2.7,0.0,0.0,0.9,0.4,0.0,2.2,0.4,2.2,2.7,1.3,2.2,1.8,1.3,1.3,3.1,0.0,0.0,0.0,0.0,0.0,0.0,0.0,0.0,0.0,0.0,0.0,0.0,0.0,0.0,0.0,0.0,0.0,0.0,0.0,0.0,0.0,0.0,0.0,0.0,0.0,0.0,0.0,0.0,0.0,0.0,0.0,0.0,0.0,0.0,0.0,0.0,0.0,0.0,0.0,0.0,0.0,0.0,0.0,0.0,0.0,0.0,0.0,0.0
2026-01-25 15:53:28,5.2,21.9,running,7.5,6.1,32.1,1.3,44.1,0.9,12.8,5.4,5.8,2.7,2.7,0.5,2.7,0.9,0.4,0.0,1.3,3.1,1.3,0.9,0.9,2.7,1.3,3.2,1.8,2.7,0.4,0.0,7.6,0.9,34.2,0.9,3.1,0.0,4.9,3.6,2.2,2.7,6.6,0.9,0.9,0.0,0.9,4.9,0.0,2.7,7.2,0.0,0.0,0.0,0.0,0.0,0.0,0.0,0.0,0.0,0.0,0.0,0.0,0.0,0.0,0.0,0.0,0.0,0.0,0.0,0.0,0.0,0.0,0.0,0.0,0.0,0.0,0.0,0.0,0.0,0.0,0.0,0.0,0.0,0.0,0.0,0.0,0.0,0.0,0.0,0.0,0.0,0.0,0.0,0.0,0.0,0.0,0.0,0.0,0.0
2026-01-25 15:53:32,3.6,28.1,running,4.9,8.5,34.4,0.5,40.9,2.7,15.7,2.7,4.0,1.4,4.5,0.4,2.7,3.2,9.8,3.6,0.4,0.9,1.3,0.9,1.8,0.4,3.6,2.2,0.9,1.8,0.9,0.9,4.9,4.4,14.3,5.4,1.8,0.0,12.6,3.1,0.4,0.9,3.1,1.8,1.3,0.0,0.0,2.2,1.3,6.3,0.0,0.0,0.0,0.0,0.0,0.0,0.0,0.0,0.0,0.0,0.0,0.0,0.0,0.0,0.0,0.0,0.0,0.0,0.0,0.0,0.0,0.0,0.0,0.0,0.0,0.0,0.0,0.0,0.0,0.0,0.0,0.0,0.0,0.0,0.0,0.0,0.0,0.0,0.0,0.0,0.0,0.0,0.0,0.0,0.0,0.0,0.0,0.0,0.0,0.0
2026-01-25 15:53:35,4.1,21.9,running,6.6,9.4,33.0,1.3,45.8,0.0,7.1,2.2,9.3,0.0,3.1,0.0,4.0,2.6,1.8,0.0,2.7,0.0,4.5,0.0,1.8,0.9,3.1,0.4,2.7,2.2,2.7,0.4,2.7,4.0,2.2,1.3,4.4,0.0,1.3,1.3,7.1,0.9,2.2,0.4,2.2,1.8,0.0,1.3,0.9,3.9,0.5,0.5,0.0,0.0,0.0,0.0,0.0,0.0,0.0,0.0,0.0,0.0,0.0,0.0,0.0,0.0,0.0,0.0,0.0,0.0,0.0,0.0,0.0,0.0,0.0,0.0,0.0,0.0,0.0,0.0,0.0,0.0,0.0,0.0,0.0,0.0,0.0,0.0,0.0,0.0,0.0,0.0,0.0,0.0,0.0,0.0,0.0,0.0,0.0,0.0
2026-01-25 15:53:39,3.3,31.2,running,4.9,4.8,28.9,0.9,49.1,0.0,8.9,2.7,7.6,1.3,3.1,1.3,4.9,3.1,0.9,1.3,3.1,2.2,3.6,0.4,2.2,2.2,2.7,0.9,1.8,0.4,4.0,2.2,1.3,0.9,4.0,1.3,0.4,0.0,0.0,1.8,1.8,0.4,5.4,1.8,0.4,0.4,0.0,1.8,0.9,2.5,0.4,0.0,0.0,0.0,0.0,0.0,0.0,0.0,0.0,0.0,0.0,0.0,0.0,0.0,0.0,0.0,0.0,0.0,0.0,0.0,0.0,0.0,0.0,0.0,0.0,0.0,0.0,0.0,0.0,0.0,0.0,0.0,0.0,0.0,0.0,0.0,0.0,0.0,0.0,0.0,0.0,0.0,0.0,0.0,0.0,0.0,0.0,0.0,0.0,0.0
2026-01-25 15:53:42,3.6,34.4,running,8.0,9.0,32.0,0.5,16.9,3.1,6.7,3.1,2.2,1.8,0.9,0.0,0.9,0.0,0.0,1.8,1.8,0.0,3.1,3.1,4.4,1.3,4.8,0.4,4.9,0.0,4.0,0.4,2.7,4.9,1.3,27.8,0.9,0.4,3.6,0.9,4.4,0.4,4.5,0.0,0.9,0.0,0.0,7.0,1.8,1.8,6.6,0.0,0.0,0.0,0.0,0.0,0.0,0.0,0.0,0.0,0.0,0.0,0.0,0.0,0.0,0.0,0.0,0.0,0.0,0.0,0.0,0.0,0.0,0.0,0.0,0.0,0.0,0.0,0.0,0.0,0.0,0.0,0.0,0.0,0.0,0.0,0.0,0.0,0.0,0.0,0.0,0.0,0.0,0.0,0.0,0.0,0.0,0.0,0.0,0.0
2026-01-25 15:53:46,4.6,46.8,running,9.8,8.6,36.6,0.0,8.5,1.3,2.7,6.2,7.6,0.4,2.2,0.0,1.8,0.0,1.3,0.0,1.8,1.3,7.9,2.2,1.3,0.9,3.6,0.9,4.9,2.7,3.1,0.9,5.3,4.0,0.9,39.6,4.0,0.9,2.7,1.8,4.0,6.6,0.4,0.9,4.0,0.9,0.4,5.8,6.2,0.0,0.9,0.0,0.0,0.0,0.0,0.0,0.0,0.0,0.0,0.0,0.0,0.0,0.0,0.0,0.0,0.0,0.0,0.0,0.0,0.0,0.0,0.0,0.0,0.0,0.0,0.0,0.0,0.0,0.0,0.0,0.0,0.0,0.0,0.0,0.0,0.0,0.0,0.0,0.0,0.0,0.0,0.0,0.0,0.0,0.0,0.0,0.0,0.0,0.0,0.0
2026-01-25 15:53:49,3.1,31.2,running,8.0,7.9,36.3,0.0,8.5,1.3,2.2,5.3,4.0,0.0,0.9,6.2,1.3,0.9,0.9,1.8,0.4,4.5,0.9,2.2,3.1,0.9,3.1,0.4,0.4,5.8,0.9,0.4,3.6,2.7,0.0,42.0,1.8,1.3,3.6,0.4,2.7,1.3,1.8,1.3,0.0,0.0,0.0,1.8,0.9,3.6,2.7,2.7,0.0,0.0,0.0,0.0,0.0,0.0,0.0,0.0,0.0,0.0,0.0,0.0,0.0,0.0,0.0,0.0,0.0,0.0,0.0,0.0,0.0,0.0,0.0,0.0,0.0,0.0,0.0,0.0,0.0,0.0,0.0,0.0,0.0,0.0,0.0,0.0,0.0,0.0,0.0,0.0,0.0,0.0,0.0,0.0,0.0,0.0,0.0,0.0
2026-01-25 15:53:53,3.4,31.2,running,8.9,4.8,29.5,2.7,12.0,1.3,2.7,1.8,1.8,0.4,1.3,2.2,0.9,0.0,4.0,3.6,2.2,1.3,0.9,1.3,2.2,3.6,3.1,0.4,0.0,0.4,1.3,2.2,0.9,0.4,1.1,44.7,6.2,3.1,2.2,0.0,1.8,1.8,1.8,0.4,0.4,3.1,3.5,1.8,3.5,0.4,4.0,0.0,0.0,0.0,0.0,0.0,0.0,0.0,0.0,0.0,0.0,0.0,0.0,0.0,0.0,0.0,0.0,0.0,0.0,0.0,0.0,0.0,0.0,0.0,0.0,0.0,0.0,0.0,0.0,0.0,0.0,0.0,0.0,0.0,0.0,0.0,0.0,0.0,0.0,0.0,0.0,0.0,0.0,0.0,0.0,0.0,0.0,0.0,0.0,0.0
2026-01-25 15:53:56,4.1,25.0,running,6.6,8.5,33.6,1.8,9.4,4.0,3.6,4.5,2.2,2.7,0.0,1.8,5.8,1.8,2.2,1.3,2.7,3.6,1.3,0.4,2.2,0.0,1.8,0.0,0.0,0.9,2.2,0.0,6.2,0.9,0.8,46.3,6.2,0.4,2.7,0.9,3.6,2.7,3.1,2.2,0.9,0.5,3.6,2.7,2.7,3.1,1.8,0.0,0.0,0.0,0.0,0.0,0.0,0.0,0.0,0.0,0.0,0.0,0.0,0.0,0.0,0.0,0.0,0.0,0.0,0.0,0.0,0.0,0.0,0.0,0.0,0.0,0.0,0.0,0.0,0.0,0.0,0.0,0.0,0.0,0.0,0.0,0.0,0.0,0.0,0.0,0.0,0.0,0.0,0.0,0.0,0.0,0.0,0.0,0.0,0.0
2026-01-25 15:54:00,4.0,34.4,running,4.4,6.5,36.6,2.2,7.1,2.2,7.1,3.6,2.7,0.0,0.9,0.4,0.9,0.0,3.6,5.3,3.6,2.7,0.9,3.5,0.9,0.9,2.2,0.0,3.6,0.0,5.3,1.8,3.6,5.9,0.0,41.3,1.8,0.9,0.9,5.8,0.0,0.9,0.0,0.0,0.0,4.0,0.4,3.6,3.1,0.5,3.2,1.3,0.0,0.0,0.0,0.0,0.0,0.0,0.0,0.0,0.0,0.0,0.0,0.0,0.0,0.0,0.0,0.0,0.0,0.0,0.0,0.0,0.0,0.0,0.0,0.0,0.0,0.0,0.0,0.0,0.0,0.0,0.0,0.0,0.0,0.0,0.0,0.0,0.0,0.0,0.0,0.0,0.0,0.0,0.0,0.0,0.0,0.0,0.0,0.0
2026-01-25 15:54:03,3.9,21.8,running,9.8,7.0,36.8,0.4,8.0,4.0,3.6,2.7,5.4,0.0,2.7,0.0,0.0,1.8,0.9,0.4,1.8,0.0,4.0,2.7,2.2,4.0,4.0,0.9,0.9,1.8,2.2,0.9,3.6,0.4,1.8,41.3,11.8,0.9,2.2,1.8,2.7,4.9,1.8,0.4,3.1,0.0,1.3,4.4,5.8,0.0,1.8,0.0,0.0,0.0,0.0,0.0,0.0,0.0,0.0,0.0,0.0,0.0,0.0,0.0,0.0,0.0,0.0,0.0,0.0,0.0,0.0,0.0,0.0,0.0,0.0,0.0,0.0,0.0,0.0,0.0,0.0,0.0,0.0,0.0,0.0,0.0,0.0,0.0,0.0,0.0,0.0,0.0,0.0,0.0,0.0,0.0,0.0,0.0,0.0,0.0
2026-01-25 15:54:07,4.2,28.1,running,6.6,4.8,30.7,0.0,10.7,0.9,5.8,6.7,4.8,1.3,4.8,1.8,3.1,0.4,0.4,0.0,1.3,4.0,1.2,3.1,1.8,0.0,1.3,0.4,0.4,0.0,2.2,0.9,6.6,0.0,0.4,42.9,10.2,0.4,0.9,1.3,2.2,1.8,0.9,0.0,1.8,0.0,0.9,4.9,8.4,4.4,2.6,0.4,0.0,0.0,0.0,0.0,0.0,0.0,0.0,0.0,0.0,0.0,0.0,0.0,0.0,0.0,0.0,0.0,0.0,0.0,0.0,0.0,0.0,0.0,0.0,0.0,0.0,0.0,0.0,0.0,0.0,0.0,0.0,0.0,0.0,0.0,0.0,0.0,0.0,0.0,0.0,0.0,0.0,0.0,0.0,0.0,0.0,0.0,0.0,0.0
2026-01-25 15:54:10,4.2,25.0,running,5.3,4.4,36.9,1.8,10.2,0.4,4.0,1.3,4.0,0.9,2.8,1.3,0.0,0.5,2.2,0.0,4.8,2.2,3.1,3.5,3.1,3.6,4.0,3.6,0.9,0.9,0.9,0.0,3.1,3.1,0.0,43.2,4.4,0.0,3.6,0.9,4.9,4.9,3.1,2.2,2.7,0.9,1.3,3.1,2.7,1.8,2.7,0.4,0.0,0.0,0.0,0.0,0.0,0.0,0.0,0.0,0.0,0.0,0.0,0.0,0.0,0.0,0.0,0.0,0.0,0.0,0.0,0.0,0.0,0.0,0.0,0.0,0.0,0.0,0.0,0.0,0.0,0.0,0.0,0.0,0.0,0.0,0.0,0.0,0.0,0.0,0.0,0.0,0.0,0.0,0.0,0.0,0.0,0.0,0.0,0.0
2026-01-25 15:54:14,3.3,21.8,running,7.2,1.8,34.5,2.7,8.0,0.0,4.5,1.8,0.4,0.5,0.9,2.2,0.4,2.7,0.9,1.3,3.6,0.4,0.9,0.0,1.8,3.5,3.6,4.0,4.9,1.8,0.9,1.3,3.1,2.8,0.0,42.0,5.4,0.0,0.9,0.9,2.2,0.9,8.4,2.7,2.7,0.9,0.0,3.6,5.8,2.7,0.4,0.4,0.0,0.0,0.0,0.0,0.0,0.0,0.0,0.0,0.0,0.0,0.0,0.0,0.0,0.0,0.0,0.0,0.0,0.0,0.0,0.0,0.0,0.0,0.0,0.0,0.0,0.0,0.0,0.0,0.0,0.0,0.0,0.0,0.0,0.0,0.0,0.0,0.0,0.0,0.0,0.0,0.0,0.0,0.0,0.0,0.0,0.0,0.0,0.0
2026-01-25 15:54:17,5.1,25.0,running,11.1,4.4,40.3,1.8,8.8,0.9,4.4,6.2,6.6,2.7,3.6,0.0,4.4,2.7,2.2,1.3,3.1,2.2,2.2,0.4,1.8,0.0,1.8,0.9,0.9,0.4,4.9,0.9,3.6,0.0,0.9,46.7,7.1,1.3,1.3,4.4,1.3,0.0,2.7,4.0,4.9,3.1,3.1,3.6,3.1,1.3,1.3,3.1,0.0,0.0,0.0,0.0,0.0,0.0,0.0,0.0,0.0,0.0,0.0,0.0,0.0,0.0,0.0,0.0,0.0,0.0,0.0,0.0,0.0,0.0,0.0,0.0,0.0,0.0,0.0,0.0,0.0,0.0,0.0,0.0,0.0,0.0,0.0,0.0,0.0,0.0,0.0,0.0,0.0,0.0,0.0,0.0,0.0,0.0,0.0,0.0
2026-01-25 15:54:21,3.3,28.1,running,1.8,6.5,36.7,0.9,7.6,0.0,4.0,2.2,3.1,3.1,0.4,0.0,1.4,0.9,2.7,0.9,0.9,1.8,2.7,0.0,1.8,0.0,1.3,4.5,0.0,0.0,0.4,0.0,4.0,2.7,2.2,44.4,4.9,0.9,4.4,7.9,5.3,0.4,3.6,0.9,1.3,0.0,0.4,2.7,2.7,0.0,0.0,3.1,0.0,0.0,0.0,0.0,0.0,0.0,0.0,0.0,0.0,0.0,0.0,0.0,0.0,0.0,0.0,0.0,0.0,0.0,0.0,0.0,0.0,0.0,0.0,0.0,0.0,0.0,0.0,0.0,0.0,0.0,0.0,0.0,0.0,0.0,0.0,0.0,0.0,0.0,0.0,0.0,0.0,0.0,0.0,0.0,0.0,0.0,0.0,0.0
2026-01-25 15:54:24,3.6,25.0,running,8.0,4.8,39.0,2.3,6.3,0.0,4.5,4.9,6.7,0.4,2.2,1.8,1.8,1.8,0.9,3.1,2.2,1.3,0.0,2.2,0.9,0.4,5.4,2.2,0.9,0.0,1.8,2.7,4.0,3.1,0.0,44.9,11.0,1.8,2.2,1.8,0.4,0.0,6.7,0.0,0.4,0.0,0.0,4.4,3.1,1.3,0.4,0.0,0.0,0.0,0.0,0.0,0.0,0.0,0.0,0.0,0.0,0.0,0.0,0.0,0.0,0.0,0.0,0.0,0.0,0.0,0.0,0.0,0.0,0.0,0.0,0.0,0.0,0.0,0.0,0.0,0.0,0.0,0.0,0.0,0.0,0.0,0.0,0.0,0.0,0.0,0.0,0.0,0.0,0.0,0.0,0.0,0.0,0.0,0.0,0.0
2026-01-25 15:54:28,3.9,21.9,running,6.7,7.5,37.5,3.8,11.6,0.5,4.0,2.7,4.4,5.0,2.7,0.0,2.2,2.2,2.2,0.0,0.4,0.0,1.8,1.3,1.8,1.8,1.3,1.3,6.2,0.0,3.1,4.0,4.4,4.5,1.8,42.9,8.0,1.3,2.7,2.2,0.0,0.9,2.7,0.0,0.4,0.0,0.9,5.3,5.3,0.0,0.9,1.8,0.0,0.0,0.0,0.0,0.0,0.0,0.0,0.0,0.0,0.0,0.0,0.0,0.0,0.0,0.0,0.0,0.0,0.0,0.0,0.0,0.0,0.0,0.0,0.0,0.0,0.0,0.0,0.0,0.0,0.0,0.0,0.0,0.0,0.0,0.0,0.0,0.0,0.0,0.0,0.0,0.0,0.0,0.0,0.0,0.0,0.0,0.0,0.0
2026-01-25 15:54:31,3.9,43.7,running,4.4,4.4,41.5,1.3,8.0,1.7,3.6,6.7,3.1,0.0,3.5,0.4,0.4,0.9,2.2,1.3,0.9,3.1,1.3,1.3,3.6,0.0,4.5,0.4,4.9,0.0,1.8,4.0,3.6,0.9,0.4,45.8,8.4,0.4,1.8,4.0,1.3,3.1,1.8,1.8,1.3,0.4,0.0,1.8,4.0,0.0,0.0,0.0,0.0,0.0,0.0,0.0,0.0,0.0,0.0,0.0,0.0,0.0,0.0,0.0,0.0,0.0,0.0,0.0,0.0,0.0,0.0,0.0,0.0,0.0,0.0,0.0,0.0,0.0,0.0,0.0,0.0,0.0,0.0,0.0,0.0,0.0,0.0,0.0,0.0,0.0,0.0,0.0,0.0,0.0,0.0,0.0,0.0,0.0,0.0,0.0
2026-01-25 15:54:35,4.1,34.3,running,9.4,3.6,42.2,0.0,8.4,1.8,2.7,2.7,6.3,2.7,3.6,6.7,4.9,1.3,0.0,2.7,0.9,1.4,2.7,1.3,1.8,0.9,0.0,4.4,1.3,0.4,0.4,0.4,2.7,4.5,0.0,42.9,4.5,3.1,1.3,3.6,0.9,0.9,3.6,0.0,1.8,1.8,0.0,2.7,7.1,1.3,4.9,1.8,0.0,0.0,0.0,0.0,0.0,0.0,0.0,0.0,0.0,0.0,0.0,0.0,0.0,0.0,0.0,0.0,0.0,0.0,0.0,0.0,0.0,0.0,0.0,0.0,0.0,0.0,0.0,0.0,0.0,0.0,0.0,0.0,0.0,0.0,0.0,0.0,0.0,0.0,0.0,0.0,0.0,0.0,0.0,0.0,0.0,0.0,0.0,0.0
2026-01-25 15:54:38,4.9,31.2,running,10.5,3.1,38.9,0.0,6.2,4.9,4.4,1.3,8.0,1.3,2.7,0.4,1.3,0.0,1.8,0.4,5.3,3.3,4.0,0.0,0.9,0.9,3.1,0.4,0.0,0.4,3.6,9.3,4.9,1.8,0.4,39.6,1.3,0.0,5.8,0.4,1.8,1.3,6.2,1.3,1.8,1.4,0.9,0.9,0.9,6.3,6.2,0.0,0.0,0.0,0.0,0.0,0.0,0.0,0.0,0.0,0.0,0.0,0.0,0.0,0.0,0.0,0.0,0.0,0.0,0.0,0.0,0.0,0.0,0.0,0.0,0.0,0.0,0.0,0.0,0.0,0.0,0.0,0.0,0.0,0.0,0.0,0.0,0.0,0.0,0.0,0.0,0.0,0.0,0.0,0.0,0.0,0.0,0.0,0.0,0.0
2026-01-25 15:54:42,4.7,31.2,running,8.9,3.5,31.1,0.0,8.0,0.9,5.3,2.2,2.7,1.8,2.7,0.0,2.7,3.6,5.3,3.1,0.4,2.7,1.3,1.8,0.9,1.8,2.2,2.7,3.1,3.5,7.6,0.4,8.4,0.9,2.4,48.7,4.5,0.9,4.9,3.6,1.8,2.2,8.0,0.0,1.8,2.0,0.5,3.1,1.3,0.4,0.9,0.5,0.0,0.0,0.0,0.0,0.0,0.0,0.0,0.0,0.0,0.0,0.0,0.0,0.0,0.0,0.0,0.0,0.0,0.0,0.0,0.0,0.0,0.0,0.0,0.0,0.0,0.0,0.0,0.0,0.0,0.0,0.0,0.0,0.0,0.0,0.0,0.0,0.0,0.0,0.0,0.0,0.0,0.0,0.0,0.0,0.0,0.0,0.0,0.0
2026-01-25 15:54:45,3.9,34.3,running,7.6,7.4,33.0,2.5,12.0,2.2,6.2,3.6,5.3,0.0,3.5,2.7,3.1,0.4,3.6,1.8,3.6,0.0,1.8,0.0,0.0,0.0,6.2,0.4,4.9,0.0,3.6,0.9,5.8,2.2,0.8,44.1,4.4,1.8,3.1,1.3,1.3,0.4,1.8,0.4,2.6,0.4,2.6,3.6,5.8,0.4,2.6,0.4,0.0,0.0,0.0,0.0,0.0,0.0,0.0,0.0,0.0,0.0,0.0,0.0,0.0,0.0,0.0,0.0,0.0,0.0,0.0,0.0,0.0,0.0,0.0,0.0,0.0,0.0,0.0,0.0,0.0,0.0,0.0,0.0,0.0,0.0,0.0,0.0,0.0,0.0,0.0,0.0,0.0,0.0,0.0,0.0,0.0,0.0,0.0,0.0
2026-01-25 15:54:49,3.7,28.1,running,5.8,1.8,40.4,0.0,5.3,2.2,2.2,2.7,6.7,0.0,7.1,0.9,2.7,2.2,1.3,0.0,0.9,3.1,0.9,0.0,1.8,2.2,0.9,0.9,1.3,3.6,0.4,0.0,5.3,2.7,0.0,39.8,3.1,0.0,0.4,3.5,0.4,4.0,2.2,0.0,1.8,2.7,2.7,3.5,8.4,0.9,2.7,0.0,0.0,0.0,0.0,0.0,0.0,0.0,0.0,0.0,0.0,0.0,0.0,0.0,0.0,0.0,0.0,0.0,0.0,0.0,0.0,0.0,0.0,0.0,0.0,0.0,0.0,0.0,0.0,0.0,0.0,0.0,0.0,0.0,0.0,0.0,0.0,0.0,0.0,0.0,0.0,0.0,0.0,0.0,0.0,0.0,0.0,0.0,0.0,0.0
2026-01-25 15:54:52,3.7,25.0,running,4.5,2.7,37.3,0.0,8.0,1.8,2.7,5.4,4.9,0.4,4.4,0.0,5.7,0.0,2.2,1.8,4.8,2.2,3.6,1.8,3.1,2.2,2.7,0.4,0.4,3.1,3.5,0.0,2.3,2.2,0.4,39.3,4.5,0.4,0.9,0.9,3.1,0.0,2.2,0.9,2.2,0.0,0.0,3.6,5.3,1.8,0.9,0.0,0.0,0.0,0.0,0.0,0.0,0.0,0.0,0.0,0.0,0.0,0.0,0.0,0.0,0.0,0.0,0.0,0.0,0.0,0.0,0.0,0.0,0.0,0.0,0.0,0.0,0.0,0.0,0.0,0.0,0.0,0.0,0.0,0.0,0.0,0.0,0.0,0.0,0.0,0.0,0.0,0.0,0.0,0.0,0.0,0.0,0.0,0.0,0.0
2026-01-25 15:54:56,4.3,31.2,running,6.7,7.4,37.0,0.0,7.1,1.8,2.7,4.4,5.4,0.0,3.6,0.0,0.9,0.9,2.7,1.8,0.4,1.3,0.4,0.9,0.4,2.2,2.2,2.7,0.9,2.2,3.5,0.4,2.7,2.2,0.9,44.5,12.4,1.8,4.4,0.9,1.8,3.1,2.2,2.7,4.5,6.3,0.0,4.0,1.3,0.0,1.8,0.0,0.0,0.0,0.0,0.0,0.0,0.0,0.0,0.0,0.0,0.0,0.0,0.0,0.0,0.0,0.0,0.0,0.0,0.0,0.0,0.0,0.0,0.0,0.0,0.0,0.0,0.0,0.0,0.0,0.0,0.0,0.0,0.0,0.0,0.0,0.0,0.0,0.0,0.0,0.0,0.0,0.0,0.0,0.0,0.0,0.0,0.0,0.0,0.0
2026-01-25 15:54:59,3.6,25.0,running,8.0,7.0,31.0,0.0,5.3,2.7,2.7,5.3,3.1,0.4,0.4,0.9,0.0,1.8,0.9,0.4,3.1,0.4,2.2,1.3,2.2,1.8,1.8,1.3,0.9,0.4,5.8,2.7,8.4,0.9,0.9,46.0,7.1,0.0,1.3,4.8,1.3,1.8,2.2,0.0,0.0,2.7,4.0,0.4,0.0,0.4,1.8,1.8,0.0,0.0,0.0,0.0,0.0,0.0,0.0,0.0,0.0,0.0,0.0,0.0,0.0,0.0,0.0,0.0,0.0,0.0,0.0,0.0,0.0,0.0,0.0,0.0,0.0,0.0,0.0,0.0,0.0,0.0,0.0,0.0,0.0,0.0,0.0,0.0,0.0,0.0,0.0,0.0,0.0,0.0,0.0,0.0,0.0,0.0,0.0,0.0
2026-01-25 15:55:03,4.2,28.1,running,6.2,4.4,34.1,0.4,9.8,2.2,6.2,4.4,3.1,0.0,1.8,0.0,4.0,0.9,2.2,0.9,0.4,0.9,1.3,3.1,1.8,0.9,1.8,0.4,0.4,1.3,7.5,0.0,3.6,3.6,0.4,41.9,4.5,0.0,0.4,0.9,0.4,0.4,5.4,8.5,1.8,0.4,0.0,4.9,6.7,4.0,3.1,3.6,0.0,0.0,0.0,0.0,0.0,0.0,0.0,0.0,0.0,0.0,0.0,0.0,0.0,0.0,0.0,0.0,0.0,0.0,0.0,0.0,0.0,0.0,0.0,0.0,0.0,0.0,0.0,0.0,0.0,0.0,0.0,0.0,0.0,0.0,0.0,0.0,0.0,0.0,0.0,0.0,0.0,0.0,0.0,0.0,0.0,0.0,0.0,0.0
2026-01-25 15:55:06,4.4,34.4,running,5.8,0.9,34.7,0.9,8.0,5.4,3.1,5.8,4.5,0.4,1.8,3.5,0.9,1.3,1.3,0.0,3.1,1.3,3.6,0.0,0.4,0.4,3.6,2.2,0.9,0.4,2.2,3.1,3.2,4.0,4.0,45.5,7.1,2.7,3.1,6.6,0.9,1.3,4.4,2.2,1.3,0.0,2.7,1.3,1.8,0.4,3.1,1.3,0.0,0.0,0.0,0.0,0.0,0.0,0.0,0.0,0.0,0.0,0.0,0.0,0.0,0.0,0.0,0.0,0.0,0.0,0.0,0.0,0.0,0.0,0.0,0.0,0.0,0.0,0.0,0.0,0.0,0.0,0.0,0.0,0.0,0.0,0.0,0.0,0.0,0.0,0.0,0.0,0.0,0.0,0.0,0.0,0.0,0.0,0.0,0.0
2026-01-25 15:55:10,4.8,28.1,running,9.7,0.0,34.2,2.7,12.8,0.4,5.8,2.2,3.1,0.0,5.3,0.9,4.9,3.6,4.0,0.9,0.4,2.7,0.9,0.9,3.1,0.9,2.2,1.8,2.2,2.7,0.9,2.2,11.6,0.4,16.5,33.9,32.4,1.8,1.8,0.5,1.8,0.0,3.1,0.0,2.2,0.4,1.3,2.7,0.4,3.1,1.8,0.0,0.0,0.0,0.0,0.0,0.0,0.0,0.0,0.0,0.0,0.0,0.0,0.0,0.0,0.0,0.0,0.0,0.0,0.0,0.0,0.0,0.0,0.0,0.0,0.0,0.0,0.0,0.0,0.0,0.0,0.0,0.0,0.0,0.0,0.0,0.0,0.0,0.0,0.0,0.0,0.0,0.0,0.0,0.0,0.0,0.0,0.0,0.0,0.0
2026-01-25 15:55:13,4.4,31.2,running,7.6,3.1,35.8,0.0,41.8,0.4,9.8,4.4,12.9,2.7,4.9,0.9,2.2,0.0,1.8,0.9,0.4,1.3,0.4,0.0,4.4,0.4,0.0,2.2,0.9,0.4,4.5,0.9,7.1,1.8,2.7,4.9,2.7,1.8,4.4,2.7,1.8,1.8,2.7,0.4,1.8,0.4,0.9,6.7,4.0,4.4,4.0,0.4,0.0,0.0,0.0,0.0,0.0,0.0,0.0,0.0,0.0,0.0,0.0,0.0,0.0,0.0,0.0,0.0,0.0,0.0,0.0,0.0,0.0,0.0,0.0,0.0,0.0,0.0,0.0,0.0,0.0,0.0,0.0,0.0,0.0,0.0,0.0,0.0,0.0,0.0,0.0,0.0,0.0,0.0,0.0,0.0,0.0,0.0,0.0,0.0
2026-01-25 15:55:17,4.1,18.7,running,6.6,5.3,30.7,0.0,46.0,0.0,12.5,2.7,4.9,0.9,5.3,0.4,2.2,2.7,1.3,3.6,0.9,3.1,6.2,0.9,3.6,0.9,3.1,0.9,1.3,2.2,4.8,0.0,5.8,3.1,0.4,3.1,1.8,0.0,5.8,0.9,2.2,3.5,3.6,2.7,0.4,0.0,0.0,2.7,0.9,1.3,1.3,2.2,0.0,0.0,0.0,0.0,0.0,0.0,0.0,0.0,0.0,0.0,0.0,0.0,0.0,0.0,0.0,0.0,0.0,0.0,0.0,0.0,0.0,0.0,0.0,0.0,0.0,0.0,0.0,0.0,0.0,0.0,0.0,0.0,0.0,0.0,0.0,0.0,0.0,0.0,0.0,0.0,0.0,0.0,0.0,0.0,0.0,0.0,0.0,0.0
2026-01-25 15:55:20,4.4,25.0,running,4.9,2.7,34.3,0.0,42.2,0.0,15.0,4.9,6.2,1.8,3.5,1.4,3.1,0.0,1.3,0.0,0.4,2.2,1.3,0.4,3.1,2.2,4.4,1.3,1.3,1.3,7.1,2.2,9.3,0.9,4.0,0.4,1.3,2.2,4.0,1.3,2.7,3.1,3.1,1.3,2.7,0.4,0.0,5.8,3.1,0.0,0.4,0.9,0.0,0.0,0.0,0.0,0.0,0.0,0.0,0.0,0.0,0.0,0.0,0.0,0.0,0.0,0.0,0.0,0.0,0.0,0.0,0.0,0.0,0.0,0.0,0.0,0.0,0.0,0.0,0.0,0.0,0.0,0.0,0.0,0.0,0.0,0.0,0.0,0.0,0.0,0.0,0.0,0.0,0.0,0.0,0.0,0.0,0.0,0.0,0.0
2026-01-25 15:55:24,4.7,31.2,running,8.9,1.3,37.4,0.9,42.1,0.0,10.8,3.6,8.6,0.4,1.8,0.9,2.3,6.6,0.9,0.4,4.0,6.7,4.9,0.4,1.8,2.2,2.2,4.4,3.6,2.7,3.6,0.0,4.0,2.2,2.7,1.3,2.7,2.2,1.3,1.8,7.5,0.9,2.7,0.0,0.0,0.0,2.7,3.6,5.8,1.8,5.3,0.4,0.0,0.0,0.0,0.0,0.0,0.0,0.0,0.0,0.0,0.0,0.0,0.0,0.0,0.0,0.0,0.0,0.0,0.0,0.0,0.0,0.0,0.0,0.0,0.0,0.0,0.0,0.0,0.0,0.0,0.0,0.0,0.0,0.0,0.0,0.0,0.0,0.0,0.0,0.0,0.0,0.0,0.0,0.0,0.0,0.0,0.0,0.0,0.0
2026-01-25 15:55:27,3.7,25.0,running,5.3,3.6,34.8,0.0,44.4,0.0,8.4,3.1,4.9,0.9,0.4,1.3,3.5,1.3,1.8,2.7,4.9,3.1,0.9,1.8,0.9,0.9,1.8,4.9,3.1,0.0,3.1,0.4,3.1,0.0,1.3,0.0,0.9,1.3,0.4,1.3,3.6,5.8,3.1,0.4,3.1,1.8,1.3,3.6,3.1,1.3,0.9,0.0,0.0,0.0,0.0,0.0,0.0,0.0,0.0,0.0,0.0,0.0,0.0,0.0,0.0,0.0,0.0,0.0,0.0,0.0,0.0,0.0,0.0,0.0,0.0,0.0,0.0,0.0,0.0,0.0,0.0,0.0,0.0,0.0,0.0,0.0,0.0,0.0,0.0,0.0,0.0,0.0,0.0,0.0,0.0,0.0,0.0,0.0,0.0,0.0
2026-01-25 15:55:31,3.1,25.0,running,6.2,1.3,32.3,0.9,49.1,0.4,9.4,5.8,7.6,0.5,1.3,0.9,1.8,0.0,0.4,0.0,4.0,0.0,0.0,6.6,0.9,0.0,2.2,1.8,1.3,2.2,2.2,3.6,2.7,3.6,1.3,1.8,2.7,1.8,3.6,2.2,0.9,2.7,2.2,0.0,2.2,2.7,0.9,1.8,1.3,0.0,0.4,3.6,0.0,0.0,0.0,0.0,0.0,0.0,0.0,0.0,0.0,0.0,0.0,0.0,0.0,0.0,0.0,0.0,0.0,0.0,0.0,0.0,0.0,0.0,0.0,0.0,0.0,0.0,0.0,0.0,0.0,0.0,0.0,0.0,0.0,0.0,0.0,0.0,0.0,0.0,0.0,0.0,0.0,0.0,0.0,0.0,0.0,0.0,0.0,0.0
2026-01-25 15:55:35,3.8,28.1,running,8.4,1.8,35.1,2.2,39.1,0.9,14.7,0.9,4.0,0.0,2.2,0.0,8.0,2.7,3.1,2.7,2.2,0.0,1.8,2.2,1.3,0.4,2.7,1.3,5.4,0.4,0.9,1.3,3.1,0.9,0.4,0.0,3.1,0.4,2.2,1.8,3.6,2.7,3.1,0.0,0.0,0.0,0.9,5.3,2.2,0.9,3.6,1.3,0.0,0.0,0.0,0.0,0.0,0.0,0.0,0.0,0.0,0.0,0.0,0.0,0.0,0.0,0.0,0.0,0.0,0.0,0.0,0.0,0.0,0.0,0.0,0.0,0.0,0.0,0.0,0.0,0.0,0.0,0.0,0.0,0.0,0.0,0.0,0.0,0.0,0.0,0.0,0.0,0.0,0.0,0.0,0.0,0.0,0.0,0.0,0.0
2026-01-25 15:55:38,3.2,21.9,running,4.9,1.8,33.3,0.0,45.8,0.0,11.5,0.9,3.1,1.8,1.3,4.4,1.3,1.3,0.4,4.5,3.1,0.4,3.6,0.0,4.4,0.9,0.9,0.9,0.9,1.8,0.0,4.0,3.1,2.2,2.2,2.2,2.2,2.2,1.3,1.8,3.6,1.3,0.9,1.3,0.0,1.8,0.0,2.2,0.0,3.6,4.0,0.9,0.0,0.0,0.0,0.0,0.0,0.0,0.0,0.0,0.0,0.0,0.0,0.0,0.0,0.0,0.0,0.0,0.0,0.0,0.0,0.0,0.0,0.0,0.0,0.0,0.0,0.0,0.0,0.0,0.0,0.0,0.0,0.0,0.0,0.0,0.0,0.0,0.0,0.0,0.0,0.0,0.0,0.0,0.0,0.0,0.0,0.0,0.0,0.0
2026-01-25 15:55:42,4.3,31.2,running,5.8,2.7,32.0,1.3,48.2,0.0,12.1,2.2,8.5,0.4,4.9,2.7,9.5,0.9,1.3,0.9,1.3,0.4,0.9,0.0,2.7,0.0,1.3,3.1,1.3,1.3,1.8,0.0,1.3,4.4,4.5,1.3,0.9,1.8,1.3,2.2,2.2,1.8,1.3,0.0,0.4,0.4,0.9,0.9,3.1,0.4,3.1,2.2,0.0,0.0,0.0,0.0,0.0,0.0,0.0,0.0,0.0,0.0,0.0,0.0,0.0,0.0,0.0,0.0,0.0,0.0,0.0,0.0,0.0,0.0,0.0,0.0,0.0,0.0,0.0,0.0,0.0,0.0,0.0,0.0,0.0,0.0,0.0,0.0,0.0,0.0,0.0,0.0,0.0,0.0,0.0,0.0,0.0,0.0,0.0,0.0
2026-01-25 15:55:45,3.5,25.0,running,9.3,2.2,32.6,0.9,42.1,0.9,13.3,4.5,4.4,0.0,1.3,5.4,0.4,2.2,2.2,3.1,0.4,0.0,2.2,1.3,2.7,0.0,2.7,4.0,1.3,1.3,3.1,1.8,3.1,0.9,0.9,3.1,1.8,0.0,4.9,2.2,3.1,0.4,5.4,1.3,0.9,0.4,3.1,4.0,3.6,0.0,0.9,1.3,0.0,0.0,0.0,0.0,0.0,0.0,0.0,0.0,0.0,0.0,0.0,0.0,0.0,0.0,0.0,0.0,0.0,0.0,0.0,0.0,0.0,0.0,0.0,0.0,0.0,0.0,0.0,0.0,0.0,0.0,0.0,0.0,0.0,0.0,0.0,0.0,0.0,0.0,0.0,0.0,0.0,0.0,0.0,0.0,0.0,0.0,0.0,0.0
2026-01-25 15:55:49,4.1,31.2,running,7.1,3.5,36.0,0.9,44.7,0.5,12.9,2.2,6.2,1.3,5.3,2.3,3.1,1.4,1.3,0.0,2.2,1.3,0.4,0.5,3.1,2.3,2.7,1.9,1.3,1.3,6.8,0.0,3.6,4.0,1.8,0.9,1.8,2.3,0.9,0.9,0.0,2.2,0.9,1.3,2.7,5.8,0.5,2.2,6.8,0.0,1.8,0.4,0.0,0.0,0.0,0.0,0.0,0.0,0.0,0.0,0.0,0.0,0.0,0.0,0.0,0.0,0.0,0.0,0.0,0.0,0.0,0.0,0.0,0.0,0.0,0.0,0.0,0.0,0.0,0.0,0.0,0.0,0.0,0.0,0.0,0.0,0.0,0.0,0.0,0.0,0.0,0.0,0.0,0.0,0.0,0.0,0.0,0.0,0.0,0.0
2026-01-25 15:55:52,3.5,25.0,running,5.8,3.1,37.9,0.4,35.7,0.8,13.7,3.1,9.2,2.2,5.3,0.0,1.8,4.3,3.6,0.0,0.9,0.4,1.8,0.0,1.3,0.0,4.0,0.9,0.9,2.2,5.8,0.0,4.5,3.6,1.3,0.4,2.7,1.3,2.2,5.3,1.8,2.2,3.9,0.4,3.1,0.0,0.4,3.5,1.3,1.3,1.8,0.4,0.0,0.0,0.0,0.0,0.0,0.0,0.0,0.0,0.0,0.0,0.0,0.0,0.0,0.0,0.0,0.0,0.0,0.0,0.0,0.0,0.0,0.0,0.0,0.0,0.0,0.0,0.0,0.0,0.0,0.0,0.0,0.0,0.0,0.0,0.0,0.0,0.0,0.0,0.0,0.0,0.0,0.0,0.0,0.0,0.0,0.0,0.0,0.0
2026-01-25 15:55:56,4.1,28.1,running,4.5,2.2,32.0,0.9,41.0,0.0,13.0,1.8,4.0,2.2,4.0,1.8,0.9,0.9,4.9,0.9,4.0,0.4,3.1,0.4,0.9,0.9,3.6,0.9,2.2,0.0,0.9,1.3,2.7,0.4,0.0,1.8,1.3,5.3,0.4,1.3,0.0,2.2,0.9,1.8,0.4,1.8,1.3,3.6,4.0,1.3,3.6,2.7,0.0,0.0,0.0,0.0,0.0,0.0,0.0,0.0,0.0,0.0,0.0,0.0,0.0,0.0,0.0,0.0,0.0,0.0,0.0,0.0,0.0,0.0,0.0,0.0,0.0,0.0,0.0,0.0,0.0,0.0,0.0,0.0,0.0,0.0,0.0,0.0,0.0,0.0,0.0,0.0,0.0,0.0,0.0,0.0,0.0,0.0,0.0,0.0
2026-01-25 15:55:59,3.7,21.9,running,4.9,3.1,35.4,0.0,41.8,0.0,12.4,5.3,1.8,2.7,5.3,0.0,3.6,0.0,0.4,1.3,4.0,0.0,0.9,2.2,1.8,0.0,1.8,1.3,0.9,0.9,4.9,2.2,5.8,5.3,2.7,1.3,6.2,1.3,0.4,0.9,0.4,0.4,3.6,1.8,1.8,1.8,1.8,0.9,4.4,0.0,0.9,3.1,0.0,0.0,0.0,0.0,0.0,0.0,0.0,0.0,0.0,0.0,0.0,0.0,0.0,0.0,0.0,0.0,0.0,0.0,0.0,0.0,0.0,0.0,0.0,0.0,0.0,0.0,0.0,0.0,0.0,0.0,0.0,0.0,0.0,0.0,0.0,0.0,0.0,0.0,0.0,0.0,0.0,0.0,0.0,0.0,0.0,0.0,0.0,0.0
2026-01-25 15:56:03,3.4,18.7,running,6.6,2.2,35.2,0.0,43.1,0.4,11.9,3.1,4.5,0.4,1.8,0.0,0.9,2.2,4.4,0.0,4.0,1.3,1.3,2.7,1.3,0.9,0.4,6.2,2.7,0.4,1.3,1.8,3.6,1.8,0.4,4.5,2.7,0.4,0.4,1.3,3.5,0.0,4.0,0.4,0.0,1.3,2.7,0.9,2.7,0.9,2.2,0.9,0.0,0.0,0.0,0.0,0.0,0.0,0.0,0.0,0.0,0.0,0.0,0.0,0.0,0.0,0.0,0.0,0.0,0.0,0.0,0.0,0.0,0.0,0.0,0.0,0.0,0.0,0.0,0.0,0.0,0.0,0.0,0.0,0.0,0.0,0.0,0.0,0.0,0.0,0.0,0.0,0.0,0.0,0.0,0.0,0.0,0.0,0.0,0.0
2026-01-25 15:56:06,4.2,18.7,running,4.0,5.3,29.0,2.7,46.9,0.4,12.0,1.3,3.6,0.4,5.3,1.8,0.9,2.7,2.2,11.1,0.0,0.4,2.7,0.4,0.9,0.9,3.5,2.7,0.4,0.4,0.9,0.9,4.4,0.4,1.3,3.5,3.1,3.1,0.4,0.0,0.9,2.7,1.8,1.8,0.9,0.4,0.9,2.7,2.2,0.0,0.4,0.0,0.0,0.0,0.0,0.0,0.0,0.0,0.0,0.0,0.0,0.0,0.0,0.0,0.0,0.0,0.0,0.0,0.0,0.0,0.0,0.0,0.0,0.0,0.0,0.0,0.0,0.0,0.0,0.0,0.0,0.0,0.0,0.0,0.0,0.0,0.0,0.0,0.0,0.0,0.0,0.0,0.0,0.0,0.0,0.0,0.0,0.0,0.0,0.0
2026-01-25 15:56:10,3.1,25.0,running,4.4,1.3,31.4,0.4,38.4,0.4,19.6,1.3,2.2,0.9,2.7,0.9,2.7,0.5,1.3,1.4,0.0,0.0,3.1,2.7,3.1,1.8,1.3,2.7,0.0,0.0,1.8,0.0,2.7,0.9,1.3,0.0,2.2,0.0,1.3,0.9,1.3,1.3,1.8,1.8,1.8,2.3,1.3,3.6,0.4,4.5,0.4,2.7,0.0,0.0,0.0,0.0,0.0,0.0,0.0,0.0,0.0,0.0,0.0,0.0,0.0,0.0,0.0,0.0,0.0,0.0,0.0,0.0,0.0,0.0,0.0,0.0,0.0,0.0,0.0,0.0,0.0,0.0,0.0,0.0,0.0,0.0,0.0,0.0,0.0,0.0,0.0,0.0,0.0,0.0,0.0,0.0,0.0,0.0,0.0,0.0
2026-01-25 15:56:13,4.1,21.9,running,8.3,1.8,33.2,0.0,46.5,0.0,10.7,7.1,3.1,3.1,3.5,0.5,4.4,1.8,3.1,0.9,4.9,0.4,0.0,1.3,0.4,1.3,1.8,4.4,2.7,0.0,2.7,0.4,1.8,2.7,0.4,0.9,0.0,1.3,0.9,2.2,1.8,0.4,7.0,0.9,0.9,1.3,0.4,1.8,5.7,0.4,0.9,0.9,0.0,0.0,0.0,0.0,0.0,0.0,0.0,0.0,0.0,0.0,0.0,0.0,0.0,0.0,0.0,0.0,0.0,0.0,0.0,0.0,0.0,0.0,0.0,0.0,0.0,0.0,0.0,0.0,0.0,0.0,0.0,0.0,0.0,0.0,0.0,0.0,0.0,0.0,0.0,0.0,0.0,0.0,0.0,0.0,0.0,0.0,0.0,0.0
2026-01-25 15:56:17,3.5,9.4,running,6.8,3.6,32.9,0.4,45.3,0.9,7.6,4.0,5.4,2.2,2.3,0.4,0.4,0.9,1.8,3.1,1.3,0.9,0.4,0.0,0.4,0.4,8.0,3.1,1.4,1.8,3.1,2.2,2.7,0.4,1.3,2.2,2.7,2.2,1.8,2.2,3.1,0.0,6.2,4.8,2.7,0.0,0.5,4.5,2.2,1.3,0.4,0.0,0.0,0.0,0.0,0.0,0.0,0.0,0.0,0.0,0.0,0.0,0.0,0.0,0.0,0.0,0.0,0.0,0.0,0.0,0.0,0.0,0.0,0.0,0.0,0.0,0.0,0.0,0.0,0.0,0.0,0.0,0.0,0.0,0.0,0.0,0.0,0.0,0.0,0.0,0.0,0.0,0.0,0.0,0.0,0.0,0.0,0.0,0.0,0.0
2026-01-25 15:56:20,3.8,34.4,running,6.6,3.1,30.7,0.9,46.9,1.3,10.7,1.8,5.8,0.0,1.8,0.4,1.8,0.0,0.9,0.5,0.4,0.4,0.4,0.0,3.1,0.0,4.0,2.7,2.2,0.4,2.7,3.1,1.8,3.1,4.4,0.4,6.2,0.0,2.7,1.8,4.0,1.8,4.0,5.8,1.8,0.0,0.0,2.2,1.3,0.9,1.8,0.0,0.0,0.0,0.0,0.0,0.0,0.0,0.0,0.0,0.0,0.0,0.0,0.0,0.0,0.0,0.0,0.0,0.0,0.0,0.0,0.0,0.0,0.0,0.0,0.0,0.0,0.0,0.0,0.0,0.0,0.0,0.0,0.0,0.0,0.0,0.0,0.0,0.0,0.0,0.0,0.0,0.0,0.0,0.0,0.0,0.0,0.0,0.0,0.0
2026-01-25 15:56:24,3.9,31.2,running,4.9,1.8,33.8,0.0,48.4,0.0,10.6,3.6,6.6,0.4,4.4,0.0,4.9,0.0,0.0,1.2,0.9,0.9,1.8,0.0,0.4,0.9,0.9,2.2,0.4,1.3,3.1,1.8,0.4,4.9,1.3,0.9,0.9,0.9,1.3,1.8,2.7,5.8,2.2,0.9,0.0,2.2,0.0,5.3,4.5,0.4,1.3,0.9,0.0,0.0,0.0,0.0,0.0,0.0,0.0,0.0,0.0,0.0,0.0,0.0,0.0,0.0,0.0,0.0,0.0,0.0,0.0,0.0,0.0,0.0,0.0,0.0,0.0,0.0,0.0,0.0,0.0,0.0,0.0,0.0,0.0,0.0,0.0,0.0,0.0,0.0,0.0,0.0,0.0,0.0,0.0,0.0,0.0,0.0,0.0,0.0
2026-01-25 15:56:27,3.8,25.0,running,6.6,1.8,35.0,0.5,42.2,0.9,12.5,4.9,8.0,0.0,2.2,1.8,4.0,0.4,0.9,0.0,0.4,1.3,2.2,0.4,2.7,0.4,4.9,0.0,3.1,1.3,0.4,4.5,4.9,3.1,2.7,0.0,0.4,0.4,1.8,1.3,1.3,1.8,0.0,2.7,4.0,0.4,2.2,2.2,2.2,0.0,0.9,2.7,0.0,0.0,0.0,0.0,0.0,0.0,0.0,0.0,0.0,0.0,0.0,0.0,0.0,0.0,0.0,0.0,0.0,0.0,0.0,0.0,0.0,0.0,0.0,0.0,0.0,0.0,0.0,0.0,0.0,0.0,0.0,0.0,0.0,0.0,0.0,0.0,0.0,0.0,0.0,0.0,0.0,0.0,0.0,0.0,0.0,0.0,0.0,0.0
2026-01-25 15:56:31,3.7,25.0,running,8.5,2.6,33.0,0.5,45.3,0.9,16.4,1.8,5.3,0.4,2.7,0.0,4.0,0.9,0.0,3.6,2.7,0.0,1.8,0.0,1.3,2.2,1.3,0.9,0.4,0.4,6.2,0.0,1.8,4.0,3.6,1.8,0.9,3.1,8.5,2.2,4.0,0.4,0.9,0.4,1.8,3.6,1.3,4.8,0.0,0.0,2.2,2.7,0.0,0.0,0.0,0.0,0.0,0.0,0.0,0.0,0.0,0.0,0.0,0.0,0.0,0.0,0.0,0.0,0.0,0.0,0.0,0.0,0.0,0.0,0.0,0.0,0.0,0.0,0.0,0.0,0.0,0.0,0.0,0.0,0.0,0.0,0.0,0.0,0.0,0.0,0.0,0.0,0.0,0.0,0.0,0.0,0.0,0.0,0.0,0.0
2026-01-25 15:56:34,3.9,31.2,running,5.3,1.3,31.6,0.0,46.3,0.9,16.1,5.3,5.8,1.3,4.0,1.8,0.4,4.0,0.4,5.8,0.9,0.9,0.9,0.0,0.9,0.0,0.9,0.4,0.9,2.7,0.9,0.0,4.0,3.5,2.2,1.3,0.9,0.0,0.9,0.9,0.0,6.2,1.8,0.0,1.3,0.0,1.3,3.6,0.0,0.0,4.0,0.4,0.0,0.0,0.0,0.0,0.0,0.0,0.0,0.0,0.0,0.0,0.0,0.0,0.0,0.0,0.0,0.0,0.0,0.0,0.0,0.0,0.0,0.0,0.0,0.0,0.0,0.0,0.0,0.0,0.0,0.0,0.0,0.0,0.0,0.0,0.0,0.0,0.0,0.0,0.0,0.0,0.0,0.0,0.0,0.0,0.0,0.0,0.0,0.0
2026-01-25 15:56:38,3.3,34.4,running,7.6,2.2,34.2,0.0,43.6,1.3,6.2,7.1,7.1,0.9,5.3,2.7,2.2,0.9,3.1,2.2,8.9,2.6,3.1,0.0,2.7,3.6,4.0,0.9,0.9,2.2,3.1,0.0,3.6,3.6,2.2,0.4,1.4,0.4,1.8,0.4,1.8,1.8,4.0,0.0,0.4,0.0,0.9,2.2,1.8,0.0,1.8,0.0,0.0,0.0,0.0,0.0,0.0,0.0,0.0,0.0,0.0,0.0,0.0,0.0,0.0,0.0,0.0,0.0,0.0,0.0,0.0,0.0,0.0,0.0,0.0,0.0,0.0,0.0,0.0,0.0,0.0,0.0,0.0,0.0,0.0,0.0,0.0,0.0,0.0,0.0,0.0,0.0,0.0,0.0,0.0,0.0,0.0,0.0,0.0,0.0
2026-01-25 15:56:41,3.8,37.5,running,6.2,3.1,32.7,1.3,40.5,0.0,15.4,2.2,7.6,1.3,4.4,0.4,4.5,2.2,4.4,0.0,4.0,3.1,3.5,0.4,0.4,1.8,4.9,0.9,2.2,0.4,3.6,0.0,7.6,0.0,2.7,0.0,0.0,1.8,1.8,1.8,0.0,1.8,0.4,0.4,2.2,4.5,1.8,3.6,1.3,2.2,2.2,0.9,0.0,0.0,0.0,0.0,0.0,0.0,0.0,0.0,0.0,0.0,0.0,0.0,0.0,0.0,0.0,0.0,0.0,0.0,0.0,0.0,0.0,0.0,0.0,0.0,0.0,0.0,0.0,0.0,0.0,0.0,0.0,0.0,0.0,0.0,0.0,0.0,0.0,0.0,0.0,0.0,0.0,0.0,0.0,0.0,0.0,0.0,0.0,0.0
2026-01-25 15:56:45,4.0,28.1,running,5.8,2.7,34.5,0.0,48.2,1.3,11.2,2.2,6.2,3.1,5.4,0.0,2.2,2.2,3.1,3.1,0.9,2.7,1.8,0.0,1.8,0.9,1.3,0.0,0.4,0.0,0.0,0.0,2.7,2.7,2.7,0.0,1.3,0.0,1.8,2.2,2.2,0.0,3.6,0.9,3.6,3.6,3.6,5.7,2.2,1.8,3.1,0.9,0.0,0.0,0.0,0.0,0.0,0.0,0.0,0.0,0.0,0.0,0.0,0.0,0.0,0.0,0.0,0.0,0.0,0.0,0.0,0.0,0.0,0.0,0.0,0.0,0.0,0.0,0.0,0.0,0.0,0.0,0.0,0.0,0.0,0.0,0.0,0.0,0.0,0.0,0.0,0.0,0.0,0.0,0.0,0.0,0.0,0.0,0.0,0.0
2026-01-25 15:56:48,3.5,31.2,running,4.5,1.3,35.2,0.0,44.6,0.4,8.8,4.0,6.2,2.2,5.7,0.0,0.4,0.4,3.6,0.0,2.2,4.0,4.9,0.0,2.2,1.3,3.1,2.2,0.9,0.9,0.0,0.0,7.6,1.8,5.4,0.0,3.1,0.0,3.1,1.8,2.7,0.9,2.2,1.3,0.0,0.4,0.0,1.3,2.2,0.0,0.4,0.9,0.0,0.0,0.0,0.0,0.0,0.0,0.0,0.0,0.0,0.0,0.0,0.0,0.0,0.0,0.0,0.0,0.0,0.0,0.0,0.0,0.0,0.0,0.0,0.0,0.0,0.0,0.0,0.0,0.0,0.0,0.0,0.0,0.0,0.0,0.0,0.0,0.0,0.0,0.0,0.0,0.0,0.0,0.0,0.0,0.0,0.0,0.0,0.0
2026-01-25 15:56:52,4.0,25.0,running,9.3,3.5,33.9,3.6,40.0,0.9,15.2,1.3,5.8,0.4,3.1,0.0,4.0,0.4,1.8,0.4,0.4,0.0,0.5,0.0,1.8,0.4,1.8,1.8,0.9,2.2,2.2,0.9,4.4,5.8,2.2,0.4,0.0,0.0,4.5,2.2,2.7,0.9,1.3,0.0,0.4,0.0,0.0,3.1,3.1,2.7,2.2,2.2,0.0,0.0,0.0,0.0,0.0,0.0,0.0,0.0,0.0,0.0,0.0,0.0,0.0,0.0,0.0,0.0,0.0,0.0,0.0,0.0,0.0,0.0,0.0,0.0,0.0,0.0,0.0,0.0,0.0,0.0,0.0,0.0,0.0,0.0,0.0,0.0,0.0,0.0,0.0,0.0,0.0,0.0,0.0,0.0,0.0,0.0,0.0,0.0
2026-01-25 15:56:55,4.1,15.6,running,9.7,3.1,37.4,0.4,42.9,0.4,13.7,1.8,6.7,3.6,1.8,2.7,1.3,0.0,3.6,0.0,0.0,1.3,5.3,0.0,1.8,0.0,1.3,3.1,1.8,1.3,3.1,2.7,7.6,2.2,0.4,0.0,0.9,4.9,4.4,0.9,4.4,0.9,0.9,1.3,0.0,1.8,2.7,2.7,0.4,1.3,1.3,2.2,0.0,0.0,0.0,0.0,0.0,0.0,0.0,0.0,0.0,0.0,0.0,0.0,0.0,0.0,0.0,0.0,0.0,0.0,0.0,0.0,0.0,0.0,0.0,0.0,0.0,0.0,0.0,0.0,0.0,0.0,0.0,0.0,0.0,0.0,0.0,0.0,0.0,0.0,0.0,0.0,0.0,0.0,0.0,0.0,0.0,0.0,0.0,0.0
2026-01-25 15:56:59,3.8,21.9,running,2.2,3.1,36.4,0.4,43.1,0.4,12.6,1.3,4.5,1.8,2.7,4.4,2.2,0.0,1.8,0.4,0.0,0.4,3.6,0.4,2.2,2.2,1.3,0.0,0.9,2.7,2.2,3.6,3.1,0.4,0.9,0.0,0.4,1.3,3.6,0.0,0.9,1.3,2.7,5.8,0.4,2.7,0.9,2.7,2.7,2.2,4.9,2.2,0.0,0.0,0.0,0.0,0.0,0.0,0.0,0.0,0.0,0.0,0.0,0.0,0.0,0.0,0.0,0.0,0.0,0.0,0.0,0.0,0.0,0.0,0.0,0.0,0.0,0.0,0.0,0.0,0.0,0.0,0.0,0.0,0.0,0.0,0.0,0.0,0.0,0.0,0.0,0.0,0.0,0.0,0.0,0.0,0.0,0.0,0.0,0.0
2026-01-25 15:57:02,4.1,18.7,running,4.0,5.3,36.1,0.4,41.6,0.4,13.3,0.9,4.0,0.4,1.3,1.3,0.9,0.0,2.2,3.1,0.4,1.3,0.0,1.8,0.9,1.3,3.6,2.2,1.8,0.0,3.6,2.7,4.1,0.9,3.1,2.2,3.6,1.4,4.4,0.9,0.9,0.4,1.3,1.8,0.0,1.3,0.0,3.1,1.8,0.0,2.7,1.3,0.0,0.0,0.0,0.0,0.0,0.0,0.0,0.0,0.0,0.0,0.0,0.0,0.0,0.0,0.0,0.0,0.0,0.0,0.0,0.0,0.0,0.0,0.0,0.0,0.0,0.0,0.0,0.0,0.0,0.0,0.0,0.0,0.0,0.0,0.0,0.0,0.0,0.0,0.0,0.0,0.0,0.0,0.0,0.0,0.0,0.0,0.0,0.0
2026-01-25 15:57:06,3.6,25.0,running,5.4,3.1,31.4,0.9,53.5,1.3,14.7,1.3,7.1,1.3,2.2,0.0,0.9,2.2,0.9,1.8,1.3,0.9,0.0,0.9,0.4,0.9,3.1,0.9,0.9,0.4,2.2,0.4,4.4,0.9,7.6,0.0,1.8,0.0,1.8,1.8,2.7,0.0,3.6,0.4,0.4,0.9,0.0,0.9,4.0,0.4,0.9,0.0,0.0,0.0,0.0,0.0,0.0,0.0,0.0,0.0,0.0,0.0,0.0,0.0,0.0,0.0,0.0,0.0,0.0,0.0,0.0,0.0,0.0,0.0,0.0,0.0,0.0,0.0,0.0,0.0,0.0,0.0,0.0,0.0,0.0,0.0,0.0,0.0,0.0,0.0,0.0,0.0,0.0,0.0,0.0,0.0,0.0,0.0,0.0,0.0
2026-01-25 15:57:09,4.3,25.0,running,7.6,3.1,30.5,0.4,42.2,0.4,14.3,2.2,7.6,1.8,3.1,1.3,3.1,0.0,4.5,1.8,1.3,0.4,0.4,1.3,5.3,0.0,2.7,0.0,1.3,1.3,2.2,0.9,3.5,0.0,6.2,0.9,0.4,0.0,4.9,0.0,0.0,1.8,1.3,0.9,0.4,2.7,2.2,4.5,3.1,1.3,1.8,1.3,0.0,0.0,0.0,0.0,0.0,0.0,0.0,0.0,0.0,0.0,0.0,0.0,0.0,0.0,0.0,0.0,0.0,0.0,0.0,0.0,0.0,0.0,0.0,0.0,0.0,0.0,0.0,0.0,0.0,0.0,0.0,0.0,0.0,0.0,0.0,0.0,0.0,0.0,0.0,0.0,0.0,0.0,0.0,0.0,0.0,0.0,0.0,0.0
2026-01-25 15:57:13,3.9,40.6,running,5.8,1.3,35.8,0.9,45.8,2.2,11.7,3.6,4.9,1.8,4.9,0.9,3.6,0.4,2.7,2.7,1.8,0.4,2.7,4.9,3.1,2.2,2.6,2.2,0.4,1.8,2.2,1.8,6.7,3.6,1.8,0.0,0.4,0.4,2.7,0.4,0.0,2.2,4.8,0.9,0.0,1.8,1.3,1.3,0.0,0.4,1.8,0.4,0.0,0.0,0.0,0.0,0.0,0.0,0.0,0.0,0.0,0.0,0.0,0.0,0.0,0.0,0.0,0.0,0.0,0.0,0.0,0.0,0.0,0.0,0.0,0.0,0.0,0.0,0.0,0.0,0.0,0.0,0.0,0.0,0.0,0.0,0.0,0.0,0.0,0.0,0.0,0.0,0.0,0.0,0.0,0.0,0.0,0.0,0.0,0.0
2026-01-25 15:57:16,4.7,46.8,running,9.7,0.9,38.8,0.0,47.3,0.4,11.9,6.1,7.1,3.6,4.0,0.0,2.7,1.3,3.1,0.9,1.8,4.0,1.3,0.0,1.8,0.0,3.1,5.4,0.4,0.4,3.1,3.6,4.9,0.0,1.8,1.8,1.3,2.7,1.8,1.3,5.8,1.3,6.3,4.5,0.4,1.8,2.2,5.8,2.7,0.0,3.6,1.3,0.0,0.0,0.0,0.0,0.0,0.0,0.0,0.0,0.0,0.0,0.0,0.0,0.0,0.0,0.0,0.0,0.0,0.0,0.0,0.0,0.0,0.0,0.0,0.0,0.0,0.0,0.0,0.0,0.0,0.0,0.0,0.0,0.0,0.0,0.0,0.0,0.0,0.0,0.0,0.0,0.0,0.0,0.0,0.0,0.0,0.0,0.0,0.0
2026-01-25 15:57:20,3.7,21.9,running,11.5,2.2,35.8,0.0,44.0,0.4,12.4,2.7,8.4,0.9,6.2,0.9,4.4,0.4,2.7,0.0,3.1,2.7,0.0,0.4,2.2,1.3,0.9,1.3,0.4,0.0,3.1,2.2,6.7,0.0,0.4,1.3,4.0,0.9,0.9,0.9,0.0,0.0,4.4,3.6,0.4,0.9,1.3,0.9,3.1,0.4,2.2,1.8,0.0,0.0,0.0,0.0,0.0,0.0,0.0,0.0,0.0,0.0,0.0,0.0,0.0,0.0,0.0,0.0,0.0,0.0,0.0,0.0,0.0,0.0,0.0,0.0,0.0,0.0,0.0,0.0,0.0,0.0,0.0,0.0,0.0,0.0,0.0,0.0,0.0,0.0,0.0,0.0,0.0,0.0,0.0,0.0,0.0,0.0,0.0,0.0
2026-01-25 15:57:23,3.1,25.0,running,6.2,0.9,31.6,0.0,46.7,0.0,10.7,2.2,2.7,3.1,4.9,0.9,0.4,1.3,1.8,0.9,0.9,1.8,2.2,3.6,0.4,0.9,3.1,2.7,1.8,0.0,0.0,0.0,3.6,1.3,1.8,0.0,0.9,0.9,1.3,3.1,3.1,2.7,4.9,0.0,0.4,1.8,2.2,2.7,3.1,0.4,1.3,0.0,0.0,0.0,0.0,0.0,0.0,0.0,0.0,0.0,0.0,0.0,0.0,0.0,0.0,0.0,0.0,0.0,0.0,0.0,0.0,0.0,0.0,0.0,0.0,0.0,0.0,0.0,0.0,0.0,0.0,0.0,0.0,0.0,0.0,0.0,0.0,0.0,0.0,0.0,0.0,0.0,0.0,0.0,0.0,0.0,0.0,0.0,0.0,0.0
2026-01-25 15:57:27,3.2,40.6,running,6.7,0.4,31.3,0.4,45.1,0.4,11.2,6.2,4.9,0.0,2.2,0.4,1.3,0.0,0.9,1.8,0.9,0.0,0.4,0.4,0.4,1.8,0.4,0.9,2.2,2.2,0.4,0.9,3.6,0.9,2.2,2.2,1.8,3.6,4.0,1.3,1.3,3.1,0.4,1.3,0.0,0.9,0.4,3.1,1.8,0.0,2.2,2.7,0.0,0.0,0.0,0.0,0.0,0.0,0.0,0.0,0.0,0.0,0.0,0.0,0.0,0.0,0.0,0.0,0.0,0.0,0.0,0.0,0.0,0.0,0.0,0.0,0.0,0.0,0.0,0.0,0.0,0.0,0.0,0.0,0.0,0.0,0.0,0.0,0.0,0.0,0.0,0.0,0.0,0.0,0.0,0.0,0.0,0.0,0.0,0.0
2026-01-25 15:57:30,3.5,28.1,running,5.3,0.4,36.1,1.8,41.8,1.8,15.6,3.5,5.8,1.3,4.4,0.4,4.0,2.7,2.2,0.9,1.8,3.1,1.3,0.4,1.3,0.4,1.3,0.0,0.4,0.4,3.6,0.4,5.8,0.4,0.4,0.4,0.0,3.1,0.9,0.4,1.8,2.7,3.1,0.9,0.0,1.3,0.9,3.1,0.9,0.4,1.3,0.4,0.0,0.0,0.0,0.0,0.0,0.0,0.0,0.0,0.0,0.0,0.0,0.0,0.0,0.0,0.0,0.0,0.0,0.0,0.0,0.0,0.0,0.0,0.0,0.0,0.0,0.0,0.0,0.0,0.0,0.0,0.0,0.0,0.0,0.0,0.0,0.0,0.0,0.0,0.0,0.0,0.0,0.0,0.0,0.0,0.0,0.0,0.0,0.0
2026-01-25 15:57:34,3.7,18.7,running,3.6,1.3,37.8,0.0,40.2,1.3,7.6,5.8,7.0,4.4,1.3,0.0,0.9,4.0,0.9,0.0,1.8,0.0,2.2,0.4,0.9,0.0,1.8,4.9,0.9,3.1,1.3,0.0,0.4,0.9,1.3,0.0,2.7,3.6,3.5,0.4,0.4,2.7,1.8,1.3,0.4,2.2,1.3,0.4,7.5,1.8,1.8,3.5,0.0,0.0,0.0,0.0,0.0,0.0,0.0,0.0,0.0,0.0,0.0,0.0,0.0,0.0,0.0,0.0,0.0,0.0,0.0,0.0,0.0,0.0,0.0,0.0,0.0,0.0,0.0,0.0,0.0,0.0,0.0,0.0,0.0,0.0,0.0,0.0,0.0,0.0,0.0,0.0,0.0,0.0,0.0,0.0,0.0,0.0,0.0,0.0
2026-01-25 15:57:37,3.8,28.1,running,7.1,2.7,31.7,0.0,43.8,1.3,8.9,3.6,13.3,1.3,3.1,2.6,2.2,2.7,0.4,0.0,3.1,4.0,0.4,0.0,2.7,0.0,2.2,2.7,0.0,0.4,0.0,0.9,1.8,0.9,3.1,1.8,1.3,0.0,3.6,0.0,0.9,2.2,6.2,0.0,0.0,0.0,1.3,0.9,4.5,0.0,1.3,4.9,0.0,0.0,0.0,0.0,0.0,0.0,0.0,0.0,0.0,0.0,0.0,0.0,0.0,0.0,0.0,0.0,0.0,0.0,0.0,0.0,0.0,0.0,0.0,0.0,0.0,0.0,0.0,0.0,0.0,0.0,0.0,0.0,0.0,0.0,0.0,0.0,0.0,0.0,0.0,0.0,0.0,0.0,0.0,0.0,0.0,0.0,0.0,0.0
2026-01-25 15:57:41,4.3,18.7,running,4.5,2.2,30.1,2.2,44.9,0.9,10.7,4.4,9.3,4.9,4.9,3.1,2.7,1.8,4.5,0.4,0.9,2.2,1.3,0.0,1.3,0.0,4.0,4.0,0.9,2.2,4.0,0.4,2.7,1.3,1.8,0.0,0.0,0.9,0.4,2.7,1.8,0.9,2.2,0.9,0.9,0.0,0.4,3.6,0.4,0.4,0.9,1.8,0.0,0.0,0.0,0.0,0.0,0.0,0.0,0.0,0.0,0.0,0.0,0.0,0.0,0.0,0.0,0.0,0.0,0.0,0.0,0.0,0.0,0.0,0.0,0.0,0.0,0.0,0.0,0.0,0.0,0.0,0.0,0.0,0.0,0.0,0.0,0.0,0.0,0.0,0.0,0.0,0.0,0.0,0.0,0.0,0.0,0.0,0.0,0.0
2026-01-25 15:57:44,2.8,37.5,running,4.0,4.9,31.6,0.4,40.4,0.0,9.8,3.1,4.9,0.0,2.2,0.0,0.0,3.6,0.4,0.4,0.4,0.0,1.3,4.0,0.0,1.3,5.4,0.4,0.4,1.8,0.0,2.7,3.1,5.8,1.3,2.7,2.2,0.0,1.3,0.9,0.4,0.0,1.3,1.3,0.9,0.4,2.7,5.3,0.0,2.2,4.0,0.4,0.0,0.0,0.0,0.0,0.0,0.0,0.0,0.0,0.0,0.0,0.0,0.0,0.0,0.0,0.0,0.0,0.0,0.0,0.0,0.0,0.0,0.0,0.0,0.0,0.0,0.0,0.0,0.0,0.0,0.0,0.0,0.0,0.0,0.0,0.0,0.0,0.0,0.0,0.0,0.0,0.0,0.0,0.0,0.0,0.0,0.0,0.0,0.0
2026-01-25 15:57:48,3.3,25.0,running,7.1,0.4,34.2,0.0,37.6,0.0,14.2,3.1,4.0,0.0,6.1,0.9,0.9,0.4,4.9,1.3,4.5,3.1,0.4,1.8,1.8,0.4,1.8,1.8,0.9,0.9,7.1,0.9,1.3,0.4,1.3,1.3,4.4,0.0,3.1,4.9,1.8,0.4,1.8,3.1,0.4,2.7,0.4,2.2,0.0,0.0,0.0,1.3,0.0,0.0,0.0,0.0,0.0,0.0,0.0,0.0,0.0,0.0,0.0,0.0,0.0,0.0,0.0,0.0,0.0,0.0,0.0,0.0,0.0,0.0,0.0,0.0,0.0,0.0,0.0,0.0,0.0,0.0,0.0,0.0,0.0,0.0,0.0,0.0,0.0,0.0,0.0,0.0,0.0,0.0,0.0,0.0,0.0,0.0,0.0,0.0
2026-01-25 15:57:51,3.5,43.7,running,1.8,3.6,31.0,0.0,41.2,3.6,12.5,0.9,2.7,1.3,2.2,0.4,5.3,0.0,3.1,2.2,0.0,0.9,0.0,4.5,0.4,0.9,4.5,3.1,0.4,0.4,3.6,3.1,4.9,0.9,0.0,4.5,3.6,0.0,0.9,0.4,0.4,1.8,1.8,2.7,0.0,0.9,0.4,3.6,0.0,0.0,2.7,3.6,0.0,0.0,0.0,0.0,0.0,0.0,0.0,0.0,0.0,0.0,0.0,0.0,0.0,0.0,0.0,0.0,0.0,0.0,0.0,0.0,0.0,0.0,0.0,0.0,0.0,0.0,0.0,0.0,0.0,0.0,0.0,0.0,0.0,0.0,0.0,0.0,0.0,0.0,0.0,0.0,0.0,0.0,0.0,0.0,0.0,0.0,0.0,0.0
2026-01-25 15:57:55,4.4,18.7,running,9.3,3.6,31.9,0.0,46.9,0.0,11.5,2.7,4.8,2.2,2.2,0.9,2.7,0.4,2.2,3.6,4.4,2.7,1.3,1.3,0.4,1.8,4.0,4.5,1.8,0.9,4.4,2.2,9.3,0.9,5.4,2.2,6.2,2.2,2.7,0.4,1.3,0.0,3.1,0.4,0.4,1.3,0.0,2.7,0.4,0.4,3.1,0.4,0.0,0.0,0.0,0.0,0.0,0.0,0.0,0.0,0.0,0.0,0.0,0.0,0.0,0.0,0.0,0.0,0.0,0.0,0.0,0.0,0.0,0.0,0.0,0.0,0.0,0.0,0.0,0.0,0.0,0.0,0.0,0.0,0.0,0.0,0.0,0.0,0.0,0.0,0.0,0.0,0.0,0.0,0.0,0.0,0.0,0.0,0.0,0.0
2026-01-25 15:57:58,3.3,31.2,running,5.3,0.0,32.1,0.0,45.3,0.0,6.7,4.0,3.1,0.9,2.2,0.4,0.4,3.1,0.9,4.5,3.1,0.0,0.4,0.4,1.8,1.3,2.7,3.6,0.0,3.6,2.7,0.0,2.2,5.8,0.4,0.0,0.0,2.2,4.4,0.9,0.9,0.9,5.8,0.4,0.0,4.0,0.4,4.8,2.7,1.8,1.8,0.4,0.0,0.0,0.0,0.0,0.0,0.0,0.0,0.0,0.0,0.0,0.0,0.0,0.0,0.0,0.0,0.0,0.0,0.0,0.0,0.0,0.0,0.0,0.0,0.0,0.0,0.0,0.0,0.0,0.0,0.0,0.0,0.0,0.0,0.0,0.0,0.0,0.0,0.0,0.0,0.0,0.0,0.0,0.0,0.0,0.0,0.0,0.0,0.0
2026-01-25 15:58:02,4.4,21.9,running,6.2,4.0,35.1,0.5,47.8,0.4,10.7,8.3,6.7,2.2,2.2,0.0,6.2,0.0,0.4,2.4,0.9,0.5,5.1,1.8,0.9,0.9,3.1,3.1,0.4,1.3,8.4,0.4,4.0,4.0,1.4,4.4,2.2,0.0,0.9,6.1,1.9,7.9,2.0,1.4,0.5,1.6,1.8,4.0,1.8,1.6,0.4,1.0,0.0,0.0,0.0,0.0,0.0,0.0,0.0,0.0,0.0,0.0,0.0,0.0,0.0,0.0,0.0,0.0,0.0,0.0,0.0,0.0,0.0,0.0,0.0,0.0,0.0,0.0,0.0,0.0,0.0,0.0,0.0,0.0,0.0,0.0,0.0,0.0,0.0,0.0,0.0,0.0,0.0,0.0,0.0,0.0,0.0,0.0,0.0,0.0
2026-01-25 15:58:05,3.3,25.0,running,11.5,3.5,28.6,1.6,45.1,1.8,10.3,0.9,3.1,0.4,4.5,0.0,0.0,0.4,4.4,3.4,2.2,3.5,3.8,0.0,1.8,0.9,3.1,1.8,0.4,0.9,3.2,4.0,4.9,1.3,1.3,0.9,0.0,0.0,0.4,0.4,0.0,0.4,3.3,0.4,0.4,0.8,0.4,1.3,1.3,0.0,4.5,0.0,0.0,0.0,0.0,0.0,0.0,0.0,0.0,0.0,0.0,0.0,0.0,0.0,0.0,0.0,0.0,0.0,0.0,0.0,0.0,0.0,0.0,0.0,0.0,0.0,0.0,0.0,0.0,0.0,0.0,0.0,0.0,0.0,0.0,0.0,0.0,0.0,0.0,0.0,0.0,0.0,0.0,0.0,0.0,0.0,0.0,0.0,0.0,0.0
2026-01-25 15:58:09,3.4,21.9,running,4.9,3.1,30.2,0.0,42.6,0.4,16.4,1.3,5.8,2.2,5.3,1.3,4.4,5.8,0.9,0.9,1.3,2.4,0.5,0.4,2.2,1.8,3.5,0.0,0.9,0.4,2.2,0.4,2.2,2.7,0.0,0.0,0.0,1.8,0.9,1.8,0.0,0.4,6.6,0.0,1.3,0.9,0.9,0.9,2.2,0.0,2.7,2.7,0.0,0.0,0.0,0.0,0.0,0.0,0.0,0.0,0.0,0.0,0.0,0.0,0.0,0.0,0.0,0.0,0.0,0.0,0.0,0.0,0.0,0.0,0.0,0.0,0.0,0.0,0.0,0.0,0.0,0.0,0.0,0.0,0.0,0.0,0.0,0.0,0.0,0.0,0.0,0.0,0.0,0.0,0.0,0.0,0.0,0.0,0.0,0.0
2026-01-25 15:58:12,3.5,31.2,running,4.0,0.4,32.7,2.2,43.2,0.0,15.2,4.9,6.7,0.0,4.4,0.9,1.8,7.5,1.8,3.1,2.2,3.7,2.7,0.4,2.2,1.8,3.1,0.4,0.4,2.7,0.4,0.9,3.6,1.3,0.9,1.8,2.2,0.0,4.9,1.3,1.3,1.3,0.4,1.3,1.8,3.1,2.2,2.2,1.3,1.8,0.4,0.4,0.0,0.0,0.0,0.0,0.0,0.0,0.0,0.0,0.0,0.0,0.0,0.0,0.0,0.0,0.0,0.0,0.0,0.0,0.0,0.0,0.0,0.0,0.0,0.0,0.0,0.0,0.0,0.0,0.0,0.0,0.0,0.0,0.0,0.0,0.0,0.0,0.0,0.0,0.0,0.0,0.0,0.0,0.0,0.0,0.0,0.0,0.0,0.0
2026-01-25 15:58:16,3.1,25.0,running,6.7,1.8,37.6,0.4,42.9,1.3,9.3,4.5,2.7,0.4,1.3,5.4,2.7,1.8,0.4,0.4,4.8,0.4,1.3,3.6,1.3,0.9,0.4,2.2,0.0,0.9,0.4,0.0,3.5,4.0,4.4,2.7,3.6,0.0,0.4,3.1,1.8,2.2,3.1,1.3,3.6,0.0,3.6,0.9,0.0,2.7,0.0,0.4,0.0,0.0,0.0,0.0,0.0,0.0,0.0,0.0,0.0,0.0,0.0,0.0,0.0,0.0,0.0,0.0,0.0,0.0,0.0,0.0,0.0,0.0,0.0,0.0,0.0,0.0,0.0,0.0,0.0,0.0,0.0,0.0,0.0,0.0,0.0,0.0,0.0,0.0,0.0,0.0,0.0,0.0,0.0,0.0,0.0,0.0,0.0,0.0
2026-01-25 15:58:19,3.7,37.5,running,6.7,0.4,26.3,0.4,48.0,1.3,12.4,1.8,6.2,1.8,2.2,0.4,1.3,0.9,2.2,0.0,1.8,1.3,2.6,0.4,1.8,3.1,2.2,2.3,1.3,0.4,0.9,0.0,8.0,1.3,1.8,1.3,2.7,1.8,4.5,0.4,0.4,0.5,5.3,2.7,0.9,0.9,0.0,1.3,2.6,1.8,2.6,2.2,0.0,0.0,0.0,0.0,0.0,0.0,0.0,0.0,0.0,0.0,0.0,0.0,0.0,0.0,0.0,0.0,0.0,0.0,0.0,0.0,0.0,0.0,0.0,0.0,0.0,0.0,0.0,0.0,0.0,0.0,0.0,0.0,0.0,0.0,0.0,0.0,0.0,0.0,0.0,0.0,0.0,0.0,0.0,0.0,0.0,0.0,0.0,0.0
2026-01-25 15:58:23,4.2,34.3,running,9.4,0.4,33.8,0.0,45.5,0.0,13.8,4.4,4.5,0.4,0.9,1.8,0.9,1.8,3.1,0.0,5.8,0.9,3.1,1.3,1.3,0.9,1.3,2.2,0.0,1.8,5.8,3.6,5.3,2.7,1.3,0.4,2.2,0.9,6.7,1.8,1.3,2.7,3.6,0.9,0.0,0.0,1.3,1.8,1.8,1.8,1.3,0.9,0.0,0.0,0.0,0.0,0.0,0.0,0.0,0.0,0.0,0.0,0.0,0.0,0.0,0.0,0.0,0.0,0.0,0.0,0.0,0.0,0.0,0.0,0.0,0.0,0.0,0.0,0.0,0.0,0.0,0.0,0.0,0.0,0.0,0.0,0.0,0.0,0.0,0.0,0.0,0.0,0.0,0.0,0.0,0.0,0.0,0.0,0.0,0.0
2026-01-25 15:58:26,3.1,34.3,running,4.8,1.8,33.3,0.0,44.0,0.0,8.9,4.0,1.3,0.0,0.9,1.3,1.8,1.3,0.4,0.9,1.8,1.8,1.3,0.4,1.3,1.8,4.0,6.1,0.4,2.7,1.3,1.8,3.5,0.0,1.3,1.8,0.0,0.0,1.3,2.2,0.4,2.7,0.4,5.8,0.0,0.0,1.3,2.7,4.5,0.0,1.8,4.5,0.0,0.0,0.0,0.0,0.0,0.0,0.0,0.0,0.0,0.0,0.0,0.0,0.0,0.0,0.0,0.0,0.0,0.0,0.0,0.0,0.0,0.0,0.0,0.0,0.0,0.0,0.0,0.0,0.0,0.0,0.0,0.0,0.0,0.0,0.0,0.0,0.0,0.0,0.0,0.0,0.0,0.0,0.0,0.0,0.0,0.0,0.0,0.0
2026-01-25 15:58:30,3.8,34.4,running,5.8,0.9,30.7,2.9,47.1,1.3,15.1,4.4,4.5,1.3,5.8,2.2,4.0,0.0,3.6,0.4,0.4,1.3,1.8,0.4,0.4,1.8,4.4,4.5,0.4,1.8,1.8,2.2,4.9,2.7,3.1,0.0,2.2,0.0,1.3,0.4,1.3,0.9,0.0,1.8,0.9,0.4,1.3,3.1,1.3,0.4,0.4,0.0,0.0,0.0,0.0,0.0,0.0,0.0,0.0,0.0,0.0,0.0,0.0,0.0,0.0,0.0,0.0,0.0,0.0,0.0,0.0,0.0,0.0,0.0,0.0,0.0,0.0,0.0,0.0,0.0,0.0,0.0,0.0,0.0,0.0,0.0,0.0,0.0,0.0,0.0,0.0,0.0,0.0,0.0,0.0,0.0,0.0,0.0,0.0,0.0
2026-01-25 15:58:33,3.6,25.0,running,6.7,4.0,32.4,0.5,46.9,0.0,12.8,4.0,6.7,3.1,0.4,1.8,0.0,5.8,0.9,0.5,0.0,3.6,2.7,3.1,2.2,0.0,0.9,0.9,0.9,2.7,0.4,1.3,1.8,2.2,0.9,4.0,6.3,0.0,1.3,0.9,1.8,0.4,4.0,4.0,2.7,0.9,0.4,2.2,1.3,0.9,4.9,0.9,0.0,0.0,0.0,0.0,0.0,0.0,0.0,0.0,0.0,0.0,0.0,0.0,0.0,0.0,0.0,0.0,0.0,0.0,0.0,0.0,0.0,0.0,0.0,0.0,0.0,0.0,0.0,0.0,0.0,0.0,0.0,0.0,0.0,0.0,0.0,0.0,0.0,0.0,0.0,0.0,0.0,0.0,0.0,0.0,0.0,0.0,0.0,0.0
2026-01-25 15:58:37,4.1,25.0,running,10.2,3.1,31.3,0.8,40.2,0.9,11.2,5.3,6.2,3.6,0.9,2.2,1.8,1.3,1.3,3.5,1.4,2.7,2.2,0.9,1.8,1.3,1.8,3.6,0.4,0.4,3.1,2.3,2.7,2.2,3.1,0.9,0.9,0.0,0.4,0.4,1.8,1.8,2.7,0.9,2.7,2.2,0.4,1.3,3.1,0.0,4.0,3.6,0.0,0.0,0.0,0.0,0.0,0.0,0.0,0.0,0.0,0.0,0.0,0.0,0.0,0.0,0.0,0.0,0.0,0.0,0.0,0.0,0.0,0.0,0.0,0.0,0.0,0.0,0.0,0.0,0.0,0.0,0.0,0.0,0.0,0.0,0.0,0.0,0.0,0.0,0.0,0.0,0.0,0.0,0.0,0.0,0.0,0.0,0.0,0.0
2026-01-25 15:58:40,4.1,31.2,running,8.4,0.4,35.8,1.4,42.4,0.9,11.9,4.0,6.2,2.2,6.6,0.9,6.7,0.0,1.8,2.2,1.8,2.2,5.8,1.3,2.2,0.9,5.3,4.5,0.9,1.8,8.0,3.5,4.0,0.0,0.0,0.4,2.7,5.3,0.4,0.9,0.4,0.9,1.8,0.4,4.0,0.4,0.9,1.3,0.0,0.0,0.4,0.9,0.0,0.0,0.0,0.0,0.0,0.0,0.0,0.0,0.0,0.0,0.0,0.0,0.0,0.0,0.0,0.0,0.0,0.0,0.0,0.0,0.0,0.0,0.0,0.0,0.0,0.0,0.0,0.0,0.0,0.0,0.0,0.0,0.0,0.0,0.0,0.0,0.0,0.0,0.0,0.0,0.0,0.0,0.0,0.0,0.0,0.0,0.0,0.0
2026-01-25 15:58:44,4.0,34.3,running,8.9,0.9,32.7,0.9,44.1,0.4,15.6,1.8,2.7,0.9,1.3,2.7,0.4,0.4,2.2,1.8,0.0,1.8,0.9,0.4,1.8,0.0,2.2,6.2,0.9,0.4,4.5,0.4,3.6,2.2,2.2,0.9,4.5,0.9,1.3,2.2,4.0,0.0,0.4,4.4,2.2,2.2,3.5,2.2,4.0,0.0,3.5,0.4,0.0,0.0,0.0,0.0,0.0,0.0,0.0,0.0,0.0,0.0,0.0,0.0,0.0,0.0,0.0,0.0,0.0,0.0,0.0,0.0,0.0,0.0,0.0,0.0,0.0,0.0,0.0,0.0,0.0,0.0,0.0,0.0,0.0,0.0,0.0,0.0,0.0,0.0,0.0,0.0,0.0,0.0,0.0,0.0,0.0,0.0,0.0,0.0
2026-01-25 15:58:47,4.1,34.3,running,8.0,1.8,30.7,1.3,49.3,0.9,10.2,1.8,4.0,0.4,4.9,4.0,1.3,0.0,4.5,0.4,1.3,0.4,0.0,0.0,0.0,0.4,2.7,0.9,0.0,0.4,4.9,0.4,4.9,2.2,4.9,0.0,3.1,2.2,1.8,0.5,2.2,2.2,2.2,3.6,3.1,1.8,2.3,4.0,0.4,2.2,0.5,0.4,0.0,0.0,0.0,0.0,0.0,0.0,0.0,0.0,0.0,0.0,0.0,0.0,0.0,0.0,0.0,0.0,0.0,0.0,0.0,0.0,0.0,0.0,0.0,0.0,0.0,0.0,0.0,0.0,0.0,0.0,0.0,0.0,0.0,0.0,0.0,0.0,0.0,0.0,0.0,0.0,0.0,0.0,0.0,0.0,0.0,0.0,0.0,0.0
2026-01-25 15:58:51,3.9,28.1,running,8.4,0.9,33.0,0.0,49.1,0.0,12.4,6.2,7.2,0.5,4.9,3.1,1.8,0.4,0.0,2.2,1.8,0.4,1.8,0.9,1.8,0.0,0.4,1.3,0.0,0.9,3.6,0.4,3.6,1.8,0.9,2.2,0.4,4.0,0.4,3.6,2.7,0.4,2.7,0.4,1.8,2.2,1.7,2.7,4.4,3.6,0.9,2.2,0.0,0.0,0.0,0.0,0.0,0.0,0.0,0.0,0.0,0.0,0.0,0.0,0.0,0.0,0.0,0.0,0.0,0.0,0.0,0.0,0.0,0.0,0.0,0.0,0.0,0.0,0.0,0.0,0.0,0.0,0.0,0.0,0.0,0.0,0.0,0.0,0.0,0.0,0.0,0.0,0.0,0.0,0.0,0.0,0.0,0.0,0.0,0.0
2026-01-25 15:58:54,4.1,18.7,running,8.4,2.7,28.6,0.4,45.1,0.4,13.3,3.1,3.5,0.4,2.2,3.1,0.9,4.0,3.1,1.3,2.7,0.0,1.3,0.0,3.1,1.3,0.9,0.0,0.0,0.9,0.9,2.2,2.7,1.3,1.3,0.9,1.3,0.9,0.4,1.3,3.6,4.0,1.3,0.0,2.2,0.9,0.0,1.8,1.3,0.0,3.1,6.3,0.0,0.0,0.0,0.0,0.0,0.0,0.0,0.0,0.0,0.0,0.0,0.0,0.0,0.0,0.0,0.0,0.0,0.0,0.0,0.0,0.0,0.0,0.0,0.0,0.0,0.0,0.0,0.0,0.0,0.0,0.0,0.0,0.0,0.0,0.0,0.0,0.0,0.0,0.0,0.0,0.0,0.0,0.0,0.0,0.0,0.0,0.0,0.0
2026-01-25 15:58:58,4.1,18.7,running,7.5,3.1,31.3,0.0,46.7,0.0,13.3,2.2,4.9,2.7,6.2,0.4,2.7,1.3,5.4,1.8,0.4,2.7,0.4,0.0,2.7,0.9,3.5,3.1,1.3,0.9,2.7,2.2,5.3,2.7,3.1,1.3,1.8,0.0,1.3,1.3,3.1,0.4,0.4,3.1,0.4,1.8,3.6,2.2,1.3,4.4,4.9,0.0,0.0,0.0,0.0,0.0,0.0,0.0,0.0,0.0,0.0,0.0,0.0,0.0,0.0,0.0,0.0,0.0,0.0,0.0,0.0,0.0,0.0,0.0,0.0,0.0,0.0,0.0,0.0,0.0,0.0,0.0,0.0,0.0,0.0,0.0,0.0,0.0,0.0,0.0,0.0,0.0,0.0,0.0,0.0,0.0,0.0,0.0,0.0,0.0
2026-01-25 15:59:01,4.0,15.6,running,7.2,3.1,33.8,0.9,47.1,0.4,15.2,4.5,4.9,0.4,3.1,2.7,1.3,0.0,1.3,0.0,4.0,0.0,0.0,0.0,0.9,0.9,0.9,2.7,0.4,0.9,2.2,1.3,4.5,2.7,2.2,0.0,1.3,4.0,3.1,0.9,3.1,3.5,4.5,3.1,1.3,0.9,0.9,4.4,0.0,0.4,4.4,0.4,0.0,0.0,0.0,0.0,0.0,0.0,0.0,0.0,0.0,0.0,0.0,0.0,0.0,0.0,0.0,0.0,0.0,0.0,0.0,0.0,0.0,0.0,0.0,0.0,0.0,0.0,0.0,0.0,0.0,0.0,0.0,0.0,0.0,0.0,0.0,0.0,0.0,0.0,0.0,0.0,0.0,0.0,0.0,0.0,0.0,0.0,0.0,0.0
2026-01-25 15:59:05,4.0,40.6,running,8.8,2.7,37.3,0.4,45.6,0.4,9.3,4.9,3.6,1.8,3.1,0.4,0.9,5.3,3.5,0.0,0.9,2.7,2.7,1.3,1.3,1.8,0.9,5.7,0.4,3.5,2.7,0.0,3.1,0.9,1.3,0.0,0.0,5.3,0.4,1.8,2.2,3.1,2.7,2.7,4.9,1.3,3.5,4.9,2.2,0.0,2.2,0.4,0.0,0.0,0.0,0.0,0.0,0.0,0.0,0.0,0.0,0.0,0.0,0.0,0.0,0.0,0.0,0.0,0.0,0.0,0.0,0.0,0.0,0.0,0.0,0.0,0.0,0.0,0.0,0.0,0.0,0.0,0.0,0.0,0.0,0.0,0.0,0.0,0.0,0.0,0.0,0.0,0.0,0.0,0.0,0.0,0.0,0.0,0.0,0.0
2026-01-25 15:59:08,3.9,31.2,running,6.2,0.0,37.3,0.0,41.8,0.0,13.4,3.1,7.1,2.2,4.9,0.0,2.7,0.4,0.9,0.9,0.0,5.8,0.4,2.2,1.3,0.9,2.2,2.7,1.4,3.6,3.6,0.5,3.6,0.9,0.4,1.3,2.2,2.7,1.3,1.3,1.3,1.3,0.0,0.9,0.4,0.0,0.4,1.3,7.6,1.8,2.7,0.9,0.0,0.0,0.0,0.0,0.0,0.0,0.0,0.0,0.0,0.0,0.0,0.0,0.0,0.0,0.0,0.0,0.0,0.0,0.0,0.0,0.0,0.0,0.0,0.0,0.0,0.0,0.0,0.0,0.0,0.0,0.0,0.0,0.0,0.0,0.0,0.0,0.0,0.0,0.0,0.0,0.0,0.0,0.0,0.0,0.0,0.0,0.0,0.0
2026-01-25 15:59:12,4.4,28.1,running,9.3,3.6,33.2,0.0,43.8,0.4,9.3,4.9,4.9,1.3,3.6,0.9,1.3,2.2,1.3,2.2,2.2,2.2,1.8,0.0,1.3,1.8,0.9,3.1,1.3,1.3,7.1,0.0,4.4,2.7,1.3,0.0,2.2,0.0,1.3,4.0,1.8,2.2,5.4,1.3,1.3,2.2,1.8,3.6,3.6,0.4,6.2,1.3,0.0,0.0,0.0,0.0,0.0,0.0,0.0,0.0,0.0,0.0,0.0,0.0,0.0,0.0,0.0,0.0,0.0,0.0,0.0,0.0,0.0,0.0,0.0,0.0,0.0,0.0,0.0,0.0,0.0,0.0,0.0,0.0,0.0,0.0,0.0,0.0,0.0,0.0,0.0,0.0,0.0,0.0,0.0,0.0,0.0,0.0,0.0,0.0
2026-01-25 15:59:15,3.8,18.7,running,6.2,1.8,34.2,0.0,43.6,0.4,13.7,3.1,5.3,2.7,1.8,0.0,0.4,2.7,0.4,2.2,0.9,1.3,0.4,0.0,2.7,0.0,1.8,2.2,0.0,0.0,1.3,0.0,3.1,1.8,2.2,7.1,0.9,0.0,1.3,4.4,1.3,2.2,5.3,0.9,4.4,0.9,0.0,6.2,2.7,0.0,1.3,2.7,0.0,0.0,0.0,0.0,0.0,0.0,0.0,0.0,0.0,0.0,0.0,0.0,0.0,0.0,0.0,0.0,0.0,0.0,0.0,0.0,0.0,0.0,0.0,0.0,0.0,0.0,0.0,0.0,0.0,0.0,0.0,0.0,0.0,0.0,0.0,0.0,0.0,0.0,0.0,0.0,0.0,0.0,0.0,0.0,0.0,0.0,0.0,0.0
2026-01-25 15:59:19,3.5,34.3,running,10.9,0.0,34.5,1.6,44.1,0.0,11.6,0.9,6.2,2.7,1.3,0.4,1.4,3.1,1.3,0.0,0.9,3.1,2.7,0.9,1.3,3.1,2.7,3.1,6.2,3.6,3.1,3.1,3.1,2.2,1.8,2.7,3.1,2.2,3.1,1.8,2.2,0.0,0.9,0.0,0.9,2.2,3.1,2.7,0.4,0.0,1.8,1.4,0.0,0.0,0.0,0.0,0.0,0.0,0.0,0.0,0.0,0.0,0.0,0.0,0.0,0.0,0.0,0.0,0.0,0.0,0.0,0.0,0.0,0.0,0.0,0.0,0.0,0.0,0.0,0.0,0.0,0.0,0.0,0.0,0.0,0.0,0.0,0.0,0.0,0.0,0.0,0.0,0.0,0.0,0.0,0.0,0.0,0.0,0.0,0.0
2026-01-25 15:59:22,6.0,25.0,running,6.7,5.8,34.8,2.7,42.3,1.8,17.3,1.8,7.6,2.7,2.2,3.1,3.5,0.9,2.2,0.4,1.3,0.0,1.3,1.3,0.9,3.6,6.2,0.4,0.9,4.0,4.8,2.2,5.8,0.0,19.7,0.4,1.3,3.1,3.6,1.8,5.3,1.3,2.7,1.8,2.7,1.3,4.5,2.2,7.1,2.2,0.9,0.4,0.0,0.0,0.0,0.0,0.0,0.0,0.0,0.0,0.0,0.0,0.0,0.0,0.0,0.0,0.0,0.0,0.0,0.0,0.0,0.0,0.0,0.0,0.0,0.0,0.0,0.0,0.0,0.0,0.0,0.0,0.0,0.0,0.0,0.0,0.0,0.0,0.0,0.0,0.0,0.0,0.0,0.0,0.0,0.0,0.0,0.0,0.0,0.0
2026-01-25 15:59:26,3.9,28.1,running,7.9,4.9,30.2,0.0,46.5,0.0,14.0,2.7,5.4,0.9,3.6,2.2,3.1,0.4,1.3,0.9,3.1,1.3,0.9,2.2,1.8,0.0,1.3,0.0,1.8,0.0,4.9,0.0,4.0,3.6,32.1,4.4,3.1,0.0,1.3,2.2,5.3,1.8,2.2,1.8,2.2,0.0,2.7,5.3,7.1,2.7,2.2,5.8,0.0,0.0,0.0,0.0,0.0,0.0,0.0,0.0,0.0,0.0,0.0,0.0,0.0,0.0,0.0,0.0,0.0,0.0,0.0,0.0,0.0,0.0,0.0,0.0,0.0,0.0,0.0,0.0,0.0,0.0,0.0,0.0,0.0,0.0,0.0,0.0,0.0,0.0,0.0,0.0,0.0,0.0,0.0,0.0,0.0,0.0,0.0,0.0
2026-01-25 15:59:29,3.8,25.0,running,7.5,0.9,34.4,2.2,43.6,0.9,11.7,2.2,5.8,0.4,2.7,0.4,0.9,0.9,0.9,3.1,0.4,0.4,0.9,1.8,0.4,3.1,1.8,3.1,4.4,5.7,4.5,2.2,5.3,2.2,1.7,2.2,2.2,0.4,3.1,4.9,0.9,2.2,0.0,0.0,0.4,2.2,0.4,6.2,8.1,0.0,1.3,0.9,0.0,0.0,0.0,0.0,0.0,0.0,0.0,0.0,0.0,0.0,0.0,0.0,0.0,0.0,0.0,0.0,0.0,0.0,0.0,0.0,0.0,0.0,0.0,0.0,0.0,0.0,0.0,0.0,0.0,0.0,0.0,0.0,0.0,0.0,0.0,0.0,0.0,0.0,0.0,0.0,0.0,0.0,0.0,0.0,0.0,0.0,0.0,0.0
2026-01-25 15:59:33,4.2,12.5,running,11.0,2.2,36.6,2.2,44.7,0.0,11.9,3.5,6.6,1.4,5.8,1.4,0.4,0.0,3.1,0.0,3.1,1.3,4.0,0.9,2.2,0.4,4.9,3.1,2.2,1.3,0.9,4.0,5.8,2.7,0.4,0.9,0.4,1.3,1.3,4.4,3.1,0.0,3.1,1.3,0.4,2.7,1.3,3.1,0.9,0.9,0.4,0.0,0.0,0.0,0.0,0.0,0.0,0.0,0.0,0.0,0.0,0.0,0.0,0.0,0.0,0.0,0.0,0.0,0.0,0.0,0.0,0.0,0.0,0.0,0.0,0.0,0.0,0.0,0.0,0.0,0.0,0.0,0.0,0.0,0.0,0.0,0.0,0.0,0.0,0.0,0.0,0.0,0.0,0.0,0.0,0.0,0.0,0.0,0.0,0.0
2026-01-25 15:59:36,3.8,34.3,running,6.2,0.4,29.1,0.0,48.4,0.0,10.6,1.8,6.2,2.1,7.6,0.0,3.6,0.0,4.4,2.7,0.9,1.8,2.7,3.6,0.0,0.0,0.4,0.9,2.7,0.4,0.9,3.1,1.3,2.7,0.9,0.0,3.1,0.9,4.0,1.8,1.8,0.4,3.1,0.0,2.7,0.4,1.8,1.3,3.6,0.0,0.4,1.8,0.0,0.0,0.0,0.0,0.0,0.0,0.0,0.0,0.0,0.0,0.0,0.0,0.0,0.0,0.0,0.0,0.0,0.0,0.0,0.0,0.0,0.0,0.0,0.0,0.0,0.0,0.0,0.0,0.0,0.0,0.0,0.0,0.0,0.0,0.0,0.0,0.0,0.0,0.0,0.0,0.0,0.0,0.0,0.0,0.0,0.0,0.0,0.0
2026-01-25 15:59:40,3.6,21.9,running,6.2,0.9,34.2,1.8,46.9,0.0,9.8,2.2,3.6,1.8,1.8,0.0,1.3,0.5,3.6,6.2,4.4,0.4,3.1,0.4,0.4,0.0,4.0,4.5,3.6,1.8,1.8,0.0,5.8,0.0,0.4,0.0,0.9,1.3,0.9,2.7,4.9,3.6,0.0,0.4,3.1,2.7,3.5,0.9,3.1,0.0,1.3,0.0,0.0,0.0,0.0,0.0,0.0,0.0,0.0,0.0,0.0,0.0,0.0,0.0,0.0,0.0,0.0,0.0,0.0,0.0,0.0,0.0,0.0,0.0,0.0,0.0,0.0,0.0,0.0,0.0,0.0,0.0,0.0,0.0,0.0,0.0,0.0,0.0,0.0,0.0,0.0,0.0,0.0,0.0,0.0,0.0,0.0,0.0,0.0,0.0
2026-01-25 15:59:43,4.2,25.0,running,11.8,1.8,34.4,0.0,42.7,1.3,9.3,0.9,8.0,2.7,2.7,0.9,1.8,1.3,4.9,1.9,0.0,0.9,2.2,1.3,2.6,2.7,0.9,3.6,6.2,1.8,1.8,0.0,3.1,2.7,0.4,0.0,0.9,1.8,0.4,0.4,0.4,1.8,1.8,1.8,0.9,1.8,6.2,1.8,1.8,1.3,2.2,1.3,0.0,0.0,0.0,0.0,0.0,0.0,0.0,0.0,0.0,0.0,0.0,0.0,0.0,0.0,0.0,0.0,0.0,0.0,0.0,0.0,0.0,0.0,0.0,0.0,0.0,0.0,0.0,0.0,0.0,0.0,0.0,0.0,0.0,0.0,0.0,0.0,0.0,0.0,0.0,0.0,0.0,0.0,0.0,0.0,0.0,0.0,0.0,0.0
2026-01-25 15:59:47,3.2,25.0,running,6.7,0.0,29.5,2.2,43.4,0.0,9.4,1.8,3.1,0.4,0.0,0.0,0.4,1.8,1.3,0.4,0.5,0.4,0.5,2.7,0.9,3.1,8.0,0.4,3.1,3.9,0.0,0.0,3.1,6.7,0.0,0.9,0.9,3.1,2.7,2.7,4.4,4.0,2.2,3.1,0.4,0.0,3.6,2.2,3.6,0.9,4.0,3.6,0.0,0.0,0.0,0.0,0.0,0.0,0.0,0.0,0.0,0.0,0.0,0.0,0.0,0.0,0.0,0.0,0.0,0.0,0.0,0.0,0.0,0.0,0.0,0.0,0.0,0.0,0.0,0.0,0.0,0.0,0.0,0.0,0.0,0.0,0.0,0.0,0.0,0.0,0.0,0.0,0.0,0.0,0.0,0.0,0.0,0.0,0.0,0.0
2026-01-25 15:59:50,4.1,18.7,running,9.6,0.4,33.8,0.4,43.1,0.4,16.0,1.8,6.7,2.2,5.3,0.4,0.0,5.4,1.3,2.7,1.8,0.0,0.0,0.0,1.8,0.4,1.8,5.4,0.9,0.4,2.2,1.8,6.2,4.0,2.2,2.7,1.8,0.0,0.4,3.1,3.1,1.3,4.5,0.4,1.3,2.2,3.6,1.8,0.4,0.4,3.1,1.3,0.0,0.0,0.0,0.0,0.0,0.0,0.0,0.0,0.0,0.0,0.0,0.0,0.0,0.0,0.0,0.0,0.0,0.0,0.0,0.0,0.0,0.0,0.0,0.0,0.0,0.0,0.0,0.0,0.0,0.0,0.0,0.0,0.0,0.0,0.0,0.0,0.0,0.0,0.0,0.0,0.0,0.0,0.0,0.0,0.0,0.0,0.0,0.0
2026-01-25 15:59:54,3.9,31.2,running,6.7,0.0,32.9,0.0,40.4,0.9,9.8,5.4,4.9,2.3,1.3,0.0,0.4,0.0,2.7,0.4,0.0,1.8,1.3,0.0,1.8,2.2,8.9,0.4,3.6,1.8,1.8,0.0,1.8,0.0,1.3,0.9,0.4,4.4,0.9,3.1,0.4,0.0,8.1,0.0,4.4,1.8,2.2,2.7,5.8,0.0,0.0,0.9,0.0,0.0,0.0,0.0,0.0,0.0,0.0,0.0,0.0,0.0,0.0,0.0,0.0,0.0,0.0,0.0,0.0,0.0,0.0,0.0,0.0,0.0,0.0,0.0,0.0,0.0,0.0,0.0,0.0,0.0,0.0,0.0,0.0,0.0,0.0,0.0,0.0,0.0,0.0,0.0,0.0,0.0,0.0,0.0,0.0,0.0,0.0,0.0
2026-01-25 15:59:57,4.4,18.7,running,7.1,1.3,33.9,0.9,45.1,0.4,12.8,3.1,3.5,0.9,2.7,1.8,0.4,1.3,1.8,2.7,3.5,0.9,3.6,0.0,1.8,1.3,3.1,0.9,1.3,0.4,3.1,6.2,4.4,7.4,4.4,0.0,0.4,3.6,1.8,0.4,4.0,0.4,8.7,0.0,0.9,2.7,2.7,1.8,3.1,1.8,0.9,1.8,0.0,0.0,0.0,0.0,0.0,0.0,0.0,0.0,0.0,0.0,0.0,0.0,0.0,0.0,0.0,0.0,0.0,0.0,0.0,0.0,0.0,0.0,0.0,0.0,0.0,0.0,0.0,0.0,0.0,0.0,0.0,0.0,0.0,0.0,0.0,0.0,0.0,0.0,0.0,0.0,0.0,0.0,0.0,0.0,0.0,0.0,0.0,0.0
2026-01-25 16:00:01,4.1,34.3,running,4.9,2.2,32.6,1.4,37.9,1.8,16.9,1.3,4.9,1.8,4.4,0.9,0.9,3.6,4.0,1.4,1.8,1.8,1.3,0.0,1.8,0.9,1.3,1.8,8.4,2.2,3.6,0.0,3.1,4.5,0.0,0.0,0.0,1.4,1.8,0.0,2.7,6.3,1.3,0.4,0.5,3.6,0.5,1.3,2.7,1.8,1.8,0.9,0.0,0.0,0.0,0.0,0.0,0.0,0.0,0.0,0.0,0.0,0.0,0.0,0.0,0.0,0.0,0.0,0.0,0.0,0.0,0.0,0.0,0.0,0.0,0.0,0.0,0.0,0.0,0.0,0.0,0.0,0.0,0.0,0.0,0.0,0.0,0.0,0.0,0.0,0.0,0.0,0.0,0.0,0.0,0.0,0.0,0.0,0.0,0.0
2026-01-25 16:00:04,4.1,21.9,running,7.5,0.4,38.4,1.3,40.9,0.4,9.7,3.6,5.3,7.8,4.9,0.0,1.3,1.8,1.8,3.0,5.3,0.5,0.0,1.3,0.4,2.7,1.8,0.9,0.4,1.8,1.3,0.4,2.2,8.4,4.0,0.4,4.9,3.1,2.3,1.8,0.9,2.2,4.9,2.7,1.3,4.5,0.4,0.9,1.4,0.4,0.0,0.0,0.0,0.0,0.0,0.0,0.0,0.0,0.0,0.0,0.0,0.0,0.0,0.0,0.0,0.0,0.0,0.0,0.0,0.0,0.0,0.0,0.0,0.0,0.0,0.0,0.0,0.0,0.0,0.0,0.0,0.0,0.0,0.0,0.0,0.0,0.0,0.0,0.0,0.0,0.0,0.0,0.0,0.0,0.0,0.0,0.0,0.0,0.0,0.0
2026-01-25 16:00:08,4.1,49.9,running,7.6,1.8,37.9,0.4,42.4,0.0,14.3,3.1,2.7,2.7,1.3,1.3,0.9,4.9,1.3,0.8,3.6,0.8,0.4,1.8,1.8,0.0,1.8,2.2,0.0,0.9,2.7,2.2,2.2,1.8,3.1,0.9,1.3,1.8,2.2,1.3,2.7,1.3,2.2,0.4,0.4,2.2,1.3,4.9,2.2,3.1,0.4,1.8,0.0,0.0,0.0,0.0,0.0,0.0,0.0,0.0,0.0,0.0,0.0,0.0,0.0,0.0,0.0,0.0,0.0,0.0,0.0,0.0,0.0,0.0,0.0,0.0,0.0,0.0,0.0,0.0,0.0,0.0,0.0,0.0,0.0,0.0,0.0,0.0,0.0,0.0,0.0,0.0,0.0,0.0,0.0,0.0,0.0,0.0,0.0,0.0
2026-01-25 16:00:11,3.3,28.1,running,5.4,2.2,32.4,0.9,45.6,0.4,10.3,4.4,3.1,0.4,3.6,1.8,0.4,3.6,0.4,3.6,1.3,0.0,2.2,2.2,1.3,5.4,4.9,3.1,7.6,2.7,3.6,2.2,2.2,3.6,4.9,0.0,0.0,0.9,3.1,1.8,1.8,0.0,2.7,0.9,0.4,0.0,2.2,1.8,0.0,1.3,0.4,1.3,0.0,0.0,0.0,0.0,0.0,0.0,0.0,0.0,0.0,0.0,0.0,0.0,0.0,0.0,0.0,0.0,0.0,0.0,0.0,0.0,0.0,0.0,0.0,0.0,0.0,0.0,0.0,0.0,0.0,0.0,0.0,0.0,0.0,0.0,0.0,0.0,0.0,0.0,0.0,0.0,0.0,0.0,0.0,0.0,0.0,0.0,0.0,0.0
2026-01-25 16:00:15,3.4,31.2,running,6.7,0.0,37.2,0.5,43.1,1.3,9.4,3.1,4.9,4.9,5.4,4.0,8.6,0.4,2.7,0.0,3.1,0.5,0.4,0.0,0.9,0.4,2.7,4.5,2.2,1.3,0.0,1.8,3.6,1.8,2.2,3.1,0.0,3.1,2.2,1.3,1.3,0.0,4.0,0.0,2.7,0.9,1.3,2.2,3.1,0.9,0.9,0.9,0.0,0.0,0.0,0.0,0.0,0.0,0.0,0.0,0.0,0.0,0.0,0.0,0.0,0.0,0.0,0.0,0.0,0.0,0.0,0.0,0.0,0.0,0.0,0.0,0.0,0.0,0.0,0.0,0.0,0.0,0.0,0.0,0.0,0.0,0.0,0.0,0.0,0.0,0.0,0.0,0.0,0.0,0.0,0.0,0.0,0.0,0.0,0.0
2026-01-25 16:00:18,3.4,28.1,running,5.3,0.4,33.9,0.0,42.0,0.0,15.6,4.0,3.1,3.1,2.7,1.8,0.4,0.4,2.7,0.9,1.8,2.5,0.0,0.0,2.2,0.4,0.4,4.9,0.4,1.3,3.1,1.3,4.4,2.2,3.1,0.0,3.1,2.2,1.3,2.2,1.8,0.0,2.2,0.4,3.6,1.3,1.8,4.0,1.8,1.3,0.0,0.9,0.0,0.0,0.0,0.0,0.0,0.0,0.0,0.0,0.0,0.0,0.0,0.0,0.0,0.0,0.0,0.0,0.0,0.0,0.0,0.0,0.0,0.0,0.0,0.0,0.0,0.0,0.0,0.0,0.0,0.0,0.0,0.0,0.0,0.0,0.0,0.0,0.0,0.0,0.0,0.0,0.0,0.0,0.0,0.0,0.0,0.0,0.0,0.0
2026-01-25 16:00:22,3.9,21.9,running,4.5,2.2,34.2,0.0,44.0,0.0,11.1,4.4,2.2,2.2,3.5,2.4,3.1,1.3,2.7,0.0,0.9,0.9,1.8,0.0,2.7,4.5,3.1,0.4,0.4,0.0,1.3,0.4,4.0,1.8,1.4,3.1,3.6,0.9,0.9,2.7,0.4,0.4,0.4,1.8,0.4,1.8,4.0,3.5,2.2,0.4,0.9,0.0,0.0,0.0,0.0,0.0,0.0,0.0,0.0,0.0,0.0,0.0,0.0,0.0,0.0,0.0,0.0,0.0,0.0,0.0,0.0,0.0,0.0,0.0,0.0,0.0,0.0,0.0,0.0,0.0,0.0,0.0,0.0,0.0,0.0,0.0,0.0,0.0,0.0,0.0,0.0,0.0,0.0,0.0,0.0,0.0,0.0,0.0,0.0,0.0
2026-01-25 16:00:25,4.2,25.0,running,5.4,4.5,34.4,0.4,44.6,0.0,7.6,2.7,4.9,0.4,3.6,0.0,0.9,0.0,1.8,0.0,4.5,0.9,3.6,0.0,2.7,0.4,6.7,0.4,1.3,0.4,2.7,0.0,4.0,3.6,2.2,3.1,1.8,0.0,1.3,3.6,3.5,1.8,4.0,0.0,1.8,0.9,0.0,4.8,2.7,0.0,3.1,0.9,0.0,0.0,0.0,0.0,0.0,0.0,0.0,0.0,0.0,0.0,0.0,0.0,0.0,0.0,0.0,0.0,0.0,0.0,0.0,0.0,0.0,0.0,0.0,0.0,0.0,0.0,0.0,0.0,0.0,0.0,0.0,0.0,0.0,0.0,0.0,0.0,0.0,0.0,0.0,0.0,0.0,0.0,0.0,0.0,0.0,0.0,0.0,0.0
2026-01-25 16:00:29,3.9,28.1,running,7.1,1.8,35.0,2.2,45.3,0.4,8.9,3.1,4.0,2.7,2.2,0.4,0.0,3.9,0.0,0.0,0.4,1.3,3.1,0.4,0.9,1.3,3.1,4.4,1.8,0.4,5.3,0.0,4.5,2.2,2.7,1.3,4.9,0.0,3.1,0.9,1.3,2.2,3.6,1.8,1.8,3.1,2.7,3.5,4.0,1.3,0.4,4.0,0.0,0.0,0.0,0.0,0.0,0.0,0.0,0.0,0.0,0.0,0.0,0.0,0.0,0.0,0.0,0.0,0.0,0.0,0.0,0.0,0.0,0.0,0.0,0.0,0.0,0.0,0.0,0.0,0.0,0.0,0.0,0.0,0.0,0.0,0.0,0.0,0.0,0.0,0.0,0.0,0.0,0.0,0.0,0.0,0.0,0.0,0.0,0.0
2026-01-25 16:00:32,4.7,34.3,running,8.4,0.4,35.1,0.0,42.7,0.0,10.2,4.9,5.8,2.3,1.8,0.4,0.4,6.0,1.8,0.0,4.0,1.8,2.7,0.5,0.9,0.9,3.9,2.7,3.1,1.3,5.3,0.0,6.6,4.4,2.2,4.0,2.6,0.0,1.8,1.3,2.2,0.0,5.3,0.0,2.2,0.4,1.8,2.7,2.2,0.4,2.2,1.8,0.0,0.0,0.0,0.0,0.0,0.0,0.0,0.0,0.0,0.0,0.0,0.0,0.0,0.0,0.0,0.0,0.0,0.0,0.0,0.0,0.0,0.0,0.0,0.0,0.0,0.0,0.0,0.0,0.0,0.0,0.0,0.0,0.0,0.0,0.0,0.0,0.0,0.0,0.0,0.0,0.0,0.0,0.0,0.0,0.0,0.0,0.0,0.0
2026-01-25 16:00:36,4.3,25.0,running,9.8,2.7,37.6,0.8,39.1,0.0,15.7,1.3,2.3,1.3,4.5,0.0,2.3,0.0,0.9,0.4,4.0,0.0,3.6,0.0,0.9,2.6,2.2,3.1,1.3,4.1,0.9,3.6,5.4,2.3,2.7,2.3,1.8,1.3,4.0,2.7,0.4,0.4,0.9,1.8,1.4,4.9,0.0,5.8,0.4,0.5,3.1,2.2,0.0,0.0,0.0,0.0,0.0,0.0,0.0,0.0,0.0,0.0,0.0,0.0,0.0,0.0,0.0,0.0,0.0,0.0,0.0,0.0,0.0,0.0,0.0,0.0,0.0,0.0,0.0,0.0,0.0,0.0,0.0,0.0,0.0,0.0,0.0,0.0,0.0,0.0,0.0,0.0,0.0,0.0,0.0,0.0,0.0,0.0,0.0,0.0
2026-01-25 16:00:39,3.9,25.0,running,11.1,0.0,30.4,0.0,43.1,0.4,14.6,2.7,8.4,0.0,1.8,0.0,3.1,3.6,0.9,1.8,0.4,0.0,2.2,3.6,1.3,0.0,5.4,0.9,0.4,1.8,4.4,3.6,3.1,5.3,3.5,0.0,3.6,0.4,4.4,4.5,3.1,0.4,0.0,0.0,0.9,0.0,1.3,4.0,0.9,4.4,0.0,2.2,0.0,0.0,0.0,0.0,0.0,0.0,0.0,0.0,0.0,0.0,0.0,0.0,0.0,0.0,0.0,0.0,0.0,0.0,0.0,0.0,0.0,0.0,0.0,0.0,0.0,0.0,0.0,0.0,0.0,0.0,0.0,0.0,0.0,0.0,0.0,0.0,0.0,0.0,0.0,0.0,0.0,0.0,0.0,0.0,0.0,0.0,0.0,0.0
2026-01-25 16:00:43,4.5,31.2,running,8.9,3.1,40.5,0.0,37.6,0.0,14.2,4.9,5.3,1.3,2.2,0.0,0.9,0.9,2.2,4.4,1.8,0.0,2.2,0.0,2.7,0.0,6.2,0.4,1.3,4.4,4.5,6.2,4.4,3.1,3.5,3.6,2.7,4.0,1.3,4.0,1.8,0.9,3.5,0.0,1.3,0.4,0.9,1.8,6.7,0.0,1.8,0.0,0.0,0.0,0.0,0.0,0.0,0.0,0.0,0.0,0.0,0.0,0.0,0.0,0.0,0.0,0.0,0.0,0.0,0.0,0.0,0.0,0.0,0.0,0.0,0.0,0.0,0.0,0.0,0.0,0.0,0.0,0.0,0.0,0.0,0.0,0.0,0.0,0.0,0.0,0.0,0.0,0.0,0.0,0.0,0.0,0.0,0.0,0.0,0.0
2026-01-25 16:00:46,3.3,34.4,running,3.1,5.4,36.3,0.4,41.2,1.4,12.9,4.4,5.4,0.4,0.9,0.9,2.7,2.2,1.3,2.7,1.8,0.4,4.0,1.8,2.2,1.3,6.2,1.8,0.9,1.8,2.7,0.9,5.8,0.0,0.5,0.0,1.8,0.0,4.9,1.3,1.8,3.2,2.7,2.2,0.0,4.9,0.4,2.2,1.8,0.9,3.6,2.2,0.0,0.0,0.0,0.0,0.0,0.0,0.0,0.0,0.0,0.0,0.0,0.0,0.0,0.0,0.0,0.0,0.0,0.0,0.0,0.0,0.0,0.0,0.0,0.0,0.0,0.0,0.0,0.0,0.0,0.0,0.0,0.0,0.0,0.0,0.0,0.0,0.0,0.0,0.0,0.0,0.0,0.0,0.0,0.0,0.0,0.0,0.0,0.0
2026-01-25 16:00:50,3.7,31.2,running,7.1,2.2,31.0,0.9,42.9,0.0,14.2,3.1,3.6,0.4,4.0,0.4,3.6,1.8,4.0,0.0,1.8,0.0,0.0,1.8,0.0,1.3,3.1,0.0,0.9,2.2,0.9,2.7,3.1,4.4,0.9,0.0,0.4,0.4,4.9,0.9,5.4,1.8,2.7,4.0,0.0,1.3,1.8,3.6,2.7,3.1,4.0,0.4,0.0,0.0,0.0,0.0,0.0,0.0,0.0,0.0,0.0,0.0,0.0,0.0,0.0,0.0,0.0,0.0,0.0,0.0,0.0,0.0,0.0,0.0,0.0,0.0,0.0,0.0,0.0,0.0,0.0,0.0,0.0,0.0,0.0,0.0,0.0,0.0,0.0,0.0,0.0,0.0,0.0,0.0,0.0,0.0,0.0,0.0,0.0,0.0
2026-01-25 16:00:53,3.9,21.8,running,8.8,0.0,36.9,0.0,48.0,0.4,12.5,2.7,4.9,0.4,0.9,1.8,3.1,1.3,1.3,3.6,3.1,3.1,0.9,3.1,0.9,5.4,2.7,4.4,2.7,0.9,1.3,0.0,0.4,4.0,2.7,3.7,3.1,1.8,1.8,0.9,0.0,0.0,3.1,2.2,0.4,1.3,1.8,0.0,0.9,3.1,1.3,0.0,0.0,0.0,0.0,0.0,0.0,0.0,0.0,0.0,0.0,0.0,0.0,0.0,0.0,0.0,0.0,0.0,0.0,0.0,0.0,0.0,0.0,0.0,0.0,0.0,0.0,0.0,0.0,0.0,0.0,0.0,0.0,0.0,0.0,0.0,0.0,0.0,0.0,0.0,0.0,0.0,0.0,0.0,0.0,0.0,0.0,0.0,0.0,0.0
2026-01-25 16:00:57,3.7,15.6,running,8.9,1.3,34.5,0.0,44.7,0.9,15.6,3.5,7.5,1.8,0.9,0.9,2.7,3.1,1.3,0.4,1.3,3.1,0.4,4.0,2.2,0.0,2.7,0.4,0.9,4.0,4.4,3.1,4.4,6.2,0.9,0.8,2.2,0.9,2.2,2.2,0.0,0.9,4.9,0.0,2.7,1.3,1.8,3.1,0.0,0.0,1.8,0.4,0.0,0.0,0.0,0.0,0.0,0.0,0.0,0.0,0.0,0.0,0.0,0.0,0.0,0.0,0.0,0.0,0.0,0.0,0.0,0.0,0.0,0.0,0.0,0.0,0.0,0.0,0.0,0.0,0.0,0.0,0.0,0.0,0.0,0.0,0.0,0.0,0.0,0.0,0.0,0.0,0.0,0.0,0.0,0.0,0.0,0.0,0.0,0.0
2026-01-25 16:01:00,4.2,34.4,running,9.0,2.2,37.9,0.0,45.3,0.4,18.7,3.1,7.1,2.3,2.2,0.4,0.5,1.4,3.6,0.9,0.9,2.3,2.3,4.0,2.7,0.9,6.3,7.6,2.7,0.0,2.7,0.5,4.5,2.2,0.0,0.0,3.1,0.4,1.3,0.5,0.9,0.5,0.0,2.7,5.8,3.1,1.4,2.7,2.7,0.9,2.7,0.5,0.0,0.0,0.0,0.0,0.0,0.0,0.0,0.0,0.0,0.0,0.0,0.0,0.0,0.0,0.0,0.0,0.0,0.0,0.0,0.0,0.0,0.0,0.0,0.0,0.0,0.0,0.0,0.0,0.0,0.0,0.0,0.0,0.0,0.0,0.0,0.0,0.0,0.0,0.0,0.0,0.0,0.0,0.0,0.0,0.0,0.0,0.0,0.0
2026-01-25 16:01:04,3.9,34.4,running,9.3,2.2,33.2,0.0,40.5,0.9,9.4,1.3,4.0,0.0,2.2,2.7,4.4,3.6,3.6,0.9,3.6,0.4,4.0,0.4,3.1,1.3,3.1,3.1,2.6,1.3,1.3,1.8,1.8,3.1,3.1,3.1,3.1,1.3,0.9,1.3,0.9,0.9,0.9,4.0,1.8,0.9,0.4,0.9,0.4,0.0,4.0,0.0,0.0,0.0,0.0,0.0,0.0,0.0,0.0,0.0,0.0,0.0,0.0,0.0,0.0,0.0,0.0,0.0,0.0,0.0,0.0,0.0,0.0,0.0,0.0,0.0,0.0,0.0,0.0,0.0,0.0,0.0,0.0,0.0,0.0,0.0,0.0,0.0,0.0,0.0,0.0,0.0,0.0,0.0,0.0,0.0,0.0,0.0,0.0,0.0
2026-01-25 16:01:07,3.6,15.6,running,7.5,1.3,37.3,0.4,41.2,0.4,11.2,5.8,8.0,4.4,8.5,0.4,3.6,1.8,1.3,1.8,0.9,0.9,3.6,1.8,1.3,0.9,1.3,0.0,1.3,0.0,0.9,5.8,5.8,1.3,2.7,2.3,2.2,0.4,3.6,1.3,2.2,0.0,3.1,0.4,2.7,4.4,0.4,3.6,1.3,1.8,0.0,0.0,0.0,0.0,0.0,0.0,0.0,0.0,0.0,0.0,0.0,0.0,0.0,0.0,0.0,0.0,0.0,0.0,0.0,0.0,0.0,0.0,0.0,0.0,0.0,0.0,0.0,0.0,0.0,0.0,0.0,0.0,0.0,0.0,0.0,0.0,0.0,0.0,0.0,0.0,0.0,0.0,0.0,0.0,0.0,0.0,0.0,0.0,0.0,0.0
2026-01-25 16:01:11,3.4,25.0,running,4.5,4.5,28.3,1.3,44.7,1.3,13.9,0.9,4.5,4.0,2.7,1.9,1.3,0.5,1.3,2.7,0.4,0.0,0.0,0.0,2.7,0.9,0.9,0.9,0.9,0.0,0.9,0.0,4.0,4.4,1.3,0.0,0.0,0.0,4.0,2.7,0.0,0.9,1.8,0.0,0.4,0.0,0.4,7.1,3.1,0.5,3.6,2.2,0.0,0.0,0.0,0.0,0.0,0.0,0.0,0.0,0.0,0.0,0.0,0.0,0.0,0.0,0.0,0.0,0.0,0.0,0.0,0.0,0.0,0.0,0.0,0.0,0.0,0.0,0.0,0.0,0.0,0.0,0.0,0.0,0.0,0.0,0.0,0.0,0.0,0.0,0.0,0.0,0.0,0.0,0.0,0.0,0.0,0.0,0.0,0.0
2026-01-25 16:01:14,3.2,28.1,running,5.3,0.4,33.0,2.3,44.5,1.3,11.1,1.3,4.0,3.1,6.2,0.0,2.2,2.2,4.4,0.0,2.2,0.0,1.8,7.1,0.9,0.4,3.6,3.6,3.6,0.4,0.4,3.6,1.8,0.4,1.3,0.0,0.9,2.2,1.3,3.6,0.9,2.7,2.2,0.4,0.9,2.7,0.4,2.7,4.4,0.0,0.9,0.9,0.0,0.0,0.0,0.0,0.0,0.0,0.0,0.0,0.0,0.0,0.0,0.0,0.0,0.0,0.0,0.0,0.0,0.0,0.0,0.0,0.0,0.0,0.0,0.0,0.0,0.0,0.0,0.0,0.0,0.0,0.0,0.0,0.0,0.0,0.0,0.0,0.0,0.0,0.0,0.0,0.0,0.0,0.0,0.0,0.0,0.0,0.0,0.0
2026-01-25 16:01:18,3.5,21.9,running,5.8,4.9,33.6,0.0,47.1,0.4,12.5,4.4,6.2,0.0,3.6,0.0,7.2,1.8,0.9,3.6,4.0,0.9,3.1,2.7,2.2,1.3,3.1,0.4,0.4,3.6,0.4,0.9,1.8,4.0,0.0,0.4,0.0,0.0,1.8,1.8,0.4,1.3,0.9,0.0,2.2,1.8,1.3,4.9,1.8,0.4,0.4,2.2,0.0,0.0,0.0,0.0,0.0,0.0,0.0,0.0,0.0,0.0,0.0,0.0,0.0,0.0,0.0,0.0,0.0,0.0,0.0,0.0,0.0,0.0,0.0,0.0,0.0,0.0,0.0,0.0,0.0,0.0,0.0,0.0,0.0,0.0,0.0,0.0,0.0,0.0,0.0,0.0,0.0,0.0,0.0,0.0,0.0,0.0,0.0,0.0
2026-01-25 16:01:21,3.2,25.0,running,9.7,3.6,37.0,0.4,44.4,0.9,12.4,3.6,4.0,0.4,1.8,0.0,4.0,0.9,0.9,3.5,2.7,0.0,1.3,0.0,0.0,3.6,1.8,1.3,0.4,0.9,2.2,1.8,6.6,0.4,0.4,0.0,3.1,0.9,0.0,1.8,2.7,1.3,2.7,0.0,0.4,2.7,2.2,2.7,4.4,0.9,0.4,2.2,0.0,0.0,0.0,0.0,0.0,0.0,0.0,0.0,0.0,0.0,0.0,0.0,0.0,0.0,0.0,0.0,0.0,0.0,0.0,0.0,0.0,0.0,0.0,0.0,0.0,0.0,0.0,0.0,0.0,0.0,0.0,0.0,0.0,0.0,0.0,0.0,0.0,0.0,0.0,0.0,0.0,0.0,0.0,0.0,0.0,0.0,0.0,0.0
2026-01-25 16:01:25,4.4,18.7,running,5.8,2.7,35.0,0.0,43.3,1.8,12.9,3.6,6.2,0.4,5.3,4.4,4.4,2.7,3.1,2.7,1.3,1.8,0.4,1.8,0.9,0.0,0.4,4.0,1.3,4.5,2.7,0.4,5.4,0.0,0.0,0.4,2.7,0.0,1.8,0.9,1.8,0.9,5.3,0.0,1.3,1.8,0.4,5.3,4.5,3.1,0.0,2.7,0.0,0.0,0.0,0.0,0.0,0.0,0.0,0.0,0.0,0.0,0.0,0.0,0.0,0.0,0.0,0.0,0.0,0.0,0.0,0.0,0.0,0.0,0.0,0.0,0.0,0.0,0.0,0.0,0.0,0.0,0.0,0.0,0.0,0.0,0.0,0.0,0.0,0.0,0.0,0.0,0.0,0.0,0.0,0.0,0.0,0.0,0.0,0.0
2026-01-25 16:01:28,3.7,25.0,running,3.5,0.4,33.0,0.9,44.6,0.0,15.6,3.6,6.7,2.2,3.6,1.8,0.4,1.8,4.5,2.2,2.7,0.9,0.9,1.3,1.3,0.0,2.7,0.4,1.3,1.8,2.2,0.4,4.9,0.0,0.9,3.6,1.3,0.0,3.6,4.0,5.7,1.3,4.0,0.0,0.9,0.0,1.8,1.3,1.8,1.3,2.7,0.0,0.0,0.0,0.0,0.0,0.0,0.0,0.0,0.0,0.0,0.0,0.0,0.0,0.0,0.0,0.0,0.0,0.0,0.0,0.0,0.0,0.0,0.0,0.0,0.0,0.0,0.0,0.0,0.0,0.0,0.0,0.0,0.0,0.0,0.0,0.0,0.0,0.0,0.0,0.0,0.0,0.0,0.0,0.0,0.0,0.0,0.0,0.0,0.0
2026-01-25 16:01:32,3.7,21.9,running,4.0,0.9,36.1,0.9,47.3,0.0,8.5,4.4,7.1,2.2,1.3,0.9,5.8,0.4,2.2,1.8,2.7,0.0,0.0,4.0,0.0,1.3,0.9,1.3,3.6,0.9,2.2,1.3,7.1,2.2,4.9,0.0,2.7,2.7,1.8,1.8,0.0,3.1,3.6,0.9,0.9,4.0,0.4,2.7,1.8,3.1,0.9,0.0,0.0,0.0,0.0,0.0,0.0,0.0,0.0,0.0,0.0,0.0,0.0,0.0,0.0,0.0,0.0,0.0,0.0,0.0,0.0,0.0,0.0,0.0,0.0,0.0,0.0,0.0,0.0,0.0,0.0,0.0,0.0,0.0,0.0,0.0,0.0,0.0,0.0,0.0,0.0,0.0,0.0,0.0,0.0,0.0,0.0,0.0,0.0,0.0
2026-01-25 16:01:35,3.6,21.9,running,6.2,0.0,34.8,1.3,38.8,1.3,10.3,0.9,4.9,1.1,7.5,0.0,0.4,0.9,0.4,0.0,2.7,3.1,2.7,0.0,0.0,1.8,0.9,1.3,4.4,0.0,1.3,0.9,5.8,1.3,3.6,0.0,0.4,0.4,1.3,2.7,2.2,2.7,4.9,0.4,3.1,4.5,0.0,5.8,5.8,0.0,1.3,0.0,0.0,0.0,0.0,0.0,0.0,0.0,0.0,0.0,0.0,0.0,0.0,0.0,0.0,0.0,0.0,0.0,0.0,0.0,0.0,0.0,0.0,0.0,0.0,0.0,0.0,0.0,0.0,0.0,0.0,0.0,0.0,0.0,0.0,0.0,0.0,0.0,0.0,0.0,0.0,0.0,0.0,0.0,0.0,0.0,0.0,0.0,0.0,0.0
2026-01-25 16:01:39,4.0,18.7,running,8.5,4.0,33.2,3.1,43.6,0.0,13.7,2.7,6.3,1.3,4.9,0.9,2.2,0.0,1.3,1.3,4.0,1.8,4.5,0.0,1.3,1.8,2.2,4.1,1.8,0.4,1.8,1.3,5.3,0.9,3.5,2.7,0.9,0.4,1.8,2.2,3.1,0.9,3.6,0.0,2.6,2.2,0.0,4.0,2.7,1.3,0.9,4.1,0.0,0.0,0.0,0.0,0.0,0.0,0.0,0.0,0.0,0.0,0.0,0.0,0.0,0.0,0.0,0.0,0.0,0.0,0.0,0.0,0.0,0.0,0.0,0.0,0.0,0.0,0.0,0.0,0.0,0.0,0.0,0.0,0.0,0.0,0.0,0.0,0.0,0.0,0.0,0.0,0.0,0.0,0.0,0.0,0.0,0.0,0.0,0.0
2026-01-25 16:01:42,4.0,34.4,running,8.8,0.9,37.0,0.0,42.9,0.9,10.2,4.0,8.0,0.0,3.6,0.4,2.7,0.0,0.9,5.3,3.1,2.2,0.4,0.4,0.4,1.3,2.2,0.0,1.8,0.9,5.3,3.1,7.6,6.6,3.1,2.2,4.0,0.0,4.4,0.0,2.7,3.6,4.4,3.6,0.9,1.3,0.9,3.6,5.8,0.0,2.7,1.8,0.0,0.0,0.0,0.0,0.0,0.0,0.0,0.0,0.0,0.0,0.0,0.0,0.0,0.0,0.0,0.0,0.0,0.0,0.0,0.0,0.0,0.0,0.0,0.0,0.0,0.0,0.0,0.0,0.0,0.0,0.0,0.0,0.0,0.0,0.0,0.0,0.0,0.0,0.0,0.0,0.0,0.0,0.0,0.0,0.0,0.0,0.0,0.0
2026-01-25 16:01:46,3.0,21.8,running,6.2,2.7,33.5,1.3,42.4,0.4,15.6,4.5,3.6,0.4,0.9,2.7,2.2,0.0,1.8,3.1,2.7,0.0,0.9,1.8,2.2,0.9,6.6,2.7,2.7,1.8,4.4,2.7,6.2,2.7,1.3,4.0,2.7,0.0,0.4,1.8,0.0,0.0,2.2,0.0,0.4,2.7,0.0,0.4,2.7,1.3,1.3,0.4,0.0,0.0,0.0,0.0,0.0,0.0,0.0,0.0,0.0,0.0,0.0,0.0,0.0,0.0,0.0,0.0,0.0,0.0,0.0,0.0,0.0,0.0,0.0,0.0,0.0,0.0,0.0,0.0,0.0,0.0,0.0,0.0,0.0,0.0,0.0,0.0,0.0,0.0,0.0,0.0,0.0,0.0,0.0,0.0,0.0,0.0,0.0,0.0
2026-01-25 16:01:49,2.9,18.7,running,8.9,2.2,29.3,1.8,45.6,1.8,10.2,1.8,5.4,2.7,2.7,0.0,0.4,0.0,5.4,0.0,0.0,0.0,1.8,3.4,0.4,1.3,2.7,0.4,1.3,1.3,0.0,2.2,4.5,0.4,0.9,1.3,4.9,1.3,2.7,1.8,0.4,0.0,2.7,1.3,0.0,0.0,0.0,2.2,5.3,3.1,0.4,0.0,0.0,0.0,0.0,0.0,0.0,0.0,0.0,0.0,0.0,0.0,0.0,0.0,0.0,0.0,0.0,0.0,0.0,0.0,0.0,0.0,0.0,0.0,0.0,0.0,0.0,0.0,0.0,0.0,0.0,0.0,0.0,0.0,0.0,0.0,0.0,0.0,0.0,0.0,0.0,0.0,0.0,0.0,0.0,0.0,0.0,0.0,0.0,0.0
2026-01-25 16:01:53,4.3,25.0,running,11.1,1.8,33.6,1.3,48.0,0.0,12.0,3.1,5.4,0.4,5.8,3.5,2.2,0.0,2.7,0.9,1.3,0.4,0.4,5.4,1.3,0.4,3.1,0.9,0.9,1.8,1.3,0.4,5.4,3.1,1.3,0.0,4.0,0.0,1.8,0.9,4.9,1.8,1.3,2.6,1.3,1.3,0.9,4.9,2.7,0.9,3.6,1.3,0.0,0.0,0.0,0.0,0.0,0.0,0.0,0.0,0.0,0.0,0.0,0.0,0.0,0.0,0.0,0.0,0.0,0.0,0.0,0.0,0.0,0.0,0.0,0.0,0.0,0.0,0.0,0.0,0.0,0.0,0.0,0.0,0.0,0.0,0.0,0.0,0.0,0.0,0.0,0.0,0.0,0.0,0.0,0.0,0.0,0.0,0.0,0.0
2026-01-25 16:01:56,4.1,25.0,running,9.4,2.2,33.2,0.0,43.6,0.0,14.6,2.7,4.0,2.7,0.4,0.5,0.9,1.3,4.9,1.3,0.9,0.9,0.0,4.4,0.9,0.9,5.4,0.0,0.0,0.0,1.8,0.0,4.5,1.3,1.8,4.0,0.9,1.3,1.8,0.0,2.7,4.4,4.0,4.5,3.1,1.8,0.0,4.0,4.0,0.0,4.5,3.1,0.0,0.0,0.0,0.0,0.0,0.0,0.0,0.0,0.0,0.0,0.0,0.0,0.0,0.0,0.0,0.0,0.0,0.0,0.0,0.0,0.0,0.0,0.0,0.0,0.0,0.0,0.0,0.0,0.0,0.0,0.0,0.0,0.0,0.0,0.0,0.0,0.0,0.0,0.0,0.0,0.0,0.0,0.0,0.0,0.0,0.0,0.0,0.0
2026-01-25 16:02:00,3.6,18.7,running,4.9,3.6,34.7,1.3,48.0,0.0,15.2,2.2,4.9,2.7,3.1,1.8,1.3,0.0,5.3,0.4,1.3,0.4,1.8,2.7,0.9,0.4,3.1,0.0,0.0,0.4,3.6,0.0,3.1,3.6,3.1,0.4,1.3,0.4,1.3,0.4,1.8,3.1,1.3,3.6,2.2,0.9,0.4,4.9,0.4,0.0,4.0,6.2,0.0,0.0,0.0,0.0,0.0,0.0,0.0,0.0,0.0,0.0,0.0,0.0,0.0,0.0,0.0,0.0,0.0,0.0,0.0,0.0,0.0,0.0,0.0,0.0,0.0,0.0,0.0,0.0,0.0,0.0,0.0,0.0,0.0,0.0,0.0,0.0,0.0,0.0,0.0,0.0,0.0,0.0,0.0,0.0,0.0,0.0,0.0,0.0
2026-01-25 16:02:03,4.3,18.7,running,7.5,3.1,37.6,0.5,46.3,0.9,15.3,4.4,3.5,0.9,3.5,0.0,4.4,0.0,1.3,3.3,1.8,0.5,1.4,6.2,2.2,2.7,1.8,0.5,0.4,0.4,1.3,0.4,6.7,3.6,0.9,0.4,0.0,1.3,1.8,0.4,0.9,0.9,6.6,1.5,1.5,2.0,1.0,4.0,4.9,3.5,3.9,3.1,0.0,0.0,0.0,0.0,0.0,0.0,0.0,0.0,0.0,0.0,0.0,0.0,0.0,0.0,0.0,0.0,0.0,0.0,0.0,0.0,0.0,0.0,0.0,0.0,0.0,0.0,0.0,0.0,0.0,0.0,0.0,0.0,0.0,0.0,0.0,0.0,0.0,0.0,0.0,0.0,0.0,0.0,0.0,0.0,0.0,0.0,0.0,0.0
2026-01-25 16:02:07,3.6,18.7,running,5.4,0.0,30.8,0.0,35.1,0.9,16.4,2.2,6.2,0.0,3.6,0.9,3.1,1.7,2.7,0.4,3.1,5.1,1.8,2.7,2.7,0.0,3.1,2.2,1.3,2.2,1.3,0.0,3.1,3.1,0.9,4.9,0.0,0.0,2.2,3.1,2.7,2.2,2.7,0.0,2.9,0.8,1.6,3.6,0.4,1.3,0.8,0.4,0.0,0.0,0.0,0.0,0.0,0.0,0.0,0.0,0.0,0.0,0.0,0.0,0.0,0.0,0.0,0.0,0.0,0.0,0.0,0.0,0.0,0.0,0.0,0.0,0.0,0.0,0.0,0.0,0.0,0.0,0.0,0.0,0.0,0.0,0.0,0.0,0.0,0.0,0.0,0.0,0.0,0.0,0.0,0.0,0.0,0.0,0.0,0.0
2026-01-25 16:02:10,3.7,34.3,running,5.8,5.8,32.3,0.0,47.8,0.0,8.8,5.7,5.8,1.8,2.7,3.1,0.9,0.0,0.0,5.3,0.0,2.2,1.8,0.4,0.9,0.4,2.7,3.6,0.9,1.8,0.4,0.4,5.3,1.3,6.6,4.5,1.8,0.0,3.1,3.1,0.9,1.8,1.3,0.4,4.9,0.9,0.0,3.1,6.7,1.8,0.0,0.0,0.0,0.0,0.0,0.0,0.0,0.0,0.0,0.0,0.0,0.0,0.0,0.0,0.0,0.0,0.0,0.0,0.0,0.0,0.0,0.0,0.0,0.0,0.0,0.0,0.0,0.0,0.0,0.0,0.0,0.0,0.0,0.0,0.0,0.0,0.0,0.0,0.0,0.0,0.0,0.0,0.0,0.0,0.0,0.0,0.0,0.0,0.0,0.0
2026-01-25 16:02:14,3.4,21.9,running,7.5,3.1,32.3,1.8,47.6,0.0,12.9,4.0,3.1,0.0,4.0,0.0,1.3,1.8,2.2,1.8,1.8,4.0,3.1,1.8,1.3,2.2,2.7,0.0,2.2,0.4,1.3,0.4,2.7,1.8,2.2,0.4,1.8,0.0,1.3,0.9,2.7,4.4,1.3,5.8,2.7,0.9,3.1,0.9,5.8,0.0,0.9,1.3,0.0,0.0,0.0,0.0,0.0,0.0,0.0,0.0,0.0,0.0,0.0,0.0,0.0,0.0,0.0,0.0,0.0,0.0,0.0,0.0,0.0,0.0,0.0,0.0,0.0,0.0,0.0,0.0,0.0,0.0,0.0,0.0,0.0,0.0,0.0,0.0,0.0,0.0,0.0,0.0,0.0,0.0,0.0,0.0,0.0,0.0,0.0,0.0
2026-01-25 16:02:17,4.1,28.1,running,9.3,0.9,34.8,1.4,46.7,0.9,16.3,2.7,8.4,0.9,4.9,0.4,2.2,0.9,4.4,0.4,0.0,1.3,3.6,0.4,0.9,2.7,10.3,0.0,0.9,0.4,1.3,0.4,3.6,0.0,4.0,0.0,2.2,0.0,0.0,2.2,0.0,0.4,0.0,0.0,1.8,3.1,1.3,3.6,3.1,0.0,2.2,1.8,0.0,0.0,0.0,0.0,0.0,0.0,0.0,0.0,0.0,0.0,0.0,0.0,0.0,0.0,0.0,0.0,0.0,0.0,0.0,0.0,0.0,0.0,0.0,0.0,0.0,0.0,0.0,0.0,0.0,0.0,0.0,0.0,0.0,0.0,0.0,0.0,0.0,0.0,0.0,0.0,0.0,0.0,0.0,0.0,0.0,0.0,0.0,0.0
2026-01-25 16:02:21,3.6,31.2,running,6.6,0.4,35.3,0.0,41.8,1.3,13.3,1.3,4.9,1.8,4.9,3.5,2.7,0.0,1.4,2.2,3.1,2.2,0.9,0.4,1.8,0.0,2.2,1.8,4.4,3.1,4.9,1.8,5.4,0.4,0.9,1.3,5.3,0.0,1.3,0.0,0.9,0.9,0.0,0.0,1.3,2.7,0.4,2.2,5.3,0.0,1.3,0.4,0.0,0.0,0.0,0.0,0.0,0.0,0.0,0.0,0.0,0.0,0.0,0.0,0.0,0.0,0.0,0.0,0.0,0.0,0.0,0.0,0.0,0.0,0.0,0.0,0.0,0.0,0.0,0.0,0.0,0.0,0.0,0.0,0.0,0.0,0.0,0.0,0.0,0.0,0.0,0.0,0.0,0.0,0.0,0.0,0.0,0.0,0.0,0.0
2026-01-25 16:02:24,4.0,18.7,running,6.2,2.7,32.2,1.3,40.2,0.0,11.2,4.0,6.7,0.9,5.3,3.6,4.9,1.8,4.9,1.3,2.2,1.3,0.9,1.8,2.7,0.4,0.9,2.2,0.9,0.4,0.9,0.0,4.0,4.0,0.0,0.0,0.4,0.0,3.1,4.8,5.4,0.0,8.4,0.0,0.9,1.3,0.0,2.2,2.2,1.3,0.0,2.2,0.0,0.0,0.0,0.0,0.0,0.0,0.0,0.0,0.0,0.0,0.0,0.0,0.0,0.0,0.0,0.0,0.0,0.0,0.0,0.0,0.0,0.0,0.0,0.0,0.0,0.0,0.0,0.0,0.0,0.0,0.0,0.0,0.0,0.0,0.0,0.0,0.0,0.0,0.0,0.0,0.0,0.0,0.0,0.0,0.0,0.0,0.0,0.0
2026-01-25 16:02:28,3.6,31.2,running,6.7,0.4,31.9,1.4,46.3,0.0,16.4,3.1,4.0,2.2,3.1,1.8,3.6,0.9,2.2,0.5,1.3,0.0,1.3,0.0,1.8,2.7,2.2,2.7,1.8,3.2,4.0,0.0,5.4,0.4,0.9,0.0,2.2,0.0,1.8,1.3,1.3,0.5,4.5,0.5,1.3,1.8,0.9,2.7,2.2,3.2,4.0,0.4,0.0,0.0,0.0,0.0,0.0,0.0,0.0,0.0,0.0,0.0,0.0,0.0,0.0,0.0,0.0,0.0,0.0,0.0,0.0,0.0,0.0,0.0,0.0,0.0,0.0,0.0,0.0,0.0,0.0,0.0,0.0,0.0,0.0,0.0,0.0,0.0,0.0,0.0,0.0,0.0,0.0,0.0,0.0,0.0,0.0,0.0,0.0,0.0
2026-01-25 16:02:31,3.9,21.8,running,6.2,0.4,34.2,0.0,42.7,0.9,10.7,3.6,2.2,0.9,4.0,4.0,1.8,0.4,0.9,0.4,0.0,2.1,3.6,0.4,0.9,0.9,1.8,5.4,0.9,1.3,0.9,0.4,3.6,6.6,1.8,0.0,0.0,0.0,4.0,0.9,3.1,0.4,4.9,1.8,0.4,3.1,0.4,3.1,2.7,0.9,0.4,2.2,0.0,0.0,0.0,0.0,0.0,0.0,0.0,0.0,0.0,0.0,0.0,0.0,0.0,0.0,0.0,0.0,0.0,0.0,0.0,0.0,0.0,0.0,0.0,0.0,0.0,0.0,0.0,0.0,0.0,0.0,0.0,0.0,0.0,0.0,0.0,0.0,0.0,0.0,0.0,0.0,0.0,0.0,0.0,0.0,0.0,0.0,0.0,0.0
2026-01-25 16:02:35,4.0,28.1,running,6.7,1.3,33.2,0.0,42.9,0.4,10.3,2.7,4.0,5.8,0.9,1.3,3.1,1.3,0.9,3.6,2.2,1.3,4.0,0.0,1.8,2.7,3.1,4.0,0.4,0.9,2.7,6.2,6.7,1.3,6.2,0.0,1.8,0.0,3.1,1.3,3.5,0.4,0.9,2.2,0.9,1.8,0.9,1.3,0.0,0.9,0.4,1.3,0.0,0.0,0.0,0.0,0.0,0.0,0.0,0.0,0.0,0.0,0.0,0.0,0.0,0.0,0.0,0.0,0.0,0.0,0.0,0.0,0.0,0.0,0.0,0.0,0.0,0.0,0.0,0.0,0.0,0.0,0.0,0.0,0.0,0.0,0.0,0.0,0.0,0.0,0.0,0.0,0.0,0.0,0.0,0.0,0.0,0.0,0.0,0.0
2026-01-25 16:02:38,4.1,31.2,running,5.7,2.7,36.0,0.0,47.8,1.3,17.3,1.8,7.6,3.5,2.7,0.4,1.3,4.4,4.9,0.4,4.4,0.0,4.0,0.4,0.9,4.0,3.1,4.0,0.0,1.8,1.8,0.9,2.2,1.8,2.7,0.0,1.3,0.4,4.4,0.9,2.2,0.0,2.2,0.0,0.4,2.7,0.4,1.8,0.4,0.0,0.0,3.6,0.0,0.0,0.0,0.0,0.0,0.0,0.0,0.0,0.0,0.0,0.0,0.0,0.0,0.0,0.0,0.0,0.0,0.0,0.0,0.0,0.0,0.0,0.0,0.0,0.0,0.0,0.0,0.0,0.0,0.0,0.0,0.0,0.0,0.0,0.0,0.0,0.0,0.0,0.0,0.0,0.0,0.0,0.0,0.0,0.0,0.0,0.0,0.0
2026-01-25 16:02:42,3.6,18.7,running,9.3,0.9,33.2,0.4,42.4,0.0,11.2,0.9,1.8,2.7,2.3,0.4,1.3,4.5,0.9,2.7,1.3,3.1,3.6,0.4,0.9,0.0,1.8,0.9,1.8,2.2,3.1,7.6,2.2,4.0,2.2,6.7,0.9,0.9,1.8,3.1,3.1,0.4,2.7,2.2,4.0,0.0,0.0,2.7,1.3,1.3,3.1,2.7,0.0,0.0,0.0,0.0,0.0,0.0,0.0,0.0,0.0,0.0,0.0,0.0,0.0,0.0,0.0,0.0,0.0,0.0,0.0,0.0,0.0,0.0,0.0,0.0,0.0,0.0,0.0,0.0,0.0,0.0,0.0,0.0,0.0,0.0,0.0,0.0,0.0,0.0,0.0,0.0,0.0,0.0,0.0,0.0,0.0,0.0,0.0,0.0
2026-01-25 16:02:45,3.8,28.1,running,4.0,2.2,31.7,0.9,49.1,2.2,16.4,3.1,6.7,2.8,2.6,0.0,2.7,0.0,0.9,1.4,1.8,0.9,5.3,0.0,1.8,1.4,2.7,4.0,0.0,3.7,0.4,0.0,1.8,1.9,0.4,0.0,0.0,3.2,1.3,1.8,1.8,0.4,0.0,0.5,4.8,0.4,0.4,2.7,4.0,4.2,0.9,0.0,0.0,0.0,0.0,0.0,0.0,0.0,0.0,0.0,0.0,0.0,0.0,0.0,0.0,0.0,0.0,0.0,0.0,0.0,0.0,0.0,0.0,0.0,0.0,0.0,0.0,0.0,0.0,0.0,0.0,0.0,0.0,0.0,0.0,0.0,0.0,0.0,0.0,0.0,0.0,0.0,0.0,0.0,0.0,0.0,0.0,0.0,0.0,0.0
2026-01-25 16:02:49,3.7,34.3,running,6.7,2.2,33.2,0.0,48.7,0.4,14.7,4.0,5.8,0.9,1.3,0.4,1.8,1.2,1.8,0.0,4.9,0.9,3.6,0.4,1.3,0.9,3.6,0.0,7.1,0.0,2.2,2.7,7.0,0.9,0.9,0.9,0.9,0.0,3.6,1.3,0.9,0.0,1.8,2.1,1.8,3.5,3.5,4.0,4.0,0.0,0.0,2.7,0.0,0.0,0.0,0.0,0.0,0.0,0.0,0.0,0.0,0.0,0.0,0.0,0.0,0.0,0.0,0.0,0.0,0.0,0.0,0.0,0.0,0.0,0.0,0.0,0.0,0.0,0.0,0.0,0.0,0.0,0.0,0.0,0.0,0.0,0.0,0.0,0.0,0.0,0.0,0.0,0.0,0.0,0.0,0.0,0.0,0.0,0.0,0.0
2026-01-25 16:02:52,3.8,28.1,running,9.0,2.7,31.7,1.3,43.6,0.9,15.1,1.3,4.0,0.0,0.4,0.9,2.2,1.8,1.8,2.2,2.7,2.2,1.8,0.0,1.8,0.9,3.5,5.8,3.1,2.7,2.7,0.4,4.0,1.3,0.4,0.9,1.8,1.8,2.7,1.3,0.9,0.4,0.5,0.0,1.8,3.6,1.3,4.9,3.1,0.0,3.1,4.1,0.0,0.0,0.0,0.0,0.0,0.0,0.0,0.0,0.0,0.0,0.0,0.0,0.0,0.0,0.0,0.0,0.0,0.0,0.0,0.0,0.0,0.0,0.0,0.0,0.0,0.0,0.0,0.0,0.0,0.0,0.0,0.0,0.0,0.0,0.0,0.0,0.0,0.0,0.0,0.0,0.0,0.0,0.0,0.0,0.0,0.0,0.0,0.0
2026-01-25 16:02:56,4.1,21.9,running,8.0,2.2,32.6,1.3,48.0,0.9,12.0,4.9,6.2,0.5,2.2,0.0,1.3,0.4,0.0,0.9,4.0,0.0,0.0,0.4,0.9,1.3,4.4,5.3,3.1,0.9,0.9,2.2,5.8,1.8,3.5,3.1,0.0,3.6,4.0,4.4,0.9,3.6,2.2,1.3,0.5,0.0,0.9,3.6,2.2,2.2,0.4,0.0,0.0,0.0,0.0,0.0,0.0,0.0,0.0,0.0,0.0,0.0,0.0,0.0,0.0,0.0,0.0,0.0,0.0,0.0,0.0,0.0,0.0,0.0,0.0,0.0,0.0,0.0,0.0,0.0,0.0,0.0,0.0,0.0,0.0,0.0,0.0,0.0,0.0,0.0,0.0,0.0,0.0,0.0,0.0,0.0,0.0,0.0,0.0,0.0
2026-01-25 16:02:59,4.2,25.0,running,3.1,0.0,31.1,1.3,45.8,0.9,9.4,0.4,8.4,0.9,1.3,1.3,2.2,3.6,1.8,0.0,0.9,1.4,0.9,1.3,3.1,0.0,1.3,4.9,0.0,3.6,6.2,2.2,3.6,5.3,5.4,3.1,5.4,0.4,1.8,3.1,1.3,2.2,4.0,0.4,0.9,2.7,0.9,1.8,1.8,0.0,0.0,1.3,0.0,0.0,0.0,0.0,0.0,0.0,0.0,0.0,0.0,0.0,0.0,0.0,0.0,0.0,0.0,0.0,0.0,0.0,0.0,0.0,0.0,0.0,0.0,0.0,0.0,0.0,0.0,0.0,0.0,0.0,0.0,0.0,0.0,0.0,0.0,0.0,0.0,0.0,0.0,0.0,0.0,0.0,0.0,0.0,0.0,0.0,0.0,0.0
2026-01-25 16:03:03,4.4,31.2,running,11.0,2.2,34.9,0.5,46.5,0.0,12.0,8.0,11.6,0.4,4.0,1.8,2.7,0.4,5.3,0.4,4.5,0.8,0.9,0.4,1.8,2.7,1.3,2.7,1.8,4.0,3.6,0.0,4.5,2.6,3.6,0.0,3.5,1.8,1.8,0.4,0.0,3.6,0.9,0.0,1.8,4.4,0.0,2.2,3.1,2.7,1.3,1.3,0.0,0.0,0.0,0.0,0.0,0.0,0.0,0.0,0.0,0.0,0.0,0.0,0.0,0.0,0.0,0.0,0.0,0.0,0.0,0.0,0.0,0.0,0.0,0.0,0.0,0.0,0.0,0.0,0.0,0.0,0.0,0.0,0.0,0.0,0.0,0.0,0.0,0.0,0.0,0.0,0.0,0.0,0.0,0.0,0.0,0.0,0.0,0.0
2026-01-25 16:03:06,3.9,25.0,running,7.6,7.6,35.4,0.4,40.4,0.0,12.9,4.0,5.4,0.4,0.9,3.1,6.2,0.0,2.7,1.3,2.2,0.0,0.0,0.0,0.4,1.8,4.0,2.2,2.7,1.8,3.1,0.9,4.9,2.7,2.7,3.1,2.7,2.2,3.5,2.2,0.4,0.0,0.0,0.0,3.6,1.8,1.3,3.6,1.3,0.0,0.0,0.0,0.0,0.0,0.0,0.0,0.0,0.0,0.0,0.0,0.0,0.0,0.0,0.0,0.0,0.0,0.0,0.0,0.0,0.0,0.0,0.0,0.0,0.0,0.0,0.0,0.0,0.0,0.0,0.0,0.0,0.0,0.0,0.0,0.0,0.0,0.0,0.0,0.0,0.0,0.0,0.0,0.0,0.0,0.0,0.0,0.0,0.0,0.0,0.0
2026-01-25 16:03:10,5.6,37.5,running,6.6,5.8,42.6,0.4,46.7,0.0,15.6,3.1,10.2,0.9,4.0,0.4,4.8,0.4,0.9,0.4,3.6,0.9,1.8,2.2,3.1,2.2,1.8,5.4,1.8,2.2,2.7,0.0,9.0,6.2,18.7,0.0,4.9,0.4,2.2,6.6,2.2,0.9,3.1,0.4,4.9,0.4,1.3,3.1,0.4,0.9,1.3,0.9,0.0,0.0,0.0,0.0,0.0,0.0,0.0,0.0,0.0,0.0,0.0,0.0,0.0,0.0,0.0,0.0,0.0,0.0,0.0,0.0,0.0,0.0,0.0,0.0,0.0,0.0,0.0,0.0,0.0,0.0,0.0,0.0,0.0,0.0,0.0,0.0,0.0,0.0,0.0,0.0,0.0,0.0,0.0,0.0,0.0,0.0,0.0,0.0
2026-01-25 16:03:13,4.9,34.3,running,9.3,6.6,33.2,1.3,44.7,0.0,16.1,2.2,11.6,1.3,5.4,0.0,5.3,1.8,3.6,0.0,3.5,3.1,0.9,3.5,4.5,0.4,3.6,0.9,2.2,0.4,3.5,0.4,12.8,3.6,25.4,4.9,8.9,0.4,4.0,0.0,0.0,2.7,0.4,1.8,5.7,0.9,0.4,1.8,2.7,0.4,3.1,0.9,0.0,0.0,0.0,0.0,0.0,0.0,0.0,0.0,0.0,0.0,0.0,0.0,0.0,0.0,0.0,0.0,0.0,0.0,0.0,0.0,0.0,0.0,0.0,0.0,0.0,0.0,0.0,0.0,0.0,0.0,0.0,0.0,0.0,0.0,0.0,0.0,0.0,0.0,0.0,0.0,0.0,0.0,0.0,0.0,0.0,0.0,0.0,0.0
2026-01-25 16:03:17,3.5,12.5,running,6.2,1.3,27.6,3.1,47.8,0.0,11.2,4.5,4.5,0.0,2.2,0.4,2.7,0.0,2.2,3.6,0.0,0.9,0.0,3.6,0.9,0.4,0.4,1.8,3.6,2.2,4.0,0.4,4.0,0.4,2.7,0.4,2.2,0.4,1.8,0.0,0.9,4.0,1.8,0.9,1.8,0.4,1.3,3.1,2.7,4.0,0.9,0.9,0.0,0.0,0.0,0.0,0.0,0.0,0.0,0.0,0.0,0.0,0.0,0.0,0.0,0.0,0.0,0.0,0.0,0.0,0.0,0.0,0.0,0.0,0.0,0.0,0.0,0.0,0.0,0.0,0.0,0.0,0.0,0.0,0.0,0.0,0.0,0.0,0.0,0.0,0.0,0.0,0.0,0.0,0.0,0.0,0.0,0.0,0.0,0.0
2026-01-25 16:03:20,3.9,34.3,running,6.2,2.2,29.6,0.5,43.2,1.3,13.9,0.9,4.9,0.9,2.7,1.3,4.9,1.3,1.8,1.3,1.8,0.0,2.7,0.0,1.8,0.0,8.0,1.3,0.4,1.3,0.4,0.9,4.9,1.8,3.1,2.2,4.5,1.3,4.0,2.2,0.9,0.0,3.1,0.0,1.8,0.0,3.6,4.9,2.7,0.9,1.3,0.9,0.0,0.0,0.0,0.0,0.0,0.0,0.0,0.0,0.0,0.0,0.0,0.0,0.0,0.0,0.0,0.0,0.0,0.0,0.0,0.0,0.0,0.0,0.0,0.0,0.0,0.0,0.0,0.0,0.0,0.0,0.0,0.0,0.0,0.0,0.0,0.0,0.0,0.0,0.0,0.0,0.0,0.0,0.0,0.0,0.0,0.0,0.0,0.0
2026-01-25 16:03:24,3.6,34.4,running,4.4,1.3,27.1,0.0,54.2,0.0,12.4,2.2,4.5,0.4,0.4,3.6,0.4,0.9,2.7,0.9,0.9,0.4,3.6,0.0,1.3,0.4,3.1,1.8,5.8,2.7,2.2,1.3,1.8,1.3,1.8,0.0,0.9,0.0,2.3,1.3,1.3,0.9,0.0,1.8,0.0,3.9,4.9,4.0,4.4,0.0,3.6,3.5,0.0,0.0,0.0,0.0,0.0,0.0,0.0,0.0,0.0,0.0,0.0,0.0,0.0,0.0,0.0,0.0,0.0,0.0,0.0,0.0,0.0,0.0,0.0,0.0,0.0,0.0,0.0,0.0,0.0,0.0,0.0,0.0,0.0,0.0,0.0,0.0,0.0,0.0,0.0,0.0,0.0,0.0,0.0,0.0,0.0,0.0,0.0,0.0
2026-01-25 16:03:27,3.3,37.5,running,7.6,1.8,36.9,0.4,40.7,0.0,8.4,0.0,1.8,0.9,0.0,3.1,0.4,2.7,0.0,0.0,4.5,5.3,2.2,0.0,1.3,2.7,2.7,0.0,4.0,1.8,1.3,6.2,0.9,2.2,1.3,0.4,4.5,0.0,3.6,2.2,0.4,0.9,1.3,0.0,3.1,2.2,2.2,2.7,4.5,0.4,4.0,0.0,0.0,0.0,0.0,0.0,0.0,0.0,0.0,0.0,0.0,0.0,0.0,0.0,0.0,0.0,0.0,0.0,0.0,0.0,0.0,0.0,0.0,0.0,0.0,0.0,0.0,0.0,0.0,0.0,0.0,0.0,0.0,0.0,0.0,0.0,0.0,0.0,0.0,0.0,0.0,0.0,0.0,0.0,0.0,0.0,0.0,0.0,0.0,0.0
2026-01-25 16:03:31,3.9,31.2,running,8.0,0.4,33.9,0.4,39.8,0.0,12.1,2.2,6.2,4.0,5.4,2.7,2.7,0.4,1.8,0.0,1.3,1.3,0.4,0.0,1.8,0.9,3.1,1.3,5.4,1.8,0.4,5.4,1.8,2.2,0.0,0.9,3.1,4.0,4.0,1.8,0.9,1.8,3.1,2.2,0.9,3.6,0.9,2.2,2.2,1.8,1.4,0.4,0.0,0.0,0.0,0.0,0.0,0.0,0.0,0.0,0.0,0.0,0.0,0.0,0.0,0.0,0.0,0.0,0.0,0.0,0.0,0.0,0.0,0.0,0.0,0.0,0.0,0.0,0.0,0.0,0.0,0.0,0.0,0.0,0.0,0.0,0.0,0.0,0.0,0.0,0.0,0.0,0.0,0.0,0.0,0.0,0.0,0.0,0.0,0.0
2026-01-25 16:03:34,3.2,28.1,running,9.7,1.3,33.2,1.3,44.0,0.9,10.7,2.7,3.1,1.3,2.2,1.3,2.2,1.8,1.3,1.8,4.9,0.4,2.7,3.1,0.4,0.4,4.0,0.0,0.0,0.4,1.3,0.4,0.0,4.0,0.4,0.0,0.9,0.0,5.3,0.4,0.4,4.5,1.3,1.3,0.0,0.9,0.9,5.3,3.6,1.8,1.3,0.4,0.0,0.0,0.0,0.0,0.0,0.0,0.0,0.0,0.0,0.0,0.0,0.0,0.0,0.0,0.0,0.0,0.0,0.0,0.0,0.0,0.0,0.0,0.0,0.0,0.0,0.0,0.0,0.0,0.0,0.0,0.0,0.0,0.0,0.0,0.0,0.0,0.0,0.0,0.0,0.0,0.0,0.0,0.0,0.0,0.0,0.0,0.0,0.0
2026-01-25 16:03:38,3.9,18.7,running,8.0,0.4,34.8,1.3,43.4,0.4,7.1,4.0,4.0,0.4,4.0,0.9,3.1,0.9,4.9,6.3,4.4,0.0,1.3,0.4,2.7,0.9,4.0,7.5,0.9,0.0,0.4,0.4,0.9,7.1,1.8,2.2,0.0,1.8,3.6,0.4,7.1,0.0,3.1,0.4,0.4,0.9,1.3,4.5,1.8,0.0,2.2,0.0,0.0,0.0,0.0,0.0,0.0,0.0,0.0,0.0,0.0,0.0,0.0,0.0,0.0,0.0,0.0,0.0,0.0,0.0,0.0,0.0,0.0,0.0,0.0,0.0,0.0,0.0,0.0,0.0,0.0,0.0,0.0,0.0,0.0,0.0,0.0,0.0,0.0,0.0,0.0,0.0,0.0,0.0,0.0,0.0,0.0,0.0,0.0,0.0
2026-01-25 16:03:42,3.6,28.1,running,6.7,0.9,27.2,1.3,47.8,0.0,11.6,5.4,7.6,0.0,2.7,2.7,0.0,2.2,1.8,0.9,0.9,0.9,1.3,0.4,0.9,0.9,0.9,1.8,0.4,0.4,1.8,1.8,0.4,6.3,0.9,0.0,0.4,1.3,2.7,1.3,0.9,1.8,1.3,0.0,2.2,1.8,1.3,3.1,1.3,0.4,1.8,0.4,0.0,0.0,0.0,0.0,0.0,0.0,0.0,0.0,0.0,0.0,0.0,0.0,0.0,0.0,0.0,0.0,0.0,0.0,0.0,0.0,0.0,0.0,0.0,0.0,0.0,0.0,0.0,0.0,0.0,0.0,0.0,0.0,0.0,0.0,0.0,0.0,0.0,0.0,0.0,0.0,0.0,0.0,0.0,0.0,0.0,0.0,0.0,0.0
2026-01-25 16:03:45,3.6,25.0,running,7.6,0.0,35.3,0.9,44.2,1.4,8.9,4.4,2.7,0.0,1.3,1.3,4.0,1.8,1.8,2.2,2.7,0.9,1.3,2.7,0.9,1.3,1.8,1.3,1.8,4.9,1.8,2.7,2.2,2.7,0.4,2.2,3.5,0.4,2.2,0.4,1.8,1.8,0.0,3.1,0.0,3.1,0.4,0.9,1.3,4.4,0.9,0.0,0.0,0.0,0.0,0.0,0.0,0.0,0.0,0.0,0.0,0.0,0.0,0.0,0.0,0.0,0.0,0.0,0.0,0.0,0.0,0.0,0.0,0.0,0.0,0.0,0.0,0.0,0.0,0.0,0.0,0.0,0.0,0.0,0.0,0.0,0.0,0.0,0.0,0.0,0.0,0.0,0.0,0.0,0.0,0.0,0.0,0.0,0.0,0.0
2026-01-25 16:03:49,3.3,18.7,running,7.6,2.2,36.2,0.9,43.3,1.2,14.7,2.2,3.6,0.0,4.9,0.4,2.2,0.4,2.7,2.7,0.4,0.9,1.3,0.4,0.4,1.3,4.0,0.0,4.0,1.3,0.9,0.4,3.1,2.7,0.4,1.8,0.9,4.5,2.7,0.9,1.3,1.8,0.9,2.2,0.4,0.0,1.3,1.3,1.3,0.4,2.7,0.0,0.0,0.0,0.0,0.0,0.0,0.0,0.0,0.0,0.0,0.0,0.0,0.0,0.0,0.0,0.0,0.0,0.0,0.0,0.0,0.0,0.0,0.0,0.0,0.0,0.0,0.0,0.0,0.0,0.0,0.0,0.0,0.0,0.0,0.0,0.0,0.0,0.0,0.0,0.0,0.0,0.0,0.0,0.0,0.0,0.0,0.0,0.0,0.0
2026-01-25 16:03:52,4.2,31.2,running,8.0,3.6,34.8,0.0,41.2,2.2,12.4,2.2,4.4,0.9,1.3,2.2,1.8,2.7,0.4,4.0,4.9,3.1,0.9,0.4,0.4,0.4,1.8,3.6,1.8,2.2,6.6,0.9,0.0,0.0,0.9,1.3,0.5,1.9,3.6,1.8,0.4,4.3,4.1,1.3,1.4,0.5,1.8,6.2,7.5,3.6,0.9,0.0,0.0,0.0,0.0,0.0,0.0,0.0,0.0,0.0,0.0,0.0,0.0,0.0,0.0,0.0,0.0,0.0,0.0,0.0,0.0,0.0,0.0,0.0,0.0,0.0,0.0,0.0,0.0,0.0,0.0,0.0,0.0,0.0,0.0,0.0,0.0,0.0,0.0,0.0,0.0,0.0,0.0,0.0,0.0,0.0,0.0,0.0,0.0,0.0
2026-01-25 16:03:56,3.6,28.1,running,2.2,2.2,30.1,2.2,46.2,0.9,16.1,0.0,2.7,0.4,3.6,0.0,2.2,2.2,0.9,1.3,0.4,0.0,3.1,0.9,1.8,0.0,1.3,0.0,0.4,0.4,2.2,6.2,0.9,1.2,0.0,4.0,0.9,1.2,6.7,1.3,0.9,0.8,0.4,6.7,2.2,0.0,0.9,0.4,7.0,0.9,0.9,0.4,0.0,0.0,0.0,0.0,0.0,0.0,0.0,0.0,0.0,0.0,0.0,0.0,0.0,0.0,0.0,0.0,0.0,0.0,0.0,0.0,0.0,0.0,0.0,0.0,0.0,0.0,0.0,0.0,0.0,0.0,0.0,0.0,0.0,0.0,0.0,0.0,0.0,0.0,0.0,0.0,0.0,0.0,0.0,0.0,0.0,0.0,0.0,0.0
2026-01-25 16:03:59,3.8,25.0,running,8.0,0.0,36.1,1.3,41.9,0.0,10.3,2.7,2.7,0.0,0.4,1.8,2.7,0.4,0.9,0.0,7.6,1.8,0.9,0.9,1.8,2.2,1.8,2.2,2.7,0.0,6.3,0.4,0.4,4.0,0.9,2.2,4.9,0.9,6.2,2.2,2.7,0.9,4.9,0.4,3.1,0.0,4.9,2.2,5.7,1.3,7.1,0.4,0.0,0.0,0.0,0.0,0.0,0.0,0.0,0.0,0.0,0.0,0.0,0.0,0.0,0.0,0.0,0.0,0.0,0.0,0.0,0.0,0.0,0.0,0.0,0.0,0.0,0.0,0.0,0.0,0.0,0.0,0.0,0.0,0.0,0.0,0.0,0.0,0.0,0.0,0.0,0.0,0.0,0.0,0.0,0.0,0.0,0.0,0.0,0.0
2026-01-25 16:04:03,4.1,21.8,running,7.1,2.2,37.0,1.8,45.3,1.7,13.3,1.8,4.9,1.3,0.9,5.3,4.0,0.0,2.2,0.4,1.8,1.3,2.2,0.9,2.2,0.9,3.1,0.0,1.3,2.7,4.0,1.8,1.3,1.8,2.2,0.0,0.0,1.8,7.1,2.2,1.3,1.3,1.3,0.9,0.4,1.8,1.3,4.0,7.1,3.5,3.1,0.0,0.0,0.0,0.0,0.0,0.0,0.0,0.0,0.0,0.0,0.0,0.0,0.0,0.0,0.0,0.0,0.0,0.0,0.0,0.0,0.0,0.0,0.0,0.0,0.0,0.0,0.0,0.0,0.0,0.0,0.0,0.0,0.0,0.0,0.0,0.0,0.0,0.0,0.0,0.0,0.0,0.0,0.0,0.0,0.0,0.0,0.0,0.0,0.0
2026-01-25 16:04:06,3.6,37.5,running,9.3,0.4,35.7,0.4,40.4,0.4,13.0,7.1,7.6,3.6,3.6,0.5,2.2,0.4,0.9,0.0,2.7,1.8,2.2,0.0,1.3,1.8,1.3,0.9,4.5,0.0,1.8,0.9,0.9,5.4,1.3,0.4,0.0,2.7,5.4,4.4,1.8,5.3,5.4,0.9,0.9,2.2,1.3,2.2,0.9,1.3,0.4,0.0,0.0,0.0,0.0,0.0,0.0,0.0,0.0,0.0,0.0,0.0,0.0,0.0,0.0,0.0,0.0,0.0,0.0,0.0,0.0,0.0,0.0,0.0,0.0,0.0,0.0,0.0,0.0,0.0,0.0,0.0,0.0,0.0,0.0,0.0,0.0,0.0,0.0,0.0,0.0,0.0,0.0,0.0,0.0,0.0,0.0,0.0,0.0,0.0
2026-01-25 16:04:10,3.4,28.1,running,8.9,0.4,35.2,0.0,45.8,0.4,14.5,4.0,3.5,2.2,2.6,0.0,0.9,0.9,3.6,4.5,1.8,2.2,1.3,4.4,0.4,0.4,1.8,0.0,5.8,1.3,2.7,2.2,1.4,1.8,0.4,0.0,1.3,1.8,4.9,0.4,0.9,0.4,0.0,2.7,0.0,0.0,0.0,3.1,3.6,1.8,0.4,0.0,0.0,0.0,0.0,0.0,0.0,0.0,0.0,0.0,0.0,0.0,0.0,0.0,0.0,0.0,0.0,0.0,0.0,0.0,0.0,0.0,0.0,0.0,0.0,0.0,0.0,0.0,0.0,0.0,0.0,0.0,0.0,0.0,0.0,0.0,0.0,0.0,0.0,0.0,0.0,0.0,0.0,0.0,0.0,0.0,0.0,0.0,0.0,0.0
2026-01-25 16:04:13,3.7,21.9,running,6.2,0.9,33.6,0.0,42.9,0.0,11.2,7.5,3.1,0.0,2.2,0.9,4.0,0.0,3.1,1.8,6.2,0.0,7.1,0.9,1.8,0.0,5.3,1.3,0.0,0.4,0.4,4.0,0.9,1.8,2.2,3.6,2.2,5.8,6.2,4.0,1.8,1.3,2.7,0.4,0.0,0.4,0.4,4.0,3.1,0.0,2.2,0.0,0.0,0.0,0.0,0.0,0.0,0.0,0.0,0.0,0.0,0.0,0.0,0.0,0.0,0.0,0.0,0.0,0.0,0.0,0.0,0.0,0.0,0.0,0.0,0.0,0.0,0.0,0.0,0.0,0.0,0.0,0.0,0.0,0.0,0.0,0.0,0.0,0.0,0.0,0.0,0.0,0.0,0.0,0.0,0.0,0.0,0.0,0.0,0.0
2026-01-25 16:04:17,3.9,34.3,running,8.0,0.0,30.4,1.8,16.1,0.4,6.7,2.7,3.1,2.2,0.9,0.9,3.1,1.3,6.7,0.4,0.4,0.0,3.6,1.3,0.9,0.0,0.9,3.1,0.4,1.3,0.9,1.8,0.4,5.3,0.9,46.0,7.1,0.4,4.9,0.4,2.7,1.8,0.4,0.4,0.0,0.4,0.0,1.3,0.9,0.9,4.0,0.0,0.0,0.0,0.0,0.0,0.0,0.0,0.0,0.0,0.0,0.0,0.0,0.0,0.0,0.0,0.0,0.0,0.0,0.0,0.0,0.0,0.0,0.0,0.0,0.0,0.0,0.0,0.0,0.0,0.0,0.0,0.0,0.0,0.0,0.0,0.0,0.0,0.0,0.0,0.0,0.0,0.0,0.0,0.0,0.0,0.0,0.0,0.0,0.0
2026-01-25 16:04:20,4.5,28.1,running,8.4,1.8,40.8,0.4,7.6,1.3,3.1,4.5,5.3,0.0,6.7,0.0,2.7,0.4,0.0,3.6,4.0,0.4,0.9,0.9,1.3,1.8,1.3,6.6,2.7,8.0,0.9,1.8,2.7,1.3,1.3,36.4,3.1,0.4,10.1,0.9,0.9,0.0,2.7,2.7,0.4,0.0,0.0,3.5,5.8,0.0,3.6,0.0,0.0,0.0,0.0,0.0,0.0,0.0,0.0,0.0,0.0,0.0,0.0,0.0,0.0,0.0,0.0,0.0,0.0,0.0,0.0,0.0,0.0,0.0,0.0,0.0,0.0,0.0,0.0,0.0,0.0,0.0,0.0,0.0,0.0,0.0,0.0,0.0,0.0,0.0,0.0,0.0,0.0,0.0,0.0,0.0,0.0,0.0,0.0,0.0
2026-01-25 16:04:24,3.7,34.3,running,7.0,2.7,33.9,0.0,4.0,0.9,1.3,4.4,4.9,3.6,0.4,2.7,3.6,1.3,0.0,0.4,0.9,0.9,0.0,2.7,2.7,0.4,0.9,4.9,0.9,0.9,1.3,3.1,5.3,4.4,0.4,46.2,0.9,0.0,8.4,1.3,1.3,1.3,0.4,2.2,0.4,0.4,1.8,1.3,2.7,0.4,6.7,0.9,0.0,0.0,0.0,0.0,0.0,0.0,0.0,0.0,0.0,0.0,0.0,0.0,0.0,0.0,0.0,0.0,0.0,0.0,0.0,0.0,0.0,0.0,0.0,0.0,0.0,0.0,0.0,0.0,0.0,0.0,0.0,0.0,0.0,0.0,0.0,0.0,0.0,0.0,0.0,0.0,0.0,0.0,0.0,0.0,0.0,0.0,0.0,0.0
2026-01-25 16:04:27,4.3,25.0,running,4.9,3.1,34.4,0.4,7.2,0.0,4.9,5.8,7.1,1.3,1.3,2.2,0.0,0.9,0.0,0.9,1.3,1.3,3.1,2.3,4.0,0.0,0.0,1.3,4.4,0.0,3.6,0.9,4.4,5.8,0.4,45.4,5.8,0.0,7.6,3.6,2.2,1.3,2.2,1.8,1.3,0.0,2.3,2.7,3.6,0.0,0.8,6.2,0.0,0.0,0.0,0.0,0.0,0.0,0.0,0.0,0.0,0.0,0.0,0.0,0.0,0.0,0.0,0.0,0.0,0.0,0.0,0.0,0.0,0.0,0.0,0.0,0.0,0.0,0.0,0.0,0.0,0.0,0.0,0.0,0.0,0.0,0.0,0.0,0.0,0.0,0.0,0.0,0.0,0.0,0.0,0.0,0.0,0.0,0.0,0.0
2026-01-25 16:04:31,3.7,25.0,running,6.2,0.9,34.7,0.0,10.7,3.5,1.8,1.3,2.2,0.9,3.1,2.7,1.8,0.9,0.9,0.4,0.0,0.0,1.8,2.7,1.3,2.2,2.2,1.3,0.0,1.3,4.4,2.2,0.9,1.8,0.9,45.5,4.4,3.6,4.9,1.8,1.3,0.9,3.1,0.0,0.4,5.3,0.0,4.8,2.2,0.4,0.4,4.4,0.0,0.0,0.0,0.0,0.0,0.0,0.0,0.0,0.0,0.0,0.0,0.0,0.0,0.0,0.0,0.0,0.0,0.0,0.0,0.0,0.0,0.0,0.0,0.0,0.0,0.0,0.0,0.0,0.0,0.0,0.0,0.0,0.0,0.0,0.0,0.0,0.0,0.0,0.0,0.0,0.0,0.0,0.0,0.0,0.0,0.0,0.0,0.0
2026-01-25 16:04:34,3.9,25.0,running,4.9,0.4,36.9,0.0,8.5,0.4,3.6,4.4,4.9,0.9,3.6,0.9,0.0,3.1,3.1,0.0,6.7,0.0,1.8,0.0,2.2,0.0,1.8,6.2,3.1,1.8,2.2,0.4,0.9,4.9,0.4,44.2,9.8,0.4,4.0,1.8,0.4,3.6,4.0,0.0,0.0,1.3,0.0,4.4,0.9,0.0,2.2,0.0,0.0,0.0,0.0,0.0,0.0,0.0,0.0,0.0,0.0,0.0,0.0,0.0,0.0,0.0,0.0,0.0,0.0,0.0,0.0,0.0,0.0,0.0,0.0,0.0,0.0,0.0,0.0,0.0,0.0,0.0,0.0,0.0,0.0,0.0,0.0,0.0,0.0,0.0,0.0,0.0,0.0,0.0,0.0,0.0,0.0,0.0,0.0,0.0
2026-01-25 16:04:38,4.0,31.2,running,5.8,0.0,34.2,0.0,4.9,2.2,2.2,2.7,1.8,1.3,1.8,3.6,3.6,6.2,1.3,0.0,3.5,1.3,0.9,0.0,2.2,0.9,2.2,0.4,0.0,0.4,2.2,3.1,4.0,2.2,1.3,42.7,5.4,3.5,4.9,1.3,3.1,5.3,5.4,3.1,0.4,0.4,0.0,1.3,2.2,0.0,4.5,2.7,0.0,0.0,0.0,0.0,0.0,0.0,0.0,0.0,0.0,0.0,0.0,0.0,0.0,0.0,0.0,0.0,0.0,0.0,0.0,0.0,0.0,0.0,0.0,0.0,0.0,0.0,0.0,0.0,0.0,0.0,0.0,0.0,0.0,0.0,0.0,0.0,0.0,0.0,0.0,0.0,0.0,0.0,0.0,0.0,0.0,0.0,0.0,0.0
2026-01-25 16:04:41,4.0,31.2,running,7.0,0.9,33.9,0.0,9.8,0.0,2.7,5.8,3.1,1.3,1.8,2.2,1.3,0.9,0.5,0.0,0.0,3.1,2.2,1.8,0.4,0.4,1.8,0.9,0.9,4.9,5.8,1.8,2.2,0.0,0.0,42.2,2.2,0.0,5.4,0.0,0.9,0.0,4.9,6.7,1.8,7.1,0.0,4.4,2.7,0.0,3.6,6.7,0.0,0.0,0.0,0.0,0.0,0.0,0.0,0.0,0.0,0.0,0.0,0.0,0.0,0.0,0.0,0.0,0.0,0.0,0.0,0.0,0.0,0.0,0.0,0.0,0.0,0.0,0.0,0.0,0.0,0.0,0.0,0.0,0.0,0.0,0.0,0.0,0.0,0.0,0.0,0.0,0.0,0.0,0.0,0.0,0.0,0.0,0.0,0.0
2026-01-25 16:04:45,4.7,25.0,running,6.7,3.6,34.8,0.0,14.8,4.9,6.7,6.2,6.3,2.7,2.7,0.0,0.9,1.8,1.7,0.4,0.0,0.4,2.7,1.3,1.3,1.3,4.0,3.6,4.9,1.3,7.5,2.7,2.2,0.4,0.9,45.8,4.0,4.9,4.9,1.8,0.4,0.0,0.4,2.2,2.2,0.0,2.7,5.8,1.8,0.9,1.3,0.0,0.0,0.0,0.0,0.0,0.0,0.0,0.0,0.0,0.0,0.0,0.0,0.0,0.0,0.0,0.0,0.0,0.0,0.0,0.0,0.0,0.0,0.0,0.0,0.0,0.0,0.0,0.0,0.0,0.0,0.0,0.0,0.0,0.0,0.0,0.0,0.0,0.0,0.0,0.0,0.0,0.0,0.0,0.0,0.0,0.0,0.0,0.0,0.0
2026-01-25 16:04:48,3.7,31.2,running,4.9,0.4,38.2,0.0,8.8,0.4,2.2,4.9,2.2,0.0,2.2,0.0,1.3,2.3,0.4,7.6,0.4,3.6,0.4,3.6,0.9,3.1,2.2,0.9,5.3,0.4,3.6,0.9,2.7,4.9,0.9,43.4,6.2,1.3,4.0,0.4,2.7,0.9,2.7,2.7,0.5,0.0,0.4,0.4,6.2,0.0,0.4,0.9,0.0,0.0,0.0,0.0,0.0,0.0,0.0,0.0,0.0,0.0,0.0,0.0,0.0,0.0,0.0,0.0,0.0,0.0,0.0,0.0,0.0,0.0,0.0,0.0,0.0,0.0,0.0,0.0,0.0,0.0,0.0,0.0,0.0,0.0,0.0,0.0,0.0,0.0,0.0,0.0,0.0,0.0,0.0,0.0,0.0,0.0,0.0,0.0
2026-01-25 16:04:52,4.1,25.0,running,8.4,3.1,39.6,0.0,14.7,2.7,4.0,4.0,6.2,0.0,11.2,0.0,2.2,0.4,5.3,0.0,1.3,3.6,0.4,0.0,0.9,1.3,0.9,4.0,0.9,1.8,5.4,4.0,4.9,2.2,0.0,37.8,3.1,0.0,4.5,2.2,2.2,0.9,0.0,1.3,0.0,0.0,2.2,1.3,2.2,0.0,4.9,3.6,0.0,0.0,0.0,0.0,0.0,0.0,0.0,0.0,0.0,0.0,0.0,0.0,0.0,0.0,0.0,0.0,0.0,0.0,0.0,0.0,0.0,0.0,0.0,0.0,0.0,0.0,0.0,0.0,0.0,0.0,0.0,0.0,0.0,0.0,0.0,0.0,0.0,0.0,0.0,0.0,0.0,0.0,0.0,0.0,0.0,0.0,0.0,0.0
2026-01-25 16:04:55,3.6,34.3,running,9.8,0.4,36.4,0.9,6.2,2.2,3.6,5.8,1.8,1.8,3.1,3.1,3.1,1.8,1.8,1.3,1.8,2.7,2.7,0.0,0.9,0.0,1.3,0.4,0.9,1.3,2.2,0.4,2.7,6.2,0.9,37.3,3.1,0.0,2.7,2.2,3.1,1.8,0.4,4.0,2.2,1.3,1.3,1.3,6.2,1.8,2.2,0.0,0.0,0.0,0.0,0.0,0.0,0.0,0.0,0.0,0.0,0.0,0.0,0.0,0.0,0.0,0.0,0.0,0.0,0.0,0.0,0.0,0.0,0.0,0.0,0.0,0.0,0.0,0.0,0.0,0.0,0.0,0.0,0.0,0.0,0.0,0.0,0.0,0.0,0.0,0.0,0.0,0.0,0.0,0.0,0.0,0.0,0.0,0.0,0.0
2026-01-25 16:04:59,3.9,37.5,running,9.8,1.3,35.7,0.0,14.3,0.4,3.6,2.7,1.3,0.9,5.3,0.0,3.1,0.0,1.8,0.4,0.9,0.9,3.9,0.4,1.3,2.2,1.3,2.2,0.0,0.0,1.3,1.3,1.8,3.1,2.7,38.9,10.6,0.0,5.4,0.9,4.4,0.9,0.4,0.0,1.3,4.4,1.3,1.3,5.8,1.3,1.3,5.3,0.0,0.0,0.0,0.0,0.0,0.0,0.0,0.0,0.0,0.0,0.0,0.0,0.0,0.0,0.0,0.0,0.0,0.0,0.0,0.0,0.0,0.0,0.0,0.0,0.0,0.0,0.0,0.0,0.0,0.0,0.0,0.0,0.0,0.0,0.0,0.0,0.0,0.0,0.0,0.0,0.0,0.0,0.0,0.0,0.0,0.0,0.0,0.0
2026-01-25 16:05:02,3.9,25.0,running,5.3,0.4,36.4,0.0,9.4,0.9,2.2,4.0,2.2,0.4,1.8,0.0,0.4,1.8,0.0,3.1,0.4,0.9,4.9,0.0,1.3,0.0,1.3,0.4,4.0,2.2,3.1,1.8,4.0,1.3,0.4,47.6,4.5,0.4,4.0,2.2,0.4,5.3,4.9,4.9,1.3,2.7,3.5,1.3,2.7,2.7,0.0,2.7,0.0,0.0,0.0,0.0,0.0,0.0,0.0,0.0,0.0,0.0,0.0,0.0,0.0,0.0,0.0,0.0,0.0,0.0,0.0,0.0,0.0,0.0,0.0,0.0,0.0,0.0,0.0,0.0,0.0,0.0,0.0,0.0,0.0,0.0,0.0,0.0,0.0,0.0,0.0,0.0,0.0,0.0,0.0,0.0,0.0,0.0,0.0,0.0
2026-01-25 16:05:06,4.4,34.4,running,8.4,1.3,36.9,0.0,8.8,2.7,3.6,7.5,2.7,0.4,4.0,4.9,2.7,0.0,2.7,2.7,0.9,0.4,3.6,0.0,2.2,4.0,2.2,0.9,2.2,0.4,1.3,2.2,3.1,7.6,0.9,43.8,4.9,0.0,5.3,2.2,1.3,3.6,1.3,0.0,3.1,0.9,2.2,4.0,7.1,0.0,0.9,0.9,0.0,0.0,0.0,0.0,0.0,0.0,0.0,0.0,0.0,0.0,0.0,0.0,0.0,0.0,0.0,0.0,0.0,0.0,0.0,0.0,0.0,0.0,0.0,0.0,0.0,0.0,0.0,0.0,0.0,0.0,0.0,0.0,0.0,0.0,0.0,0.0,0.0,0.0,0.0,0.0,0.0,0.0,0.0,0.0,0.0,0.0,0.0,0.0
2026-01-25 16:05:09,3.9,34.4,running,7.1,2.2,32.7,0.0,8.0,0.0,4.9,2.7,5.8,0.9,1.3,1.8,4.4,3.1,3.1,0.0,4.0,2.2,1.3,0.0,1.3,0.4,3.1,0.0,0.4,1.8,2.2,0.0,0.4,2.7,1.3,47.1,5.8,0.8,2.7,1.3,3.6,2.7,4.9,2.7,2.2,0.0,1.8,3.1,1.3,1.8,0.9,2.2,0.0,0.0,0.0,0.0,0.0,0.0,0.0,0.0,0.0,0.0,0.0,0.0,0.0,0.0,0.0,0.0,0.0,0.0,0.0,0.0,0.0,0.0,0.0,0.0,0.0,0.0,0.0,0.0,0.0,0.0,0.0,0.0,0.0,0.0,0.0,0.0,0.0,0.0,0.0,0.0,0.0,0.0,0.0,0.0,0.0,0.0,0.0,0.0
2026-01-25 16:05:13,4.1,21.8,running,12.4,2.2,36.4,0.0,13.8,0.0,1.3,3.6,5.8,0.0,7.5,2.7,2.2,2.7,1.8,3.1,1.3,1.3,2.2,1.8,1.8,4.0,2.2,1.3,5.8,0.0,3.6,6.2,2.7,2.2,0.9,43.3,1.8,0.9,2.7,1.8,2.2,0.0,3.6,7.6,0.0,0.9,2.7,3.6,3.1,0.4,2.2,4.0,0.0,0.0,0.0,0.0,0.0,0.0,0.0,0.0,0.0,0.0,0.0,0.0,0.0,0.0,0.0,0.0,0.0,0.0,0.0,0.0,0.0,0.0,0.0,0.0,0.0,0.0,0.0,0.0,0.0,0.0,0.0,0.0,0.0,0.0,0.0,0.0,0.0,0.0,0.0,0.0,0.0,0.0,0.0,0.0,0.0,0.0,0.0,0.0
2026-01-25 16:05:16,4.5,28.1,running,5.8,4.0,41.2,0.0,9.8,3.1,6.2,3.1,5.3,2.2,2.7,0.9,0.0,2.7,0.9,2.7,0.5,0.9,2.2,0.4,1.8,1.8,2.2,0.0,0.0,1.8,1.8,0.0,0.0,0.0,0.4,44.7,7.1,1.3,4.0,3.1,2.7,3.6,2.2,1.3,2.7,2.0,0.4,1.8,0.4,0.0,0.4,3.6,0.0,0.0,0.0,0.0,0.0,0.0,0.0,0.0,0.0,0.0,0.0,0.0,0.0,0.0,0.0,0.0,0.0,0.0,0.0,0.0,0.0,0.0,0.0,0.0,0.0,0.0,0.0,0.0,0.0,0.0,0.0,0.0,0.0,0.0,0.0,0.0,0.0,0.0,0.0,0.0,0.0,0.0,0.0,0.0,0.0,0.0,0.0,0.0
2026-01-25 16:05:20,3.7,34.4,running,8.0,1.8,34.8,0.0,4.5,2.7,1.8,5.4,2.7,0.0,2.7,4.0,0.9,0.9,0.4,0.9,1.7,0.4,3.1,0.4,2.7,0.4,0.0,0.0,0.9,0.0,0.4,5.8,2.2,3.5,0.0,42.2,4.0,0.9,4.9,2.7,3.1,0.0,3.6,1.8,1.3,1.6,0.0,2.7,4.9,4.0,4.8,3.5,0.0,0.0,0.0,0.0,0.0,0.0,0.0,0.0,0.0,0.0,0.0,0.0,0.0,0.0,0.0,0.0,0.0,0.0,0.0,0.0,0.0,0.0,0.0,0.0,0.0,0.0,0.0,0.0,0.0,0.0,0.0,0.0,0.0,0.0,0.0,0.0,0.0,0.0,0.0,0.0,0.0,0.0,0.0,0.0,0.0,0.0,0.0,0.0
2026-01-25 16:05:23,3.7,28.1,running,8.8,2.2,40.0,1.8,15.1,4.0,7.6,3.5,3.1,0.9,1.8,0.4,0.0,2.2,6.7,0.9,1.3,1.8,4.0,0.9,1.8,4.4,2.2,1.3,1.3,0.0,3.1,1.3,1.8,0.4,0.4,44.2,4.5,0.0,6.2,2.2,1.8,1.3,4.9,0.4,1.8,0.0,1.3,2.7,2.2,2.2,1.8,3.6,0.0,0.0,0.0,0.0,0.0,0.0,0.0,0.0,0.0,0.0,0.0,0.0,0.0,0.0,0.0,0.0,0.0,0.0,0.0,0.0,0.0,0.0,0.0,0.0,0.0,0.0,0.0,0.0,0.0,0.0,0.0,0.0,0.0,0.0,0.0,0.0,0.0,0.0,0.0,0.0,0.0,0.0,0.0,0.0,0.0,0.0,0.0,0.0
2026-01-25 16:05:27,4.0,31.2,running,5.4,2.2,32.1,0.0,9.3,2.2,4.5,4.9,2.7,2.2,2.2,2.2,0.0,1.3,0.9,0.0,0.4,0.0,0.0,5.3,1.8,0.0,4.0,3.1,0.9,1.8,0.4,1.3,2.2,4.0,0.0,44.4,5.8,0.9,4.0,0.0,0.0,0.9,3.6,2.2,1.3,0.9,2.7,2.2,2.2,1.3,1.3,0.9,0.0,0.0,0.0,0.0,0.0,0.0,0.0,0.0,0.0,0.0,0.0,0.0,0.0,0.0,0.0,0.0,0.0,0.0,0.0,0.0,0.0,0.0,0.0,0.0,0.0,0.0,0.0,0.0,0.0,0.0,0.0,0.0,0.0,0.0,0.0,0.0,0.0,0.0,0.0,0.0,0.0,0.0,0.0,0.0,0.0,0.0,0.0,0.0
2026-01-25 16:05:30,4.5,37.5,running,10.2,3.6,34.5,3.1,12.6,0.9,4.4,4.4,1.8,1.8,1.3,3.1,0.9,1.3,0.4,0.9,0.4,0.4,0.4,0.0,2.7,1.3,4.1,3.1,1.8,0.4,2.2,0.0,1.8,4.5,0.9,37.8,3.1,0.9,3.6,0.9,1.8,3.1,6.2,1.3,6.7,2.2,0.9,2.7,2.7,2.7,0.0,4.5,0.0,0.0,0.0,0.0,0.0,0.0,0.0,0.0,0.0,0.0,0.0,0.0,0.0,0.0,0.0,0.0,0.0,0.0,0.0,0.0,0.0,0.0,0.0,0.0,0.0,0.0,0.0,0.0,0.0,0.0,0.0,0.0,0.0,0.0,0.0,0.0,0.0,0.0,0.0,0.0,0.0,0.0,0.0,0.0,0.0,0.0,0.0,0.0
2026-01-25 16:05:34,3.4,18.7,running,4.0,0.0,32.0,0.0,7.1,0.0,3.6,4.0,1.3,2.7,3.1,6.6,3.6,4.4,0.4,0.0,0.0,0.9,0.0,1.3,1.8,1.8,1.8,4.0,0.4,4.9,1.8,0.0,0.0,3.1,0.4,38.8,2.2,1.8,8.5,4.0,3.1,0.0,0.0,1.3,3.1,5.4,1.8,4.0,0.4,0.4,0.0,0.4,0.0,0.0,0.0,0.0,0.0,0.0,0.0,0.0,0.0,0.0,0.0,0.0,0.0,0.0,0.0,0.0,0.0,0.0,0.0,0.0,0.0,0.0,0.0,0.0,0.0,0.0,0.0,0.0,0.0,0.0,0.0,0.0,0.0,0.0,0.0,0.0,0.0,0.0,0.0,0.0,0.0,0.0,0.0,0.0,0.0,0.0,0.0,0.0
2026-01-25 16:05:37,4.2,25.0,running,7.1,0.9,32.2,0.0,12.5,0.4,4.0,2.7,2.7,2.7,0.9,2.8,0.4,2.7,0.4,4.9,0.9,3.1,0.5,3.5,0.9,2.2,1.8,0.9,3.6,3.1,0.4,0.0,0.0,1.3,0.5,40.1,3.6,1.8,6.2,2.6,0.9,0.0,0.0,0.9,1.3,1.3,0.9,4.0,3.6,5.4,1.3,4.5,0.0,0.0,0.0,0.0,0.0,0.0,0.0,0.0,0.0,0.0,0.0,0.0,0.0,0.0,0.0,0.0,0.0,0.0,0.0,0.0,0.0,0.0,0.0,0.0,0.0,0.0,0.0,0.0,0.0,0.0,0.0,0.0,0.0,0.0,0.0,0.0,0.0,0.0,0.0,0.0,0.0,0.0,0.0,0.0,0.0,0.0,0.0,0.0
2026-01-25 16:05:41,3.7,28.1,running,4.5,3.6,35.4,1.3,11.2,0.0,4.9,4.0,1.8,1.3,0.4,0.0,0.4,0.4,0.0,2.2,0.0,2.2,0.4,4.5,0.4,2.7,2.7,6.7,3.1,5.3,2.7,1.3,1.8,1.3,1.3,44.4,1.3,1.3,2.7,0.4,1.8,0.9,3.5,0.4,1.3,0.0,0.0,2.2,0.4,3.6,1.8,0.9,0.0,0.0,0.0,0.0,0.0,0.0,0.0,0.0,0.0,0.0,0.0,0.0,0.0,0.0,0.0,0.0,0.0,0.0,0.0,0.0,0.0,0.0,0.0,0.0,0.0,0.0,0.0,0.0,0.0,0.0,0.0,0.0,0.0,0.0,0.0,0.0,0.0,0.0,0.0,0.0,0.0,0.0,0.0,0.0,0.0,0.0,0.0,0.0
2026-01-25 16:05:44,3.4,28.1,running,4.9,0.4,30.2,0.0,5.3,2.2,3.6,3.1,2.7,0.0,0.9,0.9,0.9,1.3,0.4,3.1,0.9,3.1,1.8,1.3,1.8,0.0,0.9,1.3,0.9,0.9,1.3,1.8,0.9,2.7,0.4,46.2,2.2,2.2,3.1,1.8,4.9,3.1,3.6,0.4,0.9,1.3,2.7,4.9,8.3,1.3,2.2,1.3,0.0,0.0,0.0,0.0,0.0,0.0,0.0,0.0,0.0,0.0,0.0,0.0,0.0,0.0,0.0,0.0,0.0,0.0,0.0,0.0,0.0,0.0,0.0,0.0,0.0,0.0,0.0,0.0,0.0,0.0,0.0,0.0,0.0,0.0,0.0,0.0,0.0,0.0,0.0,0.0,0.0,0.0,0.0,0.0,0.0,0.0,0.0,0.0
2026-01-25 16:05:48,4.3,34.3,running,12.8,1.3,36.2,0.0,6.7,0.4,4.5,3.6,2.2,0.0,1.8,0.9,0.9,0.9,1.8,2.7,0.4,2.2,0.9,3.1,1.8,0.4,2.2,0.4,1.3,1.8,0.9,1.3,5.8,5.3,0.9,44.4,5.3,1.3,1.3,4.9,1.8,4.9,6.2,0.9,2.7,2.7,0.9,4.0,2.2,0.4,4.0,2.3,0.0,0.0,0.0,0.0,0.0,0.0,0.0,0.0,0.0,0.0,0.0,0.0,0.0,0.0,0.0,0.0,0.0,0.0,0.0,0.0,0.0,0.0,0.0,0.0,0.0,0.0,0.0,0.0,0.0,0.0,0.0,0.0,0.0,0.0,0.0,0.0,0.0,0.0,0.0,0.0,0.0,0.0,0.0,0.0,0.0,0.0,0.0,0.0
2026-01-25 16:05:51,3.9,28.1,running,6.6,0.0,35.6,0.0,10.7,0.0,3.6,0.4,1.8,2.7,1.8,3.6,3.1,2.2,4.5,2.4,0.9,1.8,0.0,3.6,0.4,0.4,1.3,4.0,4.9,0.0,3.5,0.4,0.4,0.9,1.3,46.5,9.3,1.3,4.0,3.6,1.8,0.4,1.3,0.9,0.4,0.0,1.3,3.1,2.2,1.8,2.7,0.0,0.0,0.0,0.0,0.0,0.0,0.0,0.0,0.0,0.0,0.0,0.0,0.0,0.0,0.0,0.0,0.0,0.0,0.0,0.0,0.0,0.0,0.0,0.0,0.0,0.0,0.0,0.0,0.0,0.0,0.0,0.0,0.0,0.0,0.0,0.0,0.0,0.0,0.0,0.0,0.0,0.0,0.0,0.0,0.0,0.0,0.0,0.0,0.0
2026-01-25 16:05:55,4.4,34.3,running,10.6,0.9,32.1,0.0,7.6,4.9,5.8,4.0,4.4,0.0,1.3,5.4,0.4,2.7,0.9,0.0,0.0,0.4,4.9,0.0,1.3,0.0,1.3,4.9,0.5,0.9,9.5,4.0,0.9,1.3,2.7,44.7,4.9,6.2,2.7,4.5,2.2,1.3,0.0,1.3,0.4,0.0,3.6,2.7,1.8,0.0,0.4,0.0,0.0,0.0,0.0,0.0,0.0,0.0,0.0,0.0,0.0,0.0,0.0,0.0,0.0,0.0,0.0,0.0,0.0,0.0,0.0,0.0,0.0,0.0,0.0,0.0,0.0,0.0,0.0,0.0,0.0,0.0,0.0,0.0,0.0,0.0,0.0,0.0,0.0,0.0,0.0,0.0,0.0,0.0,0.0,0.0,0.0,0.0,0.0,0.0
2026-01-25 16:05:58,3.9,37.5,running,5.4,2.2,30.7,3.1,7.6,0.9,2.7,5.8,2.7,0.9,0.4,1.8,0.9,0.9,0.4,3.1,0.0,2.7,3.6,3.1,1.3,1.3,1.3,3.5,3.1,2.2,4.4,0.4,3.1,2.7,0.4,47.6,5.4,0.4,3.1,2.7,0.9,4.9,0.4,4.0,0.0,1.8,1.3,2.2,1.3,3.1,0.4,0.0,0.0,0.0,0.0,0.0,0.0,0.0,0.0,0.0,0.0,0.0,0.0,0.0,0.0,0.0,0.0,0.0,0.0,0.0,0.0,0.0,0.0,0.0,0.0,0.0,0.0,0.0,0.0,0.0,0.0,0.0,0.0,0.0,0.0,0.0,0.0,0.0,0.0,0.0,0.0,0.0,0.0,0.0,0.0,0.0,0.0,0.0,0.0,0.0
2026-01-25 16:06:02,4.6,40.6,running,7.9,2.7,33.9,0.4,9.4,0.9,4.9,2.7,6.2,3.9,3.6,0.0,2.7,0.9,4.0,1.8,0.9,2.2,0.0,2.2,1.8,1.8,1.8,3.1,1.8,2.6,3.5,1.8,3.6,0.4,0.4,46.9,1.3,0.4,3.1,3.6,4.5,4.0,3.6,0.0,1.3,0.4,0.0,4.5,2.2,0.0,0.4,3.1,0.0,0.0,0.0,0.0,0.0,0.0,0.0,0.0,0.0,0.0,0.0,0.0,0.0,0.0,0.0,0.0,0.0,0.0,0.0,0.0,0.0,0.0,0.0,0.0,0.0,0.0,0.0,0.0,0.0,0.0,0.0,0.0,0.0,0.0,0.0,0.0,0.0,0.0,0.0,0.0,0.0,0.0,0.0,0.0,0.0,0.0,0.0,0.0
2026-01-25 16:06:05,3.4,37.5,running,5.8,0.4,34.1,0.0,8.9,0.4,5.3,5.8,2.2,0.9,0.0,0.0,3.1,0.0,0.9,0.9,0.5,0.9,0.9,2.3,0.9,0.0,2.7,1.4,0.0,3.1,3.2,0.0,0.0,6.2,1.8,41.6,8.4,0.4,5.8,0.9,5.3,1.8,3.1,1.3,2.2,0.0,1.8,3.1,3.1,0.9,2.0,0.0,0.0,0.0,0.0,0.0,0.0,0.0,0.0,0.0,0.0,0.0,0.0,0.0,0.0,0.0,0.0,0.0,0.0,0.0,0.0,0.0,0.0,0.0,0.0,0.0,0.0,0.0,0.0,0.0,0.0,0.0,0.0,0.0,0.0,0.0,0.0,0.0,0.0,0.0,0.0,0.0,0.0,0.0,0.0,0.0,0.0,0.0,0.0,0.0
2026-01-25 16:06:09,4.1,40.6,running,7.1,0.0,35.4,1.2,12.0,2.2,3.1,3.1,4.9,0.4,1.8,0.0,1.8,0.4,0.4,3.0,0.4,4.4,2.7,0.0,0.0,0.4,1.8,0.0,0.0,2.2,3.1,4.0,2.2,5.8,0.4,38.2,4.5,0.4,5.8,3.6,3.6,3.1,3.6,0.0,0.9,0.4,0.0,4.9,0.4,6.3,0.8,0.0,0.0,0.0,0.0,0.0,0.0,0.0,0.0,0.0,0.0,0.0,0.0,0.0,0.0,0.0,0.0,0.0,0.0,0.0,0.0,0.0,0.0,0.0,0.0,0.0,0.0,0.0,0.0,0.0,0.0,0.0,0.0,0.0,0.0,0.0,0.0,0.0,0.0,0.0,0.0,0.0,0.0,0.0,0.0,0.0,0.0,0.0,0.0,0.0
2026-01-25 16:06:12,4.0,28.1,running,8.9,2.7,34.1,2.7,11.6,2.7,4.5,1.3,0.9,1.3,2.2,1.3,0.0,0.9,0.4,1.8,1.3,1.3,4.0,0.9,1.3,0.0,0.0,2.2,0.0,0.0,7.5,2.2,4.4,3.1,0.9,42.9,5.8,1.8,6.7,0.9,4.9,0.0,3.1,0.4,0.0,2.7,1.8,6.6,3.6,0.0,1.8,1.8,0.0,0.0,0.0,0.0,0.0,0.0,0.0,0.0,0.0,0.0,0.0,0.0,0.0,0.0,0.0,0.0,0.0,0.0,0.0,0.0,0.0,0.0,0.0,0.0,0.0,0.0,0.0,0.0,0.0,0.0,0.0,0.0,0.0,0.0,0.0,0.0,0.0,0.0,0.0,0.0,0.0,0.0,0.0,0.0,0.0,0.0,0.0,0.0
2026-01-25 16:06:16,3.5,37.4,running,6.2,0.0,32.5,1.3,8.5,0.0,1.8,2.7,0.9,0.4,3.6,0.0,0.4,0.0,0.9,2.2,0.0,4.0,0.4,5.4,0.9,0.0,2.7,1.3,0.4,0.0,3.1,0.0,1.8,2.7,4.4,45.4,10.3,1.3,3.6,5.4,4.0,3.1,1.3,0.0,0.9,1.8,3.1,1.3,0.0,1.3,1.8,0.0,0.0,0.0,0.0,0.0,0.0,0.0,0.0,0.0,0.0,0.0,0.0,0.0,0.0,0.0,0.0,0.0,0.0,0.0,0.0,0.0,0.0,0.0,0.0,0.0,0.0,0.0,0.0,0.0,0.0,0.0,0.0,0.0,0.0,0.0,0.0,0.0,0.0,0.0,0.0,0.0,0.0,0.0,0.0,0.0,0.0,0.0,0.0,0.0
2026-01-25 16:06:19,3.8,21.9,running,6.7,4.0,33.6,0.9,6.6,0.9,2.2,1.3,1.8,0.0,0.0,4.9,4.9,0.0,0.4,2.2,0.0,2.7,0.9,0.4,0.4,3.5,2.7,2.7,2.2,1.8,0.4,0.0,3.5,3.1,1.8,40.4,7.5,0.9,8.4,0.4,2.7,0.4,1.8,5.8,2.7,0.0,1.3,3.1,2.2,0.0,1.3,0.4,0.0,0.0,0.0,0.0,0.0,0.0,0.0,0.0,0.0,0.0,0.0,0.0,0.0,0.0,0.0,0.0,0.0,0.0,0.0,0.0,0.0,0.0,0.0,0.0,0.0,0.0,0.0,0.0,0.0,0.0,0.0,0.0,0.0,0.0,0.0,0.0,0.0,0.0,0.0,0.0,0.0,0.0,0.0,0.0,0.0,0.0,0.0,0.0
2026-01-25 16:06:23,3.5,28.1,running,10.2,4.8,28.0,0.4,4.9,3.6,4.9,3.6,1.8,0.9,0.4,0.4,2.2,3.1,1.3,1.3,0.9,0.9,1.8,1.3,3.1,2.2,1.3,1.3,3.1,1.8,1.4,2.7,3.1,5.8,1.3,47.3,3.6,0.4,10.2,1.8,1.3,0.9,2.2,4.9,0.4,1.8,1.3,1.8,3.6,0.0,0.0,1.3,0.0,0.0,0.0,0.0,0.0,0.0,0.0,0.0,0.0,0.0,0.0,0.0,0.0,0.0,0.0,0.0,0.0,0.0,0.0,0.0,0.0,0.0,0.0,0.0,0.0,0.0,0.0,0.0,0.0,0.0,0.0,0.0,0.0,0.0,0.0,0.0,0.0,0.0,0.0,0.0,0.0,0.0,0.0,0.0,0.0,0.0,0.0,0.0
2026-01-25 16:06:26,4.4,31.2,running,9.7,2.2,32.1,0.0,7.1,0.4,3.1,3.1,2.7,0.9,4.9,3.1,2.2,1.8,3.1,4.0,0.4,2.2,0.9,4.4,1.3,2.7,1.3,3.6,3.6,9.8,6.6,1.3,2.2,3.1,1.3,44.0,3.5,4.0,6.7,0.9,3.1,0.0,0.0,0.4,2.7,0.4,3.1,1.8,3.6,1.3,0.9,3.1,0.0,0.0,0.0,0.0,0.0,0.0,0.0,0.0,0.0,0.0,0.0,0.0,0.0,0.0,0.0,0.0,0.0,0.0,0.0,0.0,0.0,0.0,0.0,0.0,0.0,0.0,0.0,0.0,0.0,0.0,0.0,0.0,0.0,0.0,0.0,0.0,0.0,0.0,0.0,0.0,0.0,0.0,0.0,0.0,0.0,0.0,0.0,0.0
2026-01-25 16:06:30,3.9,34.4,running,8.9,0.9,36.2,0.0,4.0,4.4,2.7,4.0,0.9,1.3,1.3,2.7,0.9,6.2,1.3,0.0,0.9,0.0,0.0,1.8,2.2,1.3,2.7,3.1,3.6,1.8,3.6,0.0,1.8,5.4,0.0,42.7,6.7,0.0,3.6,2.7,4.0,1.8,0.4,0.0,0.0,1.8,1.3,0.4,2.2,1.3,4.4,2.2,0.0,0.0,0.0,0.0,0.0,0.0,0.0,0.0,0.0,0.0,0.0,0.0,0.0,0.0,0.0,0.0,0.0,0.0,0.0,0.0,0.0,0.0,0.0,0.0,0.0,0.0,0.0,0.0,0.0,0.0,0.0,0.0,0.0,0.0,0.0,0.0,0.0,0.0,0.0,0.0,0.0,0.0,0.0,0.0,0.0,0.0,0.0,0.0
2026-01-25 16:06:33,4.0,25.0,running,7.6,3.1,34.2,0.0,11.6,0.0,3.6,2.2,0.4,0.9,0.9,0.9,4.4,3.2,4.0,0.0,0.9,0.4,0.0,1.3,0.9,2.0,1.8,4.4,0.9,0.0,1.8,3.5,3.6,2.7,2.2,41.9,8.8,0.5,4.0,0.0,1.8,1.8,1.8,1.3,0.0,0.0,2.2,0.4,3.1,0.9,1.3,5.0,0.0,0.0,0.0,0.0,0.0,0.0,0.0,0.0,0.0,0.0,0.0,0.0,0.0,0.0,0.0,0.0,0.0,0.0,0.0,0.0,0.0,0.0,0.0,0.0,0.0,0.0,0.0,0.0,0.0,0.0,0.0,0.0,0.0,0.0,0.0,0.0,0.0,0.0,0.0,0.0,0.0,0.0,0.0,0.0,0.0,0.0,0.0,0.0
2026-01-25 16:06:37,3.5,21.9,running,8.0,1.8,28.2,0.4,7.6,8.0,3.6,2.2,1.8,0.4,0.0,0.4,3.6,0.0,1.3,1.8,0.0,1.8,1.3,0.9,0.4,0.0,2.7,2.7,1.8,6.7,1.3,2.7,0.0,5.4,1.3,43.4,5.8,0.0,4.5,2.2,0.0,1.8,1.3,0.0,0.0,0.0,1.8,1.8,5.8,2.2,0.9,0.9,0.0,0.0,0.0,0.0,0.0,0.0,0.0,0.0,0.0,0.0,0.0,0.0,0.0,0.0,0.0,0.0,0.0,0.0,0.0,0.0,0.0,0.0,0.0,0.0,0.0,0.0,0.0,0.0,0.0,0.0,0.0,0.0,0.0,0.0,0.0,0.0,0.0,0.0,0.0,0.0,0.0,0.0,0.0,0.0,0.0,0.0,0.0,0.0
2026-01-25 16:06:40,3.1,18.7,running,8.5,4.0,35.8,0.0,7.6,2.2,2.7,6.7,7.1,3.1,1.8,0.0,0.9,0.9,4.0,0.0,0.9,0.9,7.6,0.4,1.3,0.9,0.9,6.2,0.9,0.4,0.0,0.4,1.8,0.0,2.7,39.2,4.9,3.6,4.0,3.6,0.4,1.8,0.9,4.0,0.4,0.0,0.0,4.9,4.9,0.4,0.9,0.9,0.0,0.0,0.0,0.0,0.0,0.0,0.0,0.0,0.0,0.0,0.0,0.0,0.0,0.0,0.0,0.0,0.0,0.0,0.0,0.0,0.0,0.0,0.0,0.0,0.0,0.0,0.0,0.0,0.0,0.0,0.0,0.0,0.0,0.0,0.0,0.0,0.0,0.0,0.0,0.0,0.0,0.0,0.0,0.0,0.0,0.0,0.0,0.0
2026-01-25 16:06:44,3.9,18.7,running,6.2,1.8,33.0,0.5,11.9,1.8,4.4,4.9,4.9,0.0,4.4,0.0,1.8,3.1,0.9,0.0,0.0,0.9,0.0,1.3,0.0,1.3,3.6,0.9,6.7,2.7,2.7,1.3,1.8,1.8,2.2,45.8,2.7,0.4,8.5,0.9,2.7,0.4,1.3,1.3,0.0,0.4,0.0,0.4,5.3,1.3,0.9,0.9,0.0,0.0,0.0,0.0,0.0,0.0,0.0,0.0,0.0,0.0,0.0,0.0,0.0,0.0,0.0,0.0,0.0,0.0,0.0,0.0,0.0,0.0,0.0,0.0,0.0,0.0,0.0,0.0,0.0,0.0,0.0,0.0,0.0,0.0,0.0,0.0,0.0,0.0,0.0,0.0,0.0,0.0,0.0,0.0,0.0,0.0,0.0,0.0
2026-01-25 16:06:47,3.6,25.0,running,4.9,2.2,29.3,0.4,10.7,0.4,4.0,4.0,4.0,0.0,0.9,0.4,2.7,4.0,0.4,0.0,0.9,0.4,0.9,1.8,2.2,1.8,2.2,4.0,2.2,0.4,4.4,0.0,0.9,3.1,0.9,50.2,7.1,1.3,5.3,1.8,0.4,1.3,2.2,0.0,1.3,0.9,0.0,3.1,2.7,0.9,1.3,1.3,0.0,0.0,0.0,0.0,0.0,0.0,0.0,0.0,0.0,0.0,0.0,0.0,0.0,0.0,0.0,0.0,0.0,0.0,0.0,0.0,0.0,0.0,0.0,0.0,0.0,0.0,0.0,0.0,0.0,0.0,0.0,0.0,0.0,0.0,0.0,0.0,0.0,0.0,0.0,0.0,0.0,0.0,0.0,0.0,0.0,0.0,0.0,0.0
2026-01-25 16:06:51,3.8,34.3,running,10.2,0.9,32.7,1.3,9.8,0.4,4.9,4.0,2.7,2.7,3.6,2.7,2.2,0.9,1.3,1.3,0.9,0.9,2.7,0.4,2.2,3.6,2.2,0.9,1.3,2.7,5.4,1.3,1.8,0.9,2.2,46.3,8.0,3.2,6.2,0.9,3.1,1.4,1.8,1.3,0.0,0.4,0.0,4.5,1.3,0.4,0.0,0.9,0.0,0.0,0.0,0.0,0.0,0.0,0.0,0.0,0.0,0.0,0.0,0.0,0.0,0.0,0.0,0.0,0.0,0.0,0.0,0.0,0.0,0.0,0.0,0.0,0.0,0.0,0.0,0.0,0.0,0.0,0.0,0.0,0.0,0.0,0.0,0.0,0.0,0.0,0.0,0.0,0.0,0.0,0.0,0.0,0.0,0.0,0.0,0.0
2026-01-25 16:06:54,3.6,37.5,running,6.3,4.0,38.8,0.9,9.4,2.2,4.0,0.9,2.2,2.7,4.5,0.4,0.0,0.9,6.2,1.8,3.1,0.4,0.0,0.4,2.7,0.0,1.8,0.9,0.0,2.7,5.3,0.4,0.4,1.8,1.3,41.8,3.6,6.6,4.9,2.2,2.7,0.0,4.0,0.4,1.3,0.4,3.1,1.3,1.3,1.8,1.3,0.9,0.0,0.0,0.0,0.0,0.0,0.0,0.0,0.0,0.0,0.0,0.0,0.0,0.0,0.0,0.0,0.0,0.0,0.0,0.0,0.0,0.0,0.0,0.0,0.0,0.0,0.0,0.0,0.0,0.0,0.0,0.0,0.0,0.0,0.0,0.0,0.0,0.0,0.0,0.0,0.0,0.0,0.0,0.0,0.0,0.0,0.0,0.0,0.0
2026-01-25 16:06:58,4.1,21.9,running,6.1,6.2,37.9,0.0,9.4,0.0,4.9,4.5,5.8,0.0,2.2,3.6,2.2,0.9,1.8,0.9,1.8,0.0,8.0,0.9,0.9,1.8,0.9,2.7,2.7,0.4,3.1,0.0,2.7,0.9,0.0,45.3,2.7,7.2,4.0,0.0,1.8,0.0,3.6,0.4,2.2,5.4,3.1,1.3,1.3,1.8,4.0,3.1,0.0,0.0,0.0,0.0,0.0,0.0,0.0,0.0,0.0,0.0,0.0,0.0,0.0,0.0,0.0,0.0,0.0,0.0,0.0,0.0,0.0,0.0,0.0,0.0,0.0,0.0,0.0,0.0,0.0,0.0,0.0,0.0,0.0,0.0,0.0,0.0,0.0,0.0,0.0,0.0,0.0,0.0,0.0,0.0,0.0,0.0,0.0,0.0
2026-01-25 16:07:01,3.7,28.1,running,6.2,1.3,32.4,1.3,8.0,4.5,0.9,3.1,1.8,0.4,4.9,0.4,0.0,2.2,2.7,0.0,2.7,0.4,1.8,0.4,0.0,0.4,1.8,1.3,0.9,0.0,2.2,1.3,0.9,3.1,0.4,45.1,4.0,0.9,6.2,0.9,3.5,4.0,4.4,1.3,1.3,0.0,1.8,6.7,1.3,3.1,1.8,1.3,0.0,0.0,0.0,0.0,0.0,0.0,0.0,0.0,0.0,0.0,0.0,0.0,0.0,0.0,0.0,0.0,0.0,0.0,0.0,0.0,0.0,0.0,0.0,0.0,0.0,0.0,0.0,0.0,0.0,0.0,0.0,0.0,0.0,0.0,0.0,0.0,0.0,0.0,0.0,0.0,0.0,0.0,0.0,0.0,0.0,0.0,0.0,0.0
2026-01-25 16:07:05,3.4,31.2,running,7.1,3.6,34.5,0.0,9.4,1.3,3.1,2.2,3.1,0.0,2.7,0.9,0.9,1.3,3.6,0.4,1.8,1.8,2.7,1.8,2.2,1.8,1.8,0.4,0.4,0.4,0.4,2.2,1.8,1.3,0.4,41.3,4.5,0.0,4.9,2.7,4.9,0.4,3.6,1.3,0.4,0.0,0.4,1.8,1.3,2.7,2.2,4.5,0.0,0.0,0.0,0.0,0.0,0.0,0.0,0.0,0.0,0.0,0.0,0.0,0.0,0.0,0.0,0.0,0.0,0.0,0.0,0.0,0.0,0.0,0.0,0.0,0.0,0.0,0.0,0.0,0.0,0.0,0.0,0.0,0.0,0.0,0.0,0.0,0.0,0.0,0.0,0.0,0.0,0.0,0.0,0.0,0.0,0.0,0.0,0.0
2026-01-25 16:07:08,3.7,25.0,running,7.6,2.7,32.6,2.0,10.4,0.4,3.1,6.2,3.1,1.3,0.0,4.0,1.3,2.2,1.3,0.0,1.8,3.6,0.9,0.0,1.3,2.2,0.9,0.4,2.7,1.3,0.0,0.4,2.2,3.1,0.0,41.8,0.4,0.4,2.2,0.4,1.3,5.8,3.1,1.3,0.9,0.4,0.0,1.8,4.5,1.8,0.4,2.7,0.0,0.0,0.0,0.0,0.0,0.0,0.0,0.0,0.0,0.0,0.0,0.0,0.0,0.0,0.0,0.0,0.0,0.0,0.0,0.0,0.0,0.0,0.0,0.0,0.0,0.0,0.0,0.0,0.0,0.0,0.0,0.0,0.0,0.0,0.0,0.0,0.0,0.0,0.0,0.0,0.0,0.0,0.0,0.0,0.0,0.0,0.0,0.0
2026-01-25 16:07:12,3.4,28.1,running,8.0,2.2,33.2,1.4,8.7,0.9,4.4,5.3,6.6,3.1,4.5,1.4,0.9,0.9,2.3,4.0,4.0,5.2,3.8,2.4,1.3,1.9,2.2,6.1,0.9,0.9,2.3,3.8,1.3,2.8,2.2,46.0,4.9,1.4,7.1,6.5,1.8,1.3,1.8,1.8,1.3,0.9,1.8,3.6,6.2,1.9,3.2,1.4,0.0,0.0,0.0,0.0,0.0,0.0,0.0,0.0,0.0,0.0,0.0,0.0,0.0,0.0,0.0,0.0,0.0,0.0,0.0,0.0,0.0,0.0,0.0,0.0,0.0,0.0,0.0,0.0,0.0,0.0,0.0,0.0,0.0,0.0,0.0,0.0,0.0,0.0,0.0,0.0,0.0,0.0,0.0,0.0,0.0,0.0,0.0,0.0
2026-01-25 16:07:15,4.8,28.1,running,10.2,3.6,37.3,0.0,8.9,1.8,1.8,2.7,0.9,4.0,0.0,0.0,3.9,0.8,1.7,0.0,4.0,6.7,2.5,0.0,0.4,0.4,0.9,2.1,2.2,0.0,2.6,5.4,3.6,0.0,16.9,34.1,15.9,0.4,9.2,0.4,3.1,0.9,0.0,1.3,1.3,0.4,0.9,3.5,5.3,4.6,1.7,0.0,0.0,0.0,0.0,0.0,0.0,0.0,0.0,0.0,0.0,0.0,0.0,0.0,0.0,0.0,0.0,0.0,0.0,0.0,0.0,0.0,0.0,0.0,0.0,0.0,0.0,0.0,0.0,0.0,0.0,0.0,0.0,0.0,0.0,0.0,0.0,0.0,0.0,0.0,0.0,0.0,0.0,0.0,0.0,0.0,0.0,0.0,0.0,0.0
2026-01-25 16:07:19,3.6,31.2,running,8.4,0.9,41.0,0.9,14.8,0.0,3.1,5.3,5.4,0.0,1.8,2.2,2.7,0.4,2.7,0.4,1.3,3.1,0.4,2.2,0.0,0.9,2.7,1.3,3.6,0.0,2.7,0.4,1.3,4.5,6.7,37.4,15.7,1.8,6.3,0.9,2.7,0.9,1.3,1.8,0.9,1.3,2.2,2.7,1.8,1.3,1.8,3.6,0.0,0.0,0.0,0.0,0.0,0.0,0.0,0.0,0.0,0.0,0.0,0.0,0.0,0.0,0.0,0.0,0.0,0.0,0.0,0.0,0.0,0.0,0.0,0.0,0.0,0.0,0.0,0.0,0.0,0.0,0.0,0.0,0.0,0.0,0.0,0.0,0.0,0.0,0.0,0.0,0.0,0.0,0.0,0.0,0.0,0.0,0.0,0.0
2026-01-25 16:07:22,4.1,25.0,running,9.6,0.4,35.3,0.0,12.8,3.1,2.7,3.6,2.7,1.3,4.0,2.2,5.8,0.0,2.2,3.1,0.4,0.9,1.8,0.0,1.8,1.3,0.4,1.3,0.4,0.4,3.6,0.4,0.4,0.0,2.7,41.5,6.7,4.0,5.4,3.1,4.9,0.4,7.6,0.0,4.0,0.0,0.0,4.4,3.1,0.0,2.2,0.0,0.0,0.0,0.0,0.0,0.0,0.0,0.0,0.0,0.0,0.0,0.0,0.0,0.0,0.0,0.0,0.0,0.0,0.0,0.0,0.0,0.0,0.0,0.0,0.0,0.0,0.0,0.0,0.0,0.0,0.0,0.0,0.0,0.0,0.0,0.0,0.0,0.0,0.0,0.0,0.0,0.0,0.0,0.0,0.0,0.0,0.0,0.0,0.0
2026-01-25 16:07:26,3.6,43.7,running,5.8,0.9,33.2,1.3,10.2,0.0,4.0,2.2,3.1,1.8,1.8,0.0,0.0,1.8,0.4,0.0,2.2,1.8,0.9,3.1,1.8,2.2,2.2,2.7,0.4,0.0,0.9,1.3,0.0,0.4,2.2,42.5,5.8,0.0,6.6,2.2,5.8,1.8,2.7,0.4,0.0,1.3,0.4,4.0,5.8,3.1,0.4,0.0,0.0,0.0,0.0,0.0,0.0,0.0,0.0,0.0,0.0,0.0,0.0,0.0,0.0,0.0,0.0,0.0,0.0,0.0,0.0,0.0,0.0,0.0,0.0,0.0,0.0,0.0,0.0,0.0,0.0,0.0,0.0,0.0,0.0,0.0,0.0,0.0,0.0,0.0,0.0,0.0,0.0,0.0,0.0,0.0,0.0,0.0,0.0,0.0
2026-01-25 16:07:29,3.9,31.2,running,6.7,1.3,28.0,0.9,9.8,1.8,1.8,4.4,4.5,2.7,5.3,1.8,4.0,2.2,0.4,2.7,3.1,0.9,0.0,2.7,1.3,2.2,1.3,4.9,3.1,0.0,3.1,0.4,4.4,0.0,0.4,41.6,3.5,0.0,4.0,1.8,4.9,3.1,2.7,0.9,0.9,0.4,0.4,3.1,0.4,0.0,4.0,2.7,0.0,0.0,0.0,0.0,0.0,0.0,0.0,0.0,0.0,0.0,0.0,0.0,0.0,0.0,0.0,0.0,0.0,0.0,0.0,0.0,0.0,0.0,0.0,0.0,0.0,0.0,0.0,0.0,0.0,0.0,0.0,0.0,0.0,0.0,0.0,0.0,0.0,0.0,0.0,0.0,0.0,0.0,0.0,0.0,0.0,0.0,0.0,0.0
2026-01-25 16:07:33,3.5,34.3,running,8.4,3.1,37.6,2.2,8.5,1.4,4.4,5.4,5.8,1.3,3.1,3.6,2.2,0.0,1.8,1.8,0.9,0.0,3.5,2.2,0.9,2.7,3.6,3.1,5.4,0.0,7.5,0.4,1.8,3.6,0.0,39.7,4.4,0.4,4.0,2.2,0.4,1.3,4.0,2.7,2.7,0.9,0.4,4.5,1.8,0.0,1.8,2.7,0.0,0.0,0.0,0.0,0.0,0.0,0.0,0.0,0.0,0.0,0.0,0.0,0.0,0.0,0.0,0.0,0.0,0.0,0.0,0.0,0.0,0.0,0.0,0.0,0.0,0.0,0.0,0.0,0.0,0.0,0.0,0.0,0.0,0.0,0.0,0.0,0.0,0.0,0.0,0.0,0.0,0.0,0.0,0.0,0.0,0.0,0.0,0.0
2026-01-25 16:07:36,4.1,34.3,running,6.2,1.3,32.0,0.0,10.7,1.7,3.1,4.9,1.3,0.0,2.7,3.5,0.9,0.4,0.0,2.2,1.8,2.7,0.4,1.8,0.9,0.0,0.9,2.7,4.0,0.4,0.9,1.8,0.4,1.3,2.2,41.6,5.8,0.0,5.8,2.7,4.4,3.1,6.2,5.3,4.0,0.5,1.8,2.2,1.8,1.8,0.9,0.4,0.0,0.0,0.0,0.0,0.0,0.0,0.0,0.0,0.0,0.0,0.0,0.0,0.0,0.0,0.0,0.0,0.0,0.0,0.0,0.0,0.0,0.0,0.0,0.0,0.0,0.0,0.0,0.0,0.0,0.0,0.0,0.0,0.0,0.0,0.0,0.0,0.0,0.0,0.0,0.0,0.0,0.0,0.0,0.0,0.0,0.0,0.0,0.0
2026-01-25 16:07:40,3.9,28.1,running,4.9,2.2,33.6,0.9,5.4,1.3,2.7,3.1,2.2,0.0,5.8,0.4,3.6,0.9,1.3,0.0,0.4,0.4,2.2,1.3,2.2,1.8,0.9,2.2,1.3,2.7,3.6,1.3,5.3,2.2,2.2,43.1,4.5,3.6,6.7,0.0,0.4,0.0,2.7,0.0,3.6,1.7,1.3,4.8,4.0,0.4,1.8,3.6,0.0,0.0,0.0,0.0,0.0,0.0,0.0,0.0,0.0,0.0,0.0,0.0,0.0,0.0,0.0,0.0,0.0,0.0,0.0,0.0,0.0,0.0,0.0,0.0,0.0,0.0,0.0,0.0,0.0,0.0,0.0,0.0,0.0,0.0,0.0,0.0,0.0,0.0,0.0,0.0,0.0,0.0,0.0,0.0,0.0,0.0,0.0,0.0
2026-01-25 16:07:43,3.6,18.7,running,5.4,0.0,28.1,1.8,12.1,1.3,3.1,7.6,2.2,2.2,1.3,0.0,4.0,0.0,0.9,1.4,0.4,2.2,2.7,0.4,2.2,0.0,3.6,0.9,1.8,0.9,0.0,0.4,0.0,3.1,0.4,41.5,2.7,2.2,7.5,4.0,3.6,0.0,4.9,0.4,1.8,2.2,1.8,2.2,4.9,1.8,2.2,0.4,0.0,0.0,0.0,0.0,0.0,0.0,0.0,0.0,0.0,0.0,0.0,0.0,0.0,0.0,0.0,0.0,0.0,0.0,0.0,0.0,0.0,0.0,0.0,0.0,0.0,0.0,0.0,0.0,0.0,0.0,0.0,0.0,0.0,0.0,0.0,0.0,0.0,0.0,0.0,0.0,0.0,0.0,0.0,0.0,0.0,0.0,0.0,0.0
2026-01-25 16:07:47,4.0,31.2,running,7.6,0.9,33.3,0.0,7.6,0.4,4.4,2.2,4.4,0.0,1.8,2.7,0.4,4.0,0.0,3.1,2.2,2.2,1.8,0.4,1.8,2.7,1.3,3.6,0.0,3.5,1.8,0.0,1.3,0.4,0.0,45.1,0.4,1.3,3.6,4.0,4.9,3.6,4.0,0.4,0.9,3.5,3.1,1.8,6.2,0.0,3.1,0.0,0.0,0.0,0.0,0.0,0.0,0.0,0.0,0.0,0.0,0.0,0.0,0.0,0.0,0.0,0.0,0.0,0.0,0.0,0.0,0.0,0.0,0.0,0.0,0.0,0.0,0.0,0.0,0.0,0.0,0.0,0.0,0.0,0.0,0.0,0.0,0.0,0.0,0.0,0.0,0.0,0.0,0.0,0.0,0.0,0.0,0.0,0.0,0.0
2026-01-25 16:07:50,4.1,21.9,running,8.0,0.4,32.7,0.0,5.4,0.9,2.7,3.6,5.8,2.2,2.7,0.9,2.7,1.8,2.7,0.4,3.1,1.3,1.8,0.0,3.1,0.0,1.3,0.0,3.1,4.9,4.4,2.7,0.9,4.9,1.3,46.7,3.6,3.1,1.8,1.3,2.2,4.0,0.4,2.2,2.2,0.4,0.4,1.8,4.0,0.4,3.5,2.2,0.0,0.0,0.0,0.0,0.0,0.0,0.0,0.0,0.0,0.0,0.0,0.0,0.0,0.0,0.0,0.0,0.0,0.0,0.0,0.0,0.0,0.0,0.0,0.0,0.0,0.0,0.0,0.0,0.0,0.0,0.0,0.0,0.0,0.0,0.0,0.0,0.0,0.0,0.0,0.0,0.0,0.0,0.0,0.0,0.0,0.0,0.0,0.0
2026-01-25 16:07:54,4.1,31.2,running,7.6,0.4,35.4,0.0,7.6,0.0,3.1,0.9,1.8,1.8,2.2,1.3,3.6,2.2,1.8,0.0,0.0,0.0,2.2,4.0,2.7,3.1,2.2,2.2,3.6,5.8,2.7,0.4,1.3,5.8,0.4,39.8,2.7,2.7,4.0,1.3,1.3,1.8,0.9,3.1,0.4,2.2,2.7,2.7,5.3,0.0,3.6,1.9,0.0,0.0,0.0,0.0,0.0,0.0,0.0,0.0,0.0,0.0,0.0,0.0,0.0,0.0,0.0,0.0,0.0,0.0,0.0,0.0,0.0,0.0,0.0,0.0,0.0,0.0,0.0,0.0,0.0,0.0,0.0,0.0,0.0,0.0,0.0,0.0,0.0,0.0,0.0,0.0,0.0,0.0,0.0,0.0,0.0,0.0,0.0,0.0
2026-01-25 16:07:57,4.8,18.7,running,8.0,0.9,35.7,0.5,13.4,0.0,2.2,6.7,2.2,0.0,0.0,3.6,7.6,0.4,1.3,0.4,0.0,2.7,1.3,4.9,2.2,0.0,2.7,3.6,2.7,0.0,4.4,0.9,1.8,2.7,0.4,39.6,4.5,0.4,10.1,0.9,4.0,3.1,6.7,2.7,1.3,3.1,3.6,4.0,3.1,1.8,1.8,0.0,0.0,0.0,0.0,0.0,0.0,0.0,0.0,0.0,0.0,0.0,0.0,0.0,0.0,0.0,0.0,0.0,0.0,0.0,0.0,0.0,0.0,0.0,0.0,0.0,0.0,0.0,0.0,0.0,0.0,0.0,0.0,0.0,0.0,0.0,0.0,0.0,0.0,0.0,0.0,0.0,0.0,0.0,0.0,0.0,0.0,0.0,0.0,0.0
2026-01-25 16:08:01,4.5,28.1,running,5.8,1.3,33.9,0.0,9.8,1.8,3.6,4.0,3.1,0.9,6.2,0.0,1.4,0.0,4.0,1.3,0.9,1.8,3.6,1.3,1.8,0.9,0.0,5.8,6.6,0.0,3.5,0.9,1.3,2.7,0.4,43.3,3.1,0.0,4.0,6.2,0.4,0.0,5.4,0.0,2.2,2.3,4.0,2.2,6.2,2.7,4.0,0.0,0.0,0.0,0.0,0.0,0.0,0.0,0.0,0.0,0.0,0.0,0.0,0.0,0.0,0.0,0.0,0.0,0.0,0.0,0.0,0.0,0.0,0.0,0.0,0.0,0.0,0.0,0.0,0.0,0.0,0.0,0.0,0.0,0.0,0.0,0.0,0.0,0.0,0.0,0.0,0.0,0.0,0.0,0.0,0.0,0.0,0.0,0.0,0.0
2026-01-25 16:08:04,4.5,40.6,running,6.2,4.0,38.1,0.9,10.2,2.2,2.7,1.3,2.7,0.9,1.3,1.8,1.3,3.6,0.9,1.3,1.3,4.0,0.4,0.9,0.0,0.4,1.3,3.6,1.8,0.4,3.6,1.3,2.2,4.0,1.3,46.1,4.5,0.9,6.2,4.0,0.9,0.0,0.0,1.8,0.0,0.4,0.0,3.5,1.3,1.3,4.9,3.1,0.0,0.0,0.0,0.0,0.0,0.0,0.0,0.0,0.0,0.0,0.0,0.0,0.0,0.0,0.0,0.0,0.0,0.0,0.0,0.0,0.0,0.0,0.0,0.0,0.0,0.0,0.0,0.0,0.0,0.0,0.0,0.0,0.0,0.0,0.0,0.0,0.0,0.0,0.0,0.0,0.0,0.0,0.0,0.0,0.0,0.0,0.0,0.0
2026-01-25 16:08:08,3.5,31.2,running,6.7,0.4,33.5,0.0,6.2,0.5,1.8,3.1,0.9,0.4,0.4,0.0,2.7,1.3,0.4,0.4,0.0,4.5,0.9,2.2,0.9,0.0,1.3,5.8,0.0,0.0,1.8,3.6,1.3,4.4,2.2,35.6,4.9,2.2,10.6,1.8,5.3,4.0,7.1,0.0,0.4,1.3,0.4,4.4,2.7,1.3,3.6,4.5,0.0,0.0,0.0,0.0,0.0,0.0,0.0,0.0,0.0,0.0,0.0,0.0,0.0,0.0,0.0,0.0,0.0,0.0,0.0,0.0,0.0,0.0,0.0,0.0,0.0,0.0,0.0,0.0,0.0,0.0,0.0,0.0,0.0,0.0,0.0,0.0,0.0,0.0,0.0,0.0,0.0,0.0,0.0,0.0,0.0,0.0,0.0,0.0
2026-01-25 16:08:11,3.8,25.0,running,9.3,1.8,36.9,1.8,9.8,2.2,4.5,1.3,4.4,0.4,3.1,2.1,0.9,0.9,0.9,0.5,3.1,1.8,1.8,2.2,0.9,0.9,2.2,1.3,1.3,4.0,1.3,2.2,0.4,2.7,0.4,42.9,5.3,2.2,11.6,2.2,1.8,1.8,4.4,1.8,0.0,0.9,1.8,3.1,3.6,0.4,1.8,3.6,0.0,0.0,0.0,0.0,0.0,0.0,0.0,0.0,0.0,0.0,0.0,0.0,0.0,0.0,0.0,0.0,0.0,0.0,0.0,0.0,0.0,0.0,0.0,0.0,0.0,0.0,0.0,0.0,0.0,0.0,0.0,0.0,0.0,0.0,0.0,0.0,0.0,0.0,0.0,0.0,0.0,0.0,0.0,0.0,0.0,0.0,0.0,0.0
2026-01-25 16:08:15,4.1,25.0,running,8.8,2.2,32.0,0.4,9.4,0.9,4.5,3.6,4.5,1.8,1.3,0.0,0.4,0.0,5.8,1.3,1.3,4.0,1.3,0.0,0.9,0.4,4.0,2.7,0.4,4.5,2.2,0.0,3.6,3.6,0.0,45.1,3.1,2.2,4.9,0.4,1.4,1.8,0.4,1.3,2.7,0.4,3.6,4.4,5.0,2.2,0.5,0.0,0.0,0.0,0.0,0.0,0.0,0.0,0.0,0.0,0.0,0.0,0.0,0.0,0.0,0.0,0.0,0.0,0.0,0.0,0.0,0.0,0.0,0.0,0.0,0.0,0.0,0.0,0.0,0.0,0.0,0.0,0.0,0.0,0.0,0.0,0.0,0.0,0.0,0.0,0.0,0.0,0.0,0.0,0.0,0.0,0.0,0.0,0.0,0.0
2026-01-25 16:08:18,3.8,21.9,running,9.8,0.4,30.0,1.3,10.7,4.9,5.8,4.4,5.4,1.3,1.8,0.4,1.8,0.0,3.1,1.8,3.6,2.2,3.1,0.0,2.2,0.0,2.2,4.0,3.1,0.4,2.7,0.0,1.8,8.5,0.0,42.7,1.3,0.0,1.3,1.8,0.9,4.0,1.8,5.8,4.5,2.2,1.3,0.9,4.4,4.0,3.6,0.4,0.0,0.0,0.0,0.0,0.0,0.0,0.0,0.0,0.0,0.0,0.0,0.0,0.0,0.0,0.0,0.0,0.0,0.0,0.0,0.0,0.0,0.0,0.0,0.0,0.0,0.0,0.0,0.0,0.0,0.0,0.0,0.0,0.0,0.0,0.0,0.0,0.0,0.0,0.0,0.0,0.0,0.0,0.0,0.0,0.0,0.0,0.0,0.0
2026-01-25 16:08:22,4.3,25.0,running,10.7,1.8,33.9,0.0,10.2,0.4,4.9,2.7,2.7,0.4,5.3,1.8,0.9,5.8,4.4,0.4,1.8,1.8,1.8,0.4,1.3,1.8,1.3,8.0,4.9,3.1,1.8,0.4,3.5,2.7,0.9,43.6,1.3,0.9,4.9,3.6,3.1,0.9,1.3,0.9,4.0,2.7,0.9,2.2,0.4,1.3,1.8,1.3,0.0,0.0,0.0,0.0,0.0,0.0,0.0,0.0,0.0,0.0,0.0,0.0,0.0,0.0,0.0,0.0,0.0,0.0,0.0,0.0,0.0,0.0,0.0,0.0,0.0,0.0,0.0,0.0,0.0,0.0,0.0,0.0,0.0,0.0,0.0,0.0,0.0,0.0,0.0,0.0,0.0,0.0,0.0,0.0,0.0,0.0,0.0,0.0
2026-01-25 16:08:25,4.3,15.6,running,8.0,0.0,38.3,0.5,9.4,0.9,3.6,10.2,2.7,0.9,0.4,1.8,0.4,4.5,3.5,2.7,1.3,0.9,0.4,0.9,0.9,3.5,5.8,4.9,1.3,3.1,2.7,0.0,3.1,0.4,0.5,40.0,0.0,3.6,2.2,5.8,3.1,0.0,5.8,0.0,0.0,2.7,0.0,1.8,4.4,0.0,1.4,1.3,0.0,0.0,0.0,0.0,0.0,0.0,0.0,0.0,0.0,0.0,0.0,0.0,0.0,0.0,0.0,0.0,0.0,0.0,0.0,0.0,0.0,0.0,0.0,0.0,0.0,0.0,0.0,0.0,0.0,0.0,0.0,0.0,0.0,0.0,0.0,0.0,0.0,0.0,0.0,0.0,0.0,0.0,0.0,0.0,0.0,0.0,0.0,0.0
2026-01-25 16:08:29,4.3,37.5,running,9.4,1.3,36.0,0.0,8.0,4.0,5.3,2.2,2.2,4.0,0.9,0.4,0.4,1.3,0.0,0.4,2.2,4.4,3.1,0.0,1.3,1.3,1.3,4.0,4.4,4.5,6.3,2.2,0.4,3.6,1.2,39.2,12.0,0.0,6.2,1.3,0.4,3.6,3.6,6.1,1.3,1.8,1.3,3.1,0.9,0.4,2.7,2.2,0.0,0.0,0.0,0.0,0.0,0.0,0.0,0.0,0.0,0.0,0.0,0.0,0.0,0.0,0.0,0.0,0.0,0.0,0.0,0.0,0.0,0.0,0.0,0.0,0.0,0.0,0.0,0.0,0.0,0.0,0.0,0.0,0.0,0.0,0.0,0.0,0.0,0.0,0.0,0.0,0.0,0.0,0.0,0.0,0.0,0.0,0.0,0.0
2026-01-25 16:08:32,3.7,31.2,running,8.8,1.8,33.6,0.0,4.9,0.9,2.2,3.6,2.2,0.9,4.5,0.0,0.9,0.9,6.2,0.0,0.0,2.7,1.8,1.8,2.7,0.9,4.4,2.2,0.0,0.0,3.1,1.8,1.3,0.0,0.4,45.1,4.9,2.7,8.0,3.1,4.4,4.5,3.1,0.4,3.1,0.0,2.2,0.9,1.3,0.9,4.0,0.4,0.0,0.0,0.0,0.0,0.0,0.0,0.0,0.0,0.0,0.0,0.0,0.0,0.0,0.0,0.0,0.0,0.0,0.0,0.0,0.0,0.0,0.0,0.0,0.0,0.0,0.0,0.0,0.0,0.0,0.0,0.0,0.0,0.0,0.0,0.0,0.0,0.0,0.0,0.0,0.0,0.0,0.0,0.0,0.0,0.0,0.0,0.0,0.0
2026-01-25 16:08:36,3.9,25.0,running,6.6,4.9,32.4,0.0,8.9,4.5,4.0,0.9,0.4,0.0,3.1,0.0,0.0,3.6,2.2,2.7,0.4,0.9,1.3,0.0,2.7,4.0,3.1,2.7,1.3,2.7,4.0,3.5,2.2,1.8,0.4,46.0,4.5,2.2,2.2,0.4,1.3,0.4,4.0,0.0,0.0,2.7,0.4,3.1,0.0,0.4,0.4,2.2,0.0,0.0,0.0,0.0,0.0,0.0,0.0,0.0,0.0,0.0,0.0,0.0,0.0,0.0,0.0,0.0,0.0,0.0,0.0,0.0,0.0,0.0,0.0,0.0,0.0,0.0,0.0,0.0,0.0,0.0,0.0,0.0,0.0,0.0,0.0,0.0,0.0,0.0,0.0,0.0,0.0,0.0,0.0,0.0,0.0,0.0,0.0,0.0
2026-01-25 16:08:39,3.7,28.1,running,5.4,0.9,33.6,0.0,10.2,1.8,4.4,4.0,1.3,1.3,1.8,0.4,0.0,0.9,4.0,0.9,0.0,0.0,1.3,0.0,1.8,3.1,3.6,3.6,3.1,0.4,2.2,3.1,5.8,7.0,1.3,42.9,1.8,0.0,1.8,0.0,1.3,0.4,3.6,0.5,6.6,2.7,1.8,2.2,8.0,3.1,0.4,0.0,0.0,0.0,0.0,0.0,0.0,0.0,0.0,0.0,0.0,0.0,0.0,0.0,0.0,0.0,0.0,0.0,0.0,0.0,0.0,0.0,0.0,0.0,0.0,0.0,0.0,0.0,0.0,0.0,0.0,0.0,0.0,0.0,0.0,0.0,0.0,0.0,0.0,0.0,0.0,0.0,0.0,0.0,0.0,0.0,0.0,0.0,0.0,0.0
2026-01-25 16:08:43,3.9,31.2,running,9.3,0.0,35.6,0.4,8.0,0.0,2.7,4.0,4.0,0.4,3.1,5.4,0.4,0.0,2.7,0.9,0.0,1.3,0.5,1.8,0.9,0.0,2.7,0.4,1.8,4.9,2.2,0.0,0.9,1.8,2.7,46.3,3.6,0.9,4.9,4.4,1.3,1.3,3.1,3.7,1.8,3.6,2.2,0.9,4.9,0.9,2.7,1.8,0.0,0.0,0.0,0.0,0.0,0.0,0.0,0.0,0.0,0.0,0.0,0.0,0.0,0.0,0.0,0.0,0.0,0.0,0.0,0.0,0.0,0.0,0.0,0.0,0.0,0.0,0.0,0.0,0.0,0.0,0.0,0.0,0.0,0.0,0.0,0.0,0.0,0.0,0.0,0.0,0.0,0.0,0.0,0.0,0.0,0.0,0.0,0.0
2026-01-25 16:08:46,4.0,34.3,running,6.6,0.4,35.4,0.4,8.4,0.0,3.6,1.3,2.7,0.0,1.3,0.4,2.2,2.2,2.3,1.8,2.2,1.3,0.4,2.7,0.4,2.2,3.6,2.2,0.4,2.3,4.5,0.4,0.0,2.7,0.9,43.1,5.4,2.2,7.0,3.6,0.9,0.0,1.8,6.7,2.7,3.6,0.4,2.7,0.9,4.4,1.3,4.5,0.0,0.0,0.0,0.0,0.0,0.0,0.0,0.0,0.0,0.0,0.0,0.0,0.0,0.0,0.0,0.0,0.0,0.0,0.0,0.0,0.0,0.0,0.0,0.0,0.0,0.0,0.0,0.0,0.0,0.0,0.0,0.0,0.0,0.0,0.0,0.0,0.0,0.0,0.0,0.0,0.0,0.0,0.0,0.0,0.0,0.0,0.0,0.0
2026-01-25 16:08:50,3.4,28.1,running,6.7,0.0,32.6,1.1,7.1,1.3,2.7,4.4,4.0,0.9,4.4,1.8,0.4,0.4,0.0,0.4,2.7,0.9,0.0,1.8,1.8,0.0,3.6,2.7,1.3,0.4,1.3,3.1,0.4,0.0,1.8,44.0,7.5,0.9,4.5,2.2,4.0,0.0,4.0,1.3,4.0,0.4,0.4,2.7,5.3,0.9,0.9,2.2,0.0,0.0,0.0,0.0,0.0,0.0,0.0,0.0,0.0,0.0,0.0,0.0,0.0,0.0,0.0,0.0,0.0,0.0,0.0,0.0,0.0,0.0,0.0,0.0,0.0,0.0,0.0,0.0,0.0,0.0,0.0,0.0,0.0,0.0,0.0,0.0,0.0,0.0,0.0,0.0,0.0,0.0,0.0,0.0,0.0,0.0,0.0,0.0
2026-01-25 16:08:53,3.6,21.9,running,8.8,0.0,30.3,0.4,7.6,1.8,3.1,4.0,1.3,2.2,4.0,3.8,0.4,0.4,0.9,2.7,2.2,0.4,1.8,0.4,0.9,0.4,0.4,0.4,3.1,8.0,1.3,3.1,0.9,2.2,0.0,48.7,5.8,0.0,5.8,2.2,1.8,0.0,6.6,0.4,0.0,0.0,0.4,2.2,4.9,0.0,0.0,0.0,0.0,0.0,0.0,0.0,0.0,0.0,0.0,0.0,0.0,0.0,0.0,0.0,0.0,0.0,0.0,0.0,0.0,0.0,0.0,0.0,0.0,0.0,0.0,0.0,0.0,0.0,0.0,0.0,0.0,0.0,0.0,0.0,0.0,0.0,0.0,0.0,0.0,0.0,0.0,0.0,0.0,0.0,0.0,0.0,0.0,0.0,0.0,0.0
2026-01-25 16:08:57,4.2,31.2,running,6.7,0.0,33.9,0.0,8.9,3.1,3.6,4.0,6.2,0.9,4.0,0.0,1.4,0.0,6.7,0.4,0.4,4.5,3.6,1.8,2.2,0.4,4.9,4.4,0.0,0.0,3.1,2.2,2.7,3.5,0.0,42.7,2.7,3.1,2.7,2.2,0.4,0.9,1.8,1.3,4.9,1.8,0.0,3.1,0.9,0.0,0.4,0.9,0.0,0.0,0.0,0.0,0.0,0.0,0.0,0.0,0.0,0.0,0.0,0.0,0.0,0.0,0.0,0.0,0.0,0.0,0.0,0.0,0.0,0.0,0.0,0.0,0.0,0.0,0.0,0.0,0.0,0.0,0.0,0.0,0.0,0.0,0.0,0.0,0.0,0.0,0.0,0.0,0.0,0.0,0.0,0.0,0.0,0.0,0.0,0.0
2026-01-25 16:09:00,3.7,37.5,running,6.7,0.4,35.1,0.4,9.8,1.3,4.0,4.0,2.7,2.2,3.5,0.0,2.2,0.9,4.5,0.0,11.2,0.0,0.4,2.2,2.2,1.3,0.9,1.8,0.5,0.4,2.7,2.7,1.8,3.6,1.3,45.4,10.7,1.3,4.0,3.1,1.3,4.4,0.4,2.7,0.4,1.8,0.9,1.3,1.8,0.0,0.0,2.6,0.0,0.0,0.0,0.0,0.0,0.0,0.0,0.0,0.0,0.0,0.0,0.0,0.0,0.0,0.0,0.0,0.0,0.0,0.0,0.0,0.0,0.0,0.0,0.0,0.0,0.0,0.0,0.0,0.0,0.0,0.0,0.0,0.0,0.0,0.0,0.0,0.0,0.0,0.0,0.0,0.0,0.0,0.0,0.0,0.0,0.0,0.0,0.0
2026-01-25 16:09:04,3.5,28.1,running,4.4,1.3,33.8,0.9,5.8,1.3,2.7,4.0,2.2,1.8,2.2,0.9,0.9,2.2,0.4,3.1,0.0,0.4,0.0,2.2,2.7,1.8,3.1,0.9,2.2,2.7,2.7,0.0,1.8,6.7,0.5,49.8,2.2,1.8,4.0,1.8,0.0,4.5,5.8,0.9,1.8,2.2,1.8,3.1,1.8,1.3,0.4,4.0,0.0,0.0,0.0,0.0,0.0,0.0,0.0,0.0,0.0,0.0,0.0,0.0,0.0,0.0,0.0,0.0,0.0,0.0,0.0,0.0,0.0,0.0,0.0,0.0,0.0,0.0,0.0,0.0,0.0,0.0,0.0,0.0,0.0,0.0,0.0,0.0,0.0,0.0,0.0,0.0,0.0,0.0,0.0,0.0,0.0,0.0,0.0,0.0
2026-01-25 16:09:07,4.4,21.9,running,7.1,0.0,35.7,0.4,9.7,1.3,2.7,1.3,3.1,1.3,0.9,3.1,2.2,2.7,1.8,1.8,0.9,2.2,0.4,0.0,1.3,0.0,4.0,4.4,3.1,0.0,1.8,4.0,1.8,1.3,0.0,45.6,5.8,3.1,7.1,1.3,0.4,1.3,4.9,0.0,1.8,0.0,0.4,5.3,0.4,0.0,0.4,7.5,0.0,0.0,0.0,0.0,0.0,0.0,0.0,0.0,0.0,0.0,0.0,0.0,0.0,0.0,0.0,0.0,0.0,0.0,0.0,0.0,0.0,0.0,0.0,0.0,0.0,0.0,0.0,0.0,0.0,0.0,0.0,0.0,0.0,0.0,0.0,0.0,0.0,0.0,0.0,0.0,0.0,0.0,0.0,0.0,0.0,0.0,0.0,0.0
2026-01-25 16:09:11,4.2,25.0,running,8.5,2.7,32.4,0.9,7.7,0.4,6.7,2.2,4.0,4.5,2.7,2.7,0.4,4.0,0.9,2.2,0.4,2.7,1.3,0.0,3.6,0.0,5.4,0.4,2.2,0.9,3.6,0.9,0.4,6.8,0.0,44.4,7.1,0.9,5.8,0.4,0.4,4.0,0.9,0.0,2.2,1.3,0.5,6.6,4.5,0.9,3.6,1.3,0.0,0.0,0.0,0.0,0.0,0.0,0.0,0.0,0.0,0.0,0.0,0.0,0.0,0.0,0.0,0.0,0.0,0.0,0.0,0.0,0.0,0.0,0.0,0.0,0.0,0.0,0.0,0.0,0.0,0.0,0.0,0.0,0.0,0.0,0.0,0.0,0.0,0.0,0.0,0.0,0.0,0.0,0.0,0.0,0.0,0.0,0.0,0.0
2026-01-25 16:09:14,4.0,40.6,running,11.6,0.9,35.0,0.0,12.8,0.4,1.8,4.9,12.6,0.9,3.1,0.0,0.9,0.0,0.4,4.0,0.0,4.5,3.5,0.0,1.3,0.9,0.9,2.2,1.3,2.2,1.8,0.0,2.7,4.0,0.0,49.1,0.4,4.9,4.0,1.8,1.3,6.2,0.4,0.9,1.3,0.4,2.2,3.6,7.6,0.0,0.0,3.6,0.0,0.0,0.0,0.0,0.0,0.0,0.0,0.0,0.0,0.0,0.0,0.0,0.0,0.0,0.0,0.0,0.0,0.0,0.0,0.0,0.0,0.0,0.0,0.0,0.0,0.0,0.0,0.0,0.0,0.0,0.0,0.0,0.0,0.0,0.0,0.0,0.0,0.0,0.0,0.0,0.0,0.0,0.0,0.0,0.0,0.0,0.0,0.0
2026-01-25 16:09:18,4.1,25.0,running,5.8,0.9,41.9,0.0,9.3,1.8,2.7,4.0,5.4,2.2,3.6,0.0,1.3,2.7,2.2,0.4,2.7,0.9,2.7,3.1,3.6,0.0,4.9,5.3,4.0,0.9,2.2,0.4,0.9,4.0,0.4,44.1,5.3,1.3,5.3,1.8,1.3,3.1,3.1,4.0,2.2,0.0,0.4,2.7,4.0,1.8,3.6,0.4,0.0,0.0,0.0,0.0,0.0,0.0,0.0,0.0,0.0,0.0,0.0,0.0,0.0,0.0,0.0,0.0,0.0,0.0,0.0,0.0,0.0,0.0,0.0,0.0,0.0,0.0,0.0,0.0,0.0,0.0,0.0,0.0,0.0,0.0,0.0,0.0,0.0,0.0,0.0,0.0,0.0,0.0,0.0,0.0,0.0,0.0,0.0,0.0
2026-01-25 16:09:21,3.7,28.1,running,5.8,6.1,33.2,1.3,10.6,0.4,2.6,1.8,2.2,1.8,3.1,1.3,0.9,2.6,0.0,6.3,0.0,0.0,0.0,1.8,0.9,0.9,1.8,6.7,1.8,4.0,1.8,0.9,0.0,1.8,0.0,46.2,4.0,0.9,4.0,1.3,0.4,1.8,0.9,1.8,1.3,1.8,0.4,5.8,0.4,0.9,3.6,0.0,0.0,0.0,0.0,0.0,0.0,0.0,0.0,0.0,0.0,0.0,0.0,0.0,0.0,0.0,0.0,0.0,0.0,0.0,0.0,0.0,0.0,0.0,0.0,0.0,0.0,0.0,0.0,0.0,0.0,0.0,0.0,0.0,0.0,0.0,0.0,0.0,0.0,0.0,0.0,0.0,0.0,0.0,0.0,0.0,0.0,0.0,0.0,0.0
2026-01-25 16:09:25,4.2,28.1,running,4.4,1.8,33.9,0.0,7.6,2.2,3.1,3.1,4.5,0.9,2.2,0.9,1.3,2.7,3.1,0.0,0.9,4.4,0.0,2.2,1.8,2.2,2.7,4.5,4.9,1.3,2.7,0.9,0.9,1.8,0.0,49.1,10.8,3.6,4.4,0.4,0.9,1.3,0.9,0.4,1.3,1.3,1.8,4.0,2.2,0.0,1.8,2.2,0.0,0.0,0.0,0.0,0.0,0.0,0.0,0.0,0.0,0.0,0.0,0.0,0.0,0.0,0.0,0.0,0.0,0.0,0.0,0.0,0.0,0.0,0.0,0.0,0.0,0.0,0.0,0.0,0.0,0.0,0.0,0.0,0.0,0.0,0.0,0.0,0.0,0.0,0.0,0.0,0.0,0.0,0.0,0.0,0.0,0.0,0.0,0.0
2026-01-25 16:09:28,3.7,34.3,running,5.4,0.9,37.9,0.0,8.1,1.8,4.4,2.2,2.2,0.0,2.7,0.4,0.0,2.7,3.6,0.0,1.3,1.8,9.8,0.9,0.9,1.3,1.3,3.2,3.1,0.4,8.9,0.0,1.3,3.6,0.4,42.2,8.8,0.4,6.6,1.8,0.9,2.2,4.5,0.0,0.4,1.8,0.9,5.4,1.8,0.0,0.9,3.6,0.0,0.0,0.0,0.0,0.0,0.0,0.0,0.0,0.0,0.0,0.0,0.0,0.0,0.0,0.0,0.0,0.0,0.0,0.0,0.0,0.0,0.0,0.0,0.0,0.0,0.0,0.0,0.0,0.0,0.0,0.0,0.0,0.0,0.0,0.0,0.0,0.0,0.0,0.0,0.0,0.0,0.0,0.0,0.0,0.0,0.0,0.0,0.0
2026-01-25 16:09:32,4.0,31.2,running,9.3,0.4,34.8,0.4,13.7,0.0,2.7,1.8,3.1,0.4,0.0,0.4,1.8,4.0,3.6,0.0,1.8,4.0,1.8,0.4,1.3,2.2,4.5,3.1,4.0,0.4,5.3,0.4,0.9,10.6,0.9,46.4,4.9,0.9,4.5,0.0,0.4,2.2,3.6,1.3,3.5,0.0,0.4,4.4,4.0,0.9,3.1,0.4,0.0,0.0,0.0,0.0,0.0,0.0,0.0,0.0,0.0,0.0,0.0,0.0,0.0,0.0,0.0,0.0,0.0,0.0,0.0,0.0,0.0,0.0,0.0,0.0,0.0,0.0,0.0,0.0,0.0,0.0,0.0,0.0,0.0,0.0,0.0,0.0,0.0,0.0,0.0,0.0,0.0,0.0,0.0,0.0,0.0,0.0,0.0,0.0
2026-01-25 16:09:35,4.2,31.2,running,6.7,3.1,34.2,0.4,8.9,1.8,4.4,4.9,3.1,0.0,0.9,4.0,1.8,1.8,1.3,0.0,2.2,4.0,1.8,0.9,1.3,2.2,6.2,2.2,2.2,7.2,6.7,0.9,2.2,1.3,0.0,46.7,5.8,2.7,4.9,1.8,1.3,0.4,2.2,2.7,0.4,0.0,1.8,5.3,2.7,0.9,2.7,0.0,0.0,0.0,0.0,0.0,0.0,0.0,0.0,0.0,0.0,0.0,0.0,0.0,0.0,0.0,0.0,0.0,0.0,0.0,0.0,0.0,0.0,0.0,0.0,0.0,0.0,0.0,0.0,0.0,0.0,0.0,0.0,0.0,0.0,0.0,0.0,0.0,0.0,0.0,0.0,0.0,0.0,0.0,0.0,0.0,0.0,0.0,0.0,0.0
2026-01-25 16:09:39,4.0,31.2,running,8.4,0.9,31.0,2.3,11.6,0.0,8.4,3.1,1.8,2.2,1.8,2.7,2.7,1.3,0.9,2.7,4.9,0.9,0.9,1.8,0.9,0.5,3.1,2.2,0.4,1.8,1.8,3.5,0.4,5.8,1.3,43.4,6.7,0.0,3.5,2.7,1.8,0.0,0.4,2.2,1.8,0.9,0.9,3.6,1.8,5.3,4.0,0.9,0.0,0.0,0.0,0.0,0.0,0.0,0.0,0.0,0.0,0.0,0.0,0.0,0.0,0.0,0.0,0.0,0.0,0.0,0.0,0.0,0.0,0.0,0.0,0.0,0.0,0.0,0.0,0.0,0.0,0.0,0.0,0.0,0.0,0.0,0.0,0.0,0.0,0.0,0.0,0.0,0.0,0.0,0.0,0.0,0.0,0.0,0.0,0.0
2026-01-25 16:09:42,4.0,31.2,running,7.1,1.8,36.4,0.0,6.2,0.0,2.2,3.6,1.4,3.1,2.2,2.7,0.4,1.8,1.8,1.3,0.4,0.0,4.0,0.0,1.3,0.0,4.4,4.5,1.3,0.9,0.9,2.7,0.0,0.0,1.8,38.4,6.6,0.9,3.6,2.2,1.8,0.9,4.5,4.5,2.7,2.2,2.7,5.4,3.5,3.1,1.8,0.9,0.0,0.0,0.0,0.0,0.0,0.0,0.0,0.0,0.0,0.0,0.0,0.0,0.0,0.0,0.0,0.0,0.0,0.0,0.0,0.0,0.0,0.0,0.0,0.0,0.0,0.0,0.0,0.0,0.0,0.0,0.0,0.0,0.0,0.0,0.0,0.0,0.0,0.0,0.0,0.0,0.0,0.0,0.0,0.0,0.0,0.0,0.0,0.0
2026-01-25 16:09:46,4.0,28.1,running,4.0,3.1,35.5,0.4,10.2,4.8,7.5,4.4,4.0,0.0,4.9,0.0,0.4,2.4,2.6,0.0,4.5,0.4,3.1,0.0,0.4,0.0,2.7,4.4,3.5,0.9,1.3,0.0,0.4,3.1,0.4,48.5,6.2,1.8,4.0,0.9,0.9,0.9,0.0,0.0,2.6,0.4,0.4,1.8,1.3,2.7,3.1,1.3,0.0,0.0,0.0,0.0,0.0,0.0,0.0,0.0,0.0,0.0,0.0,0.0,0.0,0.0,0.0,0.0,0.0,0.0,0.0,0.0,0.0,0.0,0.0,0.0,0.0,0.0,0.0,0.0,0.0,0.0,0.0,0.0,0.0,0.0,0.0,0.0,0.0,0.0,0.0,0.0,0.0,0.0,0.0,0.0,0.0,0.0,0.0,0.0
2026-01-25 16:09:49,3.6,34.3,running,6.7,1.3,31.7,0.0,11.6,0.9,4.0,1.3,5.4,1.3,4.5,0.4,0.4,0.4,1.8,0.0,0.4,1.8,3.5,0.9,0.9,2.7,0.4,4.0,2.3,0.4,1.8,3.6,1.8,8.5,0.0,41.4,10.3,0.0,6.6,2.2,1.3,2.2,1.8,0.0,0.5,0.4,0.0,1.3,0.9,1.8,0.9,2.2,0.0,0.0,0.0,0.0,0.0,0.0,0.0,0.0,0.0,0.0,0.0,0.0,0.0,0.0,0.0,0.0,0.0,0.0,0.0,0.0,0.0,0.0,0.0,0.0,0.0,0.0,0.0,0.0,0.0,0.0,0.0,0.0,0.0,0.0,0.0,0.0,0.0,0.0,0.0,0.0,0.0,0.0,0.0,0.0,0.0,0.0,0.0,0.0
2026-01-25 16:09:53,3.5,31.2,running,9.3,0.9,32.6,0.0,7.6,1.8,1.3,2.7,3.1,0.0,3.5,0.0,2.2,1.3,1.3,3.1,5.4,0.0,2.2,4.9,1.3,0.4,3.1,3.1,1.3,1.8,1.3,0.0,3.1,3.5,0.9,46.5,5.8,2.7,2.7,0.0,0.4,0.9,1.3,0.4,0.0,0.4,1.8,1.8,2.7,0.4,0.9,2.2,0.0,0.0,0.0,0.0,0.0,0.0,0.0,0.0,0.0,0.0,0.0,0.0,0.0,0.0,0.0,0.0,0.0,0.0,0.0,0.0,0.0,0.0,0.0,0.0,0.0,0.0,0.0,0.0,0.0,0.0,0.0,0.0,0.0,0.0,0.0,0.0,0.0,0.0,0.0,0.0,0.0,0.0,0.0,0.0,0.0,0.0,0.0,0.0
2026-01-25 16:09:56,3.5,28.1,running,5.3,1.8,38.4,1.7,8.9,0.0,3.6,1.8,0.9,0.0,1.3,0.4,0.9,0.0,0.4,0.0,0.0,0.4,1.3,0.0,2.2,0.4,1.8,2.3,2.7,0.4,0.9,2.2,4.5,1.8,1.9,40.3,7.6,4.0,4.0,0.9,0.4,0.4,2.7,4.9,0.0,0.0,3.1,2.7,4.0,1.8,4.5,0.4,0.0,0.0,0.0,0.0,0.0,0.0,0.0,0.0,0.0,0.0,0.0,0.0,0.0,0.0,0.0,0.0,0.0,0.0,0.0,0.0,0.0,0.0,0.0,0.0,0.0,0.0,0.0,0.0,0.0,0.0,0.0,0.0,0.0,0.0,0.0,0.0,0.0,0.0,0.0,0.0,0.0,0.0,0.0,0.0,0.0,0.0,0.0,0.0
2026-01-25 16:10:00,4.0,28.1,running,8.8,4.0,32.9,0.0,11.1,0.0,2.2,4.0,3.6,0.0,0.0,2.2,1.3,0.0,1.8,0.4,2.2,1.3,2.2,0.0,0.4,0.4,3.1,3.9,0.0,0.0,2.7,0.4,1.8,3.6,0.0,42.5,5.8,0.9,4.0,1.3,0.9,6.2,2.2,5.4,4.5,0.4,1.8,5.3,2.2,3.5,2.2,2.7,0.0,0.0,0.0,0.0,0.0,0.0,0.0,0.0,0.0,0.0,0.0,0.0,0.0,0.0,0.0,0.0,0.0,0.0,0.0,0.0,0.0,0.0,0.0,0.0,0.0,0.0,0.0,0.0,0.0,0.0,0.0,0.0,0.0,0.0,0.0,0.0,0.0,0.0,0.0,0.0,0.0,0.0,0.0,0.0,0.0,0.0,0.0,0.0
2026-01-25 16:10:03,3.7,37.5,running,6.2,4.0,35.0,0.4,13.0,2.2,3.6,4.9,4.0,2.2,1.8,0.0,2.7,3.6,1.8,0.0,0.0,1.3,0.4,0.4,2.2,1.8,1.8,3.1,0.0,0.0,3.6,0.0,1.3,4.9,0.9,43.6,3.1,8.5,6.6,0.4,1.8,0.4,0.9,1.8,0.0,1.3,1.8,3.1,0.4,2.7,2.2,0.0,0.0,0.0,0.0,0.0,0.0,0.0,0.0,0.0,0.0,0.0,0.0,0.0,0.0,0.0,0.0,0.0,0.0,0.0,0.0,0.0,0.0,0.0,0.0,0.0,0.0,0.0,0.0,0.0,0.0,0.0,0.0,0.0,0.0,0.0,0.0,0.0,0.0,0.0,0.0,0.0,0.0,0.0,0.0,0.0,0.0,0.0,0.0,0.0
2026-01-25 16:10:07,3.4,31.2,running,7.6,0.9,35.4,0.9,13.1,0.4,1.8,9.3,2.7,0.9,0.9,0.4,3.6,2.2,1.4,2.7,2.7,0.4,0.4,0.0,1.8,0.4,0.9,6.2,0.4,1.8,5.3,1.3,1.3,2.7,1.8,39.3,7.5,6.6,2.7,1.3,1.3,1.3,1.8,2.7,0.0,0.4,0.0,1.8,3.5,0.0,1.8,0.0,0.0,0.0,0.0,0.0,0.0,0.0,0.0,0.0,0.0,0.0,0.0,0.0,0.0,0.0,0.0,0.0,0.0,0.0,0.0,0.0,0.0,0.0,0.0,0.0,0.0,0.0,0.0,0.0,0.0,0.0,0.0,0.0,0.0,0.0,0.0,0.0,0.0,0.0,0.0,0.0,0.0,0.0,0.0,0.0,0.0,0.0,0.0,0.0
2026-01-25 16:10:10,3.8,31.2,running,10.7,1.8,38.2,1.3,12.0,1.3,5.3,5.8,4.5,0.4,3.6,0.9,0.9,3.1,0.4,2.2,1.3,2.2,2.2,0.9,1.3,0.4,8.4,2.7,0.4,0.0,5.8,0.0,1.3,0.9,1.3,38.7,4.5,0.4,3.6,1.3,2.2,8.4,2.7,0.4,0.0,4.5,0.4,1.8,4.7,2.7,0.4,0.4,0.0,0.0,0.0,0.0,0.0,0.0,0.0,0.0,0.0,0.0,0.0,0.0,0.0,0.0,0.0,0.0,0.0,0.0,0.0,0.0,0.0,0.0,0.0,0.0,0.0,0.0,0.0,0.0,0.0,0.0,0.0,0.0,0.0,0.0,0.0,0.0,0.0,0.0,0.0,0.0,0.0,0.0,0.0,0.0,0.0,0.0,0.0,0.0
2026-01-25 16:10:14,3.8,21.8,running,4.0,0.9,40.3,1.8,4.5,4.9,3.1,4.4,7.1,0.0,1.3,2.7,0.9,5.8,1.3,0.0,0.4,4.9,1.8,3.1,4.4,0.4,3.1,0.0,0.0,2.7,5.3,0.0,0.0,0.4,0.0,45.2,4.4,0.4,4.5,2.2,4.0,3.1,0.9,2.2,1.8,0.4,0.4,0.9,0.4,2.2,0.4,1.8,0.0,0.0,0.0,0.0,0.0,0.0,0.0,0.0,0.0,0.0,0.0,0.0,0.0,0.0,0.0,0.0,0.0,0.0,0.0,0.0,0.0,0.0,0.0,0.0,0.0,0.0,0.0,0.0,0.0,0.0,0.0,0.0,0.0,0.0,0.0,0.0,0.0,0.0,0.0,0.0,0.0,0.0,0.0,0.0,0.0,0.0,0.0,0.0
2026-01-25 16:10:17,4.0,31.2,running,7.6,1.3,35.7,1.3,8.5,0.0,4.9,1.8,4.0,0.9,1.8,3.1,2.7,0.9,1.3,1.8,5.7,0.0,0.0,0.0,0.0,6.2,3.1,6.2,2.7,0.9,2.6,2.2,1.8,1.8,0.0,42.2,5.3,0.0,5.4,3.1,0.0,0.4,6.6,0.0,0.9,4.9,0.4,1.8,6.2,0.0,1.8,0.0,0.0,0.0,0.0,0.0,0.0,0.0,0.0,0.0,0.0,0.0,0.0,0.0,0.0,0.0,0.0,0.0,0.0,0.0,0.0,0.0,0.0,0.0,0.0,0.0,0.0,0.0,0.0,0.0,0.0,0.0,0.0,0.0,0.0,0.0,0.0,0.0,0.0,0.0,0.0,0.0,0.0,0.0,0.0,0.0,0.0,0.0,0.0,0.0
2026-01-25 16:10:21,4.0,31.2,running,9.3,0.9,33.8,2.3,10.2,1.3,5.7,4.0,2.2,3.1,6.7,0.4,0.0,2.7,3.6,0.0,5.4,1.8,0.9,1.3,1.3,3.6,1.3,0.9,0.0,0.0,1.4,1.8,0.0,3.6,1.3,43.6,4.5,0.4,1.3,1.4,3.6,4.0,3.1,0.4,0.0,2.7,0.0,2.7,2.2,0.0,1.3,1.8,0.0,0.0,0.0,0.0,0.0,0.0,0.0,0.0,0.0,0.0,0.0,0.0,0.0,0.0,0.0,0.0,0.0,0.0,0.0,0.0,0.0,0.0,0.0,0.0,0.0,0.0,0.0,0.0,0.0,0.0,0.0,0.0,0.0,0.0,0.0,0.0,0.0,0.0,0.0,0.0,0.0,0.0,0.0,0.0,0.0,0.0,0.0,0.0
2026-01-25 16:10:24,3.1,21.8,running,6.2,1.3,25.3,1.7,13.8,1.3,2.2,4.0,2.2,1.3,4.5,1.8,0.4,3.1,3.6,1.8,0.9,0.9,0.0,0.4,0.4,0.4,2.2,3.1,0.0,3.5,3.1,0.0,1.8,0.9,1.3,42.0,4.9,0.0,2.7,1.8,1.3,4.5,6.7,0.0,0.4,0.0,0.0,0.9,3.1,4.0,2.7,1.8,0.0,0.0,0.0,0.0,0.0,0.0,0.0,0.0,0.0,0.0,0.0,0.0,0.0,0.0,0.0,0.0,0.0,0.0,0.0,0.0,0.0,0.0,0.0,0.0,0.0,0.0,0.0,0.0,0.0,0.0,0.0,0.0,0.0,0.0,0.0,0.0,0.0,0.0,0.0,0.0,0.0,0.0,0.0,0.0,0.0,0.0,0.0,0.0
2026-01-25 16:10:28,4.1,34.3,running,5.4,3.1,36.4,0.0,8.0,4.0,4.5,1.8,3.1,4.4,1.3,1.8,7.6,0.4,5.4,2.2,2.2,1.3,1.3,6.2,4.0,0.9,2.2,0.4,0.0,3.6,4.0,0.0,2.7,0.0,0.0,42.7,4.0,1.8,5.3,0.0,2.2,0.0,8.9,4.5,1.3,0.0,0.0,4.0,0.9,2.7,1.3,0.4,0.0,0.0,0.0,0.0,0.0,0.0,0.0,0.0,0.0,0.0,0.0,0.0,0.0,0.0,0.0,0.0,0.0,0.0,0.0,0.0,0.0,0.0,0.0,0.0,0.0,0.0,0.0,0.0,0.0,0.0,0.0,0.0,0.0,0.0,0.0,0.0,0.0,0.0,0.0,0.0,0.0,0.0,0.0,0.0,0.0,0.0,0.0,0.0
2026-01-25 16:10:31,3.6,18.7,running,6.7,0.0,34.2,0.4,8.9,0.9,1.3,3.1,3.5,4.5,1.3,3.6,3.1,2.2,2.2,0.0,5.3,0.4,0.0,2.7,1.8,2.7,4.4,0.9,0.4,0.0,4.9,0.0,2.2,4.0,0.0,44.2,0.9,2.7,2.7,0.4,1.3,2.2,0.4,4.0,2.7,4.0,0.4,4.4,1.8,0.0,3.1,0.4,0.0,0.0,0.0,0.0,0.0,0.0,0.0,0.0,0.0,0.0,0.0,0.0,0.0,0.0,0.0,0.0,0.0,0.0,0.0,0.0,0.0,0.0,0.0,0.0,0.0,0.0,0.0,0.0,0.0,0.0,0.0,0.0,0.0,0.0,0.0,0.0,0.0,0.0,0.0,0.0,0.0,0.0,0.0,0.0,0.0,0.0,0.0,0.0
2026-01-25 16:10:35,4.1,25.0,running,10.1,0.4,34.9,2.2,11.1,2.7,5.3,1.8,2.3,0.9,3.1,0.4,1.8,4.0,5.8,0.9,0.0,1.8,0.4,1.3,1.3,1.8,1.8,4.0,0.4,0.0,5.4,0.0,1.8,5.4,0.9,46.1,16.5,0.0,6.7,0.4,1.8,0.0,0.4,4.0,0.0,1.8,0.9,6.2,2.7,1.3,1.3,1.8,0.0,0.0,0.0,0.0,0.0,0.0,0.0,0.0,0.0,0.0,0.0,0.0,0.0,0.0,0.0,0.0,0.0,0.0,0.0,0.0,0.0,0.0,0.0,0.0,0.0,0.0,0.0,0.0,0.0,0.0,0.0,0.0,0.0,0.0,0.0,0.0,0.0,0.0,0.0,0.0,0.0,0.0,0.0,0.0,0.0,0.0,0.0,0.0
2026-01-25 16:10:38,3.6,31.2,running,9.7,0.4,34.2,0.0,6.2,4.0,3.6,4.5,0.9,1.3,1.3,2.2,1.8,1.8,0.9,0.4,3.5,1.0,1.3,0.4,0.9,2.7,2.7,0.0,0.4,0.9,5.0,1.8,4.0,7.1,3.1,44.2,6.7,0.0,6.2,2.2,0.0,0.0,0.0,4.0,2.7,0.0,0.4,1.8,0.9,1.3,0.0,1.3,0.0,0.0,0.0,0.0,0.0,0.0,0.0,0.0,0.0,0.0,0.0,0.0,0.0,0.0,0.0,0.0,0.0,0.0,0.0,0.0,0.0,0.0,0.0,0.0,0.0,0.0,0.0,0.0,0.0,0.0,0.0,0.0,0.0,0.0,0.0,0.0,0.0,0.0,0.0,0.0,0.0,0.0,0.0,0.0,0.0,0.0,0.0,0.0
2026-01-25 16:10:42,4.0,21.9,running,12.4,2.7,34.4,0.0,9.4,0.0,2.7,2.7,3.1,0.9,1.3,0.4,1.3,1.8,0.9,4.5,4.5,2.9,3.6,0.0,1.8,2.2,4.4,1.3,3.6,0.4,0.0,0.0,3.6,0.9,0.0,48.7,3.6,0.4,1.4,4.4,1.8,0.9,4.4,2.2,2.7,0.4,1.8,0.4,1.8,0.9,0.9,4.0,0.0,0.0,0.0,0.0,0.0,0.0,0.0,0.0,0.0,0.0,0.0,0.0,0.0,0.0,0.0,0.0,0.0,0.0,0.0,0.0,0.0,0.0,0.0,0.0,0.0,0.0,0.0,0.0,0.0,0.0,0.0,0.0,0.0,0.0,0.0,0.0,0.0,0.0,0.0,0.0,0.0,0.0,0.0,0.0,0.0,0.0,0.0,0.0
2026-01-25 16:10:45,3.9,28.1,running,3.6,0.9,35.8,0.4,12.0,1.3,6.2,3.6,3.1,1.3,4.0,0.4,1.3,0.4,3.1,0.9,1.8,0.9,0.0,6.2,2.7,4.0,3.1,0.9,0.0,5.7,1.8,1.8,0.0,2.2,0.0,42.3,2.7,1.8,5.2,0.9,1.3,2.7,3.1,2.7,0.9,2.7,0.9,2.7,2.2,2.7,0.9,0.4,0.0,0.0,0.0,0.0,0.0,0.0,0.0,0.0,0.0,0.0,0.0,0.0,0.0,0.0,0.0,0.0,0.0,0.0,0.0,0.0,0.0,0.0,0.0,0.0,0.0,0.0,0.0,0.0,0.0,0.0,0.0,0.0,0.0,0.0,0.0,0.0,0.0,0.0,0.0,0.0,0.0,0.0,0.0,0.0,0.0,0.0,0.0,0.0
2026-01-25 16:10:49,3.8,25.0,running,4.4,0.0,35.4,0.0,9.8,0.0,6.2,3.6,5.8,0.0,3.1,2.2,4.0,0.0,0.0,0.4,1.8,2.7,0.4,0.9,0.9,1.8,3.1,3.1,1.8,2.7,0.0,0.4,0.0,3.1,2.2,50.4,7.6,3.1,3.1,4.4,1.4,1.3,1.8,3.6,0.9,0.0,0.9,2.7,4.0,1.3,5.3,0.4,0.0,0.0,0.0,0.0,0.0,0.0,0.0,0.0,0.0,0.0,0.0,0.0,0.0,0.0,0.0,0.0,0.0,0.0,0.0,0.0,0.0,0.0,0.0,0.0,0.0,0.0,0.0,0.0,0.0,0.0,0.0,0.0,0.0,0.0,0.0,0.0,0.0,0.0,0.0,0.0,0.0,0.0,0.0,0.0,0.0,0.0,0.0,0.0
2026-01-25 16:10:52,3.8,37.5,running,4.9,1.8,36.0,0.0,8.5,4.4,3.1,2.2,3.6,3.1,5.3,0.9,4.4,1.8,3.1,1.3,1.3,0.4,4.4,0.0,0.4,0.9,0.4,0.9,0.0,0.4,1.8,0.4,0.0,2.7,3.6,41.0,4.9,0.0,2.7,1.3,2.7,0.0,4.0,3.1,0.0,0.0,3.1,0.9,0.9,0.4,1.3,3.6,0.0,0.0,0.0,0.0,0.0,0.0,0.0,0.0,0.0,0.0,0.0,0.0,0.0,0.0,0.0,0.0,0.0,0.0,0.0,0.0,0.0,0.0,0.0,0.0,0.0,0.0,0.0,0.0,0.0,0.0,0.0,0.0,0.0,0.0,0.0,0.0,0.0,0.0,0.0,0.0,0.0,0.0,0.0,0.0,0.0,0.0,0.0,0.0
2026-01-25 16:10:56,3.1,28.1,running,2.2,2.2,36.7,0.0,8.8,5.3,4.0,1.8,4.0,0.4,0.9,1.6,1.8,3.1,1.3,1.8,1.3,0.0,3.6,1.8,1.3,4.0,3.5,4.4,0.4,0.0,1.3,1.3,0.0,4.4,0.0,47.1,5.7,0.4,4.9,0.9,3.6,0.4,1.8,0.9,0.4,0.0,0.4,3.1,4.5,3.1,0.4,2.2,0.0,0.0,0.0,0.0,0.0,0.0,0.0,0.0,0.0,0.0,0.0,0.0,0.0,0.0,0.0,0.0,0.0,0.0,0.0,0.0,0.0,0.0,0.0,0.0,0.0,0.0,0.0,0.0,0.0,0.0,0.0,0.0,0.0,0.0,0.0,0.0,0.0,0.0,0.0,0.0,0.0,0.0,0.0,0.0,0.0,0.0,0.0,0.0
2026-01-25 16:10:59,3.7,31.2,running,7.1,0.4,36.1,0.0,10.7,0.4,4.5,4.9,0.9,2.2,5.4,2.3,1.3,1.3,3.1,0.9,3.6,0.4,0.0,0.0,1.8,5.8,0.9,4.0,0.9,1.3,0.0,3.1,1.3,6.2,0.0,44.9,0.5,0.4,1.8,0.9,4.0,1.3,3.6,2.2,1.3,1.8,0.4,3.6,3.6,0.4,2.7,0.9,0.0,0.0,0.0,0.0,0.0,0.0,0.0,0.0,0.0,0.0,0.0,0.0,0.0,0.0,0.0,0.0,0.0,0.0,0.0,0.0,0.0,0.0,0.0,0.0,0.0,0.0,0.0,0.0,0.0,0.0,0.0,0.0,0.0,0.0,0.0,0.0,0.0,0.0,0.0,0.0,0.0,0.0,0.0,0.0,0.0,0.0,0.0,0.0
2026-01-25 16:11:03,3.3,40.6,running,4.4,2.2,33.2,0.0,8.9,0.9,4.9,1.8,2.3,1.8,2.7,0.4,1.3,2.7,1.3,4.9,3.1,1.8,0.4,2.7,3.1,0.4,3.6,3.1,0.4,0.9,0.4,0.0,0.0,1.8,1.3,43.6,6.2,3.6,3.6,2.7,1.3,2.6,4.9,2.2,0.9,0.0,0.0,3.1,1.8,3.1,0.0,2.2,0.0,0.0,0.0,0.0,0.0,0.0,0.0,0.0,0.0,0.0,0.0,0.0,0.0,0.0,0.0,0.0,0.0,0.0,0.0,0.0,0.0,0.0,0.0,0.0,0.0,0.0,0.0,0.0,0.0,0.0,0.0,0.0,0.0,0.0,0.0,0.0,0.0,0.0,0.0,0.0,0.0,0.0,0.0,0.0,0.0,0.0,0.0,0.0
2026-01-25 16:11:06,3.6,18.7,running,8.4,2.7,30.2,0.8,12.4,2.7,4.4,4.9,3.5,2.2,0.0,0.0,0.0,3.1,3.1,1.3,0.9,0.4,0.0,0.4,0.9,0.4,1.8,0.0,0.0,1.3,3.6,1.8,5.3,0.9,4.0,40.4,8.0,0.4,3.6,3.1,0.4,3.1,3.6,0.4,1.3,0.9,0.9,0.4,5.3,0.0,0.9,0.4,0.0,0.0,0.0,0.0,0.0,0.0,0.0,0.0,0.0,0.0,0.0,0.0,0.0,0.0,0.0,0.0,0.0,0.0,0.0,0.0,0.0,0.0,0.0,0.0,0.0,0.0,0.0,0.0,0.0,0.0,0.0,0.0,0.0,0.0,0.0,0.0,0.0,0.0,0.0,0.0,0.0,0.0,0.0,0.0,0.0,0.0,0.0,0.0
2026-01-25 16:11:10,3.4,31.2,running,7.5,0.4,33.9,0.4,9.9,1.3,4.0,2.2,3.6,0.9,3.6,0.4,2.2,0.4,4.0,0.5,3.6,2.2,1.8,0.0,0.9,2.7,0.9,2.7,0.4,1.3,6.2,0.9,3.1,1.3,0.0,43.6,4.0,0.9,5.4,3.1,2.2,3.6,4.5,0.9,2.7,1.3,3.1,3.5,3.1,0.0,2.2,0.0,0.0,0.0,0.0,0.0,0.0,0.0,0.0,0.0,0.0,0.0,0.0,0.0,0.0,0.0,0.0,0.0,0.0,0.0,0.0,0.0,0.0,0.0,0.0,0.0,0.0,0.0,0.0,0.0,0.0,0.0,0.0,0.0,0.0,0.0,0.0,0.0,0.0,0.0,0.0,0.0,0.0,0.0,0.0,0.0,0.0,0.0,0.0,0.0
2026-01-25 16:11:14,4.6,34.3,running,10.7,1.3,34.4,0.4,12.3,0.0,4.4,2.7,3.1,1.8,5.8,1.8,1.8,0.0,4.0,4.7,2.2,5.7,2.7,0.0,2.2,4.0,1.8,0.4,0.0,1.3,5.4,1.3,2.7,0.0,1.8,40.9,5.4,0.4,2.2,2.7,1.8,3.6,2.7,2.7,4.4,1.3,3.6,5.3,0.4,0.0,4.4,0.0,0.0,0.0,0.0,0.0,0.0,0.0,0.0,0.0,0.0,0.0,0.0,0.0,0.0,0.0,0.0,0.0,0.0,0.0,0.0,0.0,0.0,0.0,0.0,0.0,0.0,0.0,0.0,0.0,0.0,0.0,0.0,0.0,0.0,0.0,0.0,0.0,0.0,0.0,0.0,0.0,0.0,0.0,0.0,0.0,0.0,0.0,0.0,0.0
2026-01-25 16:11:17,4.6,31.2,running,8.5,1.8,33.3,1.4,14.7,0.4,4.9,2.7,1.8,0.4,0.4,2.7,2.2,1.8,1.8,2.2,1.3,2.7,1.3,0.0,1.3,1.8,4.0,0.9,3.6,0.0,5.4,0.4,2.2,1.3,1.8,42.4,6.2,0.0,4.0,0.4,4.9,0.4,5.3,1.8,0.0,4.0,0.4,4.4,4.5,0.0,3.6,0.0,0.0,0.0,0.0,0.0,0.0,0.0,0.0,0.0,0.0,0.0,0.0,0.0,0.0,0.0,0.0,0.0,0.0,0.0,0.0,0.0,0.0,0.0,0.0,0.0,0.0,0.0,0.0,0.0,0.0,0.0,0.0,0.0,0.0,0.0,0.0,0.0,0.0,0.0,0.0,0.0,0.0,0.0,0.0,0.0,0.0,0.0,0.0,0.0
2026-01-25 16:11:21,3.7,37.5,running,4.0,0.0,35.4,0.8,7.6,0.4,3.1,4.5,1.3,1.3,1.8,0.4,4.0,0.0,3.1,3.1,1.3,0.4,1.3,0.0,1.8,0.9,0.9,2.2,3.6,0.4,1.3,0.4,2.7,4.0,0.0,39.6,7.1,1.3,1.8,0.4,1.8,0.4,1.3,4.4,2.2,2.2,0.9,5.8,1.8,1.3,4.0,1.8,0.0,0.0,0.0,0.0,0.0,0.0,0.0,0.0,0.0,0.0,0.0,0.0,0.0,0.0,0.0,0.0,0.0,0.0,0.0,0.0,0.0,0.0,0.0,0.0,0.0,0.0,0.0,0.0,0.0,0.0,0.0,0.0,0.0,0.0,0.0,0.0,0.0,0.0,0.0,0.0,0.0,0.0,0.0,0.0,0.0,0.0,0.0,0.0
2026-01-25 16:11:24,3.8,31.2,running,7.1,0.4,34.1,0.0,4.0,0.0,3.1,1.8,1.3,0.4,1.3,1.8,2.2,0.0,5.8,2.7,0.4,0.9,4.0,0.0,0.9,0.9,1.3,1.3,1.3,0.9,1.8,3.1,1.3,1.3,0.9,46.5,9.0,0.9,1.3,1.3,3.1,4.4,7.6,5.3,2.2,0.0,0.9,3.5,0.0,0.4,2.2,2.2,0.0,0.0,0.0,0.0,0.0,0.0,0.0,0.0,0.0,0.0,0.0,0.0,0.0,0.0,0.0,0.0,0.0,0.0,0.0,0.0,0.0,0.0,0.0,0.0,0.0,0.0,0.0,0.0,0.0,0.0,0.0,0.0,0.0,0.0,0.0,0.0,0.0,0.0,0.0,0.0,0.0,0.0,0.0,0.0,0.0,0.0,0.0,0.0
2026-01-25 16:11:28,3.5,28.1,running,6.2,7.5,34.6,0.4,8.9,0.0,2.7,4.0,3.5,3.9,10.7,0.0,0.0,6.2,1.3,0.9,3.1,0.0,0.0,3.6,2.2,0.0,2.7,5.8,0.4,0.9,0.0,0.0,5.3,0.0,0.9,44.0,7.1,3.5,1.8,1.3,0.4,0.4,0.9,0.0,0.4,1.8,0.4,4.9,3.1,2.7,2.2,0.0,0.0,0.0,0.0,0.0,0.0,0.0,0.0,0.0,0.0,0.0,0.0,0.0,0.0,0.0,0.0,0.0,0.0,0.0,0.0,0.0,0.0,0.0,0.0,0.0,0.0,0.0,0.0,0.0,0.0,0.0,0.0,0.0,0.0,0.0,0.0,0.0,0.0,0.0,0.0,0.0,0.0,0.0,0.0,0.0,0.0,0.0,0.0,0.0
2026-01-25 16:11:31,4.1,25.0,running,10.2,1.8,35.3,0.0,9.4,4.4,4.0,1.3,3.6,2.2,4.0,0.9,1.8,1.3,0.4,2.7,0.9,2.2,4.0,3.1,2.2,1.3,1.3,3.1,0.9,0.0,2.2,4.5,0.4,0.0,1.3,43.8,4.0,1.8,4.0,1.8,4.0,2.2,3.6,3.6,3.1,0.9,1.3,5.8,3.1,0.9,3.6,0.0,0.0,0.0,0.0,0.0,0.0,0.0,0.0,0.0,0.0,0.0,0.0,0.0,0.0,0.0,0.0,0.0,0.0,0.0,0.0,0.0,0.0,0.0,0.0,0.0,0.0,0.0,0.0,0.0,0.0,0.0,0.0,0.0,0.0,0.0,0.0,0.0,0.0,0.0,0.0,0.0,0.0,0.0,0.0,0.0,0.0,0.0,0.0,0.0
2026-01-25 16:11:35,4.4,25.0,running,4.9,1.3,33.8,0.0,8.4,2.2,1.3,2.2,4.5,2.7,4.9,1.3,2.2,0.9,3.6,2.7,0.4,0.4,2.7,0.4,0.9,0.0,6.7,1.3,1.3,2.2,4.5,0.0,0.4,7.2,0.4,42.9,4.9,3.6,6.2,1.8,0.9,2.2,1.3,1.3,0.4,0.0,1.3,4.0,1.8,0.4,0.9,1.3,0.0,0.0,0.0,0.0,0.0,0.0,0.0,0.0,0.0,0.0,0.0,0.0,0.0,0.0,0.0,0.0,0.0,0.0,0.0,0.0,0.0,0.0,0.0,0.0,0.0,0.0,0.0,0.0,0.0,0.0,0.0,0.0,0.0,0.0,0.0,0.0,0.0,0.0,0.0,0.0,0.0,0.0,0.0,0.0,0.0,0.0,0.0,0.0
2026-01-25 16:11:38,3.9,25.0,running,5.8,1.3,33.0,0.0,8.5,2.7,2.2,5.3,3.1,0.9,4.0,0.9,0.4,3.1,3.1,1.3,0.0,0.9,0.0,0.0,0.4,1.8,4.0,1.3,1.8,0.9,2.2,0.0,0.4,4.9,0.0,44.7,2.2,4.4,5.8,0.9,4.0,1.8,4.4,2.2,2.7,2.2,3.1,3.6,4.5,0.9,2.7,2.2,0.0,0.0,0.0,0.0,0.0,0.0,0.0,0.0,0.0,0.0,0.0,0.0,0.0,0.0,0.0,0.0,0.0,0.0,0.0,0.0,0.0,0.0,0.0,0.0,0.0,0.0,0.0,0.0,0.0,0.0,0.0,0.0,0.0,0.0,0.0,0.0,0.0,0.0,0.0,0.0,0.0,0.0,0.0,0.0,0.0,0.0,0.0,0.0
2026-01-25 16:11:42,4.4,12.5,running,7.1,2.7,33.0,1.3,7.6,1.3,2.7,6.7,4.4,6.7,1.8,0.4,3.1,0.0,0.9,2.2,3.1,0.9,4.4,0.0,2.2,1.8,4.9,0.4,2.2,0.0,4.9,2.2,0.9,10.6,1.3,41.2,7.1,0.0,6.7,0.9,0.9,4.9,0.9,4.9,0.4,0.0,2.7,2.7,0.0,0.0,0.4,0.9,0.0,0.0,0.0,0.0,0.0,0.0,0.0,0.0,0.0,0.0,0.0,0.0,0.0,0.0,0.0,0.0,0.0,0.0,0.0,0.0,0.0,0.0,0.0,0.0,0.0,0.0,0.0,0.0,0.0,0.0,0.0,0.0,0.0,0.0,0.0,0.0,0.0,0.0,0.0,0.0,0.0,0.0,0.0,0.0,0.0,0.0,0.0,0.0
2026-01-25 16:11:45,3.9,28.1,running,4.5,0.9,34.1,0.0,6.7,0.4,4.1,4.0,4.5,1.3,2.7,1.8,0.9,1.3,0.0,0.0,0.0,0.9,2.2,0.4,3.1,2.7,0.9,1.3,0.4,2.2,5.8,0.0,0.0,4.9,0.9,45.3,13.7,0.9,8.0,0.4,0.4,1.8,4.4,2.7,0.9,0.4,0.4,2.2,6.2,0.0,1.3,3.1,0.0,0.0,0.0,0.0,0.0,0.0,0.0,0.0,0.0,0.0,0.0,0.0,0.0,0.0,0.0,0.0,0.0,0.0,0.0,0.0,0.0,0.0,0.0,0.0,0.0,0.0,0.0,0.0,0.0,0.0,0.0,0.0,0.0,0.0,0.0,0.0,0.0,0.0,0.0,0.0,0.0,0.0,0.0,0.0,0.0,0.0,0.0,0.0
2026-01-25 16:11:49,3.6,31.2,running,7.6,1.3,32.0,0.4,3.1,3.6,1.8,3.1,1.3,0.4,5.3,3.6,0.9,0.9,0.9,0.0,4.0,0.4,1.3,1.3,1.8,2.7,0.9,0.9,3.1,0.0,4.0,0.9,1.8,3.1,1.3,41.6,4.5,5.3,4.0,1.3,2.7,0.4,4.4,2.7,0.4,0.0,1.3,2.7,3.1,1.8,3.1,0.0,0.0,0.0,0.0,0.0,0.0,0.0,0.0,0.0,0.0,0.0,0.0,0.0,0.0,0.0,0.0,0.0,0.0,0.0,0.0,0.0,0.0,0.0,0.0,0.0,0.0,0.0,0.0,0.0,0.0,0.0,0.0,0.0,0.0,0.0,0.0,0.0,0.0,0.0,0.0,0.0,0.0,0.0,0.0,0.0,0.0,0.0,0.0,0.0
2026-01-25 16:11:52,3.6,31.2,running,8.0,3.1,30.1,0.4,7.1,1.3,1.3,3.5,1.3,0.5,1.8,1.8,1.8,0.0,1.3,0.0,2.2,0.0,2.2,4.9,1.8,0.4,0.4,0.0,1.8,0.0,1.8,0.9,2.2,4.0,1.8,45.3,8.9,1.3,2.7,1.3,0.9,0.0,4.9,4.0,1.3,1.3,0.9,1.8,1.8,4.0,0.4,0.0,0.0,0.0,0.0,0.0,0.0,0.0,0.0,0.0,0.0,0.0,0.0,0.0,0.0,0.0,0.0,0.0,0.0,0.0,0.0,0.0,0.0,0.0,0.0,0.0,0.0,0.0,0.0,0.0,0.0,0.0,0.0,0.0,0.0,0.0,0.0,0.0,0.0,0.0,0.0,0.0,0.0,0.0,0.0,0.0,0.0,0.0,0.0,0.0
2026-01-25 16:11:56,4.2,21.9,running,4.9,3.1,34.4,0.0,8.9,0.0,5.3,1.8,3.1,2.2,2.7,3.6,1.8,0.4,4.9,2.2,0.0,2.7,0.0,0.0,0.9,1.3,3.1,1.8,1.3,3.1,1.3,0.4,0.9,11.6,0.4,42.7,1.8,2.7,3.6,0.4,0.4,5.8,0.9,2.7,3.1,1.8,0.9,2.6,4.0,0.4,0.4,0.0,0.0,0.0,0.0,0.0,0.0,0.0,0.0,0.0,0.0,0.0,0.0,0.0,0.0,0.0,0.0,0.0,0.0,0.0,0.0,0.0,0.0,0.0,0.0,0.0,0.0,0.0,0.0,0.0,0.0,0.0,0.0,0.0,0.0,0.0,0.0,0.0,0.0,0.0,0.0,0.0,0.0,0.0,0.0,0.0,0.0,0.0,0.0,0.0
2026-01-25 16:11:59,4.5,21.9,running,10.2,1.3,40.7,0.0,11.3,2.7,5.9,2.2,4.9,3.1,3.6,0.0,4.0,0.9,1.8,3.2,3.1,3.1,3.6,0.4,1.8,0.0,2.2,0.0,0.4,5.3,1.8,2.2,0.9,1.8,0.4,39.3,6.2,1.3,6.7,4.0,6.2,0.4,0.9,2.7,0.0,0.4,1.8,2.2,4.5,0.4,0.4,1.3,0.0,0.0,0.0,0.0,0.0,0.0,0.0,0.0,0.0,0.0,0.0,0.0,0.0,0.0,0.0,0.0,0.0,0.0,0.0,0.0,0.0,0.0,0.0,0.0,0.0,0.0,0.0,0.0,0.0,0.0,0.0,0.0,0.0,0.0,0.0,0.0,0.0,0.0,0.0,0.0,0.0,0.0,0.0,0.0,0.0,0.0,0.0,0.0
2026-01-25 16:12:03,4.3,34.3,running,11.9,0.9,34.6,0.4,6.5,4.5,5.3,2.2,0.9,4.0,1.3,0.9,6.2,0.5,2.2,3.1,2.7,0.4,4.4,0.9,3.1,0.4,4.9,4.4,2.2,0.9,10.1,2.7,3.5,2.7,0.9,44.4,5.4,0.4,4.4,1.8,4.0,0.0,0.4,0.0,1.3,4.5,4.4,1.8,3.1,0.4,0.9,4.4,0.0,0.0,0.0,0.0,0.0,0.0,0.0,0.0,0.0,0.0,0.0,0.0,0.0,0.0,0.0,0.0,0.0,0.0,0.0,0.0,0.0,0.0,0.0,0.0,0.0,0.0,0.0,0.0,0.0,0.0,0.0,0.0,0.0,0.0,0.0,0.0,0.0,0.0,0.0,0.0,0.0,0.0,0.0,0.0,0.0,0.0,0.0,0.0
2026-01-25 16:12:06,4.0,40.6,running,3.6,2.7,33.6,0.0,7.7,1.3,0.4,2.7,1.8,2.7,1.8,0.4,3.6,0.0,0.9,0.0,0.4,0.4,0.0,4.5,1.8,0.4,3.6,1.8,3.6,0.4,4.0,2.7,2.2,1.8,1.3,40.6,10.2,0.9,4.9,2.2,3.1,2.7,3.5,0.0,1.8,0.4,2.2,4.0,12.1,2.7,0.4,2.7,0.0,0.0,0.0,0.0,0.0,0.0,0.0,0.0,0.0,0.0,0.0,0.0,0.0,0.0,0.0,0.0,0.0,0.0,0.0,0.0,0.0,0.0,0.0,0.0,0.0,0.0,0.0,0.0,0.0,0.0,0.0,0.0,0.0,0.0,0.0,0.0,0.0,0.0,0.0,0.0,0.0,0.0,0.0,0.0,0.0,0.0,0.0,0.0
2026-01-25 16:12:10,4.4,31.2,running,4.9,4.0,35.0,0.0,5.3,0.9,2.2,4.0,3.0,2.2,1.8,1.8,1.3,0.0,0.0,0.4,0.9,4.0,1.3,0.0,1.8,3.1,1.8,0.9,2.7,3.1,1.8,0.0,0.4,0.4,0.4,43.1,8.9,0.0,7.1,0.4,0.9,0.9,8.0,1.3,4.4,0.9,0.0,4.9,4.9,5.3,0.0,3.1,0.0,0.0,0.0,0.0,0.0,0.0,0.0,0.0,0.0,0.0,0.0,0.0,0.0,0.0,0.0,0.0,0.0,0.0,0.0,0.0,0.0,0.0,0.0,0.0,0.0,0.0,0.0,0.0,0.0,0.0,0.0,0.0,0.0,0.0,0.0,0.0,0.0,0.0,0.0,0.0,0.0,0.0,0.0,0.0,0.0,0.0,0.0,0.0
2026-01-25 16:12:13,3.9,28.1,running,9.7,3.6,37.1,0.0,12.1,4.0,2.2,4.5,2.2,8.0,6.2,4.0,6.6,0.0,2.7,0.4,2.2,1.8,1.8,5.3,0.0,0.4,0.4,2.2,1.8,1.8,6.7,0.0,0.4,4.0,0.0,40.2,6.6,2.2,4.4,0.0,0.9,0.0,0.4,0.0,0.0,3.1,0.9,3.1,3.1,2.2,2.7,2.7,0.0,0.0,0.0,0.0,0.0,0.0,0.0,0.0,0.0,0.0,0.0,0.0,0.0,0.0,0.0,0.0,0.0,0.0,0.0,0.0,0.0,0.0,0.0,0.0,0.0,0.0,0.0,0.0,0.0,0.0,0.0,0.0,0.0,0.0,0.0,0.0,0.0,0.0,0.0,0.0,0.0,0.0,0.0,0.0,0.0,0.0,0.0,0.0
2026-01-25 16:12:17,3.5,28.1,running,6.2,2.2,34.5,0.0,6.2,0.9,1.3,1.8,1.3,4.9,1.3,0.4,2.2,1.8,2.2,0.0,4.4,1.8,3.6,1.3,1.8,1.8,1.3,1.8,4.5,2.2,4.0,0.4,4.0,2.2,0.4,43.4,7.6,0.4,6.7,0.9,0.9,0.4,1.3,0.9,0.0,1.3,0.9,2.7,3.1,3.5,3.6,1.3,0.0,0.0,0.0,0.0,0.0,0.0,0.0,0.0,0.0,0.0,0.0,0.0,0.0,0.0,0.0,0.0,0.0,0.0,0.0,0.0,0.0,0.0,0.0,0.0,0.0,0.0,0.0,0.0,0.0,0.0,0.0,0.0,0.0,0.0,0.0,0.0,0.0,0.0,0.0,0.0,0.0,0.0,0.0,0.0,0.0,0.0,0.0,0.0
2026-01-25 16:12:20,3.6,28.1,running,6.2,3.1,30.4,0.0,10.7,0.9,2.2,4.0,5.8,1.9,2.2,0.0,1.9,4.7,0.5,2.7,0.5,0.5,2.3,1.9,0.9,0.0,3.6,1.8,0.4,0.5,4.5,0.5,0.9,0.5,0.0,45.5,4.5,0.5,3.6,0.9,3.1,0.5,1.8,4.7,1.4,0.0,0.5,3.5,2.7,0.5,0.0,0.5,0.0,0.0,0.0,0.0,0.0,0.0,0.0,0.0,0.0,0.0,0.0,0.0,0.0,0.0,0.0,0.0,0.0,0.0,0.0,0.0,0.0,0.0,0.0,0.0,0.0,0.0,0.0,0.0,0.0,0.0,0.0,0.0,0.0,0.0,0.0,0.0,0.0,0.0,0.0,0.0,0.0,0.0,0.0,0.0,0.0,0.0,0.0,0.0
2026-01-25 16:12:24,3.9,28.1,running,3.6,4.4,33.0,0.0,11.7,1.7,4.9,1.8,4.0,0.0,2.7,1.3,0.4,2.5,0.8,2.2,3.9,1.7,0.0,1.3,0.9,0.8,4.0,3.6,0.9,1.7,4.9,0.4,0.0,0.8,0.4,43.8,7.4,0.0,1.8,1.8,1.3,1.3,3.5,1.3,0.8,0.4,0.8,3.6,1.3,0.0,1.7,0.4,0.0,0.0,0.0,0.0,0.0,0.0,0.0,0.0,0.0,0.0,0.0,0.0,0.0,0.0,0.0,0.0,0.0,0.0,0.0,0.0,0.0,0.0,0.0,0.0,0.0,0.0,0.0,0.0,0.0,0.0,0.0,0.0,0.0,0.0,0.0,0.0,0.0,0.0,0.0,0.0,0.0,0.0,0.0,0.0,0.0,0.0,0.0,0.0
2026-01-25 16:12:27,3.8,37.5,running,11.1,1.3,34.4,0.0,9.6,0.9,5.3,1.8,2.2,1.8,6.7,1.7,2.7,0.0,1.3,1.8,3.2,1.8,0.0,0.0,0.9,1.8,0.9,1.8,0.0,0.4,0.4,0.4,0.0,1.8,0.4,41.8,8.5,4.0,4.9,0.4,0.9,0.4,0.4,0.9,1.8,3.6,0.4,1.3,1.3,1.8,5.8,0.4,0.0,0.0,0.0,0.0,0.0,0.0,0.0,0.0,0.0,0.0,0.0,0.0,0.0,0.0,0.0,0.0,0.0,0.0,0.0,0.0,0.0,0.0,0.0,0.0,0.0,0.0,0.0,0.0,0.0,0.0,0.0,0.0,0.0,0.0,0.0,0.0,0.0,0.0,0.0,0.0,0.0,0.0,0.0,0.0,0.0,0.0,0.0,0.0
2026-01-25 16:12:31,3.3,28.1,running,6.2,1.8,33.5,0.0,7.6,0.9,2.7,2.7,1.8,0.4,4.9,0.0,1.8,0.4,0.0,0.4,0.4,0.9,1.8,2.7,0.4,0.9,5.3,2.7,2.2,0.0,2.2,0.0,2.2,0.9,0.0,41.2,5.3,0.4,4.9,0.0,2.7,2.7,1.8,2.2,5.8,2.7,1.3,4.5,5.8,2.2,5.4,0.4,0.0,0.0,0.0,0.0,0.0,0.0,0.0,0.0,0.0,0.0,0.0,0.0,0.0,0.0,0.0,0.0,0.0,0.0,0.0,0.0,0.0,0.0,0.0,0.0,0.0,0.0,0.0,0.0,0.0,0.0,0.0,0.0,0.0,0.0,0.0,0.0,0.0,0.0,0.0,0.0,0.0,0.0,0.0,0.0,0.0,0.0,0.0,0.0
2026-01-25 16:12:34,3.5,37.5,running,7.6,0.0,35.0,0.0,8.4,2.2,2.7,3.6,8.8,3.6,0.4,1.3,4.1,0.0,0.9,3.1,3.1,0.9,1.8,0.4,0.9,1.3,1.3,3.1,0.4,0.9,2.2,0.4,0.4,2.7,0.4,46.4,5.8,0.0,2.2,0.4,2.7,0.0,7.2,0.0,2.2,2.7,2.7,1.8,1.8,0.4,2.2,3.1,0.0,0.0,0.0,0.0,0.0,0.0,0.0,0.0,0.0,0.0,0.0,0.0,0.0,0.0,0.0,0.0,0.0,0.0,0.0,0.0,0.0,0.0,0.0,0.0,0.0,0.0,0.0,0.0,0.0,0.0,0.0,0.0,0.0,0.0,0.0,0.0,0.0,0.0,0.0,0.0,0.0,0.0,0.0,0.0,0.0,0.0,0.0,0.0
2026-01-25 16:12:38,3.8,28.1,running,8.0,3.1,32.3,0.0,9.4,0.4,5.4,1.8,2.2,2.2,4.4,2.7,4.0,1.8,0.0,7.6,5.8,0.4,0.9,0.0,1.8,1.8,3.6,0.9,3.5,0.0,0.0,0.0,1.8,8.5,0.9,45.7,2.7,0.4,2.2,1.3,2.7,0.0,4.0,5.8,4.0,0.0,0.4,4.4,2.2,1.8,0.9,0.9,0.0,0.0,0.0,0.0,0.0,0.0,0.0,0.0,0.0,0.0,0.0,0.0,0.0,0.0,0.0,0.0,0.0,0.0,0.0,0.0,0.0,0.0,0.0,0.0,0.0,0.0,0.0,0.0,0.0,0.0,0.0,0.0,0.0,0.0,0.0,0.0,0.0,0.0,0.0,0.0,0.0,0.0,0.0,0.0,0.0,0.0,0.0,0.0
2026-01-25 16:12:41,4.1,34.3,running,6.7,0.0,35.4,0.0,9.3,0.0,3.1,2.7,3.1,0.9,2.2,0.4,5.8,2.2,2.7,0.4,4.5,1.3,2.7,1.8,1.8,1.8,5.7,0.9,0.0,4.0,4.0,0.0,3.2,0.9,0.9,44.0,4.0,4.0,4.0,1.3,2.7,3.1,0.9,2.2,3.1,2.2,0.9,2.7,2.7,1.8,4.4,0.0,0.0,0.0,0.0,0.0,0.0,0.0,0.0,0.0,0.0,0.0,0.0,0.0,0.0,0.0,0.0,0.0,0.0,0.0,0.0,0.0,0.0,0.0,0.0,0.0,0.0,0.0,0.0,0.0,0.0,0.0,0.0,0.0,0.0,0.0,0.0,0.0,0.0,0.0,0.0,0.0,0.0,0.0,0.0,0.0,0.0,0.0,0.0,0.0
2026-01-25 16:12:45,3.7,28.1,running,12.3,1.3,31.6,0.0,10.2,1.3,3.6,3.1,4.0,1.3,1.3,1.3,1.8,3.1,0.4,1.3,1.8,5.8,1.8,0.0,3.1,3.6,1.3,1.8,0.9,4.0,0.4,1.3,0.4,2.2,0.5,46.9,0.9,0.9,2.7,0.4,0.0,1.3,7.1,2.2,2.7,0.4,0.0,4.9,3.1,2.2,0.0,0.9,0.0,0.0,0.0,0.0,0.0,0.0,0.0,0.0,0.0,0.0,0.0,0.0,0.0,0.0,0.0,0.0,0.0,0.0,0.0,0.0,0.0,0.0,0.0,0.0,0.0,0.0,0.0,0.0,0.0,0.0,0.0,0.0,0.0,0.0,0.0,0.0,0.0,0.0,0.0,0.0,0.0,0.0,0.0,0.0,0.0,0.0,0.0,0.0
2026-01-25 16:12:48,3.4,28.1,running,5.3,0.9,35.1,0.0,10.7,2.2,3.6,2.2,1.8,1.3,2.7,6.2,1.8,0.4,1.8,0.0,0.4,1.4,0.9,5.3,1.3,3.6,1.8,0.9,1.3,1.3,7.5,3.1,2.2,2.7,0.4,40.8,5.4,1.8,4.0,0.9,0.0,0.0,1.8,0.0,3.1,0.0,2.2,1.8,6.7,1.3,2.2,0.0,0.0,0.0,0.0,0.0,0.0,0.0,0.0,0.0,0.0,0.0,0.0,0.0,0.0,0.0,0.0,0.0,0.0,0.0,0.0,0.0,0.0,0.0,0.0,0.0,0.0,0.0,0.0,0.0,0.0,0.0,0.0,0.0,0.0,0.0,0.0,0.0,0.0,0.0,0.0,0.0,0.0,0.0,0.0,0.0,0.0,0.0,0.0,0.0
2026-01-25 16:12:52,4.2,28.1,running,12.3,2.7,34.3,0.0,12.0,2.7,4.0,3.1,3.1,0.9,4.4,1.8,1.3,2.7,3.6,0.9,0.4,0.0,0.4,0.4,2.2,0.4,1.3,2.7,0.9,0.4,5.8,0.4,4.9,6.3,1.3,51.8,4.4,0.4,3.6,0.9,2.2,1.3,2.2,0.4,4.9,4.5,3.6,0.9,0.4,0.0,0.4,0.4,0.0,0.0,0.0,0.0,0.0,0.0,0.0,0.0,0.0,0.0,0.0,0.0,0.0,0.0,0.0,0.0,0.0,0.0,0.0,0.0,0.0,0.0,0.0,0.0,0.0,0.0,0.0,0.0,0.0,0.0,0.0,0.0,0.0,0.0,0.0,0.0,0.0,0.0,0.0,0.0,0.0,0.0,0.0,0.0,0.0,0.0,0.0,0.0
2026-01-25 16:12:55,4.9,34.3,running,13.1,0.9,38.8,0.4,11.6,0.0,3.1,3.6,3.1,0.4,4.9,1.3,1.8,0.4,0.4,1.3,2.2,1.8,0.4,1.8,2.7,2.2,1.8,6.2,4.9,0.4,3.6,1.8,3.1,2.7,2.6,42.7,9.8,0.4,5.8,3.1,1.3,1.3,6.2,0.0,3.1,5.4,2.7,7.1,0.9,3.5,1.3,1.8,0.0,0.0,0.0,0.0,0.0,0.0,0.0,0.0,0.0,0.0,0.0,0.0,0.0,0.0,0.0,0.0,0.0,0.0,0.0,0.0,0.0,0.0,0.0,0.0,0.0,0.0,0.0,0.0,0.0,0.0,0.0,0.0,0.0,0.0,0.0,0.0,0.0,0.0,0.0,0.0,0.0,0.0,0.0,0.0,0.0,0.0,0.0,0.0
2026-01-25 16:12:59,3.6,18.7,running,8.9,3.6,29.6,0.0,6.7,0.4,4.0,3.1,8.4,2.2,0.9,0.4,3.6,0.9,2.7,0.0,0.4,0.9,0.9,0.0,1.8,0.9,1.3,7.1,0.9,3.6,4.9,0.4,0.4,2.7,0.0,48.7,8.0,0.4,4.4,0.4,0.4,2.7,9.0,4.9,1.3,1.3,0.9,4.0,0.4,0.4,4.5,3.6,0.0,0.0,0.0,0.0,0.0,0.0,0.0,0.0,0.0,0.0,0.0,0.0,0.0,0.0,0.0,0.0,0.0,0.0,0.0,0.0,0.0,0.0,0.0,0.0,0.0,0.0,0.0,0.0,0.0,0.0,0.0,0.0,0.0,0.0,0.0,0.0,0.0,0.0,0.0,0.0,0.0,0.0,0.0,0.0,0.0,0.0,0.0,0.0
2026-01-25 16:13:02,4.0,31.2,running,9.7,1.8,32.3,0.0,11.6,0.0,3.1,3.6,2.7,1.3,5.3,0.9,3.1,0.0,3.6,0.4,2.2,0.9,1.8,1.3,1.3,2.2,4.4,4.5,0.9,0.0,2.7,2.2,3.1,1.3,0.9,42.0,3.1,4.0,4.0,1.8,3.6,0.4,6.2,1.8,0.4,1.3,2.2,1.3,2.7,2.7,1.8,0.0,0.0,0.0,0.0,0.0,0.0,0.0,0.0,0.0,0.0,0.0,0.0,0.0,0.0,0.0,0.0,0.0,0.0,0.0,0.0,0.0,0.0,0.0,0.0,0.0,0.0,0.0,0.0,0.0,0.0,0.0,0.0,0.0,0.0,0.0,0.0,0.0,0.0,0.0,0.0,0.0,0.0,0.0,0.0,0.0,0.0,0.0,0.0,0.0
2026-01-25 16:13:06,3.8,21.9,running,6.2,0.4,36.2,0.0,11.2,0.0,4.9,2.2,3.1,2.2,4.0,0.0,2.2,0.0,2.7,2.2,1.8,0.0,0.0,1.8,1.3,0.9,4.0,0.4,3.1,0.0,4.0,2.7,3.6,2.2,0.4,45.8,4.4,0.4,3.1,0.4,0.9,1.8,0.0,2.2,0.0,1.3,0.4,4.9,2.2,3.1,1.8,1.3,0.0,0.0,0.0,0.0,0.0,0.0,0.0,0.0,0.0,0.0,0.0,0.0,0.0,0.0,0.0,0.0,0.0,0.0,0.0,0.0,0.0,0.0,0.0,0.0,0.0,0.0,0.0,0.0,0.0,0.0,0.0,0.0,0.0,0.0,0.0,0.0,0.0,0.0,0.0,0.0,0.0,0.0,0.0,0.0,0.0,0.0,0.0,0.0
2026-01-25 16:13:09,3.8,31.2,running,8.4,2.2,29.5,0.0,9.8,0.4,3.1,4.9,5.8,3.1,3.1,2.6,2.2,0.9,0.9,0.9,1.8,0.4,1.4,2.2,0.4,0.0,4.9,2.7,1.8,0.4,2.7,6.2,0.0,0.9,0.4,50.9,11.2,0.4,3.1,1.8,0.9,0.9,1.8,3.1,4.0,4.9,0.9,3.1,1.3,0.0,0.0,1.8,0.0,0.0,0.0,0.0,0.0,0.0,0.0,0.0,0.0,0.0,0.0,0.0,0.0,0.0,0.0,0.0,0.0,0.0,0.0,0.0,0.0,0.0,0.0,0.0,0.0,0.0,0.0,0.0,0.0,0.0,0.0,0.0,0.0,0.0,0.0,0.0,0.0,0.0,0.0,0.0,0.0,0.0,0.0,0.0,0.0,0.0,0.0,0.0
2026-01-25 16:13:13,3.5,28.1,running,4.9,1.8,34.8,0.0,8.4,0.0,4.0,2.2,2.7,0.0,0.4,0.0,0.9,1.8,1.3,0.4,4.9,0.0,1.7,1.8,1.8,2.7,3.1,0.0,1.8,0.9,4.0,0.4,2.7,2.2,2.6,48.2,5.8,0.0,2.7,2.2,0.0,2.2,0.4,0.9,1.8,0.9,0.9,1.8,1.8,2.7,2.2,0.0,0.0,0.0,0.0,0.0,0.0,0.0,0.0,0.0,0.0,0.0,0.0,0.0,0.0,0.0,0.0,0.0,0.0,0.0,0.0,0.0,0.0,0.0,0.0,0.0,0.0,0.0,0.0,0.0,0.0,0.0,0.0,0.0,0.0,0.0,0.0,0.0,0.0,0.0,0.0,0.0,0.0,0.0,0.0,0.0,0.0,0.0,0.0,0.0
2026-01-25 16:13:16,3.6,28.1,running,8.0,0.9,39.4,0.4,10.7,0.9,4.5,7.6,3.1,0.0,3.6,0.0,0.4,3.1,0.4,0.9,0.0,0.9,2.7,0.9,2.2,1.3,1.8,4.4,1.3,3.1,5.3,0.0,3.5,0.4,0.0,41.0,5.8,0.0,4.4,0.9,0.9,0.0,3.5,1.3,0.9,4.9,0.9,2.2,0.0,3.6,3.5,1.8,0.0,0.0,0.0,0.0,0.0,0.0,0.0,0.0,0.0,0.0,0.0,0.0,0.0,0.0,0.0,0.0,0.0,0.0,0.0,0.0,0.0,0.0,0.0,0.0,0.0,0.0,0.0,0.0,0.0,0.0,0.0,0.0,0.0,0.0,0.0,0.0,0.0,0.0,0.0,0.0,0.0,0.0,0.0,0.0,0.0,0.0,0.0,0.0
2026-01-25 16:13:20,4.3,31.2,running,13.3,2.2,35.8,2.7,9.4,0.9,3.6,1.8,2.2,3.1,4.4,0.9,4.4,3.1,3.1,0.9,1.8,0.4,0.4,0.0,1.8,0.4,3.1,2.7,3.1,5.8,3.1,0.0,0.4,3.5,0.0,38.1,1.3,2.7,8.0,0.4,0.9,2.7,3.6,0.0,1.8,4.4,0.9,4.5,5.3,0.9,3.1,4.4,0.0,0.0,0.0,0.0,0.0,0.0,0.0,0.0,0.0,0.0,0.0,0.0,0.0,0.0,0.0,0.0,0.0,0.0,0.0,0.0,0.0,0.0,0.0,0.0,0.0,0.0,0.0,0.0,0.0,0.0,0.0,0.0,0.0,0.0,0.0,0.0,0.0,0.0,0.0,0.0,0.0,0.0,0.0,0.0,0.0,0.0,0.0,0.0
2026-01-25 16:13:23,3.5,34.3,running,5.4,0.4,34.8,1.3,10.3,3.1,0.0,5.8,1.8,5.8,1.8,0.0,0.9,2.2,0.0,2.2,1.3,0.4,0.4,0.9,2.7,1.4,3.5,2.2,1.3,3.6,1.8,0.0,2.3,2.2,0.0,42.4,3.6,0.4,0.4,3.1,4.5,0.0,2.2,5.8,0.9,0.4,2.7,6.2,4.5,0.0,0.0,0.0,0.0,0.0,0.0,0.0,0.0,0.0,0.0,0.0,0.0,0.0,0.0,0.0,0.0,0.0,0.0,0.0,0.0,0.0,0.0,0.0,0.0,0.0,0.0,0.0,0.0,0.0,0.0,0.0,0.0,0.0,0.0,0.0,0.0,0.0,0.0,0.0,0.0,0.0,0.0,0.0,0.0,0.0,0.0,0.0,0.0,0.0,0.0,0.0
2026-01-25 16:13:27,3.1,34.3,running,8.9,0.9,33.5,2.4,7.5,0.4,3.6,4.5,6.2,3.1,1.3,1.8,2.7,1.3,0.0,0.9,1.8,0.0,1.8,0.0,0.9,0.0,3.6,1.3,5.8,0.4,7.1,1.4,0.9,4.9,0.4,42.5,1.3,0.4,3.5,2.7,2.7,0.9,5.8,4.9,1.3,0.4,0.0,4.4,2.2,2.7,1.3,2.2,0.0,0.0,0.0,0.0,0.0,0.0,0.0,0.0,0.0,0.0,0.0,0.0,0.0,0.0,0.0,0.0,0.0,0.0,0.0,0.0,0.0,0.0,0.0,0.0,0.0,0.0,0.0,0.0,0.0,0.0,0.0,0.0,0.0,0.0,0.0,0.0,0.0,0.0,0.0,0.0,0.0,0.0,0.0,0.0,0.0,0.0,0.0,0.0
2026-01-25 16:13:30,3.9,31.2,running,10.2,1.3,40.4,0.8,9.8,0.4,1.8,2.7,3.6,2.2,2.2,0.4,2.7,2.7,2.7,0.0,1.3,1.3,2.2,1.5,2.7,0.0,3.6,5.8,0.9,0.4,2.2,1.3,4.5,1.8,1.8,46.9,4.9,3.1,0.9,1.3,1.8,2.2,5.8,2.7,0.0,0.9,0.4,0.9,0.4,7.1,2.2,1.3,0.0,0.0,0.0,0.0,0.0,0.0,0.0,0.0,0.0,0.0,0.0,0.0,0.0,0.0,0.0,0.0,0.0,0.0,0.0,0.0,0.0,0.0,0.0,0.0,0.0,0.0,0.0,0.0,0.0,0.0,0.0,0.0,0.0,0.0,0.0,0.0,0.0,0.0,0.0,0.0,0.0,0.0,0.0,0.0,0.0,0.0,0.0,0.0
2026-01-25 16:13:34,4.4,28.1,running,11.6,2.7,32.1,0.4,13.9,2.2,3.1,3.1,1.8,3.1,1.4,0.0,0.9,5.8,4.0,0.0,0.5,0.0,8.4,0.8,0.9,0.0,3.1,3.6,1.3,0.0,9.4,0.0,1.8,1.3,0.0,45.1,4.0,1.3,0.4,1.8,2.2,0.5,5.4,0.0,3.6,1.8,2.2,1.3,2.2,3.1,3.1,0.4,0.0,0.0,0.0,0.0,0.0,0.0,0.0,0.0,0.0,0.0,0.0,0.0,0.0,0.0,0.0,0.0,0.0,0.0,0.0,0.0,0.0,0.0,0.0,0.0,0.0,0.0,0.0,0.0,0.0,0.0,0.0,0.0,0.0,0.0,0.0,0.0,0.0,0.0,0.0,0.0,0.0,0.0,0.0,0.0,0.0,0.0,0.0,0.0
2026-01-25 16:13:37,3.8,43.7,running,7.6,5.4,34.5,1.3,10.6,0.9,5.3,5.4,2.2,2.2,6.7,2.7,1.3,0.4,0.9,2.7,0.4,0.0,0.9,1.8,1.3,1.3,1.8,3.6,3.5,0.9,4.0,0.9,3.1,2.7,0.0,42.4,3.1,0.9,1.3,4.4,1.3,0.4,3.6,6.2,3.1,0.9,1.3,1.8,2.2,2.7,1.3,2.2,0.0,0.0,0.0,0.0,0.0,0.0,0.0,0.0,0.0,0.0,0.0,0.0,0.0,0.0,0.0,0.0,0.0,0.0,0.0,0.0,0.0,0.0,0.0,0.0,0.0,0.0,0.0,0.0,0.0,0.0,0.0,0.0,0.0,0.0,0.0,0.0,0.0,0.0,0.0,0.0,0.0,0.0,0.0,0.0,0.0,0.0,0.0,0.0
2026-01-25 16:13:41,3.3,28.1,running,5.8,0.9,35.6,0.9,14.1,0.0,4.0,5.3,4.9,0.4,2.2,2.7,1.8,0.4,3.6,0.9,0.4,4.0,1.8,1.8,3.5,0.9,0.9,4.5,0.4,3.1,0.4,0.4,0.9,2.2,0.4,40.1,7.5,1.3,1.3,2.7,1.3,5.8,6.2,0.9,0.4,0.4,1.3,2.2,2.2,2.2,1.8,3.6,0.0,0.0,0.0,0.0,0.0,0.0,0.0,0.0,0.0,0.0,0.0,0.0,0.0,0.0,0.0,0.0,0.0,0.0,0.0,0.0,0.0,0.0,0.0,0.0,0.0,0.0,0.0,0.0,0.0,0.0,0.0,0.0,0.0,0.0,0.0,0.0,0.0,0.0,0.0,0.0,0.0,0.0,0.0,0.0,0.0,0.0,0.0,0.0
2026-01-25 16:13:44,3.9,25.0,running,4.4,2.7,31.9,0.0,7.5,0.0,3.1,3.1,0.9,1.3,1.3,0.4,0.9,0.4,3.6,0.4,0.4,0.9,0.9,0.9,1.3,2.2,0.4,3.1,0.9,0.9,2.7,2.2,0.9,4.0,3.5,42.0,15.1,1.8,0.9,1.3,0.0,3.6,1.3,1.8,5.8,0.4,0.9,2.7,3.1,0.4,0.9,0.9,0.0,0.0,0.0,0.0,0.0,0.0,0.0,0.0,0.0,0.0,0.0,0.0,0.0,0.0,0.0,0.0,0.0,0.0,0.0,0.0,0.0,0.0,0.0,0.0,0.0,0.0,0.0,0.0,0.0,0.0,0.0,0.0,0.0,0.0,0.0,0.0,0.0,0.0,0.0,0.0,0.0,0.0,0.0,0.0,0.0,0.0,0.0,0.0
2026-01-25 16:13:48,4.0,25.0,running,8.0,1.3,32.2,0.4,8.9,1.8,3.6,3.6,3.6,4.9,4.9,2.2,7.2,0.9,2.7,0.4,3.1,0.4,1.3,3.2,1.8,2.2,2.7,3.2,0.0,3.1,0.9,1.8,0.0,0.4,1.8,43.9,6.3,0.4,2.7,2.2,0.9,0.9,4.0,3.2,0.4,2.7,0.4,3.1,0.0,1.8,4.9,1.4,0.0,0.0,0.0,0.0,0.0,0.0,0.0,0.0,0.0,0.0,0.0,0.0,0.0,0.0,0.0,0.0,0.0,0.0,0.0,0.0,0.0,0.0,0.0,0.0,0.0,0.0,0.0,0.0,0.0,0.0,0.0,0.0,0.0,0.0,0.0,0.0,0.0,0.0,0.0,0.0,0.0,0.0,0.0,0.0,0.0,0.0,0.0,0.0
2026-01-25 16:13:51,4.0,40.6,running,7.6,1.8,31.4,1.3,11.6,0.9,4.0,1.3,3.1,0.9,2.2,0.0,2.2,0.5,0.0,4.9,0.4,0.4,2.7,0.4,1.8,1.8,4.9,1.8,2.7,1.8,3.6,0.4,1.3,0.9,0.0,46.5,6.2,3.6,1.8,2.7,2.2,0.4,7.6,4.4,5.7,0.0,0.9,2.7,2.7,0.0,2.7,4.0,0.0,0.0,0.0,0.0,0.0,0.0,0.0,0.0,0.0,0.0,0.0,0.0,0.0,0.0,0.0,0.0,0.0,0.0,0.0,0.0,0.0,0.0,0.0,0.0,0.0,0.0,0.0,0.0,0.0,0.0,0.0,0.0,0.0,0.0,0.0,0.0,0.0,0.0,0.0,0.0,0.0,0.0,0.0,0.0,0.0,0.0,0.0,0.0
2026-01-25 16:13:55,4.4,34.4,running,11.1,3.1,35.8,0.9,10.3,3.1,4.9,3.6,4.8,2.2,3.1,5.7,0.9,0.4,4.5,0.9,3.1,4.0,2.2,0.0,3.1,1.8,3.1,0.0,0.4,0.4,5.3,2.7,2.7,3.1,0.4,39.6,9.8,0.4,4.9,2.2,0.4,0.0,8.0,2.7,2.7,0.0,4.5,3.6,0.4,0.0,0.0,3.1,0.0,0.0,0.0,0.0,0.0,0.0,0.0,0.0,0.0,0.0,0.0,0.0,0.0,0.0,0.0,0.0,0.0,0.0,0.0,0.0,0.0,0.0,0.0,0.0,0.0,0.0,0.0,0.0,0.0,0.0,0.0,0.0,0.0,0.0,0.0,0.0,0.0,0.0,0.0,0.0,0.0,0.0,0.0,0.0,0.0,0.0,0.0,0.0
2026-01-25 16:13:58,4.0,25.0,running,10.6,1.8,33.3,0.0,11.0,0.0,4.4,4.9,6.2,2.7,3.6,0.0,1.8,0.9,4.0,1.3,2.7,0.9,1.8,1.3,0.9,0.4,0.9,4.0,4.0,1.3,4.5,3.1,2.2,0.9,0.0,46.9,4.5,0.0,0.4,0.9,0.9,0.4,8.0,0.9,2.2,0.4,1.3,3.1,2.7,0.9,2.7,3.6,0.0,0.0,0.0,0.0,0.0,0.0,0.0,0.0,0.0,0.0,0.0,0.0,0.0,0.0,0.0,0.0,0.0,0.0,0.0,0.0,0.0,0.0,0.0,0.0,0.0,0.0,0.0,0.0,0.0,0.0,0.0,0.0,0.0,0.0,0.0,0.0,0.0,0.0,0.0,0.0,0.0,0.0,0.0,0.0,0.0,0.0,0.0,0.0
2026-01-25 16:14:02,3.8,28.1,running,6.2,0.4,34.1,1.8,6.2,6.6,3.6,3.1,3.1,1.3,4.0,4.9,3.6,1.8,1.3,0.0,0.9,0.9,1.8,0.0,2.2,0.9,3.1,0.9,1.3,1.8,2.2,0.0,0.4,1.8,0.9,47.1,9.8,0.9,1.3,1.8,0.9,2.7,6.7,0.9,2.7,0.0,2.2,2.7,0.4,0.0,4.0,0.0,0.0,0.0,0.0,0.0,0.0,0.0,0.0,0.0,0.0,0.0,0.0,0.0,0.0,0.0,0.0,0.0,0.0,0.0,0.0,0.0,0.0,0.0,0.0,0.0,0.0,0.0,0.0,0.0,0.0,0.0,0.0,0.0,0.0,0.0,0.0,0.0,0.0,0.0,0.0,0.0,0.0,0.0,0.0,0.0,0.0,0.0,0.0,0.0
2026-01-25 16:14:05,3.7,25.0,running,8.9,7.1,31.7,1.3,8.5,1.3,4.0,8.8,8.5,2.2,3.1,3.5,1.8,0.9,0.4,0.0,1.3,0.4,2.2,0.9,1.3,0.0,1.8,0.9,0.4,2.2,4.0,9.7,0.4,5.3,0.0,48.0,2.7,0.0,1.3,0.9,0.0,0.4,9.8,3.1,2.2,3.1,0.0,1.3,3.1,0.9,2.2,0.9,0.0,0.0,0.0,0.0,0.0,0.0,0.0,0.0,0.0,0.0,0.0,0.0,0.0,0.0,0.0,0.0,0.0,0.0,0.0,0.0,0.0,0.0,0.0,0.0,0.0,0.0,0.0,0.0,0.0,0.0,0.0,0.0,0.0,0.0,0.0,0.0,0.0,0.0,0.0,0.0,0.0,0.0,0.0,0.0,0.0,0.0,0.0,0.0
2026-01-25 16:14:09,5.2,34.3,running,7.5,0.4,34.8,0.0,12.4,0.4,6.7,2.7,4.4,1.4,1.8,4.9,2.7,2.2,1.8,0.0,0.4,0.9,0.0,2.2,1.3,0.4,1.3,0.9,2.7,1.3,5.1,0.4,0.0,4.4,1.3,41.3,9.8,0.0,4.5,2.2,4.4,3.6,6.6,0.4,1.4,3.6,2.3,1.8,2.7,0.0,3.1,1.8,0.0,0.0,0.0,0.0,0.0,0.0,0.0,0.0,0.0,0.0,0.0,0.0,0.0,0.0,0.0,0.0,0.0,0.0,0.0,0.0,0.0,0.0,0.0,0.0,0.0,0.0,0.0,0.0,0.0,0.0,0.0,0.0,0.0,0.0,0.0,0.0,0.0,0.0,0.0,0.0,0.0,0.0,0.0,0.0,0.0,0.0,0.0,0.0
2026-01-25 16:14:12,3.8,25.0,running,5.8,4.4,29.5,0.9,12.2,0.0,5.4,3.6,6.3,0.8,1.3,2.2,4.0,0.0,6.7,4.5,1.3,0.0,1.8,2.7,3.1,0.0,5.8,1.8,3.6,0.4,3.0,3.2,1.3,0.0,0.9,41.2,3.6,0.0,1.8,0.0,1.3,4.5,10.3,0.4,1.3,0.0,3.9,1.8,1.3,1.8,2.7,0.9,0.0,0.0,0.0,0.0,0.0,0.0,0.0,0.0,0.0,0.0,0.0,0.0,0.0,0.0,0.0,0.0,0.0,0.0,0.0,0.0,0.0,0.0,0.0,0.0,0.0,0.0,0.0,0.0,0.0,0.0,0.0,0.0,0.0,0.0,0.0,0.0,0.0,0.0,0.0,0.0,0.0,0.0,0.0,0.0,0.0,0.0,0.0,0.0
2026-01-25 16:14:16,3.8,37.5,running,4.0,2.2,32.4,0.0,4.4,2.7,2.7,2.2,4.0,0.0,1.8,0.0,2.2,0.0,0.9,1.8,0.5,2.6,4.0,2.7,1.8,0.0,2.2,1.8,0.4,0.0,0.9,0.0,1.8,1.5,0.9,43.8,11.9,2.2,1.8,0.9,1.8,0.0,6.7,1.8,2.7,0.9,0.0,2.7,1.8,2.2,0.0,4.4,0.0,0.0,0.0,0.0,0.0,0.0,0.0,0.0,0.0,0.0,0.0,0.0,0.0,0.0,0.0,0.0,0.0,0.0,0.0,0.0,0.0,0.0,0.0,0.0,0.0,0.0,0.0,0.0,0.0,0.0,0.0,0.0,0.0,0.0,0.0,0.0,0.0,0.0,0.0,0.0,0.0,0.0,0.0,0.0,0.0,0.0,0.0,0.0
2026-01-25 16:14:19,4.7,25.0,running,4.9,1.8,34.8,0.0,8.8,3.6,5.3,3.6,2.7,0.9,1.8,0.9,1.8,3.6,2.7,0.4,3.1,1.3,3.6,0.0,1.8,2.2,4.5,2.7,4.5,0.4,0.9,0.4,2.7,0.8,0.0,48.4,2.2,5.7,1.8,0.4,2.2,10.2,5.8,2.2,5.3,0.4,0.5,3.1,0.5,2.2,0.9,1.8,0.0,0.0,0.0,0.0,0.0,0.0,0.0,0.0,0.0,0.0,0.0,0.0,0.0,0.0,0.0,0.0,0.0,0.0,0.0,0.0,0.0,0.0,0.0,0.0,0.0,0.0,0.0,0.0,0.0,0.0,0.0,0.0,0.0,0.0,0.0,0.0,0.0,0.0,0.0,0.0,0.0,0.0,0.0,0.0,0.0,0.0,0.0,0.0
2026-01-25 16:14:23,3.5,43.7,running,8.5,0.0,34.2,0.0,8.5,1.8,4.5,3.1,3.1,2.6,2.6,0.9,4.0,0.4,2.2,4.9,1.3,0.0,5.4,0.4,1.3,0.9,2.2,2.7,3.3,2.7,0.4,0.4,1.3,0.9,1.8,41.5,9.8,1.4,2.2,0.4,0.4,3.6,3.6,0.4,1.3,0.0,3.1,1.8,1.8,0.9,0.4,0.0,0.0,0.0,0.0,0.0,0.0,0.0,0.0,0.0,0.0,0.0,0.0,0.0,0.0,0.0,0.0,0.0,0.0,0.0,0.0,0.0,0.0,0.0,0.0,0.0,0.0,0.0,0.0,0.0,0.0,0.0,0.0,0.0,0.0,0.0,0.0,0.0,0.0,0.0,0.0,0.0,0.0,0.0,0.0,0.0,0.0,0.0,0.0,0.0
2026-01-25 16:14:26,4.3,37.5,running,8.4,0.4,36.7,3.6,13.2,2.2,3.1,4.0,3.1,2.7,2.2,4.9,4.0,0.0,1.3,0.0,0.9,0.9,0.0,0.4,0.4,0.4,1.8,0.9,1.7,1.8,4.9,0.0,1.3,4.9,0.4,40.4,4.0,0.0,1.8,1.3,0.0,2.2,5.4,0.0,3.1,1.3,2.7,4.0,1.8,1.8,2.7,0.0,0.0,0.0,0.0,0.0,0.0,0.0,0.0,0.0,0.0,0.0,0.0,0.0,0.0,0.0,0.0,0.0,0.0,0.0,0.0,0.0,0.0,0.0,0.0,0.0,0.0,0.0,0.0,0.0,0.0,0.0,0.0,0.0,0.0,0.0,0.0,0.0,0.0,0.0,0.0,0.0,0.0,0.0,0.0,0.0,0.0,0.0,0.0,0.0
2026-01-25 16:14:30,4.2,21.9,running,7.1,0.0,37.5,0.0,8.0,0.4,4.9,4.0,1.8,2.2,5.4,1.4,1.3,0.0,0.9,3.6,0.9,1.8,1.3,0.0,0.9,0.9,3.5,8.4,0.9,2.2,0.4,1.8,0.4,1.8,0.9,41.3,8.9,2.2,1.3,1.8,6.7,0.4,4.4,1.8,2.7,1.4,0.9,7.1,2.7,0.4,0.4,4.0,0.0,0.0,0.0,0.0,0.0,0.0,0.0,0.0,0.0,0.0,0.0,0.0,0.0,0.0,0.0,0.0,0.0,0.0,0.0,0.0,0.0,0.0,0.0,0.0,0.0,0.0,0.0,0.0,0.0,0.0,0.0,0.0,0.0,0.0,0.0,0.0,0.0,0.0,0.0,0.0,0.0,0.0,0.0,0.0,0.0,0.0,0.0,0.0
2026-01-25 16:14:33,4.2,37.5,running,4.4,2.7,30.4,1.4,8.9,0.0,2.7,3.6,1.8,0.4,2.7,0.0,0.0,0.4,0.0,3.1,0.0,0.4,0.4,1.3,1.3,0.0,3.5,4.0,0.4,1.3,3.1,0.0,1.3,0.4,1.3,42.4,10.1,0.9,2.2,0.4,4.5,0.0,6.7,4.4,5.8,3.1,0.9,2.7,3.1,4.5,0.9,0.4,0.0,0.0,0.0,0.0,0.0,0.0,0.0,0.0,0.0,0.0,0.0,0.0,0.0,0.0,0.0,0.0,0.0,0.0,0.0,0.0,0.0,0.0,0.0,0.0,0.0,0.0,0.0,0.0,0.0,0.0,0.0,0.0,0.0,0.0,0.0,0.0,0.0,0.0,0.0,0.0,0.0,0.0,0.0,0.0,0.0,0.0,0.0,0.0
2026-01-25 16:14:37,3.5,21.9,running,7.5,1.8,35.8,0.0,6.2,0.9,1.8,2.7,1.8,1.8,3.1,0.4,0.9,2.7,0.9,3.1,3.1,0.9,5.4,0.0,3.1,1.3,2.7,0.4,3.1,0.9,2.7,0.0,1.8,2.7,0.0,38.9,5.8,2.2,1.3,0.0,0.9,0.0,6.2,5.8,1.8,0.9,2.7,4.9,4.0,4.0,3.1,1.8,0.0,0.0,0.0,0.0,0.0,0.0,0.0,0.0,0.0,0.0,0.0,0.0,0.0,0.0,0.0,0.0,0.0,0.0,0.0,0.0,0.0,0.0,0.0,0.0,0.0,0.0,0.0,0.0,0.0,0.0,0.0,0.0,0.0,0.0,0.0,0.0,0.0,0.0,0.0,0.0,0.0,0.0,0.0,0.0,0.0,0.0,0.0,0.0
2026-01-25 16:14:40,3.7,28.1,running,4.9,0.0,31.4,0.4,7.6,1.8,3.1,2.7,1.8,4.0,2.7,0.0,0.4,0.0,2.7,6.3,1.3,3.6,4.0,0.4,1.8,0.4,0.9,0.0,4.5,3.1,1.8,2.2,4.0,2.7,0.0,47.6,5.3,0.0,2.2,0.9,6.6,0.0,3.6,2.7,5.8,0.0,0.9,2.2,0.0,1.8,3.6,1.3,0.0,0.0,0.0,0.0,0.0,0.0,0.0,0.0,0.0,0.0,0.0,0.0,0.0,0.0,0.0,0.0,0.0,0.0,0.0,0.0,0.0,0.0,0.0,0.0,0.0,0.0,0.0,0.0,0.0,0.0,0.0,0.0,0.0,0.0,0.0,0.0,0.0,0.0,0.0,0.0,0.0,0.0,0.0,0.0,0.0,0.0,0.0,0.0
2026-01-25 16:14:44,3.4,34.3,running,8.0,3.1,31.6,1.8,11.6,0.4,4.0,2.7,6.2,0.0,3.5,1.8,1.3,0.0,1.3,0.4,0.9,4.4,0.4,1.3,0.9,0.0,1.3,2.2,0.9,0.4,0.9,3.6,1.8,5.3,0.0,47.3,2.2,0.4,0.4,0.9,0.9,3.5,8.1,0.0,0.9,0.9,0.4,3.5,0.0,0.4,3.5,4.0,0.0,0.0,0.0,0.0,0.0,0.0,0.0,0.0,0.0,0.0,0.0,0.0,0.0,0.0,0.0,0.0,0.0,0.0,0.0,0.0,0.0,0.0,0.0,0.0,0.0,0.0,0.0,0.0,0.0,0.0,0.0,0.0,0.0,0.0,0.0,0.0,0.0,0.0,0.0,0.0,0.0,0.0,0.0,0.0,0.0,0.0,0.0,0.0
2026-01-25 16:14:47,4.5,21.8,running,5.8,0.4,33.5,1.3,7.1,2.7,2.2,3.6,5.3,0.4,2.7,0.0,2.2,4.9,0.9,3.6,1.8,0.0,0.9,0.0,0.9,1.3,5.3,3.6,3.1,1.8,3.1,0.0,2.7,0.4,0.0,45.2,1.8,2.2,1.3,0.4,0.9,1.3,5.8,0.4,1.3,1.3,1.8,6.2,2.2,0.5,2.2,2.7,0.0,0.0,0.0,0.0,0.0,0.0,0.0,0.0,0.0,0.0,0.0,0.0,0.0,0.0,0.0,0.0,0.0,0.0,0.0,0.0,0.0,0.0,0.0,0.0,0.0,0.0,0.0,0.0,0.0,0.0,0.0,0.0,0.0,0.0,0.0,0.0,0.0,0.0,0.0,0.0,0.0,0.0,0.0,0.0,0.0,0.0,0.0,0.0
2026-01-25 16:14:51,3.7,37.5,running,5.8,0.9,32.6,0.0,8.4,2.7,3.6,4.5,1.8,0.9,1.8,1.3,2.2,1.3,0.4,2.2,3.6,0.4,0.0,0.9,0.9,3.6,2.7,0.9,0.9,1.8,0.4,0.4,3.1,2.7,0.4,43.9,6.7,1.3,0.9,0.9,3.6,0.0,2.2,0.9,0.4,3.6,2.7,1.3,4.9,2.2,1.3,2.7,0.0,0.0,0.0,0.0,0.0,0.0,0.0,0.0,0.0,0.0,0.0,0.0,0.0,0.0,0.0,0.0,0.0,0.0,0.0,0.0,0.0,0.0,0.0,0.0,0.0,0.0,0.0,0.0,0.0,0.0,0.0,0.0,0.0,0.0,0.0,0.0,0.0,0.0,0.0,0.0,0.0,0.0,0.0,0.0,0.0,0.0,0.0,0.0
2026-01-25 16:14:54,4.1,37.5,running,11.6,0.0,33.9,2.6,9.3,0.0,3.6,4.9,3.1,1.3,1.8,0.4,2.7,3.1,2.2,3.6,0.0,0.0,0.0,0.9,0.4,2.7,2.7,0.0,1.8,1.3,2.7,3.5,1.3,12.3,0.0,43.1,0.4,0.0,1.8,0.4,0.9,0.0,7.1,0.0,1.8,5.3,1.8,2.7,2.2,0.0,0.4,0.4,0.0,0.0,0.0,0.0,0.0,0.0,0.0,0.0,0.0,0.0,0.0,0.0,0.0,0.0,0.0,0.0,0.0,0.0,0.0,0.0,0.0,0.0,0.0,0.0,0.0,0.0,0.0,0.0,0.0,0.0,0.0,0.0,0.0,0.0,0.0,0.0,0.0,0.0,0.0,0.0,0.0,0.0,0.0,0.0,0.0,0.0,0.0,0.0
2026-01-25 16:14:58,3.5,37.5,running,5.8,2.2,29.9,2.7,9.8,0.4,4.9,2.2,3.6,2.7,4.0,0.4,4.5,2.7,2.7,0.0,0.0,2.3,0.0,3.1,0.9,0.9,2.2,2.7,2.2,0.0,0.9,2.2,3.2,3.1,0.9,45.4,5.8,0.0,0.4,0.9,0.9,3.1,3.6,0.9,2.2,2.7,0.9,4.5,3.1,0.4,0.4,3.1,0.0,0.0,0.0,0.0,0.0,0.0,0.0,0.0,0.0,0.0,0.0,0.0,0.0,0.0,0.0,0.0,0.0,0.0,0.0,0.0,0.0,0.0,0.0,0.0,0.0,0.0,0.0,0.0,0.0,0.0,0.0,0.0,0.0,0.0,0.0,0.0,0.0,0.0,0.0,0.0,0.0,0.0,0.0,0.0,0.0,0.0,0.0,0.0
2026-01-25 16:15:01,3.9,28.1,running,11.1,0.0,30.5,1.8,12.5,0.0,5.4,5.8,4.0,0.0,1.8,0.9,3.1,2.2,1.8,0.0,0.0,7.0,0.4,0.9,1.8,0.0,2.7,1.8,2.2,0.4,7.0,2.2,1.3,0.9,3.1,41.3,9.8,0.4,1.3,1.3,2.2,0.9,5.3,2.2,4.0,4.0,3.5,4.9,5.8,0.4,0.0,0.4,0.0,0.0,0.0,0.0,0.0,0.0,0.0,0.0,0.0,0.0,0.0,0.0,0.0,0.0,0.0,0.0,0.0,0.0,0.0,0.0,0.0,0.0,0.0,0.0,0.0,0.0,0.0,0.0,0.0,0.0,0.0,0.0,0.0,0.0,0.0,0.0,0.0,0.0,0.0,0.0,0.0,0.0,0.0,0.0,0.0,0.0,0.0,0.0
2026-01-25 16:15:05,4.3,34.3,running,4.5,0.4,38.9,1.3,7.1,1.4,2.7,0.4,5.4,1.3,3.6,0.9,1.4,2.2,0.4,0.4,0.4,3.1,0.0,3.6,2.2,0.0,3.1,1.8,2.7,2.7,0.0,2.2,0.9,4.4,0.0,42.2,10.1,3.1,0.9,1.3,0.0,0.9,7.1,4.5,8.4,0.0,1.8,3.1,1.3,0.0,0.0,1.8,0.0,0.0,0.0,0.0,0.0,0.0,0.0,0.0,0.0,0.0,0.0,0.0,0.0,0.0,0.0,0.0,0.0,0.0,0.0,0.0,0.0,0.0,0.0,0.0,0.0,0.0,0.0,0.0,0.0,0.0,0.0,0.0,0.0,0.0,0.0,0.0,0.0,0.0,0.0,0.0,0.0,0.0,0.0,0.0,0.0,0.0,0.0,0.0
2026-01-25 16:15:08,4.0,31.2,running,6.2,0.9,32.0,0.0,9.3,0.4,4.9,3.1,7.6,0.9,3.1,0.0,0.0,1.3,0.9,0.0,2.7,2.2,1.8,1.3,1.8,0.4,2.2,2.7,0.4,4.0,5.7,4.0,1.3,3.1,0.4,43.2,3.4,4.0,0.4,0.0,0.0,4.9,8.5,0.9,2.2,0.0,1.8,0.9,1.3,0.0,3.6,4.0,0.0,0.0,0.0,0.0,0.0,0.0,0.0,0.0,0.0,0.0,0.0,0.0,0.0,0.0,0.0,0.0,0.0,0.0,0.0,0.0,0.0,0.0,0.0,0.0,0.0,0.0,0.0,0.0,0.0,0.0,0.0,0.0,0.0,0.0,0.0,0.0,0.0,0.0,0.0,0.0,0.0,0.0,0.0,0.0,0.0,0.0,0.0,0.0
2026-01-25 16:15:12,4.4,15.6,running,6.7,3.6,32.9,0.4,9.4,4.4,4.9,3.1,3.6,0.0,3.1,0.5,0.9,1.4,0.9,1.8,3.6,0.4,1.8,4.9,2.7,0.4,5.8,3.6,1.3,2.7,1.3,0.0,0.0,0.4,0.0,47.8,4.5,0.0,1.8,0.4,1.8,2.2,3.6,0.4,0.4,8.0,0.9,2.7,2.7,0.0,4.4,0.0,0.0,0.0,0.0,0.0,0.0,0.0,0.0,0.0,0.0,0.0,0.0,0.0,0.0,0.0,0.0,0.0,0.0,0.0,0.0,0.0,0.0,0.0,0.0,0.0,0.0,0.0,0.0,0.0,0.0,0.0,0.0,0.0,0.0,0.0,0.0,0.0,0.0,0.0,0.0,0.0,0.0,0.0,0.0,0.0,0.0,0.0,0.0,0.0
2026-01-25 16:15:15,3.3,21.9,running,6.7,2.7,32.9,0.0,10.7,4.0,4.0,1.3,5.8,2.7,4.5,0.4,4.5,0.0,1.3,0.0,3.1,0.4,2.2,0.4,2.2,0.4,0.9,2.2,1.3,0.0,2.7,3.1,0.4,5.3,0.9,40.3,6.7,0.0,1.8,0.9,0.0,1.8,5.4,1.3,0.9,1.8,1.8,6.2,4.4,0.0,2.2,0.4,0.0,0.0,0.0,0.0,0.0,0.0,0.0,0.0,0.0,0.0,0.0,0.0,0.0,0.0,0.0,0.0,0.0,0.0,0.0,0.0,0.0,0.0,0.0,0.0,0.0,0.0,0.0,0.0,0.0,0.0,0.0,0.0,0.0,0.0,0.0,0.0,0.0,0.0,0.0,0.0,0.0,0.0,0.0,0.0,0.0,0.0,0.0,0.0
2026-01-25 16:15:19,4.2,28.1,running,5.3,2.2,34.8,0.0,8.4,0.9,3.5,2.7,7.0,1.4,2.2,2.4,3.5,3.1,0.4,0.0,0.9,0.0,2.7,2.2,0.9,0.4,4.5,3.1,1.8,5.8,2.7,0.4,0.4,4.5,0.0,44.6,2.7,2.7,0.9,1.3,0.9,1.8,3.6,2.2,3.1,1.8,1.3,1.8,1.8,0.4,1.3,6.7,0.0,0.0,0.0,0.0,0.0,0.0,0.0,0.0,0.0,0.0,0.0,0.0,0.0,0.0,0.0,0.0,0.0,0.0,0.0,0.0,0.0,0.0,0.0,0.0,0.0,0.0,0.0,0.0,0.0,0.0,0.0,0.0,0.0,0.0,0.0,0.0,0.0,0.0,0.0,0.0,0.0,0.0,0.0,0.0,0.0,0.0,0.0,0.0
2026-01-25 16:15:22,4.6,25.0,running,8.4,3.1,37.9,0.5,9.0,0.0,3.2,6.2,3.6,1.8,5.4,0.4,4.4,2.2,0.4,0.4,4.4,0.9,0.9,4.0,2.2,0.4,4.0,1.3,2.7,1.8,1.3,2.2,2.2,3.6,0.9,44.2,3.6,4.9,2.7,0.4,0.9,3.6,4.4,1.8,3.6,4.0,0.0,4.9,5.9,2.2,0.0,0.0,0.0,0.0,0.0,0.0,0.0,0.0,0.0,0.0,0.0,0.0,0.0,0.0,0.0,0.0,0.0,0.0,0.0,0.0,0.0,0.0,0.0,0.0,0.0,0.0,0.0,0.0,0.0,0.0,0.0,0.0,0.0,0.0,0.0,0.0,0.0,0.0,0.0,0.0,0.0,0.0,0.0,0.0,0.0,0.0,0.0,0.0,0.0,0.0
2026-01-25 16:15:26,4.3,28.1,running,7.1,7.1,33.0,0.0,12.9,0.4,4.0,7.1,2.7,3.2,3.1,1.8,0.9,2.2,0.0,2.1,1.8,1.3,2.2,0.9,2.2,0.9,3.6,0.9,0.0,0.0,3.6,0.4,1.3,4.9,1.8,44.2,8.0,0.0,1.8,0.9,0.0,0.4,6.7,3.6,1.8,0.0,2.7,7.9,5.3,0.9,0.4,1.8,0.0,0.0,0.0,0.0,0.0,0.0,0.0,0.0,0.0,0.0,0.0,0.0,0.0,0.0,0.0,0.0,0.0,0.0,0.0,0.0,0.0,0.0,0.0,0.0,0.0,0.0,0.0,0.0,0.0,0.0,0.0,0.0,0.0,0.0,0.0,0.0,0.0,0.0,0.0,0.0,0.0,0.0,0.0,0.0,0.0,0.0,0.0,0.0
2026-01-25 16:15:29,3.7,21.8,running,7.1,4.0,30.0,0.0,7.1,0.9,2.7,2.7,4.4,1.8,1.8,1.8,1.8,5.4,0.4,2.2,2.2,0.9,0.9,4.0,0.9,2.2,2.2,2.7,0.4,2.2,0.9,0.4,0.4,4.0,0.0,42.2,1.3,3.1,1.8,2.2,3.6,5.8,6.2,6.7,3.1,0.0,0.4,3.6,0.0,1.3,1.3,0.4,0.0,0.0,0.0,0.0,0.0,0.0,0.0,0.0,0.0,0.0,0.0,0.0,0.0,0.0,0.0,0.0,0.0,0.0,0.0,0.0,0.0,0.0,0.0,0.0,0.0,0.0,0.0,0.0,0.0,0.0,0.0,0.0,0.0,0.0,0.0,0.0,0.0,0.0,0.0,0.0,0.0,0.0,0.0,0.0,0.0,0.0,0.0,0.0
2026-01-25 16:15:33,4.6,28.1,running,10.2,2.2,37.3,0.0,12.2,0.0,3.1,3.1,2.7,3.1,1.8,4.5,1.3,3.7,0.9,0.0,3.1,0.9,1.3,1.8,2.7,0.9,6.2,1.8,0.9,2.2,2.2,0.9,0.0,1.3,0.4,43.8,4.9,0.9,0.4,2.2,2.7,2.7,8.4,7.5,4.4,2.2,1.3,5.3,2.7,1.3,0.4,2.2,0.0,0.0,0.0,0.0,0.0,0.0,0.0,0.0,0.0,0.0,0.0,0.0,0.0,0.0,0.0,0.0,0.0,0.0,0.0,0.0,0.0,0.0,0.0,0.0,0.0,0.0,0.0,0.0,0.0,0.0,0.0,0.0,0.0,0.0,0.0,0.0,0.0,0.0,0.0,0.0,0.0,0.0,0.0,0.0,0.0,0.0,0.0,0.0
2026-01-25 16:15:36,3.6,28.1,running,7.1,0.4,30.2,0.4,4.4,2.2,4.0,2.2,1.3,1.3,2.7,0.9,0.4,5.6,0.9,0.4,1.8,0.0,1.8,2.7,1.8,0.9,0.4,4.5,2.2,2.2,4.0,0.0,2.7,1.3,0.9,42.9,3.1,1.8,2.2,0.9,0.4,0.4,6.3,2.2,2.2,0.0,2.2,1.8,4.5,2.7,2.7,2.7,0.0,0.0,0.0,0.0,0.0,0.0,0.0,0.0,0.0,0.0,0.0,0.0,0.0,0.0,0.0,0.0,0.0,0.0,0.0,0.0,0.0,0.0,0.0,0.0,0.0,0.0,0.0,0.0,0.0,0.0,0.0,0.0,0.0,0.0,0.0,0.0,0.0,0.0,0.0,0.0,0.0,0.0,0.0,0.0,0.0,0.0,0.0,0.0
2026-01-25 16:15:40,4.3,34.3,running,5.8,1.3,39.1,0.4,7.2,1.8,3.1,5.3,2.7,3.3,2.2,4.0,1.3,1.8,3.1,0.0,0.9,2.3,0.4,0.0,0.9,1.8,2.3,1.8,5.8,3.1,2.2,3.1,0.0,8.0,0.4,44.7,1.3,4.0,0.4,1.3,1.3,4.5,7.6,3.1,1.3,6.6,0.0,4.9,0.0,1.8,0.9,0.4,0.0,0.0,0.0,0.0,0.0,0.0,0.0,0.0,0.0,0.0,0.0,0.0,0.0,0.0,0.0,0.0,0.0,0.0,0.0,0.0,0.0,0.0,0.0,0.0,0.0,0.0,0.0,0.0,0.0,0.0,0.0,0.0,0.0,0.0,0.0,0.0,0.0,0.0,0.0,0.0,0.0,0.0,0.0,0.0,0.0,0.0,0.0,0.0
2026-01-25 16:15:43,3.8,28.1,running,6.7,0.4,32.0,2.2,14.1,0.9,5.8,0.9,5.8,0.0,0.9,7.1,0.4,11.1,2.2,0.4,1.8,4.9,0.4,1.3,0.9,0.9,0.9,0.0,1.8,1.8,1.3,0.0,3.6,4.9,0.0,46.9,3.1,0.9,0.9,0.4,1.8,0.4,3.5,0.9,0.4,4.0,0.0,0.4,0.4,1.3,4.9,2.2,0.0,0.0,0.0,0.0,0.0,0.0,0.0,0.0,0.0,0.0,0.0,0.0,0.0,0.0,0.0,0.0,0.0,0.0,0.0,0.0,0.0,0.0,0.0,0.0,0.0,0.0,0.0,0.0,0.0,0.0,0.0,0.0,0.0,0.0,0.0,0.0,0.0,0.0,0.0,0.0,0.0,0.0,0.0,0.0,0.0,0.0,0.0,0.0
2026-01-25 16:15:47,3.9,28.1,running,8.4,0.0,31.0,3.1,11.6,1.3,5.8,4.4,5.4,1.8,2.2,0.0,0.9,4.5,0.4,1.8,0.4,0.0,0.4,1.3,1.8,0.9,0.9,4.0,0.0,0.0,3.1,0.0,1.3,11.4,0.0,46.4,3.6,0.0,0.9,5.7,0.0,2.7,1.3,2.2,0.0,3.1,0.4,4.9,0.9,3.1,0.0,0.0,0.0,0.0,0.0,0.0,0.0,0.0,0.0,0.0,0.0,0.0,0.0,0.0,0.0,0.0,0.0,0.0,0.0,0.0,0.0,0.0,0.0,0.0,0.0,0.0,0.0,0.0,0.0,0.0,0.0,0.0,0.0,0.0,0.0,0.0,0.0,0.0,0.0,0.0,0.0,0.0,0.0,0.0,0.0,0.0,0.0,0.0,0.0,0.0
2026-01-25 16:15:50,3.7,28.1,running,6.7,0.9,32.4,1.3,13.4,1.3,4.4,3.1,3.6,0.0,1.8,0.0,1.3,0.9,5.3,0.9,0.0,4.0,1.3,0.0,1.8,1.8,4.0,1.3,0.4,0.0,2.7,0.4,0.0,3.1,1.3,43.3,1.3,2.2,0.9,4.0,2.7,0.0,7.5,5.8,0.4,8.0,1.8,4.4,3.1,0.0,3.6,0.4,0.0,0.0,0.0,0.0,0.0,0.0,0.0,0.0,0.0,0.0,0.0,0.0,0.0,0.0,0.0,0.0,0.0,0.0,0.0,0.0,0.0,0.0,0.0,0.0,0.0,0.0,0.0,0.0,0.0,0.0,0.0,0.0,0.0,0.0,0.0,0.0,0.0,0.0,0.0,0.0,0.0,0.0,0.0,0.0,0.0,0.0,0.0,0.0
2026-01-25 16:15:54,5.0,25.0,running,10.2,0.0,32.6,0.0,8.9,3.6,9.7,1.8,3.6,3.1,6.6,2.2,2.7,5.4,3.1,0.4,1.8,0.0,5.3,0.0,0.9,3.6,1.8,0.9,1.3,0.0,0.4,2.7,7.1,2.7,1.3,44.6,3.1,0.9,2.7,2.7,2.2,1.3,4.4,3.1,1.3,2.2,0.4,2.7,1.3,0.0,2.7,2.2,0.0,0.0,0.0,0.0,0.0,0.0,0.0,0.0,0.0,0.0,0.0,0.0,0.0,0.0,0.0,0.0,0.0,0.0,0.0,0.0,0.0,0.0,0.0,0.0,0.0,0.0,0.0,0.0,0.0,0.0,0.0,0.0,0.0,0.0,0.0,0.0,0.0,0.0,0.0,0.0,0.0,0.0,0.0,0.0,0.0,0.0,0.0,0.0
2026-01-25 16:15:57,3.9,25.0,running,5.3,2.2,31.9,1.3,44.2,0.0,15.9,1.8,5.3,0.4,1.3,2.7,3.6,3.1,4.0,0.0,2.7,0.0,0.4,1.3,1.3,0.0,5.7,3.1,1.8,0.0,1.8,3.6,3.1,1.3,0.0,0.0,1.3,0.9,0.0,0.9,1.8,2.2,5.8,2.7,0.9,8.0,0.9,4.0,3.1,0.0,2.7,3.1,0.0,0.0,0.0,0.0,0.0,0.0,0.0,0.0,0.0,0.0,0.0,0.0,0.0,0.0,0.0,0.0,0.0,0.0,0.0,0.0,0.0,0.0,0.0,0.0,0.0,0.0,0.0,0.0,0.0,0.0,0.0,0.0,0.0,0.0,0.0,0.0,0.0,0.0,0.0,0.0,0.0,0.0,0.0,0.0,0.0,0.0,0.0,0.0
2026-01-25 16:16:01,4.1,34.3,running,4.9,3.1,34.7,0.4,45.3,1.8,9.8,2.7,4.5,1.8,2.2,2.7,1.3,0.4,0.0,0.0,3.1,0.4,3.1,2.2,2.2,0.9,4.0,4.8,1.3,0.4,3.1,1.3,0.4,1.8,0.9,0.4,2.7,0.4,1.8,2.7,1.8,0.4,9.4,0.4,0.5,6.2,1.3,3.1,3.6,2.2,0.4,1.8,0.0,0.0,0.0,0.0,0.0,0.0,0.0,0.0,0.0,0.0,0.0,0.0,0.0,0.0,0.0,0.0,0.0,0.0,0.0,0.0,0.0,0.0,0.0,0.0,0.0,0.0,0.0,0.0,0.0,0.0,0.0,0.0,0.0,0.0,0.0,0.0,0.0,0.0,0.0,0.0,0.0,0.0,0.0,0.0,0.0,0.0,0.0,0.0
2026-01-25 16:16:04,3.7,34.4,running,8.5,1.8,30.7,0.4,40.0,0.0,8.9,1.3,3.1,0.9,4.0,0.4,0.4,0.0,2.7,0.4,2.2,1.3,2.2,3.1,1.3,0.9,1.8,1.8,4.0,0.0,4.5,0.9,4.5,1.3,0.9,7.5,1.8,0.9,0.9,0.9,1.3,1.3,3.1,4.4,1.3,4.9,0.0,4.9,2.2,0.4,3.1,0.9,0.0,0.0,0.0,0.0,0.0,0.0,0.0,0.0,0.0,0.0,0.0,0.0,0.0,0.0,0.0,0.0,0.0,0.0,0.0,0.0,0.0,0.0,0.0,0.0,0.0,0.0,0.0,0.0,0.0,0.0,0.0,0.0,0.0,0.0,0.0,0.0,0.0,0.0,0.0,0.0,0.0,0.0,0.0,0.0,0.0,0.0,0.0,0.0
2026-01-25 16:16:08,3.6,31.2,running,7.5,5.4,36.0,0.4,6.3,1.8,4.0,4.5,2.2,1.3,4.4,0.4,4.4,0.4,0.0,3.1,0.0,0.9,0.0,0.0,0.9,0.4,0.4,2.2,3.1,1.3,2.7,1.8,4.0,0.4,1.3,39.4,6.6,3.1,2.7,0.9,3.6,2.2,5.8,1.3,0.0,0.9,2.2,2.2,4.0,0.4,0.0,0.0,0.0,0.0,0.0,0.0,0.0,0.0,0.0,0.0,0.0,0.0,0.0,0.0,0.0,0.0,0.0,0.0,0.0,0.0,0.0,0.0,0.0,0.0,0.0,0.0,0.0,0.0,0.0,0.0,0.0,0.0,0.0,0.0,0.0,0.0,0.0,0.0,0.0,0.0,0.0,0.0,0.0,0.0,0.0,0.0,0.0,0.0,0.0,0.0
2026-01-25 16:16:11,3.8,28.1,running,7.6,0.0,31.1,0.4,6.2,1.3,1.8,3.6,2.2,0.9,1.3,3.1,1.3,0.0,0.0,0.0,0.0,0.0,1.8,2.2,1.3,1.3,1.3,2.2,1.8,1.9,2.7,0.0,1.8,1.8,0.0,48.4,5.4,0.9,0.0,2.2,4.0,0.0,6.6,3.6,1.3,0.0,2.7,1.8,7.5,1.0,0.9,1.8,0.0,0.0,0.0,0.0,0.0,0.0,0.0,0.0,0.0,0.0,0.0,0.0,0.0,0.0,0.0,0.0,0.0,0.0,0.0,0.0,0.0,0.0,0.0,0.0,0.0,0.0,0.0,0.0,0.0,0.0,0.0,0.0,0.0,0.0,0.0,0.0,0.0,0.0,0.0,0.0,0.0,0.0,0.0,0.0,0.0,0.0,0.0,0.0
2026-01-25 16:16:15,3.9,15.6,running,7.2,1.3,30.2,4.4,11.6,3.1,5.4,8.8,1.8,4.5,3.2,2.7,1.8,0.0,1.8,0.4,0.9,0.4,0.0,0.0,0.4,4.5,1.8,1.4,0.9,0.0,2.7,0.4,0.0,2.7,0.0,44.9,7.5,0.0,0.9,1.3,0.4,0.0,7.1,2.7,0.4,7.9,3.6,4.5,0.9,0.4,1.8,1.8,0.0,0.0,0.0,0.0,0.0,0.0,0.0,0.0,0.0,0.0,0.0,0.0,0.0,0.0,0.0,0.0,0.0,0.0,0.0,0.0,0.0,0.0,0.0,0.0,0.0,0.0,0.0,0.0,0.0,0.0,0.0,0.0,0.0,0.0,0.0,0.0,0.0,0.0,0.0,0.0,0.0,0.0,0.0,0.0,0.0,0.0,0.0,0.0
2026-01-25 16:16:18,3.4,31.2,running,4.4,2.7,29.9,0.0,7.6,0.0,2.7,4.9,3.1,3.6,0.9,0.4,1.3,0.4,2.2,0.9,4.9,0.4,3.6,0.4,1.3,3.5,2.2,4.4,3.1,0.0,2.2,0.4,0.0,0.0,0.9,49.1,8.4,0.4,1.3,3.1,1.3,0.0,7.6,0.0,1.3,1.8,1.3,4.4,0.9,3.1,2.2,0.4,0.0,0.0,0.0,0.0,0.0,0.0,0.0,0.0,0.0,0.0,0.0,0.0,0.0,0.0,0.0,0.0,0.0,0.0,0.0,0.0,0.0,0.0,0.0,0.0,0.0,0.0,0.0,0.0,0.0,0.0,0.0,0.0,0.0,0.0,0.0,0.0,0.0,0.0,0.0,0.0,0.0,0.0,0.0,0.0,0.0,0.0,0.0,0.0
2026-01-25 16:16:22,3.9,12.5,running,8.9,0.9,32.0,1.1,5.4,0.9,3.1,3.6,4.0,3.1,0.9,1.7,3.6,0.0,3.5,0.4,4.5,0.4,1.3,2.7,2.2,0.5,1.3,4.7,2.2,0.0,0.4,0.0,3.5,1.0,2.7,44.2,10.1,4.9,0.9,0.9,0.0,3.4,5.3,0.5,0.4,1.9,0.5,1.8,3.4,3.1,0.0,0.0,0.0,0.0,0.0,0.0,0.0,0.0,0.0,0.0,0.0,0.0,0.0,0.0,0.0,0.0,0.0,0.0,0.0,0.0,0.0,0.0,0.0,0.0,0.0,0.0,0.0,0.0,0.0,0.0,0.0,0.0,0.0,0.0,0.0,0.0,0.0,0.0,0.0,0.0,0.0,0.0,0.0,0.0,0.0,0.0,0.0,0.0,0.0,0.0
2026-01-25 16:16:25,3.7,25.0,running,4.9,1.3,33.9,0.0,8.9,0.0,4.0,2.2,5.8,0.9,1.3,0.4,0.9,0.0,0.4,4.5,3.1,2.7,4.0,0.0,1.3,0.4,1.8,1.5,0.0,0.8,1.3,0.4,1.3,0.0,0.4,43.8,1.6,0.4,1.3,3.6,2.2,0.0,8.0,0.4,0.0,2.1,3.4,3.6,2.5,1.8,6.8,3.0,0.0,0.0,0.0,0.0,0.0,0.0,0.0,0.0,0.0,0.0,0.0,0.0,0.0,0.0,0.0,0.0,0.0,0.0,0.0,0.0,0.0,0.0,0.0,0.0,0.0,0.0,0.0,0.0,0.0,0.0,0.0,0.0,0.0,0.0,0.0,0.0,0.0,0.0,0.0,0.0,0.0,0.0,0.0,0.0,0.0,0.0,0.0,0.0
2026-01-25 16:16:29,4.3,25.0,running,6.2,1.8,27.7,2.2,8.0,6.6,2.7,7.1,2.7,0.0,6.2,1.3,2.2,0.0,2.7,3.6,4.0,1.3,2.2,0.9,1.8,2.7,2.7,0.0,0.0,0.9,1.8,0.0,0.4,1.8,1.3,50.0,6.2,0.4,1.8,0.4,1.3,3.1,7.6,3.6,3.1,0.4,0.0,1.8,4.9,1.3,2.7,0.0,0.0,0.0,0.0,0.0,0.0,0.0,0.0,0.0,0.0,0.0,0.0,0.0,0.0,0.0,0.0,0.0,0.0,0.0,0.0,0.0,0.0,0.0,0.0,0.0,0.0,0.0,0.0,0.0,0.0,0.0,0.0,0.0,0.0,0.0,0.0,0.0,0.0,0.0,0.0,0.0,0.0,0.0,0.0,0.0,0.0,0.0,0.0,0.0
2026-01-25 16:16:32,4.5,34.3,running,9.3,4.0,37.9,0.4,11.1,2.2,3.6,7.6,3.6,0.0,5.3,0.4,1.3,0.4,0.9,1.8,0.9,0.4,1.8,1.8,2.2,2.7,0.0,2.7,1.3,5.4,0.9,0.9,0.4,10.6,0.0,40.3,5.3,0.0,0.4,2.7,0.0,1.8,5.8,1.8,1.3,2.2,0.0,8.5,3.1,3.1,1.3,2.2,0.0,0.0,0.0,0.0,0.0,0.0,0.0,0.0,0.0,0.0,0.0,0.0,0.0,0.0,0.0,0.0,0.0,0.0,0.0,0.0,0.0,0.0,0.0,0.0,0.0,0.0,0.0,0.0,0.0,0.0,0.0,0.0,0.0,0.0,0.0,0.0,0.0,0.0,0.0,0.0,0.0,0.0,0.0,0.0,0.0,0.0,0.0,0.0
2026-01-25 16:16:36,3.7,21.8,running,8.9,4.9,35.8,0.0,8.0,0.5,2.2,7.1,8.0,0.4,2.2,2.7,1.8,0.0,4.0,2.2,3.6,4.0,4.9,0.4,0.9,2.2,1.3,3.1,2.7,0.4,2.2,0.4,2.2,5.3,0.0,42.3,9.4,1.3,0.5,1.8,1.3,1.3,6.2,1.3,0.0,2.7,1.8,4.0,1.8,0.0,2.3,2.2,0.0,0.0,0.0,0.0,0.0,0.0,0.0,0.0,0.0,0.0,0.0,0.0,0.0,0.0,0.0,0.0,0.0,0.0,0.0,0.0,0.0,0.0,0.0,0.0,0.0,0.0,0.0,0.0,0.0,0.0,0.0,0.0,0.0,0.0,0.0,0.0,0.0,0.0,0.0,0.0,0.0,0.0,0.0,0.0,0.0,0.0,0.0,0.0
2026-01-25 16:16:39,3.4,25.0,running,4.0,0.0,32.7,0.0,28.6,0.0,6.2,4.9,3.6,0.4,2.2,1.3,6.2,0.0,4.5,2.7,1.3,0.4,1.3,0.0,0.0,0.4,5.8,0.0,0.0,1.3,0.4,0.0,2.7,3.6,2.2,17.4,5.8,1.3,0.4,0.9,1.8,0.9,4.9,0.0,0.9,3.6,0.4,3.6,1.3,1.3,0.0,3.1,0.0,0.0,0.0,0.0,0.0,0.0,0.0,0.0,0.0,0.0,0.0,0.0,0.0,0.0,0.0,0.0,0.0,0.0,0.0,0.0,0.0,0.0,0.0,0.0,0.0,0.0,0.0,0.0,0.0,0.0,0.0,0.0,0.0,0.0,0.0,0.0,0.0,0.0,0.0,0.0,0.0,0.0,0.0,0.0,0.0,0.0,0.0,0.0
2026-01-25 16:16:43,6.7,21.8,running,9.2,5.8,30.2,3.1,32.9,3.1,11.6,5.3,6.7,1.8,12.9,0.9,4.0,0.9,4.9,1.3,6.2,0.4,3.6,1.8,5.3,0.4,2.7,4.4,0.9,2.2,4.4,0.9,4.5,7.6,4.9,15.6,6.7,4.9,2.2,0.9,4.0,0.9,6.2,0.9,1.8,1.3,2.7,3.1,1.8,5.8,4.9,0.4,0.0,0.0,0.0,0.0,0.0,0.0,0.0,0.0,0.0,0.0,0.0,0.0,0.0,0.0,0.0,0.0,0.0,0.0,0.0,0.0,0.0,0.0,0.0,0.0,0.0,0.0,0.0,0.0,0.0,0.0,0.0,0.0,0.0,0.0,0.0,0.0,0.0,0.0,0.0,0.0,0.0,0.0,0.0,0.0,0.0,0.0,0.0,0.0
2026-01-25 16:16:46,8.0,28.1,running,6.7,1.3,36.3,0.0,32.0,0.9,5.8,3.6,11.2,7.1,87.1,0.0,22.9,1.3,9.8,2.7,7.6,0.4,8.4,0.9,24.7,3.1,10.7,3.6,4.5,2.7,4.5,0.0,9.3,1.8,1.8,15.6,2.2,2.2,3.5,3.6,1.3,5.4,7.1,3.1,0.4,2.7,0.0,4.5,1.3,3.1,0.9,0.4,0.0,0.0,0.0,0.0,0.0,0.0,0.0,0.0,0.0,0.0,0.0,0.0,0.0,0.0,0.0,0.0,0.0,0.0,0.0,0.0,0.0,0.0,0.0,0.0,0.0,0.0,0.0,0.0,0.0,0.0,0.0,0.0,0.0,0.0,0.0,0.0,0.0,0.0,0.0,0.0,0.0,0.0,0.0,0.0,0.0,0.0,0.0,0.0
2026-01-25 16:16:50,5.4,31.2,running,8.0,0.4,30.4,0.4,12.8,1.8,5.4,1.3,2.7,1.3,100.0,0.0,1.8,0.0,0.9,4.4,0.9,0.9,2.7,0.4,2.7,1.8,1.3,1.3,1.8,0.4,1.8,0.4,2.7,1.3,2.7,40.5,8.4,0.9,3.1,1.3,1.3,0.0,4.5,3.1,0.4,0.0,0.0,7.6,1.8,0.4,0.9,1.3,0.0,0.0,0.0,0.0,0.0,0.0,0.0,0.0,0.0,0.0,0.0,0.0,0.0,0.0,0.0,0.0,0.0,0.0,0.0,0.0,0.0,0.0,0.0,0.0,0.0,0.0,0.0,0.0,0.0,0.0,0.0,0.0,0.0,0.0,0.0,0.0,0.0,0.0,0.0,0.0,0.0,0.0,0.0,0.0,0.0,0.0,0.0,0.0
2026-01-25 16:16:53,4.8,43.7,running,8.0,0.9,33.9,0.4,4.9,0.4,0.4,6.6,3.6,3.5,85.2,0.0,2.7,0.9,7.1,1.8,3.6,0.0,2.7,2.2,3.6,0.0,2.7,2.2,0.9,2.2,10.2,0.0,1.3,5.8,1.3,26.0,2.7,14.2,4.4,3.2,0.9,2.2,5.8,7.2,2.2,24.6,0.4,4.9,4.5,0.9,4.0,1.8,0.0,0.0,0.0,0.0,0.0,0.0,0.0,0.0,0.0,0.0,0.0,0.0,0.0,0.0,0.0,0.0,0.0,0.0,0.0,0.0,0.0,0.0,0.0,0.0,0.0,0.0,0.0,0.0,0.0,0.0,0.0,0.0,0.0,0.0,0.0,0.0,0.0,0.0,0.0,0.0,0.0,0.0,0.0,0.0,0.0,0.0,0.0,0.0
2026-01-25 16:16:57,6.8,28.1,running,9.3,0.9,30.3,1.8,9.3,2.2,28.1,4.5,5.8,4.0,7.1,2.7,1.8,0.9,2.7,2.2,1.8,1.8,2.7,1.3,3.1,4.0,6.7,0.4,5.7,1.3,4.0,0.4,4.4,5.4,7.1,4.4,5.8,40.9,11.1,1.8,5.8,0.0,4.0,5.8,3.1,4.9,6.6,2.7,3.1,0.4,3.6,0.0,0.0,0.0,0.0,0.0,0.0,0.0,0.0,0.0,0.0,0.0,0.0,0.0,0.0,0.0,0.0,0.0,0.0,0.0,0.0,0.0,0.0,0.0,0.0,0.0,0.0,0.0,0.0,0.0,0.0,0.0,0.0,0.0,0.0,0.0,0.0,0.0,0.0,0.0,0.0,0.0,0.0,0.0,0.0,0.0,0.0,0.0,0.0,0.0
2026-01-25 16:17:00,5.8,21.9,running,9.3,2.2,37.1,0.4,9.8,1.8,7.5,3.1,4.0,0.9,4.0,4.9,8.8,1.3,5.4,1.8,2.2,4.5,9.8,1.3,4.9,0.9,6.2,4.5,6.7,3.1,9.3,6.7,5.3,1.8,15.1,33.9,17.9,4.9,4.0,2.7,6.2,5.8,6.2,2.7,4.9,6.7,8.5,4.9,2.7,5.8,5.8,2.2,0.0,0.0,0.0,0.0,0.0,0.0,0.0,0.0,0.0,0.0,0.0,0.0,0.0,0.0,0.0,0.0,0.0,0.0,0.0,0.0,0.0,0.0,0.0,0.0,0.0,0.0,0.0,0.0,0.0,0.0,0.0,0.0,0.0,0.0,0.0,0.0,0.0,0.0,0.0,0.0,0.0,0.0,0.0,0.0,0.0,0.0,0.0,0.0
2026-01-25 16:17:04,4.8,28.1,running,7.0,3.6,35.1,0.4,12.1,3.1,7.1,4.4,3.6,3.1,6.2,0.0,7.2,0.0,0.9,0.4,3.1,0.9,1.8,0.4,1.8,5.8,1.3,4.0,5.4,0.4,3.1,1.4,0.0,30.3,15.2,9.0,11.2,0.0,3.1,2.2,1.8,0.4,7.1,0.9,4.9,6.7,0.9,4.0,0.9,1.3,0.4,0.4,0.0,0.0,0.0,0.0,0.0,0.0,0.0,0.0,0.0,0.0,0.0,0.0,0.0,0.0,0.0,0.0,0.0,0.0,0.0,0.0,0.0,0.0,0.0,0.0,0.0,0.0,0.0,0.0,0.0,0.0,0.0,0.0,0.0,0.0,0.0,0.0,0.0,0.0,0.0,0.0,0.0,0.0,0.0,0.0,0.0,0.0,0.0,0.0
2026-01-25 16:17:07,3.9,31.2,running,8.5,1.8,30.7,0.0,10.3,0.9,4.9,4.5,4.0,1.3,0.9,0.0,5.4,0.0,0.0,1.3,2.2,3.6,2.7,0.4,2.7,0.4,0.0,4.9,0.0,1.3,5.4,3.1,0.9,46.5,3.6,0.0,0.4,0.4,0.9,4.4,0.4,0.4,4.9,2.2,2.2,0.0,0.0,3.6,4.0,5.3,3.1,1.8,0.0,0.0,0.0,0.0,0.0,0.0,0.0,0.0,0.0,0.0,0.0,0.0,0.0,0.0,0.0,0.0,0.0,0.0,0.0,0.0,0.0,0.0,0.0,0.0,0.0,0.0,0.0,0.0,0.0,0.0,0.0,0.0,0.0,0.0,0.0,0.0,0.0,0.0,0.0,0.0,0.0,0.0,0.0,0.0,0.0,0.0,0.0,0.0
2026-01-25 16:17:11,5.9,31.2,running,8.0,1.8,33.5,1.4,11.5,0.9,3.1,4.0,6.7,3.1,4.9,0.9,3.1,1.3,2.2,4.4,4.9,0.9,7.1,4.0,2.7,1.3,3.6,2.2,8.0,5.3,4.8,5.8,0.0,43.9,7.5,0.0,2.2,1.8,1.8,4.0,0.9,0.9,5.3,1.8,0.9,2.7,0.9,4.4,0.0,2.2,2.7,2.7,0.0,0.0,0.0,0.0,0.0,0.0,0.0,0.0,0.0,0.0,0.0,0.0,0.0,0.0,0.0,0.0,0.0,0.0,0.0,0.0,0.0,0.0,0.0,0.0,0.0,0.0,0.0,0.0,0.0,0.0,0.0,0.0,0.0,0.0,0.0,0.0,0.0,0.0,0.0,0.0,0.0,0.0,0.0,0.0,0.0,0.0,0.0,0.0
2026-01-25 16:17:14,4.6,31.2,running,11.6,1.3,33.5,0.8,12.4,1.8,4.5,0.9,4.4,3.1,8.5,0.4,2.7,0.0,1.8,0.4,1.8,0.4,1.8,0.0,0.9,0.0,0.4,2.2,1.8,0.4,4.9,4.4,1.3,16.6,1.8,38.6,0.4,1.3,0.9,2.7,1.8,4.0,5.8,1.8,0.4,1.3,1.8,2.2,8.4,4.4,1.8,4.9,0.0,0.0,0.0,0.0,0.0,0.0,0.0,0.0,0.0,0.0,0.0,0.0,0.0,0.0,0.0,0.0,0.0,0.0,0.0,0.0,0.0,0.0,0.0,0.0,0.0,0.0,0.0,0.0,0.0,0.0,0.0,0.0,0.0,0.0,0.0,0.0,0.0,0.0,0.0,0.0,0.0,0.0,0.0,0.0,0.0,0.0,0.0,0.0
2026-01-25 16:17:18,3.9,40.6,running,8.4,2.7,39.4,0.0,12.1,1.3,4.8,1.3,4.8,0.0,3.5,1.8,4.9,0.0,2.2,0.0,0.4,0.0,4.0,0.0,2.2,3.1,3.1,0.9,1.3,2.7,4.5,2.2,0.4,0.4,2.2,37.0,4.9,1.3,1.3,3.1,0.9,1.3,4.0,3.1,3.1,2.2,1.3,6.2,0.4,4.9,3.5,6.2,0.0,0.0,0.0,0.0,0.0,0.0,0.0,0.0,0.0,0.0,0.0,0.0,0.0,0.0,0.0,0.0,0.0,0.0,0.0,0.0,0.0,0.0,0.0,0.0,0.0,0.0,0.0,0.0,0.0,0.0,0.0,0.0,0.0,0.0,0.0,0.0,0.0,0.0,0.0,0.0,0.0,0.0,0.0,0.0,0.0,0.0,0.0,0.0
2026-01-25 16:17:21,4.3,18.7,running,6.2,2.7,39.3,0.0,8.0,4.9,4.4,2.7,5.3,0.0,7.1,1.3,5.8,0.0,3.6,0.9,1.8,2.2,3.1,2.2,1.8,0.0,6.7,0.4,0.9,1.8,0.4,0.4,0.0,31.0,2.2,13.4,0.4,0.4,1.3,1.3,1.3,0.9,5.4,4.4,0.9,4.9,2.2,3.6,2.7,7.1,3.6,2.2,0.0,0.0,0.0,0.0,0.0,0.0,0.0,0.0,0.0,0.0,0.0,0.0,0.0,0.0,0.0,0.0,0.0,0.0,0.0,0.0,0.0,0.0,0.0,0.0,0.0,0.0,0.0,0.0,0.0,0.0,0.0,0.0,0.0,0.0,0.0,0.0,0.0,0.0,0.0,0.0,0.0,0.0,0.0,0.0,0.0,0.0,0.0,0.0
2026-01-25 16:17:25,3.4,21.8,running,5.8,0.4,37.2,1.4,6.8,0.4,3.6,1.8,2.2,5.8,1.8,1.3,1.8,0.5,2.2,0.0,0.0,0.0,0.0,0.4,0.4,0.0,1.8,1.8,1.8,5.4,4.9,4.0,2.2,43.2,6.6,0.0,3.1,0.0,3.2,1.3,0.9,0.0,4.9,3.6,4.9,0.9,5.8,4.5,1.3,0.9,1.8,0.9,0.0,0.0,0.0,0.0,0.0,0.0,0.0,0.0,0.0,0.0,0.0,0.0,0.0,0.0,0.0,0.0,0.0,0.0,0.0,0.0,0.0,0.0,0.0,0.0,0.0,0.0,0.0,0.0,0.0,0.0,0.0,0.0,0.0,0.0,0.0,0.0,0.0,0.0,0.0,0.0,0.0,0.0,0.0,0.0,0.0,0.0,0.0,0.0
2026-01-25 16:17:28,3.0,31.2,running,7.6,0.9,36.4,1.3,8.0,0.0,5.3,4.0,7.5,0.0,0.9,0.0,4.9,0.4,0.0,2.2,0.0,0.9,1.8,0.4,1.3,4.9,2.7,1.3,2.7,4.0,5.8,1.9,0.0,40.0,6.7,0.0,0.5,1.8,0.4,0.9,1.3,0.0,7.1,1.3,0.4,3.1,1.8,4.0,1.8,0.9,2.7,1.8,0.0,0.0,0.0,0.0,0.0,0.0,0.0,0.0,0.0,0.0,0.0,0.0,0.0,0.0,0.0,0.0,0.0,0.0,0.0,0.0,0.0,0.0,0.0,0.0,0.0,0.0,0.0,0.0,0.0,0.0,0.0,0.0,0.0,0.0,0.0,0.0,0.0,0.0,0.0,0.0,0.0,0.0,0.0,0.0,0.0,0.0,0.0,0.0
2026-01-25 16:17:32,4.3,31.2,running,6.7,3.6,35.5,1.3,11.2,1.8,2.7,1.3,3.6,4.9,0.9,0.0,1.3,0.0,0.0,0.9,0.0,7.0,1.3,0.0,0.4,0.9,4.9,7.1,1.3,6.2,3.1,0.0,0.0,40.9,3.1,0.0,1.3,3.1,0.9,2.2,1.3,0.4,4.5,5.8,0.9,3.6,2.2,1.8,0.5,4.9,4.0,1.3,0.0,0.0,0.0,0.0,0.0,0.0,0.0,0.0,0.0,0.0,0.0,0.0,0.0,0.0,0.0,0.0,0.0,0.0,0.0,0.0,0.0,0.0,0.0,0.0,0.0,0.0,0.0,0.0,0.0,0.0,0.0,0.0,0.0,0.0,0.0,0.0,0.0,0.0,0.0,0.0,0.0,0.0,0.0,0.0,0.0,0.0,0.0,0.0
2026-01-25 16:17:35,4.1,37.5,running,7.1,1.8,36.3,2.1,11.1,1.8,3.6,3.1,3.6,0.4,0.4,0.9,2.6,0.0,3.6,0.0,0.0,5.4,3.6,8.4,1.8,0.4,3.1,0.0,0.0,4.9,1.3,0.9,0.4,40.2,5.4,0.4,0.4,1.8,1.3,5.3,1.3,0.9,2.7,1.8,2.7,2.7,3.1,2.2,2.7,7.1,0.0,0.0,0.0,0.0,0.0,0.0,0.0,0.0,0.0,0.0,0.0,0.0,0.0,0.0,0.0,0.0,0.0,0.0,0.0,0.0,0.0,0.0,0.0,0.0,0.0,0.0,0.0,0.0,0.0,0.0,0.0,0.0,0.0,0.0,0.0,0.0,0.0,0.0,0.0,0.0,0.0,0.0,0.0,0.0,0.0,0.0,0.0,0.0,0.0,0.0
2026-01-25 16:17:39,3.5,18.7,running,8.5,0.9,35.2,1.6,11.6,0.4,3.6,4.9,6.2,2.2,2.2,0.4,0.9,0.9,4.5,0.0,1.3,0.9,2.2,4.0,2.7,1.3,3.1,0.0,0.0,4.4,4.4,0.0,1.8,41.3,3.6,0.0,0.0,0.9,0.9,1.8,0.4,0.4,0.9,1.8,0.4,6.2,1.8,2.2,5.3,1.8,1.8,0.9,0.0,0.0,0.0,0.0,0.0,0.0,0.0,0.0,0.0,0.0,0.0,0.0,0.0,0.0,0.0,0.0,0.0,0.0,0.0,0.0,0.0,0.0,0.0,0.0,0.0,0.0,0.0,0.0,0.0,0.0,0.0,0.0,0.0,0.0,0.0,0.0,0.0,0.0,0.0,0.0,0.0,0.0,0.0,0.0,0.0,0.0,0.0,0.0
2026-01-25 16:17:42,4.7,43.7,running,5.8,1.3,33.8,0.0,6.7,0.0,2.7,0.4,1.8,0.4,2.2,0.4,4.8,0.0,4.0,0.0,0.4,0.0,8.5,0.0,6.3,3.6,4.9,6.2,1.8,1.8,4.9,2.2,0.4,30.8,3.5,14.6,5.4,0.4,1.3,0.9,2.7,0.4,3.6,0.4,4.9,2.7,1.3,5.3,8.1,2.6,1.3,1.8,0.0,0.0,0.0,0.0,0.0,0.0,0.0,0.0,0.0,0.0,0.0,0.0,0.0,0.0,0.0,0.0,0.0,0.0,0.0,0.0,0.0,0.0,0.0,0.0,0.0,0.0,0.0,0.0,0.0,0.0,0.0,0.0,0.0,0.0,0.0,0.0,0.0,0.0,0.0,0.0,0.0,0.0,0.0,0.0,0.0,0.0,0.0,0.0
2026-01-25 16:17:46,3.5,25.0,running,13.3,0.9,31.6,1.2,11.6,0.0,6.2,7.0,4.0,0.9,1.8,0.9,1.8,0.0,0.9,0.4,0.0,1.8,1.3,2.7,1.3,1.3,2.7,1.3,1.3,2.2,7.1,1.3,4.4,4.9,0.9,46.0,3.5,4.9,0.9,4.0,1.8,0.0,5.8,8.4,3.1,0.9,1.3,2.2,2.6,0.4,2.2,0.4,0.0,0.0,0.0,0.0,0.0,0.0,0.0,0.0,0.0,0.0,0.0,0.0,0.0,0.0,0.0,0.0,0.0,0.0,0.0,0.0,0.0,0.0,0.0,0.0,0.0,0.0,0.0,0.0,0.0,0.0,0.0,0.0,0.0,0.0,0.0,0.0,0.0,0.0,0.0,0.0,0.0,0.0,0.0,0.0,0.0,0.0,0.0,0.0
2026-01-25 16:17:49,4.1,28.1,running,5.4,1.3,33.0,0.0,9.4,0.4,3.6,4.4,2.2,0.0,1.3,2.7,4.5,0.0,0.9,2.2,4.0,0.9,0.9,0.0,2.2,1.3,2.2,2.2,1.3,0.4,2.7,1.8,1.8,2.2,0.4,42.4,8.0,3.1,0.9,2.2,4.0,0.0,10.3,0.4,2.2,0.4,0.9,3.6,0.9,2.2,2.7,4.0,0.0,0.0,0.0,0.0,0.0,0.0,0.0,0.0,0.0,0.0,0.0,0.0,0.0,0.0,0.0,0.0,0.0,0.0,0.0,0.0,0.0,0.0,0.0,0.0,0.0,0.0,0.0,0.0,0.0,0.0,0.0,0.0,0.0,0.0,0.0,0.0,0.0,0.0,0.0,0.0,0.0,0.0,0.0,0.0,0.0,0.0,0.0,0.0
2026-01-25 16:17:53,3.3,21.9,running,7.1,0.4,32.2,0.0,8.5,1.3,3.6,2.2,5.4,0.4,2.2,1.3,1.8,0.0,0.9,0.9,0.4,3.1,0.9,3.6,3.6,1.3,1.8,0.4,2.7,0.9,2.2,0.4,0.0,0.4,0.0,48.2,4.5,0.0,0.4,3.6,4.0,0.0,4.9,0.0,1.3,1.3,4.0,1.8,5.8,1.8,4.4,2.7,0.0,0.0,0.0,0.0,0.0,0.0,0.0,0.0,0.0,0.0,0.0,0.0,0.0,0.0,0.0,0.0,0.0,0.0,0.0,0.0,0.0,0.0,0.0,0.0,0.0,0.0,0.0,0.0,0.0,0.0,0.0,0.0,0.0,0.0,0.0,0.0,0.0,0.0,0.0,0.0,0.0,0.0,0.0,0.0,0.0,0.0,0.0,0.0
2026-01-25 16:17:56,3.7,21.9,running,5.3,0.4,33.5,0.0,3.6,2.2,4.9,3.2,3.1,4.4,4.4,0.4,0.0,0.0,0.9,3.1,1.3,1.8,0.0,1.3,0.0,0.4,0.9,0.4,4.0,3.1,2.7,0.0,1.8,1.3,0.0,45.8,6.2,0.9,1.8,0.4,2.2,0.4,6.6,4.9,4.4,3.1,0.4,2.7,4.9,0.9,0.4,0.0,0.0,0.0,0.0,0.0,0.0,0.0,0.0,0.0,0.0,0.0,0.0,0.0,0.0,0.0,0.0,0.0,0.0,0.0,0.0,0.0,0.0,0.0,0.0,0.0,0.0,0.0,0.0,0.0,0.0,0.0,0.0,0.0,0.0,0.0,0.0,0.0,0.0,0.0,0.0,0.0,0.0,0.0,0.0,0.0,0.0,0.0,0.0,0.0
2026-01-25 16:18:00,4.8,21.9,running,8.4,0.4,36.1,0.4,11.5,4.8,4.5,1.3,5.8,4.0,4.0,0.0,2.7,0.4,3.1,0.0,1.8,4.1,1.8,0.9,2.7,0.0,2.2,0.9,1.8,2.2,4.0,1.8,4.4,2.2,0.9,43.8,3.1,0.0,0.9,3.6,0.4,0.0,4.5,6.2,5.8,2.2,1.3,5.8,2.2,2.7,4.0,2.7,0.0,0.0,0.0,0.0,0.0,0.0,0.0,0.0,0.0,0.0,0.0,0.0,0.0,0.0,0.0,0.0,0.0,0.0,0.0,0.0,0.0,0.0,0.0,0.0,0.0,0.0,0.0,0.0,0.0,0.0,0.0,0.0,0.0,0.0,0.0,0.0,0.0,0.0,0.0,0.0,0.0,0.0,0.0,0.0,0.0,0.0,0.0,0.0
2026-01-25 16:18:03,3.9,43.7,running,6.6,2.2,34.4,0.0,8.0,0.4,3.1,3.1,1.8,2.2,2.2,0.0,2.7,0.0,2.2,0.4,0.0,3.1,1.8,3.1,1.3,4.0,3.6,1.3,1.3,5.3,5.3,0.0,0.0,3.1,1.3,43.6,2.7,1.8,1.8,1.3,3.1,0.0,2.7,3.1,0.4,0.4,0.0,1.8,1.3,5.8,2.7,0.4,0.0,0.0,0.0,0.0,0.0,0.0,0.0,0.0,0.0,0.0,0.0,0.0,0.0,0.0,0.0,0.0,0.0,0.0,0.0,0.0,0.0,0.0,0.0,0.0,0.0,0.0,0.0,0.0,0.0,0.0,0.0,0.0,0.0,0.0,0.0,0.0,0.0,0.0,0.0,0.0,0.0,0.0,0.0,0.0,0.0,0.0,0.0,0.0
2026-01-25 16:18:07,3.7,34.3,running,8.4,2.2,32.0,0.0,8.4,0.9,3.6,4.0,3.6,0.0,2.7,3.6,2.2,0.0,2.2,0.9,0.9,5.8,1.3,0.0,2.7,2.2,2.7,2.7,4.0,0.0,3.6,1.8,0.0,1.3,0.0,51.8,1.3,0.0,1.8,4.0,0.9,0.5,4.0,5.8,0.9,0.4,2.7,2.7,0.9,0.9,5.8,0.0,0.0,0.0,0.0,0.0,0.0,0.0,0.0,0.0,0.0,0.0,0.0,0.0,0.0,0.0,0.0,0.0,0.0,0.0,0.0,0.0,0.0,0.0,0.0,0.0,0.0,0.0,0.0,0.0,0.0,0.0,0.0,0.0,0.0,0.0,0.0,0.0,0.0,0.0,0.0,0.0,0.0,0.0,0.0,0.0,0.0,0.0,0.0,0.0
2026-01-25 16:18:10,6.7,21.8,running,9.8,0.9,31.6,0.0,10.2,1.3,4.0,2.2,4.0,1.8,4.4,1.3,11.6,0.0,7.1,1.3,4.0,0.0,1.3,0.4,34.7,2.7,39.4,0.4,7.5,0.4,6.7,0.4,1.3,46.0,3.1,7.6,3.6,2.7,1.8,0.0,1.3,2.6,5.3,2.7,0.9,0.4,0.9,2.7,4.0,4.4,0.0,3.1,0.0,0.0,0.0,0.0,0.0,0.0,0.0,0.0,0.0,0.0,0.0,0.0,0.0,0.0,0.0,0.0,0.0,0.0,0.0,0.0,0.0,0.0,0.0,0.0,0.0,0.0,0.0,0.0,0.0,0.0,0.0,0.0,0.0,0.0,0.0,0.0,0.0,0.0,0.0,0.0,0.0,0.0,0.0,0.0,0.0,0.0,0.0,0.0
2026-01-25 16:18:14,5.3,18.7,running,7.1,1.8,36.0,0.9,9.8,4.0,4.0,3.1,0.9,7.2,2.7,1.8,28.9,0.0,8.5,0.4,1.3,0.9,4.5,3.1,39.6,0.0,8.0,0.5,4.9,0.9,6.7,0.9,3.1,26.1,6.2,15.1,5.7,0.9,1.8,2.2,0.9,1.3,7.1,3.6,1.3,2.2,0.9,2.7,1.8,0.4,1.8,1.8,0.0,0.0,0.0,0.0,0.0,0.0,0.0,0.0,0.0,0.0,0.0,0.0,0.0,0.0,0.0,0.0,0.0,0.0,0.0,0.0,0.0,0.0,0.0,0.0,0.0,0.0,0.0,0.0,0.0,0.0,0.0,0.0,0.0,0.0,0.0,0.0,0.0,0.0,0.0,0.0,0.0,0.0,0.0,0.0,0.0,0.0,0.0,0.0
2026-01-25 16:18:17,5.0,28.1,running,6.2,0.0,34.7,1.3,7.6,0.9,4.5,1.8,3.1,0.9,6.7,3.5,8.0,0.0,0.0,0.0,0.0,1.8,1.3,0.0,1.3,0.0,3.1,0.9,0.0,5.3,2.2,2.7,2.2,4.0,6.7,44.2,19.6,0.4,2.7,2.2,0.9,0.0,7.9,4.5,0.0,0.0,0.9,4.8,6.6,2.7,4.0,2.2,0.0,0.0,0.0,0.0,0.0,0.0,0.0,0.0,0.0,0.0,0.0,0.0,0.0,0.0,0.0,0.0,0.0,0.0,0.0,0.0,0.0,0.0,0.0,0.0,0.0,0.0,0.0,0.0,0.0,0.0,0.0,0.0,0.0,0.0,0.0,0.0,0.0,0.0,0.0,0.0,0.0,0.0,0.0,0.0,0.0,0.0,0.0,0.0
2026-01-25 16:18:21,4.1,34.4,running,9.7,0.0,31.7,0.0,8.0,3.1,5.3,3.1,5.4,0.0,2.7,0.4,1.8,0.9,0.4,0.4,2.7,4.9,2.7,0.9,2.2,0.0,1.8,2.2,3.6,5.8,8.4,0.9,1.3,43.8,25.9,4.5,7.6,3.6,3.1,0.9,2.2,0.4,4.4,0.0,0.9,3.6,7.6,1.3,6.2,4.9,3.1,0.9,0.0,0.0,0.0,0.0,0.0,0.0,0.0,0.0,0.0,0.0,0.0,0.0,0.0,0.0,0.0,0.0,0.0,0.0,0.0,0.0,0.0,0.0,0.0,0.0,0.0,0.0,0.0,0.0,0.0,0.0,0.0,0.0,0.0,0.0,0.0,0.0,0.0,0.0,0.0,0.0,0.0,0.0,0.0,0.0,0.0,0.0,0.0,0.0
2026-01-25 16:18:24,3.6,28.1,running,8.5,3.6,36.4,0.0,14.1,0.0,5.3,0.4,8.0,0.0,1.3,0.0,9.4,0.0,2.2,0.0,0.4,1.8,0.5,0.4,1.3,0.0,0.9,4.9,2.2,0.4,7.5,0.4,0.0,44.2,6.6,2.2,5.4,1.3,1.8,2.7,0.9,0.4,5.8,2.7,3.6,2.2,7.1,4.8,5.3,1.8,0.4,0.0,0.0,0.0,0.0,0.0,0.0,0.0,0.0,0.0,0.0,0.0,0.0,0.0,0.0,0.0,0.0,0.0,0.0,0.0,0.0,0.0,0.0,0.0,0.0,0.0,0.0,0.0,0.0,0.0,0.0,0.0,0.0,0.0,0.0,0.0,0.0,0.0,0.0,0.0,0.0,0.0,0.0,0.0,0.0,0.0,0.0,0.0,0.0,0.0
2026-01-25 16:18:28,3.1,18.7,running,3.6,0.4,34.2,0.4,6.2,4.9,2.7,1.3,0.4,4.4,0.4,0.0,0.4,0.0,0.0,3.1,0.0,2.7,0.9,0.9,3.1,3.1,0.4,0.0,3.1,0.0,5.3,0.0,0.9,49.3,7.1,1.8,3.5,0.0,0.9,1.8,0.4,0.4,1.3,5.7,2.2,0.4,4.0,1.3,4.9,2.2,2.2,0.0,0.0,0.0,0.0,0.0,0.0,0.0,0.0,0.0,0.0,0.0,0.0,0.0,0.0,0.0,0.0,0.0,0.0,0.0,0.0,0.0,0.0,0.0,0.0,0.0,0.0,0.0,0.0,0.0,0.0,0.0,0.0,0.0,0.0,0.0,0.0,0.0,0.0,0.0,0.0,0.0,0.0,0.0,0.0,0.0,0.0,0.0,0.0,0.0
2026-01-25 16:18:31,4.0,21.8,running,6.2,0.0,34.8,0.0,6.7,0.0,2.7,0.9,2.2,3.1,3.1,0.0,0.9,0.0,0.9,1.3,0.4,0.0,3.1,0.9,2.2,0.4,4.4,0.0,3.6,2.2,4.9,0.0,0.4,46.9,8.4,1.4,6.7,1.8,0.4,1.3,2.7,0.4,0.4,3.1,0.9,0.0,3.6,4.9,4.9,2.2,0.4,6.2,0.0,0.0,0.0,0.0,0.0,0.0,0.0,0.0,0.0,0.0,0.0,0.0,0.0,0.0,0.0,0.0,0.0,0.0,0.0,0.0,0.0,0.0,0.0,0.0,0.0,0.0,0.0,0.0,0.0,0.0,0.0,0.0,0.0,0.0,0.0,0.0,0.0,0.0,0.0,0.0,0.0,0.0,0.0,0.0,0.0,0.0,0.0,0.0
2026-01-25 16:18:35,3.6,34.3,running,4.4,1.3,32.9,0.0,8.0,0.0,3.1,1.3,4.9,2.4,1.8,0.0,2.2,0.0,2.2,0.0,2.7,4.0,2.2,0.9,0.9,1.8,1.8,0.9,0.0,1.3,4.0,0.9,0.0,46.7,7.1,1.3,2.2,0.0,2.7,1.8,0.9,0.4,0.9,0.4,3.1,0.4,4.4,4.0,8.3,3.6,1.8,1.3,0.0,0.0,0.0,0.0,0.0,0.0,0.0,0.0,0.0,0.0,0.0,0.0,0.0,0.0,0.0,0.0,0.0,0.0,0.0,0.0,0.0,0.0,0.0,0.0,0.0,0.0,0.0,0.0,0.0,0.0,0.0,0.0,0.0,0.0,0.0,0.0,0.0,0.0,0.0,0.0,0.0,0.0,0.0,0.0,0.0,0.0,0.0,0.0
2026-01-25 16:18:39,4.6,25.0,running,6.6,4.0,35.1,0.0,10.2,2.7,3.1,4.0,6.7,4.2,0.4,0.0,0.4,0.4,2.2,4.5,1.8,2.7,3.1,0.0,1.3,2.2,0.9,3.6,5.3,0.0,6.2,1.3,1.8,40.0,6.2,2.2,2.2,0.0,0.9,1.3,1.8,0.0,3.1,3.1,0.9,2.2,3.1,3.6,2.7,2.2,2.4,3.1,0.0,0.0,0.0,0.0,0.0,0.0,0.0,0.0,0.0,0.0,0.0,0.0,0.0,0.0,0.0,0.0,0.0,0.0,0.0,0.0,0.0,0.0,0.0,0.0,0.0,0.0,0.0,0.0,0.0,0.0,0.0,0.0,0.0,0.0,0.0,0.0,0.0,0.0,0.0,0.0,0.0,0.0,0.0,0.0,0.0,0.0,0.0,0.0
2026-01-25 16:18:42,4.1,37.5,running,13.2,0.4,36.9,0.0,9.8,1.3,5.8,2.2,2.7,2.7,1.3,0.0,2.7,0.0,4.0,0.0,4.9,0.4,2.2,2.2,0.9,2.2,0.9,2.7,0.4,3.6,3.1,0.4,0.0,40.2,3.1,8.0,0.4,0.4,0.9,3.6,0.9,0.4,0.4,9.8,0.9,1.3,4.4,3.6,3.6,2.2,5.0,0.4,0.0,0.0,0.0,0.0,0.0,0.0,0.0,0.0,0.0,0.0,0.0,0.0,0.0,0.0,0.0,0.0,0.0,0.0,0.0,0.0,0.0,0.0,0.0,0.0,0.0,0.0,0.0,0.0,0.0,0.0,0.0,0.0,0.0,0.0,0.0,0.0,0.0,0.0,0.0,0.0,0.0,0.0,0.0,0.0,0.0,0.0,0.0,0.0
2026-01-25 16:18:46,3.8,21.8,running,6.7,1.3,37.1,0.9,11.2,1.8,5.8,0.9,3.6,2.2,1.8,1.3,0.0,0.4,0.9,1.7,1.8,0.0,1.3,1.3,2.7,2.7,7.6,2.2,1.3,5.4,0.0,1.8,4.5,2.2,0.4,42.9,2.2,2.2,2.2,2.7,2.2,1.3,0.4,0.4,1.8,0.0,2.2,3.6,6.2,1.8,4.0,1.3,0.0,0.0,0.0,0.0,0.0,0.0,0.0,0.0,0.0,0.0,0.0,0.0,0.0,0.0,0.0,0.0,0.0,0.0,0.0,0.0,0.0,0.0,0.0,0.0,0.0,0.0,0.0,0.0,0.0,0.0,0.0,0.0,0.0,0.0,0.0,0.0,0.0,0.0,0.0,0.0,0.0,0.0,0.0,0.0,0.0,0.0,0.0,0.0
2026-01-25 16:18:49,4.0,28.1,running,5.3,0.4,27.4,1.4,10.7,1.3,2.7,0.9,1.8,1.3,3.5,0.9,4.4,0.0,0.4,3.6,0.9,0.9,0.4,1.3,0.9,1.8,2.7,3.1,1.3,1.8,4.9,0.0,1.8,1.0,0.5,46.9,4.5,1.3,1.3,0.4,6.7,0.4,4.0,10.7,0.4,0.4,1.8,3.5,2.7,3.1,4.0,0.9,0.0,0.0,0.0,0.0,0.0,0.0,0.0,0.0,0.0,0.0,0.0,0.0,0.0,0.0,0.0,0.0,0.0,0.0,0.0,0.0,0.0,0.0,0.0,0.0,0.0,0.0,0.0,0.0,0.0,0.0,0.0,0.0,0.0,0.0,0.0,0.0,0.0,0.0,0.0,0.0,0.0,0.0,0.0,0.0,0.0,0.0,0.0,0.0
2026-01-25 16:18:53,4.1,25.0,running,7.6,3.1,32.9,0.0,11.1,3.1,4.0,2.7,4.5,3.1,8.1,0.0,1.3,0.9,0.4,0.4,4.0,0.4,2.7,1.8,0.4,0.0,4.9,3.5,0.9,3.1,2.7,0.0,0.9,0.0,0.4,42.9,3.1,0.9,0.4,3.1,4.4,0.4,7.1,3.1,2.2,1.8,4.8,7.1,4.4,2.7,3.6,1.3,0.0,0.0,0.0,0.0,0.0,0.0,0.0,0.0,0.0,0.0,0.0,0.0,0.0,0.0,0.0,0.0,0.0,0.0,0.0,0.0,0.0,0.0,0.0,0.0,0.0,0.0,0.0,0.0,0.0,0.0,0.0,0.0,0.0,0.0,0.0,0.0,0.0,0.0,0.0,0.0,0.0,0.0,0.0,0.0,0.0,0.0,0.0,0.0
2026-01-25 16:18:56,3.9,31.2,running,9.8,0.4,37.6,1.8,9.8,1.3,4.5,1.3,4.4,1.3,3.5,0.0,0.9,0.0,2.2,0.0,8.0,1.3,0.4,2.2,1.3,0.0,1.3,0.9,0.4,2.7,1.3,1.8,2.7,3.1,0.9,40.4,2.2,5.3,1.3,5.3,2.7,0.9,1.3,1.3,0.4,2.7,5.4,1.8,2.2,2.2,0.4,1.8,0.0,0.0,0.0,0.0,0.0,0.0,0.0,0.0,0.0,0.0,0.0,0.0,0.0,0.0,0.0,0.0,0.0,0.0,0.0,0.0,0.0,0.0,0.0,0.0,0.0,0.0,0.0,0.0,0.0,0.0,0.0,0.0,0.0,0.0,0.0,0.0,0.0,0.0,0.0,0.0,0.0,0.0,0.0,0.0,0.0,0.0,0.0,0.0
2026-01-25 16:19:00,4.0,34.3,running,8.4,0.4,34.8,0.9,9.9,1.3,3.1,0.0,1.8,1.3,1.8,0.0,4.0,0.0,0.4,0.9,0.9,3.6,1.8,3.1,1.3,0.9,6.1,4.5,1.8,0.9,2.7,0.0,1.8,1.8,0.4,42.2,0.4,6.7,0.4,0.4,4.9,1.3,1.3,0.4,0.9,4.0,7.1,4.5,4.9,2.2,0.9,0.9,0.0,0.0,0.0,0.0,0.0,0.0,0.0,0.0,0.0,0.0,0.0,0.0,0.0,0.0,0.0,0.0,0.0,0.0,0.0,0.0,0.0,0.0,0.0,0.0,0.0,0.0,0.0,0.0,0.0,0.0,0.0,0.0,0.0,0.0,0.0,0.0,0.0,0.0,0.0,0.0,0.0,0.0,0.0,0.0,0.0,0.0,0.0,0.0
2026-01-25 16:19:03,4.6,40.6,running,14.1,0.9,33.2,4.4,12.4,1.8,7.1,1.3,0.9,0.9,1.3,2.2,0.9,0.9,2.7,4.5,0.9,0.4,0.4,0.4,1.3,3.6,2.7,2.7,3.6,0.9,5.8,0.0,2.2,7.0,0.0,43.4,1.3,0.9,2.7,2.7,1.3,0.0,1.3,1.8,0.9,0.9,8.0,1.8,2.2,3.1,0.4,2.2,0.0,0.0,0.0,0.0,0.0,0.0,0.0,0.0,0.0,0.0,0.0,0.0,0.0,0.0,0.0,0.0,0.0,0.0,0.0,0.0,0.0,0.0,0.0,0.0,0.0,0.0,0.0,0.0,0.0,0.0,0.0,0.0,0.0,0.0,0.0,0.0,0.0,0.0,0.0,0.0,0.0,0.0,0.0,0.0,0.0,0.0,0.0,0.0
2026-01-25 16:19:07,4.3,25.0,running,5.3,0.0,34.8,0.0,12.0,0.0,4.0,4.9,4.9,0.4,4.4,0.0,2.7,0.0,1.8,1.3,0.0,2.7,0.0,0.4,1.8,4.4,5.3,0.9,2.2,0.9,2.2,1.3,2.7,0.0,0.4,38.5,6.7,0.0,1.3,5.4,1.3,0.0,1.8,4.0,0.9,0.4,7.5,2.7,4.0,4.9,0.9,0.0,0.0,0.0,0.0,0.0,0.0,0.0,0.0,0.0,0.0,0.0,0.0,0.0,0.0,0.0,0.0,0.0,0.0,0.0,0.0,0.0,0.0,0.0,0.0,0.0,0.0,0.0,0.0,0.0,0.0,0.0,0.0,0.0,0.0,0.0,0.0,0.0,0.0,0.0,0.0,0.0,0.0,0.0,0.0,0.0,0.0,0.0,0.0,0.0
2026-01-25 16:19:10,3.8,34.4,running,4.5,2.2,31.2,0.4,5.8,2.2,2.7,3.1,5.4,1.3,1.8,0.0,1.8,0.0,1.3,4.1,1.3,1.8,0.4,0.9,2.2,0.9,1.8,5.7,3.5,0.4,5.8,0.0,2.2,2.7,0.0,44.8,3.6,0.4,1.8,0.9,0.9,0.0,2.7,5.3,2.2,0.4,3.2,1.8,0.9,2.2,0.9,4.5,0.0,0.0,0.0,0.0,0.0,0.0,0.0,0.0,0.0,0.0,0.0,0.0,0.0,0.0,0.0,0.0,0.0,0.0,0.0,0.0,0.0,0.0,0.0,0.0,0.0,0.0,0.0,0.0,0.0,0.0,0.0,0.0,0.0,0.0,0.0,0.0,0.0,0.0,0.0,0.0,0.0,0.0,0.0,0.0,0.0,0.0,0.0,0.0
2026-01-25 16:19:14,3.3,15.6,running,7.1,0.9,30.8,0.9,10.2,2.2,4.4,7.1,2.7,0.4,2.2,0.9,2.2,0.0,4.0,0.8,1.8,0.0,4.8,0.0,1.3,0.9,2.7,3.6,0.9,1.8,4.0,2.7,5.3,3.1,3.1,35.0,11.5,0.4,2.2,0.0,0.4,0.4,6.6,2.7,0.4,0.0,3.5,2.2,2.2,2.2,2.2,1.3,0.0,0.0,0.0,0.0,0.0,0.0,0.0,0.0,0.0,0.0,0.0,0.0,0.0,0.0,0.0,0.0,0.0,0.0,0.0,0.0,0.0,0.0,0.0,0.0,0.0,0.0,0.0,0.0,0.0,0.0,0.0,0.0,0.0,0.0,0.0,0.0,0.0,0.0,0.0,0.0,0.0,0.0,0.0,0.0,0.0,0.0,0.0,0.0
2026-01-25 16:19:17,3.8,40.6,running,11.0,4.5,33.6,1.4,8.5,0.9,3.6,4.0,4.9,0.0,2.7,0.0,3.1,0.0,4.9,2.3,4.0,0.0,2.7,0.0,0.9,0.9,2.2,0.0,4.0,0.9,6.2,0.4,2.7,0.4,1.5,42.0,12.1,2.2,3.1,1.3,0.4,0.0,3.5,5.8,1.3,0.0,7.6,1.3,4.5,0.0,0.0,0.9,0.0,0.0,0.0,0.0,0.0,0.0,0.0,0.0,0.0,0.0,0.0,0.0,0.0,0.0,0.0,0.0,0.0,0.0,0.0,0.0,0.0,0.0,0.0,0.0,0.0,0.0,0.0,0.0,0.0,0.0,0.0,0.0,0.0,0.0,0.0,0.0,0.0,0.0,0.0,0.0,0.0,0.0,0.0,0.0,0.0,0.0,0.0,0.0
2026-01-25 16:19:21,3.6,40.6,running,4.4,0.0,32.3,0.0,9.3,0.4,2.7,5.3,9.3,1.8,1.8,1.7,2.7,0.0,0.9,4.3,1.8,0.4,0.9,0.4,0.9,0.4,2.7,1.8,3.1,0.0,9.4,1.3,1.3,4.0,0.0,42.0,1.8,0.9,0.0,3.6,0.4,0.9,2.2,0.9,0.9,5.3,5.4,2.2,4.9,0.9,0.9,1.3,0.0,0.0,0.0,0.0,0.0,0.0,0.0,0.0,0.0,0.0,0.0,0.0,0.0,0.0,0.0,0.0,0.0,0.0,0.0,0.0,0.0,0.0,0.0,0.0,0.0,0.0,0.0,0.0,0.0,0.0,0.0,0.0,0.0,0.0,0.0,0.0,0.0,0.0,0.0,0.0,0.0,0.0,0.0,0.0,0.0,0.0,0.0,0.0
2026-01-25 16:19:24,3.6,31.2,running,7.1,0.0,35.8,0.0,8.9,2.2,4.0,1.3,2.7,0.4,2.2,2.2,2.2,0.0,0.9,2.2,2.2,0.0,4.9,3.1,1.3,0.4,0.9,3.1,1.8,4.0,4.4,0.9,3.1,3.1,1.3,41.4,2.2,0.0,1.3,0.4,0.0,0.0,1.3,2.7,1.3,1.3,4.4,6.6,2.2,1.8,1.8,2.7,0.0,0.0,0.0,0.0,0.0,0.0,0.0,0.0,0.0,0.0,0.0,0.0,0.0,0.0,0.0,0.0,0.0,0.0,0.0,0.0,0.0,0.0,0.0,0.0,0.0,0.0,0.0,0.0,0.0,0.0,0.0,0.0,0.0,0.0,0.0,0.0,0.0,0.0,0.0,0.0,0.0,0.0,0.0,0.0,0.0,0.0,0.0,0.0
2026-01-25 16:19:28,3.8,21.9,running,5.8,1.3,34.8,0.0,8.0,0.4,4.0,8.4,2.2,2.7,4.0,0.4,6.2,0.0,2.2,1.8,2.2,7.0,5.3,1.3,1.8,0.0,1.8,0.4,0.4,1.3,4.4,0.0,0.4,4.4,0.4,42.9,3.1,0.0,3.1,1.3,0.4,0.4,1.3,1.8,0.9,0.4,3.1,2.7,5.8,0.0,1.3,4.0,0.0,0.0,0.0,0.0,0.0,0.0,0.0,0.0,0.0,0.0,0.0,0.0,0.0,0.0,0.0,0.0,0.0,0.0,0.0,0.0,0.0,0.0,0.0,0.0,0.0,0.0,0.0,0.0,0.0,0.0,0.0,0.0,0.0,0.0,0.0,0.0,0.0,0.0,0.0,0.0,0.0,0.0,0.0,0.0,0.0,0.0,0.0,0.0
2026-01-25 16:19:31,4.3,18.7,running,6.6,0.4,33.8,0.9,10.6,0.4,4.0,2.7,3.1,0.0,1.8,2.2,3.6,0.0,0.4,0.0,3.1,0.0,1.8,1.8,0.9,0.4,4.0,1.8,3.6,1.8,5.8,1.3,1.3,1.3,0.0,48.0,7.6,0.0,0.9,0.9,2.2,0.0,1.8,3.6,1.3,0.0,2.7,1.3,4.0,2.7,1.8,0.0,0.0,0.0,0.0,0.0,0.0,0.0,0.0,0.0,0.0,0.0,0.0,0.0,0.0,0.0,0.0,0.0,0.0,0.0,0.0,0.0,0.0,0.0,0.0,0.0,0.0,0.0,0.0,0.0,0.0,0.0,0.0,0.0,0.0,0.0,0.0,0.0,0.0,0.0,0.0,0.0,0.0,0.0,0.0,0.0,0.0,0.0,0.0,0.0
2026-01-25 16:19:35,4.9,25.0,running,10.6,2.2,31.0,1.3,12.1,0.0,5.8,1.3,3.6,0.0,3.5,2.7,0.4,0.0,2.7,4.0,3.5,0.0,0.4,0.0,1.3,0.4,0.0,3.1,0.0,1.3,6.2,1.8,6.2,0.0,0.9,46.7,2.2,0.0,0.9,4.0,2.7,0.4,3.6,2.7,4.4,4.0,5.8,5.8,6.7,6.2,3.1,0.9,0.0,0.0,0.0,0.0,0.0,0.0,0.0,0.0,0.0,0.0,0.0,0.0,0.0,0.0,0.0,0.0,0.0,0.0,0.0,0.0,0.0,0.0,0.0,0.0,0.0,0.0,0.0,0.0,0.0,0.0,0.0,0.0,0.0,0.0,0.0,0.0,0.0,0.0,0.0,0.0,0.0,0.0,0.0,0.0,0.0,0.0,0.0,0.0
2026-01-25 16:19:38,3.9,31.2,running,9.8,2.2,39.2,0.0,5.4,0.9,3.1,1.3,3.5,0.0,1.8,4.9,1.3,0.0,0.0,2.2,4.0,1.3,0.9,1.3,2.2,0.0,4.9,0.9,0.0,0.9,4.9,3.1,2.2,2.2,0.5,42.3,9.0,0.4,1.8,0.0,4.5,0.9,0.9,8.8,1.8,6.2,4.5,2.2,5.4,0.9,3.1,2.7,0.0,0.0,0.0,0.0,0.0,0.0,0.0,0.0,0.0,0.0,0.0,0.0,0.0,0.0,0.0,0.0,0.0,0.0,0.0,0.0,0.0,0.0,0.0,0.0,0.0,0.0,0.0,0.0,0.0,0.0,0.0,0.0,0.0,0.0,0.0,0.0,0.0,0.0,0.0,0.0,0.0,0.0,0.0,0.0,0.0,0.0,0.0,0.0
2026-01-25 16:19:42,4.1,40.6,running,3.6,0.9,36.0,2.7,9.4,3.5,4.0,2.7,4.4,2.7,0.9,0.9,2.7,0.0,0.5,0.0,3.1,1.3,0.4,4.0,1.3,0.0,2.2,2.2,1.3,0.4,2.2,0.0,3.6,4.0,0.0,44.2,2.7,0.0,0.9,3.1,0.9,0.0,0.9,1.8,1.8,1.8,7.6,3.1,4.9,2.7,3.6,1.3,0.0,0.0,0.0,0.0,0.0,0.0,0.0,0.0,0.0,0.0,0.0,0.0,0.0,0.0,0.0,0.0,0.0,0.0,0.0,0.0,0.0,0.0,0.0,0.0,0.0,0.0,0.0,0.0,0.0,0.0,0.0,0.0,0.0,0.0,0.0,0.0,0.0,0.0,0.0,0.0,0.0,0.0,0.0,0.0,0.0,0.0,0.0,0.0
2026-01-25 16:19:45,4.0,28.1,running,11.6,0.0,35.0,3.5,12.8,4.0,2.7,4.4,2.7,1.8,2.7,3.6,1.8,0.4,5.3,0.9,2.2,1.8,5.3,0.0,2.2,0.9,4.4,2.2,2.7,0.0,9.2,0.0,4.8,4.9,0.4,44.0,1.8,0.0,2.7,0.4,3.1,1.8,4.9,3.1,1.7,2.2,6.6,2.7,1.8,1.3,2.2,1.3,0.0,0.0,0.0,0.0,0.0,0.0,0.0,0.0,0.0,0.0,0.0,0.0,0.0,0.0,0.0,0.0,0.0,0.0,0.0,0.0,0.0,0.0,0.0,0.0,0.0,0.0,0.0,0.0,0.0,0.0,0.0,0.0,0.0,0.0,0.0,0.0,0.0,0.0,0.0,0.0,0.0,0.0,0.0,0.0,0.0,0.0,0.0,0.0
2026-01-25 16:19:49,4.1,28.1,running,6.7,3.6,37.9,0.0,9.4,3.1,4.4,4.0,1.8,0.9,2.2,2.7,3.1,0.0,1.3,0.0,0.0,2.2,0.4,3.1,0.9,0.4,1.8,0.4,1.3,0.0,4.0,0.0,3.6,10.2,0.4,41.1,5.4,0.0,2.2,1.8,2.2,0.4,4.5,3.1,5.4,0.4,5.3,3.1,3.6,5.4,0.9,0.4,0.0,0.0,0.0,0.0,0.0,0.0,0.0,0.0,0.0,0.0,0.0,0.0,0.0,0.0,0.0,0.0,0.0,0.0,0.0,0.0,0.0,0.0,0.0,0.0,0.0,0.0,0.0,0.0,0.0,0.0,0.0,0.0,0.0,0.0,0.0,0.0,0.0,0.0,0.0,0.0,0.0,0.0,0.0,0.0,0.0,0.0,0.0,0.0
2026-01-25 16:19:52,4.4,34.3,running,8.4,4.0,38.8,0.9,10.7,1.3,5.8,2.7,4.5,1.8,1.3,4.8,1.8,0.0,2.2,0.9,1.3,5.8,3.1,0.0,1.3,2.2,1.8,3.1,4.4,2.3,7.0,1.8,3.1,2.2,0.9,39.7,4.0,0.0,0.4,0.4,0.4,0.9,1.2,5.9,1.3,1.9,12.1,3.1,3.6,0.9,4.4,0.0,0.0,0.0,0.0,0.0,0.0,0.0,0.0,0.0,0.0,0.0,0.0,0.0,0.0,0.0,0.0,0.0,0.0,0.0,0.0,0.0,0.0,0.0,0.0,0.0,0.0,0.0,0.0,0.0,0.0,0.0,0.0,0.0,0.0,0.0,0.0,0.0,0.0,0.0,0.0,0.0,0.0,0.0,0.0,0.0,0.0,0.0,0.0,0.0
2026-01-25 16:19:56,4.0,28.1,running,7.6,5.4,36.9,0.9,10.7,0.4,4.9,1.3,2.7,4.0,4.0,0.4,2.2,0.0,1.3,1.8,0.9,1.8,2.2,2.7,4.4,0.9,3.6,3.1,3.1,2.6,4.5,0.4,1.3,3.1,0.4,40.9,3.1,0.9,2.2,0.9,0.0,2.2,5.3,2.2,4.4,1.7,5.8,3.1,0.4,0.4,1.3,1.8,0.0,0.0,0.0,0.0,0.0,0.0,0.0,0.0,0.0,0.0,0.0,0.0,0.0,0.0,0.0,0.0,0.0,0.0,0.0,0.0,0.0,0.0,0.0,0.0,0.0,0.0,0.0,0.0,0.0,0.0,0.0,0.0,0.0,0.0,0.0,0.0,0.0,0.0,0.0,0.0,0.0,0.0,0.0,0.0,0.0,0.0,0.0,0.0
2026-01-25 16:19:59,4.7,31.2,running,8.4,1.8,34.4,1.9,10.3,0.0,2.2,4.9,8.4,3.1,4.0,0.0,1.8,0.4,0.4,0.4,0.4,4.0,0.0,0.0,0.9,1.8,4.9,0.0,4.0,4.9,8.4,0.0,3.1,4.9,0.9,48.4,4.0,3.1,0.4,2.2,0.0,1.8,1.8,0.4,0.0,3.1,7.5,2.2,0.9,0.4,1.8,0.9,0.0,0.0,0.0,0.0,0.0,0.0,0.0,0.0,0.0,0.0,0.0,0.0,0.0,0.0,0.0,0.0,0.0,0.0,0.0,0.0,0.0,0.0,0.0,0.0,0.0,0.0,0.0,0.0,0.0,0.0,0.0,0.0,0.0,0.0,0.0,0.0,0.0,0.0,0.0,0.0,0.0,0.0,0.0,0.0,0.0,0.0,0.0,0.0
2026-01-25 16:20:03,3.3,31.2,running,3.6,0.9,35.1,0.0,8.9,0.0,3.6,1.8,0.9,0.0,0.4,0.0,1.3,0.0,0.0,0.0,3.6,0.4,1.8,1.3,0.0,0.4,1.3,2.7,0.0,0.0,2.7,3.6,4.5,5.8,1.3,41.5,6.3,1.8,0.4,4.4,2.7,0.0,3.1,2.7,1.8,3.1,2.2,4.0,2.2,6.2,2.7,1.3,0.0,0.0,0.0,0.0,0.0,0.0,0.0,0.0,0.0,0.0,0.0,0.0,0.0,0.0,0.0,0.0,0.0,0.0,0.0,0.0,0.0,0.0,0.0,0.0,0.0,0.0,0.0,0.0,0.0,0.0,0.0,0.0,0.0,0.0,0.0,0.0,0.0,0.0,0.0,0.0,0.0,0.0,0.0,0.0,0.0,0.0,0.0,0.0
2026-01-25 16:20:06,4.0,31.2,running,7.1,0.0,35.6,2.7,7.6,1.3,1.3,2.7,5.8,1.8,2.7,0.9,3.1,0.0,3.6,0.0,1.3,0.9,8.0,0.9,3.1,0.9,4.0,0.4,1.8,0.0,3.1,0.0,0.4,1.8,0.0,42.7,0.9,2.2,0.0,5.8,2.2,0.0,0.0,0.0,1.3,0.0,3.6,2.7,2.2,6.2,2.2,6.3,0.0,0.0,0.0,0.0,0.0,0.0,0.0,0.0,0.0,0.0,0.0,0.0,0.0,0.0,0.0,0.0,0.0,0.0,0.0,0.0,0.0,0.0,0.0,0.0,0.0,0.0,0.0,0.0,0.0,0.0,0.0,0.0,0.0,0.0,0.0,0.0,0.0,0.0,0.0,0.0,0.0,0.0,0.0,0.0,0.0,0.0,0.0,0.0
2026-01-25 16:20:10,3.8,28.1,running,9.3,1.3,35.8,0.4,9.4,3.5,3.1,0.9,4.5,0.0,2.7,3.1,2.2,0.0,2.2,0.9,5.4,0.0,4.5,0.0,2.2,0.9,3.6,2.2,2.2,0.0,2.2,0.0,0.9,2.2,1.8,40.6,3.6,0.0,1.3,1.3,1.8,0.4,2.7,8.8,4.4,2.2,5.3,3.6,4.5,0.4,3.1,0.0,0.0,0.0,0.0,0.0,0.0,0.0,0.0,0.0,0.0,0.0,0.0,0.0,0.0,0.0,0.0,0.0,0.0,0.0,0.0,0.0,0.0,0.0,0.0,0.0,0.0,0.0,0.0,0.0,0.0,0.0,0.0,0.0,0.0,0.0,0.0,0.0,0.0,0.0,0.0,0.0,0.0,0.0,0.0,0.0,0.0,0.0,0.0,0.0
2026-01-25 16:20:13,4.3,25.0,running,4.9,0.9,31.6,0.9,7.6,0.4,6.2,4.9,2.7,0.0,0.9,4.0,2.7,0.9,2.7,0.4,0.4,3.1,0.0,0.0,0.9,0.9,1.8,0.9,2.7,0.4,2.2,0.0,2.2,4.0,2.7,47.1,3.6,4.0,3.1,0.4,1.3,0.4,2.7,4.9,0.9,1.3,3.6,4.4,0.4,2.2,3.1,0.4,0.0,0.0,0.0,0.0,0.0,0.0,0.0,0.0,0.0,0.0,0.0,0.0,0.0,0.0,0.0,0.0,0.0,0.0,0.0,0.0,0.0,0.0,0.0,0.0,0.0,0.0,0.0,0.0,0.0,0.0,0.0,0.0,0.0,0.0,0.0,0.0,0.0,0.0,0.0,0.0,0.0,0.0,0.0,0.0,0.0,0.0,0.0,0.0
2026-01-25 16:20:17,3.5,28.1,running,9.7,0.9,28.6,2.2,11.1,3.1,4.4,3.1,3.1,0.4,1.3,4.0,0.9,0.0,0.9,0.4,0.4,1.8,0.4,0.0,2.2,0.4,1.3,5.3,2.2,5.3,4.9,3.6,2.7,3.1,0.0,47.8,2.2,0.4,1.3,3.1,1.8,0.4,0.4,0.4,0.9,1.3,1.3,3.5,0.4,3.5,2.2,0.9,0.0,0.0,0.0,0.0,0.0,0.0,0.0,0.0,0.0,0.0,0.0,0.0,0.0,0.0,0.0,0.0,0.0,0.0,0.0,0.0,0.0,0.0,0.0,0.0,0.0,0.0,0.0,0.0,0.0,0.0,0.0,0.0,0.0,0.0,0.0,0.0,0.0,0.0,0.0,0.0,0.0,0.0,0.0,0.0,0.0,0.0,0.0,0.0
2026-01-25 16:20:20,3.4,34.4,running,8.8,2.7,34.8,2.2,12.4,0.4,2.2,2.7,0.9,0.9,1.3,0.0,2.2,0.0,1.3,0.0,2.2,2.7,0.0,0.4,1.8,0.0,4.9,6.2,1.8,0.4,2.2,0.9,1.3,0.0,0.4,42.2,11.6,4.8,1.3,1.3,1.8,0.0,2.2,2.2,4.0,6.2,3.5,1.8,1.3,2.7,0.9,0.0,0.0,0.0,0.0,0.0,0.0,0.0,0.0,0.0,0.0,0.0,0.0,0.0,0.0,0.0,0.0,0.0,0.0,0.0,0.0,0.0,0.0,0.0,0.0,0.0,0.0,0.0,0.0,0.0,0.0,0.0,0.0,0.0,0.0,0.0,0.0,0.0,0.0,0.0,0.0,0.0,0.0,0.0,0.0,0.0,0.0,0.0,0.0,0.0
2026-01-25 16:20:24,4.3,25.0,running,6.7,0.9,32.9,0.9,8.5,1.8,4.0,2.2,2.2,0.5,0.9,0.5,5.8,0.0,0.4,0.0,4.0,1.8,4.0,2.2,2.2,2.2,2.7,3.6,1.3,0.9,4.0,0.4,6.6,1.8,0.0,44.2,4.0,1.8,0.0,0.4,5.3,0.0,2.9,1.0,5.3,7.6,4.9,1.3,2.2,3.2,3.2,0.5,0.0,0.0,0.0,0.0,0.0,0.0,0.0,0.0,0.0,0.0,0.0,0.0,0.0,0.0,0.0,0.0,0.0,0.0,0.0,0.0,0.0,0.0,0.0,0.0,0.0,0.0,0.0,0.0,0.0,0.0,0.0,0.0,0.0,0.0,0.0,0.0,0.0,0.0,0.0,0.0,0.0,0.0,0.0,0.0,0.0,0.0,0.0,0.0
2026-01-25 16:20:27,3.6,25.0,running,5.4,0.4,37.7,0.0,7.6,3.1,4.4,2.7,0.0,4.3,0.9,1.8,0.9,0.4,0.9,1.8,0.0,2.2,0.4,0.0,5.3,2.7,2.7,1.8,1.8,1.8,3.1,2.7,3.1,6.2,0.0,47.8,0.9,0.0,0.0,0.9,3.1,2.0,0.8,2.8,2.5,2.2,4.0,2.2,6.2,2.6,1.8,0.0,0.0,0.0,0.0,0.0,0.0,0.0,0.0,0.0,0.0,0.0,0.0,0.0,0.0,0.0,0.0,0.0,0.0,0.0,0.0,0.0,0.0,0.0,0.0,0.0,0.0,0.0,0.0,0.0,0.0,0.0,0.0,0.0,0.0,0.0,0.0,0.0,0.0,0.0,0.0,0.0,0.0,0.0,0.0,0.0,0.0,0.0,0.0,0.0
2026-01-25 16:20:31,3.8,25.0,running,6.2,2.7,37.3,0.0,7.5,2.2,2.2,2.7,1.3,4.0,0.4,0.4,0.4,0.4,0.0,2.2,2.7,0.0,4.0,0.0,0.9,0.0,7.1,1.3,1.3,0.9,5.3,0.0,0.4,0.9,0.4,40.0,7.6,0.4,2.7,4.5,5.8,0.0,4.0,4.9,1.3,0.4,2.7,1.3,0.9,1.8,2.2,0.4,0.0,0.0,0.0,0.0,0.0,0.0,0.0,0.0,0.0,0.0,0.0,0.0,0.0,0.0,0.0,0.0,0.0,0.0,0.0,0.0,0.0,0.0,0.0,0.0,0.0,0.0,0.0,0.0,0.0,0.0,0.0,0.0,0.0,0.0,0.0,0.0,0.0,0.0,0.0,0.0,0.0,0.0,0.0,0.0,0.0,0.0,0.0,0.0
2026-01-25 16:20:34,3.8,28.1,running,9.3,0.0,30.4,0.0,10.7,0.0,4.4,1.3,6.7,0.4,1.8,0.0,1.3,0.0,0.9,4.9,6.7,4.0,1.8,0.0,0.0,0.0,1.8,3.1,1.8,0.0,2.2,0.9,3.1,3.1,0.0,47.4,3.6,4.4,3.1,3.1,2.2,0.0,6.7,2.7,0.4,0.4,0.9,3.6,0.9,3.6,3.1,0.0,0.0,0.0,0.0,0.0,0.0,0.0,0.0,0.0,0.0,0.0,0.0,0.0,0.0,0.0,0.0,0.0,0.0,0.0,0.0,0.0,0.0,0.0,0.0,0.0,0.0,0.0,0.0,0.0,0.0,0.0,0.0,0.0,0.0,0.0,0.0,0.0,0.0,0.0,0.0,0.0,0.0,0.0,0.0,0.0,0.0,0.0,0.0,0.0
2026-01-25 16:20:38,3.8,37.5,running,6.7,1.8,32.6,0.4,10.7,0.0,4.5,1.8,0.4,0.9,0.0,0.9,4.9,0.0,0.0,0.0,1.3,0.9,1.3,3.1,0.0,0.9,1.8,0.9,1.8,0.0,4.0,1.3,1.8,2.2,0.9,44.2,4.5,1.8,0.0,3.6,0.9,0.4,3.1,1.8,0.0,0.9,4.4,3.1,1.8,2.2,0.9,3.6,0.0,0.0,0.0,0.0,0.0,0.0,0.0,0.0,0.0,0.0,0.0,0.0,0.0,0.0,0.0,0.0,0.0,0.0,0.0,0.0,0.0,0.0,0.0,0.0,0.0,0.0,0.0,0.0,0.0,0.0,0.0,0.0,0.0,0.0,0.0,0.0,0.0,0.0,0.0,0.0,0.0,0.0,0.0,0.0,0.0,0.0,0.0,0.0
2026-01-25 16:20:41,4.1,31.2,running,5.8,4.0,36.2,1.3,16.5,1.8,3.1,2.7,3.6,0.0,1.8,2.2,2.2,0.4,0.0,0.4,4.4,3.6,3.1,0.0,1.8,0.0,1.8,2.7,2.2,2.7,4.5,0.0,0.4,0.0,0.0,41.0,1.8,0.4,1.8,3.5,5.8,0.9,2.2,2.7,0.4,2.7,8.0,3.1,4.0,3.1,3.5,3.1,0.0,0.0,0.0,0.0,0.0,0.0,0.0,0.0,0.0,0.0,0.0,0.0,0.0,0.0,0.0,0.0,0.0,0.0,0.0,0.0,0.0,0.0,0.0,0.0,0.0,0.0,0.0,0.0,0.0,0.0,0.0,0.0,0.0,0.0,0.0,0.0,0.0,0.0,0.0,0.0,0.0,0.0,0.0,0.0,0.0,0.0,0.0,0.0
2026-01-25 16:20:45,3.6,21.9,running,4.5,0.9,34.5,0.0,6.7,0.9,3.1,5.8,1.3,2.2,0.9,0.9,2.2,0.0,0.9,3.6,2.2,1.3,2.2,0.9,1.3,1.3,3.6,2.7,1.3,0.0,5.3,1.8,3.1,0.0,0.0,45.5,5.8,0.9,0.9,1.3,4.0,0.4,6.2,0.4,0.0,0.9,4.0,2.7,3.6,7.5,3.6,0.9,0.0,0.0,0.0,0.0,0.0,0.0,0.0,0.0,0.0,0.0,0.0,0.0,0.0,0.0,0.0,0.0,0.0,0.0,0.0,0.0,0.0,0.0,0.0,0.0,0.0,0.0,0.0,0.0,0.0,0.0,0.0,0.0,0.0,0.0,0.0,0.0,0.0,0.0,0.0,0.0,0.0,0.0,0.0,0.0,0.0,0.0,0.0,0.0
2026-01-25 16:20:48,4.1,25.0,running,8.0,0.4,32.6,2.2,10.3,0.0,5.8,1.8,4.9,4.5,3.6,1.3,6.2,0.4,1.3,0.0,0.4,5.8,0.9,2.7,1.8,0.0,1.8,4.0,1.8,1.8,4.9,0.0,5.3,4.0,1.3,42.5,6.2,1.8,1.3,1.8,5.8,1.3,0.9,2.2,4.0,0.9,4.4,2.2,2.2,0.4,1.3,2.2,0.0,0.0,0.0,0.0,0.0,0.0,0.0,0.0,0.0,0.0,0.0,0.0,0.0,0.0,0.0,0.0,0.0,0.0,0.0,0.0,0.0,0.0,0.0,0.0,0.0,0.0,0.0,0.0,0.0,0.0,0.0,0.0,0.0,0.0,0.0,0.0,0.0,0.0,0.0,0.0,0.0,0.0,0.0,0.0,0.0,0.0,0.0,0.0
2026-01-25 16:20:52,3.4,28.1,running,6.2,1.3,36.9,0.0,8.4,0.0,1.8,4.0,0.4,0.0,0.4,0.0,0.9,0.0,4.4,0.4,0.4,0.4,1.8,1.8,1.8,3.1,1.3,4.9,3.1,4.0,4.0,0.0,0.4,0.4,0.0,39.3,3.1,3.5,2.7,1.8,1.8,1.3,4.4,1.8,2.2,0.0,3.6,3.1,7.1,4.9,1.3,0.4,0.0,0.0,0.0,0.0,0.0,0.0,0.0,0.0,0.0,0.0,0.0,0.0,0.0,0.0,0.0,0.0,0.0,0.0,0.0,0.0,0.0,0.0,0.0,0.0,0.0,0.0,0.0,0.0,0.0,0.0,0.0,0.0,0.0,0.0,0.0,0.0,0.0,0.0,0.0,0.0,0.0,0.0,0.0,0.0,0.0,0.0,0.0,0.0
2026-01-25 16:20:55,4.4,28.1,running,8.5,0.9,32.0,0.9,7.6,1.3,4.9,0.9,1.3,1.8,1.3,0.9,0.4,0.4,0.0,0.4,3.1,0.0,0.4,2.7,2.7,2.2,2.2,2.7,0.9,0.0,5.8,0.5,2.7,4.0,0.0,44.9,5.4,0.9,0.9,2.2,6.3,0.9,6.7,1.8,1.4,4.9,3.6,3.6,2.7,1.8,5.4,1.8,0.0,0.0,0.0,0.0,0.0,0.0,0.0,0.0,0.0,0.0,0.0,0.0,0.0,0.0,0.0,0.0,0.0,0.0,0.0,0.0,0.0,0.0,0.0,0.0,0.0,0.0,0.0,0.0,0.0,0.0,0.0,0.0,0.0,0.0,0.0,0.0,0.0,0.0,0.0,0.0,0.0,0.0,0.0,0.0,0.0,0.0,0.0,0.0
2026-01-25 16:20:59,3.8,21.8,running,7.5,0.0,32.7,0.4,9.8,0.4,4.4,2.7,5.8,0.9,3.6,1.8,0.4,0.0,3.6,3.1,1.8,0.0,1.3,0.0,1.8,2.2,0.9,4.9,0.4,0.9,1.8,1.8,0.4,2.7,3.1,43.6,7.6,0.9,1.8,3.1,1.3,0.9,5.4,4.0,1.3,0.0,4.4,1.8,2.7,0.4,4.0,0.9,0.0,0.0,0.0,0.0,0.0,0.0,0.0,0.0,0.0,0.0,0.0,0.0,0.0,0.0,0.0,0.0,0.0,0.0,0.0,0.0,0.0,0.0,0.0,0.0,0.0,0.0,0.0,0.0,0.0,0.0,0.0,0.0,0.0,0.0,0.0,0.0,0.0,0.0,0.0,0.0,0.0,0.0,0.0,0.0,0.0,0.0,0.0,0.0
2026-01-25 16:21:02,3.9,34.3,running,6.7,2.2,32.7,0.4,6.7,0.9,2.7,1.8,3.6,2.2,0.9,4.0,5.8,0.0,0.9,0.0,1.3,0.9,3.6,0.0,3.6,0.0,3.1,2.7,1.3,0.0,4.9,2.2,1.8,4.0,0.0,49.6,6.2,2.2,0.9,0.9,1.8,0.0,3.1,4.9,0.9,0.4,2.2,4.4,3.6,0.9,1.3,0.0,0.0,0.0,0.0,0.0,0.0,0.0,0.0,0.0,0.0,0.0,0.0,0.0,0.0,0.0,0.0,0.0,0.0,0.0,0.0,0.0,0.0,0.0,0.0,0.0,0.0,0.0,0.0,0.0,0.0,0.0,0.0,0.0,0.0,0.0,0.0,0.0,0.0,0.0,0.0,0.0,0.0,0.0,0.0,0.0,0.0,0.0,0.0,0.0
2026-01-25 16:21:06,3.7,31.2,running,7.1,1.3,33.2,0.0,8.0,1.8,2.7,3.1,1.8,1.3,3.5,2.2,0.4,0.4,1.3,0.0,1.3,0.4,1.8,1.2,1.8,0.0,3.1,1.8,3.1,0.0,4.9,1.8,0.0,0.9,0.9,52.2,2.2,4.1,1.3,3.1,3.1,0.0,2.7,5.3,1.8,0.0,2.2,5.3,3.1,4.5,3.6,0.4,0.0,0.0,0.0,0.0,0.0,0.0,0.0,0.0,0.0,0.0,0.0,0.0,0.0,0.0,0.0,0.0,0.0,0.0,0.0,0.0,0.0,0.0,0.0,0.0,0.0,0.0,0.0,0.0,0.0,0.0,0.0,0.0,0.0,0.0,0.0,0.0,0.0,0.0,0.0,0.0,0.0,0.0,0.0,0.0,0.0,0.0,0.0,0.0
2026-01-25 16:21:09,4.3,21.9,running,6.2,3.6,33.8,0.0,9.4,1.8,4.0,3.1,3.1,1.3,1.8,1.8,0.9,0.4,0.9,0.4,1.8,4.4,0.9,4.4,1.8,0.0,0.9,4.9,0.0,0.0,1.3,2.7,0.9,5.7,0.9,44.4,1.8,1.3,1.3,0.9,0.0,0.4,2.7,3.6,4.0,0.4,4.5,3.1,8.0,3.6,0.9,0.0,0.0,0.0,0.0,0.0,0.0,0.0,0.0,0.0,0.0,0.0,0.0,0.0,0.0,0.0,0.0,0.0,0.0,0.0,0.0,0.0,0.0,0.0,0.0,0.0,0.0,0.0,0.0,0.0,0.0,0.0,0.0,0.0,0.0,0.0,0.0,0.0,0.0,0.0,0.0,0.0,0.0,0.0,0.0,0.0,0.0,0.0,0.0,0.0
2026-01-25 16:21:13,4.9,37.5,running,10.2,4.0,28.6,1.3,9.8,2.7,6.2,6.2,4.5,0.4,4.0,0.0,1.3,0.4,0.9,4.9,1.3,0.0,1.3,0.4,2.7,0.4,3.6,5.3,0.0,0.9,5.8,0.4,6.2,2.7,0.0,44.0,6.6,2.7,0.4,0.4,0.0,1.3,2.7,0.4,0.4,0.0,4.0,3.5,7.1,2.7,2.2,2.7,0.0,0.0,0.0,0.0,0.0,0.0,0.0,0.0,0.0,0.0,0.0,0.0,0.0,0.0,0.0,0.0,0.0,0.0,0.0,0.0,0.0,0.0,0.0,0.0,0.0,0.0,0.0,0.0,0.0,0.0,0.0,0.0,0.0,0.0,0.0,0.0,0.0,0.0,0.0,0.0,0.0,0.0,0.0,0.0,0.0,0.0,0.0,0.0
2026-01-25 16:21:16,3.8,31.2,running,5.4,2.7,33.3,1.3,8.5,0.4,4.0,3.1,3.1,1.8,0.9,0.0,1.8,0.0,1.3,2.7,0.4,2.2,2.2,0.0,0.9,0.0,5.3,5.8,2.7,0.9,5.8,4.0,1.8,0.0,0.0,45.8,2.2,0.9,1.3,5.3,4.4,0.9,0.9,3.1,0.9,1.3,4.0,2.7,0.4,2.7,0.0,0.0,0.0,0.0,0.0,0.0,0.0,0.0,0.0,0.0,0.0,0.0,0.0,0.0,0.0,0.0,0.0,0.0,0.0,0.0,0.0,0.0,0.0,0.0,0.0,0.0,0.0,0.0,0.0,0.0,0.0,0.0,0.0,0.0,0.0,0.0,0.0,0.0,0.0,0.0,0.0,0.0,0.0,0.0,0.0,0.0,0.0,0.0,0.0,0.0
2026-01-25 16:21:20,4.4,43.7,running,6.6,0.9,32.9,0.0,10.7,3.5,8.0,1.8,4.0,2.2,3.1,7.4,3.6,0.0,2.7,0.4,0.9,0.4,0.4,0.0,1.3,2.2,2.2,8.9,1.8,1.8,1.3,0.4,0.0,3.1,0.9,41.5,5.8,2.7,2.2,3.1,3.1,0.9,4.0,1.3,0.4,0.0,3.6,1.3,0.9,2.7,1.3,0.0,0.0,0.0,0.0,0.0,0.0,0.0,0.0,0.0,0.0,0.0,0.0,0.0,0.0,0.0,0.0,0.0,0.0,0.0,0.0,0.0,0.0,0.0,0.0,0.0,0.0,0.0,0.0,0.0,0.0,0.0,0.0,0.0,0.0,0.0,0.0,0.0,0.0,0.0,0.0,0.0,0.0,0.0,0.0,0.0,0.0,0.0,0.0,0.0
2026-01-25 16:21:23,5.0,28.1,running,10.2,0.4,32.1,0.5,7.1,0.0,4.9,1.8,4.5,4.0,3.1,0.9,0.4,0.9,1.8,4.0,7.5,0.0,4.9,0.4,4.0,0.9,4.0,3.6,1.8,3.1,3.1,0.4,0.9,2.7,0.0,43.8,6.2,1.3,0.0,2.7,8.5,1.3,3.1,1.3,1.3,0.0,6.2,1.8,6.2,0.9,4.0,2.2,0.0,0.0,0.0,0.0,0.0,0.0,0.0,0.0,0.0,0.0,0.0,0.0,0.0,0.0,0.0,0.0,0.0,0.0,0.0,0.0,0.0,0.0,0.0,0.0,0.0,0.0,0.0,0.0,0.0,0.0,0.0,0.0,0.0,0.0,0.0,0.0,0.0,0.0,0.0,0.0,0.0,0.0,0.0,0.0,0.0,0.0,0.0,0.0
2026-01-25 16:21:27,4.8,34.3,running,7.6,1.3,32.9,0.0,10.2,0.0,6.2,8.0,6.7,0.4,1.3,3.1,0.9,0.4,0.4,2.2,2.7,1.8,3.6,0.0,0.4,0.0,2.7,3.6,2.2,0.4,1.3,1.3,0.0,3.1,1.3,44.0,9.8,0.9,3.1,3.1,0.0,0.9,1.3,1.3,0.0,0.4,1.3,4.0,1.8,0.9,3.1,0.4,0.0,0.0,0.0,0.0,0.0,0.0,0.0,0.0,0.0,0.0,0.0,0.0,0.0,0.0,0.0,0.0,0.0,0.0,0.0,0.0,0.0,0.0,0.0,0.0,0.0,0.0,0.0,0.0,0.0,0.0,0.0,0.0,0.0,0.0,0.0,0.0,0.0,0.0,0.0,0.0,0.0,0.0,0.0,0.0,0.0,0.0,0.0,0.0
2026-01-25 16:21:30,4.1,31.2,running,5.3,2.7,33.5,0.5,7.6,0.4,3.1,2.3,1.8,1.5,2.7,0.9,0.0,0.0,0.5,1.3,0.9,0.0,0.0,0.9,0.4,0.0,2.7,2.7,3.5,4.4,4.4,2.0,3.1,2.5,0.4,45.8,5.6,0.4,0.4,0.9,0.4,0.5,3.5,7.7,4.9,1.9,4.4,3.5,1.3,5.3,0.5,3.3,0.0,0.0,0.0,0.0,0.0,0.0,0.0,0.0,0.0,0.0,0.0,0.0,0.0,0.0,0.0,0.0,0.0,0.0,0.0,0.0,0.0,0.0,0.0,0.0,0.0,0.0,0.0,0.0,0.0,0.0,0.0,0.0,0.0,0.0,0.0,0.0,0.0,0.0,0.0,0.0,0.0,0.0,0.0,0.0,0.0,0.0,0.0,0.0
2026-01-25 16:21:34,3.6,31.2,running,9.4,2.7,36.0,0.9,11.7,0.9,4.0,3.1,3.1,0.8,2.2,4.9,1.8,0.0,0.0,4.5,0.0,0.0,3.1,3.2,0.4,0.4,0.9,1.8,0.4,0.8,3.1,0.8,5.3,0.8,0.0,45.4,3.4,1.8,1.8,0.9,1.3,2.1,0.9,2.5,0.0,1.7,3.1,2.2,3.1,0.4,0.8,2.1,0.0,0.0,0.0,0.0,0.0,0.0,0.0,0.0,0.0,0.0,0.0,0.0,0.0,0.0,0.0,0.0,0.0,0.0,0.0,0.0,0.0,0.0,0.0,0.0,0.0,0.0,0.0,0.0,0.0,0.0,0.0,0.0,0.0,0.0,0.0,0.0,0.0,0.0,0.0,0.0,0.0,0.0,0.0,0.0,0.0,0.0,0.0,0.0
2026-01-25 16:21:37,4.5,28.1,running,10.7,3.1,40.0,0.9,10.3,3.1,4.5,6.2,4.0,0.0,5.8,0.4,0.9,0.0,1.8,0.0,0.4,1.3,0.9,0.4,3.1,0.9,2.2,1.8,0.0,3.1,6.7,0.0,1.8,4.9,1.3,44.0,4.5,1.3,2.7,3.5,4.0,1.3,3.6,2.2,2.2,2.2,8.0,4.5,4.0,0.4,0.0,0.4,0.0,0.0,0.0,0.0,0.0,0.0,0.0,0.0,0.0,0.0,0.0,0.0,0.0,0.0,0.0,0.0,0.0,0.0,0.0,0.0,0.0,0.0,0.0,0.0,0.0,0.0,0.0,0.0,0.0,0.0,0.0,0.0,0.0,0.0,0.0,0.0,0.0,0.0,0.0,0.0,0.0,0.0,0.0,0.0,0.0,0.0,0.0,0.0
2026-01-25 16:21:41,4.2,18.7,running,8.9,0.0,30.1,2.2,5.8,1.8,3.1,2.7,4.4,0.0,1.3,0.0,0.9,0.0,0.4,1.8,4.4,0.4,0.0,0.9,0.9,0.9,2.7,1.8,4.5,3.1,5.4,1.3,0.4,1.3,8.8,36.6,23.3,3.6,4.4,2.2,4.9,0.4,0.4,1.8,1.3,4.0,1.8,2.7,2.2,5.8,0.0,0.4,0.0,0.0,0.0,0.0,0.0,0.0,0.0,0.0,0.0,0.0,0.0,0.0,0.0,0.0,0.0,0.0,0.0,0.0,0.0,0.0,0.0,0.0,0.0,0.0,0.0,0.0,0.0,0.0,0.0,0.0,0.0,0.0,0.0,0.0,0.0,0.0,0.0,0.0,0.0,0.0,0.0,0.0,0.0,0.0,0.0,0.0,0.0,0.0
2026-01-25 16:21:44,3.5,21.9,running,3.6,0.4,29.0,4.7,5.8,0.0,4.9,1.3,1.3,0.9,0.4,3.5,0.0,0.0,3.1,0.0,2.2,3.1,1.8,0.0,0.9,0.4,1.3,3.5,2.2,6.2,6.2,0.0,2.7,16.8,13.4,21.5,13.9,0.0,0.5,0.4,1.3,1.3,2.2,2.2,2.7,3.6,4.0,5.3,3.5,1.3,0.4,0.4,0.0,0.0,0.0,0.0,0.0,0.0,0.0,0.0,0.0,0.0,0.0,0.0,0.0,0.0,0.0,0.0,0.0,0.0,0.0,0.0,0.0,0.0,0.0,0.0,0.0,0.0,0.0,0.0,0.0,0.0,0.0,0.0,0.0,0.0,0.0,0.0,0.0,0.0,0.0,0.0,0.0,0.0,0.0,0.0,0.0,0.0,0.0,0.0
2026-01-25 16:21:48,2.8,37.4,running,7.1,0.4,33.9,0.4,8.8,2.2,4.9,0.4,1.8,6.6,2.7,1.3,0.0,0.0,1.8,0.9,0.4,0.0,2.2,0.9,0.9,0.4,3.1,1.3,1.4,0.0,7.2,0.9,1.8,44.0,4.5,4.9,1.3,0.4,0.9,1.3,2.2,0.0,3.6,0.9,1.8,1.3,4.4,2.7,6.2,2.7,0.4,0.9,0.0,0.0,0.0,0.0,0.0,0.0,0.0,0.0,0.0,0.0,0.0,0.0,0.0,0.0,0.0,0.0,0.0,0.0,0.0,0.0,0.0,0.0,0.0,0.0,0.0,0.0,0.0,0.0,0.0,0.0,0.0,0.0,0.0,0.0,0.0,0.0,0.0,0.0,0.0,0.0,0.0,0.0,0.0,0.0,0.0,0.0,0.0,0.0
2026-01-25 16:21:51,3.6,21.9,running,11.1,0.4,31.4,1.4,9.4,3.1,4.9,0.9,3.1,0.4,2.2,2.2,0.5,0.0,4.5,2.7,0.0,0.4,0.4,2.7,1.3,3.1,1.8,2.2,2.2,1.8,1.8,1.8,0.0,48.7,4.5,0.4,2.2,0.9,1.8,0.9,2.2,1.8,7.1,1.3,1.8,3.6,1.3,0.9,0.0,2.2,0.4,3.5,0.0,0.0,0.0,0.0,0.0,0.0,0.0,0.0,0.0,0.0,0.0,0.0,0.0,0.0,0.0,0.0,0.0,0.0,0.0,0.0,0.0,0.0,0.0,0.0,0.0,0.0,0.0,0.0,0.0,0.0,0.0,0.0,0.0,0.0,0.0,0.0,0.0,0.0,0.0,0.0,0.0,0.0,0.0,0.0,0.0,0.0,0.0,0.0
2026-01-25 16:21:55,3.5,31.2,running,6.7,4.5,35.1,0.4,7.1,0.0,3.1,1.8,0.9,0.9,0.4,4.0,0.9,0.0,2.2,2.2,0.0,0.0,4.0,0.4,3.5,0.0,4.0,1.3,4.0,1.8,2.2,0.4,0.4,42.4,12.9,0.4,3.1,0.4,0.9,0.9,2.2,5.4,0.4,0.9,4.9,0.0,3.1,1.8,0.9,0.9,0.0,4.4,0.0,0.0,0.0,0.0,0.0,0.0,0.0,0.0,0.0,0.0,0.0,0.0,0.0,0.0,0.0,0.0,0.0,0.0,0.0,0.0,0.0,0.0,0.0,0.0,0.0,0.0,0.0,0.0,0.0,0.0,0.0,0.0,0.0,0.0,0.0,0.0,0.0,0.0,0.0,0.0,0.0,0.0,0.0,0.0,0.0,0.0,0.0,0.0
2026-01-25 16:21:58,4.3,28.1,running,8.9,2.2,34.7,0.4,8.5,0.0,1.8,0.4,4.5,2.7,3.6,0.0,3.1,0.0,0.9,1.3,0.4,4.4,3.1,9.3,2.2,0.0,0.0,0.4,1.8,0.0,4.9,4.9,0.4,40.9,4.0,3.1,2.7,1.3,0.9,1.8,3.1,4.4,0.9,2.7,4.9,3.1,2.7,4.9,0.9,6.7,1.8,1.8,0.0,0.0,0.0,0.0,0.0,0.0,0.0,0.0,0.0,0.0,0.0,0.0,0.0,0.0,0.0,0.0,0.0,0.0,0.0,0.0,0.0,0.0,0.0,0.0,0.0,0.0,0.0,0.0,0.0,0.0,0.0,0.0,0.0,0.0,0.0,0.0,0.0,0.0,0.0,0.0,0.0,0.0,0.0,0.0,0.0,0.0,0.0,0.0
2026-01-25 16:22:02,3.6,25.0,running,9.3,1.8,30.4,1.8,11.1,2.2,4.9,2.7,5.8,2.2,8.4,0.8,1.8,0.0,0.0,1.3,0.0,1.8,3.5,0.4,0.9,3.6,3.6,1.3,1.8,0.4,6.7,2.7,1.8,44.9,9.4,0.0,0.9,1.3,0.0,1.8,1.3,1.8,0.4,3.1,2.2,0.0,4.9,2.2,4.0,0.4,0.9,1.3,0.0,0.0,0.0,0.0,0.0,0.0,0.0,0.0,0.0,0.0,0.0,0.0,0.0,0.0,0.0,0.0,0.0,0.0,0.0,0.0,0.0,0.0,0.0,0.0,0.0,0.0,0.0,0.0,0.0,0.0,0.0,0.0,0.0,0.0,0.0,0.0,0.0,0.0,0.0,0.0,0.0,0.0,0.0,0.0,0.0,0.0,0.0,0.0
2026-01-25 16:22:05,3.9,25.0,running,9.8,0.9,34.6,0.0,10.7,3.1,4.9,2.2,2.7,2.2,1.8,0.0,0.4,0.0,0.0,1.3,3.1,1.3,2.7,1.8,1.3,0.0,1.3,1.8,0.9,1.3,2.2,6.7,0.9,42.7,6.2,0.0,4.0,0.4,0.0,2.2,0.0,0.9,3.6,4.9,1.8,2.7,3.6,2.2,4.9,2.2,0.0,0.4,0.0,0.0,0.0,0.0,0.0,0.0,0.0,0.0,0.0,0.0,0.0,0.0,0.0,0.0,0.0,0.0,0.0,0.0,0.0,0.0,0.0,0.0,0.0,0.0,0.0,0.0,0.0,0.0,0.0,0.0,0.0,0.0,0.0,0.0,0.0,0.0,0.0,0.0,0.0,0.0,0.0,0.0,0.0,0.0,0.0,0.0,0.0,0.0
2026-01-25 16:22:09,3.6,28.1,running,4.9,2.2,34.3,0.0,7.1,0.9,4.5,2.7,3.1,0.4,0.4,0.0,0.0,0.0,0.4,1.8,0.4,1.8,2.2,1.3,1.8,3.6,6.6,1.8,0.0,2.7,1.8,0.4,1.8,41.9,13.2,0.0,0.4,1.8,0.9,2.2,0.0,0.4,3.1,1.3,0.9,1.3,3.6,2.2,0.0,4.5,0.4,1.3,0.0,0.0,0.0,0.0,0.0,0.0,0.0,0.0,0.0,0.0,0.0,0.0,0.0,0.0,0.0,0.0,0.0,0.0,0.0,0.0,0.0,0.0,0.0,0.0,0.0,0.0,0.0,0.0,0.0,0.0,0.0,0.0,0.0,0.0,0.0,0.0,0.0,0.0,0.0,0.0,0.0,0.0,0.0,0.0,0.0,0.0,0.0,0.0
2026-01-25 16:22:12,3.8,21.8,running,7.1,2.2,31.2,0.4,12.0,0.0,2.7,0.9,2.2,0.4,2.2,2.7,3.1,0.0,1.8,2.2,2.7,2.2,3.6,2.7,0.9,1.3,3.6,4.0,0.9,0.0,6.2,0.9,1.3,44.0,8.1,0.0,0.9,0.4,1.3,4.0,1.3,1.3,0.9,0.0,0.4,2.7,4.4,4.0,3.6,2.2,2.2,0.0,0.0,0.0,0.0,0.0,0.0,0.0,0.0,0.0,0.0,0.0,0.0,0.0,0.0,0.0,0.0,0.0,0.0,0.0,0.0,0.0,0.0,0.0,0.0,0.0,0.0,0.0,0.0,0.0,0.0,0.0,0.0,0.0,0.0,0.0,0.0,0.0,0.0,0.0,0.0,0.0,0.0,0.0,0.0,0.0,0.0,0.0,0.0,0.0
2026-01-25 16:22:16,3.5,28.1,running,8.5,2.2,31.2,0.0,8.4,1.8,2.2,2.7,1.8,1.8,1.3,0.0,2.2,0.0,3.1,2.2,0.4,0.9,0.9,3.1,0.4,2.7,3.6,3.1,1.8,1.3,3.5,0.0,0.4,48.7,7.0,0.0,2.7,0.4,0.9,5.3,2.7,0.0,2.2,2.7,0.9,0.0,3.6,3.1,4.9,9.3,1.8,0.0,0.0,0.0,0.0,0.0,0.0,0.0,0.0,0.0,0.0,0.0,0.0,0.0,0.0,0.0,0.0,0.0,0.0,0.0,0.0,0.0,0.0,0.0,0.0,0.0,0.0,0.0,0.0,0.0,0.0,0.0,0.0,0.0,0.0,0.0,0.0,0.0,0.0,0.0,0.0,0.0,0.0,0.0,0.0,0.0,0.0,0.0,0.0,0.0
2026-01-25 16:22:19,4.5,37.5,running,3.6,1.3,32.6,0.9,10.7,2.2,2.2,5.8,1.8,2.7,1.3,2.7,1.3,0.0,1.8,0.0,4.4,0.0,3.1,0.9,0.4,1.3,2.2,0.9,0.9,3.6,4.0,0.0,1.3,44.0,7.6,2.2,1.3,2.2,1.8,3.1,1.3,2.7,4.0,1.8,0.9,0.9,5.4,4.4,6.1,5.4,0.9,1.8,0.0,0.0,0.0,0.0,0.0,0.0,0.0,0.0,0.0,0.0,0.0,0.0,0.0,0.0,0.0,0.0,0.0,0.0,0.0,0.0,0.0,0.0,0.0,0.0,0.0,0.0,0.0,0.0,0.0,0.0,0.0,0.0,0.0,0.0,0.0,0.0,0.0,0.0,0.0,0.0,0.0,0.0,0.0,0.0,0.0,0.0,0.0,0.0
2026-01-25 16:22:23,3.8,37.5,running,4.5,0.0,34.1,0.0,8.4,0.0,4.5,1.8,3.6,0.9,1.8,0.0,2.2,0.0,0.9,0.0,3.6,0.9,3.6,0.0,1.3,3.6,0.0,1.8,0.9,3.1,1.3,0.9,0.9,41.8,5.8,0.4,2.2,5.3,0.0,2.2,4.5,3.5,5.3,0.9,0.9,0.0,6.2,2.7,1.8,5.8,0.4,1.8,0.0,0.0,0.0,0.0,0.0,0.0,0.0,0.0,0.0,0.0,0.0,0.0,0.0,0.0,0.0,0.0,0.0,0.0,0.0,0.0,0.0,0.0,0.0,0.0,0.0,0.0,0.0,0.0,0.0,0.0,0.0,0.0,0.0,0.0,0.0,0.0,0.0,0.0,0.0,0.0,0.0,0.0,0.0,0.0,0.0,0.0,0.0,0.0
2026-01-25 16:22:26,4.6,25.0,running,7.1,0.9,35.6,0.9,11.2,2.2,6.2,1.3,3.1,0.0,0.4,0.0,0.9,0.9,1.3,2.2,1.3,1.3,1.8,3.6,2.2,0.4,2.2,3.1,0.0,8.4,3.1,0.4,0.0,41.8,28.0,0.0,7.1,3.6,0.4,1.8,7.6,5.8,1.8,1.8,0.4,0.0,2.7,2.2,6.7,2.2,1.3,2.7,0.0,0.0,0.0,0.0,0.0,0.0,0.0,0.0,0.0,0.0,0.0,0.0,0.0,0.0,0.0,0.0,0.0,0.0,0.0,0.0,0.0,0.0,0.0,0.0,0.0,0.0,0.0,0.0,0.0,0.0,0.0,0.0,0.0,0.0,0.0,0.0,0.0,0.0,0.0,0.0,0.0,0.0,0.0,0.0,0.0,0.0,0.0,0.0
2026-01-25 16:22:30,4.3,40.6,running,4.9,4.0,32.0,1.1,4.5,1.3,4.0,4.0,0.9,0.9,1.8,1.8,1.3,0.4,1.3,1.3,0.4,0.0,2.2,2.7,0.9,2.7,4.0,0.4,0.0,1.8,6.7,4.0,0.0,47.8,17.7,3.6,3.6,0.4,0.0,3.1,2.2,0.0,1.8,2.2,1.3,0.9,5.8,3.1,4.0,3.6,0.9,0.0,0.0,0.0,0.0,0.0,0.0,0.0,0.0,0.0,0.0,0.0,0.0,0.0,0.0,0.0,0.0,0.0,0.0,0.0,0.0,0.0,0.0,0.0,0.0,0.0,0.0,0.0,0.0,0.0,0.0,0.0,0.0,0.0,0.0,0.0,0.0,0.0,0.0,0.0,0.0,0.0,0.0,0.0,0.0,0.0,0.0,0.0,0.0,0.0
2026-01-25 16:22:33,4.3,15.6,running,7.1,1.3,34.5,0.0,10.3,1.3,2.7,1.8,4.0,0.0,0.9,0.0,0.4,0.0,0.4,4.4,0.9,2.2,0.4,0.4,1.3,3.1,1.8,1.3,3.1,2.2,4.8,0.4,0.4,41.7,7.1,2.2,0.9,3.6,3.1,1.3,0.4,0.4,1.8,4.9,2.2,3.6,4.9,2.7,4.4,8.4,10.2,0.9,0.0,0.0,0.0,0.0,0.0,0.0,0.0,0.0,0.0,0.0,0.0,0.0,0.0,0.0,0.0,0.0,0.0,0.0,0.0,0.0,0.0,0.0,0.0,0.0,0.0,0.0,0.0,0.0,0.0,0.0,0.0,0.0,0.0,0.0,0.0,0.0,0.0,0.0,0.0,0.0,0.0,0.0,0.0,0.0,0.0,0.0,0.0,0.0
2026-01-25 16:22:37,3.5,31.2,running,8.4,1.3,33.3,1.6,9.7,0.9,4.9,4.5,2.2,1.3,0.9,2.2,0.4,0.0,1.8,0.0,1.8,0.0,2.2,1.3,1.8,0.0,1.3,3.6,1.3,2.2,1.3,2.2,0.9,41.9,2.7,3.6,0.9,1.3,0.4,4.0,0.9,4.0,5.3,1.3,4.4,1.5,2.7,1.3,5.8,3.6,1.3,0.0,0.0,0.0,0.0,0.0,0.0,0.0,0.0,0.0,0.0,0.0,0.0,0.0,0.0,0.0,0.0,0.0,0.0,0.0,0.0,0.0,0.0,0.0,0.0,0.0,0.0,0.0,0.0,0.0,0.0,0.0,0.0,0.0,0.0,0.0,0.0,0.0,0.0,0.0,0.0,0.0,0.0,0.0,0.0,0.0,0.0,0.0,0.0,0.0
2026-01-25 16:22:40,3.4,21.9,running,3.6,0.0,33.5,0.8,10.3,0.0,3.6,4.0,1.8,0.0,1.3,0.4,5.3,0.0,1.3,0.0,0.4,0.0,0.0,1.8,0.0,4.0,3.1,1.3,1.3,0.0,1.3,0.4,0.0,48.9,4.0,0.0,1.3,0.0,0.4,1.8,2.2,1.3,5.4,2.2,1.8,0.8,4.9,4.0,8.5,2.2,1.3,0.0,0.0,0.0,0.0,0.0,0.0,0.0,0.0,0.0,0.0,0.0,0.0,0.0,0.0,0.0,0.0,0.0,0.0,0.0,0.0,0.0,0.0,0.0,0.0,0.0,0.0,0.0,0.0,0.0,0.0,0.0,0.0,0.0,0.0,0.0,0.0,0.0,0.0,0.0,0.0,0.0,0.0,0.0,0.0,0.0,0.0,0.0,0.0,0.0
2026-01-25 16:22:44,4.2,21.8,running,9.3,1.3,38.2,0.0,9.8,0.0,4.0,3.1,6.2,0.4,3.1,2.2,0.9,0.5,1.8,0.0,3.5,0.9,1.8,0.0,0.9,2.2,2.2,0.0,1.8,0.4,3.6,4.0,1.8,41.2,8.8,0.9,1.8,0.0,1.3,4.9,5.4,3.1,4.5,3.1,2.7,2.7,4.5,2.7,2.7,0.0,2.2,0.9,0.0,0.0,0.0,0.0,0.0,0.0,0.0,0.0,0.0,0.0,0.0,0.0,0.0,0.0,0.0,0.0,0.0,0.0,0.0,0.0,0.0,0.0,0.0,0.0,0.0,0.0,0.0,0.0,0.0,0.0,0.0,0.0,0.0,0.0,0.0,0.0,0.0,0.0,0.0,0.0,0.0,0.0,0.0,0.0,0.0,0.0,0.0,0.0
2026-01-25 16:22:47,3.8,25.0,running,5.3,0.0,32.0,1.6,9.8,0.0,1.8,1.8,5.8,0.0,1.3,0.9,0.9,0.0,1.8,1.7,2.2,1.3,0.5,0.0,1.3,0.4,1.3,0.0,1.3,1.8,4.0,0.9,0.0,45.5,7.6,0.4,1.3,0.0,1.8,2.2,1.8,0.0,4.4,5.4,0.9,0.0,3.6,0.4,6.3,0.4,1.3,0.0,0.0,0.0,0.0,0.0,0.0,0.0,0.0,0.0,0.0,0.0,0.0,0.0,0.0,0.0,0.0,0.0,0.0,0.0,0.0,0.0,0.0,0.0,0.0,0.0,0.0,0.0,0.0,0.0,0.0,0.0,0.0,0.0,0.0,0.0,0.0,0.0,0.0,0.0,0.0,0.0,0.0,0.0,0.0,0.0,0.0,0.0,0.0,0.0
2026-01-25 16:22:51,4.2,34.3,running,9.7,2.2,35.4,2.4,10.2,1.8,3.6,3.6,2.6,0.4,2.2,0.5,1.3,0.0,0.9,0.8,0.9,1.3,0.9,3.1,1.8,0.0,3.6,3.6,1.8,0.0,1.3,1.8,0.4,46.7,5.8,2.2,1.8,3.6,1.8,2.2,0.4,1.3,4.4,2.7,4.5,1.8,3.6,2.2,2.2,5.4,3.1,0.0,0.0,0.0,0.0,0.0,0.0,0.0,0.0,0.0,0.0,0.0,0.0,0.0,0.0,0.0,0.0,0.0,0.0,0.0,0.0,0.0,0.0,0.0,0.0,0.0,0.0,0.0,0.0,0.0,0.0,0.0,0.0,0.0,0.0,0.0,0.0,0.0,0.0,0.0,0.0,0.0,0.0,0.0,0.0,0.0,0.0,0.0,0.0,0.0
2026-01-25 16:22:54,3.8,25.0,running,7.6,0.4,37.8,2.1,8.0,0.4,4.0,5.3,5.8,0.4,2.7,0.0,2.2,0.0,4.0,0.4,1.3,0.0,2.2,0.9,1.3,0.9,1.8,4.9,0.0,0.0,4.0,0.9,0.4,46.5,5.4,0.9,3.1,1.8,0.4,1.8,1.3,1.8,4.5,7.1,3.5,0.0,3.1,1.8,2.7,3.1,0.0,0.0,0.0,0.0,0.0,0.0,0.0,0.0,0.0,0.0,0.0,0.0,0.0,0.0,0.0,0.0,0.0,0.0,0.0,0.0,0.0,0.0,0.0,0.0,0.0,0.0,0.0,0.0,0.0,0.0,0.0,0.0,0.0,0.0,0.0,0.0,0.0,0.0,0.0,0.0,0.0,0.0,0.0,0.0,0.0,0.0,0.0,0.0,0.0,0.0
2026-01-25 16:22:58,4.1,31.2,running,7.1,4.0,33.5,0.4,8.0,8.9,3.6,3.6,4.9,0.0,4.0,0.4,0.5,0.4,2.7,2.2,0.9,0.9,0.4,0.9,1.8,0.0,2.2,4.0,2.2,1.3,5.8,1.8,0.9,42.5,9.2,0.4,0.0,2.7,1.8,1.3,0.4,3.1,0.4,1.8,0.0,3.6,3.6,3.6,3.1,4.4,1.3,0.0,0.0,0.0,0.0,0.0,0.0,0.0,0.0,0.0,0.0,0.0,0.0,0.0,0.0,0.0,0.0,0.0,0.0,0.0,0.0,0.0,0.0,0.0,0.0,0.0,0.0,0.0,0.0,0.0,0.0,0.0,0.0,0.0,0.0,0.0,0.0,0.0,0.0,0.0,0.0,0.0,0.0,0.0,0.0,0.0,0.0,0.0,0.0,0.0
2026-01-25 16:23:01,3.5,34.4,running,6.2,0.0,31.7,1.0,6.7,2.7,5.4,1.3,2.2,0.0,0.9,3.1,0.0,0.0,3.1,1.3,3.1,0.4,0.5,1.8,2.2,0.4,5.8,4.9,0.9,0.0,5.3,1.3,0.4,45.3,6.3,3.6,1.3,1.8,2.2,3.6,3.6,0.4,6.3,3.1,0.0,0.9,2.7,3.6,0.9,1.8,0.0,0.0,0.0,0.0,0.0,0.0,0.0,0.0,0.0,0.0,0.0,0.0,0.0,0.0,0.0,0.0,0.0,0.0,0.0,0.0,0.0,0.0,0.0,0.0,0.0,0.0,0.0,0.0,0.0,0.0,0.0,0.0,0.0,0.0,0.0,0.0,0.0,0.0,0.0,0.0,0.0,0.0,0.0,0.0,0.0,0.0,0.0,0.0,0.0,0.0
2026-01-25 16:23:05,4.4,34.3,running,10.3,0.0,32.3,0.4,16.5,0.4,5.4,2.2,4.9,0.5,0.9,0.4,3.1,0.0,1.8,0.0,1.8,0.0,0.9,0.9,0.9,1.8,4.9,4.5,1.8,2.2,1.3,0.0,1.3,42.0,5.8,5.3,0.9,1.3,1.3,4.0,2.7,4.0,3.6,1.8,3.5,0.0,3.1,3.1,3.1,0.0,1.8,0.0,0.0,0.0,0.0,0.0,0.0,0.0,0.0,0.0,0.0,0.0,0.0,0.0,0.0,0.0,0.0,0.0,0.0,0.0,0.0,0.0,0.0,0.0,0.0,0.0,0.0,0.0,0.0,0.0,0.0,0.0,0.0,0.0,0.0,0.0,0.0,0.0,0.0,0.0,0.0,0.0,0.0,0.0,0.0,0.0,0.0,0.0,0.0,0.0
2026-01-25 16:23:08,3.4,28.1,running,5.8,1.3,33.2,1.3,8.9,0.9,4.0,4.9,1.8,2.6,0.9,2.7,0.9,0.0,1.3,0.5,0.4,0.4,1.3,1.8,1.8,1.8,4.9,0.0,2.2,4.0,4.5,1.8,0.4,47.1,11.6,0.0,0.9,1.3,0.0,0.9,4.0,0.4,1.3,3.5,2.2,0.0,5.3,1.8,2.2,0.9,4.9,0.4,0.0,0.0,0.0,0.0,0.0,0.0,0.0,0.0,0.0,0.0,0.0,0.0,0.0,0.0,0.0,0.0,0.0,0.0,0.0,0.0,0.0,0.0,0.0,0.0,0.0,0.0,0.0,0.0,0.0,0.0,0.0,0.0,0.0,0.0,0.0,0.0,0.0,0.0,0.0,0.0,0.0,0.0,0.0,0.0,0.0,0.0,0.0,0.0
2026-01-25 16:23:12,3.6,18.7,running,5.3,1.3,36.0,0.4,6.2,4.4,2.2,1.3,1.8,0.0,0.9,0.4,1.3,0.5,4.5,3.4,4.5,0.4,1.8,0.4,3.5,0.9,4.9,1.8,3.5,0.0,4.4,1.8,0.4,47.1,1.8,1.8,3.1,0.9,2.2,0.9,0.4,5.3,4.0,4.1,1.8,0.0,4.9,0.9,4.5,0.9,2.7,0.4,0.0,0.0,0.0,0.0,0.0,0.0,0.0,0.0,0.0,0.0,0.0,0.0,0.0,0.0,0.0,0.0,0.0,0.0,0.0,0.0,0.0,0.0,0.0,0.0,0.0,0.0,0.0,0.0,0.0,0.0,0.0,0.0,0.0,0.0,0.0,0.0,0.0,0.0,0.0,0.0,0.0,0.0,0.0,0.0,0.0,0.0,0.0,0.0
2026-01-25 16:23:15,3.8,31.2,running,3.1,0.9,37.0,0.0,8.9,0.9,4.0,3.1,5.4,1.8,0.5,0.9,0.4,0.0,0.0,1.3,2.2,1.3,0.4,1.8,0.4,0.9,4.0,1.3,0.9,2.6,2.2,0.0,0.0,44.2,2.7,2.7,1.8,0.0,0.9,3.1,1.8,1.8,0.9,1.8,4.9,0.0,4.5,3.1,0.9,0.4,4.0,4.0,0.0,0.0,0.0,0.0,0.0,0.0,0.0,0.0,0.0,0.0,0.0,0.0,0.0,0.0,0.0,0.0,0.0,0.0,0.0,0.0,0.0,0.0,0.0,0.0,0.0,0.0,0.0,0.0,0.0,0.0,0.0,0.0,0.0,0.0,0.0,0.0,0.0,0.0,0.0,0.0,0.0,0.0,0.0,0.0,0.0,0.0,0.0,0.0
2026-01-25 16:23:19,4.2,31.2,running,9.8,0.9,35.8,0.0,8.9,0.4,3.1,4.0,3.6,0.9,2.1,2.7,1.3,0.0,0.9,1.8,3.1,0.9,0.9,2.7,1.3,0.0,2.2,0.0,0.4,1.8,0.4,1.3,0.4,40.4,9.3,3.6,2.2,2.7,0.9,3.6,1.3,0.0,2.7,3.6,4.9,2.7,1.3,5.8,1.3,3.1,0.0,2.2,0.0,0.0,0.0,0.0,0.0,0.0,0.0,0.0,0.0,0.0,0.0,0.0,0.0,0.0,0.0,0.0,0.0,0.0,0.0,0.0,0.0,0.0,0.0,0.0,0.0,0.0,0.0,0.0,0.0,0.0,0.0,0.0,0.0,0.0,0.0,0.0,0.0,0.0,0.0,0.0,0.0,0.0,0.0,0.0,0.0,0.0,0.0,0.0
2026-01-25 16:23:22,4.3,28.1,running,8.0,0.4,33.9,0.0,8.9,0.0,3.6,0.9,5.8,3.6,1.8,0.4,3.6,0.0,0.4,1.3,1.3,1.8,2.7,0.0,2.7,0.9,1.8,0.4,4.4,3.1,2.7,0.4,0.9,46.1,3.6,1.8,4.4,2.7,0.4,7.9,2.2,2.2,2.7,4.4,0.0,1.3,1.8,1.3,4.4,3.5,1.3,0.0,0.0,0.0,0.0,0.0,0.0,0.0,0.0,0.0,0.0,0.0,0.0,0.0,0.0,0.0,0.0,0.0,0.0,0.0,0.0,0.0,0.0,0.0,0.0,0.0,0.0,0.0,0.0,0.0,0.0,0.0,0.0,0.0,0.0,0.0,0.0,0.0,0.0,0.0,0.0,0.0,0.0,0.0,0.0,0.0,0.0,0.0,0.0,0.0
2026-01-25 16:23:26,3.8,43.7,running,12.4,1.8,32.2,0.9,9.4,0.0,4.0,1.8,6.7,0.4,2.7,0.0,0.9,0.0,0.4,0.0,1.8,0.0,1.3,1.8,0.9,0.4,4.9,0.0,0.4,0.4,8.0,0.0,0.0,39.6,8.0,2.7,3.2,0.9,0.0,1.3,1.4,4.5,0.4,0.4,0.9,2.7,0.9,7.1,6.7,7.1,4.0,1.8,0.0,0.0,0.0,0.0,0.0,0.0,0.0,0.0,0.0,0.0,0.0,0.0,0.0,0.0,0.0,0.0,0.0,0.0,0.0,0.0,0.0,0.0,0.0,0.0,0.0,0.0,0.0,0.0,0.0,0.0,0.0,0.0,0.0,0.0,0.0,0.0,0.0,0.0,0.0,0.0,0.0,0.0,0.0,0.0,0.0,0.0,0.0,0.0
2026-01-25 16:23:29,4.3,43.7,running,9.3,2.2,37.8,0.0,12.9,0.4,5.8,5.4,10.8,0.0,0.9,2.2,4.5,0.4,3.1,2.7,2.2,0.0,2.7,2.7,1.3,0.0,10.2,1.8,6.2,0.0,6.7,1.8,0.0,40.6,2.2,1.8,0.4,0.0,0.4,2.2,1.3,3.6,0.0,1.3,4.5,0.9,0.0,0.9,8.0,3.1,4.5,3.6,0.0,0.0,0.0,0.0,0.0,0.0,0.0,0.0,0.0,0.0,0.0,0.0,0.0,0.0,0.0,0.0,0.0,0.0,0.0,0.0,0.0,0.0,0.0,0.0,0.0,0.0,0.0,0.0,0.0,0.0,0.0,0.0,0.0,0.0,0.0,0.0,0.0,0.0,0.0,0.0,0.0,0.0,0.0,0.0,0.0,0.0,0.0,0.0
2026-01-25 16:23:33,2.4,96.8,running,6.5,0.4,92.4,0.0,2.7,0.0,3.1,1.3,0.4,0.0,1.8,0.9,0.9,0.4,0.9,1.3,0.9,0.0,1.3,0.0,0.4,0.0,0.0,0.4,0.0,0.4,0.9,0.0,0.0,3.1,1.8,0.9,0.0,0.0,0.0,0.0,0.0,0.4,0.4,0.0,0.0,0.0,0.0,0.9,2.2,0.0,0.4,0.0,0.0,0.0,0.0,0.0,0.0,0.0,0.0,0.0,0.0,0.0,0.0,0.0,0.0,0.0,0.0,0.0,0.0,0.0,0.0,0.0,0.0,0.0,0.0,0.0,0.0,0.0,0.0,0.0,0.0,0.0,0.0,0.0,0.0,0.0,0.0,0.0,0.0,0.0,0.0,0.0,0.0,0.0,0.0,0.0,0.0,0.0,0.0,0.0
2026-01-25 16:23:36,2.2,96.8,running,2.6,0.0,100.0,0.0,5.8,0.0,1.3,0.4,1.3,0.0,0.4,0.0,0.0,0.0,0.0,0.0,1.3,0.9,0.9,0.0,1.8,0.0,0.4,0.0,0.0,0.0,1.8,0.0,0.0,0.0,0.0,0.0,0.0,0.0,0.0,0.4,0.0,0.0,0.0,0.0,0.0,0.0,0.0,0.0,2.7,0.0,0.0,0.0,0.0,0.0,0.0,0.0,0.0,0.0,0.0,0.0,0.0,0.0,0.0,0.0,0.0,0.0,0.0,0.0,0.0,0.0,0.0,0.0,0.0,0.0,0.0,0.0,0.0,0.0,0.0,0.0,0.0,0.0,0.0,0.0,0.0,0.0,0.0,0.0,0.0,0.0,0.0,0.0,0.0,0.0,0.0,0.0,0.0,0.0,0.0,0.0
2026-01-25 16:23:40,2.5,99.9,running,2.6,0.0,100.0,0.0,3.1,0.0,2.2,1.3,0.0,0.0,0.0,0.9,0.0,0.0,0.0,0.0,0.4,0.4,0.4,0.0,1.3,0.0,0.0,0.0,0.0,0.0,0.9,0.0,0.0,0.0,0.4,0.0,0.0,0.0,0.0,0.4,0.0,0.0,0.0,0.0,0.0,0.0,0.0,0.0,5.3,0.0,0.0,0.0,0.0,0.0,0.0,0.0,0.0,0.0,0.0,0.0,0.0,0.0,0.0,0.0,0.0,0.0,0.0,0.0,0.0,0.0,0.0,0.0,0.0,0.0,0.0,0.0,0.0,0.0,0.0,0.0,0.0,0.0,0.0,0.0,0.0,0.0,0.0,0.0,0.0,0.0,0.0,0.0,0.0,0.0,0.0,0.0,0.0,0.0,0.0,0.0
2026-01-25 16:23:43,2.6,96.7,running,3.5,0.0,100.0,0.0,2.7,0.0,0.4,2.2,0.0,0.0,0.0,0.0,0.4,0.0,0.4,0.0,0.0,0.0,0.0,0.0,0.0,0.0,0.4,0.0,0.4,0.0,0.4,0.0,0.4,0.4,0.0,0.0,0.4,0.0,0.0,0.9,0.0,0.0,0.4,0.0,0.0,0.0,0.0,0.4,1.8,0.0,2.2,0.4,0.0,0.0,0.0,0.0,0.0,0.0,0.0,0.0,0.0,0.0,0.0,0.0,0.0,0.0,0.0,0.0,0.0,0.0,0.0,0.0,0.0,0.0,0.0,0.0,0.0,0.0,0.0,0.0,0.0,0.0,0.0,0.0,0.0,0.0,0.0,0.0,0.0,0.0,0.0,0.0,0.0,0.0,0.0,0.0,0.0,0.0,0.0,0.0
2026-01-25 16:23:47,2.5,99.9,running,3.1,0.0,100.0,0.0,3.6,0.0,0.0,3.1,1.3,0.0,1.3,0.0,0.0,0.0,0.0,0.0,0.0,0.4,0.0,0.0,0.0,0.0,0.0,0.0,1.8,0.0,1.8,0.0,0.4,0.0,0.0,0.4,0.0,0.0,0.0,0.9,0.0,0.0,0.9,0.0,0.0,0.0,0.0,0.0,4.0,0.0,0.0,0.0,0.0,0.0,0.0,0.0,0.0,0.0,0.0,0.0,0.0,0.0,0.0,0.0,0.0,0.0,0.0,0.0,0.0,0.0,0.0,0.0,0.0,0.0,0.0,0.0,0.0,0.0,0.0,0.0,0.0,0.0,0.0,0.0,0.0,0.0,0.0,0.0,0.0,0.0,0.0,0.0,0.0,0.0,0.0,0.0,0.0,0.0,0.0,0.0
2026-01-25 16:23:50,2.6,99.9,running,6.5,0.0,100.0,0.0,3.6,0.0,0.0,2.7,0.0,0.4,0.0,0.0,0.0,0.0,0.0,0.0,0.0,0.0,0.0,0.0,0.0,0.0,0.0,0.0,1.3,0.0,0.9,0.0,0.0,0.9,1.8,0.0,0.0,0.0,0.9,0.4,0.0,0.0,0.0,0.0,0.0,0.0,0.0,0.0,2.7,0.0,0.0,0.4,0.0,0.0,0.0,0.0,0.0,0.0,0.0,0.0,0.0,0.0,0.0,0.0,0.0,0.0,0.0,0.0,0.0,0.0,0.0,0.0,0.0,0.0,0.0,0.0,0.0,0.0,0.0,0.0,0.0,0.0,0.0,0.0,0.0,0.0,0.0,0.0,0.0,0.0,0.0,0.0,0.0,0.0,0.0,0.0,0.0,0.0,0.0,0.0
2026-01-25 16:23:54,2.9,96.8,running,6.5,0.0,100.0,0.0,4.4,0.0,1.3,2.2,0.4,1.8,0.4,1.3,0.0,0.0,2.2,0.0,0.4,0.0,0.0,0.0,0.0,0.0,0.0,0.0,0.0,0.0,0.9,0.0,0.4,0.0,0.0,0.0,0.4,0.0,0.0,0.4,0.4,0.0,0.0,0.0,0.0,0.0,0.9,0.0,1.3,0.0,0.0,0.4,0.0,0.0,0.0,0.0,0.0,0.0,0.0,0.0,0.0,0.0,0.0,0.0,0.0,0.0,0.0,0.0,0.0,0.0,0.0,0.0,0.0,0.0,0.0,0.0,0.0,0.0,0.0,0.0,0.0,0.0,0.0,0.0,0.0,0.0,0.0,0.0,0.0,0.0,0.0,0.0,0.0,0.0,0.0,0.0,0.0,0.0,0.0,0.0
2026-01-25 16:23:57,2.6,99.9,running,8.6,0.0,100.0,0.0,5.8,0.0,0.9,1.3,0.4,0.0,0.0,0.0,0.9,0.0,3.6,0.0,0.4,0.4,0.0,0.0,0.0,0.0,0.4,0.0,0.0,0.0,0.4,0.0,0.0,0.0,0.0,0.0,0.0,0.0,0.0,0.0,0.0,0.4,0.9,0.0,0.9,0.0,0.0,0.0,1.3,0.0,0.4,0.4,0.0,0.0,0.0,0.0,0.0,0.0,0.0,0.0,0.0,0.0,0.0,0.0,0.0,0.0,0.0,0.0,0.0,0.0,0.0,0.0,0.0,0.0,0.0,0.0,0.0,0.0,0.0,0.0,0.0,0.0,0.0,0.0,0.0,0.0,0.0,0.0,0.0,0.0,0.0,0.0,0.0,0.0,0.0,0.0,0.0,0.0,0.0,0.0
2026-01-25 16:24:01,2.7,93.7,running,4.3,0.4,100.0,0.0,6.2,0.0,0.9,0.0,0.0,0.0,0.9,2.2,0.4,0.5,2.7,0.0,2.6,0.9,0.0,0.0,0.0,0.4,0.4,0.0,0.9,0.0,1.3,0.0,0.9,0.0,0.0,0.0,0.0,0.0,0.0,0.0,0.0,0.5,0.0,0.4,0.0,0.0,0.0,1.3,1.8,0.0,0.0,0.0,0.0,0.0,0.0,0.0,0.0,0.0,0.0,0.0,0.0,0.0,0.0,0.0,0.0,0.0,0.0,0.0,0.0,0.0,0.0,0.0,0.0,0.0,0.0,0.0,0.0,0.0,0.0,0.0,0.0,0.0,0.0,0.0,0.0,0.0,0.0,0.0,0.0,0.0,0.0,0.0,0.0,0.0,0.0,0.0,0.0,0.0,0.0,0.0
2026-01-25 16:24:04,2.4,96.8,running,2.6,0.0,100.0,0.0,5.3,0.0,0.0,1.3,0.0,0.0,0.0,0.0,0.4,0.0,0.0,0.0,0.0,0.0,1.3,0.0,0.0,0.0,0.4,0.0,0.4,0.0,0.4,0.0,0.9,0.4,0.4,0.0,0.4,0.0,0.4,0.0,0.0,0.0,1.8,0.0,0.0,0.0,0.0,0.9,1.8,0.0,0.0,0.0,0.0,0.0,0.0,0.0,0.0,0.0,0.0,0.0,0.0,0.0,0.0,0.0,0.0,0.0,0.0,0.0,0.0,0.0,0.0,0.0,0.0,0.0,0.0,0.0,0.0,0.0,0.0,0.0,0.0,0.0,0.0,0.0,0.0,0.0,0.0,0.0,0.0,0.0,0.0,0.0,0.0,0.0,0.0,0.0,0.0,0.0,0.0,0.0
2026-01-25 16:24:08,2.8,99.9,running,5.2,0.0,100.0,0.0,4.0,0.0,1.3,2.7,0.0,0.0,0.0,0.0,0.0,0.0,0.4,0.0,0.0,2.2,1.3,0.0,0.9,0.0,0.9,0.0,0.0,0.0,0.9,0.0,0.4,0.4,0.0,0.0,0.4,0.0,0.0,0.0,0.0,0.0,0.0,0.0,0.0,0.0,0.0,0.4,3.1,0.0,0.0,0.5,0.0,0.0,0.0,0.0,0.0,0.0,0.0,0.0,0.0,0.0,0.0,0.0,0.0,0.0,0.0,0.0,0.0,0.0,0.0,0.0,0.0,0.0,0.0,0.0,0.0,0.0,0.0,0.0,0.0,0.0,0.0,0.0,0.0,0.0,0.0,0.0,0.0,0.0,0.0,0.0,0.0,0.0,0.0,0.0,0.0,0.0,0.0,0.0
2026-01-25 16:24:11,2.5,100.0,running,3.5,0.0,100.0,0.0,4.5,0.0,0.9,1.8,0.4,0.0,0.4,0.4,0.0,0.0,0.4,0.0,0.0,0.0,2.7,0.0,0.0,0.0,0.0,0.0,0.0,0.0,1.8,0.9,0.4,0.0,0.0,0.0,0.0,0.0,0.4,0.0,0.9,0.0,0.4,0.0,0.0,0.0,0.0,0.0,1.8,0.0,1.3,0.0,0.0,0.0,0.0,0.0,0.0,0.0,0.0,0.0,0.0,0.0,0.0,0.0,0.0,0.0,0.0,0.0,0.0,0.0,0.0,0.0,0.0,0.0,0.0,0.0,0.0,0.0,0.0,0.0,0.0,0.0,0.0,0.0,0.0,0.0,0.0,0.0,0.0,0.0,0.0,0.0,0.0,0.0,0.0,0.0,0.0,0.0,0.0,0.0
2026-01-25 16:24:15,2.3,99.9,running,5.3,0.9,100.0,0.0,2.7,0.0,0.4,0.9,0.9,0.0,0.0,0.0,0.0,0.0,0.0,0.0,0.0,0.0,0.4,0.0,0.4,0.0,0.0,0.0,0.0,0.0,1.3,0.0,0.4,0.0,0.0,0.0,0.0,0.0,0.0,0.4,0.4,0.0,0.0,0.0,0.0,0.0,0.0,0.0,2.7,0.0,0.0,0.0,0.0,0.0,0.0,0.0,0.0,0.0,0.0,0.0,0.0,0.0,0.0,0.0,0.0,0.0,0.0,0.0,0.0,0.0,0.0,0.0,0.0,0.0,0.0,0.0,0.0,0.0,0.0,0.0,0.0,0.0,0.0,0.0,0.0,0.0,0.0,0.0,0.0,0.0,0.0,0.0,0.0,0.0,0.0,0.0,0.0,0.0,0.0,0.0
2026-01-25 16:24:18,2.5,99.9,running,3.5,0.0,100.0,0.0,2.2,0.0,0.0,2.2,0.0,0.0,0.0,0.4,0.4,0.0,0.0,0.0,0.0,0.0,0.4,0.0,0.0,0.0,0.0,0.0,0.0,0.0,1.3,0.0,0.4,0.0,0.4,0.0,0.0,0.0,0.0,0.0,0.4,0.0,0.0,0.0,0.0,0.0,0.0,0.0,2.2,0.0,0.0,0.4,0.0,0.0,0.0,0.0,0.0,0.0,0.0,0.0,0.0,0.0,0.0,0.0,0.0,0.0,0.0,0.0,0.0,0.0,0.0,0.0,0.0,0.0,0.0,0.0,0.0,0.0,0.0,0.0,0.0,0.0,0.0,0.0,0.0,0.0,0.0,0.0,0.0,0.0,0.0,0.0,0.0,0.0,0.0,0.0,0.0,0.0,0.0,0.0
2026-01-25 16:24:22,2.3,99.9,running,4.4,0.0,100.0,0.0,3.1,0.0,0.9,0.9,0.9,0.0,0.0,0.0,0.0,0.0,0.4,0.0,0.0,0.0,0.0,0.0,0.0,0.0,0.0,0.0,0.0,0.0,2.7,0.0,0.4,0.4,0.0,0.0,0.0,0.0,0.0,1.8,0.0,0.4,0.0,0.0,0.0,0.0,0.4,0.4,5.4,0.0,0.0,0.0,0.0,0.0,0.0,0.0,0.0,0.0,0.0,0.0,0.0,0.0,0.0,0.0,0.0,0.0,0.0,0.0,0.0,0.0,0.0,0.0,0.0,0.0,0.0,0.0,0.0,0.0,0.0,0.0,0.0,0.0,0.0,0.0,0.0,0.0,0.0,0.0,0.0,0.0,0.0,0.0,0.0,0.0,0.0,0.0,0.0,0.0,0.0,0.0
2026-01-25 16:24:25,2.5,96.8,running,3.5,0.0,100.0,0.0,7.1,0.0,0.9,3.6,0.0,1.3,0.4,0.0,0.0,0.0,0.0,0.0,0.0,0.0,0.0,0.0,0.0,0.0,0.0,0.0,0.0,0.0,2.2,0.0,1.3,0.4,0.9,0.0,0.0,0.0,0.0,0.4,0.4,0.4,0.0,0.0,0.0,0.0,0.4,0.9,1.8,0.0,0.0,0.0,0.0,0.0,0.0,0.0,0.0,0.0,0.0,0.0,0.0,0.0,0.0,0.0,0.0,0.0,0.0,0.0,0.0,0.0,0.0,0.0,0.0,0.0,0.0,0.0,0.0,0.0,0.0,0.0,0.0,0.0,0.0,0.0,0.0,0.0,0.0,0.0,0.0,0.0,0.0,0.0,0.0,0.0,0.0,0.0,0.0,0.0,0.0,0.0
2026-01-25 16:24:29,2.7,99.9,running,6.9,0.0,100.0,0.0,1.8,0.0,0.9,1.8,0.0,0.0,0.9,0.4,1.3,0.0,0.4,0.0,0.0,0.0,0.0,0.0,0.4,0.0,0.0,0.0,0.0,0.0,1.8,0.0,0.9,0.9,0.0,0.0,0.0,0.0,0.0,0.0,0.0,0.4,0.4,0.0,0.4,0.0,0.0,0.0,3.1,0.0,0.9,0.4,0.0,0.0,0.0,0.0,0.0,0.0,0.0,0.0,0.0,0.0,0.0,0.0,0.0,0.0,0.0,0.0,0.0,0.0,0.0,0.0,0.0,0.0,0.0,0.0,0.0,0.0,0.0,0.0,0.0,0.0,0.0,0.0,0.0,0.0,0.0,0.0,0.0,0.0,0.0,0.0,0.0,0.0,0.0,0.0,0.0,0.0,0.0,0.0
2026-01-25 16:24:32,2.6,99.9,running,2.2,0.0,100.0,0.0,2.7,0.0,0.0,0.0,0.0,0.0,0.0,0.0,3.5,0.0,0.0,0.0,0.0,0.0,0.0,0.0,0.4,0.0,0.4,0.0,0.0,0.0,2.2,0.0,0.4,1.8,0.4,0.0,0.0,0.0,0.0,0.4,0.4,0.0,0.0,0.0,0.0,0.0,0.0,0.0,4.0,0.0,0.0,0.0,0.0,0.0,0.0,0.0,0.0,0.0,0.0,0.0,0.0,0.0,0.0,0.0,0.0,0.0,0.0,0.0,0.0,0.0,0.0,0.0,0.0,0.0,0.0,0.0,0.0,0.0,0.0,0.0,0.0,0.0,0.0,0.0,0.0,0.0,0.0,0.0,0.0,0.0,0.0,0.0,0.0,0.0,0.0,0.0,0.0,0.0,0.0,0.0
2026-01-25 16:24:36,2.3,99.9,running,6.1,0.0,100.0,0.0,4.0,0.0,1.8,1.8,0.4,0.0,0.9,0.4,2.2,0.0,0.0,0.0,0.9,0.0,0.4,0.0,0.0,0.0,0.0,0.0,0.0,0.0,0.9,0.0,0.0,0.0,0.4,0.0,0.0,0.0,0.0,0.4,0.0,0.0,0.0,0.0,0.0,0.0,0.0,0.4,1.3,0.0,0.4,0.0,0.0,0.0,0.0,0.0,0.0,0.0,0.0,0.0,0.0,0.0,0.0,0.0,0.0,0.0,0.0,0.0,0.0,0.0,0.0,0.0,0.0,0.0,0.0,0.0,0.0,0.0,0.0,0.0,0.0,0.0,0.0,0.0,0.0,0.0,0.0,0.0,0.0,0.0,0.0,0.0,0.0,0.0,0.0,0.0,0.0,0.0,0.0,0.0
2026-01-25 16:24:39,2.9,99.9,running,6.5,0.0,100.0,0.0,2.7,0.0,0.9,0.9,0.0,0.0,0.0,0.4,0.9,0.0,0.4,0.0,0.0,0.0,0.0,0.0,0.0,0.0,0.4,0.0,0.4,0.0,1.8,0.0,0.4,1.3,0.0,0.0,0.0,0.0,0.0,0.0,0.0,0.0,0.0,0.0,0.0,0.0,0.0,0.0,3.6,0.0,0.0,0.0,0.0,0.0,0.0,0.0,0.0,0.0,0.0,0.0,0.0,0.0,0.0,0.0,0.0,0.0,0.0,0.0,0.0,0.0,0.0,0.0,0.0,0.0,0.0,0.0,0.0,0.0,0.0,0.0,0.0,0.0,0.0,0.0,0.0,0.0,0.0,0.0,0.0,0.0,0.0,0.0,0.0,0.0,0.0,0.0,0.0,0.0,0.0,0.0
2026-01-25 16:24:43,2.4,96.8,running,3.5,0.0,100.0,0.0,1.3,0.4,0.0,1.3,0.0,0.0,0.0,0.0,0.4,0.0,0.9,0.0,0.0,0.0,0.0,0.0,0.4,0.0,0.4,0.0,0.0,0.0,1.8,0.0,1.3,0.9,0.0,0.0,0.9,0.0,0.0,0.4,0.0,0.0,1.3,0.0,1.3,0.0,0.0,0.9,3.6,0.0,0.4,0.0,0.0,0.0,0.0,0.0,0.0,0.0,0.0,0.0,0.0,0.0,0.0,0.0,0.0,0.0,0.0,0.0,0.0,0.0,0.0,0.0,0.0,0.0,0.0,0.0,0.0,0.0,0.0,0.0,0.0,0.0,0.0,0.0,0.0,0.0,0.0,0.0,0.0,0.0,0.0,0.0,0.0,0.0,0.0,0.0,0.0,0.0,0.0,0.0
2026-01-25 16:24:46,2.5,99.9,running,1.8,0.0,100.0,0.0,3.1,0.0,0.5,2.7,0.0,0.4,0.4,0.0,0.4,0.0,0.4,0.0,0.0,0.4,0.0,0.0,0.4,0.0,0.0,0.0,0.0,0.0,0.9,0.0,0.9,0.4,0.0,0.0,0.4,0.0,0.0,0.0,0.0,0.4,0.0,0.0,0.0,0.0,0.0,0.4,1.8,0.0,0.0,0.0,0.0,0.0,0.0,0.0,0.0,0.0,0.0,0.0,0.0,0.0,0.0,0.0,0.0,0.0,0.0,0.0,0.0,0.0,0.0,0.0,0.0,0.0,0.0,0.0,0.0,0.0,0.0,0.0,0.0,0.0,0.0,0.0,0.0,0.0,0.0,0.0,0.0,0.0,0.0,0.0,0.0,0.0,0.0,0.0,0.0,0.0,0.0,0.0
2026-01-25 16:24:50,2.3,99.9,running,5.2,0.0,100.0,0.0,3.1,0.0,0.9,0.9,0.0,2.6,0.0,0.4,0.4,0.0,0.4,0.0,0.0,0.4,0.0,0.0,0.0,0.0,0.4,0.0,0.0,0.0,0.9,0.0,0.0,0.9,0.0,0.0,0.0,0.0,0.0,0.0,0.0,0.4,0.0,0.0,0.0,0.0,0.0,0.0,3.6,0.0,0.4,0.0,0.0,0.0,0.0,0.0,0.0,0.0,0.0,0.0,0.0,0.0,0.0,0.0,0.0,0.0,0.0,0.0,0.0,0.0,0.0,0.0,0.0,0.0,0.0,0.0,0.0,0.0,0.0,0.0,0.0,0.0,0.0,0.0,0.0,0.0,0.0,0.0,0.0,0.0,0.0,0.0,0.0,0.0,0.0,0.0,0.0,0.0,0.0,0.0
2026-01-25 16:24:53,3.9,96.8,running,3.9,0.0,100.0,0.0,3.6,0.0,0.9,1.3,0.0,0.0,0.0,0.9,0.4,0.4,0.4,0.0,0.4,0.0,0.0,0.0,0.4,0.0,0.0,0.9,0.0,0.0,1.8,0.0,0.9,0.0,15.6,0.0,1.3,0.0,0.0,0.9,0.0,0.0,0.4,0.0,0.4,0.0,0.0,0.4,4.4,0.0,0.0,0.0,0.0,0.0,0.0,0.0,0.0,0.0,0.0,0.0,0.0,0.0,0.0,0.0,0.0,0.0,0.0,0.0,0.0,0.0,0.0,0.0,0.0,0.0,0.0,0.0,0.0,0.0,0.0,0.0,0.0,0.0,0.0,0.0,0.0,0.0,0.0,0.0,0.0,0.0,0.0,0.0,0.0,0.0,0.0,0.0,0.0,0.0,0.0,0.0
2026-01-25 16:24:57,3.6,96.8,running,3.1,0.0,100.0,0.0,8.0,0.0,1.8,1.8,1.8,0.0,0.4,0.4,0.9,0.0,1.3,0.0,0.9,0.0,0.0,0.0,0.0,0.0,0.0,0.0,0.4,0.0,1.3,0.0,0.4,0.9,38.2,0.0,0.0,0.0,0.0,0.4,0.0,0.0,0.0,0.9,0.0,0.0,0.0,0.0,1.3,0.0,0.9,0.0,0.0,0.0,0.0,0.0,0.0,0.0,0.0,0.0,0.0,0.0,0.0,0.0,0.0,0.0,0.0,0.0,0.0,0.0,0.0,0.0,0.0,0.0,0.0,0.0,0.0,0.0,0.0,0.0,0.0,0.0,0.0,0.0,0.0,0.0,0.0,0.0,0.0,0.0,0.0,0.0,0.0,0.0,0.0,0.0,0.0,0.0,0.0,0.0
2026-01-25 16:25:00,2.6,99.9,running,4.4,0.4,100.0,0.0,1.3,0.0,0.0,0.9,0.4,1.3,0.4,0.0,0.4,0.0,0.4,0.0,0.4,0.0,0.0,0.0,0.0,0.0,0.0,0.0,1.8,0.0,1.3,0.0,0.0,0.0,0.0,0.0,0.0,0.0,0.0,0.4,0.0,0.4,0.0,0.0,0.0,0.9,0.4,0.0,5.4,0.0,0.0,0.0,0.0,0.0,0.0,0.0,0.0,0.0,0.0,0.0,0.0,0.0,0.0,0.0,0.0,0.0,0.0,0.0,0.0,0.0,0.0,0.0,0.0,0.0,0.0,0.0,0.0,0.0,0.0,0.0,0.0,0.0,0.0,0.0,0.0,0.0,0.0,0.0,0.0,0.0,0.0,0.0,0.0,0.0,0.0,0.0,0.0,0.0,0.0,0.0
2026-01-25 16:25:04,3.0,99.9,running,10.2,0.0,100.0,0.0,4.9,0.0,0.4,0.9,0.4,1.8,0.4,0.0,0.0,0.0,0.4,0.0,1.8,0.0,0.0,0.0,0.4,0.0,0.0,0.0,0.0,0.0,1.8,0.0,0.0,0.0,0.0,0.0,0.0,0.0,0.0,0.0,0.0,0.0,0.0,0.0,0.0,0.0,0.4,0.0,1.8,0.0,0.4,0.0,0.0,0.0,0.0,0.0,0.0,0.0,0.0,0.0,0.0,0.0,0.0,0.0,0.0,0.0,0.0,0.0,0.0,0.0,0.0,0.0,0.0,0.0,0.0,0.0,0.0,0.0,0.0,0.0,0.0,0.0,0.0,0.0,0.0,0.0,0.0,0.0,0.0,0.0,0.0,0.0,0.0,0.0,0.0,0.0,0.0,0.0,0.0,0.0
2026-01-25 16:25:07,2.8,99.9,running,3.9,0.0,100.0,0.0,2.7,0.0,2.2,0.4,2.2,0.0,2.2,0.0,1.3,0.0,0.4,0.0,0.4,0.0,0.0,0.0,0.4,0.0,0.0,0.0,0.0,0.0,1.3,0.0,0.9,0.0,0.0,0.0,0.0,0.0,0.0,0.0,0.0,0.0,0.0,0.0,0.0,0.0,0.0,0.0,1.3,0.0,0.4,0.0,0.0,0.0,0.0,0.0,0.0,0.0,0.0,0.0,0.0,0.0,0.0,0.0,0.0,0.0,0.0,0.0,0.0,0.0,0.0,0.0,0.0,0.0,0.0,0.0,0.0,0.0,0.0,0.0,0.0,0.0,0.0,0.0,0.0,0.0,0.0,0.0,0.0,0.0,0.0,0.0,0.0,0.0,0.0,0.0,0.0,0.0,0.0,0.0
2026-01-25 16:25:11,2.5,99.9,running,4.4,0.0,100.0,0.0,3.1,0.0,1.8,0.4,1.3,0.0,0.9,0.0,0.9,0.0,0.0,0.0,0.4,0.0,0.4,0.0,0.4,0.0,0.0,0.0,0.0,0.0,0.5,0.0,0.0,0.0,0.0,0.0,0.0,0.0,0.0,0.5,0.0,0.0,0.9,0.5,0.0,0.0,0.0,0.0,2.3,0.0,0.9,0.5,0.0,0.0,0.0,0.0,0.0,0.0,0.0,0.0,0.0,0.0,0.0,0.0,0.0,0.0,0.0,0.0,0.0,0.0,0.0,0.0,0.0,0.0,0.0,0.0,0.0,0.0,0.0,0.0,0.0,0.0,0.0,0.0,0.0,0.0,0.0,0.0,0.0,0.0,0.0,0.0,0.0,0.0,0.0,0.0,0.0,0.0,0.0,0.0
2026-01-25 16:25:14,2.2,99.9,running,5.2,0.0,100.0,0.0,1.8,0.4,0.9,2.7,0.4,0.0,2.2,0.0,0.0,0.0,0.0,0.0,0.0,0.4,0.9,0.0,0.0,0.0,0.9,0.0,0.0,0.0,1.3,0.0,0.0,0.0,0.0,0.0,0.0,0.0,0.0,0.4,0.0,0.4,0.4,0.0,0.4,0.0,0.0,0.0,2.2,0.0,0.9,0.0,0.0,0.0,0.0,0.0,0.0,0.0,0.0,0.0,0.0,0.0,0.0,0.0,0.0,0.0,0.0,0.0,0.0,0.0,0.0,0.0,0.0,0.0,0.0,0.0,0.0,0.0,0.0,0.0,0.0,0.0,0.0,0.0,0.0,0.0,0.0,0.0,0.0,0.0,0.0,0.0,0.0,0.0,0.0,0.0,0.0,0.0,0.0,0.0
2026-01-25 16:25:18,2.5,99.9,running,4.3,0.0,100.0,0.0,3.5,0.0,0.9,0.9,0.0,0.0,1.3,0.0,0.0,0.0,0.4,0.0,0.4,0.0,0.0,0.0,0.9,0.0,0.0,0.0,0.0,0.0,1.3,0.0,0.0,0.0,0.0,0.0,0.0,0.0,0.4,0.0,0.0,0.0,0.0,0.0,0.0,0.0,0.0,0.0,2.2,0.0,0.0,0.0,0.0,0.0,0.0,0.0,0.0,0.0,0.0,0.0,0.0,0.0,0.0,0.0,0.0,0.0,0.0,0.0,0.0,0.0,0.0,0.0,0.0,0.0,0.0,0.0,0.0,0.0,0.0,0.0,0.0,0.0,0.0,0.0,0.0,0.0,0.0,0.0,0.0,0.0,0.0,0.0,0.0,0.0,0.0,0.0,0.0,0.0,0.0,0.0
2026-01-25 16:25:21,2.6,100.0,running,9.4,0.0,100.0,0.0,3.6,0.0,0.9,0.4,0.0,0.0,0.9,0.0,0.9,0.0,2.2,0.0,0.0,0.0,0.4,0.0,0.0,0.0,0.0,0.0,0.0,0.4,2.2,0.0,0.9,0.0,0.4,0.0,0.0,0.0,0.0,0.0,0.0,0.0,0.0,0.0,0.0,0.4,0.0,0.0,2.2,0.0,0.0,0.0,0.0,0.0,0.0,0.0,0.0,0.0,0.0,0.0,0.0,0.0,0.0,0.0,0.0,0.0,0.0,0.0,0.0,0.0,0.0,0.0,0.0,0.0,0.0,0.0,0.0,0.0,0.0,0.0,0.0,0.0,0.0,0.0,0.0,0.0,0.0,0.0,0.0,0.0,0.0,0.0,0.0,0.0,0.0,0.0,0.0,0.0,0.0,0.0
2026-01-25 16:25:25,2.4,99.9,running,2.6,0.0,100.0,0.0,2.7,0.4,1.3,1.3,0.4,0.0,0.0,0.0,0.4,0.0,0.0,0.0,0.0,0.4,0.4,0.0,0.4,0.0,0.0,0.0,0.0,0.0,1.8,0.0,0.0,0.0,0.9,0.0,0.0,0.0,0.0,0.0,0.0,0.0,0.4,0.0,0.0,0.0,0.0,0.0,1.3,0.0,0.4,0.0,0.0,0.0,0.0,0.0,0.0,0.0,0.0,0.0,0.0,0.0,0.0,0.0,0.0,0.0,0.0,0.0,0.0,0.0,0.0,0.0,0.0,0.0,0.0,0.0,0.0,0.0,0.0,0.0,0.0,0.0,0.0,0.0,0.0,0.0,0.0,0.0,0.0,0.0,0.0,0.0,0.0,0.0,0.0,0.0,0.0,0.0,0.0,0.0
2026-01-25 16:25:28,2.5,103.0,running,8.5,0.0,100.0,0.0,2.2,0.0,1.8,0.9,1.3,0.9,0.0,0.0,0.4,0.0,0.0,0.0,0.0,0.0,0.0,0.0,0.4,0.0,0.4,0.0,0.0,0.0,3.1,0.0,0.0,0.0,0.4,0.0,0.0,0.0,0.4,0.0,0.4,0.0,0.4,0.0,0.0,0.9,0.0,0.0,1.8,0.0,0.9,0.0,0.0,0.0,0.0,0.0,0.0,0.0,0.0,0.0,0.0,0.0,0.0,0.0,0.0,0.0,0.0,0.0,0.0,0.0,0.0,0.0,0.0,0.0,0.0,0.0,0.0,0.0,0.0,0.0,0.0,0.0,0.0,0.0,0.0,0.0,0.0,0.0,0.0,0.0,0.0,0.0,0.0,0.0,0.0,0.0,0.0,0.0,0.0,0.0
2026-01-25 16:25:32,2.6,99.9,running,4.3,0.0,100.0,0.0,1.8,0.0,0.4,1.3,0.0,0.0,0.4,0.0,1.3,0.0,0.0,0.0,0.0,0.0,0.0,0.0,0.0,0.0,0.4,0.0,0.4,0.0,1.3,0.0,0.0,0.0,1.8,0.0,0.4,0.0,0.0,0.0,0.0,0.0,0.4,0.0,0.0,0.9,0.0,0.0,2.2,0.0,0.4,0.0,0.0,0.0,0.0,0.0,0.0,0.0,0.0,0.0,0.0,0.0,0.0,0.0,0.0,0.0,0.0,0.0,0.0,0.0,0.0,0.0,0.0,0.0,0.0,0.0,0.0,0.0,0.0,0.0,0.0,0.0,0.0,0.0,0.0,0.0,0.0,0.0,0.0,0.0,0.0,0.0,0.0,0.0,0.0,0.0,0.0,0.0,0.0,0.0
2026-01-25 16:25:35,2.9,99.9,running,7.4,0.0,100.0,0.0,2.7,0.0,0.4,1.8,0.0,0.0,1.3,0.0,2.2,0.0,0.0,0.0,0.0,0.0,0.0,0.0,0.0,0.0,0.0,0.0,0.0,0.0,1.8,1.3,0.0,0.0,0.4,0.0,0.0,0.0,0.0,0.0,0.0,0.0,0.9,0.0,0.0,0.4,0.0,0.0,1.8,0.0,0.0,0.0,0.0,0.0,0.0,0.0,0.0,0.0,0.0,0.0,0.0,0.0,0.0,0.0,0.0,0.0,0.0,0.0,0.0,0.0,0.0,0.0,0.0,0.0,0.0,0.0,0.0,0.0,0.0,0.0,0.0,0.0,0.0,0.0,0.0,0.0,0.0,0.0,0.0,0.0,0.0,0.0,0.0,0.0,0.0,0.0,0.0,0.0,0.0,0.0
2026-01-25 16:25:39,2.6,99.9,running,4.4,0.9,100.0,0.0,1.8,0.0,0.9,2.2,0.4,0.0,0.0,0.0,0.4,0.0,1.8,0.0,0.0,0.4,0.0,0.0,1.3,0.0,0.0,0.0,0.0,0.0,1.8,0.0,0.9,0.0,0.5,0.0,0.4,0.0,0.0,0.0,0.0,0.0,0.4,0.0,0.0,0.4,0.0,0.0,2.7,0.0,0.0,0.0,0.0,0.0,0.0,0.0,0.0,0.0,0.0,0.0,0.0,0.0,0.0,0.0,0.0,0.0,0.0,0.0,0.0,0.0,0.0,0.0,0.0,0.0,0.0,0.0,0.0,0.0,0.0,0.0,0.0,0.0,0.0,0.0,0.0,0.0,0.0,0.0,0.0,0.0,0.0,0.0,0.0,0.0,0.0,0.0,0.0,0.0,0.0,0.0
2026-01-25 16:25:42,2.7,99.8,running,5.6,0.0,100.0,0.0,3.1,0.0,1.3,1.3,0.9,0.0,0.9,0.0,0.0,0.0,1.3,0.0,0.0,0.0,0.0,0.0,0.0,0.0,0.4,0.0,0.0,0.0,1.3,0.0,0.0,0.0,0.4,0.0,0.4,0.0,0.0,0.0,0.0,0.0,0.4,0.0,0.0,0.4,0.0,0.0,2.7,0.0,0.9,0.0,0.0,0.0,0.0,0.0,0.0,0.0,0.0,0.0,0.0,0.0,0.0,0.0,0.0,0.0,0.0,0.0,0.0,0.0,0.0,0.0,0.0,0.0,0.0,0.0,0.0,0.0,0.0,0.0,0.0,0.0,0.0,0.0,0.0,0.0,0.0,0.0,0.0,0.0,0.0,0.0,0.0,0.0,0.0,0.0,0.0,0.0,0.0,0.0
2026-01-25 16:25:46,2.2,99.9,running,0.0,0.0,100.0,0.0,0.4,0.0,0.4,0.4,0.0,0.0,0.4,0.0,0.0,0.0,0.0,0.0,0.0,0.0,0.0,0.0,0.0,0.0,0.0,0.0,0.0,0.0,1.3,0.0,0.0,0.0,0.0,0.0,0.0,0.0,0.0,0.9,0.0,0.0,0.0,0.0,0.0,0.0,0.4,0.0,1.3,0.0,0.0,0.0,0.0,0.0,0.0,0.0,0.0,0.0,0.0,0.0,0.0,0.0,0.0,0.0,0.0,0.0,0.0,0.0,0.0,0.0,0.0,0.0,0.0,0.0,0.0,0.0,0.0,0.0,0.0,0.0,0.0,0.0,0.0,0.0,0.0,0.0,0.0,0.0,0.0,0.0,0.0,0.0,0.0,0.0,0.0,0.0,0.0,0.0,0.0,0.0
2026-01-25 16:25:49,1.6,99.9,running,0.4,0.0,100.0,0.0,1.3,0.0,0.0,1.3,0.0,0.0,0.0,0.0,0.0,0.0,0.0,0.0,0.0,0.4,0.0,0.0,0.0,0.0,0.0,0.0,0.0,0.0,1.3,0.0,0.4,0.0,0.0,0.0,0.0,0.0,0.0,0.0,0.0,0.0,0.4,0.0,0.0,0.4,0.0,0.4,2.7,0.0,0.0,0.0,0.0,0.0,0.0,0.0,0.0,0.0,0.0,0.0,0.0,0.0,0.0,0.0,0.0,0.0,0.0,0.0,0.0,0.0,0.0,0.0,0.0,0.0,0.0,0.0,0.0,0.0,0.0,0.0,0.0,0.0,0.0,0.0,0.0,0.0,0.0,0.0,0.0,0.0,0.0,0.0,0.0,0.0,0.0,0.0,0.0,0.0,0.0,0.0
2026-01-25 16:25:53,2.3,99.9,running,0.9,0.0,100.0,0.0,0.0,0.4,0.0,0.9,0.0,0.0,0.4,0.0,0.0,0.0,0.0,0.0,0.0,0.0,0.0,0.0,0.0,0.0,0.0,0.0,0.0,0.0,2.2,0.0,0.4,0.0,0.0,0.0,0.0,0.0,0.0,0.0,0.0,0.0,0.4,0.0,0.0,0.9,0.0,0.0,1.8,0.0,0.4,0.0,0.0,0.0,0.0,0.0,0.0,0.0,0.0,0.0,0.0,0.0,0.0,0.0,0.0,0.0,0.0,0.0,0.0,0.0,0.0,0.0,0.0,0.0,0.0,0.0,0.0,0.0,0.0,0.0,0.0,0.0,0.0,0.0,0.0,0.0,0.0,0.0,0.0,0.0,0.0,0.0,0.0,0.0,0.0,0.0,0.0,0.0,0.0,0.0
2026-01-25 16:25:56,2.5,99.9,running,1.8,0.4,100.0,0.0,0.9,0.0,0.9,2.2,0.0,0.0,0.0,0.0,0.0,0.0,0.0,0.0,0.0,0.0,0.0,0.0,0.4,0.0,0.0,0.0,0.0,0.0,2.2,0.0,0.0,0.0,0.0,0.0,0.0,0.0,0.9,0.0,0.0,0.0,0.0,0.0,0.0,0.0,0.0,0.4,2.2,0.0,0.9,0.0,0.0,0.0,0.0,0.0,0.0,0.0,0.0,0.0,0.0,0.0,0.0,0.0,0.0,0.0,0.0,0.0,0.0,0.0,0.0,0.0,0.0,0.0,0.0,0.0,0.0,0.0,0.0,0.0,0.0,0.0,0.0,0.0,0.0,0.0,0.0,0.0,0.0,0.0,0.0,0.0,0.0,0.0,0.0,0.0,0.0,0.0,0.0,0.0
2026-01-25 16:26:00,3.2,96.7,running,0.0,0.0,100.0,0.0,0.4,0.0,0.0,0.4,0.0,0.0,0.9,0.4,0.9,0.0,0.9,0.0,0.0,0.9,0.4,0.0,0.0,0.0,0.4,0.0,0.0,1.3,0.9,0.0,0.0,0.4,24.6,0.0,2.2,0.0,0.0,0.4,0.0,0.0,0.0,0.0,0.0,0.0,0.0,0.0,3.1,0.0,0.0,0.4,0.0,0.0,0.0,0.0,0.0,0.0,0.0,0.0,0.0,0.0,0.0,0.0,0.0,0.0,0.0,0.0,0.0,0.0,0.0,0.0,0.0,0.0,0.0,0.0,0.0,0.0,0.0,0.0,0.0,0.0,0.0,0.0,0.0,0.0,0.0,0.0,0.0,0.0,0.0,0.0,0.0,0.0,0.0,0.0,0.0,0.0,0.0,0.0
2026-01-25 16:26:04,3.1,96.8,running,0.0,0.0,100.0,0.0,3.1,0.4,2.2,1.8,2.2,0.0,0.9,0.0,2.7,0.0,0.4,0.0,0.0,0.4,0.0,0.0,0.9,0.0,0.4,0.0,0.0,1.8,4.9,0.0,0.0,2.7,26.2,0.4,0.0,0.0,0.0,0.4,0.0,0.0,0.0,0.0,0.0,0.9,0.0,0.0,6.6,0.0,0.4,0.0,0.0,0.0,0.0,0.0,0.0,0.0,0.0,0.0,0.0,0.0,0.0,0.0,0.0,0.0,0.0,0.0,0.0,0.0,0.0,0.0,0.0,0.0,0.0,0.0,0.0,0.0,0.0,0.0,0.0,0.0,0.0,0.0,0.0,0.0,0.0,0.0,0.0,0.0,0.0,0.0,0.0,0.0,0.0,0.0,0.0,0.0,0.0,0.0
2026-01-25 16:26:07,2.1,99.9,running,0.4,0.0,100.0,0.0,0.4,0.4,1.3,0.9,0.0,0.0,0.4,0.0,0.4,0.0,0.4,0.0,0.0,0.0,0.0,0.0,0.9,0.0,0.0,0.0,0.0,0.0,1.3,0.0,0.0,0.0,0.0,0.0,0.0,0.0,0.0,0.9,0.0,0.0,0.0,0.0,0.0,0.0,0.0,0.0,4.0,0.0,0.0,0.0,0.0,0.0,0.0,0.0,0.0,0.0,0.0,0.0,0.0,0.0,0.0,0.0,0.0,0.0,0.0,0.0,0.0,0.0,0.0,0.0,0.0,0.0,0.0,0.0,0.0,0.0,0.0,0.0,0.0,0.0,0.0,0.0,0.0,0.0,0.0,0.0,0.0,0.0,0.0,0.0,0.0,0.0,0.0,0.0,0.0,0.0,0.0,0.0
2026-01-25 16:26:11,2.2,99.9,running,0.4,0.0,100.0,0.0,0.4,0.0,0.9,2.2,0.9,0.0,0.0,0.0,0.9,0.0,0.0,0.0,0.4,0.4,0.0,0.0,0.4,0.0,0.0,0.0,0.0,0.0,0.9,0.0,0.0,0.0,0.4,0.0,0.0,0.0,0.0,0.0,0.0,0.4,0.0,0.0,0.0,0.4,0.0,0.0,3.1,0.0,0.0,0.0,0.0,0.0,0.0,0.0,0.0,0.0,0.0,0.0,0.0,0.0,0.0,0.0,0.0,0.0,0.0,0.0,0.0,0.0,0.0,0.0,0.0,0.0,0.0,0.0,0.0,0.0,0.0,0.0,0.0,0.0,0.0,0.0,0.0,0.0,0.0,0.0,0.0,0.0,0.0,0.0,0.0,0.0,0.0,0.0,0.0,0.0,0.0,0.0
2026-01-25 16:26:14,2.4,99.9,running,0.0,0.0,100.0,0.0,2.7,0.9,2.2,2.2,0.0,0.0,0.0,0.0,0.4,0.0,0.0,0.4,0.9,0.0,0.4,0.0,0.9,0.0,0.0,0.0,0.0,0.0,2.7,0.0,0.0,0.0,0.4,0.0,0.0,0.0,0.0,0.0,0.0,0.4,0.0,0.0,0.0,0.0,0.0,0.0,4.0,0.0,0.9,0.4,0.0,0.0,0.0,0.0,0.0,0.0,0.0,0.0,0.0,0.0,0.0,0.0,0.0,0.0,0.0,0.0,0.0,0.0,0.0,0.0,0.0,0.0,0.0,0.0,0.0,0.0,0.0,0.0,0.0,0.0,0.0,0.0,0.0,0.0,0.0,0.0,0.0,0.0,0.0,0.0,0.0,0.0,0.0,0.0,0.0,0.0,0.0,0.0
2026-01-25 16:26:18,2.7,99.9,running,0.9,0.0,100.0,0.0,0.0,0.0,1.8,3.1,0.0,0.0,0.0,0.0,0.4,0.0,0.0,0.0,0.0,0.0,0.0,0.0,0.0,0.0,0.0,0.0,0.0,0.0,0.9,0.0,0.0,0.0,1.3,0.0,0.0,0.0,0.0,0.0,0.0,0.4,0.0,0.0,0.0,0.4,0.0,0.4,3.5,0.0,0.0,0.0,0.0,0.0,0.0,0.0,0.0,0.0,0.0,0.0,0.0,0.0,0.0,0.0,0.0,0.0,0.0,0.0,0.0,0.0,0.0,0.0,0.0,0.0,0.0,0.0,0.0,0.0,0.0,0.0,0.0,0.0,0.0,0.0,0.0,0.0,0.0,0.0,0.0,0.0,0.0,0.0,0.0,0.0,0.0,0.0,0.0,0.0,0.0,0.0
2026-01-25 16:26:21,2.2,99.9,running,0.9,0.0,100.0,0.0,0.0,0.0,0.9,0.9,0.0,0.0,0.0,0.0,0.0,0.0,0.0,0.0,0.0,0.0,0.0,0.0,0.0,0.0,0.0,0.0,0.0,0.0,0.4,0.0,0.0,0.0,0.0,0.0,0.0,0.0,0.0,0.0,0.0,0.0,0.0,0.0,0.0,0.0,0.0,0.0,1.3,0.0,0.0,0.0,0.0,0.0,0.0,0.0,0.0,0.0,0.0,0.0,0.0,0.0,0.0,0.0,0.0,0.0,0.0,0.0,0.0,0.0,0.0,0.0,0.0,0.0,0.0,0.0,0.0,0.0,0.0,0.0,0.0,0.0,0.0,0.0,0.0,0.0,0.0,0.0,0.0,0.0,0.0,0.0,0.0,0.0,0.0,0.0,0.0,0.0,0.0,0.0
2026-01-25 16:26:25,2.2,99.9,running,0.9,0.0,100.0,0.0,0.0,0.0,0.0,1.3,0.4,0.0,0.0,0.0,1.0,0.0,0.4,0.0,0.0,0.0,0.0,0.0,0.9,0.0,0.0,0.0,0.0,0.0,0.4,0.0,0.0,0.0,0.0,0.0,0.0,0.0,0.0,0.0,0.0,0.0,0.0,0.0,0.0,0.0,0.0,0.0,2.7,0.0,0.0,0.0,0.0,0.0,0.0,0.0,0.0,0.0,0.0,0.0,0.0,0.0,0.0,0.0,0.0,0.0,0.0,0.0,0.0,0.0,0.0,0.0,0.0,0.0,0.0,0.0,0.0,0.0,0.0,0.0,0.0,0.0,0.0,0.0,0.0,0.0,0.0,0.0,0.0,0.0,0.0,0.0,0.0,0.0,0.0,0.0,0.0,0.0,0.0,0.0
2026-01-25 16:26:28,2.2,99.9,running,1.3,0.0,100.0,0.0,0.9,0.0,1.3,0.9,0.0,0.0,0.0,0.0,0.0,0.0,0.0,0.0,0.0,0.0,0.0,0.0,0.4,0.0,0.9,0.0,0.0,0.0,2.2,0.0,0.0,0.0,0.0,0.0,0.0,0.0,0.0,0.0,0.0,0.0,0.0,0.0,0.0,0.9,0.0,0.0,4.0,0.0,0.9,0.0,0.0,0.0,0.0,0.0,0.0,0.0,0.0,0.0,0.0,0.0,0.0,0.0,0.0,0.0,0.0,0.0,0.0,0.0,0.0,0.0,0.0,0.0,0.0,0.0,0.0,0.0,0.0,0.0,0.0,0.0,0.0,0.0,0.0,0.0,0.0,0.0,0.0,0.0,0.0,0.0,0.0,0.0,0.0,0.0,0.0,0.0,0.0,0.0
2026-01-25 16:26:32,2.2,96.8,running,0.4,0.4,100.0,0.0,0.0,0.0,0.4,0.4,0.0,0.0,0.0,0.0,0.0,0.0,0.0,0.0,0.0,0.0,0.0,0.0,0.0,0.0,0.0,0.0,0.0,0.0,2.7,0.0,0.4,0.0,0.0,0.0,0.0,0.4,0.0,0.0,0.0,0.0,0.0,0.0,0.0,0.9,0.0,0.0,3.6,0.0,0.0,0.0,0.0,0.0,0.0,0.0,0.0,0.0,0.0,0.0,0.0,0.0,0.0,0.0,0.0,0.0,0.0,0.0,0.0,0.0,0.0,0.0,0.0,0.0,0.0,0.0,0.0,0.0,0.0,0.0,0.0,0.0,0.0,0.0,0.0,0.0,0.0,0.0,0.0,0.0,0.0,0.0,0.0,0.0,0.0,0.0,0.0,0.0,0.0,0.0
2026-01-25 16:26:35,2.3,99.9,running,1.8,0.0,100.0,0.0,0.9,0.0,0.4,1.3,0.0,0.0,0.0,0.0,0.0,0.0,0.0,0.0,0.0,0.0,0.0,0.0,0.0,0.0,0.0,0.0,0.0,0.0,1.3,0.0,0.0,0.0,0.0,0.0,0.0,1.3,0.0,0.0,0.0,0.0,0.0,0.0,0.0,0.0,0.0,0.0,2.7,0.0,0.4,0.0,0.0,0.0,0.0,0.0,0.0,0.0,0.0,0.0,0.0,0.0,0.0,0.0,0.0,0.0,0.0,0.0,0.0,0.0,0.0,0.0,0.0,0.0,0.0,0.0,0.0,0.0,0.0,0.0,0.0,0.0,0.0,0.0,0.0,0.0,0.0,0.0,0.0,0.0,0.0,0.0,0.0,0.0,0.0,0.0,0.0,0.0,0.0,0.0
2026-01-25 16:26:39,2.5,99.9,running,1.3,0.0,100.0,0.0,0.0,0.0,0.0,0.4,0.0,0.0,0.0,0.0,0.0,0.0,0.0,0.0,0.0,0.0,0.0,0.0,0.0,0.0,0.0,0.0,0.0,0.0,0.0,0.0,0.0,0.0,0.0,0.0,0.0,0.0,0.0,0.0,0.0,0.0,0.0,0.0,0.0,0.0,0.0,0.0,3.6,0.0,0.0,0.0,0.0,0.0,0.0,0.0,0.0,0.0,0.0,0.0,0.0,0.0,0.0,0.0,0.0,0.0,0.0,0.0,0.0,0.0,0.0,0.0,0.0,0.0,0.0,0.0,0.0,0.0,0.0,0.0,0.0,0.0,0.0,0.0,0.0,0.0,0.0,0.0,0.0,0.0,0.0,0.0,0.0,0.0,0.0,0.0,0.0,0.0,0.0,0.0
2026-01-25 16:26:42,2.5,99.9,running,1.3,0.9,100.0,0.0,1.8,0.4,0.0,1.3,0.0,0.0,0.0,0.0,0.0,0.0,0.0,0.0,0.0,0.0,0.0,0.0,0.0,0.0,0.0,0.0,0.0,0.0,3.4,0.0,0.4,0.0,0.4,0.0,0.0,0.0,0.0,0.0,0.4,0.0,0.0,0.0,0.0,1.3,0.0,0.0,5.4,0.0,0.9,0.0,0.0,0.0,0.0,0.0,0.0,0.0,0.0,0.0,0.0,0.0,0.0,0.0,0.0,0.0,0.0,0.0,0.0,0.0,0.0,0.0,0.0,0.0,0.0,0.0,0.0,0.0,0.0,0.0,0.0,0.0,0.0,0.0,0.0,0.0,0.0,0.0,0.0,0.0,0.0,0.0,0.0,0.0,0.0,0.0,0.0,0.0,0.0,0.0
2026-01-25 16:26:46,2.2,96.8,running,1.3,0.0,100.0,0.0,0.4,0.0,0.4,2.2,0.0,0.0,0.0,0.0,0.0,0.0,0.0,0.0,0.0,0.0,0.0,0.0,0.0,0.0,0.0,0.0,0.0,0.0,0.9,0.0,0.0,0.0,0.0,0.0,0.0,0.0,0.0,0.0,0.0,0.0,0.0,0.0,0.0,0.0,0.0,0.0,1.8,0.0,0.4,0.0,0.0,0.0,0.0,0.0,0.0,0.0,0.0,0.0,0.0,0.0,0.0,0.0,0.0,0.0,0.0,0.0,0.0,0.0,0.0,0.0,0.0,0.0,0.0,0.0,0.0,0.0,0.0,0.0,0.0,0.0,0.0,0.0,0.0,0.0,0.0,0.0,0.0,0.0,0.0,0.0,0.0,0.0,0.0,0.0,0.0,0.0,0.0,0.0
2026-01-25 16:26:49,2.1,96.8,running,1.3,0.0,100.0,0.0,0.0,0.0,0.4,0.0,0.0,0.0,0.0,0.0,0.0,0.0,0.0,0.0,0.0,0.0,0.0,0.0,0.0,0.0,0.0,0.0,0.0,0.0,0.9,0.0,0.0,0.0,0.0,0.0,0.0,0.0,0.0,0.0,0.0,0.0,0.0,0.0,0.0,0.0,0.0,0.4,1.8,0.0,0.4,0.0,0.0,0.0,0.0,0.0,0.0,0.0,0.0,0.0,0.0,0.0,0.0,0.0,0.0,0.0,0.0,0.0,0.0,0.0,0.0,0.0,0.0,0.0,0.0,0.0,0.0,0.0,0.0,0.0,0.0,0.0,0.0,0.0,0.0,0.0,0.0,0.0,0.0,0.0,0.0,0.0,0.0,0.0,0.0,0.0,0.0,0.0,0.0,0.0
2026-01-25 16:26:53,2.2,99.9,running,0.4,0.0,100.0,0.0,0.9,0.0,0.0,0.9,0.0,0.4,0.0,0.0,0.4,0.0,0.0,0.0,0.0,0.0,0.0,0.0,0.4,0.4,0.0,0.0,0.0,0.0,0.4,0.0,0.0,0.0,0.4,0.0,0.0,0.0,0.0,0.4,0.0,0.0,0.0,0.0,0.0,0.0,0.0,0.0,1.3,0.0,0.0,0.0,0.0,0.0,0.0,0.0,0.0,0.0,0.0,0.0,0.0,0.0,0.0,0.0,0.0,0.0,0.0,0.0,0.0,0.0,0.0,0.0,0.0,0.0,0.0,0.0,0.0,0.0,0.0,0.0,0.0,0.0,0.0,0.0,0.0,0.0,0.0,0.0,0.0,0.0,0.0,0.0,0.0,0.0,0.0,0.0,0.0,0.0,0.0,0.0
2026-01-25 16:26:56,1.7,99.8,running,0.0,0.0,100.0,0.0,0.4,0.4,0.4,3.1,0.0,0.0,0.0,0.0,0.0,0.9,0.4,0.0,0.0,0.0,0.0,0.0,0.0,0.0,0.0,0.0,0.0,0.0,0.9,0.0,0.4,0.0,0.4,0.0,0.0,0.0,0.0,0.0,0.0,0.0,0.0,0.0,0.0,0.4,0.0,0.0,4.9,0.0,0.0,0.0,0.0,0.0,0.0,0.0,0.0,0.0,0.0,0.0,0.0,0.0,0.0,0.0,0.0,0.0,0.0,0.0,0.0,0.0,0.0,0.0,0.0,0.0,0.0,0.0,0.0,0.0,0.0,0.0,0.0,0.0,0.0,0.0,0.0,0.0,0.0,0.0,0.0,0.0,0.0,0.0,0.0,0.0,0.0,0.0,0.0,0.0,0.0,0.0
2026-01-25 16:27:00,2.3,99.9,running,1.3,0.0,100.0,0.0,0.9,0.0,0.9,1.8,0.0,0.0,0.0,0.0,0.0,0.0,0.0,0.0,0.4,0.0,0.0,0.0,0.0,0.0,0.0,0.0,0.0,0.0,2.2,0.0,0.0,0.0,0.0,0.0,0.0,0.0,0.0,0.4,0.0,0.0,0.0,0.0,0.0,0.0,0.0,0.0,5.4,0.0,0.4,0.0,0.0,0.0,0.0,0.0,0.0,0.0,0.0,0.0,0.0,0.0,0.0,0.0,0.0,0.0,0.0,0.0,0.0,0.0,0.0,0.0,0.0,0.0,0.0,0.0,0.0,0.0,0.0,0.0,0.0,0.0,0.0,0.0,0.0,0.0,0.0,0.0,0.0,0.0,0.0,0.0,0.0,0.0,0.0,0.0,0.0,0.0,0.0,0.0
2026-01-25 16:27:03,2.3,99.9,running,0.0,0.0,100.0,0.0,0.0,0.0,1.3,1.8,0.4,0.4,0.9,0.0,0.4,0.0,0.0,0.0,0.4,0.0,0.0,0.0,0.0,0.0,0.0,0.0,0.0,0.0,1.8,0.0,0.0,0.4,0.4,0.0,0.0,0.0,0.0,0.0,0.0,0.0,0.0,0.0,0.0,0.9,0.0,0.0,1.3,0.0,0.0,0.0,0.0,0.0,0.0,0.0,0.0,0.0,0.0,0.0,0.0,0.0,0.0,0.0,0.0,0.0,0.0,0.0,0.0,0.0,0.0,0.0,0.0,0.0,0.0,0.0,0.0,0.0,0.0,0.0,0.0,0.0,0.0,0.0,0.0,0.0,0.0,0.0,0.0,0.0,0.0,0.0,0.0,0.0,0.0,0.0,0.0,0.0,0.0,0.0
2026-01-25 16:27:07,2.2,99.8,running,0.0,0.0,100.0,0.0,0.4,0.4,0.4,0.9,0.0,0.0,0.0,0.0,0.0,0.0,0.9,0.0,0.0,0.0,0.0,0.0,0.0,0.0,0.0,0.0,0.0,0.0,1.8,0.0,0.0,1.3,0.0,0.0,0.0,0.0,0.0,0.0,0.0,0.4,0.0,0.0,0.0,0.0,0.0,0.0,2.7,0.0,0.0,0.0,0.0,0.0,0.0,0.0,0.0,0.0,0.0,0.0,0.0,0.0,0.0,0.0,0.0,0.0,0.0,0.0,0.0,0.0,0.0,0.0,0.0,0.0,0.0,0.0,0.0,0.0,0.0,0.0,0.0,0.0,0.0,0.0,0.0,0.0,0.0,0.0,0.0,0.0,0.0,0.0,0.0,0.0,0.0,0.0,0.0,0.0,0.0,0.0
2026-01-25 16:27:10,2.2,99.9,running,1.3,0.0,100.0,0.0,0.0,0.0,0.0,1.8,0.4,0.0,0.0,0.0,0.0,0.0,0.4,0.0,0.0,0.0,0.0,0.0,0.0,0.0,0.0,0.0,0.0,0.0,1.8,0.0,0.0,0.9,0.9,0.0,0.0,0.0,0.0,0.0,0.0,0.0,0.0,0.0,0.0,0.4,0.0,0.4,3.6,0.0,0.4,0.0,0.0,0.0,0.0,0.0,0.0,0.0,0.0,0.0,0.0,0.0,0.0,0.0,0.0,0.0,0.0,0.0,0.0,0.0,0.0,0.0,0.0,0.0,0.0,0.0,0.0,0.0,0.0,0.0,0.0,0.0,0.0,0.0,0.0,0.0,0.0,0.0,0.0,0.0,0.0,0.0,0.0,0.0,0.0,0.0,0.0,0.0,0.0,0.0
2026-01-25 16:27:14,2.2,99.9,running,0.0,0.0,100.0,0.0,0.0,0.0,0.0,0.4,0.0,0.0,0.0,0.0,0.0,0.0,0.0,0.0,0.0,0.0,0.0,0.0,0.0,0.0,0.0,0.0,0.0,0.0,1.3,0.0,0.9,0.0,0.0,0.0,0.0,0.0,0.0,0.0,0.0,1.3,0.0,0.0,0.0,0.4,0.0,0.0,2.2,0.0,1.8,0.0,0.0,0.0,0.0,0.0,0.0,0.0,0.0,0.0,0.0,0.0,0.0,0.0,0.0,0.0,0.0,0.0,0.0,0.0,0.0,0.0,0.0,0.0,0.0,0.0,0.0,0.0,0.0,0.0,0.0,0.0,0.0,0.0,0.0,0.0,0.0,0.0,0.0,0.0,0.0,0.0,0.0,0.0,0.0,0.0,0.0,0.0,0.0,0.0
2026-01-25 16:27:17,2.2,99.9,running,1.3,0.0,100.0,0.0,1.3,0.4,0.4,2.7,0.4,0.0,0.4,0.0,0.0,0.0,0.0,0.0,0.4,0.0,0.0,0.0,0.0,0.0,0.0,0.0,0.0,0.0,2.7,0.0,1.3,0.4,0.0,0.0,0.0,0.0,0.0,0.0,0.0,0.0,0.0,0.0,0.0,0.0,0.0,0.0,1.8,0.0,0.0,0.0,0.0,0.0,0.0,0.0,0.0,0.0,0.0,0.0,0.0,0.0,0.0,0.0,0.0,0.0,0.0,0.0,0.0,0.0,0.0,0.0,0.0,0.0,0.0,0.0,0.0,0.0,0.0,0.0,0.0,0.0,0.0,0.0,0.0,0.0,0.0,0.0,0.0,0.0,0.0,0.0,0.0,0.0,0.0,0.0,0.0,0.0,0.0,0.0
2026-01-25 16:27:21,2.8,99.9,running,1.8,0.0,100.0,0.0,0.0,0.0,0.4,1.8,0.0,0.0,0.0,0.0,0.0,0.0,0.0,0.0,0.0,0.0,0.0,0.0,0.4,0.0,0.0,0.0,0.0,0.0,1.3,0.0,0.0,0.0,0.0,0.0,0.0,0.0,0.0,0.0,0.0,0.0,0.0,0.0,0.0,0.4,0.0,0.0,2.2,0.0,0.0,0.0,0.0,0.0,0.0,0.0,0.0,0.0,0.0,0.0,0.0,0.0,0.0,0.0,0.0,0.0,0.0,0.0,0.0,0.0,0.0,0.0,0.0,0.0,0.0,0.0,0.0,0.0,0.0,0.0,0.0,0.0,0.0,0.0,0.0,0.0,0.0,0.0,0.0,0.0,0.0,0.0,0.0,0.0,0.0,0.0,0.0,0.0,0.0,0.0
2026-01-25 16:27:24,2.5,99.9,running,0.0,0.0,100.0,0.0,0.0,0.0,0.0,1.8,0.4,0.0,0.0,0.0,0.0,0.0,0.0,0.0,0.0,0.0,0.0,0.0,0.0,0.0,0.0,0.0,0.0,0.0,0.4,0.0,1.8,0.4,0.0,0.0,0.0,0.0,0.0,0.0,0.0,0.0,0.0,0.0,0.0,0.0,0.0,0.0,2.7,0.0,0.4,0.0,0.0,0.0,0.0,0.0,0.0,0.0,0.0,0.0,0.0,0.0,0.0,0.0,0.0,0.0,0.0,0.0,0.0,0.0,0.0,0.0,0.0,0.0,0.0,0.0,0.0,0.0,0.0,0.0,0.0,0.0,0.0,0.0,0.0,0.0,0.0,0.0,0.0,0.0,0.0,0.0,0.0,0.0,0.0,0.0,0.0,0.0,0.0,0.0
2026-01-25 16:27:28,2.2,99.9,running,1.8,0.0,100.0,0.0,0.4,0.0,0.4,0.4,0.0,0.0,0.0,0.0,0.0,0.0,0.0,0.0,0.0,0.0,0.0,0.0,0.0,0.0,0.0,0.0,0.0,0.0,0.9,0.0,0.0,0.0,0.4,0.0,0.0,0.0,0.0,0.0,0.0,0.0,0.0,0.0,0.0,0.0,0.0,0.0,0.9,0.0,0.9,0.0,0.0,0.0,0.0,0.0,0.0,0.0,0.0,0.0,0.0,0.0,0.0,0.0,0.0,0.0,0.0,0.0,0.0,0.0,0.0,0.0,0.0,0.0,0.0,0.0,0.0,0.0,0.0,0.0,0.0,0.0,0.0,0.0,0.0,0.0,0.0,0.0,0.0,0.0,0.0,0.0,0.0,0.0,0.0,0.0,0.0,0.0,0.0,0.0
2026-01-25 16:27:31,2.2,96.8,running,1.3,0.0,100.0,0.0,0.0,0.0,0.0,1.3,0.4,0.0,0.0,0.0,1.6,0.0,0.5,0.0,0.4,0.0,0.0,0.0,0.0,0.0,0.0,0.0,0.0,0.0,1.3,0.0,0.0,0.0,1.3,0.0,0.0,0.0,0.0,0.0,0.0,0.0,0.0,0.0,0.0,0.4,0.0,0.0,1.8,0.0,0.0,0.0,0.0,0.0,0.0,0.0,0.0,0.0,0.0,0.0,0.0,0.0,0.0,0.0,0.0,0.0,0.0,0.0,0.0,0.0,0.0,0.0,0.0,0.0,0.0,0.0,0.0,0.0,0.0,0.0,0.0,0.0,0.0,0.0,0.0,0.0,0.0,0.0,0.0,0.0,0.0,0.0,0.0,0.0,0.0,0.0,0.0,0.0,0.0,0.0
2026-01-25 16:27:35,2.1,99.9,running,0.9,0.0,100.0,0.0,0.0,0.0,0.0,1.3,0.4,0.0,0.4,0.0,0.0,0.0,0.0,0.0,0.4,0.0,0.0,0.0,0.0,0.0,0.0,0.0,0.0,0.4,0.9,0.0,0.0,0.4,0.4,0.0,0.0,0.0,0.0,0.4,0.0,0.0,0.0,0.0,0.0,0.9,0.0,0.0,4.9,0.0,0.0,0.0,0.0,0.0,0.0,0.0,0.0,0.0,0.0,0.0,0.0,0.0,0.0,0.0,0.0,0.0,0.0,0.0,0.0,0.0,0.0,0.0,0.0,0.0,0.0,0.0,0.0,0.0,0.0,0.0,0.0,0.0,0.0,0.0,0.0,0.0,0.0,0.0,0.0,0.0,0.0,0.0,0.0,0.0,0.0,0.0,0.0,0.0,0.0,0.0
2026-01-25 16:27:38,2.2,99.9,running,1.3,0.0,100.0,0.0,0.0,0.0,0.0,1.3,0.4,0.0,0.0,0.0,0.0,0.0,0.0,0.0,0.0,0.0,0.0,0.0,0.0,0.0,0.0,0.0,0.0,0.0,1.8,0.0,0.0,0.0,0.0,0.0,0.0,0.0,0.0,0.4,0.0,0.4,0.0,0.0,0.0,0.4,0.0,0.0,3.1,0.0,0.0,0.0,0.0,0.0,0.0,0.0,0.0,0.0,0.0,0.0,0.0,0.0,0.0,0.0,0.0,0.0,0.0,0.0,0.0,0.0,0.0,0.0,0.0,0.0,0.0,0.0,0.0,0.0,0.0,0.0,0.0,0.0,0.0,0.0,0.0,0.0,0.0,0.0,0.0,0.0,0.0,0.0,0.0,0.0,0.0,0.0,0.0,0.0,0.0,0.0
2026-01-25 16:27:42,2.2,99.9,running,0.0,0.0,100.0,0.0,0.4,0.0,0.0,0.9,0.0,0.0,0.0,0.0,0.0,0.0,0.0,0.0,0.0,0.0,0.0,0.0,0.4,0.0,0.0,0.0,0.0,0.0,1.3,0.0,0.0,0.0,0.0,0.0,0.0,0.0,0.0,0.0,0.0,0.0,0.0,0.0,0.0,0.4,0.0,0.0,2.7,0.0,0.9,0.0,0.0,0.0,0.0,0.0,0.0,0.0,0.0,0.0,0.0,0.0,0.0,0.0,0.0,0.0,0.0,0.0,0.0,0.0,0.0,0.0,0.0,0.0,0.0,0.0,0.0,0.0,0.0,0.0,0.0,0.0,0.0,0.0,0.0,0.0,0.0,0.0,0.0,0.0,0.0,0.0,0.0,0.0,0.0,0.0,0.0,0.0,0.0,0.0
2026-01-25 16:27:45,2.7,99.9,running,0.0,0.0,100.0,0.0,0.9,0.0,0.0,0.9,0.5,0.0,0.0,0.0,0.0,0.0,0.0,0.0,0.0,0.0,0.0,0.0,0.4,0.0,0.0,0.0,0.0,0.0,0.9,0.0,0.0,0.9,0.0,0.0,0.0,0.0,0.0,0.0,0.0,0.0,0.0,0.0,0.0,0.0,0.0,0.4,6.2,0.0,0.0,0.0,0.0,0.0,0.0,0.0,0.0,0.0,0.0,0.0,0.0,0.0,0.0,0.0,0.0,0.0,0.0,0.0,0.0,0.0,0.0,0.0,0.0,0.0,0.0,0.0,0.0,0.0,0.0,0.0,0.0,0.0,0.0,0.0,0.0,0.0,0.0,0.0,0.0,0.0,0.0,0.0,0.0,0.0,0.0,0.0,0.0,0.0,0.0,0.0
2026-01-25 16:27:49,2.4,99.9,running,1.8,0.9,100.0,0.0,0.4,0.0,0.0,1.3,0.0,0.0,0.0,0.0,0.0,0.0,0.0,0.0,0.0,0.0,0.0,0.0,0.0,0.0,0.0,0.0,0.0,0.0,2.2,0.0,0.0,0.0,0.0,0.0,0.0,0.0,0.0,0.0,0.0,0.4,0.0,0.0,0.0,0.0,0.0,0.0,5.4,0.0,0.4,0.0,0.0,0.0,0.0,0.0,0.0,0.0,0.0,0.0,0.0,0.0,0.0,0.0,0.0,0.0,0.0,0.0,0.0,0.0,0.0,0.0,0.0,0.0,0.0,0.0,0.0,0.0,0.0,0.0,0.0,0.0,0.0,0.0,0.0,0.0,0.0,0.0,0.0,0.0,0.0,0.0,0.0,0.0,0.0,0.0,0.0,0.0,0.0,0.0
2026-01-25 16:27:52,2.2,99.9,running,0.0,0.0,100.0,0.0,0.4,0.0,0.9,1.8,0.0,0.0,0.0,0.0,0.0,0.0,0.0,0.0,0.0,0.0,0.0,0.0,0.0,0.0,0.0,0.0,0.0,0.0,1.3,0.0,0.0,0.0,0.0,0.0,0.0,0.0,0.0,0.0,0.0,0.4,0.0,0.0,0.0,0.9,0.0,0.0,1.8,0.0,0.0,0.0,0.0,0.0,0.0,0.0,0.0,0.0,0.0,0.0,0.0,0.0,0.0,0.0,0.0,0.0,0.0,0.0,0.0,0.0,0.0,0.0,0.0,0.0,0.0,0.0,0.0,0.0,0.0,0.0,0.0,0.0,0.0,0.0,0.0,0.0,0.0,0.0,0.0,0.0,0.0,0.0,0.0,0.0,0.0,0.0,0.0,0.0,0.0,0.0
2026-01-25 16:27:56,2.3,99.9,running,0.0,0.0,100.0,0.0,0.4,0.0,0.0,3.1,0.4,0.0,0.0,0.0,0.4,0.0,0.0,0.0,0.0,0.0,0.0,0.0,0.0,0.0,0.0,0.0,0.0,0.0,2.7,0.0,0.0,0.4,0.0,0.0,0.0,0.0,0.0,0.0,0.0,0.0,0.0,0.0,0.0,0.4,0.0,0.0,2.2,0.0,0.4,0.0,0.0,0.0,0.0,0.0,0.0,0.0,0.0,0.0,0.0,0.0,0.0,0.0,0.0,0.0,0.0,0.0,0.0,0.0,0.0,0.0,0.0,0.0,0.0,0.0,0.0,0.0,0.0,0.0,0.0,0.0,0.0,0.0,0.0,0.0,0.0,0.0,0.0,0.0,0.0,0.0,0.0,0.0,0.0,0.0,0.0,0.0,0.0,0.0
2026-01-25 16:27:59,2.2,99.9,running,0.0,0.0,100.0,0.0,0.4,0.0,0.0,0.4,0.9,0.0,0.0,0.0,0.4,0.0,0.0,0.0,0.0,0.0,0.0,0.0,0.9,0.0,0.0,0.0,0.0,0.0,0.4,0.0,0.0,0.4,0.4,0.0,0.0,0.0,0.0,0.4,0.0,0.4,0.0,0.0,0.0,0.0,0.0,0.0,2.7,0.0,0.9,0.4,0.0,0.0,0.0,0.0,0.0,0.0,0.0,0.0,0.0,0.0,0.0,0.0,0.0,0.0,0.0,0.0,0.0,0.0,0.0,0.0,0.0,0.0,0.0,0.0,0.0,0.0,0.0,0.0,0.0,0.0,0.0,0.0,0.0,0.0,0.0,0.0,0.0,0.0,0.0,0.0,0.0,0.0,0.0,0.0,0.0,0.0,0.0,0.0
2026-01-25 16:28:03,2.3,100.0,running,0.4,0.0,100.0,0.0,0.0,0.0,0.0,0.9,0.0,0.0,0.0,0.0,0.0,0.0,0.0,0.0,0.0,0.0,0.0,0.0,0.0,0.0,0.0,0.0,0.0,0.0,2.2,0.0,0.0,0.9,0.0,0.0,0.0,0.0,0.0,0.4,0.0,0.0,0.0,0.0,0.0,0.0,0.0,0.0,2.2,0.0,0.0,0.0,0.0,0.0,0.0,0.0,0.0,0.0,0.0,0.0,0.0,0.0,0.0,0.0,0.0,0.0,0.0,0.0,0.0,0.0,0.0,0.0,0.0,0.0,0.0,0.0,0.0,0.0,0.0,0.0,0.0,0.0,0.0,0.0,0.0,0.0,0.0,0.0,0.0,0.0,0.0,0.0,0.0,0.0,0.0,0.0,0.0,0.0,0.0,0.0
2026-01-25 16:28:06,2.3,99.9,running,1.3,0.0,100.0,0.0,0.4,0.0,0.4,1.3,0.4,0.0,0.0,0.0,0.0,0.0,0.0,0.0,0.0,0.0,0.0,0.0,0.0,0.0,0.4,0.0,0.0,0.0,0.4,0.0,0.0,0.4,0.0,0.0,0.0,0.0,0.0,0.0,0.0,0.0,0.0,0.0,0.0,0.4,0.0,0.4,2.7,0.0,0.0,0.0,0.0,0.0,0.0,0.0,0.0,0.0,0.0,0.0,0.0,0.0,0.0,0.0,0.0,0.0,0.0,0.0,0.0,0.0,0.0,0.0,0.0,0.0,0.0,0.0,0.0,0.0,0.0,0.0,0.0,0.0,0.0,0.0,0.0,0.0,0.0,0.0,0.0,0.0,0.0,0.0,0.0,0.0,0.0,0.0,0.0,0.0,0.0,0.0
2026-01-25 16:28:10,2.1,99.9,running,0.9,0.0,100.0,0.0,0.0,0.0,0.4,1.3,0.0,0.9,0.0,0.0,0.0,0.0,0.0,0.0,0.0,0.0,0.0,0.0,0.0,0.0,0.0,0.0,0.9,0.0,2.2,0.0,0.4,0.0,0.0,0.0,0.0,0.0,0.0,0.0,0.0,0.0,0.0,0.0,0.0,0.4,0.0,0.4,3.1,0.0,0.0,0.0,0.0,0.0,0.0,0.0,0.0,0.0,0.0,0.0,0.0,0.0,0.0,0.0,0.0,0.0,0.0,0.0,0.0,0.0,0.0,0.0,0.0,0.0,0.0,0.0,0.0,0.0,0.0,0.0,0.0,0.0,0.0,0.0,0.0,0.0,0.0,0.0,0.0,0.0,0.0,0.0,0.0,0.0,0.0,0.0,0.0,0.0,0.0,0.0
2026-01-25 16:28:13,2.1,99.9,running,0.9,0.0,100.0,0.0,0.9,0.4,0.9,0.9,0.0,0.0,0.0,0.0,0.0,0.0,0.0,0.0,0.0,0.0,0.0,0.0,0.0,0.0,0.0,0.0,0.0,0.0,1.8,0.0,0.4,0.0,0.0,0.0,0.0,0.0,0.0,0.0,0.0,0.0,0.0,0.0,0.0,0.4,0.0,0.0,2.2,0.0,0.9,0.0,0.0,0.0,0.0,0.0,0.0,0.0,0.0,0.0,0.0,0.0,0.0,0.0,0.0,0.0,0.0,0.0,0.0,0.0,0.0,0.0,0.0,0.0,0.0,0.0,0.0,0.0,0.0,0.0,0.0,0.0,0.0,0.0,0.0,0.0,0.0,0.0,0.0,0.0,0.0,0.0,0.0,0.0,0.0,0.0,0.0,0.0,0.0,0.0
2026-01-25 16:28:17,2.2,99.9,running,0.9,0.0,100.0,0.0,1.8,0.0,1.8,1.3,0.4,0.0,0.0,0.0,0.0,0.0,0.0,0.0,0.0,0.0,0.4,0.0,0.4,0.0,0.0,0.0,0.0,0.0,1.3,0.0,0.0,1.3,0.0,0.0,0.0,0.0,0.0,0.0,0.0,0.0,0.0,0.0,0.0,0.0,0.0,0.0,2.7,0.0,0.0,0.0,0.0,0.0,0.0,0.0,0.0,0.0,0.0,0.0,0.0,0.0,0.0,0.0,0.0,0.0,0.0,0.0,0.0,0.0,0.0,0.0,0.0,0.0,0.0,0.0,0.0,0.0,0.0,0.0,0.0,0.0,0.0,0.0,0.0,0.0,0.0,0.0,0.0,0.0,0.0,0.0,0.0,0.0,0.0,0.0,0.0,0.0,0.0,0.0
2026-01-25 16:28:20,2.1,99.9,running,0.0,0.0,100.0,0.0,0.0,0.0,0.4,1.8,0.4,0.0,0.0,0.0,0.0,0.0,0.0,0.0,0.0,0.0,0.4,0.0,0.0,0.0,0.0,0.0,0.0,0.0,1.8,0.0,0.0,0.0,0.0,0.0,0.0,0.0,0.0,0.0,0.0,0.0,0.0,0.0,0.0,0.0,0.0,0.4,3.1,0.0,0.0,0.0,0.0,0.0,0.0,0.0,0.0,0.0,0.0,0.0,0.0,0.0,0.0,0.0,0.0,0.0,0.0,0.0,0.0,0.0,0.0,0.0,0.0,0.0,0.0,0.0,0.0,0.0,0.0,0.0,0.0,0.0,0.0,0.0,0.0,0.0,0.0,0.0,0.0,0.0,0.0,0.0,0.0,0.0,0.0,0.0,0.0,0.0,0.0,0.0
2026-01-25 16:28:24,2.4,96.8,running,0.0,0.0,100.0,0.0,0.4,0.0,0.9,1.8,1.3,0.0,0.0,0.0,0.0,0.0,0.0,0.0,0.0,0.0,0.0,0.0,0.4,0.0,0.0,0.0,0.0,0.0,1.8,0.0,1.3,1.3,0.0,0.0,0.0,0.0,0.0,0.0,0.0,0.0,0.0,0.0,0.0,0.0,0.0,0.0,2.2,0.0,0.4,0.0,0.0,0.0,0.0,0.0,0.0,0.0,0.0,0.0,0.0,0.0,0.0,0.0,0.0,0.0,0.0,0.0,0.0,0.0,0.0,0.0,0.0,0.0,0.0,0.0,0.0,0.0,0.0,0.0,0.0,0.0,0.0,0.0,0.0,0.0,0.0,0.0,0.0,0.0,0.0,0.0,0.0,0.0,0.0,0.0,0.0,0.0,0.0,0.0
2026-01-25 16:28:27,2.8,99.9,running,1.8,0.0,100.0,0.0,0.0,0.0,0.4,0.4,0.0,0.0,0.0,0.0,0.0,0.0,0.0,0.0,0.0,0.0,0.0,0.0,0.0,0.0,0.0,0.0,0.0,0.0,0.4,0.0,0.0,0.0,0.0,0.0,0.0,0.0,0.0,0.0,0.0,0.0,0.4,0.0,0.0,0.5,0.0,0.0,2.7,0.0,0.4,0.0,0.0,0.0,0.0,0.0,0.0,0.0,0.0,0.0,0.0,0.0,0.0,0.0,0.0,0.0,0.0,0.0,0.0,0.0,0.0,0.0,0.0,0.0,0.0,0.0,0.0,0.0,0.0,0.0,0.0,0.0,0.0,0.0,0.0,0.0,0.0,0.0,0.0,0.0,0.0,0.0,0.0,0.0,0.0,0.0,0.0,0.0,0.0,0.0
2026-01-25 16:28:31,2.4,99.9,running,0.4,0.0,100.0,0.0,0.4,0.0,0.0,0.4,0.4,0.0,0.0,0.0,0.4,0.0,0.0,0.0,0.0,0.0,0.0,0.0,0.0,0.0,0.0,0.0,0.0,0.0,3.6,0.0,0.0,0.0,0.0,0.0,0.0,0.0,0.8,0.0,0.0,0.0,0.0,0.8,0.0,0.0,0.0,0.9,5.8,0.0,1.3,0.0,0.0,0.0,0.0,0.0,0.0,0.0,0.0,0.0,0.0,0.0,0.0,0.0,0.0,0.0,0.0,0.0,0.0,0.0,0.0,0.0,0.0,0.0,0.0,0.0,0.0,0.0,0.0,0.0,0.0,0.0,0.0,0.0,0.0,0.0,0.0,0.0,0.0,0.0,0.0,0.0,0.0,0.0,0.0,0.0,0.0,0.0,0.0,0.0
2026-01-25 16:28:34,2.2,99.9,running,0.4,0.0,100.0,0.0,0.4,0.0,0.4,1.3,0.0,0.0,0.0,0.0,0.0,0.0,0.0,0.0,0.0,0.0,0.0,0.0,0.0,0.0,0.0,0.0,0.0,0.0,2.7,0.0,0.0,0.0,0.0,0.0,0.0,0.0,0.4,0.0,0.0,0.0,0.4,0.0,0.0,0.0,0.0,0.4,4.9,0.0,0.0,0.0,0.0,0.0,0.0,0.0,0.0,0.0,0.0,0.0,0.0,0.0,0.0,0.0,0.0,0.0,0.0,0.0,0.0,0.0,0.0,0.0,0.0,0.0,0.0,0.0,0.0,0.0,0.0,0.0,0.0,0.0,0.0,0.0,0.0,0.0,0.0,0.0,0.0,0.0,0.0,0.0,0.0,0.0,0.0,0.0,0.0,0.0,0.0,0.0
2026-01-25 16:28:38,2.1,99.9,running,0.4,0.0,100.0,0.0,0.0,0.0,0.4,0.9,0.9,0.0,0.0,0.0,0.4,0.0,0.4,0.0,0.0,0.0,0.0,0.0,0.0,0.0,0.0,0.0,0.0,0.0,0.0,0.0,0.0,0.0,0.0,0.0,0.0,0.0,0.0,0.0,0.0,0.0,0.0,0.0,0.0,0.0,0.0,0.0,2.2,0.0,0.0,0.0,0.0,0.0,0.0,0.0,0.0,0.0,0.0,0.0,0.0,0.0,0.0,0.0,0.0,0.0,0.0,0.0,0.0,0.0,0.0,0.0,0.0,0.0,0.0,0.0,0.0,0.0,0.0,0.0,0.0,0.0,0.0,0.0,0.0,0.0,0.0,0.0,0.0,0.0,0.0,0.0,0.0,0.0,0.0,0.0,0.0,0.0,0.0,0.0
2026-01-25 16:28:41,2.3,99.9,running,0.9,0.0,100.0,0.0,0.4,0.0,0.4,1.8,0.4,0.0,0.0,0.0,0.0,0.0,0.0,0.0,0.0,0.0,0.0,0.0,0.0,0.0,0.0,0.0,0.0,0.0,2.2,0.0,0.0,0.0,0.0,0.4,0.0,0.0,0.0,0.0,0.0,0.0,0.4,0.0,0.0,0.0,0.0,0.4,3.1,0.0,0.4,0.0,0.0,0.0,0.0,0.0,0.0,0.0,0.0,0.0,0.0,0.0,0.0,0.0,0.0,0.0,0.0,0.0,0.0,0.0,0.0,0.0,0.0,0.0,0.0,0.0,0.0,0.0,0.0,0.0,0.0,0.0,0.0,0.0,0.0,0.0,0.0,0.0,0.0,0.0,0.0,0.0,0.0,0.0,0.0,0.0,0.0,0.0,0.0,0.0
2026-01-25 16:28:45,2.3,99.9,running,1.3,0.0,100.0,0.0,0.0,0.0,0.0,3.1,0.4,0.0,0.0,0.0,0.0,0.0,0.4,0.0,0.0,0.0,0.0,0.0,0.0,0.0,0.0,0.0,0.0,0.0,1.8,0.0,0.9,0.0,0.0,0.4,0.0,0.0,0.0,0.0,0.0,0.0,1.3,0.0,0.0,0.0,0.0,0.0,2.2,0.0,0.9,0.0,0.0,0.0,0.0,0.0,0.0,0.0,0.0,0.0,0.0,0.0,0.0,0.0,0.0,0.0,0.0,0.0,0.0,0.0,0.0,0.0,0.0,0.0,0.0,0.0,0.0,0.0,0.0,0.0,0.0,0.0,0.0,0.0,0.0,0.0,0.0,0.0,0.0,0.0,0.0,0.0,0.0,0.0,0.0,0.0,0.0,0.0,0.0,0.0
2026-01-25 16:28:48,2.5,99.9,running,1.3,0.0,100.0,0.0,0.0,0.0,0.4,1.8,0.4,0.0,0.0,0.0,0.0,0.0,0.9,0.0,0.0,0.0,0.0,0.0,0.0,0.0,0.0,0.0,0.0,0.0,1.8,0.0,0.0,0.0,0.0,0.0,0.0,0.0,0.0,0.0,0.0,0.0,0.0,0.0,0.0,0.0,0.0,1.3,3.1,0.0,0.4,0.0,0.0,0.0,0.0,0.0,0.0,0.0,0.0,0.0,0.0,0.0,0.0,0.0,0.0,0.0,0.0,0.0,0.0,0.0,0.0,0.0,0.0,0.0,0.0,0.0,0.0,0.0,0.0,0.0,0.0,0.0,0.0,0.0,0.0,0.0,0.0,0.0,0.0,0.0,0.0,0.0,0.0,0.0,0.0,0.0,0.0,0.0,0.0,0.0
2026-01-25 16:28:52,2.3,99.9,running,0.0,0.0,100.0,0.0,0.4,0.0,0.0,0.0,0.4,0.0,0.0,0.0,0.0,0.0,0.0,0.0,0.0,0.0,0.0,0.0,0.0,0.0,0.0,0.0,0.0,0.0,0.9,0.0,0.0,0.0,0.0,0.0,0.0,0.0,0.0,0.0,0.0,0.4,0.4,0.0,0.0,0.0,0.0,0.9,4.0,0.0,0.0,0.0,0.0,0.0,0.0,0.0,0.0,0.0,0.0,0.0,0.0,0.0,0.0,0.0,0.0,0.0,0.0,0.0,0.0,0.0,0.0,0.0,0.0,0.0,0.0,0.0,0.0,0.0,0.0,0.0,0.0,0.0,0.0,0.0,0.0,0.0,0.0,0.0,0.0,0.0,0.0,0.0,0.0,0.0,0.0,0.0,0.0,0.0,0.0,0.0
2026-01-25 16:28:55,2.2,99.9,running,1.3,0.0,100.0,0.0,0.0,0.0,0.0,0.9,0.0,0.0,0.0,0.0,0.0,0.0,0.0,0.0,0.0,0.0,0.0,0.0,0.0,0.0,0.0,0.0,0.0,0.0,1.3,0.0,0.4,0.0,0.0,0.0,0.0,0.0,0.0,0.4,0.0,0.0,0.4,0.0,0.0,0.0,0.0,0.4,2.7,0.0,0.0,0.0,0.0,0.0,0.0,0.0,0.0,0.0,0.0,0.0,0.0,0.0,0.0,0.0,0.0,0.0,0.0,0.0,0.0,0.0,0.0,0.0,0.0,0.0,0.0,0.0,0.0,0.0,0.0,0.0,0.0,0.0,0.0,0.0,0.0,0.0,0.0,0.0,0.0,0.0,0.0,0.0,0.0,0.0,0.0,0.0,0.0,0.0,0.0,0.0
2026-01-25 16:28:59,2.5,99.9,running,2.2,0.0,100.0,0.0,0.9,0.0,0.9,3.1,0.0,0.0,0.0,0.0,0.0,0.0,0.0,0.0,0.4,0.0,0.0,0.0,0.4,0.0,0.9,0.0,0.0,0.0,1.8,0.4,0.0,0.0,0.0,0.0,0.0,0.0,0.0,0.0,0.0,0.0,0.4,0.0,0.0,0.0,0.0,0.0,4.5,0.0,0.4,0.0,0.0,0.0,0.0,0.0,0.0,0.0,0.0,0.0,0.0,0.0,0.0,0.0,0.0,0.0,0.0,0.0,0.0,0.0,0.0,0.0,0.0,0.0,0.0,0.0,0.0,0.0,0.0,0.0,0.0,0.0,0.0,0.0,0.0,0.0,0.0,0.0,0.0,0.0,0.0,0.0,0.0,0.0,0.0,0.0,0.0,0.0,0.0,0.0
2026-01-25 16:29:02,2.4,99.9,running,3.6,0.0,100.0,0.0,0.9,0.0,0.9,1.3,0.0,0.0,0.0,0.0,0.0,0.0,0.4,0.0,0.0,0.0,0.0,0.0,0.0,0.0,0.0,0.0,0.0,0.0,1.3,0.0,0.0,0.0,0.0,0.0,0.0,1.8,0.0,0.0,0.0,0.9,0.9,0.0,0.0,0.0,0.0,0.4,2.2,0.0,0.0,0.0,0.0,0.0,0.0,0.0,0.0,0.0,0.0,0.0,0.0,0.0,0.0,0.0,0.0,0.0,0.0,0.0,0.0,0.0,0.0,0.0,0.0,0.0,0.0,0.0,0.0,0.0,0.0,0.0,0.0,0.0,0.0,0.0,0.0,0.0,0.0,0.0,0.0,0.0,0.0,0.0,0.0,0.0,0.0,0.0,0.0,0.0,0.0,0.0
2026-01-25 16:29:06,2.4,99.9,running,2.2,0.4,100.0,0.0,0.4,0.4,0.9,0.9,0.0,0.0,0.0,0.0,0.0,0.0,0.0,0.0,0.4,0.0,0.0,0.0,0.0,0.0,0.0,0.0,0.0,0.0,1.8,0.0,0.4,0.0,0.0,0.0,0.0,0.0,0.0,0.0,0.0,0.0,0.4,0.0,0.0,0.0,0.0,0.0,3.6,0.0,0.4,0.0,0.0,0.0,0.0,0.0,0.0,0.0,0.0,0.0,0.0,0.0,0.0,0.0,0.0,0.0,0.0,0.0,0.0,0.0,0.0,0.0,0.0,0.0,0.0,0.0,0.0,0.0,0.0,0.0,0.0,0.0,0.0,0.0,0.0,0.0,0.0,0.0,0.0,0.0,0.0,0.0,0.0,0.0,0.0,0.0,0.0,0.0,0.0,0.0
2026-01-25 16:29:09,2.4,99.9,running,0.4,0.0,100.0,0.0,1.8,0.0,0.9,2.7,0.0,0.0,0.0,0.0,0.0,0.0,0.0,0.0,0.0,0.0,0.0,0.0,0.0,0.0,0.0,0.0,0.0,0.0,1.8,0.0,0.0,0.0,0.0,0.0,0.0,0.0,0.4,0.0,0.0,0.0,0.4,0.0,0.0,0.0,0.0,0.0,4.0,0.0,0.4,0.0,0.0,0.0,0.0,0.0,0.0,0.0,0.0,0.0,0.0,0.0,0.0,0.0,0.0,0.0,0.0,0.0,0.0,0.0,0.0,0.0,0.0,0.0,0.0,0.0,0.0,0.0,0.0,0.0,0.0,0.0,0.0,0.0,0.0,0.0,0.0,0.0,0.0,0.0,0.0,0.0,0.0,0.0,0.0,0.0,0.0,0.0,0.0,0.0
2026-01-25 16:29:13,2.2,96.8,running,0.9,0.0,100.0,0.0,0.0,0.0,0.4,1.3,0.9,0.0,0.0,0.0,0.0,0.0,0.0,0.0,0.0,0.0,0.0,0.0,0.0,0.0,0.0,0.0,0.0,0.0,0.4,0.0,0.0,0.0,0.0,0.0,0.0,0.0,0.0,0.0,0.0,0.0,0.4,0.0,0.9,0.0,0.0,0.0,2.7,0.0,1.8,0.0,0.0,0.0,0.0,0.0,0.0,0.0,0.0,0.0,0.0,0.0,0.0,0.0,0.0,0.0,0.0,0.0,0.0,0.0,0.0,0.0,0.0,0.0,0.0,0.0,0.0,0.0,0.0,0.0,0.0,0.0,0.0,0.0,0.0,0.0,0.0,0.0,0.0,0.0,0.0,0.0,0.0,0.0,0.0,0.0,0.0,0.0,0.0,0.0
2026-01-25 16:29:16,0.7,0.0,completed,4.4,0.0,16.5,0.0,1.3,3.1,0.4,4.9,0.4,4.0,1.3,0.0,0.9,1.3,0.0,0.0,0.0,0.0,0.0,0.0,0.0,0.0,0.4,0.0,0.0,0.0,2.2,0.0,0.0,0.0,0.0,0.0,0.0,0.0,0.0,0.9,0.0,0.0,1.8,0.0,0.0,0.0,0.0,0.0,2.7,0.0,1.3,0.0,0.0,0.0,0.0,0.0,0.0,0.0,0.0,0.0,0.0,0.0,0.0,0.0,0.0,0.0,0.0,0.0,0.0,0.0,0.0,0.0,0.0,0.0,0.0,0.0,0.0,0.0,0.0,0.0,0.0,0.0,0.0,0.0,0.0,0.0,0.0,0.0,0.0,0.0,0.0,0.0,0.0,0.0,0.0,0.0,0.0,0.0,0.0,0.0
2026-01-25 16:29:19,0.2,0.0,done,2.6,0.0,0.0,0.0,0.0,0.0,0.0,1.6,0.0,2.6,0.0,0.0,0.0,0.0,0.0,0.0,0.0,0.0,0.0,0.0,0.0,0.0,0.0,0.0,0.0,0.0,1.0,0.0,0.0,0.0,0.0,0.0,0.0,0.0,0.0,0.0,0.0,0.0,0.0,0.0,0.0,0.0,0.0,0.0,5.2,0.0,0.0,0.0,0.0,0.0,0.0,0.0,0.0,0.0,0.0,0.0,0.0,0.0,0.0,0.0,0.0,0.0,0.0,0.0,0.0,0.0,0.0,0.0,0.0,0.0,0.0,0.0,0.0,0.0,0.0,0.0,0.0,0.0,0.0,0.0,0.0,0.0,0.0,0.0,0.0,0.0,0.0,0.0,0.0,0.0,0.0,0.0,0.0,0.0,0.0,0.0
2026-01-25 16:29:22,0.2,0.0,done,2.1,1.0,1.0,0.0,0.0,0.0,0.5,1.6,1.0,0.5,0.5,0.0,0.5,0.0,0.0,0.0,0.0,0.0,0.0,0.0,0.0,0.0,0.0,0.0,0.0,0.0,0.0,0.0,0.0,0.0,0.0,0.0,0.0,0.0,0.0,0.0,0.0,0.0,0.0,0.0,0.0,0.0,0.0,0.0,4.7,0.0,0.0,0.0,0.0,0.0,0.0,0.0,0.0,0.0,0.0,0.0,0.0,0.0,0.0,0.0,0.0,0.0,0.0,0.0,0.0,0.0,0.0,0.0,0.0,0.0,0.0,0.0,0.0,0.0,0.0,0.0,0.0,0.0,0.0,0.0,0.0,0.0,0.0,0.0,0.0,0.0,0.0,0.0,0.0,0.0,0.0,0.0,0.0,0.0,0.0,0.0
2026-01-25 16:29:25,0.4,0.0,done,4.1,0.0,1.6,0.0,0.0,0.0,0.5,4.1,0.0,2.1,0.5,0.0,1.0,0.0,0.0,0.0,0.0,0.0,0.0,0.0,0.5,0.0,0.0,0.0,0.0,0.0,1.1,0.0,0.0,0.0,0.0,0.0,0.0,0.0,0.5,0.0,0.0,0.0,1.6,0.0,0.0,0.0,0.0,0.5,3.1,0.0,0.0,0.0,0.0,0.0,0.0,0.0,0.0,0.0,0.0,0.0,0.0,0.0,0.0,0.0,0.0,0.0,0.0,0.0,0.0,0.0,0.0,0.0,0.0,0.0,0.0,0.0,0.0,0.0,0.0,0.0,0.0,0.0,0.0,0.0,0.0,0.0,0.0,0.0,0.0,0.0,0.0,0.0,0.0,0.0,0.0,0.0,0.0,0.0,0.0,0.0
2026-01-25 16:29:28,0.5,0.0,done,5.6,1.0,1.6,0.0,1.6,0.5,2.6,2.6,0.0,2.1,0.5,0.0,0.5,0.0,0.0,0.0,0.0,0.0,0.0,0.0,0.0,0.0,0.0,0.0,0.0,0.0,2.0,0.0,1.0,0.0,0.5,0.0,0.5,0.0,0.0,0.0,0.0,0.5,0.5,0.0,0.0,0.0,0.0,1.5,3.1,0.0,1.0,0.0,0.0,0.0,0.0,0.0,0.0,0.0,0.0,0.0,0.0,0.0,0.0,0.0,0.0,0.0,0.0,0.0,0.0,0.0,0.0,0.0,0.0,0.0,0.0,0.0,0.0,0.0,0.0,0.0,0.0,0.0,0.0,0.0,0.0,0.0,0.0,0.0,0.0,0.0,0.0,0.0,0.0,0.0,0.0,0.0,0.0,0.0,0.0,0.0
2026-01-25 16:29:31,0.3,0.0,done,1.6,1.0,1.0,0.0,1.6,0.0,0.5,1.0,0.0,2.1,0.0,0.0,1.0,0.0,0.0,0.0,0.0,0.0,0.0,0.0,0.0,0.5,0.0,0.0,0.0,0.0,1.6,0.0,0.0,0.0,0.5,0.0,0.5,0.0,0.0,0.0,0.0,1.0,0.0,0.0,0.0,0.0,0.0,0.0,5.8,0.0,0.0,0.0,0.0,0.0,0.0,0.0,0.0,0.0,0.0,0.0,0.0,0.0,0.0,0.0,0.0,0.0,0.0,0.0,0.0,0.0,0.0,0.0,0.0,0.0,0.0,0.0,0.0,0.0,0.0,0.0,0.0,0.0,0.0,0.0,0.0,0.0,0.0,0.0,0.0,0.0,0.0,0.0,0.0,0.0,0.0,0.0,0.0,0.0,0.0,0.0
