timestamp,overall_cpu,process_cpu,process_status,core_0,core_1,core_2,core_3,core_4,core_5,core_6,core_7,core_8,core_9,core_10,core_11,core_12,core_13,core_14,core_15,core_16,core_17,core_18,core_19,core_20,core_21,core_22,core_23,core_24,core_25,core_26,core_27,core_28,core_29,core_30,core_31,core_32,core_33,core_34,core_35,core_36,core_37,core_38,core_39,core_40,core_41,core_42,core_43,core_44,core_45,core_46,core_47,core_48,core_49,core_50,core_51,core_52,core_53,core_54,core_55,core_56,core_57,core_58,core_59,core_60,core_61,core_62,core_63,core_64,core_65,core_66,core_67,core_68,core_69,core_70,core_71,core_72,core_73,core_74,core_75,core_76,core_77,core_78,core_79,core_80,core_81,core_82,core_83,core_84,core_85,core_86,core_87,core_88,core_89,core_90,core_91,core_92,core_93,core_94,core_95
2026-01-25 14:56:03,2.1,81.2,running,0.0,4.3,80.6,0.0,7.2,0.0,0.0,0.0,1.5,0.0,0.0,0.0,0.0,0.0,0.0,0.0,0.0,0.0,0.0,0.0,0.0,0.0,0.0,0.0,1.5,0.0,0.0,0.0,0.0,2.8,1.4,0.0,0.0,0.0,0.0,0.0,1.4,0.0,0.0,0.0,0.0,0.0,0.0,0.0,0.0,0.0,0.0,0.0,0.0,0.0,0.0,0.0,0.0,0.0,0.0,0.0,0.0,0.0,0.0,0.0,0.0,0.0,0.0,0.0,100.0,0.0,0.0,0.0,0.0,0.0,0.0,0.0,0.0,0.0,0.0,0.0,0.0,0.0,0.0,0.0,0.0,0.0,0.0,0.0,0.0,0.0,0.0,0.0,0.0,0.0,0.0,0.0,0.0,0.0,0.0,0.0
2026-01-25 14:56:06,1.1,25.0,running,0.0,3.5,66.8,0.0,3.6,0.0,0.0,0.0,0.0,0.0,1.8,0.0,0.0,0.0,0.4,0.0,0.0,0.0,0.0,0.0,0.0,0.0,0.0,0.0,0.9,0.0,1.3,0.0,0.0,0.0,0.9,0.0,0.0,0.0,0.0,0.0,0.0,0.0,0.0,0.4,0.0,0.0,0.0,0.0,0.0,0.0,0.0,0.0,100.0,0.0,0.0,0.0,0.0,0.0,0.0,0.0,0.0,0.0,0.0,0.0,0.0,0.0,0.0,0.0,0.0,0.0,0.0,0.0,0.0,0.0,0.0,0.0,0.0,0.0,0.0,0.0,0.0,0.0,0.0,0.0,0.0,0.0,0.0,0.0,0.0,0.0,0.0,0.0,0.0,0.0,0.0,0.0,0.0,0.0,0.0,0.0
2026-01-25 14:56:10,1.5,31.2,running,1.3,1.8,38.3,0.0,7.1,0.0,3.1,0.0,1.8,0.0,1.3,0.0,0.0,0.0,0.0,0.0,0.0,0.0,0.4,0.0,0.0,0.2,0.0,0.0,1.3,0.2,0.4,0.0,1.8,0.0,0.4,0.0,0.0,0.0,0.0,0.0,1.3,0.0,0.0,0.4,0.9,0.4,0.4,0.0,0.0,0.0,0.9,1.8,0.0,0.0,0.0,0.0,0.0,0.0,0.0,0.0,0.0,0.0,0.0,0.0,0.0,0.0,0.0,0.0,0.0,0.0,0.0,0.0,0.0,0.0,0.0,0.0,0.0,0.0,0.0,0.0,0.0,0.0,0.0,0.0,0.0,0.0,0.0,0.0,0.0,0.0,0.0,0.0,0.0,0.0,0.0,0.0,0.0,0.0,0.0,0.0
2026-01-25 14:56:13,1.6,21.9,running,0.4,3.5,31.7,0.5,8.5,0.9,0.9,0.9,0.9,0.5,0.9,0.0,0.4,0.5,0.4,0.0,0.4,0.5,0.0,0.0,0.0,0.9,0.0,0.0,1.8,0.0,0.9,0.0,0.9,0.0,0.5,0.0,0.0,0.5,0.9,0.0,0.4,0.0,0.0,0.4,0.4,0.0,0.0,0.5,0.5,0.0,1.3,0.0,100.0,0.0,0.0,0.0,0.0,0.0,0.0,0.0,0.0,0.0,0.0,0.0,0.0,0.0,0.0,0.0,0.0,0.0,0.0,0.0,0.0,0.0,0.0,0.0,0.0,0.0,0.0,0.0,0.0,0.0,0.0,0.0,0.0,0.0,0.0,0.0,0.0,0.0,0.0,0.0,0.0,0.0,0.0,0.0,0.0,0.0,0.0,0.0
2026-01-25 14:56:17,1.4,37.5,running,0.9,3.1,42.7,0.0,8.9,0.4,2.7,0.0,2.2,0.0,1.3,0.0,0.0,0.0,0.0,0.0,0.0,0.0,0.0,0.0,0.0,0.0,0.0,0.0,2.6,0.0,0.4,0.0,0.9,0.0,0.9,0.0,0.0,0.0,0.4,0.0,0.4,0.0,0.0,0.0,0.0,0.4,0.0,0.4,0.0,0.0,0.4,0.0,0.0,0.0,0.0,0.0,0.0,0.0,0.0,0.0,0.0,0.0,0.0,0.0,0.0,0.0,0.0,0.0,0.0,0.0,0.0,0.0,0.0,0.0,0.0,0.0,0.0,0.0,0.0,0.0,0.0,0.0,0.0,0.0,0.0,0.0,0.0,0.0,0.0,0.0,0.0,0.0,0.0,0.0,0.0,0.0,0.0,0.0,0.0,0.0
2026-01-25 14:56:20,1.2,37.5,running,2.2,2.7,38.9,0.0,7.1,0.0,0.4,0.4,1.3,0.0,0.9,0.0,0.0,0.0,0.4,0.0,0.9,0.0,0.0,0.0,0.0,0.0,0.0,0.9,2.2,0.4,0.4,0.4,0.4,0.4,0.4,0.0,0.0,0.4,0.0,0.0,0.9,0.0,0.4,0.0,0.4,0.0,0.4,0.0,0.0,0.0,0.0,0.0,100.0,0.0,0.0,0.0,0.0,0.0,0.0,0.0,0.0,0.0,0.0,0.0,0.0,0.0,0.0,0.0,0.0,0.0,0.0,0.0,0.0,0.0,0.0,0.0,0.0,0.0,0.0,0.0,0.0,0.0,0.0,0.0,0.0,0.0,0.0,0.0,0.0,0.0,0.0,0.0,0.0,0.0,0.0,0.0,0.0,0.0,0.0,0.0
2026-01-25 14:56:24,1.6,21.8,running,0.9,2.7,37.5,0.0,9.3,0.0,1.3,0.0,0.4,0.4,1.8,0.0,0.0,0.0,0.9,0.4,0.4,0.0,0.0,0.0,0.4,0.4,0.0,0.0,1.8,0.0,0.4,0.0,0.4,0.0,0.9,0.0,0.0,0.4,0.0,0.0,0.0,0.0,0.0,0.4,0.0,0.0,0.0,0.0,0.0,0.0,0.0,0.0,0.0,0.0,0.0,0.0,0.0,0.0,0.0,0.0,0.0,0.0,0.0,0.0,0.0,0.0,0.0,0.0,0.0,0.0,0.0,0.0,0.0,0.0,0.0,0.0,0.0,0.0,0.0,0.0,0.0,0.0,0.0,0.0,0.0,0.0,0.0,0.0,0.0,0.0,0.0,0.0,0.0,0.0,0.0,0.0,0.0,0.0,0.0,0.0
2026-01-25 14:56:28,1.5,37.4,running,0.9,5.3,39.6,0.4,8.6,0.4,2.2,0.0,0.9,0.0,1.3,0.0,0.4,0.0,0.0,0.4,0.0,0.0,0.4,0.4,0.4,0.0,0.0,0.4,1.8,0.0,0.0,0.0,1.3,0.0,0.4,0.0,0.4,0.0,0.4,0.0,0.4,0.0,0.4,0.9,0.0,0.4,0.0,0.9,0.0,0.0,0.0,0.0,100.0,0.0,0.0,0.0,0.0,0.0,0.0,0.0,0.0,0.0,0.0,0.0,0.0,0.0,0.0,0.0,0.0,0.0,0.0,0.0,0.0,0.0,0.0,0.0,0.0,0.0,0.0,0.0,0.0,0.0,0.0,0.0,0.0,0.0,0.0,0.0,0.0,0.0,0.0,0.0,0.0,0.0,0.0,0.0,0.0,0.0,0.0,0.0
2026-01-25 14:56:31,1.0,28.1,running,0.0,3.6,40.3,0.0,8.8,0.5,2.6,0.0,2.2,0.0,0.9,0.0,0.0,0.0,0.4,0.0,0.4,0.0,0.0,0.0,0.4,0.4,0.4,0.4,0.4,0.4,0.4,0.4,0.4,0.0,0.4,0.0,0.4,0.4,0.4,0.4,0.9,0.0,0.0,0.0,0.9,0.0,0.9,0.0,0.0,0.0,0.0,0.0,0.0,0.0,0.0,0.0,0.0,0.0,0.0,0.0,0.0,0.0,0.0,0.0,0.0,0.0,0.0,0.0,0.0,0.0,0.0,0.0,0.0,0.0,0.0,0.0,0.0,0.0,0.0,0.0,0.0,0.0,0.0,0.0,0.0,0.0,0.0,0.0,0.0,0.0,0.0,0.0,0.0,0.0,0.0,0.0,0.0,0.0,0.0,0.0
2026-01-25 14:56:35,1.5,25.0,running,0.4,3.1,38.8,0.0,11.6,0.0,3.6,0.0,1.3,0.0,0.9,0.0,0.0,0.0,0.4,0.0,0.0,0.0,0.0,0.4,0.0,0.0,0.0,0.0,0.4,0.4,0.9,0.0,1.3,0.4,0.4,0.4,0.0,0.0,0.0,0.0,1.3,0.0,0.4,0.4,0.0,0.4,0.0,0.0,0.0,0.0,0.0,0.0,100.0,0.0,0.0,0.0,0.0,0.0,0.0,0.0,0.0,0.0,0.0,0.0,0.0,0.0,0.0,0.0,0.0,0.0,0.0,0.0,0.0,0.0,0.0,0.0,0.0,0.0,0.0,0.0,0.0,0.0,0.0,0.0,0.0,0.0,0.0,0.0,0.0,0.0,0.0,0.0,0.0,0.0,0.0,0.0,0.0,0.0,0.0,0.0
2026-01-25 14:56:38,1.4,25.0,running,0.9,0.4,41.9,0.0,8.9,0.0,3.5,0.0,1.8,0.0,0.9,0.0,1.3,0.4,0.4,0.0,0.0,0.0,0.0,0.0,0.0,0.9,0.0,0.4,0.4,0.0,2.2,0.4,2.2,0.0,1.3,0.0,0.0,0.0,0.0,0.0,0.4,0.0,0.0,0.0,0.0,0.0,0.0,0.0,0.4,0.0,0.0,0.0,0.0,0.0,0.0,0.0,0.0,0.0,0.0,0.0,0.0,0.0,0.0,0.0,0.0,0.0,0.0,0.0,100.0,0.0,0.0,0.0,0.0,0.0,0.0,0.0,0.0,0.0,0.0,0.0,0.0,0.0,0.0,0.0,0.0,0.0,0.0,0.0,0.0,0.0,0.0,0.0,0.0,0.0,0.0,0.0,0.0,0.0,0.0,0.0
2026-01-25 14:56:42,1.2,28.1,running,1.8,1.8,36.7,0.0,8.0,0.0,1.8,0.0,0.4,0.0,0.4,0.0,0.0,0.0,0.0,0.0,0.0,0.0,0.0,0.0,0.0,0.0,0.0,0.0,0.9,0.0,0.4,0.0,1.3,0.0,0.9,0.0,0.0,0.0,0.0,0.0,0.9,0.0,0.0,0.4,0.4,0.4,0.0,0.4,0.0,0.9,0.0,0.4,100.0,0.0,0.0,0.0,0.0,0.0,0.0,0.0,0.0,0.0,0.0,0.0,0.0,0.0,0.0,0.0,0.0,0.0,0.0,0.0,0.0,0.0,0.0,0.0,0.0,0.0,0.0,0.0,0.0,0.0,0.0,0.0,0.0,0.0,0.0,0.0,0.0,0.0,0.0,0.0,0.0,0.0,0.0,0.0,0.0,0.0,0.0,0.0
2026-01-25 14:56:45,1.4,28.1,running,0.4,3.6,39.6,0.4,12.1,0.0,2.7,0.0,1.8,0.0,1.8,0.4,0.0,0.0,0.0,0.0,0.4,0.0,0.0,0.0,0.9,0.0,0.9,0.0,0.9,0.0,0.0,0.0,1.4,0.0,0.9,0.0,0.9,0.0,0.0,0.0,1.8,0.0,0.4,0.0,0.0,0.4,0.0,0.0,0.0,0.0,1.3,0.0,0.0,0.0,0.0,0.0,0.0,0.0,0.0,0.0,0.0,0.0,0.0,0.0,0.0,0.0,0.0,0.0,0.0,0.0,0.0,0.0,0.0,0.0,0.0,0.0,0.0,0.0,0.0,0.0,0.0,0.0,0.0,0.0,0.0,0.0,0.0,0.0,0.0,0.0,0.0,0.0,0.0,0.0,0.0,0.0,0.0,0.0,0.0,0.0
2026-01-25 14:56:49,1.5,34.3,running,0.4,4.0,40.3,0.0,7.6,0.0,4.4,0.0,3.6,0.0,0.9,0.0,0.0,0.0,0.0,0.0,1.3,0.0,0.0,0.0,0.0,0.4,0.0,0.0,0.0,0.0,0.9,0.4,0.4,0.0,0.0,0.0,0.0,0.4,0.0,0.0,0.9,0.0,0.0,0.0,0.0,0.0,0.0,0.4,0.0,0.0,0.0,0.0,100.0,0.0,0.0,0.0,0.0,0.0,0.0,0.0,0.0,0.0,0.0,0.0,0.0,0.0,0.0,0.0,0.0,0.0,0.0,0.0,0.0,0.0,0.0,0.0,0.0,0.0,0.0,0.0,0.0,0.0,0.0,0.0,0.0,0.0,0.0,0.0,0.0,0.0,0.0,0.0,0.0,0.0,0.0,0.0,0.0,0.0,0.0,0.0
2026-01-25 14:56:52,1.1,37.4,running,0.4,3.1,38.2,0.5,8.1,0.4,6.2,0.0,4.0,0.0,2.2,0.0,0.0,0.0,0.0,0.0,0.0,0.4,0.0,0.0,0.4,0.0,0.9,0.0,1.3,0.0,0.4,0.0,0.9,0.0,0.9,0.0,0.4,0.4,0.4,0.4,0.4,0.0,0.0,1.3,0.9,0.0,0.0,0.0,0.0,0.4,1.3,0.0,0.0,0.0,0.0,0.0,0.0,0.0,0.0,0.0,0.0,0.0,0.0,0.0,0.0,0.0,0.0,0.0,0.0,0.0,0.0,0.0,0.0,0.0,0.0,0.0,0.0,0.0,0.0,0.0,0.0,0.0,0.0,0.0,0.0,0.0,0.0,0.0,0.0,0.0,0.0,0.0,0.0,0.0,0.0,0.0,0.0,0.0,0.0,0.0
2026-01-25 14:56:56,1.3,25.0,running,0.4,2.7,39.7,0.0,5.8,0.4,3.1,0.4,1.3,0.0,1.3,0.0,0.4,0.0,0.0,0.0,0.0,0.0,0.0,0.0,0.4,0.0,0.0,0.0,1.3,0.0,0.4,0.0,0.5,0.0,0.4,0.0,0.0,0.4,0.0,0.0,0.9,0.0,0.0,0.9,0.9,0.4,0.5,0.0,0.0,0.0,0.9,0.0,100.0,0.0,0.0,0.0,0.0,0.0,0.0,0.0,0.0,0.0,0.0,0.0,0.0,0.0,0.0,0.0,0.0,0.0,0.0,0.0,0.0,0.0,0.0,0.0,0.0,0.0,0.0,0.0,0.0,0.0,0.0,0.0,0.0,0.0,0.0,0.0,0.0,0.0,0.0,0.0,0.0,0.0,0.0,0.0,0.0,0.0,0.0,0.0
2026-01-25 14:56:59,1.5,31.2,running,0.4,3.6,39.1,0.0,8.4,0.0,3.1,0.0,3.1,0.0,2.7,0.0,0.4,1.8,0.4,0.0,0.0,0.0,0.0,0.0,0.4,0.0,0.0,0.0,0.9,0.4,0.4,0.4,2.2,0.0,0.9,0.0,0.4,0.9,0.0,0.0,0.4,0.4,0.4,0.4,0.4,0.0,0.4,0.0,0.0,0.0,0.0,0.0,0.0,0.0,0.0,0.0,0.0,0.0,0.0,0.0,0.0,0.0,0.0,0.0,0.0,0.0,0.0,0.0,0.0,0.0,0.0,0.0,0.0,0.0,0.0,0.0,0.0,0.0,0.0,0.0,0.0,0.0,0.0,0.0,0.0,0.0,0.0,0.0,0.0,0.0,0.0,0.0,0.0,0.0,0.0,0.0,0.0,0.0,0.0,0.0
2026-01-25 14:57:03,1.3,28.1,running,2.2,1.3,42.5,0.0,6.7,0.0,1.3,0.0,1.3,0.0,1.3,0.0,0.9,0.0,0.0,0.0,1.3,0.0,0.0,0.0,0.0,0.0,0.0,0.0,1.8,0.0,0.0,0.0,0.5,0.4,1.3,0.0,0.0,0.0,0.0,0.0,0.4,0.0,0.4,0.0,0.0,0.9,0.0,0.0,0.0,0.0,1.3,0.0,100.0,0.0,0.0,0.0,0.0,0.0,0.0,0.0,0.0,0.0,0.0,0.0,0.0,0.0,0.0,0.0,0.0,0.0,0.0,0.0,0.0,0.0,0.0,0.0,0.0,0.0,0.0,0.0,0.0,0.0,0.0,0.0,0.0,0.0,0.0,0.0,0.0,0.0,0.0,0.0,0.0,0.0,0.0,0.0,0.0,0.0,0.0,0.0
2026-01-25 14:57:06,1.1,28.1,running,0.4,1.3,38.0,0.0,5.8,0.0,2.7,0.0,0.4,0.0,1.3,0.0,1.8,0.0,0.0,0.0,0.4,0.0,0.4,0.0,0.0,0.9,0.0,0.0,0.4,0.0,0.9,0.0,1.3,0.0,0.9,0.0,0.0,0.4,0.0,0.0,1.8,0.9,0.0,0.9,0.0,0.0,0.0,0.0,0.0,0.0,0.4,0.0,0.0,0.0,0.0,0.0,0.0,0.0,0.0,0.0,0.0,0.0,0.0,0.0,0.0,0.0,0.0,0.0,0.0,0.0,0.0,0.0,0.0,0.0,0.0,0.0,0.0,0.0,0.0,0.0,0.0,0.0,0.0,0.0,0.0,0.0,0.0,0.0,0.0,0.0,0.0,0.0,0.0,0.0,0.0,0.0,0.0,0.0,0.0,0.0
2026-01-25 14:57:10,1.6,28.1,running,0.9,2.7,39.7,0.0,10.2,0.0,4.4,0.0,4.4,0.0,2.2,0.0,0.9,0.4,0.0,0.0,0.4,0.0,0.4,0.4,0.4,0.4,0.0,0.0,0.9,0.0,0.0,0.0,1.8,0.0,1.3,0.0,0.0,0.4,0.4,0.0,0.9,0.0,0.0,0.0,1.3,0.0,0.0,0.0,0.0,0.0,0.4,0.0,0.0,0.0,0.0,0.0,0.0,0.0,0.0,0.0,0.0,0.0,0.0,0.0,0.0,0.0,0.0,0.0,0.0,0.0,0.0,0.0,0.0,0.0,0.0,0.0,0.0,0.0,0.0,0.0,0.0,0.0,0.0,0.0,0.0,0.0,0.0,0.0,0.0,0.0,0.0,0.0,0.0,0.0,0.0,0.0,0.0,0.0,0.0,0.0
2026-01-25 14:57:13,0.9,34.4,running,0.9,1.3,39.8,0.5,11.6,0.0,3.6,0.0,4.0,0.0,0.9,0.4,0.4,0.0,0.9,0.0,0.4,0.0,0.4,0.0,0.4,0.9,0.4,0.9,1.8,0.0,0.0,0.0,0.9,0.0,0.9,0.0,0.9,0.0,0.4,0.0,0.9,0.0,0.0,0.0,0.0,1.3,0.0,0.4,0.0,0.0,1.3,0.0,0.0,0.0,0.0,0.0,0.0,0.0,0.0,0.0,0.0,0.0,0.0,0.0,0.0,0.0,0.0,0.0,0.0,0.0,0.0,0.0,0.0,0.0,0.0,0.0,0.0,0.0,0.0,0.0,0.0,0.0,0.0,0.0,0.0,0.0,0.0,0.0,0.0,0.0,0.0,0.0,0.0,0.0,0.0,0.0,0.0,0.0,0.0,0.0
2026-01-25 14:57:17,1.5,31.2,running,0.4,1.8,42.7,0.0,11.1,0.0,2.2,0.0,1.8,0.0,0.9,0.0,1.3,0.0,0.9,0.0,0.0,0.0,0.4,0.0,0.4,0.0,0.0,0.0,0.9,0.0,0.4,0.0,0.9,0.4,0.4,0.0,0.9,0.9,0.4,0.0,0.4,0.0,0.0,0.4,0.4,0.4,0.4,0.0,0.4,0.0,0.9,0.0,0.0,0.0,0.0,0.0,0.0,0.0,0.0,0.0,0.0,0.0,0.0,0.0,0.0,0.0,0.0,0.0,0.0,0.0,0.0,0.0,0.0,0.0,0.0,0.0,0.0,0.0,0.0,0.0,0.0,0.0,0.0,0.0,0.0,0.0,0.0,0.0,0.0,0.0,0.0,0.0,0.0,0.0,0.0,0.0,0.0,0.0,0.0,0.0
2026-01-25 14:57:20,1.8,31.2,running,0.0,3.1,36.4,0.0,11.7,0.0,6.8,0.0,2.2,0.0,1.3,0.0,0.4,0.5,0.0,0.5,0.5,0.0,0.0,0.0,1.3,0.9,0.0,0.0,1.4,0.0,0.0,1.0,0.0,0.0,0.9,0.0,0.0,0.0,0.0,0.5,0.9,0.0,0.0,0.0,0.0,0.0,0.0,0.5,0.0,0.5,0.0,0.5,0.0,0.0,0.0,0.0,0.0,0.0,0.0,0.0,0.0,0.0,0.0,0.0,0.0,0.0,0.0,0.0,0.0,0.0,0.0,0.0,0.0,0.0,0.0,0.0,0.0,0.0,0.0,0.0,0.0,0.0,0.0,0.0,0.0,0.0,0.0,0.0,0.0,0.0,0.0,0.0,0.0,0.0,0.0,0.0,0.0,0.0,0.0,0.0
2026-01-25 14:57:24,1.6,34.4,running,0.0,3.6,35.6,0.0,11.1,0.0,2.2,0.0,1.8,0.0,1.3,0.4,1.3,0.4,0.4,0.4,0.9,0.0,0.4,0.0,0.9,0.4,0.0,0.0,0.8,0.0,0.9,0.8,2.7,0.4,0.4,0.0,0.9,0.0,0.7,0.0,0.9,0.0,0.0,0.0,0.0,0.9,0.4,0.0,0.0,0.0,0.4,0.0,0.0,0.0,0.0,0.0,0.0,0.0,0.0,0.0,0.0,0.0,0.0,0.0,0.0,0.0,0.0,0.0,0.0,0.0,0.0,0.0,0.0,0.0,0.0,0.0,0.0,0.0,0.0,0.0,0.0,0.0,0.0,0.0,0.0,0.0,0.0,0.0,0.0,0.0,0.0,0.0,0.0,0.0,0.0,0.0,0.0,0.0,0.0,0.0
2026-01-25 14:57:27,1.9,28.1,running,0.4,1.8,40.5,0.0,9.7,0.4,1.3,0.4,0.9,0.0,1.3,0.0,0.9,0.0,0.9,0.0,0.0,0.0,0.0,0.0,0.4,1.3,0.4,0.0,1.8,0.4,0.4,0.9,2.7,0.0,0.4,0.0,0.9,0.4,0.0,0.0,1.3,0.0,0.0,0.0,0.0,0.0,0.0,0.0,0.0,0.0,0.0,0.4,0.0,0.0,0.0,0.0,0.0,0.0,0.0,0.0,0.0,0.0,0.0,0.0,0.0,0.0,0.0,0.0,0.0,0.0,0.0,0.0,0.0,0.0,0.0,0.0,0.0,0.0,0.0,0.0,0.0,0.0,0.0,0.0,0.0,0.0,0.0,0.0,0.0,0.0,0.0,0.0,0.0,0.0,0.0,0.0,0.0,0.0,0.0,0.0
2026-01-25 14:57:31,1.1,28.1,running,2.7,3.6,36.6,0.0,8.1,0.0,3.1,0.0,1.8,0.0,1.8,0.0,0.9,0.0,0.0,0.0,0.0,0.0,0.0,0.0,0.9,0.0,0.4,0.0,0.9,0.0,0.0,0.0,1.3,0.0,0.4,0.0,0.0,0.0,0.0,0.0,0.4,0.0,0.0,0.0,0.0,0.0,0.0,0.0,0.9,0.0,0.0,0.0,0.0,0.0,0.0,0.0,0.0,0.0,0.0,0.0,0.0,0.0,0.0,0.0,0.0,0.0,0.0,0.0,0.0,0.0,0.0,0.0,0.0,0.0,0.0,0.0,0.0,0.0,0.0,0.0,0.0,0.0,0.0,0.0,0.0,0.0,0.0,0.0,0.0,0.0,0.0,0.0,0.0,0.0,0.0,0.0,0.0,0.0,0.0,0.0
2026-01-25 14:57:34,1.7,28.1,running,0.4,3.1,40.0,0.5,8.4,0.5,3.6,0.5,1.3,0.4,4.0,0.0,0.0,0.0,0.0,0.4,0.0,0.0,0.0,0.0,0.9,0.0,0.0,0.0,0.9,0.9,0.0,0.4,0.9,0.0,0.9,0.0,0.9,0.0,0.4,0.0,1.3,0.0,0.0,0.0,0.0,0.0,0.0,0.4,0.4,0.0,0.4,0.0,0.0,0.0,0.0,0.0,0.0,0.0,0.0,0.0,0.0,0.0,0.0,0.0,0.0,0.0,0.0,0.0,0.0,0.0,0.0,0.0,0.0,0.0,0.0,0.0,0.0,0.0,0.0,0.0,0.0,0.0,0.0,0.0,0.0,0.0,0.0,0.0,0.0,0.0,0.0,0.0,0.0,0.0,0.0,0.0,0.0,0.0,0.0,0.0
2026-01-25 14:57:38,1.6,37.5,running,0.4,1.3,38.4,0.0,8.0,0.0,4.5,0.0,2.7,0.0,1.8,0.0,0.9,0.0,0.0,0.0,0.0,0.0,0.0,0.4,1.8,0.0,0.4,0.4,1.8,0.0,0.4,0.0,0.4,0.0,1.3,0.0,0.9,0.4,0.0,0.0,0.0,0.9,0.4,0.4,0.0,0.4,0.0,0.0,0.4,0.0,1.8,0.0,0.0,0.0,0.0,0.0,0.0,0.0,0.0,0.0,0.0,0.0,0.0,0.0,0.0,0.0,0.0,0.0,0.0,0.0,0.0,0.0,0.0,0.0,0.0,0.0,0.0,0.0,0.0,0.0,0.0,0.0,0.0,0.0,0.0,0.0,0.0,0.0,0.0,0.0,0.0,0.0,0.0,0.0,0.0,0.0,0.0,0.0,0.0,0.0
2026-01-25 14:57:41,4.0,28.1,running,0.0,9.8,41.5,0.0,11.2,1.8,4.4,0.0,4.0,0.4,13.7,0.4,2.7,0.0,4.8,0.4,2.7,0.4,0.4,1.8,1.8,0.9,3.6,1.3,3.1,0.4,0.4,0.0,0.9,0.4,4.9,0.4,1.3,0.0,1.3,1.8,1.8,0.9,0.0,2.2,0.4,0.4,2.2,0.0,0.9,0.0,0.9,0.0,0.0,0.0,0.0,0.0,0.0,0.0,0.0,0.0,0.0,0.0,0.0,0.0,0.0,0.0,0.0,0.0,0.0,0.0,0.0,0.0,0.0,0.0,0.0,0.0,0.0,0.0,0.0,0.0,0.0,0.0,0.0,0.0,0.0,0.0,0.0,0.0,0.0,0.0,0.0,0.0,0.0,0.0,0.0,0.0,0.0,0.0,0.0,0.0
2026-01-25 14:57:45,3.2,25.0,running,0.9,5.3,34.6,0.9,11.1,0.4,4.4,0.0,4.4,0.0,4.9,0.0,0.0,0.4,1.3,0.0,0.4,0.0,0.9,0.0,0.9,1.3,0.4,1.8,2.7,0.4,1.3,0.0,0.4,0.4,4.0,0.0,2.2,0.9,1.8,0.4,1.3,0.9,0.4,3.1,1.8,0.9,0.0,0.4,0.4,0.0,0.4,0.0,0.0,0.0,0.0,0.0,0.0,0.0,0.0,0.0,0.0,0.0,0.0,0.0,0.0,0.0,0.0,0.0,0.0,0.0,0.0,0.0,0.0,0.0,0.0,0.0,0.0,0.0,0.0,0.0,0.0,0.0,0.0,0.0,0.0,0.0,0.0,0.0,0.0,0.0,0.0,0.0,0.0,0.0,0.0,0.0,0.0,0.0,0.0,0.0
2026-01-25 14:57:48,1.3,40.6,running,0.4,6.3,35.2,0.0,10.2,0.4,6.2,0.0,2.2,0.0,2.7,0.4,0.0,0.0,0.4,0.0,0.9,0.0,0.0,0.0,0.0,0.0,0.4,0.0,4.0,0.0,0.4,0.0,0.0,0.4,1.4,0.0,0.0,0.0,0.9,0.0,0.9,0.0,0.0,1.4,0.0,0.0,0.0,0.9,0.0,0.0,0.0,0.4,0.0,0.0,0.0,0.0,0.0,0.0,0.0,0.0,0.0,0.0,0.0,0.0,0.0,0.0,0.0,0.0,0.0,0.0,0.0,0.0,0.0,0.0,0.0,0.0,0.0,0.0,0.0,0.0,0.0,0.0,0.0,0.0,0.0,0.0,0.0,0.0,0.0,0.0,0.0,0.0,0.0,0.0,0.0,0.0,0.0,0.0,0.0,0.0
2026-01-25 14:57:52,1.3,21.9,running,0.9,4.4,34.5,0.0,10.7,0.0,3.1,0.0,0.9,0.0,1.8,0.0,0.0,0.0,0.0,0.0,0.0,0.0,0.4,0.4,0.4,0.0,0.9,0.0,1.3,0.4,0.4,0.4,1.3,0.9,0.9,0.4,0.4,0.0,0.0,0.0,0.4,0.0,0.4,0.9,0.0,0.4,0.4,0.0,0.0,0.0,0.0,0.4,0.0,0.0,0.0,0.0,0.0,0.0,0.0,0.0,0.0,0.0,0.0,0.0,0.0,0.0,0.0,0.0,0.0,0.0,0.0,0.0,0.0,0.0,0.0,0.0,0.0,0.0,0.0,0.0,0.0,0.0,0.0,0.0,0.0,0.0,0.0,0.0,0.0,0.0,0.0,0.0,0.0,0.0,0.0,0.0,0.0,0.0,0.0,0.0
2026-01-25 14:57:55,1.4,25.0,running,0.4,2.7,40.7,0.0,8.9,0.5,2.2,0.4,3.6,0.0,0.4,0.0,0.9,0.0,0.4,0.0,0.4,0.0,0.4,0.0,0.0,0.0,0.4,0.0,1.3,0.9,1.8,0.4,1.3,0.9,0.9,0.0,0.4,0.0,0.0,0.4,0.0,0.0,0.0,0.4,0.0,0.4,0.0,0.4,0.4,0.0,0.0,0.4,0.0,0.0,0.0,0.0,0.0,0.0,0.0,0.0,0.0,0.0,0.0,0.0,0.0,0.0,0.0,0.0,0.0,0.0,0.0,0.0,0.0,0.0,0.0,0.0,0.0,0.0,0.0,0.0,0.0,0.0,0.0,0.0,0.0,0.0,0.0,0.0,0.0,0.0,0.0,0.0,0.0,0.0,0.0,0.0,0.0,0.0,0.0,0.0
2026-01-25 14:57:59,1.7,37.5,running,3.5,2.2,39.4,0.0,8.4,0.0,3.1,0.4,3.1,0.0,1.8,0.0,0.0,0.0,0.4,0.0,0.0,0.0,0.0,0.0,0.0,0.0,0.0,0.0,1.8,0.0,0.4,0.0,0.4,0.4,0.9,0.0,0.0,0.4,0.4,0.4,0.4,0.0,0.0,1.3,0.0,0.0,0.0,0.0,0.0,1.8,0.0,0.4,0.0,0.0,0.0,0.0,0.0,0.0,0.0,0.0,0.0,0.0,0.0,0.0,0.0,0.0,0.0,0.0,0.0,0.0,0.0,0.0,0.0,0.0,0.0,0.0,0.0,0.0,0.0,0.0,0.0,0.0,0.0,0.0,0.0,0.0,0.0,0.0,0.0,0.0,0.0,0.0,0.0,0.0,0.0,0.0,0.0,0.0,0.0,0.0
2026-01-25 14:58:02,1.6,28.1,running,0.0,1.3,43.2,0.0,12.6,0.0,4.0,0.9,1.8,0.0,2.7,0.0,0.0,0.9,0.0,0.0,0.4,0.0,0.9,0.5,0.9,0.0,0.4,2.7,5.7,0.0,0.0,0.0,0.0,0.0,0.4,0.0,0.0,0.9,0.0,0.9,0.0,0.0,0.0,0.9,0.0,0.0,0.4,0.4,0.0,0.0,0.0,0.0,0.0,0.0,0.0,0.0,0.0,0.0,0.0,0.0,0.0,0.0,0.0,0.0,0.0,0.0,0.0,0.0,0.0,0.0,0.0,0.0,0.0,0.0,0.0,0.0,0.0,0.0,0.0,0.0,0.0,0.0,0.0,0.0,0.0,0.0,0.0,0.0,0.0,0.0,0.0,0.0,0.0,0.0,0.0,0.0,0.0,0.0,0.0,0.0
2026-01-25 14:58:06,1.1,37.5,running,0.9,3.1,38.6,0.0,7.1,0.0,0.4,0.0,0.0,0.0,1.3,0.0,0.0,0.0,0.4,0.4,0.0,0.4,0.0,0.4,0.4,0.0,0.4,0.0,0.9,0.8,0.0,0.0,0.4,0.0,1.8,0.0,0.0,0.0,0.0,0.0,0.9,0.0,0.0,0.0,0.4,0.4,0.0,0.4,0.0,0.0,0.0,0.0,0.0,0.0,0.0,0.0,0.0,0.0,0.0,0.0,0.0,0.0,0.0,0.0,0.0,0.0,0.0,0.0,0.0,0.0,0.0,0.0,0.0,0.0,0.0,0.0,0.0,0.0,0.0,0.0,0.0,0.0,0.0,0.0,0.0,0.0,0.0,0.0,0.0,0.0,0.0,0.0,0.0,0.0,0.0,0.0,0.0,0.0,0.0,0.0
2026-01-25 14:58:09,3.0,31.2,running,0.0,8.4,36.1,0.0,8.8,0.0,2.7,0.9,1.8,0.0,5.4,0.0,0.4,0.9,0.0,0.4,0.0,0.0,0.9,0.4,0.4,0.0,0.9,1.3,3.5,0.4,1.3,0.0,1.3,0.9,4.9,0.0,1.8,0.9,0.9,0.4,0.9,0.0,0.4,2.7,0.9,0.0,0.0,0.4,0.4,0.5,0.0,0.4,0.0,0.0,0.0,0.0,0.0,0.0,0.0,0.0,0.0,0.0,0.0,0.0,0.0,0.0,0.0,0.0,0.0,0.0,0.0,0.0,0.0,0.0,0.0,0.0,0.0,0.0,0.0,0.0,0.0,0.0,0.0,0.0,0.0,0.0,0.0,0.0,0.0,0.0,0.0,0.0,0.0,0.0,0.0,0.0,0.0,0.0,0.0,0.0
2026-01-25 14:58:13,2.5,25.0,running,0.4,8.1,38.5,0.0,11.7,0.4,4.1,1.8,2.7,0.0,6.7,0.0,0.0,1.3,1.3,0.4,3.1,1.3,1.3,0.4,1.8,0.9,1.8,3.1,6.2,1.3,2.2,0.0,0.9,0.0,7.6,0.9,0.9,1.3,1.3,0.9,1.3,0.0,0.9,2.7,1.3,2.7,0.0,2.7,1.8,0.0,0.9,0.9,0.0,0.0,0.0,0.0,0.0,0.0,0.0,0.0,0.0,0.0,0.0,0.0,0.0,0.0,0.0,0.0,0.0,0.0,0.0,0.0,0.0,0.0,0.0,0.0,0.0,0.0,0.0,0.0,0.0,0.0,0.0,0.0,0.0,0.0,0.0,0.0,0.0,0.0,0.0,0.0,0.0,0.0,0.0,0.0,0.0,0.0,0.0,0.0
2026-01-25 14:58:16,2.8,37.5,running,0.9,5.8,37.9,0.0,8.4,0.0,3.5,0.0,3.1,0.9,6.6,0.0,1.3,0.4,1.8,0.0,4.0,0.0,0.4,2.2,0.9,0.4,1.3,5.4,4.5,0.0,0.4,0.4,1.3,0.0,1.3,0.0,0.9,3.1,0.9,0.0,3.6,0.0,0.5,0.9,0.0,0.0,1.4,0.4,0.4,0.4,0.9,1.3,0.0,0.0,0.0,0.0,0.0,0.0,0.0,0.0,0.0,0.0,0.0,0.0,0.0,0.0,0.0,0.0,0.0,0.0,0.0,0.0,0.0,0.0,0.0,0.0,0.0,0.0,0.0,0.0,0.0,0.0,0.0,0.0,0.0,0.0,0.0,0.0,0.0,0.0,0.0,0.0,0.0,0.0,0.0,0.0,0.0,0.0,0.0,0.0
2026-01-25 14:58:20,1.6,18.7,running,0.9,6.6,36.3,0.4,14.3,0.9,2.7,0.0,1.8,0.4,3.2,0.0,0.0,0.0,0.0,0.0,0.9,0.0,1.3,1.3,1.3,0.0,0.4,1.8,4.9,0.4,2.2,0.0,1.8,0.4,3.1,0.4,1.8,0.4,0.4,0.0,2.2,0.4,0.4,0.4,0.0,0.0,0.4,0.0,0.9,0.0,1.8,0.4,0.0,0.0,0.0,0.0,0.0,0.0,0.0,0.0,0.0,0.0,0.0,0.0,0.0,0.0,0.0,0.0,0.0,0.0,0.0,0.0,0.0,0.0,0.0,0.0,0.0,0.0,0.0,0.0,0.0,0.0,0.0,0.0,0.0,0.0,0.0,0.0,0.0,0.0,0.0,0.0,0.0,0.0,0.0,0.0,0.0,0.0,0.0,0.0
2026-01-25 14:58:23,2.4,31.2,running,2.2,5.4,37.7,0.5,14.5,0.0,4.0,0.0,2.2,0.9,6.6,0.4,0.4,1.8,0.4,0.0,2.6,0.4,0.9,2.2,0.4,0.0,0.9,2.2,2.2,1.8,1.3,0.0,0.9,0.0,1.3,0.9,0.4,1.3,0.0,0.4,1.8,0.9,0.4,2.7,1.3,0.0,0.4,0.0,0.9,0.0,1.8,0.0,0.0,0.0,0.0,0.0,0.0,0.0,0.0,0.0,0.0,0.0,0.0,0.0,0.0,0.0,0.0,0.0,0.0,0.0,0.0,0.0,0.0,0.0,0.0,0.0,0.0,0.0,0.0,0.0,0.0,0.0,0.0,0.0,0.0,0.0,0.0,0.0,0.0,0.0,0.0,0.0,0.0,0.0,0.0,0.0,0.0,0.0,0.0,0.0
2026-01-25 14:58:27,1.9,31.2,running,3.1,11.9,39.6,1.0,10.3,1.8,4.0,1.3,4.5,0.0,7.6,0.9,2.7,0.4,6.7,0.9,5.4,0.9,1.8,0.4,2.7,0.4,2.7,2.7,4.4,0.9,3.1,0.4,2.2,2.2,4.9,0.4,1.3,1.8,4.4,1.3,1.8,1.8,0.4,7.6,1.3,0.0,0.4,1.3,2.7,0.4,5.4,2.7,0.0,0.0,0.0,0.0,0.0,0.0,0.0,0.0,0.0,0.0,0.0,0.0,0.0,0.0,0.0,0.0,0.0,0.0,0.0,0.0,0.0,0.0,0.0,0.0,0.0,0.0,0.0,0.0,0.0,0.0,0.0,0.0,0.0,0.0,0.0,0.0,0.0,0.0,0.0,0.0,0.0,0.0,0.0,0.0,0.0,0.0,0.0,0.0
2026-01-25 14:58:30,1.6,21.8,running,0.4,8.1,37.3,0.0,10.2,1.8,5.3,0.4,4.0,0.0,4.0,1.3,3.6,0.0,2.2,2.7,0.4,1.8,0.4,0.0,2.2,0.9,0.4,1.3,1.8,0.0,0.4,0.0,2.7,0.0,1.3,0.9,0.4,0.4,1.8,0.0,1.8,0.9,1.3,4.0,1.3,0.4,1.3,0.9,0.9,0.4,2.7,0.9,0.0,0.0,0.0,0.0,0.0,0.0,0.0,0.0,0.0,0.0,0.0,0.0,0.0,0.0,0.0,0.0,0.0,0.0,0.0,0.0,0.0,0.0,0.0,0.0,0.0,0.0,0.0,0.0,0.0,0.0,0.0,0.0,0.0,0.0,0.0,0.0,0.0,0.0,0.0,0.0,0.0,0.0,0.0,0.0,0.0,0.0,0.0,0.0
2026-01-25 14:58:34,1.2,34.3,running,0.4,7.1,32.9,0.4,11.6,0.4,2.3,1.3,2.3,0.5,2.7,2.2,1.8,0.0,0.9,0.0,0.0,0.9,1.8,0.0,0.9,0.9,0.9,1.3,2.2,0.0,1.3,0.0,2.2,0.0,1.3,1.3,0.9,0.4,0.4,1.8,0.4,0.0,0.4,2.2,0.9,0.0,0.0,0.4,0.4,0.4,2.7,0.4,0.0,0.0,0.0,0.0,0.0,0.0,0.0,0.0,0.0,0.0,0.0,0.0,0.0,0.0,0.0,0.0,0.0,0.0,0.0,0.0,0.0,0.0,0.0,0.0,0.0,0.0,0.0,0.0,0.0,0.0,0.0,0.0,0.0,0.0,0.0,0.0,0.0,0.0,0.0,0.0,0.0,0.0,0.0,0.0,0.0,0.0,0.0,0.0
2026-01-25 14:58:37,1.6,28.1,running,0.4,4.4,40.4,0.4,10.1,0.0,2.2,0.4,1.8,0.0,2.2,0.4,0.4,0.0,0.9,0.4,0.0,0.0,0.0,0.0,0.0,0.4,0.4,0.0,1.3,0.4,1.3,0.4,0.4,0.0,1.3,0.0,1.3,0.0,0.0,0.0,0.0,0.0,0.0,0.9,0.4,0.0,0.0,0.0,0.0,0.9,0.9,0.0,0.0,0.0,0.0,0.0,0.0,0.0,0.0,0.0,0.0,0.0,0.0,0.0,0.0,0.0,0.0,0.0,0.0,0.0,0.0,0.0,0.0,0.0,0.0,0.0,0.0,0.0,0.0,0.0,0.0,0.0,0.0,0.0,0.0,0.0,0.0,0.0,0.0,0.0,0.0,0.0,0.0,0.0,0.0,0.0,0.0,0.0,0.0,0.0
2026-01-25 14:58:41,2.1,18.7,running,0.9,4.9,34.1,0.5,11.2,0.4,7.1,0.4,3.6,0.0,4.9,1.3,0.4,0.0,0.9,0.9,0.0,0.4,0.0,0.4,0.0,0.0,0.0,0.0,0.9,0.0,0.0,0.4,1.8,0.0,5.8,0.0,1.3,0.4,0.9,0.0,0.9,0.0,0.0,1.3,0.9,0.0,0.0,0.4,0.0,0.9,0.9,0.0,0.0,0.0,0.0,0.0,0.0,0.0,0.0,0.0,0.0,0.0,0.0,0.0,0.0,0.0,0.0,0.0,0.0,0.0,0.0,0.0,0.0,0.0,0.0,0.0,0.0,0.0,0.0,0.0,0.0,0.0,0.0,0.0,0.0,0.0,0.0,0.0,0.0,0.0,0.0,0.0,0.0,0.0,0.0,0.0,0.0,0.0,0.0,0.0
2026-01-25 14:58:44,2.0,18.7,running,0.4,5.8,42.2,0.4,9.8,1.3,4.0,0.9,2.7,0.0,5.3,0.0,1.3,0.0,0.4,0.0,0.4,0.0,0.0,0.0,0.0,0.0,0.0,0.9,2.2,0.0,0.4,0.4,1.4,0.0,3.6,0.4,2.2,0.0,0.4,0.0,0.0,0.0,0.4,0.9,0.0,0.9,0.0,0.0,0.0,0.0,0.4,0.0,0.0,0.0,0.0,0.0,0.0,0.0,0.0,0.0,0.0,0.0,0.0,0.0,0.0,0.0,0.0,0.0,0.0,0.0,0.0,0.0,0.0,0.0,0.0,0.0,0.0,0.0,0.0,0.0,0.0,0.0,0.0,0.0,0.0,0.0,0.0,0.0,0.0,0.0,0.0,0.0,0.0,0.0,0.0,0.0,0.0,0.0,0.0,0.0
2026-01-25 14:58:48,1.6,31.2,running,0.4,4.9,38.7,0.4,8.0,1.3,3.6,0.4,1.3,0.0,3.1,0.0,0.4,0.4,0.0,0.0,0.5,0.0,0.0,0.4,0.0,0.4,0.4,0.4,1.3,0.0,0.4,0.0,3.1,0.0,0.4,0.4,0.0,0.4,0.9,0.4,1.3,0.0,0.0,0.9,0.0,0.0,0.0,0.4,0.0,0.0,0.9,0.4,0.0,0.0,0.0,0.0,0.0,0.0,0.0,0.0,0.0,0.0,0.0,0.0,0.0,0.0,0.0,0.0,0.0,0.0,0.0,0.0,0.0,0.0,0.0,0.0,0.0,0.0,0.0,0.0,0.0,0.0,0.0,0.0,0.0,0.0,0.0,0.0,0.0,0.0,0.0,0.0,0.0,0.0,0.0,0.0,0.0,0.0,0.0,0.0
2026-01-25 14:58:51,2.0,25.0,running,0.4,5.8,42.9,0.0,12.1,0.0,4.4,0.4,2.2,0.0,1.8,0.0,0.9,0.0,0.0,0.0,0.4,0.9,0.4,0.4,0.4,0.0,0.4,0.0,3.1,0.4,0.4,0.4,1.8,0.0,0.9,0.0,0.4,0.9,0.0,0.4,1.3,0.0,0.0,1.3,0.0,0.4,0.0,0.0,0.4,2.2,2.2,0.0,0.0,0.0,0.0,0.0,0.0,0.0,0.0,0.0,0.0,0.0,0.0,0.0,0.0,0.0,0.0,0.0,0.0,0.0,0.0,0.0,0.0,0.0,0.0,0.0,0.0,0.0,0.0,0.0,0.0,0.0,0.0,0.0,0.0,0.0,0.0,0.0,0.0,0.0,0.0,0.0,0.0,0.0,0.0,0.0,0.0,0.0,0.0,0.0
2026-01-25 14:58:55,2.9,31.2,running,0.4,9.9,41.6,0.4,18.8,1.3,5.8,0.9,4.0,0.0,4.4,0.4,1.3,0.0,3.1,0.4,0.4,0.4,0.4,0.4,1.3,1.8,0.4,1.3,4.0,0.4,1.3,0.4,2.2,0.0,3.1,0.0,0.0,0.0,0.4,0.0,0.4,0.0,0.0,0.4,1.8,0.0,0.9,0.9,0.0,0.9,0.4,0.0,0.0,0.0,0.0,0.0,0.0,0.0,0.0,0.0,0.0,0.0,0.0,0.0,0.0,0.0,0.0,0.0,0.0,0.0,0.0,0.0,0.0,0.0,0.0,0.0,0.0,0.0,0.0,0.0,0.0,0.0,0.0,0.0,0.0,0.0,0.0,0.0,0.0,0.0,0.0,0.0,0.0,0.0,0.0,0.0,0.0,0.0,0.0,0.0
2026-01-25 14:58:58,2.3,31.2,running,0.4,12.8,44.6,0.9,18.9,2.2,10.6,1.8,4.0,0.4,8.4,0.6,1.8,0.0,3.6,0.0,1.3,0.9,0.9,0.0,0.9,2.2,0.9,1.8,5.7,1.8,0.9,0.0,3.6,0.9,5.3,0.4,2.2,0.0,0.0,1.3,1.3,0.0,0.9,4.5,0.9,0.4,1.3,0.4,0.9,3.6,3.5,0.0,0.0,0.0,0.0,0.0,0.0,0.0,0.0,0.0,0.0,0.0,0.0,0.0,0.0,0.0,0.0,0.0,0.0,0.0,0.0,0.0,0.0,0.0,0.0,0.0,0.0,0.0,0.0,0.0,0.0,0.0,0.0,0.0,0.0,0.0,0.0,0.0,0.0,0.0,0.0,0.0,0.0,0.0,0.0,0.0,0.0,0.0,0.0,0.0
2026-01-25 14:59:02,1.2,28.1,running,1.8,11.2,38.7,1.0,13.5,0.0,3.1,0.0,2.7,0.4,5.4,0.0,0.9,0.4,0.0,0.0,0.0,0.4,2.7,0.4,0.0,1.3,0.0,0.0,3.1,0.0,0.4,0.0,0.9,0.9,3.6,0.4,1.3,2.2,0.4,0.0,0.0,1.3,0.9,3.1,0.9,0.0,0.9,0.0,0.0,1.3,3.1,0.4,0.0,0.0,0.0,0.0,0.0,0.0,0.0,0.0,0.0,0.0,0.0,0.0,0.0,0.0,0.0,0.0,0.0,0.0,0.0,0.0,0.0,0.0,0.0,0.0,0.0,0.0,0.0,0.0,0.0,0.0,0.0,0.0,0.0,0.0,0.0,0.0,0.0,0.0,0.0,0.0,0.0,0.0,0.0,0.0,0.0,0.0,0.0,0.0
2026-01-25 14:59:05,2.0,25.0,running,1.3,11.2,39.5,0.0,14.7,1.0,7.2,0.0,1.3,0.4,3.6,0.0,0.9,0.4,0.9,0.4,0.4,0.4,0.0,0.0,0.0,0.4,0.0,0.4,3.6,0.0,0.9,0.0,0.9,1.8,4.9,0.4,0.0,0.4,0.0,0.9,0.4,3.1,2.2,1.8,0.4,0.9,0.9,0.9,0.4,0.0,3.5,0.9,0.0,0.0,0.0,0.0,0.0,0.0,0.0,0.0,0.0,0.0,0.0,0.0,0.0,0.0,0.0,0.0,0.0,0.0,0.0,0.0,0.0,0.0,0.0,0.0,0.0,0.0,0.0,0.0,0.0,0.0,0.0,0.0,0.0,0.0,0.0,0.0,0.0,0.0,0.0,0.0,0.0,0.0,0.0,0.0,0.0,0.0,0.0,0.0
2026-01-25 14:59:09,2.0,31.2,running,0.0,5.8,38.8,0.0,10.2,0.0,2.7,0.4,0.9,0.0,4.0,0.0,1.3,0.0,0.9,0.0,2.3,0.0,0.0,0.9,0.0,0.0,0.5,3.6,4.0,0.9,0.9,0.9,1.4,0.0,1.4,0.9,0.4,0.9,0.0,0.0,1.3,0.9,0.0,2.2,0.4,0.4,1.0,0.9,0.9,0.0,0.0,0.4,0.0,0.0,0.0,0.0,0.0,0.0,0.0,0.0,0.0,0.0,0.0,0.0,0.0,0.0,0.0,0.0,0.0,0.0,0.0,0.0,0.0,0.0,0.0,0.0,0.0,0.0,0.0,0.0,0.0,0.0,0.0,0.0,0.0,0.0,0.0,0.0,0.0,0.0,0.0,0.0,0.0,0.0,0.0,0.0,0.0,0.0,0.0,0.0
2026-01-25 14:59:12,1.3,31.2,running,0.9,2.7,38.3,0.8,6.3,0.8,3.1,1.8,2.2,0.0,0.9,0.0,0.0,0.0,0.4,0.0,1.3,0.0,0.0,0.0,0.9,0.0,0.0,0.0,0.9,0.0,0.9,0.0,0.9,0.0,0.0,0.0,0.0,0.0,0.0,0.4,0.9,0.0,0.0,0.0,0.9,0.4,0.4,0.0,0.4,0.0,0.5,0.0,0.0,0.0,0.0,0.0,0.0,0.0,0.0,0.0,0.0,0.0,0.0,0.0,0.0,0.0,0.0,0.0,0.0,0.0,0.0,0.0,0.0,0.0,0.0,0.0,0.0,0.0,0.0,0.0,0.0,0.0,0.0,0.0,0.0,0.0,0.0,0.0,0.0,0.0,0.0,0.0,0.0,0.0,0.0,0.0,0.0,0.0,0.0,0.0
2026-01-25 14:59:16,1.3,28.1,running,0.9,2.7,43.7,0.0,8.0,0.0,1.8,0.0,1.3,0.0,0.0,0.0,1.3,0.0,0.0,0.0,0.0,0.0,0.9,0.0,0.0,0.0,0.0,0.0,0.9,0.0,0.5,0.0,0.9,0.0,0.0,0.0,0.0,0.0,0.0,0.0,1.3,0.0,0.0,0.0,0.4,0.4,0.0,0.4,0.0,0.0,0.0,0.0,0.0,0.0,0.0,0.0,0.0,0.0,0.0,0.0,0.0,0.0,0.0,0.0,0.0,0.0,0.0,0.0,0.0,0.0,0.0,0.0,0.0,0.0,0.0,0.0,0.0,0.0,0.0,0.0,0.0,0.0,0.0,0.0,0.0,0.0,0.0,0.0,0.0,0.0,0.0,0.0,0.0,0.0,0.0,0.0,0.0,0.0,0.0,0.0
2026-01-25 14:59:19,1.0,28.1,running,0.4,0.9,37.2,0.0,7.2,0.0,2.2,0.4,0.4,0.0,0.0,0.0,0.4,0.0,0.0,0.0,0.0,0.4,0.0,0.0,0.0,0.0,0.0,0.0,0.4,0.0,0.0,0.0,0.4,0.4,0.0,0.4,0.0,0.0,0.4,0.0,0.9,0.0,0.0,0.9,0.0,0.0,0.0,0.0,0.4,0.0,0.0,0.4,0.0,0.0,0.0,0.0,0.0,0.0,0.0,0.0,0.0,0.0,0.0,0.0,0.0,0.0,0.0,0.0,0.0,0.0,0.0,0.0,0.0,0.0,0.0,0.0,0.0,0.0,0.0,0.0,0.0,0.0,0.0,0.0,0.0,0.0,0.0,0.0,0.0,0.0,0.0,0.0,0.0,0.0,0.0,0.0,0.0,0.0,0.0,0.0
2026-01-25 14:59:23,1.2,31.2,running,0.4,4.9,32.0,0.0,6.7,0.0,1.8,0.0,0.9,0.4,0.0,0.0,0.0,0.0,0.0,0.0,0.0,0.4,0.4,0.0,0.9,0.0,0.4,0.0,1.3,0.0,0.9,0.4,0.4,0.0,0.0,0.0,0.9,0.0,0.9,0.0,2.2,0.0,0.0,0.0,0.0,0.0,0.0,0.4,0.0,0.9,0.0,0.0,0.0,0.0,0.0,0.0,0.0,0.0,0.0,0.0,0.0,0.0,0.0,0.0,0.0,0.0,0.0,0.0,0.0,0.0,0.0,0.0,0.0,0.0,0.0,0.0,0.0,0.0,0.0,0.0,0.0,0.0,0.0,0.0,0.0,0.0,0.0,0.0,0.0,0.0,0.0,0.0,0.0,0.0,0.0,0.0,0.0,0.0,0.0,0.0
2026-01-25 14:59:26,0.8,43.7,running,0.9,3.6,34.7,0.4,9.3,0.0,0.9,0.0,0.4,0.0,0.9,0.0,0.0,0.0,0.0,0.0,0.0,0.0,0.0,0.0,0.4,0.4,0.0,0.0,1.8,0.0,0.4,0.0,0.4,0.0,0.0,0.0,0.4,0.4,0.4,0.4,1.8,0.0,0.0,0.0,0.0,0.0,0.0,0.0,0.0,0.4,0.4,0.0,0.0,0.0,0.0,0.0,0.0,0.0,0.0,0.0,0.0,0.0,0.0,0.0,0.0,0.0,0.0,0.0,0.0,0.0,0.0,0.0,0.0,0.0,0.0,0.0,0.0,0.0,0.0,0.0,0.0,0.0,0.0,0.0,0.0,0.0,0.0,0.0,0.0,0.0,0.0,0.0,0.0,0.0,0.0,0.0,0.0,0.0,0.0,0.0
2026-01-25 14:59:30,1.4,18.7,running,1.8,2.2,42.4,0.0,8.9,0.0,2.2,0.0,2.7,0.4,0.0,0.0,0.0,0.0,0.0,0.4,0.0,0.0,0.0,0.0,0.0,0.4,0.0,0.0,1.8,0.4,0.4,0.0,0.4,0.9,0.0,0.4,0.9,0.0,0.0,0.0,0.4,0.0,0.0,0.0,0.0,0.0,0.0,0.0,0.0,0.4,0.0,0.4,0.0,0.0,0.0,0.0,0.0,0.0,0.0,0.0,0.0,0.0,0.0,0.0,0.0,0.0,0.0,0.0,0.0,0.0,0.0,0.0,0.0,0.0,0.0,0.0,0.0,0.0,0.0,0.0,0.0,0.0,0.0,0.0,0.0,0.0,0.0,0.0,0.0,0.0,0.0,0.0,0.0,0.0,0.0,0.0,0.0,0.0,0.0,0.0
2026-01-25 14:59:33,1.3,28.1,running,1.8,0.9,38.8,0.0,8.4,0.0,1.3,0.0,2.2,0.0,0.4,0.0,0.0,0.0,0.0,0.0,0.0,0.0,0.0,0.4,0.4,0.0,0.0,0.0,0.9,0.0,0.0,0.0,0.9,0.0,0.0,0.0,0.0,0.0,0.0,0.0,1.8,0.0,0.5,0.9,0.0,0.0,0.0,0.4,0.0,0.0,0.0,0.0,0.0,0.0,0.0,0.0,0.0,0.0,0.0,0.0,0.0,0.0,0.0,0.0,0.0,0.0,0.0,0.0,0.0,0.0,0.0,0.0,0.0,0.0,0.0,0.0,0.0,0.0,0.0,0.0,0.0,0.0,0.0,0.0,0.0,0.0,0.0,0.0,0.0,0.0,0.0,0.0,0.0,0.0,0.0,0.0,0.0,0.0,0.0,0.0
2026-01-25 14:59:37,1.3,28.1,running,0.9,3.6,37.6,0.6,9.3,0.0,2.7,0.0,2.7,0.0,0.0,0.0,0.0,0.0,0.5,0.0,0.0,0.0,0.0,0.4,0.0,0.4,0.0,0.4,0.4,0.4,1.3,0.0,0.9,0.4,0.0,0.0,0.0,0.0,0.0,0.0,1.3,0.0,0.0,0.0,0.0,0.0,0.0,0.4,0.0,0.4,0.9,0.0,0.0,0.0,0.0,0.0,0.0,0.0,0.0,0.0,0.0,0.0,0.0,0.0,0.0,0.0,0.0,0.0,0.0,0.0,0.0,0.0,0.0,0.0,0.0,0.0,0.0,0.0,0.0,0.0,0.0,0.0,0.0,0.0,0.0,0.0,0.0,0.0,0.0,0.0,0.0,0.0,0.0,0.0,0.0,0.0,0.0,0.0,0.0,0.0
2026-01-25 14:59:40,1.1,34.3,running,0.0,2.7,30.5,0.4,8.4,0.0,1.8,0.0,0.9,0.0,0.0,0.4,0.0,0.0,0.0,0.4,0.4,0.0,0.4,0.0,0.0,0.0,0.0,1.3,1.3,0.4,0.0,0.0,0.4,0.4,0.0,0.0,0.0,0.4,0.4,0.0,1.3,0.0,0.0,0.4,0.0,0.0,0.4,0.9,0.4,0.4,0.9,0.0,0.0,0.0,0.0,0.0,0.0,0.0,0.0,0.0,0.0,0.0,0.0,0.0,0.0,0.0,0.0,0.0,0.0,0.0,0.0,0.0,0.0,0.0,0.0,0.0,0.0,0.0,0.0,0.0,0.0,0.0,0.0,0.0,0.0,0.0,0.0,0.0,0.0,0.0,0.0,0.0,0.0,0.0,0.0,0.0,0.0,0.0,0.0,0.0
2026-01-25 14:59:44,1.2,15.6,running,0.4,1.3,35.6,0.0,7.6,0.0,1.3,0.9,0.4,0.0,0.4,0.0,0.4,0.0,0.4,0.0,0.0,0.0,0.0,0.0,0.0,0.4,0.0,0.4,1.3,0.0,0.0,0.4,0.9,0.0,0.0,0.0,0.0,0.0,0.0,0.0,0.4,0.0,0.0,0.4,0.0,0.4,0.0,0.0,0.0,0.0,0.0,0.0,0.0,0.0,0.0,0.0,0.0,0.0,0.0,0.0,0.0,0.0,0.0,0.0,0.0,0.0,0.0,0.0,0.0,0.0,0.0,0.0,0.0,0.0,0.0,0.0,0.0,0.0,0.0,0.0,0.0,0.0,0.0,0.0,0.0,0.0,0.0,0.0,0.0,0.0,0.0,0.0,0.0,0.0,0.0,0.0,0.0,0.0,0.0,0.0
2026-01-25 14:59:47,1.3,25.0,running,0.9,1.3,38.3,0.0,6.7,0.0,2.7,0.4,2.2,0.0,0.4,0.0,0.0,0.0,0.4,0.4,0.0,0.4,0.0,0.0,0.0,0.0,0.4,0.0,0.9,0.0,0.0,0.0,0.4,0.0,0.0,0.0,0.0,0.0,1.3,0.0,0.4,0.0,0.0,0.0,0.0,0.4,0.0,0.0,0.0,0.0,0.0,0.4,0.0,0.0,0.0,0.0,0.0,0.0,0.0,0.0,0.0,0.0,0.0,0.0,0.0,0.0,0.0,0.0,0.0,0.0,0.0,0.0,0.0,0.0,0.0,0.0,0.0,0.0,0.0,0.0,0.0,0.0,0.0,0.0,0.0,0.0,0.0,0.0,0.0,0.0,0.0,0.0,0.0,0.0,0.0,0.0,0.0,0.0,0.0,0.0
2026-01-25 14:59:51,1.7,28.1,running,0.4,0.9,41.2,0.6,9.8,0.0,2.7,0.0,3.6,0.0,0.4,0.0,0.0,0.0,0.0,0.0,0.0,0.0,0.0,0.0,0.0,0.0,0.4,0.0,1.3,0.5,0.4,0.5,1.3,0.0,0.0,0.0,0.0,0.0,0.4,0.0,0.4,0.0,0.4,0.4,0.0,0.9,0.0,0.9,0.0,0.0,0.0,0.4,0.0,0.0,0.0,0.0,0.0,0.0,0.0,0.0,0.0,0.0,0.0,0.0,0.0,0.0,0.0,0.0,0.0,0.0,0.0,0.0,0.0,0.0,0.0,0.0,0.0,0.0,0.0,0.0,0.0,0.0,0.0,0.0,0.0,0.0,0.0,0.0,0.0,0.0,0.0,0.0,0.0,0.0,0.0,0.0,0.0,0.0,0.0,0.0
2026-01-25 14:59:54,1.3,21.9,running,1.8,1.3,34.2,0.0,9.8,0.4,3.1,0.5,1.3,0.0,1.3,0.0,0.9,0.4,0.0,0.0,0.0,0.0,0.0,0.0,0.0,0.4,0.0,0.0,0.4,0.4,0.0,0.4,0.9,0.0,0.0,0.0,0.0,0.0,0.4,0.0,0.0,0.0,0.0,0.0,0.0,0.0,0.0,0.0,0.4,0.0,0.4,0.0,0.0,0.0,0.0,0.0,0.0,0.0,0.0,0.0,0.0,0.0,0.0,0.0,0.0,0.0,0.0,0.0,0.0,0.0,0.0,0.0,0.0,0.0,0.0,0.0,0.0,0.0,0.0,0.0,0.0,0.0,0.0,0.0,0.0,0.0,0.0,0.0,0.0,0.0,0.0,0.0,0.0,0.0,0.0,0.0,0.0,0.0,0.0,0.0
2026-01-25 14:59:58,1.1,34.4,running,0.0,2.2,34.7,0.0,15.1,0.0,0.4,0.0,2.7,0.0,0.4,0.0,0.4,0.0,0.4,0.0,0.0,0.0,0.0,0.0,0.0,0.0,0.4,0.0,0.4,0.0,0.0,0.0,0.4,0.9,0.0,0.4,0.0,0.0,0.4,0.0,0.9,0.4,0.0,0.0,0.0,0.9,0.0,0.0,0.0,0.4,0.0,0.0,0.0,0.0,0.0,0.0,0.0,0.0,0.0,0.0,0.0,0.0,0.0,0.0,0.0,0.0,0.0,0.0,0.0,0.0,0.0,0.0,0.0,0.0,0.0,0.0,0.0,0.0,0.0,0.0,0.0,0.0,0.0,0.0,0.0,0.0,0.0,0.0,0.0,0.0,0.0,0.0,0.0,0.0,0.0,0.0,0.0,0.0,0.0,0.0
2026-01-25 15:00:01,1.5,25.0,running,1.8,1.8,43.0,0.0,8.5,0.0,4.5,0.0,2.7,0.5,1.8,0.4,0.4,0.0,0.0,0.0,0.0,0.0,0.9,0.0,0.4,0.0,0.9,0.0,0.9,0.0,0.9,0.0,0.4,0.0,0.9,0.0,0.0,0.0,0.0,0.4,1.3,0.0,0.4,0.0,0.0,0.0,0.4,0.0,0.0,0.4,0.0,0.0,0.0,0.0,0.0,0.0,0.0,0.0,0.0,0.0,0.0,0.0,0.0,0.0,0.0,0.0,0.0,0.0,0.0,0.0,0.0,0.0,0.0,0.0,0.0,0.0,0.0,0.0,0.0,0.0,0.0,0.0,0.0,0.0,0.0,0.0,0.0,0.0,0.0,0.0,0.0,0.0,0.0,0.0,0.0,0.0,0.0,0.0,0.0,0.0
2026-01-25 15:00:05,1.4,21.9,running,1.3,1.3,37.1,0.0,8.4,0.0,2.7,0.4,1.3,0.5,1.8,0.4,0.9,0.0,0.0,0.0,0.0,0.0,0.4,0.0,1.3,0.0,0.0,0.0,0.9,0.0,0.0,0.0,0.4,0.4,0.0,0.0,0.0,0.0,0.4,0.0,2.7,0.4,0.0,0.9,0.0,0.0,0.0,0.4,0.0,0.0,0.9,0.0,0.0,0.0,0.0,0.0,0.0,0.0,0.0,0.0,0.0,0.0,0.0,0.0,0.0,0.0,0.0,0.0,0.0,0.0,0.0,0.0,0.0,0.0,0.0,0.0,0.0,0.0,0.0,0.0,0.0,0.0,0.0,0.0,0.0,0.0,0.0,0.0,0.0,0.0,0.0,0.0,0.0,0.0,0.0,0.0,0.0,0.0,0.0,0.0
2026-01-25 15:00:08,1.3,31.2,running,1.8,4.0,39.1,0.0,10.7,0.0,2.7,0.0,2.7,0.0,0.0,0.4,0.0,0.4,0.0,0.0,0.0,0.0,0.0,0.9,0.0,0.0,0.0,0.0,0.9,0.0,0.0,0.0,2.2,0.0,0.0,0.0,0.0,0.0,0.9,0.4,1.3,0.0,0.4,0.0,0.0,0.0,0.0,0.4,0.0,0.0,0.0,0.0,0.0,0.0,0.0,0.0,0.0,0.0,0.0,0.0,0.0,0.0,0.0,0.0,0.0,0.0,0.0,0.0,0.0,0.0,0.0,0.0,0.0,0.0,0.0,0.0,0.0,0.0,0.0,0.0,0.0,0.0,0.0,0.0,0.0,0.0,0.0,0.0,0.0,0.0,0.0,0.0,0.0,0.0,0.0,0.0,0.0,0.0,0.0,0.0
2026-01-25 15:00:12,1.4,25.0,running,0.4,3.1,43.4,0.0,8.0,6.2,4.0,0.6,1.3,0.0,0.4,0.0,0.4,0.0,0.5,0.0,0.4,0.0,0.0,0.0,0.0,0.4,0.0,0.0,0.0,0.0,0.4,0.0,0.9,0.0,0.0,0.0,0.4,0.0,0.0,0.0,0.9,0.9,0.0,0.0,0.0,0.0,0.0,0.0,0.0,0.4,0.9,0.4,0.0,0.0,0.0,0.0,0.0,0.0,0.0,0.0,0.0,0.0,0.0,0.0,0.0,0.0,0.0,0.0,0.0,0.0,0.0,0.0,0.0,0.0,0.0,0.0,0.0,0.0,0.0,0.0,0.0,0.0,0.0,0.0,0.0,0.0,0.0,0.0,0.0,0.0,0.0,0.0,0.0,0.0,0.0,0.0,0.0,0.0,0.0,0.0
2026-01-25 15:00:15,1.2,25.0,running,0.4,0.4,37.2,0.0,4.9,0.0,2.2,0.0,0.9,0.0,0.4,0.0,0.0,0.4,0.0,0.5,0.0,0.0,0.0,0.0,0.0,0.0,0.0,0.5,0.9,0.0,0.9,0.0,0.4,0.0,0.0,0.0,0.0,0.0,0.9,0.0,1.3,0.0,0.0,0.0,0.0,0.4,0.0,0.4,0.0,0.0,0.4,0.4,0.0,0.0,0.0,0.0,0.0,0.0,0.0,0.0,0.0,0.0,0.0,0.0,0.0,0.0,0.0,0.0,0.0,0.0,0.0,0.0,0.0,0.0,0.0,0.0,0.0,0.0,0.0,0.0,0.0,0.0,0.0,0.0,0.0,0.0,0.0,0.0,0.0,0.0,0.0,0.0,0.0,0.0,0.0,0.0,0.0,0.0,0.0,0.0
2026-01-25 15:00:19,1.3,25.0,running,0.9,3.1,38.9,0.0,9.8,0.0,1.8,0.0,1.8,0.0,0.5,0.0,0.0,0.0,0.0,0.0,0.0,0.0,0.0,0.0,0.4,0.0,0.0,0.0,1.8,0.0,0.0,0.0,0.9,0.0,0.0,0.0,0.4,0.0,0.0,0.0,0.9,0.0,0.4,0.0,0.4,0.0,0.0,0.4,0.0,0.0,0.0,0.0,0.0,0.0,0.0,0.0,0.0,0.0,0.0,0.0,0.0,0.0,0.0,0.0,0.0,0.0,0.0,0.0,0.0,0.0,0.0,0.0,0.0,0.0,0.0,0.0,0.0,0.0,0.0,0.0,0.0,0.0,0.0,0.0,0.0,0.0,0.0,0.0,0.0,0.0,0.0,0.0,0.0,0.0,0.0,0.0,0.0,0.0,0.0,0.0
2026-01-25 15:00:22,1.3,28.1,running,0.9,1.8,38.4,0.0,9.8,0.0,3.1,0.0,1.3,0.4,0.8,0.0,0.9,0.0,0.4,0.0,0.0,0.0,0.0,0.0,0.0,0.4,0.4,0.0,1.8,0.0,0.0,0.0,1.8,0.0,0.0,0.0,0.4,0.0,0.0,0.0,1.3,0.0,0.4,0.0,0.0,0.0,0.0,0.4,0.0,0.4,0.4,0.0,0.0,0.0,0.0,0.0,0.0,0.0,0.0,0.0,0.0,0.0,0.0,0.0,0.0,0.0,0.0,0.0,0.0,0.0,0.0,0.0,0.0,0.0,0.0,0.0,0.0,0.0,0.0,0.0,0.0,0.0,0.0,0.0,0.0,0.0,0.0,0.0,0.0,0.0,0.0,0.0,0.0,0.0,0.0,0.0,0.0,0.0,0.0,0.0
2026-01-25 15:00:26,1.0,28.1,running,0.0,1.3,32.7,0.0,6.2,0.0,2.2,0.4,0.0,0.4,0.0,0.0,0.0,0.0,0.9,0.0,0.0,0.4,0.0,0.0,0.0,0.4,0.0,0.0,1.8,0.0,0.0,0.0,0.9,0.0,0.4,0.0,0.0,0.0,0.4,0.0,0.9,0.4,0.4,0.0,0.9,0.4,0.4,0.9,0.4,0.0,0.4,0.0,0.0,0.0,0.0,0.0,0.0,0.0,0.0,0.0,0.0,0.0,0.0,0.0,0.0,0.0,0.0,0.0,0.0,0.0,0.0,0.0,0.0,0.0,0.0,0.0,0.0,0.0,0.0,0.0,0.0,0.0,0.0,0.0,0.0,0.0,0.0,0.0,0.0,0.0,0.0,0.0,0.0,0.0,0.0,0.0,0.0,0.0,0.0,0.0
2026-01-25 15:00:29,0.9,25.0,running,0.9,2.2,39.9,0.0,13.7,0.0,3.6,0.0,4.5,0.0,7.1,0.0,4.0,0.0,0.0,0.0,0.4,0.4,0.4,0.4,0.4,0.0,0.4,0.4,0.9,0.0,0.0,0.0,0.4,0.0,0.0,0.0,0.0,0.0,0.4,0.4,0.9,0.0,0.0,0.0,0.0,0.0,0.0,0.0,0.4,0.0,0.0,0.0,0.0,0.0,0.0,0.0,0.0,0.0,0.0,0.0,0.0,0.0,0.0,0.0,0.0,0.0,0.0,0.0,0.0,0.0,0.0,0.0,0.0,0.0,0.0,0.0,0.0,0.0,0.0,0.0,0.0,0.0,0.0,0.0,0.0,0.0,0.0,0.0,0.0,0.0,0.0,0.0,0.0,0.0,0.0,0.0,0.0,0.0,0.0,0.0
2026-01-25 15:00:33,1.5,37.5,running,0.0,0.4,42.1,0.0,8.1,0.0,2.7,0.0,2.2,0.0,0.4,0.0,0.0,0.0,0.0,0.0,0.0,0.0,0.4,0.4,1.3,0.9,1.3,0.0,1.3,0.0,0.0,0.0,0.9,0.0,0.0,0.9,0.4,0.9,1.3,0.0,0.9,0.0,0.0,0.4,0.4,0.0,0.4,0.0,0.4,0.0,1.8,0.4,0.0,0.0,0.0,0.0,0.0,0.0,0.0,0.0,0.0,0.0,0.0,0.0,0.0,0.0,0.0,0.0,0.0,0.0,0.0,0.0,0.0,0.0,0.0,0.0,0.0,0.0,0.0,0.0,0.0,0.0,0.0,0.0,0.0,0.0,0.0,0.0,0.0,0.0,0.0,0.0,0.0,0.0,0.0,0.0,0.0,0.0,0.0,0.0
2026-01-25 15:00:36,1.6,37.5,running,0.0,1.3,41.8,0.0,9.7,0.0,3.5,0.4,1.3,0.0,0.4,0.4,1.3,0.0,0.0,0.0,0.0,0.0,0.0,0.4,4.0,0.4,2.2,0.4,0.9,0.0,0.0,0.0,0.9,0.0,0.0,0.4,0.9,0.0,0.0,0.0,2.2,0.0,0.0,0.0,0.4,0.0,0.0,0.0,0.9,0.0,0.4,0.0,0.0,0.0,0.0,0.0,0.0,0.0,0.0,0.0,0.0,0.0,0.0,0.0,0.0,0.0,0.0,0.0,0.0,0.0,0.0,0.0,0.0,0.0,0.0,0.0,0.0,0.0,0.0,0.0,0.0,0.0,0.0,0.0,0.0,0.0,0.0,0.0,0.0,0.0,0.0,0.0,0.0,0.0,0.0,0.0,0.0,0.0,0.0,0.0
2026-01-25 15:00:40,1.2,34.3,running,0.0,2.7,37.3,0.0,6.7,0.0,0.9,0.0,0.4,0.0,0.0,0.0,1.3,0.0,0.9,0.0,0.0,0.0,0.0,0.0,2.2,0.0,0.4,0.0,1.3,0.4,0.0,0.0,0.4,0.0,0.0,0.0,0.0,0.0,0.9,0.0,1.3,0.0,0.0,0.0,0.0,0.0,0.0,0.0,0.0,0.0,0.4,0.0,0.0,0.0,0.0,0.0,0.0,0.0,0.0,0.0,0.0,0.0,0.0,0.0,0.0,0.0,0.0,0.0,0.0,0.0,0.0,0.0,0.0,0.0,0.0,0.0,0.0,0.0,0.0,0.0,0.0,0.0,0.0,0.0,0.0,0.0,0.0,0.0,0.0,0.0,0.0,0.0,0.0,0.0,0.0,0.0,0.0,0.0,0.0,0.0
2026-01-25 15:00:43,1.7,31.2,running,0.0,2.2,42.5,0.0,9.7,0.0,1.3,0.0,2.7,0.0,0.4,0.0,0.4,0.0,0.0,0.0,0.0,1.3,0.0,0.0,0.9,0.0,0.4,0.0,0.0,0.0,0.4,0.0,0.9,0.9,0.0,0.9,0.4,0.0,0.4,0.0,1.3,0.0,0.0,0.0,0.0,0.0,0.0,0.9,0.4,0.4,0.9,0.0,0.0,0.0,0.0,0.0,0.0,0.0,0.0,0.0,0.0,0.0,0.0,0.0,0.0,0.0,0.0,0.0,0.0,0.0,0.0,0.0,0.0,0.0,0.0,0.0,0.0,0.0,0.0,0.0,0.0,0.0,0.0,0.0,0.0,0.0,0.0,0.0,0.0,0.0,0.0,0.0,0.0,0.0,0.0,0.0,0.0,0.0,0.0,0.0
2026-01-25 15:00:47,1.4,25.0,running,1.4,3.1,45.4,0.0,9.4,1.0,4.5,0.4,4.1,0.0,0.4,0.4,1.3,0.0,1.3,0.0,0.0,0.4,0.9,0.0,0.9,0.4,0.0,0.4,0.9,0.4,0.5,0.9,0.9,0.0,0.0,0.0,0.0,0.0,0.0,0.0,1.8,0.4,0.0,0.4,1.3,0.0,0.4,0.4,0.4,0.4,0.0,0.0,0.0,0.0,0.0,0.0,0.0,0.0,0.0,0.0,0.0,0.0,0.0,0.0,0.0,0.0,0.0,0.0,0.0,0.0,0.0,0.0,0.0,0.0,0.0,0.0,0.0,0.0,0.0,0.0,0.0,0.0,0.0,0.0,0.0,0.0,0.0,0.0,0.0,0.0,0.0,0.0,0.0,0.0,0.0,0.0,0.0,0.0,0.0,0.0
2026-01-25 15:00:50,1.4,46.9,running,0.0,1.8,38.5,0.4,8.5,0.0,2.2,0.0,1.3,0.0,0.4,0.0,0.0,0.0,0.0,0.0,0.0,0.4,0.0,0.0,0.9,0.0,0.0,0.0,0.4,0.0,0.0,0.0,1.3,0.0,0.0,0.0,0.0,0.4,0.0,0.0,0.9,0.0,0.0,0.0,0.0,0.4,0.0,0.0,0.0,0.0,0.0,0.0,0.0,0.0,0.0,0.0,0.0,0.0,0.0,0.0,0.0,0.0,0.0,0.0,0.0,0.0,0.0,0.0,0.0,0.0,0.0,0.0,0.0,0.0,0.0,0.0,0.0,0.0,0.0,0.0,0.0,0.0,0.0,0.0,0.0,0.0,0.0,0.0,0.0,0.0,0.0,0.0,0.0,0.0,0.0,0.0,0.0,0.0,0.0,0.0
2026-01-25 15:00:54,1.3,40.6,running,0.9,2.2,35.7,0.0,10.7,0.5,2.7,0.4,0.9,0.9,0.0,0.0,1.3,0.5,0.0,0.9,1.8,0.0,0.4,0.9,1.3,0.4,0.0,0.0,0.4,0.0,0.0,0.0,0.5,0.4,0.0,0.4,0.0,0.0,0.4,0.0,0.4,0.4,0.0,0.0,0.0,0.0,0.4,0.0,0.4,0.0,0.0,0.4,0.0,0.0,0.0,0.0,0.0,0.0,0.0,0.0,0.0,0.0,0.0,0.0,0.0,0.0,0.0,0.0,0.0,0.0,0.0,0.0,0.0,0.0,0.0,0.0,0.0,0.0,0.0,0.0,0.0,0.0,0.0,0.0,0.0,0.0,0.0,0.0,0.0,0.0,0.0,0.0,0.0,0.0,0.0,0.0,0.0,0.0,0.0,0.0
2026-01-25 15:00:57,1.9,28.1,running,0.4,3.1,41.2,0.0,9.3,0.4,2.6,0.0,1.3,0.0,0.4,0.0,0.0,0.0,0.0,0.0,0.0,0.0,0.0,0.0,0.9,0.0,0.0,0.5,1.8,0.0,0.0,0.0,0.9,0.5,0.0,1.0,0.4,0.0,0.4,0.0,0.4,0.0,0.0,0.0,0.0,1.8,0.0,0.4,0.9,0.5,0.0,0.0,0.0,0.0,0.0,0.0,0.0,0.0,0.0,0.0,0.0,0.0,0.0,0.0,0.0,0.0,0.0,0.0,0.0,0.0,0.0,0.0,0.0,0.0,0.0,0.0,0.0,0.0,0.0,0.0,0.0,0.0,0.0,0.0,0.0,0.0,0.0,0.0,0.0,0.0,0.0,0.0,0.0,0.0,0.0,0.0,0.0,0.0,0.0,0.0
2026-01-25 15:01:01,1.5,28.1,running,1.3,3.6,43.6,0.0,9.8,0.0,2.2,0.0,0.9,0.0,3.6,0.0,1.4,0.0,0.0,0.0,0.0,0.0,0.0,0.0,1.3,0.0,0.0,0.0,1.3,0.4,0.9,0.0,0.5,0.0,0.4,0.0,0.4,0.0,0.0,0.4,0.0,0.0,0.9,0.4,0.0,0.4,0.0,0.0,0.9,0.0,0.0,0.0,0.0,0.0,0.0,0.0,0.0,0.0,0.0,0.0,0.0,0.0,0.0,0.0,0.0,0.0,0.0,0.0,0.0,0.0,0.0,0.0,0.0,0.0,0.0,0.0,0.0,0.0,0.0,0.0,0.0,0.0,0.0,0.0,0.0,0.0,0.0,0.0,0.0,0.0,0.0,0.0,0.0,0.0,0.0,0.0,0.0,0.0,0.0,0.0
2026-01-25 15:01:04,2.3,43.7,running,0.4,2.2,39.1,0.0,9.4,0.4,3.1,0.4,1.3,0.0,3.6,0.0,0.9,0.5,0.4,0.9,0.9,0.4,0.9,0.9,0.9,0.4,0.0,2.2,2.2,0.4,0.9,0.0,0.9,0.0,1.8,0.0,1.3,0.4,0.0,0.0,1.3,0.4,0.0,2.2,0.0,1.8,0.0,0.5,1.3,0.4,0.0,0.4,0.0,0.0,0.0,0.0,0.0,0.0,0.0,0.0,0.0,0.0,0.0,0.0,0.0,0.0,0.0,0.0,0.0,0.0,0.0,0.0,0.0,0.0,0.0,0.0,0.0,0.0,0.0,0.0,0.0,0.0,0.0,0.0,0.0,0.0,0.0,0.0,0.0,0.0,0.0,0.0,0.0,0.0,0.0,0.0,0.0,0.0,0.0,0.0
2026-01-25 15:01:08,2.5,31.2,running,1.8,7.1,40.0,0.0,11.6,0.9,4.0,0.0,2.7,0.0,4.0,0.0,1.3,0.0,2.2,0.9,1.3,0.4,0.0,0.4,0.0,0.0,0.0,3.1,1.3,0.4,0.0,0.0,0.9,0.0,7.6,0.4,0.4,1.3,0.0,0.0,0.4,0.9,0.0,1.3,0.0,1.8,1.3,1.3,1.8,1.3,1.3,0.0,0.0,0.0,0.0,0.0,0.0,0.0,0.0,0.0,0.0,0.0,0.0,0.0,0.0,0.0,0.0,0.0,0.0,0.0,0.0,0.0,0.0,0.0,0.0,0.0,0.0,0.0,0.0,0.0,0.0,0.0,0.0,0.0,0.0,0.0,0.0,0.0,0.0,0.0,0.0,0.0,0.0,0.0,0.0,0.0,0.0,0.0,0.0,0.0
2026-01-25 15:01:11,2.8,34.3,running,0.4,6.6,42.0,0.0,12.9,0.0,4.4,0.0,2.2,0.0,4.9,0.0,0.9,0.4,0.9,0.9,1.3,0.0,0.4,0.9,0.4,0.0,0.0,1.3,2.2,0.0,2.2,0.0,1.8,0.4,3.1,0.4,0.4,0.0,0.0,0.0,0.9,0.0,0.0,3.1,0.9,0.0,1.8,1.3,0.4,0.0,3.6,0.0,0.0,0.0,0.0,0.0,0.0,0.0,0.0,0.0,0.0,0.0,0.0,0.0,0.0,0.0,0.0,0.0,0.0,0.0,0.0,0.0,0.0,0.0,0.0,0.0,0.0,0.0,0.0,0.0,0.0,0.0,0.0,0.0,0.0,0.0,0.0,0.0,0.0,0.0,0.0,0.0,0.0,0.0,0.0,0.0,0.0,0.0,0.0,0.0
2026-01-25 15:01:15,1.8,21.9,running,1.4,11.1,39.9,1.3,16.9,0.4,6.7,1.3,3.1,0.0,8.9,2.2,2.7,0.0,2.2,1.8,1.8,0.0,2.7,0.0,0.9,0.9,3.6,5.8,3.1,0.0,4.0,0.4,2.7,1.3,14.7,2.7,1.8,1.8,1.3,2.7,1.3,0.0,2.2,2.7,0.0,2.2,1.3,0.9,1.8,0.4,5.8,0.9,0.0,0.0,0.0,0.0,0.0,0.0,0.0,0.0,0.0,0.0,0.0,0.0,0.0,0.0,0.0,0.0,0.0,0.0,0.0,0.0,0.0,0.0,0.0,0.0,0.0,0.0,0.0,0.0,0.0,0.0,0.0,0.0,0.0,0.0,0.0,0.0,0.0,0.0,0.0,0.0,0.0,0.0,0.0,0.0,0.0,0.0,0.0,0.0
2026-01-25 15:01:18,5.5,28.1,running,4.0,16.1,35.7,0.4,15.6,0.0,5.4,0.4,1.8,1.8,15.2,2.2,8.4,0.4,4.9,0.4,3.6,1.3,2.2,0.4,0.9,1.3,5.4,0.9,3.1,0.4,2.7,0.0,4.0,0.4,16.5,0.4,1.8,0.4,1.3,1.3,1.8,1.3,0.4,3.5,1.3,0.0,2.7,1.8,0.9,1.3,8.9,4.0,0.0,0.0,0.0,0.0,0.0,0.0,0.0,0.0,0.0,0.0,0.0,0.0,0.0,0.0,0.0,0.0,0.0,0.0,0.0,0.0,0.0,0.0,0.0,0.0,0.0,0.0,0.0,0.0,0.0,0.0,0.0,0.0,0.0,0.0,0.0,0.0,0.0,0.0,0.0,0.0,0.0,0.0,0.0,0.0,0.0,0.0,0.0,0.0
2026-01-25 15:01:22,1.9,28.1,running,1.8,10.3,40.7,0.0,12.8,0.0,5.3,0.0,3.1,0.4,7.6,0.5,1.3,0.0,0.4,0.0,1.3,0.0,0.5,0.5,0.0,1.5,1.3,1.0,1.8,0.5,2.7,0.5,1.8,0.9,2.3,1.4,1.3,0.0,0.0,0.5,2.2,0.0,0.0,0.0,1.3,1.8,1.4,0.0,0.9,0.5,4.4,1.3,0.0,0.0,0.0,0.0,0.0,0.0,0.0,0.0,0.0,0.0,0.0,0.0,0.0,0.0,0.0,0.0,0.0,0.0,0.0,0.0,0.0,0.0,0.0,0.0,0.0,0.0,0.0,0.0,0.0,0.0,0.0,0.0,0.0,0.0,0.0,0.0,0.0,0.0,0.0,0.0,0.0,0.0,0.0,0.0,0.0,0.0,0.0,0.0
2026-01-25 15:01:25,1.3,43.7,running,0.0,1.8,30.8,0.0,7.1,0.0,2.2,0.0,0.9,0.0,1.8,0.0,0.4,0.8,0.4,0.4,0.0,0.0,0.9,0.0,0.9,0.0,0.0,0.0,0.4,0.0,1.8,0.4,0.9,0.9,0.9,0.0,0.0,0.0,0.0,0.0,0.4,0.0,0.9,0.0,0.4,0.0,0.9,0.4,0.4,0.0,1.3,0.0,0.0,0.0,0.0,0.0,0.0,0.0,0.0,0.0,0.0,0.0,0.0,0.0,0.0,0.0,0.0,0.0,0.0,0.0,0.0,0.0,0.0,0.0,0.0,0.0,0.0,0.0,0.0,0.0,0.0,0.0,0.0,0.0,0.0,0.0,0.0,0.0,0.0,0.0,0.0,0.0,0.0,0.0,0.0,0.0,0.0,0.0,0.0,0.0
2026-01-25 15:01:29,1.1,21.9,running,1.8,8.0,35.7,0.0,9.8,0.4,3.1,0.9,0.9,0.9,5.9,0.9,0.9,0.9,2.7,0.4,2.7,0.0,0.0,0.9,0.9,0.4,0.9,4.9,4.0,0.4,0.9,0.0,0.4,0.4,0.9,0.4,0.0,1.3,0.9,0.0,0.4,0.4,0.0,0.0,0.0,0.9,0.4,1.3,0.9,0.4,3.2,0.0,0.0,0.0,0.0,0.0,0.0,0.0,0.0,0.0,0.0,0.0,0.0,0.0,0.0,0.0,0.0,0.0,0.0,0.0,0.0,0.0,0.0,0.0,0.0,0.0,0.0,0.0,0.0,0.0,0.0,0.0,0.0,0.0,0.0,0.0,0.0,0.0,0.0,0.0,0.0,0.0,0.0,0.0,0.0,0.0,0.0,0.0,0.0,0.0
2026-01-25 15:01:32,1.3,28.1,running,0.0,2.2,41.9,0.0,9.3,0.0,0.0,0.0,0.0,0.0,1.3,0.0,0.9,0.0,0.0,0.5,0.0,0.4,0.0,0.4,0.0,0.0,0.0,0.0,0.9,0.0,0.4,0.0,1.3,0.0,1.8,0.0,0.4,0.0,0.0,0.0,0.0,0.0,0.4,0.0,0.0,0.0,0.0,0.0,0.0,0.0,0.0,0.0,0.0,0.0,0.0,0.0,0.0,0.0,0.0,0.0,0.0,0.0,0.0,0.0,0.0,0.0,0.0,0.0,0.0,0.0,0.0,0.0,0.0,0.0,0.0,0.0,0.0,0.0,0.0,0.0,0.0,0.0,0.0,0.0,0.0,0.0,0.0,0.0,0.0,0.0,0.0,0.0,0.0,0.0,0.0,0.0,0.0,0.0,0.0,0.0
2026-01-25 15:01:36,1.2,34.3,running,0.0,4.9,33.8,0.0,7.6,0.0,1.3,0.0,0.9,0.0,1.3,0.4,0.0,0.0,0.0,0.0,0.0,0.0,0.0,0.0,0.0,0.0,0.0,0.0,1.3,0.0,0.0,0.0,0.9,0.0,0.9,0.4,0.0,0.0,0.4,0.0,0.0,0.4,0.0,0.0,0.4,0.0,0.0,0.0,0.0,0.0,0.4,0.0,0.0,0.0,0.0,0.0,0.0,0.0,0.0,0.0,0.0,0.0,0.0,0.0,0.0,0.0,0.0,0.0,0.0,0.0,0.0,0.0,0.0,0.0,0.0,0.0,0.0,0.0,0.0,0.0,0.0,0.0,0.0,0.0,0.0,0.0,0.0,0.0,0.0,0.0,0.0,0.0,0.0,0.0,0.0,0.0,0.0,0.0,0.0,0.0
2026-01-25 15:01:39,0.8,31.2,running,0.0,2.2,44.3,0.0,5.8,0.9,1.3,0.0,0.9,0.0,1.3,0.4,1.3,0.9,0.0,0.0,0.0,0.0,0.0,0.0,0.0,0.0,0.4,0.0,0.4,0.0,0.4,0.0,0.9,0.4,0.5,0.4,0.0,0.0,0.4,0.0,2.2,0.0,0.0,0.0,0.4,0.0,0.0,0.0,0.0,0.0,0.0,0.0,0.0,0.0,0.0,0.0,0.0,0.0,0.0,0.0,0.0,0.0,0.0,0.0,0.0,0.0,0.0,0.0,0.0,0.0,0.0,0.0,0.0,0.0,0.0,0.0,0.0,0.0,0.0,0.0,0.0,0.0,0.0,0.0,0.0,0.0,0.0,0.0,0.0,0.0,0.0,0.0,0.0,0.0,0.0,0.0,0.0,0.0,0.0,0.0
2026-01-25 15:01:43,1.7,25.0,running,0.0,4.4,39.7,0.4,11.6,0.4,4.0,0.4,3.1,0.0,0.9,0.0,0.0,0.0,0.0,0.0,0.0,0.0,0.4,0.0,0.0,0.0,0.0,0.4,0.9,0.0,0.0,0.0,0.5,0.0,0.0,0.0,0.4,0.0,0.4,0.0,0.4,0.0,0.9,0.4,0.0,0.4,0.0,0.4,0.0,0.4,0.9,0.0,0.0,0.0,0.0,0.0,0.0,0.0,0.0,0.0,0.0,0.0,0.0,0.0,0.0,0.0,0.0,0.0,0.0,0.0,0.0,0.0,0.0,0.0,0.0,0.0,0.0,0.0,0.0,0.0,0.0,0.0,0.0,0.0,0.0,0.0,0.0,0.0,0.0,0.0,0.0,0.0,0.0,0.0,0.0,0.0,0.0,0.0,0.0,0.0
2026-01-25 15:01:46,1.5,31.2,running,0.0,3.1,37.8,0.0,6.7,0.0,2.7,0.0,1.3,0.0,1.3,0.0,0.0,0.0,0.0,0.0,0.0,0.4,0.4,0.0,0.0,0.0,0.0,0.0,1.3,0.0,0.4,0.4,0.0,0.4,0.0,0.0,0.4,0.0,0.0,0.0,0.0,0.0,0.0,0.0,0.0,0.0,0.9,0.4,0.4,0.0,0.4,0.0,0.0,0.0,0.0,0.0,0.0,0.0,0.0,0.0,0.0,0.0,0.0,0.0,0.0,0.0,0.0,0.0,0.0,0.0,0.0,0.0,0.0,0.0,0.0,0.0,0.0,0.0,0.0,0.0,0.0,0.0,0.0,0.0,0.0,0.0,0.0,0.0,0.0,0.0,0.0,0.0,0.0,0.0,0.0,0.0,0.0,0.0,0.0,0.0
2026-01-25 15:01:50,1.4,37.5,running,1.3,4.0,40.4,0.0,6.2,0.0,2.2,0.0,1.8,0.0,0.4,0.0,0.4,0.9,0.4,0.4,0.0,0.0,0.0,0.0,0.4,0.0,0.0,0.0,1.8,0.0,0.0,0.0,0.5,0.0,1.8,0.0,0.0,0.0,0.0,0.0,1.3,0.0,0.0,0.0,0.0,0.0,0.0,0.0,0.0,0.0,0.0,0.4,0.0,0.0,0.0,0.0,0.0,0.0,0.0,0.0,0.0,0.0,0.0,0.0,0.0,0.0,0.0,0.0,0.0,0.0,0.0,0.0,0.0,0.0,0.0,0.0,0.0,0.0,0.0,0.0,0.0,0.0,0.0,0.0,0.0,0.0,0.0,0.0,0.0,0.0,0.0,0.0,0.0,0.0,0.0,0.0,0.0,0.0,0.0,0.0
2026-01-25 15:01:53,1.2,25.0,running,0.4,2.2,33.8,0.6,7.6,0.4,0.9,0.0,0.0,0.0,1.3,0.0,0.9,0.0,0.0,0.0,0.0,0.0,0.0,0.0,0.4,0.0,0.0,0.4,1.3,0.0,0.0,0.4,0.4,0.0,0.0,0.0,0.0,0.0,0.4,0.0,0.9,0.0,0.9,0.4,0.9,0.4,0.0,0.0,0.4,0.4,0.4,0.4,0.0,0.0,0.0,0.0,0.0,0.0,0.0,0.0,0.0,0.0,0.0,0.0,0.0,0.0,0.0,0.0,0.0,0.0,0.0,0.0,0.0,0.0,0.0,0.0,0.0,0.0,0.0,0.0,0.0,0.0,0.0,0.0,0.0,0.0,0.0,0.0,0.0,0.0,0.0,0.0,0.0,0.0,0.0,0.0,0.0,0.0,0.0,0.0
2026-01-25 15:01:57,1.9,31.2,running,0.0,4.5,40.5,0.0,10.6,0.0,2.7,0.0,3.1,0.0,0.9,0.0,0.0,0.0,0.4,0.0,0.0,0.0,0.0,0.4,0.4,0.0,0.0,0.0,0.9,0.0,0.0,0.0,1.3,0.0,0.4,0.4,0.4,0.4,0.0,0.0,0.9,0.0,0.0,0.0,0.0,0.0,0.0,0.0,0.0,0.4,0.0,0.0,0.0,0.0,0.0,0.0,0.0,0.0,0.0,0.0,0.0,0.0,0.0,0.0,0.0,0.0,0.0,0.0,0.0,0.0,0.0,0.0,0.0,0.0,0.0,0.0,0.0,0.0,0.0,0.0,0.0,0.0,0.0,0.0,0.0,0.0,0.0,0.0,0.0,0.0,0.0,0.0,0.0,0.0,0.0,0.0,0.0,0.0,0.0,0.0
2026-01-25 15:02:00,1.4,21.9,running,0.4,2.7,36.0,0.0,10.7,0.0,2.7,0.4,0.4,0.4,0.9,0.0,0.0,0.9,0.0,0.4,0.0,0.0,0.0,0.0,0.4,0.0,0.0,0.4,1.3,0.4,0.0,0.0,0.9,0.0,1.8,0.0,0.0,0.0,0.4,0.0,0.9,0.0,0.4,0.4,0.0,0.0,0.0,0.9,0.0,0.0,0.0,0.4,0.0,0.0,0.0,0.0,0.0,0.0,0.0,0.0,0.0,0.0,0.0,0.0,0.0,0.0,0.0,0.0,0.0,0.0,0.0,0.0,0.0,0.0,0.0,0.0,0.0,0.0,0.0,0.0,0.0,0.0,0.0,0.0,0.0,0.0,0.0,0.0,0.0,0.0,0.0,0.0,0.0,0.0,0.0,0.0,0.0,0.0,0.0,0.0
2026-01-25 15:02:04,1.7,50.0,running,1.3,1.8,42.7,0.0,5.8,0.0,1.8,0.4,1.8,0.0,0.0,0.0,0.0,0.0,0.0,0.0,0.0,0.0,0.0,0.4,0.0,0.0,0.0,0.0,1.3,0.0,0.4,0.0,0.4,0.0,0.9,0.0,0.0,0.0,0.0,0.5,0.9,0.0,0.0,0.4,0.0,0.0,0.0,0.0,0.4,0.5,0.0,0.0,0.0,0.0,0.0,0.0,0.0,0.0,0.0,0.0,0.0,0.0,0.0,0.0,0.0,0.0,0.0,0.0,0.0,0.0,0.0,0.0,0.0,0.0,0.0,0.0,0.0,0.0,0.0,0.0,0.0,0.0,0.0,0.0,0.0,0.0,0.0,0.0,0.0,0.0,0.0,0.0,0.0,0.0,0.0,0.0,0.0,0.0,0.0,0.0
2026-01-25 15:02:07,1.8,31.2,running,1.3,1.8,45.4,0.0,10.7,0.0,2.2,0.0,2.7,0.0,0.9,0.0,0.4,0.9,0.0,0.0,0.0,0.0,0.0,0.9,0.0,0.4,0.4,0.4,0.0,0.8,0.4,0.8,0.9,0.0,0.4,0.0,0.9,0.0,0.4,0.0,0.9,0.0,0.0,0.4,0.0,1.8,0.0,0.9,0.4,0.0,0.9,0.0,0.0,0.0,0.0,0.0,0.0,0.0,0.0,0.0,0.0,0.0,0.0,0.0,0.0,0.0,0.0,0.0,0.0,0.0,0.0,0.0,0.0,0.0,0.0,0.0,0.0,0.0,0.0,0.0,0.0,0.0,0.0,0.0,0.0,0.0,0.0,0.0,0.0,0.0,0.0,0.0,0.0,0.0,0.0,0.0,0.0,0.0,0.0,0.0
2026-01-25 15:02:11,1.3,37.5,running,0.4,1.8,37.9,0.0,6.3,0.4,2.2,0.0,1.8,0.4,0.4,0.0,0.0,0.0,0.0,0.4,0.0,0.4,0.0,0.0,0.9,0.0,0.4,0.4,0.4,0.0,0.4,0.0,0.9,0.0,0.4,0.0,0.0,0.9,0.4,0.0,1.3,0.4,0.9,0.9,0.0,1.3,0.0,0.4,0.0,0.0,0.0,0.0,0.0,0.0,0.0,0.0,0.0,0.0,0.0,0.0,0.0,0.0,0.0,0.0,0.0,0.0,0.0,0.0,0.0,0.0,0.0,0.0,0.0,0.0,0.0,0.0,0.0,0.0,0.0,0.0,0.0,0.0,0.0,0.0,0.0,0.0,0.0,0.0,0.0,0.0,0.0,0.0,0.0,0.0,0.0,0.0,0.0,0.0,0.0,0.0
2026-01-25 15:02:14,1.3,12.5,running,2.2,2.2,40.3,0.0,9.7,0.0,2.7,0.0,1.4,0.0,1.8,0.4,0.0,0.0,0.9,0.0,0.4,0.0,0.0,0.0,0.9,0.0,0.0,0.0,0.9,0.0,1.3,0.0,0.4,0.0,1.3,0.0,0.5,0.0,0.0,0.0,1.3,0.0,0.4,0.0,0.0,0.0,0.4,0.9,0.0,0.4,1.3,0.0,0.0,0.0,0.0,0.0,0.0,0.0,0.0,0.0,0.0,0.0,0.0,0.0,0.0,0.0,0.0,0.0,0.0,0.0,0.0,0.0,0.0,0.0,0.0,0.0,0.0,0.0,0.0,0.0,0.0,0.0,0.0,0.0,0.0,0.0,0.0,0.0,0.0,0.0,0.0,0.0,0.0,0.0,0.0,0.0,0.0,0.0,0.0,0.0
2026-01-25 15:02:18,1.4,34.3,running,1.3,3.1,38.1,0.0,8.9,0.0,3.1,0.0,1.3,0.0,1.8,0.0,0.0,0.9,0.0,0.0,0.0,0.0,0.0,0.9,0.0,0.4,0.0,0.0,0.0,0.0,0.0,0.0,0.0,0.0,0.0,0.0,0.0,0.0,0.4,0.0,0.0,0.0,0.4,0.0,0.0,0.4,0.0,0.0,0.0,0.0,1.3,0.4,0.0,0.0,0.0,0.0,0.0,0.0,0.0,0.0,0.0,0.0,0.0,0.0,0.0,0.0,0.0,0.0,0.0,0.0,0.0,0.0,0.0,0.0,0.0,0.0,0.0,0.0,0.0,0.0,0.0,0.0,0.0,0.0,0.0,0.0,0.0,0.0,0.0,0.0,0.0,0.0,0.0,0.0,0.0,0.0,0.0,0.0,0.0,0.0
2026-01-25 15:02:21,1.5,34.3,running,1.3,2.7,41.4,0.0,9.4,0.0,2.2,0.4,2.2,0.0,3.5,0.0,1.3,0.0,0.4,0.0,0.0,0.0,0.0,0.0,0.0,0.0,0.0,0.0,0.9,0.0,0.0,0.0,0.9,0.0,0.9,0.0,0.9,0.0,0.0,0.0,0.4,0.0,0.0,0.0,0.0,0.0,0.4,0.4,0.9,0.0,0.9,0.4,0.0,0.0,0.0,0.0,0.0,0.0,0.0,0.0,0.0,0.0,0.0,0.0,0.0,0.0,0.0,0.0,0.0,0.0,0.0,0.0,0.0,0.0,0.0,0.0,0.0,0.0,0.0,0.0,0.0,0.0,0.0,0.0,0.0,0.0,0.0,0.0,0.0,0.0,0.0,0.0,0.0,0.0,0.0,0.0,0.0,0.0,0.0,0.0
2026-01-25 15:02:25,1.6,40.6,running,0.9,1.8,38.5,0.0,9.4,0.0,2.2,0.0,0.9,0.0,0.9,0.0,0.4,0.0,0.4,0.0,0.0,0.4,0.0,0.4,0.0,0.9,0.0,0.9,1.3,0.9,0.4,0.0,0.9,0.0,1.8,0.4,0.4,0.0,0.0,0.0,0.9,0.0,0.4,0.0,0.4,0.4,0.0,0.0,0.0,0.9,0.0,0.0,0.0,0.0,0.0,0.0,0.0,0.0,0.0,0.0,0.0,0.0,0.0,0.0,0.0,0.0,0.0,0.0,0.0,0.0,0.0,0.0,0.0,0.0,0.0,0.0,0.0,0.0,0.0,0.0,0.0,0.0,0.0,0.0,0.0,0.0,0.0,0.0,0.0,0.0,0.0,0.0,0.0,0.0,0.0,0.0,0.0,0.0,0.0,0.0
2026-01-25 15:02:28,1.4,28.1,running,0.4,5.8,40.0,0.0,11.5,0.0,2.7,0.4,2.2,0.5,0.4,0.0,0.0,0.0,0.0,0.0,0.0,0.4,0.0,0.0,0.9,0.0,0.0,0.0,0.5,0.0,0.0,0.0,0.9,0.0,0.5,0.5,0.4,0.5,0.5,0.0,0.5,0.5,0.0,0.4,0.4,0.0,0.0,0.0,0.0,0.0,0.4,0.0,0.0,0.0,0.0,0.0,0.0,0.0,0.0,0.0,0.0,0.0,0.0,0.0,0.0,0.0,0.0,0.0,0.0,0.0,0.0,0.0,0.0,0.0,0.0,0.0,0.0,0.0,0.0,0.0,0.0,0.0,0.0,0.0,0.0,0.0,0.0,0.0,0.0,0.0,0.0,0.0,0.0,0.0,0.0,0.0,0.0,0.0,0.0,0.0
2026-01-25 15:02:32,1.3,28.1,running,0.9,4.0,41.0,0.0,7.1,0.0,0.9,0.0,1.8,0.0,1.3,0.0,0.9,0.4,0.4,0.0,0.0,0.0,0.0,0.0,0.4,0.0,0.0,0.0,1.3,0.0,0.0,0.0,1.3,0.0,0.4,0.0,0.0,0.0,0.0,0.0,0.0,0.0,0.0,0.0,0.4,0.0,0.0,0.0,0.4,0.0,0.4,0.0,0.0,0.0,0.0,0.0,0.0,0.0,0.0,0.0,0.0,0.0,0.0,0.0,0.0,0.0,0.0,0.0,0.0,0.0,0.0,0.0,0.0,0.0,0.0,0.0,0.0,0.0,0.0,0.0,0.0,0.0,0.0,0.0,0.0,0.0,0.0,0.0,0.0,0.0,0.0,0.0,0.0,0.0,0.0,0.0,0.0,0.0,0.0,0.0
2026-01-25 15:02:35,2.0,31.2,running,0.4,5.4,44.7,0.0,7.6,0.0,4.4,0.0,2.2,0.0,0.9,0.4,0.4,0.0,0.4,0.4,0.0,0.4,0.0,0.0,0.0,0.0,0.4,0.0,1.3,0.0,1.3,0.0,0.9,0.0,0.9,0.0,0.4,0.0,0.0,0.0,1.3,0.0,0.0,0.0,0.4,0.0,0.4,0.0,0.0,0.0,0.9,0.0,0.0,0.0,0.0,0.0,0.0,0.0,0.0,0.0,0.0,0.0,0.0,0.0,0.0,0.0,0.0,0.0,0.0,0.0,0.0,0.0,0.0,0.0,0.0,0.0,0.0,0.0,0.0,0.0,0.0,0.0,0.0,0.0,0.0,0.0,0.0,0.0,0.0,0.0,0.0,0.0,0.0,0.0,0.0,0.0,0.0,0.0,0.0,0.0
2026-01-25 15:02:39,1.1,21.8,running,0.4,0.9,36.3,0.0,8.8,0.0,2.2,0.0,0.4,0.0,0.4,0.0,0.0,0.0,0.4,0.0,0.0,0.0,0.0,0.4,0.0,0.0,0.4,0.0,0.9,0.0,0.4,0.0,1.7,0.0,0.9,0.0,0.0,0.0,0.0,0.0,0.4,0.0,0.0,0.4,0.4,0.0,0.0,0.0,0.0,0.0,0.4,0.4,0.0,0.0,0.0,0.0,0.0,0.0,0.0,0.0,0.0,0.0,0.0,0.0,0.0,0.0,0.0,0.0,0.0,0.0,0.0,0.0,0.0,0.0,0.0,0.0,0.0,0.0,0.0,0.0,0.0,0.0,0.0,0.0,0.0,0.0,0.0,0.0,0.0,0.0,0.0,0.0,0.0,0.0,0.0,0.0,0.0,0.0,0.0,0.0
2026-01-25 15:02:42,1.7,18.7,running,0.4,4.0,40.7,0.4,11.6,0.0,3.6,0.8,2.2,0.4,0.0,0.0,0.4,0.4,0.0,0.0,0.0,0.0,0.0,0.9,0.0,0.0,0.0,0.4,2.2,0.4,0.9,0.0,0.4,0.0,0.4,0.4,0.4,0.0,0.0,0.0,0.9,0.0,0.0,0.0,0.4,0.4,0.0,0.0,0.0,0.0,0.0,0.0,0.0,0.0,0.0,0.0,0.0,0.0,0.0,0.0,0.0,0.0,0.0,0.0,0.0,0.0,0.0,0.0,0.0,0.0,0.0,0.0,0.0,0.0,0.0,0.0,0.0,0.0,0.0,0.0,0.0,0.0,0.0,0.0,0.0,0.0,0.0,0.0,0.0,0.0,0.0,0.0,0.0,0.0,0.0,0.0,0.0,0.0,0.0,0.0
2026-01-25 15:02:46,1.4,28.1,running,0.9,2.7,35.6,0.0,7.6,0.0,2.2,0.4,2.2,0.0,1.3,0.0,0.4,0.0,0.4,0.0,0.0,0.0,0.0,0.0,0.0,0.0,0.4,0.0,0.9,0.0,0.0,0.0,0.0,0.0,1.3,0.0,0.0,0.0,0.0,0.0,0.4,0.0,0.0,0.0,0.0,0.0,0.0,0.0,0.0,0.0,0.0,0.4,0.0,0.0,0.0,0.0,0.0,0.0,0.0,0.0,0.0,0.0,0.0,0.0,0.0,0.0,0.0,0.0,0.0,0.0,0.0,0.0,0.0,0.0,0.0,0.0,0.0,0.0,0.0,0.0,0.0,0.0,0.0,0.0,0.0,0.0,0.0,0.0,0.0,0.0,0.0,0.0,0.0,0.0,0.0,0.0,0.0,0.0,0.0,0.0
2026-01-25 15:02:49,1.1,37.5,running,0.0,4.0,38.1,0.0,11.9,0.0,3.5,0.0,2.2,0.0,0.4,0.0,0.4,0.0,0.4,0.0,0.0,0.0,0.0,0.0,0.0,0.0,0.0,0.0,0.9,0.0,0.4,0.0,1.3,0.0,1.3,0.4,0.4,0.0,0.0,0.0,0.4,0.0,0.0,1.3,0.4,1.3,0.0,0.0,0.0,0.0,0.0,0.0,0.0,0.0,0.0,0.0,0.0,0.0,0.0,0.0,0.0,0.0,0.0,0.0,0.0,0.0,0.0,0.0,0.0,0.0,0.0,0.0,0.0,0.0,0.0,0.0,0.0,0.0,0.0,0.0,0.0,0.0,0.0,0.0,0.0,0.0,0.0,0.0,0.0,0.0,0.0,0.0,0.0,0.0,0.0,0.0,0.0,0.0,0.0,0.0
2026-01-25 15:02:53,1.5,40.6,running,1.8,2.7,41.7,0.0,9.9,0.0,1.8,0.0,1.3,0.0,2.2,0.9,0.9,0.0,0.0,0.0,0.0,0.0,0.0,0.4,0.0,0.4,0.0,0.0,0.0,0.0,0.9,0.0,0.9,0.4,0.0,0.0,0.4,0.0,0.0,0.0,0.0,0.4,0.4,0.0,0.0,0.0,0.0,0.0,0.0,0.0,0.0,0.0,0.0,0.0,0.0,0.0,0.0,0.0,0.0,0.0,0.0,0.0,0.0,0.0,0.0,0.0,0.0,0.0,0.0,0.0,0.0,0.0,0.0,0.0,0.0,0.0,0.0,0.0,0.0,0.0,0.0,0.0,0.0,0.0,0.0,0.0,0.0,0.0,0.0,0.0,0.0,0.0,0.0,0.0,0.0,0.0,0.0,0.0,0.0,0.0
2026-01-25 15:02:56,1.4,34.3,running,0.0,2.7,38.2,0.0,9.3,0.0,2.2,0.0,0.9,0.0,0.9,0.0,0.0,0.4,0.0,0.0,0.0,0.0,0.0,0.0,0.0,0.0,0.0,0.0,1.8,0.0,0.0,0.0,1.3,0.0,1.3,0.0,0.9,0.4,1.3,0.0,1.8,0.0,0.0,0.0,0.0,0.9,0.0,0.0,0.4,0.9,0.4,0.0,0.0,0.0,0.0,0.0,0.0,0.0,0.0,0.0,0.0,0.0,0.0,0.0,0.0,0.0,0.0,0.0,0.0,0.0,0.0,0.0,0.0,0.0,0.0,0.0,0.0,0.0,0.0,0.0,0.0,0.0,0.0,0.0,0.0,0.0,0.0,0.0,0.0,0.0,0.0,0.0,0.0,0.0,0.0,0.0,0.0,0.0,0.0,0.0
2026-01-25 15:03:00,1.6,31.2,running,0.4,4.0,38.1,0.0,7.6,0.0,1.8,0.4,2.7,0.4,0.9,0.0,0.0,0.4,0.0,0.4,0.0,0.0,0.4,0.0,0.4,0.0,0.0,0.0,0.9,0.0,0.0,0.0,1.3,0.0,0.9,0.0,0.0,0.4,2.2,0.0,1.3,1.3,0.4,0.0,0.4,0.0,0.0,0.0,0.4,0.4,0.0,0.0,0.0,0.0,0.0,0.0,0.0,0.0,0.0,0.0,0.0,0.0,0.0,0.0,0.0,0.0,0.0,0.0,0.0,0.0,0.0,0.0,0.0,0.0,0.0,0.0,0.0,0.0,0.0,0.0,0.0,0.0,0.0,0.0,0.0,0.0,0.0,0.0,0.0,0.0,0.0,0.0,0.0,0.0,0.0,0.0,0.0,0.0,0.0,0.0
2026-01-25 15:03:03,1.3,37.5,running,0.4,3.6,39.1,0.0,11.6,0.0,3.6,0.0,1.8,0.0,0.9,0.0,0.4,0.9,0.0,0.4,0.0,0.4,0.0,0.0,0.0,0.0,0.0,0.0,1.3,0.0,0.0,0.0,0.4,0.0,1.3,0.0,0.4,0.4,0.4,0.0,1.3,0.0,0.0,0.4,0.0,0.4,0.0,0.0,0.0,0.0,0.0,0.0,0.0,0.0,0.0,0.0,0.0,0.0,0.0,0.0,0.0,0.0,0.0,0.0,0.0,0.0,0.0,0.0,0.0,0.0,0.0,0.0,0.0,0.0,0.0,0.0,0.0,0.0,0.0,0.0,0.0,0.0,0.0,0.0,0.0,0.0,0.0,0.0,0.0,0.0,0.0,0.0,0.0,0.0,0.0,0.0,0.0,0.0,0.0,0.0
2026-01-25 15:03:07,2.1,40.6,running,0.0,4.5,40.5,0.0,6.6,0.0,4.9,0.0,1.8,0.4,3.1,0.0,0.4,0.4,0.0,0.0,0.4,0.0,0.0,0.9,0.4,0.0,0.9,0.0,1.8,0.0,0.4,0.0,0.4,0.4,1.8,0.0,0.4,0.0,0.0,0.0,0.0,0.0,0.0,0.0,0.0,0.4,0.0,0.9,0.4,0.0,1.8,0.4,0.0,0.0,0.0,0.0,0.0,0.0,0.0,0.0,0.0,0.0,0.0,0.0,0.0,0.0,0.0,0.0,0.0,0.0,0.0,0.0,0.0,0.0,0.0,0.0,0.0,0.0,0.0,0.0,0.0,0.0,0.0,0.0,0.0,0.0,0.0,0.0,0.0,0.0,0.0,0.0,0.0,0.0,0.0,0.0,0.0,0.0,0.0,0.0
2026-01-25 15:03:10,1.5,25.0,running,0.9,3.1,42.2,0.0,12.5,0.0,2.2,0.4,1.3,0.4,1.8,0.0,0.0,0.0,0.0,0.4,0.0,0.0,0.0,0.0,0.9,0.4,0.4,0.0,1.3,0.0,1.3,0.4,0.9,0.0,1.3,0.0,0.9,0.9,0.0,0.0,0.4,0.0,0.0,0.4,0.4,0.4,0.4,1.3,0.0,0.4,0.0,0.0,0.0,0.0,0.0,0.0,0.0,0.0,0.0,0.0,0.0,0.0,0.0,0.0,0.0,0.0,0.0,0.0,0.0,0.0,0.0,0.0,0.0,0.0,0.0,0.0,0.0,0.0,0.0,0.0,0.0,0.0,0.0,0.0,0.0,0.0,0.0,0.0,0.0,0.0,0.0,0.0,0.0,0.0,0.0,0.0,0.0,0.0,0.0,0.0
2026-01-25 15:03:14,1.3,18.7,running,1.8,5.4,37.4,0.0,8.5,0.0,0.4,0.0,2.2,0.0,0.9,0.0,0.0,0.0,0.0,0.0,1.8,0.0,0.4,0.0,0.0,0.0,0.4,0.0,1.8,0.0,0.0,0.0,0.9,0.0,1.3,0.0,0.4,0.0,0.4,0.0,0.9,0.0,0.4,0.0,0.0,0.4,0.0,0.0,1.3,0.9,0.9,0.0,0.0,0.0,0.0,0.0,0.0,0.0,0.0,0.0,0.0,0.0,0.0,0.0,0.0,0.0,0.0,0.0,0.0,0.0,0.0,0.0,0.0,0.0,0.0,0.0,0.0,0.0,0.0,0.0,0.0,0.0,0.0,0.0,0.0,0.0,0.0,0.0,0.0,0.0,0.0,0.0,0.0,0.0,0.0,0.0,0.0,0.0,0.0,0.0
2026-01-25 15:03:17,1.9,31.2,running,0.4,5.4,42.4,0.0,11.6,0.0,4.0,0.0,3.6,0.4,1.3,0.0,0.0,0.0,0.4,0.0,0.4,0.0,0.4,0.0,0.0,0.0,0.0,0.0,0.4,0.0,0.0,0.0,0.4,0.0,1.3,0.4,0.0,0.9,2.2,0.0,0.0,0.0,0.0,0.9,0.0,0.0,0.0,0.4,0.0,0.0,0.4,0.0,0.0,0.0,0.0,0.0,0.0,0.0,0.0,0.0,0.0,0.0,0.0,0.0,0.0,0.0,0.0,0.0,0.0,0.0,0.0,0.0,0.0,0.0,0.0,0.0,0.0,0.0,0.0,0.0,0.0,0.0,0.0,0.0,0.0,0.0,0.0,0.0,0.0,0.0,0.0,0.0,0.0,0.0,0.0,0.0,0.0,0.0,0.0,0.0
2026-01-25 15:03:21,1.1,37.4,running,0.0,1.8,38.9,0.0,10.8,0.0,1.8,0.0,2.2,0.0,0.4,0.0,0.0,0.0,0.0,0.0,0.4,0.0,0.4,0.0,0.0,0.0,0.0,0.0,1.3,0.0,0.0,0.0,0.0,0.0,0.9,0.4,0.4,0.0,0.4,0.4,0.0,0.0,0.0,0.0,0.4,0.0,0.0,0.0,0.0,0.4,0.4,0.4,0.0,0.0,0.0,0.0,0.0,0.0,0.0,0.0,0.0,0.0,0.0,0.0,0.0,0.0,0.0,0.0,0.0,0.0,0.0,0.0,0.0,0.0,0.0,0.0,0.0,0.0,0.0,0.0,0.0,0.0,0.0,0.0,0.0,0.0,0.0,0.0,0.0,0.0,0.0,0.0,0.0,0.0,0.0,0.0,0.0,0.0,0.0,0.0
2026-01-25 15:03:24,1.1,21.9,running,0.4,4.9,40.2,0.0,8.5,0.5,3.1,0.4,1.3,0.0,0.4,0.7,0.0,0.0,0.4,0.0,0.9,0.0,0.4,0.0,0.0,0.0,0.0,0.0,1.8,0.0,0.4,0.0,2.2,0.9,1.3,0.0,0.0,1.3,0.0,0.0,0.9,0.0,0.0,0.0,0.4,0.4,0.0,0.0,0.0,0.4,0.9,0.0,0.0,0.0,0.0,0.0,0.0,0.0,0.0,0.0,0.0,0.0,0.0,0.0,0.0,0.0,0.0,0.0,0.0,0.0,0.0,0.0,0.0,0.0,0.0,0.0,0.0,0.0,0.0,0.0,0.0,0.0,0.0,0.0,0.0,0.0,0.0,0.0,0.0,0.0,0.0,0.0,0.0,0.0,0.0,0.0,0.0,0.0,0.0,0.0
2026-01-25 15:03:28,1.4,21.9,running,0.4,4.9,41.7,0.0,6.2,0.0,3.1,0.0,1.3,0.0,0.9,0.0,0.0,0.0,0.4,0.4,0.0,0.0,0.4,0.0,0.4,0.0,0.0,0.4,0.0,0.4,0.0,0.0,0.0,0.4,0.9,0.4,0.9,0.9,0.4,0.0,1.3,0.4,0.4,0.4,0.0,0.0,0.0,0.4,0.4,0.0,0.0,0.0,0.0,0.0,0.0,0.0,0.0,0.0,0.0,0.0,0.0,0.0,0.0,0.0,0.0,0.0,0.0,0.0,0.0,0.0,0.0,0.0,0.0,0.0,0.0,0.0,0.0,0.0,0.0,0.0,0.0,0.0,0.0,0.0,0.0,0.0,0.0,0.0,0.0,0.0,0.0,0.0,0.0,0.0,0.0,0.0,0.0,0.0,0.0,0.0
2026-01-25 15:03:31,1.7,28.1,running,0.4,4.0,38.7,0.0,10.7,0.0,5.3,0.0,2.2,0.0,1.3,0.0,0.4,0.0,0.0,0.0,0.4,0.0,0.0,0.0,0.0,0.0,0.4,0.0,1.3,0.0,0.9,0.0,0.4,0.0,1.3,0.0,1.8,0.0,0.4,0.0,0.4,0.0,0.0,0.0,0.0,0.4,0.0,0.0,0.4,0.0,1.8,0.0,0.0,0.0,0.0,0.0,0.0,0.0,0.0,0.0,0.0,0.0,0.0,0.0,0.0,0.0,0.0,0.0,0.0,0.0,0.0,0.0,0.0,0.0,0.0,0.0,0.0,0.0,0.0,0.0,0.0,0.0,0.0,0.0,0.0,0.0,0.0,0.0,0.0,0.0,0.0,0.0,0.0,0.0,0.0,0.0,0.0,0.0,0.0,0.0
2026-01-25 15:03:35,2.3,31.2,running,0.4,4.0,39.6,0.0,10.2,0.0,4.0,0.5,4.0,0.5,0.4,0.0,0.9,0.0,0.0,0.5,0.0,0.6,0.0,0.0,0.0,0.0,0.0,0.6,0.0,0.0,0.4,0.0,0.4,0.0,2.3,0.0,0.0,0.5,0.4,0.0,2.2,0.0,0.0,0.0,0.0,0.4,0.0,0.0,0.0,0.0,1.3,0.0,0.0,0.0,0.0,0.0,0.0,0.0,0.0,0.0,0.0,0.0,0.0,0.0,0.0,0.0,0.0,0.0,0.0,0.0,0.0,0.0,0.0,0.0,0.0,0.0,0.0,0.0,0.0,0.0,0.0,0.0,0.0,0.0,0.0,0.0,0.0,0.0,0.0,0.0,0.0,0.0,0.0,0.0,0.0,0.0,0.0,0.0,0.0,0.0
2026-01-25 15:03:38,1.3,25.0,running,0.9,4.9,39.4,0.0,6.7,0.0,1.3,0.0,0.9,0.0,1.3,0.4,0.0,0.0,0.0,0.0,0.0,0.0,0.0,0.0,0.4,0.0,0.0,0.0,0.8,0.0,0.0,0.0,0.4,0.4,0.9,0.0,0.0,0.4,0.0,0.0,0.4,0.0,0.0,0.4,0.0,0.0,0.0,0.4,0.0,0.0,0.0,0.0,0.0,0.0,0.0,0.0,0.0,0.0,0.0,0.0,0.0,0.0,0.0,0.0,0.0,0.0,0.0,0.0,0.0,0.0,0.0,0.0,0.0,0.0,0.0,0.0,0.0,0.0,0.0,0.0,0.0,0.0,0.0,0.0,0.0,0.0,0.0,0.0,0.0,0.0,0.0,0.0,0.0,0.0,0.0,0.0,0.0,0.0,0.0,0.0
2026-01-25 15:03:42,1.6,25.0,running,1.3,1.3,42.7,0.0,7.2,0.0,2.7,0.0,1.8,0.0,1.4,0.0,0.4,0.0,0.4,0.4,0.4,0.4,0.0,0.0,0.0,0.0,0.0,0.0,1.8,0.0,0.0,0.0,0.9,1.3,0.9,0.0,0.4,0.4,0.4,0.0,0.9,0.4,0.0,0.0,0.0,0.4,0.0,0.9,0.4,0.0,0.4,0.0,0.0,0.0,0.0,0.0,0.0,0.0,0.0,0.0,0.0,0.0,0.0,0.0,0.0,0.0,0.0,0.0,0.0,0.0,0.0,0.0,0.0,0.0,0.0,0.0,0.0,0.0,0.0,0.0,0.0,0.0,0.0,0.0,0.0,0.0,0.0,0.0,0.0,0.0,0.0,0.0,0.0,0.0,0.0,0.0,0.0,0.0,0.0,0.0
2026-01-25 15:03:45,0.9,37.5,running,0.0,2.7,34.5,0.0,8.5,0.0,0.9,0.0,0.4,0.0,0.0,0.0,0.0,0.0,0.4,0.0,0.0,0.0,0.0,0.0,0.0,0.4,0.0,0.0,1.8,0.0,0.9,0.0,0.0,0.0,2.2,0.0,0.4,0.0,0.0,0.0,0.4,0.0,0.0,0.4,0.4,0.0,0.0,0.9,0.0,0.0,0.4,0.0,0.0,0.0,0.0,0.0,0.0,0.0,0.0,0.0,0.0,0.0,0.0,0.0,0.0,0.0,0.0,0.0,0.0,0.0,0.0,0.0,0.0,0.0,0.0,0.0,0.0,0.0,0.0,0.0,0.0,0.0,0.0,0.0,0.0,0.0,0.0,0.0,0.0,0.0,0.0,0.0,0.0,0.0,0.0,0.0,0.0,0.0,0.0,0.0
2026-01-25 15:03:49,1.4,43.7,running,1.8,4.9,36.6,0.0,4.4,0.0,0.4,0.0,1.3,0.0,0.4,0.0,1.3,0.4,0.0,0.0,0.0,0.0,0.0,0.0,0.0,0.0,0.4,0.0,0.4,0.4,0.9,0.0,0.9,0.0,0.9,0.0,0.0,0.4,0.4,0.0,1.3,0.0,0.0,0.9,0.0,0.0,0.4,0.4,0.0,0.0,0.4,0.4,0.0,0.0,0.0,0.0,0.0,0.0,0.0,0.0,0.0,0.0,0.0,0.0,0.0,0.0,0.0,0.0,0.0,0.0,0.0,0.0,0.0,0.0,0.0,0.0,0.0,0.0,0.0,0.0,0.0,0.0,0.0,0.0,0.0,0.0,0.0,0.0,0.0,0.0,0.0,0.0,0.0,0.0,0.0,0.0,0.0,0.0,0.0,0.0
2026-01-25 15:03:53,2.2,34.3,running,0.0,4.9,38.2,0.4,9.3,0.0,3.1,0.0,1.8,1.3,2.2,0.4,1.3,0.0,2.2,0.0,1.3,0.0,0.4,0.0,0.9,0.9,0.9,2.2,2.7,0.0,1.3,0.0,1.8,0.4,3.6,1.3,0.0,0.9,0.4,0.0,0.9,0.0,0.0,1.3,0.4,1.3,0.4,0.4,0.4,0.0,1.8,0.0,0.0,0.0,0.0,0.0,0.0,0.0,0.0,0.0,0.0,0.0,0.0,0.0,0.0,0.0,0.0,0.0,0.0,0.0,0.0,0.0,0.0,0.0,0.0,0.0,0.0,0.0,0.0,0.0,0.0,0.0,0.0,0.0,0.0,0.0,0.0,0.0,0.0,0.0,0.0,0.0,0.0,0.0,0.0,0.0,0.0,0.0,0.0,0.0
2026-01-25 15:03:56,1.8,37.5,running,0.4,4.0,38.6,0.0,8.5,0.4,2.2,0.0,0.9,0.5,2.2,0.5,2.2,0.4,0.4,0.9,0.4,0.4,0.0,0.0,0.9,0.0,0.0,0.0,1.3,0.0,0.4,0.0,0.4,0.0,1.8,0.4,0.4,0.9,0.9,0.4,1.8,0.0,0.0,1.8,0.0,0.4,0.9,1.3,0.0,0.0,0.4,0.0,0.0,0.0,0.0,0.0,0.0,0.0,0.0,0.0,0.0,0.0,0.0,0.0,0.0,0.0,0.0,0.0,0.0,0.0,0.0,0.0,0.0,0.0,0.0,0.0,0.0,0.0,0.0,0.0,0.0,0.0,0.0,0.0,0.0,0.0,0.0,0.0,0.0,0.0,0.0,0.0,0.0,0.0,0.0,0.0,0.0,0.0,0.0,0.0
2026-01-25 15:04:00,1.3,25.0,running,1.3,2.2,36.0,1.6,6.2,0.4,0.9,0.4,1.3,0.0,0.5,0.4,0.0,0.0,0.9,0.0,0.4,0.0,0.0,0.0,0.4,0.0,0.0,0.4,1.3,0.0,0.4,0.0,1.8,0.0,3.1,0.0,0.4,0.0,0.0,0.0,0.4,0.0,0.0,0.0,0.0,0.0,0.9,0.9,0.0,0.4,0.0,0.0,0.0,0.0,0.0,0.0,0.0,0.0,0.0,0.0,0.0,0.0,0.0,0.0,0.0,0.0,0.0,0.0,0.0,0.0,0.0,0.0,0.0,0.0,0.0,0.0,0.0,0.0,0.0,0.0,0.0,0.0,0.0,0.0,0.0,0.0,0.0,0.0,0.0,0.0,0.0,0.0,0.0,0.0,0.0,0.0,0.0,0.0,0.0,0.0
2026-01-25 15:04:03,1.4,25.0,running,0.4,3.1,39.6,0.0,11.2,0.0,4.4,0.0,0.4,0.0,0.9,0.0,0.9,0.9,0.9,0.0,0.9,0.0,0.4,0.0,1.8,0.0,0.0,0.0,0.4,0.4,0.4,0.0,0.4,0.0,1.3,0.4,0.0,0.4,0.0,0.4,1.3,0.0,0.4,0.0,0.0,0.4,0.0,0.4,0.0,0.4,0.4,0.0,0.0,0.0,0.0,0.0,0.0,0.0,0.0,0.0,0.0,0.0,0.0,0.0,0.0,0.0,0.0,0.0,0.0,0.0,0.0,0.0,0.0,0.0,0.0,0.0,0.0,0.0,0.0,0.0,0.0,0.0,0.0,0.0,0.0,0.0,0.0,0.0,0.0,0.0,0.0,0.0,0.0,0.0,0.0,0.0,0.0,0.0,0.0,0.0
2026-01-25 15:04:07,1.6,31.2,running,9.4,2.7,37.9,0.0,8.9,0.0,2.7,0.0,0.9,0.0,0.4,0.0,1.8,0.0,0.4,0.0,0.0,0.0,0.4,0.0,0.0,0.4,0.4,0.4,0.9,0.0,0.0,0.0,0.0,0.0,1.3,0.0,0.0,0.4,0.0,0.0,0.4,0.0,0.0,0.0,0.0,0.0,0.0,0.0,0.0,0.0,1.8,0.0,0.0,0.0,0.0,0.0,0.0,0.0,0.0,0.0,0.0,0.0,0.0,0.0,0.0,0.0,0.0,0.0,0.0,0.0,0.0,0.0,0.0,0.0,0.0,0.0,0.0,0.0,0.0,0.0,0.0,0.0,0.0,0.0,0.0,0.0,0.0,0.0,0.0,0.0,0.0,0.0,0.0,0.0,0.0,0.0,0.0,0.0,0.0,0.0
2026-01-25 15:04:10,1.2,34.3,running,1.3,5.4,36.4,1.3,9.8,1.3,3.1,0.9,2.2,1.3,2.2,0.9,2.7,1.3,0.9,1.3,1.3,0.9,1.3,0.9,2.7,1.3,1.8,0.9,2.7,0.9,1.3,0.9,0.9,0.9,3.1,0.9,1.3,0.9,0.9,1.3,1.8,0.9,1.3,1.8,0.9,0.9,1.3,0.9,0.9,0.9,1.3,0.9,0.0,0.0,0.0,0.0,0.0,0.0,0.0,0.0,0.0,0.0,0.0,0.0,0.0,0.0,0.0,0.0,0.0,0.0,0.0,0.0,0.0,0.0,0.0,0.0,0.0,0.0,0.0,0.0,0.0,0.0,0.0,0.0,0.0,0.0,0.0,0.0,0.0,0.0,0.0,0.0,0.0,0.0,0.0,0.0,0.0,0.0,0.0,0.0
2026-01-25 15:04:14,1.6,31.2,running,0.4,1.8,43.5,0.0,10.6,0.0,2.2,0.0,2.2,0.0,1.3,0.0,0.0,0.4,0.4,0.0,0.0,0.0,0.4,0.0,1.8,0.0,0.4,0.0,0.9,0.4,0.4,0.0,0.4,0.0,1.3,0.4,0.0,0.0,0.4,0.0,1.8,0.0,0.0,0.4,0.0,0.4,1.3,0.0,0.4,0.0,0.4,0.0,0.0,0.0,0.0,0.0,0.0,0.0,0.0,0.0,0.0,0.0,0.0,0.0,0.0,0.0,0.0,0.0,0.0,0.0,0.0,0.0,0.0,0.0,0.0,0.0,0.0,0.0,0.0,0.0,0.0,0.0,0.0,0.0,0.0,0.0,0.0,0.0,0.0,0.0,0.0,0.0,0.0,0.0,0.0,0.0,0.0,0.0,0.0,0.0
2026-01-25 15:04:17,1.9,28.1,running,0.9,4.9,45.3,0.0,8.0,0.0,1.8,0.0,0.9,0.0,0.4,0.4,0.0,0.0,0.0,0.4,0.0,0.0,0.0,0.0,0.9,1.3,0.0,0.5,1.8,0.5,0.9,0.0,0.0,0.0,0.9,0.0,0.4,0.0,0.0,0.0,1.3,0.0,0.0,0.0,0.0,0.0,0.4,0.0,0.4,0.0,0.0,0.4,0.0,0.0,0.0,0.0,0.0,0.0,0.0,0.0,0.0,0.0,0.0,0.0,0.0,0.0,0.0,0.0,0.0,0.0,0.0,0.0,0.0,0.0,0.0,0.0,0.0,0.0,0.0,0.0,0.0,0.0,0.0,0.0,0.0,0.0,0.0,0.0,0.0,0.0,0.0,0.0,0.0,0.0,0.0,0.0,0.0,0.0,0.0,0.0
2026-01-25 15:04:21,1.1,40.6,running,0.4,2.7,36.7,0.0,7.6,0.0,0.4,0.0,0.9,0.0,1.3,0.0,0.0,0.0,0.0,0.4,0.0,0.0,0.0,0.0,0.0,0.0,0.0,0.8,0.9,0.4,0.0,0.0,0.9,0.0,1.3,0.4,0.4,0.0,0.0,0.4,0.4,0.0,0.4,0.0,0.0,0.0,0.4,0.0,0.0,0.0,0.0,0.0,0.0,0.0,0.0,0.0,0.0,0.0,0.0,0.0,0.0,0.0,0.0,0.0,0.0,0.0,0.0,0.0,0.0,0.0,0.0,0.0,0.0,0.0,0.0,0.0,0.0,0.0,0.0,0.0,0.0,0.0,0.0,0.0,0.0,0.0,0.0,0.0,0.0,0.0,0.0,0.0,0.0,0.0,0.0,0.0,0.0,0.0,0.0,0.0
2026-01-25 15:04:24,1.3,28.1,running,0.9,3.1,36.4,0.0,11.1,0.4,3.1,0.0,1.8,0.0,2.7,0.0,0.0,0.4,0.9,0.0,0.9,0.0,0.9,0.4,0.9,0.0,0.0,0.0,0.9,0.0,0.9,0.0,0.4,0.0,2.2,0.0,0.4,0.0,0.4,0.0,0.9,0.4,0.0,0.0,0.0,0.4,0.4,0.9,0.0,0.0,0.4,0.4,0.0,0.0,0.0,0.0,0.0,0.0,0.0,0.0,0.0,0.0,0.0,0.0,0.0,0.0,0.0,0.0,0.0,0.0,0.0,0.0,0.0,0.0,0.0,0.0,0.0,0.0,0.0,0.0,0.0,0.0,0.0,0.0,0.0,0.0,0.0,0.0,0.0,0.0,0.0,0.0,0.0,0.0,0.0,0.0,0.0,0.0,0.0,0.0
2026-01-25 15:04:28,1.1,21.9,running,0.9,1.8,32.4,0.0,8.9,0.0,1.3,0.0,1.8,0.0,0.9,0.0,0.4,0.0,0.0,0.0,0.9,0.0,0.4,0.4,0.4,0.0,0.0,0.0,1.3,0.0,0.4,0.0,0.9,0.0,0.9,0.0,0.0,0.4,0.0,0.0,0.9,0.0,0.0,0.0,0.4,0.4,0.0,0.4,0.4,0.4,0.9,0.0,0.0,0.0,0.0,0.0,0.0,0.0,0.0,0.0,0.0,0.0,0.0,0.0,0.0,0.0,0.0,0.0,0.0,0.0,0.0,0.0,0.0,0.0,0.0,0.0,0.0,0.0,0.0,0.0,0.0,0.0,0.0,0.0,0.0,0.0,0.0,0.0,0.0,0.0,0.0,0.0,0.0,0.0,0.0,0.0,0.0,0.0,0.0,0.0
2026-01-25 15:04:31,1.4,31.2,running,1.3,3.1,40.7,0.0,10.6,0.0,2.2,0.0,2.2,0.0,0.4,0.0,0.9,0.0,0.0,0.4,0.0,0.0,0.0,0.0,0.4,0.0,0.0,0.4,1.8,0.0,0.0,0.4,0.9,0.0,1.8,0.0,0.4,0.0,0.0,0.0,0.0,0.0,0.0,0.0,0.0,0.4,0.0,0.0,0.4,0.0,0.0,0.0,0.0,0.0,0.0,0.0,0.0,0.0,0.0,0.0,0.0,0.0,0.0,0.0,0.0,0.0,0.0,0.0,0.0,0.0,0.0,0.0,0.0,0.0,0.0,0.0,0.0,0.0,0.0,0.0,0.0,0.0,0.0,0.0,0.0,0.0,0.0,0.0,0.0,0.0,0.0,0.0,0.0,0.0,0.0,0.0,0.0,0.0,0.0,0.0
2026-01-25 15:04:35,1.4,31.2,running,0.9,4.9,45.1,0.0,9.8,0.5,1.8,0.0,1.3,0.0,1.8,0.0,0.0,0.4,0.4,0.0,0.0,0.4,0.0,0.0,0.4,0.0,0.0,0.0,1.8,0.0,0.4,0.0,0.9,0.4,0.4,0.0,0.0,0.0,0.4,0.4,2.2,0.0,0.4,0.0,0.0,0.9,0.4,0.0,0.0,0.0,0.4,0.0,0.0,0.0,0.0,0.0,0.0,0.0,0.0,0.0,0.0,0.0,0.0,0.0,0.0,0.0,0.0,0.0,0.0,0.0,0.0,0.0,0.0,0.0,0.0,0.0,0.0,0.0,0.0,0.0,0.0,0.0,0.0,0.0,0.0,0.0,0.0,0.0,0.0,0.0,0.0,0.0,0.0,0.0,0.0,0.0,0.0,0.0,0.0,0.0
2026-01-25 15:04:38,1.1,50.0,running,2.6,3.6,39.3,0.0,9.9,0.4,2.2,0.0,1.3,0.0,0.9,0.0,0.9,0.4,0.0,0.0,0.0,0.0,0.0,0.4,0.4,0.0,0.0,0.0,1.3,0.0,0.0,0.0,0.4,0.0,1.3,0.0,0.4,0.4,0.0,0.0,1.8,0.0,0.4,0.0,0.4,0.4,0.0,0.9,0.0,0.0,0.9,0.4,0.0,0.0,0.0,0.0,0.0,0.0,0.0,0.0,0.0,0.0,0.0,0.0,0.0,0.0,0.0,0.0,0.0,0.0,0.0,0.0,0.0,0.0,0.0,0.0,0.0,0.0,0.0,0.0,0.0,0.0,0.0,0.0,0.0,0.0,0.0,0.0,0.0,0.0,0.0,0.0,0.0,0.0,0.0,0.0,0.0,0.0,0.0,0.0
2026-01-25 15:04:42,1.6,37.5,running,0.0,2.7,39.0,0.0,10.1,0.0,1.8,0.4,1.8,0.4,2.2,1.3,0.0,0.4,0.0,0.0,0.4,0.0,0.0,0.4,0.0,0.0,0.0,0.0,1.8,0.0,0.4,0.0,1.3,0.0,0.9,0.0,0.4,0.0,0.0,0.0,0.4,0.0,0.4,0.0,0.4,0.0,0.4,1.3,0.0,0.4,0.0,0.0,0.0,0.0,0.0,0.0,0.0,0.0,0.0,0.0,0.0,0.0,0.0,0.0,0.0,0.0,0.0,0.0,0.0,0.0,0.0,0.0,0.0,0.0,0.0,0.0,0.0,0.0,0.0,0.0,0.0,0.0,0.0,0.0,0.0,0.0,0.0,0.0,0.0,0.0,0.0,0.0,0.0,0.0,0.0,0.0,0.0,0.0,0.0,0.0
2026-01-25 15:04:45,1.5,28.1,running,0.9,3.5,40.4,0.0,10.3,0.4,2.7,0.4,4.9,0.0,3.1,0.0,0.4,0.0,0.0,0.4,0.0,0.4,0.0,0.0,0.9,0.0,0.0,0.0,0.4,0.0,0.0,0.0,0.9,0.4,0.9,0.0,0.4,0.4,0.4,0.0,0.9,0.4,0.4,0.0,0.0,0.9,0.0,0.4,0.4,0.0,0.9,0.0,0.0,0.0,0.0,0.0,0.0,0.0,0.0,0.0,0.0,0.0,0.0,0.0,0.0,0.0,0.0,0.0,0.0,0.0,0.0,0.0,0.0,0.0,0.0,0.0,0.0,0.0,0.0,0.0,0.0,0.0,0.0,0.0,0.0,0.0,0.0,0.0,0.0,0.0,0.0,0.0,0.0,0.0,0.0,0.0,0.0,0.0,0.0,0.0
2026-01-25 15:04:49,1.2,34.3,running,2.2,2.7,40.9,0.0,7.1,0.0,2.2,0.0,1.8,0.0,1.3,0.5,0.0,0.0,0.0,0.9,0.0,0.0,0.0,0.0,0.0,0.9,0.0,0.0,1.3,0.0,0.4,0.0,0.9,0.0,0.9,0.4,1.3,1.3,0.0,0.0,0.9,0.0,0.0,1.3,0.0,0.4,0.0,0.4,0.0,0.0,0.9,0.0,0.0,0.0,0.0,0.0,0.0,0.0,0.0,0.0,0.0,0.0,0.0,0.0,0.0,0.0,0.0,0.0,0.0,0.0,0.0,0.0,0.0,0.0,0.0,0.0,0.0,0.0,0.0,0.0,0.0,0.0,0.0,0.0,0.0,0.0,0.0,0.0,0.0,0.0,0.0,0.0,0.0,0.0,0.0,0.0,0.0,0.0,0.0,0.0
2026-01-25 15:04:52,1.9,28.1,running,0.0,3.6,38.3,0.0,10.2,0.0,2.7,0.0,2.2,0.0,1.8,0.0,0.4,0.9,0.4,0.0,0.0,0.0,0.0,0.9,2.2,0.0,0.0,0.0,0.9,0.0,0.0,0.4,0.4,0.9,0.9,0.0,0.0,0.0,0.0,0.4,0.4,0.0,0.0,0.4,0.0,0.0,0.0,0.0,0.4,0.0,0.9,0.0,0.0,0.0,0.0,0.0,0.0,0.0,0.0,0.0,0.0,0.0,0.0,0.0,0.0,0.0,0.0,0.0,0.0,0.0,0.0,0.0,0.0,0.0,0.0,0.0,0.0,0.0,0.0,0.0,0.0,0.0,0.0,0.0,0.0,0.0,0.0,0.0,0.0,0.0,0.0,0.0,0.0,0.0,0.0,0.0,0.0,0.0,0.0,0.0
2026-01-25 15:04:56,1.6,25.0,running,0.9,4.0,37.1,0.0,8.4,0.0,1.3,0.0,0.4,0.4,1.3,0.0,0.0,0.0,0.4,0.0,0.0,0.9,0.9,0.0,0.0,0.4,0.0,0.4,0.4,0.4,0.4,0.4,1.3,0.4,1.3,0.9,0.4,0.4,0.0,0.0,1.3,0.0,0.0,0.4,0.0,0.9,0.0,0.9,0.0,0.4,0.0,0.0,0.0,0.0,0.0,0.0,0.0,0.0,0.0,0.0,0.0,0.0,0.0,0.0,0.0,0.0,0.0,0.0,0.0,0.0,0.0,0.0,0.0,0.0,0.0,0.0,0.0,0.0,0.0,0.0,0.0,0.0,0.0,0.0,0.0,0.0,0.0,0.0,0.0,0.0,0.0,0.0,0.0,0.0,0.0,0.0,0.0,0.0,0.0,0.0
2026-01-25 15:04:59,1.2,31.2,running,0.0,1.8,43.6,0.0,8.9,0.0,4.4,0.0,2.7,0.0,1.8,0.4,0.0,0.0,0.9,0.0,0.0,0.0,0.0,0.4,0.9,0.0,0.0,0.0,0.0,0.0,0.9,0.0,0.0,0.4,1.3,0.0,0.0,0.4,0.0,0.0,0.9,0.0,0.0,0.0,0.4,0.0,0.4,0.4,0.4,0.4,0.0,0.0,0.0,0.0,0.0,0.0,0.0,0.0,0.0,0.0,0.0,0.0,0.0,0.0,0.0,0.0,0.0,0.0,0.0,0.0,0.0,0.0,0.0,0.0,0.0,0.0,0.0,0.0,0.0,0.0,0.0,0.0,0.0,0.0,0.0,0.0,0.0,0.0,0.0,0.0,0.0,0.0,0.0,0.0,0.0,0.0,0.0,0.0,0.0,0.0
2026-01-25 15:05:03,1.4,43.7,running,0.0,4.9,40.1,0.0,9.4,0.0,1.8,0.0,1.8,0.4,2.2,0.0,0.9,0.0,0.0,0.0,0.4,0.0,0.0,0.0,0.9,0.4,0.0,0.0,1.8,0.0,0.0,0.0,0.9,0.0,0.9,0.0,0.0,0.4,0.0,0.4,0.4,0.0,0.0,0.4,0.4,0.0,0.0,0.4,0.0,0.9,0.0,0.0,0.0,0.0,0.0,0.0,0.0,0.0,0.0,0.0,0.0,0.0,0.0,0.0,0.0,0.0,0.0,0.0,0.0,0.0,0.0,0.0,0.0,0.0,0.0,0.0,0.0,0.0,0.0,0.0,0.0,0.0,0.0,0.0,0.0,0.0,0.0,0.0,0.0,0.0,0.0,0.0,0.0,0.0,0.0,0.0,0.0,0.0,0.0,0.0
2026-01-25 15:05:06,2.3,21.8,running,7.6,0.9,39.6,0.0,12.1,0.0,4.5,0.0,4.0,0.9,1.8,0.4,0.0,1.8,0.4,0.0,0.0,0.0,0.0,0.0,0.0,0.9,0.0,0.0,1.8,0.0,0.9,0.0,1.3,0.0,0.9,0.0,0.0,0.4,0.0,0.4,1.8,0.4,0.0,0.4,0.0,0.0,0.0,0.4,0.0,0.0,0.0,0.4,0.0,0.0,0.0,0.0,0.0,0.0,0.0,0.0,0.0,0.0,0.0,0.0,0.0,0.0,0.0,0.0,0.0,0.0,0.0,0.0,0.0,0.0,0.0,0.0,0.0,0.0,0.0,0.0,0.0,0.0,0.0,0.0,0.0,0.0,0.0,0.0,0.0,0.0,0.0,0.0,0.0,0.0,0.0,0.0,0.0,0.0,0.0,0.0
2026-01-25 15:05:10,3.2,15.6,running,0.9,8.8,36.6,0.9,9.3,0.0,7.1,0.0,1.3,0.9,13.7,0.4,1.8,0.0,1.3,0.9,0.0,0.0,1.3,0.4,1.3,0.0,0.0,1.3,0.9,0.4,4.9,0.0,0.9,0.9,12.3,0.0,1.3,1.3,0.0,0.4,1.8,0.0,0.0,1.3,0.0,0.4,9.3,0.0,2.2,0.9,3.1,0.0,0.0,0.0,0.0,0.0,0.0,0.0,0.0,0.0,0.0,0.0,0.0,0.0,0.0,0.0,0.0,0.0,0.0,0.0,0.0,0.0,0.0,0.0,0.0,0.0,0.0,0.0,0.0,0.0,0.0,0.0,0.0,0.0,0.0,0.0,0.0,0.0,0.0,0.0,0.0,0.0,0.0,0.0,0.0,0.0,0.0,0.0,0.0,0.0
2026-01-25 15:05:13,4.0,31.2,running,0.0,12.5,42.7,0.9,15.1,0.0,6.7,0.4,5.8,1.3,10.3,0.9,3.2,1.8,13.1,1.3,7.6,0.4,4.5,2.3,4.9,0.0,10.8,0.0,9.4,0.0,4.0,1.4,3.6,0.9,8.6,0.5,4.0,0.5,1.8,0.9,3.6,0.0,0.0,0.5,2.2,0.4,12.6,0.0,5.4,0.9,3.6,0.0,0.0,0.0,0.0,0.0,0.0,0.0,0.0,0.0,0.0,0.0,0.0,0.0,0.0,0.0,0.0,0.0,0.0,0.0,0.0,0.0,0.0,0.0,0.0,0.0,0.0,0.0,0.0,0.0,0.0,0.0,0.0,0.0,0.0,0.0,0.0,0.0,0.0,0.0,0.0,0.0,0.0,0.0,0.0,0.0,0.0,0.0,0.0,0.0
2026-01-25 15:05:17,1.4,46.8,running,0.4,5.8,35.0,0.0,9.0,0.0,4.9,0.4,5.3,0.0,2.2,0.0,1.3,0.4,0.0,0.4,2.2,0.4,0.4,0.4,1.3,0.9,0.9,0.0,1.8,0.0,0.0,0.0,0.9,0.0,1.4,0.0,0.0,0.0,0.0,2.2,0.9,0.0,0.9,0.4,3.1,0.0,0.4,0.0,0.0,0.0,0.4,0.0,0.0,0.0,0.0,0.0,0.0,0.0,0.0,0.0,0.0,0.0,0.0,0.0,0.0,0.0,0.0,0.0,0.0,0.0,0.0,0.0,0.0,0.0,0.0,0.0,0.0,0.0,0.0,0.0,0.0,0.0,0.0,0.0,0.0,0.0,0.0,0.0,0.0,0.0,0.0,0.0,0.0,0.0,0.0,0.0,0.0,0.0,0.0,0.0
2026-01-25 15:05:20,1.7,25.0,running,0.4,4.0,42.0,0.0,10.2,0.0,3.1,0.4,2.2,0.0,1.8,0.0,0.4,0.0,1.3,0.0,0.4,0.0,0.0,0.0,1.3,0.0,0.9,0.0,1.8,0.4,0.4,0.0,0.5,1.8,1.3,0.4,1.3,0.0,0.4,0.9,0.0,0.0,0.0,0.4,0.0,0.4,0.0,0.0,0.0,0.9,0.0,0.0,0.0,0.0,0.0,0.0,0.0,0.0,0.0,0.0,0.0,0.0,0.0,0.0,0.0,0.0,0.0,0.0,0.0,0.0,0.0,0.0,0.0,0.0,0.0,0.0,0.0,0.0,0.0,0.0,0.0,0.0,0.0,0.0,0.0,0.0,0.0,0.0,0.0,0.0,0.0,0.0,0.0,0.0,0.0,0.0,0.0,0.0,0.0,0.0
2026-01-25 15:05:24,1.9,25.0,running,0.9,4.5,37.8,0.0,10.3,0.0,4.5,0.9,4.5,0.4,2.7,0.0,0.0,0.0,0.0,0.0,0.9,0.4,0.0,0.4,2.7,0.0,3.1,0.0,0.4,0.4,0.0,0.0,0.4,0.0,2.7,0.0,2.7,0.0,0.4,0.4,0.9,0.4,0.4,0.0,0.0,0.0,0.0,0.9,0.0,1.3,0.0,0.9,0.0,0.0,0.0,0.0,0.0,0.0,0.0,0.0,0.0,0.0,0.0,0.0,0.0,0.0,0.0,0.0,0.0,0.0,0.0,0.0,0.0,0.0,0.0,0.0,0.0,0.0,0.0,0.0,0.0,0.0,0.0,0.0,0.0,0.0,0.0,0.0,0.0,0.0,0.0,0.0,0.0,0.0,0.0,0.0,0.0,0.0,0.0,0.0
2026-01-25 15:05:27,1.2,21.9,running,0.0,6.2,35.4,0.0,4.4,0.0,1.3,0.0,1.3,0.0,2.2,0.0,0.0,0.0,0.0,0.0,0.0,0.0,0.0,0.0,1.3,0.0,0.0,0.0,1.3,0.4,0.4,0.0,1.3,0.0,2.7,0.0,0.0,0.0,0.0,0.4,0.9,0.0,0.4,0.4,0.0,0.0,0.4,0.4,0.4,0.0,0.0,0.4,0.0,0.0,0.0,0.0,0.0,0.0,0.0,0.0,0.0,0.0,0.0,0.0,0.0,0.0,0.0,0.0,0.0,0.0,0.0,0.0,0.0,0.0,0.0,0.0,0.0,0.0,0.0,0.0,0.0,0.0,0.0,0.0,0.0,0.0,0.0,0.0,0.0,0.0,0.0,0.0,0.0,0.0,0.0,0.0,0.0,0.0,0.0,0.0
2026-01-25 15:05:31,1.8,34.3,running,1.3,4.9,41.6,0.0,12.9,0.0,6.6,0.0,4.0,0.0,2.2,0.0,3.1,0.0,0.0,0.0,0.0,0.0,0.9,0.0,1.8,0.4,3.6,0.4,0.9,0.4,0.4,0.0,0.9,0.0,2.7,0.0,0.9,0.0,0.9,0.4,0.4,0.0,0.0,0.9,0.0,0.4,0.0,0.0,0.0,0.9,0.0,0.9,0.0,0.0,0.0,0.0,0.0,0.0,0.0,0.0,0.0,0.0,0.0,0.0,0.0,0.0,0.0,0.0,0.0,0.0,0.0,0.0,0.0,0.0,0.0,0.0,0.0,0.0,0.0,0.0,0.0,0.0,0.0,0.0,0.0,0.0,0.0,0.0,0.0,0.0,0.0,0.0,0.0,0.0,0.0,0.0,0.0,0.0,0.0,0.0
2026-01-25 15:05:34,1.4,40.6,running,0.4,3.6,37.6,0.0,9.8,0.0,0.9,0.0,1.8,0.0,0.9,0.0,0.0,0.4,0.0,0.0,0.0,0.9,0.0,0.0,1.3,0.0,0.0,0.0,1.3,0.0,0.0,0.0,1.8,0.0,2.2,0.0,0.4,0.0,0.0,0.4,1.3,0.4,0.0,0.4,0.4,0.0,0.0,0.0,0.4,0.0,0.9,0.4,0.0,0.0,0.0,0.0,0.0,0.0,0.0,0.0,0.0,0.0,0.0,0.0,0.0,0.0,0.0,0.0,0.0,0.0,0.0,0.0,0.0,0.0,0.0,0.0,0.0,0.0,0.0,0.0,0.0,0.0,0.0,0.0,0.0,0.0,0.0,0.0,0.0,0.0,0.0,0.0,0.0,0.0,0.0,0.0,0.0,0.0,0.0,0.0
2026-01-25 15:05:38,2.6,28.1,running,8.4,2.7,43.9,0.0,8.0,0.0,5.8,0.4,1.3,0.0,1.3,0.9,0.9,0.0,0.9,0.0,0.4,0.0,0.0,0.4,1.8,0.0,0.9,0.0,1.3,0.0,0.4,0.0,0.9,0.0,2.2,0.4,0.9,0.0,0.4,0.9,0.9,0.0,0.0,0.4,0.0,0.0,0.0,0.0,0.0,0.4,0.9,0.0,0.0,0.0,0.0,0.0,0.0,0.0,0.0,0.0,0.0,0.0,0.0,0.0,0.0,0.0,0.0,0.0,0.0,0.0,0.0,0.0,0.0,0.0,0.0,0.0,0.0,0.0,0.0,0.0,0.0,0.0,0.0,0.0,0.0,0.0,0.0,0.0,0.0,0.0,0.0,0.0,0.0,0.0,0.0,0.0,0.0,0.0,0.0,0.0
2026-01-25 15:05:41,1.3,28.1,running,0.4,1.8,40.9,0.4,11.6,0.4,4.0,0.0,1.8,0.0,1.3,0.9,2.2,0.0,0.9,0.0,0.0,0.0,1.8,0.0,0.4,0.0,1.8,0.0,1.8,0.0,2.7,0.0,1.8,0.9,2.2,0.9,0.9,0.0,0.4,0.0,0.9,0.0,0.4,0.0,0.0,0.0,1.8,0.0,0.0,0.4,0.0,0.4,0.0,0.0,0.0,0.0,0.0,0.0,0.0,0.0,0.0,0.0,0.0,0.0,0.0,0.0,0.0,0.0,0.0,0.0,0.0,0.0,0.0,0.0,0.0,0.0,0.0,0.0,0.0,0.0,0.0,0.0,0.0,0.0,0.0,0.0,0.0,0.0,0.0,0.0,0.0,0.0,0.0,0.0,0.0,0.0,0.0,0.0,0.0,0.0
2026-01-25 15:05:45,1.3,31.2,running,0.0,1.3,38.5,0.0,8.9,0.0,2.7,0.0,2.2,0.0,0.9,0.9,0.9,0.0,0.4,0.0,0.4,0.0,0.4,0.4,2.2,0.4,0.0,0.4,1.8,0.0,0.0,0.0,0.4,0.0,3.1,0.0,0.4,0.4,0.0,0.0,1.3,0.0,0.4,0.9,0.0,0.0,0.4,0.0,0.9,0.0,0.0,0.0,0.0,0.0,0.0,0.0,0.0,0.0,0.0,0.0,0.0,0.0,0.0,0.0,0.0,0.0,0.0,0.0,0.0,0.0,0.0,0.0,0.0,0.0,0.0,0.0,0.0,0.0,0.0,0.0,0.0,0.0,0.0,0.0,0.0,0.0,0.0,0.0,0.0,0.0,0.0,0.0,0.0,0.0,0.0,0.0,0.0,0.0,0.0,0.0
2026-01-25 15:05:48,1.5,31.2,running,1.3,4.5,37.0,0.5,9.8,0.4,2.2,0.0,3.1,0.0,1.3,0.0,0.4,0.4,0.0,0.0,0.0,0.0,0.4,0.0,1.8,0.0,0.0,0.0,0.4,0.0,0.0,0.0,1.8,0.0,2.2,0.0,0.9,0.0,0.0,0.0,0.4,0.0,0.9,0.0,0.0,0.4,0.4,0.0,1.3,0.4,0.4,0.4,0.0,0.0,0.0,0.0,0.0,0.0,0.0,0.0,0.0,0.0,0.0,0.0,0.0,0.0,0.0,0.0,0.0,0.0,0.0,0.0,0.0,0.0,0.0,0.0,0.0,0.0,0.0,0.0,0.0,0.0,0.0,0.0,0.0,0.0,0.0,0.0,0.0,0.0,0.0,0.0,0.0,0.0,0.0,0.0,0.0,0.0,0.0,0.0
2026-01-25 15:05:52,1.4,28.1,running,0.0,5.4,37.0,0.5,8.9,0.4,2.2,0.0,1.3,0.9,0.9,0.0,0.0,0.0,0.4,0.0,0.0,0.0,0.0,0.4,1.8,0.0,0.4,0.0,2.2,0.0,0.4,0.4,0.9,0.0,1.8,0.0,0.4,0.0,0.0,0.0,1.8,0.0,0.4,0.4,0.0,0.0,0.4,0.0,0.0,0.0,0.0,0.0,0.0,0.0,0.0,0.0,0.0,0.0,0.0,0.0,0.0,0.0,0.0,0.0,0.0,0.0,0.0,0.0,0.0,0.0,0.0,0.0,0.0,0.0,0.0,0.0,0.0,0.0,0.0,0.0,0.0,0.0,0.0,0.0,0.0,0.0,0.0,0.0,0.0,0.0,0.0,0.0,0.0,0.0,0.0,0.0,0.0,0.0,0.0,0.0
2026-01-25 15:05:55,1.6,28.1,running,0.4,3.1,37.8,0.0,7.1,0.4,2.2,0.0,1.8,0.0,0.9,0.0,0.0,0.0,0.4,0.0,0.4,0.0,0.0,0.4,0.9,0.0,0.4,0.0,1.3,0.0,0.0,0.0,0.5,0.0,2.7,0.0,0.4,0.0,0.0,0.0,0.9,0.0,0.0,0.4,0.4,0.4,0.9,0.0,0.0,0.0,0.4,0.0,0.0,0.0,0.0,0.0,0.0,0.0,0.0,0.0,0.0,0.0,0.0,0.0,0.0,0.0,0.0,0.0,0.0,0.0,0.0,0.0,0.0,0.0,0.0,0.0,0.0,0.0,0.0,0.0,0.0,0.0,0.0,0.0,0.0,0.0,0.0,0.0,0.0,0.0,0.0,0.0,0.0,0.0,0.0,0.0,0.0,0.0,0.0,0.0
2026-01-25 15:05:59,1.6,28.1,running,0.0,5.3,37.6,0.4,11.6,0.4,2.2,0.0,1.3,0.0,0.9,0.4,0.9,0.0,0.0,0.0,0.0,0.0,0.0,0.0,1.3,0.0,0.0,0.0,0.9,0.4,0.9,0.0,1.3,0.0,1.3,0.0,0.9,0.0,0.0,0.9,1.3,0.0,0.9,0.4,0.9,0.4,1.3,0.0,0.0,0.0,0.0,0.0,0.0,0.0,0.0,0.0,0.0,0.0,0.0,0.0,0.0,0.0,0.0,0.0,0.0,0.0,0.0,0.0,0.0,0.0,0.0,0.0,0.0,0.0,0.0,0.0,0.0,0.0,0.0,0.0,0.0,0.0,0.0,0.0,0.0,0.0,0.0,0.0,0.0,0.0,0.0,0.0,0.0,0.0,0.0,0.0,0.0,0.0,0.0,0.0
2026-01-25 15:06:02,1.7,28.1,running,0.4,4.9,36.7,0.5,5.3,0.0,2.2,0.0,0.4,0.0,1.3,0.0,0.0,0.0,0.0,0.4,0.0,0.4,0.0,0.0,0.4,0.0,0.0,0.0,0.4,0.0,0.9,0.0,0.9,0.0,1.8,0.0,1.3,0.0,0.0,0.4,1.3,0.0,0.9,2.7,1.3,1.3,0.0,0.0,0.4,0.4,0.0,0.0,0.0,0.0,0.0,0.0,0.0,0.0,0.0,0.0,0.0,0.0,0.0,0.0,0.0,0.0,0.0,0.0,0.0,0.0,0.0,0.0,0.0,0.0,0.0,0.0,0.0,0.0,0.0,0.0,0.0,0.0,0.0,0.0,0.0,0.0,0.0,0.0,0.0,0.0,0.0,0.0,0.0,0.0,0.0,0.0,0.0,0.0,0.0,0.0
2026-01-25 15:06:06,1.6,34.3,running,0.0,3.6,34.7,0.0,7.1,0.0,4.0,0.0,1.3,0.0,0.4,0.0,0.0,0.4,0.0,0.0,0.0,0.0,0.0,0.0,1.3,0.0,0.0,0.4,0.0,0.0,0.9,0.0,0.4,0.0,2.2,0.0,1.8,0.0,0.4,0.9,1.8,0.0,0.4,0.9,0.0,0.0,0.4,0.0,0.0,0.0,0.0,0.0,0.0,0.0,0.0,0.0,0.0,0.0,0.0,0.0,0.0,0.0,0.0,0.0,0.0,0.0,0.0,0.0,0.0,0.0,0.0,0.0,0.0,0.0,0.0,0.0,0.0,0.0,0.0,0.0,0.0,0.0,0.0,0.0,0.0,0.0,0.0,0.0,0.0,0.0,0.0,0.0,0.0,0.0,0.0,0.0,0.0,0.0,0.0,0.0
2026-01-25 15:06:09,1.6,28.1,running,1.3,4.9,38.3,0.0,9.8,0.0,3.1,0.0,1.8,0.0,0.9,0.0,0.0,0.0,0.9,0.4,0.0,0.4,0.8,0.4,0.9,0.9,0.0,0.0,0.4,0.0,0.4,0.0,0.4,0.0,2.2,0.0,0.4,0.0,0.0,0.9,0.4,0.4,0.0,1.3,0.4,0.9,0.0,0.4,0.0,0.0,0.9,0.0,0.0,0.0,0.0,0.0,0.0,0.0,0.0,0.0,0.0,0.0,0.0,0.0,0.0,0.0,0.0,0.0,0.0,0.0,0.0,0.0,0.0,0.0,0.0,0.0,0.0,0.0,0.0,0.0,0.0,0.0,0.0,0.0,0.0,0.0,0.0,0.0,0.0,0.0,0.0,0.0,0.0,0.0,0.0,0.0,0.0,0.0,0.0,0.0
2026-01-25 15:06:13,1.5,34.3,running,0.4,4.0,39.8,0.4,12.1,0.0,4.4,0.0,2.7,0.0,0.9,0.4,0.9,0.9,0.0,0.0,1.3,0.0,0.9,0.0,0.0,0.4,1.3,0.0,0.9,0.0,0.9,0.0,1.8,0.0,2.7,0.0,1.3,0.0,0.4,1.8,0.0,0.0,0.0,2.2,0.4,0.4,0.4,0.0,0.0,0.0,0.4,0.0,0.0,0.0,0.0,0.0,0.0,0.0,0.0,0.0,0.0,0.0,0.0,0.0,0.0,0.0,0.0,0.0,0.0,0.0,0.0,0.0,0.0,0.0,0.0,0.0,0.0,0.0,0.0,0.0,0.0,0.0,0.0,0.0,0.0,0.0,0.0,0.0,0.0,0.0,0.0,0.0,0.0,0.0,0.0,0.0,0.0,0.0,0.0,0.0
2026-01-25 15:06:16,1.6,21.9,running,0.0,3.1,40.5,0.0,8.5,0.0,4.0,0.0,2.6,0.0,1.3,0.0,0.0,0.0,0.0,0.0,0.0,0.0,0.4,0.0,1.8,0.0,0.4,0.4,1.3,0.4,0.9,0.0,2.2,0.0,3.6,0.0,0.9,0.0,0.0,0.9,1.3,0.0,0.0,0.4,1.3,0.4,0.0,0.0,0.0,0.0,0.0,0.0,0.0,0.0,0.0,0.0,0.0,0.0,0.0,0.0,0.0,0.0,0.0,0.0,0.0,0.0,0.0,0.0,0.0,0.0,0.0,0.0,0.0,0.0,0.0,0.0,0.0,0.0,0.0,0.0,0.0,0.0,0.0,0.0,0.0,0.0,0.0,0.0,0.0,0.0,0.0,0.0,0.0,0.0,0.0,0.0,0.0,0.0,0.0,0.0
2026-01-25 15:06:20,1.6,28.1,running,0.4,4.0,37.4,0.0,6.2,0.0,2.2,0.0,2.3,0.0,1.3,0.0,0.5,0.0,0.0,0.0,0.4,0.0,0.4,0.0,0.4,0.4,0.0,0.0,0.4,0.0,0.0,0.0,0.0,0.0,1.3,0.4,0.0,0.4,0.0,0.9,2.2,0.0,0.0,1.3,0.4,0.0,0.0,0.0,0.0,0.0,0.5,0.0,0.0,0.0,0.0,0.0,0.0,0.0,0.0,0.0,0.0,0.0,0.0,0.0,0.0,0.0,0.0,0.0,0.0,0.0,0.0,0.0,0.0,0.0,0.0,0.0,0.0,0.0,0.0,0.0,0.0,0.0,0.0,0.0,0.0,0.0,0.0,0.0,0.0,0.0,0.0,0.0,0.0,0.0,0.0,0.0,0.0,0.0,0.0,0.0
2026-01-25 15:06:23,1.6,21.9,running,1.3,2.7,36.1,0.4,10.2,0.0,2.7,0.0,1.8,0.0,1.3,0.0,0.4,0.0,0.0,0.0,0.4,0.4,0.4,0.0,0.4,0.9,0.9,0.9,1.3,1.3,0.0,0.0,0.4,0.0,2.7,0.4,0.0,0.4,0.0,0.4,1.8,0.0,0.0,0.4,0.0,0.9,0.9,0.0,0.4,0.0,0.0,0.4,0.0,0.0,0.0,0.0,0.0,0.0,0.0,0.0,0.0,0.0,0.0,0.0,0.0,0.0,0.0,0.0,0.0,0.0,0.0,0.0,0.0,0.0,0.0,0.0,0.0,0.0,0.0,0.0,0.0,0.0,0.0,0.0,0.0,0.0,0.0,0.0,0.0,0.0,0.0,0.0,0.0,0.0,0.0,0.0,0.0,0.0,0.0,0.0
2026-01-25 15:06:27,1.5,31.2,running,0.4,2.7,38.9,0.0,11.2,0.0,4.9,0.0,2.7,0.0,0.4,0.0,0.4,0.4,0.0,0.0,0.0,0.0,0.0,0.0,0.0,0.0,0.9,0.0,1.8,0.0,0.0,0.4,0.9,0.4,1.8,0.0,0.9,0.0,0.0,0.4,1.3,0.0,0.0,0.9,0.9,0.4,0.0,0.0,0.4,0.0,0.4,0.4,0.0,0.0,0.0,0.0,0.0,0.0,0.0,0.0,0.0,0.0,0.0,0.0,0.0,0.0,0.0,0.0,0.0,0.0,0.0,0.0,0.0,0.0,0.0,0.0,0.0,0.0,0.0,0.0,0.0,0.0,0.0,0.0,0.0,0.0,0.0,0.0,0.0,0.0,0.0,0.0,0.0,0.0,0.0,0.0,0.0,0.0,0.0,0.0
2026-01-25 15:06:30,2.1,31.2,running,0.4,3.1,41.9,0.0,6.7,0.0,1.8,0.0,0.9,0.0,0.9,0.0,0.4,0.9,0.0,0.0,0.0,0.0,0.0,0.0,0.5,0.0,1.9,0.0,0.9,0.0,0.0,0.0,0.4,0.0,3.1,0.0,0.0,0.0,0.0,0.5,0.9,0.0,0.0,1.1,0.0,0.0,0.0,0.5,0.0,0.0,0.4,0.0,0.0,0.0,0.0,0.0,0.0,0.0,0.0,0.0,0.0,0.0,0.0,0.0,0.0,0.0,0.0,0.0,0.0,0.0,0.0,0.0,0.0,0.0,0.0,0.0,0.0,0.0,0.0,0.0,0.0,0.0,0.0,0.0,0.0,0.0,0.0,0.0,0.0,0.0,0.0,0.0,0.0,0.0,0.0,0.0,0.0,0.0,0.0,0.0
2026-01-25 15:06:34,1.7,37.5,running,1.3,2.2,38.2,0.0,8.9,0.0,3.1,0.0,2.2,0.0,0.9,0.0,0.0,0.0,0.0,0.0,0.0,0.0,0.9,0.4,2.1,0.0,2.5,0.0,1.3,0.0,0.9,0.0,1.3,0.0,2.2,0.0,0.4,0.4,0.0,0.0,0.0,0.4,0.0,0.8,0.0,0.9,0.0,0.8,0.0,0.0,0.9,0.0,0.0,0.0,0.0,0.0,0.0,0.0,0.0,0.0,0.0,0.0,0.0,0.0,0.0,0.0,0.0,0.0,0.0,0.0,0.0,0.0,0.0,0.0,0.0,0.0,0.0,0.0,0.0,0.0,0.0,0.0,0.0,0.0,0.0,0.0,0.0,0.0,0.0,0.0,0.0,0.0,0.0,0.0,0.0,0.0,0.0,0.0,0.0,0.0
2026-01-25 15:06:37,1.8,37.5,running,0.4,5.4,40.3,0.0,11.9,0.0,4.0,0.0,2.2,0.4,1.8,0.4,0.0,0.0,0.4,0.0,0.4,0.4,0.0,0.4,1.8,0.0,0.4,0.4,1.8,0.0,0.9,0.0,1.3,0.0,2.2,0.0,0.9,0.0,0.0,0.0,0.9,0.0,0.0,0.4,0.0,0.0,0.0,0.0,0.0,0.0,0.4,0.0,0.0,0.0,0.0,0.0,0.0,0.0,0.0,0.0,0.0,0.0,0.0,0.0,0.0,0.0,0.0,0.0,0.0,0.0,0.0,0.0,0.0,0.0,0.0,0.0,0.0,0.0,0.0,0.0,0.0,0.0,0.0,0.0,0.0,0.0,0.0,0.0,0.0,0.0,0.0,0.0,0.0,0.0,0.0,0.0,0.0,0.0,0.0,0.0
2026-01-25 15:06:41,1.3,28.1,running,1.3,3.1,37.2,0.0,9.9,0.0,1.8,0.0,2.7,0.0,1.8,0.0,1.3,0.0,0.9,0.4,0.0,0.0,0.4,0.0,0.9,0.0,0.0,0.4,1.3,0.0,0.4,0.4,0.4,0.0,3.7,0.0,0.9,0.0,0.0,0.0,0.9,0.0,0.0,0.4,0.0,0.0,0.0,0.0,0.4,0.0,0.9,0.0,0.0,0.0,0.0,0.0,0.0,0.0,0.0,0.0,0.0,0.0,0.0,0.0,0.0,0.0,0.0,0.0,0.0,0.0,0.0,0.0,0.0,0.0,0.0,0.0,0.0,0.0,0.0,0.0,0.0,0.0,0.0,0.0,0.0,0.0,0.0,0.0,0.0,0.0,0.0,0.0,0.0,0.0,0.0,0.0,0.0,0.0,0.0,0.0
2026-01-25 15:06:44,1.3,21.9,running,1.8,4.0,38.1,0.0,8.0,0.4,2.7,0.0,1.3,0.0,1.3,0.9,0.0,0.4,0.0,0.0,0.4,0.0,0.0,0.0,0.9,0.4,0.4,0.0,0.9,0.4,0.4,0.4,2.2,0.4,3.0,0.0,0.0,0.0,0.0,0.0,0.4,0.0,0.4,0.0,0.0,0.0,0.0,0.0,0.0,0.0,0.0,0.0,0.0,0.0,0.0,0.0,0.0,0.0,0.0,0.0,0.0,0.0,0.0,0.0,0.0,0.0,0.0,0.0,0.0,0.0,0.0,0.0,0.0,0.0,0.0,0.0,0.0,0.0,0.0,0.0,0.0,0.0,0.0,0.0,0.0,0.0,0.0,0.0,0.0,0.0,0.0,0.0,0.0,0.0,0.0,0.0,0.0,0.0,0.0,0.0
2026-01-25 15:06:48,1.3,31.2,running,1.3,3.6,37.8,0.0,11.9,0.0,2.7,0.0,0.9,0.0,0.9,0.0,0.5,0.0,0.0,0.0,0.4,0.0,0.0,0.0,0.9,0.0,0.0,0.0,0.9,0.0,0.4,0.0,0.9,0.0,1.8,0.0,1.3,0.0,0.0,0.4,1.8,0.0,0.0,0.4,0.4,0.0,0.0,0.0,0.0,0.0,0.0,0.0,0.0,0.0,0.0,0.0,0.0,0.0,0.0,0.0,0.0,0.0,0.0,0.0,0.0,0.0,0.0,0.0,0.0,0.0,0.0,0.0,0.0,0.0,0.0,0.0,0.0,0.0,0.0,0.0,0.0,0.0,0.0,0.0,0.0,0.0,0.0,0.0,0.0,0.0,0.0,0.0,0.0,0.0,0.0,0.0,0.0,0.0,0.0,0.0
2026-01-25 15:06:51,1.1,28.1,running,1.8,2.7,38.8,0.0,10.3,0.0,2.7,0.0,2.2,0.0,2.2,0.9,0.9,0.0,0.0,0.0,0.0,0.0,0.0,0.0,0.4,0.9,0.0,0.0,1.3,0.0,0.9,0.9,1.3,0.4,2.2,0.0,0.4,0.0,0.0,0.0,0.4,0.0,0.0,0.4,0.0,0.0,0.0,0.0,0.0,0.0,0.0,0.0,0.0,0.0,0.0,0.0,0.0,0.0,0.0,0.0,0.0,0.0,0.0,0.0,0.0,0.0,0.0,0.0,0.0,0.0,0.0,0.0,0.0,0.0,0.0,0.0,0.0,0.0,0.0,0.0,0.0,0.0,0.0,0.0,0.0,0.0,0.0,0.0,0.0,0.0,0.0,0.0,0.0,0.0,0.0,0.0,0.0,0.0,0.0,0.0
2026-01-25 15:06:55,1.5,40.6,running,1.3,2.7,37.2,0.0,9.3,0.0,2.7,0.0,2.2,0.0,0.9,0.0,1.3,0.0,0.0,0.0,0.9,0.0,0.0,0.0,0.9,0.4,0.4,0.4,0.9,0.4,0.0,0.0,2.2,0.0,2.2,0.0,0.9,0.0,0.0,0.4,1.8,0.4,0.0,0.4,0.4,0.9,0.0,0.9,0.0,0.9,0.4,0.0,0.0,0.0,0.0,0.0,0.0,0.0,0.0,0.0,0.0,0.0,0.0,0.0,0.0,0.0,0.0,0.0,0.0,0.0,0.0,0.0,0.0,0.0,0.0,0.0,0.0,0.0,0.0,0.0,0.0,0.0,0.0,0.0,0.0,0.0,0.0,0.0,0.0,0.0,0.0,0.0,0.0,0.0,0.0,0.0,0.0,0.0,0.0,0.0
2026-01-25 15:06:58,1.4,46.8,running,0.4,5.4,42.3,0.0,6.2,0.4,3.5,0.0,0.9,0.0,1.3,0.0,0.0,0.4,0.0,0.0,0.0,0.0,0.0,0.0,1.3,0.0,0.0,0.4,0.9,0.0,0.0,0.0,0.4,0.0,1.8,0.0,0.0,0.0,0.0,0.0,0.4,0.0,0.0,0.0,0.0,0.0,0.0,0.4,0.4,0.0,0.4,0.0,0.0,0.0,0.0,0.0,0.0,0.0,0.0,0.0,0.0,0.0,0.0,0.0,0.0,0.0,0.0,0.0,0.0,0.0,0.0,0.0,0.0,0.0,0.0,0.0,0.0,0.0,0.0,0.0,0.0,0.0,0.0,0.0,0.0,0.0,0.0,0.0,0.0,0.0,0.0,0.0,0.0,0.0,0.0,0.0,0.0,0.0,0.0,0.0
2026-01-25 15:07:02,1.7,18.7,running,1.8,4.5,36.6,0.0,9.4,0.0,1.3,0.9,3.1,0.8,2.3,0.4,1.3,0.0,0.4,0.0,0.9,0.0,0.0,0.0,1.8,0.4,0.0,0.0,0.9,0.4,0.4,0.9,0.4,0.0,2.2,0.4,0.4,0.0,0.0,0.0,1.3,0.0,0.4,0.0,1.3,0.0,0.0,0.0,0.0,0.4,0.0,0.0,0.0,0.0,0.0,0.0,0.0,0.0,0.0,0.0,0.0,0.0,0.0,0.0,0.0,0.0,0.0,0.0,0.0,0.0,0.0,0.0,0.0,0.0,0.0,0.0,0.0,0.0,0.0,0.0,0.0,0.0,0.0,0.0,0.0,0.0,0.0,0.0,0.0,0.0,0.0,0.0,0.0,0.0,0.0,0.0,0.0,0.0,0.0,0.0
2026-01-25 15:07:05,1.3,31.2,running,0.0,4.5,33.5,0.0,9.8,0.0,2.7,0.0,1.8,0.0,1.3,0.0,0.9,0.0,0.0,0.0,0.0,0.4,0.9,0.0,0.9,0.4,0.4,0.0,3.1,0.0,0.0,0.0,0.4,0.4,2.2,0.0,0.0,0.0,0.0,0.0,0.9,0.0,0.0,0.0,0.0,0.4,0.0,0.4,0.0,0.9,0.0,0.0,0.0,0.0,0.0,0.0,0.0,0.0,0.0,0.0,0.0,0.0,0.0,0.0,0.0,0.0,0.0,0.0,0.0,0.0,0.0,0.0,0.0,0.0,0.0,0.0,0.0,0.0,0.0,0.0,0.0,0.0,0.0,0.0,0.0,0.0,0.0,0.0,0.0,0.0,0.0,0.0,0.0,0.0,0.0,0.0,0.0,0.0,0.0,0.0
2026-01-25 15:07:09,1.6,28.1,running,0.4,2.2,36.3,0.0,8.4,0.0,4.5,0.0,3.1,0.0,0.9,0.0,0.9,0.0,0.0,0.0,0.0,0.4,0.0,0.0,0.9,0.0,0.0,0.4,1.3,0.0,0.0,0.4,0.9,0.0,1.8,0.4,0.0,0.0,0.4,0.0,0.0,0.0,0.4,0.4,0.0,0.0,0.0,0.0,0.0,0.0,0.0,0.0,0.0,0.0,0.0,0.0,0.0,0.0,0.0,0.0,0.0,0.0,0.0,0.0,0.0,0.0,0.0,0.0,0.0,0.0,0.0,0.0,0.0,0.0,0.0,0.0,0.0,0.0,0.0,0.0,0.0,0.0,0.0,0.0,0.0,0.0,0.0,0.0,0.0,0.0,0.0,0.0,0.0,0.0,0.0,0.0,0.0,0.0,0.0,0.0
2026-01-25 15:07:12,1.8,28.1,running,0.9,3.6,47.8,0.5,13.7,0.0,7.6,0.0,3.1,0.0,1.8,0.0,1.8,0.0,1.3,0.5,0.4,0.0,0.0,1.0,0.9,0.4,0.9,0.0,0.9,1.0,1.3,0.0,0.9,0.4,1.8,0.0,0.4,0.4,0.0,0.0,0.4,0.0,0.4,0.0,0.0,0.9,0.0,0.0,0.0,0.0,1.3,0.4,0.0,0.0,0.0,0.0,0.0,0.0,0.0,0.0,0.0,0.0,0.0,0.0,0.0,0.0,0.0,0.0,0.0,0.0,0.0,0.0,0.0,0.0,0.0,0.0,0.0,0.0,0.0,0.0,0.0,0.0,0.0,0.0,0.0,0.0,0.0,0.0,0.0,0.0,0.0,0.0,0.0,0.0,0.0,0.0,0.0,0.0,0.0,0.0
2026-01-25 15:07:16,1.6,34.4,running,1.3,3.1,37.0,0.5,9.8,0.4,2.7,0.0,3.6,0.0,1.4,0.0,0.0,0.0,1.3,0.0,0.0,0.0,0.0,0.0,1.3,0.0,0.0,0.0,1.3,0.0,1.3,0.0,0.4,0.0,0.0,0.0,0.4,0.4,0.0,0.0,0.4,0.0,0.4,1.8,0.0,0.4,0.0,0.0,0.4,0.0,0.0,0.4,0.0,0.0,0.0,0.0,0.0,0.0,0.0,0.0,0.0,0.0,0.0,0.0,0.0,0.0,0.0,0.0,0.0,0.0,0.0,0.0,0.0,0.0,0.0,0.0,0.0,0.0,0.0,0.0,0.0,0.0,0.0,0.0,0.0,0.0,0.0,0.0,0.0,0.0,0.0,0.0,0.0,0.0,0.0,0.0,0.0,0.0,0.0,0.0
2026-01-25 15:07:19,1.3,25.0,running,3.1,4.4,40.5,0.4,6.7,0.0,4.0,0.0,1.3,0.0,0.9,0.0,0.0,0.0,0.0,0.4,0.0,0.4,0.0,0.0,1.3,0.0,0.0,0.0,1.3,0.0,0.0,0.0,0.9,0.4,1.3,0.4,0.9,0.0,0.0,0.4,0.4,0.0,0.0,0.9,0.4,0.0,0.0,0.0,0.4,0.4,1.3,0.0,0.0,0.0,0.0,0.0,0.0,0.0,0.0,0.0,0.0,0.0,0.0,0.0,0.0,0.0,0.0,0.0,0.0,0.0,0.0,0.0,0.0,0.0,0.0,0.0,0.0,0.0,0.0,0.0,0.0,0.0,0.0,0.0,0.0,0.0,0.0,0.0,0.0,0.0,0.0,0.0,0.0,0.0,0.0,0.0,0.0,0.0,0.0,0.0
2026-01-25 15:07:23,1.5,40.6,running,1.3,3.1,36.3,0.0,7.6,0.0,4.0,0.0,0.9,0.0,0.4,0.4,0.0,0.4,0.0,0.9,0.0,0.4,0.0,0.0,0.4,0.4,0.0,0.0,0.4,0.4,0.9,0.0,0.9,0.0,3.1,0.4,0.9,0.4,0.4,0.0,0.4,0.0,1.3,0.9,0.9,0.0,0.4,0.0,1.3,0.0,0.4,0.4,0.0,0.0,0.0,0.0,0.0,0.0,0.0,0.0,0.0,0.0,0.0,0.0,0.0,0.0,0.0,0.0,0.0,0.0,0.0,0.0,0.0,0.0,0.0,0.0,0.0,0.0,0.0,0.0,0.0,0.0,0.0,0.0,0.0,0.0,0.0,0.0,0.0,0.0,0.0,0.0,0.0,0.0,0.0,0.0,0.0,0.0,0.0,0.0
2026-01-25 15:07:26,1.2,21.9,running,0.4,4.9,37.0,0.0,5.8,0.0,1.3,0.0,1.3,0.0,0.9,0.0,1.8,0.4,0.0,0.0,0.0,0.0,0.0,0.0,0.9,0.0,0.0,0.0,1.3,0.0,0.9,0.4,1.7,0.0,2.2,0.0,0.0,0.4,0.0,0.0,1.3,0.4,0.4,0.0,0.0,0.0,0.4,0.0,0.0,0.0,0.0,0.0,0.0,0.0,0.0,0.0,0.0,0.0,0.0,0.0,0.0,0.0,0.0,0.0,0.0,0.0,0.0,0.0,0.0,0.0,0.0,0.0,0.0,0.0,0.0,0.0,0.0,0.0,0.0,0.0,0.0,0.0,0.0,0.0,0.0,0.0,0.0,0.0,0.0,0.0,0.0,0.0,0.0,0.0,0.0,0.0,0.0,0.0,0.0,0.0
2026-01-25 15:07:30,1.2,25.0,running,0.9,1.8,37.9,0.5,7.1,0.0,1.8,0.0,0.9,0.0,0.9,0.0,0.0,0.0,0.0,0.0,0.0,0.4,0.0,0.0,1.3,0.4,0.4,0.0,0.9,0.0,0.4,0.0,1.8,0.9,2.7,0.0,0.0,0.0,0.0,0.4,0.4,0.4,0.0,0.0,0.0,0.0,0.4,0.0,0.0,0.4,0.4,1.3,0.0,0.0,0.0,0.0,0.0,0.0,0.0,0.0,0.0,0.0,0.0,0.0,0.0,0.0,0.0,0.0,0.0,0.0,0.0,0.0,0.0,0.0,0.0,0.0,0.0,0.0,0.0,0.0,0.0,0.0,0.0,0.0,0.0,0.0,0.0,0.0,0.0,0.0,0.0,0.0,0.0,0.0,0.0,0.0,0.0,0.0,0.0,0.0
2026-01-25 15:07:33,1.4,31.2,running,0.9,3.1,41.6,0.0,10.7,0.0,1.8,0.0,0.9,0.4,1.3,0.0,0.4,0.0,0.9,0.0,0.0,0.0,0.4,0.4,0.4,0.0,0.0,0.0,0.4,0.4,0.4,0.0,0.5,0.0,2.2,0.4,0.0,0.0,0.0,0.4,0.4,0.0,0.0,0.0,0.0,0.0,0.0,0.9,0.0,0.0,0.4,0.0,0.0,0.0,0.0,0.0,0.0,0.0,0.0,0.0,0.0,0.0,0.0,0.0,0.0,0.0,0.0,0.0,0.0,0.0,0.0,0.0,0.0,0.0,0.0,0.0,0.0,0.0,0.0,0.0,0.0,0.0,0.0,0.0,0.0,0.0,0.0,0.0,0.0,0.0,0.0,0.0,0.0,0.0,0.0,0.0,0.0,0.0,0.0,0.0
2026-01-25 15:07:37,1.4,53.1,running,0.4,3.1,38.3,0.0,8.4,0.9,3.1,0.0,2.7,0.5,1.3,0.5,0.4,0.0,1.4,0.0,0.0,0.0,0.0,0.0,1.8,0.0,0.4,0.0,1.4,0.0,0.4,0.0,0.9,0.5,2.3,0.5,0.0,0.0,0.0,0.9,1.4,0.0,0.9,0.0,1.3,0.0,0.4,0.4,0.5,0.9,0.0,0.4,0.0,0.0,0.0,0.0,0.0,0.0,0.0,0.0,0.0,0.0,0.0,0.0,0.0,0.0,0.0,0.0,0.0,0.0,0.0,0.0,0.0,0.0,0.0,0.0,0.0,0.0,0.0,0.0,0.0,0.0,0.0,0.0,0.0,0.0,0.0,0.0,0.0,0.0,0.0,0.0,0.0,0.0,0.0,0.0,0.0,0.0,0.0,0.0
2026-01-25 15:07:40,1.5,18.7,running,0.9,3.1,44.0,0.9,12.4,0.4,2.6,0.4,3.1,0.0,0.9,0.8,0.9,0.8,0.5,0.4,0.4,0.4,0.4,0.0,1.3,0.4,0.0,0.0,1.3,0.0,0.0,0.0,0.9,0.4,2.1,0.0,0.4,0.0,0.4,0.9,0.0,0.9,0.0,0.0,0.4,0.0,0.4,0.9,0.4,0.0,0.0,0.9,0.0,0.0,0.0,0.0,0.0,0.0,0.0,0.0,0.0,0.0,0.0,0.0,0.0,0.0,0.0,0.0,0.0,0.0,0.0,0.0,0.0,0.0,0.0,0.0,0.0,0.0,0.0,0.0,0.0,0.0,0.0,0.0,0.0,0.0,0.0,0.0,0.0,0.0,0.0,0.0,0.0,0.0,0.0,0.0,0.0,0.0,0.0,0.0
2026-01-25 15:07:44,2.0,31.2,running,0.5,4.5,40.4,0.0,7.1,0.0,6.7,0.0,1.3,0.0,1.8,0.4,0.9,0.0,0.4,0.4,0.9,0.4,0.0,0.0,0.9,0.0,0.4,0.0,0.9,0.0,0.5,0.0,0.4,0.9,2.7,0.0,0.4,0.0,0.0,0.4,1.3,0.4,0.4,1.3,0.0,0.9,0.4,0.0,0.4,1.8,0.0,0.0,0.0,0.0,0.0,0.0,0.0,0.0,0.0,0.0,0.0,0.0,0.0,0.0,0.0,0.0,0.0,0.0,0.0,0.0,0.0,0.0,0.0,0.0,0.0,0.0,0.0,0.0,0.0,0.0,0.0,0.0,0.0,0.0,0.0,0.0,0.0,0.0,0.0,0.0,0.0,0.0,0.0,0.0,0.0,0.0,0.0,0.0,0.0,0.0
2026-01-25 15:07:47,1.2,31.2,running,0.9,4.9,41.0,0.0,6.2,0.0,1.3,0.0,1.8,0.4,0.0,0.0,0.4,0.0,0.0,0.4,0.0,0.0,0.4,0.0,0.9,0.0,0.4,0.0,0.0,0.0,0.0,0.4,1.8,0.0,2.2,0.0,0.4,0.0,0.0,0.0,0.4,0.0,0.4,0.0,0.0,0.9,0.0,0.0,0.4,0.0,0.0,0.0,0.0,0.0,0.0,0.0,0.0,0.0,0.0,0.0,0.0,0.0,0.0,0.0,0.0,0.0,0.0,0.0,0.0,0.0,0.0,0.0,0.0,0.0,0.0,0.0,0.0,0.0,0.0,0.0,0.0,0.0,0.0,0.0,0.0,0.0,0.0,0.0,0.0,0.0,0.0,0.0,0.0,0.0,0.0,0.0,0.0,0.0,0.0,0.0
2026-01-25 15:07:51,1.5,31.2,running,0.4,4.0,44.1,0.0,10.7,0.0,2.2,0.0,1.8,0.9,0.9,0.0,0.9,0.4,0.0,0.0,0.0,0.0,0.9,0.0,0.9,0.0,0.0,0.0,0.4,0.0,0.0,0.0,0.4,0.4,2.7,0.0,0.0,0.0,0.0,0.4,0.4,0.0,0.0,1.3,2.2,0.4,0.4,0.0,0.4,0.0,1.3,0.0,0.0,0.0,0.0,0.0,0.0,0.0,0.0,0.0,0.0,0.0,0.0,0.0,0.0,0.0,0.0,0.0,0.0,0.0,0.0,0.0,0.0,0.0,0.0,0.0,0.0,0.0,0.0,0.0,0.0,0.0,0.0,0.0,0.0,0.0,0.0,0.0,0.0,0.0,0.0,0.0,0.0,0.0,0.0,0.0,0.0,0.0,0.0,0.0
2026-01-25 15:07:54,2.7,34.3,running,1.8,3.5,40.4,0.0,8.9,0.4,3.6,0.0,3.1,0.0,1.7,0.0,0.0,0.0,0.4,0.0,0.0,0.4,0.4,0.9,1.8,0.4,0.9,0.0,1.3,0.0,1.3,0.4,0.4,0.0,3.5,0.0,0.4,0.0,0.0,0.0,0.9,0.4,0.4,0.4,0.9,0.0,1.3,0.4,0.4,0.4,0.0,0.4,0.0,0.0,0.0,0.0,0.0,0.0,0.0,0.0,0.0,0.0,0.0,0.0,0.0,0.0,0.0,0.0,0.0,0.0,0.0,0.0,0.0,0.0,0.0,0.0,0.0,0.0,0.0,0.0,0.0,0.0,0.0,0.0,0.0,0.0,0.0,0.0,0.0,0.0,0.0,0.0,0.0,0.0,0.0,0.0,0.0,0.0,0.0,0.0
2026-01-25 15:07:58,3.0,34.4,running,1.8,10.3,39.4,0.0,16.4,0.4,3.6,0.0,2.2,0.0,7.2,0.0,1.8,0.0,2.2,0.4,2.2,0.4,0.9,0.4,1.8,0.0,2.7,0.9,5.4,0.0,2.7,0.0,1.8,0.4,8.0,0.4,0.9,0.0,0.4,0.4,1.3,0.4,0.9,1.3,0.0,0.9,0.9,0.0,0.0,0.4,0.4,0.9,0.0,0.0,0.0,0.0,0.0,0.0,0.0,0.0,0.0,0.0,0.0,0.0,0.0,0.0,0.0,0.0,0.0,0.0,0.0,0.0,0.0,0.0,0.0,0.0,0.0,0.0,0.0,0.0,0.0,0.0,0.0,0.0,0.0,0.0,0.0,0.0,0.0,0.0,0.0,0.0,0.0,0.0,0.0,0.0,0.0,0.0,0.0,0.0
2026-01-25 15:08:01,3.0,31.2,running,0.9,14.2,43.0,0.0,14.3,0.0,7.1,0.4,3.1,0.9,7.9,0.4,1.8,0.4,1.3,1.3,1.8,0.9,0.4,1.3,0.4,0.9,2.7,0.4,14.7,0.0,3.1,0.0,2.2,0.4,8.9,0.4,1.8,0.4,0.4,0.4,1.8,0.4,1.3,1.8,0.4,1.3,3.1,0.9,1.8,0.4,0.9,1.3,0.0,0.0,0.0,0.0,0.0,0.0,0.0,0.0,0.0,0.0,0.0,0.0,0.0,0.0,0.0,0.0,0.0,0.0,0.0,0.0,0.0,0.0,0.0,0.0,0.0,0.0,0.0,0.0,0.0,0.0,0.0,0.0,0.0,0.0,0.0,0.0,0.0,0.0,0.0,0.0,0.0,0.0,0.0,0.0,0.0,0.0,0.0,0.0
2026-01-25 15:08:05,5.0,28.1,running,0.0,16.4,43.9,0.9,24.2,0.4,4.9,2.2,6.2,0.9,15.8,0.0,4.4,0.4,3.5,1.8,2.7,0.0,0.9,0.9,3.5,0.9,25.7,0.0,5.3,0.0,5.8,0.0,1.8,0.9,5.3,1.3,0.9,0.0,0.0,2.2,0.4,1.3,0.0,4.9,0.4,1.3,0.4,0.0,2.7,1.3,0.9,0.9,0.0,0.0,0.0,0.0,0.0,0.0,0.0,0.0,0.0,0.0,0.0,0.0,0.0,0.0,0.0,0.0,0.0,0.0,0.0,0.0,0.0,0.0,0.0,0.0,0.0,0.0,0.0,0.0,0.0,0.0,0.0,0.0,0.0,0.0,0.0,0.0,0.0,0.0,0.0,0.0,0.0,0.0,0.0,0.0,0.0,0.0,0.0,0.0
2026-01-25 15:08:08,6.2,25.0,running,2.7,12.6,43.8,1.0,29.5,0.0,13.4,1.8,5.4,1.4,15.2,2.7,13.4,0.9,4.9,1.3,5.4,1.8,2.2,1.4,4.9,0.4,15.2,0.4,5.4,0.0,16.1,0.4,4.0,0.0,6.3,0.0,4.0,0.9,1.3,1.8,2.2,0.9,1.8,1.8,0.4,2.7,2.2,0.0,2.2,0.9,3.6,0.4,0.0,0.0,0.0,0.0,0.0,0.0,0.0,0.0,0.0,0.0,0.0,0.0,0.0,0.0,0.0,0.0,0.0,0.0,0.0,0.0,0.0,0.0,0.0,0.0,0.0,0.0,0.0,0.0,0.0,0.0,0.0,0.0,0.0,0.0,0.0,0.0,0.0,0.0,0.0,0.0,0.0,0.0,0.0,0.0,0.0,0.0,0.0,0.0
2026-01-25 15:08:12,3.3,21.9,running,2.7,6.7,32.1,0.0,21.1,0.0,7.1,0.4,1.3,0.4,5.8,0.4,4.5,0.0,0.9,0.0,1.3,0.9,1.3,0.4,1.8,0.0,1.3,0.4,4.0,0.0,3.5,0.0,3.6,0.0,1.3,0.0,0.9,0.0,0.4,1.3,2.2,0.4,0.9,0.9,0.0,0.4,0.4,0.0,0.0,1.3,1.8,0.0,0.0,0.0,0.0,0.0,0.0,0.0,0.0,0.0,0.0,0.0,0.0,0.0,0.0,0.0,0.0,0.0,0.0,0.0,0.0,0.0,0.0,0.0,0.0,0.0,0.0,0.0,0.0,0.0,0.0,0.0,0.0,0.0,0.0,0.0,0.0,0.0,0.0,0.0,0.0,0.0,0.0,0.0,0.0,0.0,0.0,0.0,0.0,0.0
2026-01-25 15:08:15,2.0,28.1,running,0.4,13.3,39.6,0.0,25.7,0.0,7.6,0.4,2.2,0.0,9.3,1.3,7.6,0.0,0.9,0.9,0.9,0.0,0.9,1.8,4.9,0.9,1.3,0.9,1.8,0.4,4.0,0.0,2.7,0.0,5.8,0.9,2.2,0.4,0.4,2.7,2.7,1.3,0.4,2.7,0.9,2.2,0.9,0.0,0.9,0.4,3.6,0.4,0.0,0.0,0.0,0.0,0.0,0.0,0.0,0.0,0.0,0.0,0.0,0.0,0.0,0.0,0.0,0.0,0.0,0.0,0.0,0.0,0.0,0.0,0.0,0.0,0.0,0.0,0.0,0.0,0.0,0.0,0.0,0.0,0.0,0.0,0.0,0.0,0.0,0.0,0.0,0.0,0.0,0.0,0.0,0.0,0.0,0.0,0.0,0.0
2026-01-25 15:08:19,4.8,25.0,running,1.8,18.4,39.8,0.4,18.3,0.0,9.3,2.7,4.4,1.8,16.0,1.3,5.7,0.0,3.5,0.4,7.5,0.4,2.5,2.2,8.4,1.8,5.8,0.0,2.7,0.0,1.3,0.0,0.9,0.0,19.6,0.9,0.9,0.0,0.0,2.2,4.0,2.7,0.9,4.4,1.8,1.3,1.8,0.0,1.8,1.8,1.8,0.9,0.0,0.0,0.0,0.0,0.0,0.0,0.0,0.0,0.0,0.0,0.0,0.0,0.0,0.0,0.0,0.0,0.0,0.0,0.0,0.0,0.0,0.0,0.0,0.0,0.0,0.0,0.0,0.0,0.0,0.0,0.0,0.0,0.0,0.0,0.0,0.0,0.0,0.0,0.0,0.0,0.0,0.0,0.0,0.0,0.0,0.0,0.0,0.0
2026-01-25 15:08:22,2.4,18.7,running,1.3,9.4,45.3,0.9,29.1,0.0,15.2,0.4,7.1,1.3,9.8,0.0,12.9,0.0,6.2,1.3,8.5,0.4,0.9,1.3,1.8,0.4,26.5,4.9,7.6,0.0,13.4,0.0,7.1,0.9,7.8,0.0,8.0,0.4,6.3,0.0,3.1,0.0,0.9,3.1,0.0,0.0,2.2,0.0,0.9,0.4,2.2,0.0,0.0,0.0,0.0,0.0,0.0,0.0,0.0,0.0,0.0,0.0,0.0,0.0,0.0,0.0,0.0,0.0,0.0,0.0,0.0,0.0,0.0,0.0,0.0,0.0,0.0,0.0,0.0,0.0,0.0,0.0,0.0,0.0,0.0,0.0,0.0,0.0,0.0,0.0,0.0,0.0,0.0,0.0,0.0,0.0,0.0,0.0,0.0,0.0
2026-01-25 15:08:26,1.3,31.2,running,0.4,0.9,38.5,0.0,9.8,0.0,4.0,0.0,0.9,0.0,1.8,0.0,1.8,0.0,0.0,0.0,2.2,0.0,0.4,0.0,0.9,0.4,3.6,0.0,2.2,0.0,3.5,0.0,0.4,0.9,0.4,0.0,1.3,0.0,0.0,0.4,1.3,0.0,0.0,0.0,0.0,0.0,0.0,0.4,0.0,0.0,0.0,0.4,0.0,0.0,0.0,0.0,0.0,0.0,0.0,0.0,0.0,0.0,0.0,0.0,0.0,0.0,0.0,0.0,0.0,0.0,0.0,0.0,0.0,0.0,0.0,0.0,0.0,0.0,0.0,0.0,0.0,0.0,0.0,0.0,0.0,0.0,0.0,0.0,0.0,0.0,0.0,0.0,0.0,0.0,0.0,0.0,0.0,0.0,0.0,0.0
2026-01-25 15:08:29,1.5,37.5,running,0.0,3.1,37.9,0.4,9.8,0.0,0.9,0.9,0.9,0.0,0.4,0.4,0.0,0.0,0.0,0.0,0.4,0.0,0.4,0.0,1.3,0.0,0.9,0.0,1.3,0.4,0.4,0.4,0.9,0.0,0.0,0.4,0.0,0.0,0.0,0.4,0.0,0.4,0.0,0.4,0.0,0.0,0.0,0.9,0.4,0.0,0.9,0.4,0.0,0.0,0.0,0.0,0.0,0.0,0.0,0.0,0.0,0.0,0.0,0.0,0.0,0.0,0.0,0.0,0.0,0.0,0.0,0.0,0.0,0.0,0.0,0.0,0.0,0.0,0.0,0.0,0.0,0.0,0.0,0.0,0.0,0.0,0.0,0.0,0.0,0.0,0.0,0.0,0.0,0.0,0.0,0.0,0.0,0.0,0.0,0.0
2026-01-25 15:08:33,1.3,15.6,running,0.9,4.9,40.0,0.0,9.3,0.0,2.2,0.4,1.3,0.0,0.4,0.4,1.3,0.4,0.4,0.0,0.0,0.0,0.4,0.0,0.9,0.0,1.3,0.0,1.8,0.0,0.9,0.0,0.9,0.0,0.9,0.0,0.9,0.4,0.9,0.0,1.3,0.0,0.0,0.0,0.9,0.0,0.0,0.0,0.4,0.0,0.4,0.0,0.0,0.0,0.0,0.0,0.0,0.0,0.0,0.0,0.0,0.0,0.0,0.0,0.0,0.0,0.0,0.0,0.0,0.0,0.0,0.0,0.0,0.0,0.0,0.0,0.0,0.0,0.0,0.0,0.0,0.0,0.0,0.0,0.0,0.0,0.0,0.0,0.0,0.0,0.0,0.0,0.0,0.0,0.0,0.0,0.0,0.0,0.0,0.0
2026-01-25 15:08:36,1.5,21.9,running,0.4,4.0,41.0,0.0,8.4,0.0,3.6,0.0,1.3,0.0,0.5,0.0,1.3,0.0,0.9,0.0,0.4,0.0,0.0,0.0,1.3,0.0,0.4,0.0,0.9,0.0,0.4,0.0,1.4,0.0,0.4,0.0,0.0,0.4,0.4,0.4,0.4,0.4,0.0,0.0,0.0,0.9,0.0,0.4,0.0,0.0,0.0,0.0,0.0,0.0,0.0,0.0,0.0,0.0,0.0,0.0,0.0,0.0,0.0,0.0,0.0,0.0,0.0,0.0,0.0,0.0,0.0,0.0,0.0,0.0,0.0,0.0,0.0,0.0,0.0,0.0,0.0,0.0,0.0,0.0,0.0,0.0,0.0,0.0,0.0,0.0,0.0,0.0,0.0,0.0,0.0,0.0,0.0,0.0,0.0,0.0
2026-01-25 15:08:40,1.2,31.2,running,0.9,1.8,41.0,0.0,4.4,0.0,3.1,0.4,0.9,0.0,0.0,0.0,0.0,0.0,0.0,0.0,0.0,0.0,0.0,0.0,2.2,0.0,0.0,0.4,0.9,0.0,0.4,0.0,0.9,0.0,0.0,0.0,0.0,0.4,0.4,0.0,0.0,0.0,0.4,0.0,0.4,0.0,0.4,0.0,0.0,0.0,0.9,0.4,0.0,0.0,0.0,0.0,0.0,0.0,0.0,0.0,0.0,0.0,0.0,0.0,0.0,0.0,0.0,0.0,0.0,0.0,0.0,0.0,0.0,0.0,0.0,0.0,0.0,0.0,0.0,0.0,0.0,0.0,0.0,0.0,0.0,0.0,0.0,0.0,0.0,0.0,0.0,0.0,0.0,0.0,0.0,0.0,0.0,0.0,0.0,0.0
2026-01-25 15:08:43,1.9,21.8,running,0.9,4.9,41.0,0.0,12.4,0.0,1.3,0.0,1.3,0.0,0.9,0.0,0.0,0.0,0.0,0.5,0.0,0.0,0.0,0.0,1.8,1.0,0.5,0.5,1.4,0.0,0.0,0.0,0.5,0.0,0.0,0.0,0.0,0.5,0.0,0.0,0.5,0.0,0.0,0.0,0.0,0.0,0.0,0.0,0.5,0.9,0.9,0.0,0.0,0.0,0.0,0.0,0.0,0.0,0.0,0.0,0.0,0.0,0.0,0.0,0.0,0.0,0.0,0.0,0.0,0.0,0.0,0.0,0.0,0.0,0.0,0.0,0.0,0.0,0.0,0.0,0.0,0.0,0.0,0.0,0.0,0.0,0.0,0.0,0.0,0.0,0.0,0.0,0.0,0.0,0.0,0.0,0.0,0.0,0.0,0.0
2026-01-25 15:08:47,1.5,34.3,running,0.4,2.2,37.9,0.0,8.5,0.0,3.6,0.0,1.8,0.4,0.9,0.0,0.4,0.0,0.4,0.4,0.0,0.0,0.0,0.0,0.4,0.4,0.0,0.0,0.4,0.0,0.4,0.0,0.4,0.0,0.0,0.0,0.0,0.4,0.0,0.8,0.4,0.4,1.1,0.8,0.4,0.9,0.0,0.4,0.0,0.4,0.4,0.0,0.0,0.0,0.0,0.0,0.0,0.0,0.0,0.0,0.0,0.0,0.0,0.0,0.0,0.0,0.0,0.0,0.0,0.0,0.0,0.0,0.0,0.0,0.0,0.0,0.0,0.0,0.0,0.0,0.0,0.0,0.0,0.0,0.0,0.0,0.0,0.0,0.0,0.0,0.0,0.0,0.0,0.0,0.0,0.0,0.0,0.0,0.0,0.0
2026-01-25 15:08:50,2.8,31.2,running,0.9,4.9,43.6,0.0,11.5,0.0,2.2,0.0,0.4,0.0,0.4,0.0,1.8,0.4,0.9,0.0,0.4,0.0,0.4,0.0,0.4,0.9,0.4,0.4,0.9,0.4,1.3,0.4,1.8,0.0,1.3,0.4,1.3,0.0,0.9,0.0,2.2,0.0,0.9,0.4,0.0,0.4,0.4,0.0,0.4,0.0,0.4,0.0,0.0,0.0,0.0,0.0,0.0,0.0,0.0,0.0,0.0,0.0,0.0,0.0,0.0,0.0,0.0,0.0,0.0,0.0,0.0,0.0,0.0,0.0,0.0,0.0,0.0,0.0,0.0,0.0,0.0,0.0,0.0,0.0,0.0,0.0,0.0,0.0,0.0,0.0,0.0,0.0,0.0,0.0,0.0,0.0,0.0,0.0,0.0,0.0
2026-01-25 15:08:54,1.4,25.0,running,0.4,1.3,35.8,0.0,8.6,0.0,3.6,0.0,2.7,0.4,0.0,0.0,0.4,0.0,0.9,0.0,0.0,0.0,0.4,0.0,0.4,0.0,0.4,0.4,1.3,0.0,0.9,0.4,0.9,0.0,0.9,0.0,0.4,0.0,0.4,0.0,1.3,0.0,0.0,1.8,1.3,0.0,0.0,0.0,0.0,0.0,0.4,0.4,0.0,0.0,0.0,0.0,0.0,0.0,0.0,0.0,0.0,0.0,0.0,0.0,0.0,0.0,0.0,0.0,0.0,0.0,0.0,0.0,0.0,0.0,0.0,0.0,0.0,0.0,0.0,0.0,0.0,0.0,0.0,0.0,0.0,0.0,0.0,0.0,0.0,0.0,0.0,0.0,0.0,0.0,0.0,0.0,0.0,0.0,0.0,0.0
2026-01-25 15:08:57,1.1,31.2,running,0.4,5.4,35.7,0.0,7.1,0.0,1.8,0.4,0.9,0.4,0.0,0.8,1.8,0.4,0.0,0.0,0.0,0.0,0.0,0.0,1.8,0.0,0.9,0.0,0.9,0.0,0.4,0.0,0.9,0.0,0.0,0.0,0.9,0.0,0.0,0.0,0.9,0.0,0.0,0.4,0.0,0.0,0.0,0.0,0.0,0.0,0.0,0.9,0.0,0.0,0.0,0.0,0.0,0.0,0.0,0.0,0.0,0.0,0.0,0.0,0.0,0.0,0.0,0.0,0.0,0.0,0.0,0.0,0.0,0.0,0.0,0.0,0.0,0.0,0.0,0.0,0.0,0.0,0.0,0.0,0.0,0.0,0.0,0.0,0.0,0.0,0.0,0.0,0.0,0.0,0.0,0.0,0.0,0.0,0.0,0.0
2026-01-25 15:09:01,2.2,31.2,running,0.0,4.9,38.3,0.0,10.2,0.4,4.0,0.0,3.6,0.0,0.9,0.0,0.0,0.0,0.4,0.0,0.9,0.0,0.0,0.0,2.7,0.0,0.9,0.4,1.3,0.0,0.0,0.0,0.9,0.9,0.9,0.0,0.4,0.0,0.0,0.0,1.3,0.4,0.0,0.4,0.0,0.4,0.4,0.0,0.9,0.4,0.4,0.0,0.0,0.0,0.0,0.0,0.0,0.0,0.0,0.0,0.0,0.0,0.0,0.0,0.0,0.0,0.0,0.0,0.0,0.0,0.0,0.0,0.0,0.0,0.0,0.0,0.0,0.0,0.0,0.0,0.0,0.0,0.0,0.0,0.0,0.0,0.0,0.0,0.0,0.0,0.0,0.0,0.0,0.0,0.0,0.0,0.0,0.0,0.0,0.0
2026-01-25 15:09:04,1.6,31.2,running,0.4,4.5,38.9,0.3,9.8,0.0,2.7,0.9,1.8,0.4,0.0,0.4,0.4,0.0,0.9,0.0,0.4,0.4,0.4,0.4,1.3,0.0,0.9,0.4,1.3,0.4,0.9,0.0,0.4,0.0,1.3,0.0,0.4,0.0,0.0,0.0,1.3,0.9,0.4,0.0,0.0,0.0,0.4,0.4,1.3,0.4,0.0,0.4,0.0,0.0,0.0,0.0,0.0,0.0,0.0,0.0,0.0,0.0,0.0,0.0,0.0,0.0,0.0,0.0,0.0,0.0,0.0,0.0,0.0,0.0,0.0,0.0,0.0,0.0,0.0,0.0,0.0,0.0,0.0,0.0,0.0,0.0,0.0,0.0,0.0,0.0,0.0,0.0,0.0,0.0,0.0,0.0,0.0,0.0,0.0,0.0
2026-01-25 15:09:08,1.3,28.1,running,0.4,3.1,37.3,0.0,9.4,0.0,3.1,0.0,3.1,0.0,1.8,0.0,0.4,0.0,1.8,0.4,0.4,0.0,0.4,0.4,0.9,0.0,0.4,0.0,0.9,0.0,0.0,0.0,0.4,0.0,0.9,0.0,0.5,0.0,0.4,0.4,0.9,0.0,0.0,0.4,0.4,0.0,0.0,0.0,0.0,0.0,0.9,0.0,0.0,0.0,0.0,0.0,0.0,0.0,0.0,0.0,0.0,0.0,0.0,0.0,0.0,0.0,0.0,0.0,0.0,0.0,0.0,0.0,0.0,0.0,0.0,0.0,0.0,0.0,0.0,0.0,0.0,0.0,0.0,0.0,0.0,0.0,0.0,0.0,0.0,0.0,0.0,0.0,0.0,0.0,0.0,0.0,0.0,0.0,0.0,0.0
2026-01-25 15:09:11,1.7,25.0,running,1.8,3.5,38.1,0.0,11.6,0.0,3.6,0.0,2.2,0.4,2.7,0.4,0.9,0.4,0.4,0.4,0.0,1.3,0.0,0.4,2.6,0.0,0.9,0.4,2.2,0.0,0.4,0.0,0.9,0.0,2.2,0.4,0.0,0.0,0.4,0.0,1.8,0.4,0.4,0.9,0.0,0.0,0.0,0.4,0.0,0.4,1.3,0.0,0.0,0.0,0.0,0.0,0.0,0.0,0.0,0.0,0.0,0.0,0.0,0.0,0.0,0.0,0.0,0.0,0.0,0.0,0.0,0.0,0.0,0.0,0.0,0.0,0.0,0.0,0.0,0.0,0.0,0.0,0.0,0.0,0.0,0.0,0.0,0.0,0.0,0.0,0.0,0.0,0.0,0.0,0.0,0.0,0.0,0.0,0.0,0.0
2026-01-25 15:09:15,1.4,25.0,running,0.9,3.1,36.3,0.0,7.1,0.4,2.2,0.0,1.8,0.0,3.6,0.0,0.9,0.0,2.2,0.0,0.9,0.0,0.0,0.0,1.3,0.0,0.4,0.0,0.9,0.0,1.3,0.0,0.9,0.0,1.3,0.0,0.9,0.0,0.9,0.0,0.0,0.4,0.0,1.8,0.0,0.0,0.0,0.0,1.3,0.4,0.9,0.4,0.0,0.0,0.0,0.0,0.0,0.0,0.0,0.0,0.0,0.0,0.0,0.0,0.0,0.0,0.0,0.0,0.0,0.0,0.0,0.0,0.0,0.0,0.0,0.0,0.0,0.0,0.0,0.0,0.0,0.0,0.0,0.0,0.0,0.0,0.0,0.0,0.0,0.0,0.0,0.0,0.0,0.0,0.0,0.0,0.0,0.0,0.0,0.0
2026-01-25 15:09:18,5.4,25.0,running,1.8,7.6,39.4,0.0,12.9,0.0,7.6,0.0,2.7,0.0,3.6,2.2,4.0,0.0,1.3,0.4,4.4,0.0,0.4,0.0,4.5,0.4,0.9,1.3,3.1,0.0,3.1,0.0,1.8,1.3,5.3,1.3,2.2,0.4,1.3,0.9,1.8,0.0,1.3,4.4,0.4,0.4,2.7,0.4,2.7,0.9,4.0,0.9,0.0,0.0,0.0,0.0,0.0,0.0,0.0,0.0,0.0,0.0,0.0,0.0,0.0,0.0,0.0,0.0,0.0,0.0,0.0,0.0,0.0,0.0,0.0,0.0,0.0,0.0,0.0,0.0,0.0,0.0,0.0,0.0,0.0,0.0,0.0,0.0,0.0,0.0,0.0,0.0,0.0,0.0,0.0,0.0,0.0,0.0,0.0,0.0
2026-01-25 15:09:22,3.2,18.7,running,4.5,18.7,49.6,2.0,27.6,1.3,17.9,4.4,10.2,3.9,18.2,2.2,24.3,1.4,9.8,3.1,11.1,3.6,7.6,4.0,7.1,2.7,21.3,3.1,13.5,4.0,20.4,2.7,10.8,1.3,12.3,3.6,5.8,0.9,6.7,1.3,16.2,0.9,5.8,5.4,4.4,3.6,7.6,2.7,3.1,4.5,8.4,2.2,0.0,0.0,0.0,0.0,0.0,0.0,0.0,0.0,0.0,0.0,0.0,0.0,0.0,0.0,0.0,0.0,0.0,0.0,0.0,0.0,0.0,0.0,0.0,0.0,0.0,0.0,0.0,0.0,0.0,0.0,0.0,0.0,0.0,0.0,0.0,0.0,0.0,0.0,0.0,0.0,0.0,0.0,0.0,0.0,0.0,0.0,0.0,0.0
2026-01-25 15:09:25,4.6,18.7,running,0.9,10.8,45.1,0.0,27.0,0.0,11.1,0.0,1.8,0.0,9.3,0.0,11.6,0.4,2.2,0.9,4.0,0.0,2.2,0.0,7.1,0.0,12.1,1.8,2.2,0.9,10.2,0.0,6.2,0.0,8.0,0.0,4.0,0.0,1.8,0.0,1.3,0.0,0.0,0.0,1.3,0.0,0.5,0.0,0.9,0.0,0.0,0.0,0.0,0.0,0.0,0.0,0.0,0.0,0.0,0.0,0.0,0.0,0.0,0.0,0.0,0.0,0.0,0.0,0.0,0.0,0.0,0.0,0.0,0.0,0.0,0.0,0.0,0.0,0.0,0.0,0.0,0.0,0.0,0.0,0.0,0.0,0.0,0.0,0.0,0.0,0.0,0.0,0.0,0.0,0.0,0.0,0.0,0.0,0.0,0.0
2026-01-25 15:09:29,2.5,25.0,running,0.4,15.9,36.2,0.0,19.6,0.0,7.6,0.0,4.9,0.0,15.1,0.0,6.7,0.0,1.8,0.0,0.9,0.0,1.4,0.0,8.0,0.0,5.8,0.0,2.7,0.0,6.2,0.0,2.2,0.0,7.6,0.0,0.9,0.4,0.0,0.4,2.7,0.4,0.0,0.0,0.0,0.9,0.0,0.0,0.0,0.4,0.0,0.0,0.0,0.0,0.0,0.0,0.0,0.0,0.0,0.0,0.0,0.0,0.0,0.0,0.0,0.0,0.0,0.0,0.0,0.0,0.0,0.0,0.0,0.0,0.0,0.0,0.0,0.0,0.0,0.0,0.0,0.0,0.0,0.0,0.0,0.0,0.0,0.0,0.0,0.0,0.0,0.0,0.0,0.0,0.0,0.0,0.0,0.0,0.0,0.0
2026-01-25 15:09:32,3.2,31.2,running,1.3,14.2,48.9,0.0,25.0,0.0,12.1,0.5,5.3,0.0,9.3,0.4,13.2,0.9,4.0,0.4,5.3,0.9,4.4,1.3,6.2,0.4,8.8,0.0,4.9,2.2,8.0,0.0,4.0,0.0,4.4,0.0,1.8,0.9,0.0,0.0,1.8,0.9,0.4,0.4,0.9,0.0,0.0,0.4,0.4,0.0,0.0,1.3,0.0,0.0,0.0,0.0,0.0,0.0,0.0,0.0,0.0,0.0,0.0,0.0,0.0,0.0,0.0,0.0,0.0,0.0,0.0,0.0,0.0,0.0,0.0,0.0,0.0,0.0,0.0,0.0,0.0,0.0,0.0,0.0,0.0,0.0,0.0,0.0,0.0,0.0,0.0,0.0,0.0,0.0,0.0,0.0,0.0,0.0,0.0,0.0
2026-01-25 15:09:36,5.1,28.1,running,0.4,6.2,41.5,0.4,18.6,0.4,10.6,0.4,5.8,0.8,7.1,0.0,4.5,0.0,4.0,0.0,1.8,0.9,0.9,0.9,4.0,1.3,6.2,0.0,4.4,0.9,8.8,0.0,1.3,0.0,8.9,0.0,4.0,0.4,0.4,0.0,1.8,1.3,0.0,3.5,1.8,0.4,1.8,0.0,2.2,0.0,2.2,0.4,0.0,0.0,0.0,0.0,0.0,0.0,0.0,0.0,0.0,0.0,0.0,0.0,0.0,0.0,0.0,0.0,0.0,0.0,0.0,0.0,0.0,0.0,0.0,0.0,0.0,0.0,0.0,0.0,0.0,0.0,0.0,0.0,0.0,0.0,0.0,0.0,0.0,0.0,0.0,0.0,0.0,0.0,0.0,0.0,0.0,0.0,0.0,0.0
2026-01-25 15:09:39,2.7,34.3,running,0.9,6.7,36.9,0.0,12.5,0.4,5.3,0.0,3.1,0.0,10.7,0.4,2.2,0.0,2.7,0.4,1.8,2.7,1.8,0.9,6.2,0.0,6.2,1.3,4.5,1.3,3.6,0.0,1.8,0.4,4.0,0.0,4.5,0.9,1.3,0.0,1.3,0.0,1.8,2.2,1.8,0.9,1.8,1.3,1.8,0.9,0.9,0.0,0.0,0.0,0.0,0.0,0.0,0.0,0.0,0.0,0.0,0.0,0.0,0.0,0.0,0.0,0.0,0.0,0.0,0.0,0.0,0.0,0.0,0.0,0.0,0.0,0.0,0.0,0.0,0.0,0.0,0.0,0.0,0.0,0.0,0.0,0.0,0.0,0.0,0.0,0.0,0.0,0.0,0.0,0.0,0.0,0.0,0.0,0.0,0.0
2026-01-25 15:09:43,9.6,31.2,running,3.6,41.2,46.2,0.4,30.4,2.7,24.8,1.8,16.9,4.0,30.2,0.4,26.5,0.9,16.0,3.2,14.2,4.4,12.9,1.3,15.0,0.4,14.7,2.2,10.2,3.1,19.0,1.8,12.9,2.2,11.2,3.6,10.7,1.3,3.6,1.8,11.6,0.4,4.9,7.1,4.5,1.3,4.0,2.2,5.3,1.8,5.8,2.2,0.0,0.0,0.0,0.0,0.0,0.0,0.0,0.0,0.0,0.0,0.0,0.0,0.0,0.0,0.0,0.0,0.0,0.0,0.0,0.0,0.0,0.0,0.0,0.0,0.0,0.0,0.0,0.0,0.0,0.0,0.0,0.0,0.0,0.0,0.0,0.0,0.0,0.0,0.0,0.0,0.0,0.0,0.0,0.0,0.0,0.0,0.0,0.0
2026-01-25 15:09:46,13.8,25.0,running,5.3,37.4,39.6,4.0,27.8,2.2,15.4,2.7,15.9,3.6,31.0,2.2,30.1,1.8,19.8,4.0,20.9,1.8,15.6,4.9,19.6,4.5,14.2,5.8,16.4,1.3,13.2,3.6,10.7,1.8,17.7,2.7,12.9,4.0,7.1,0.9,10.2,1.3,8.9,7.1,5.3,2.2,4.0,6.2,4.4,6.2,6.2,5.3,0.0,0.0,0.0,0.0,0.0,0.0,0.0,0.0,0.0,0.0,0.0,0.0,0.0,0.0,0.0,0.0,0.0,0.0,0.0,0.0,0.0,0.0,0.0,0.0,0.0,0.0,0.0,0.0,0.0,0.0,0.0,0.0,0.0,0.0,0.0,0.0,0.0,0.0,0.0,0.0,0.0,0.0,0.0,0.0,0.0,0.0,0.0,0.0
2026-01-25 15:09:50,8.7,31.2,running,3.6,39.4,40.8,2.7,21.0,2.7,17.3,3.1,17.9,3.1,32.4,3.1,22.9,1.3,16.4,3.7,15.0,0.9,11.5,9.3,16.4,1.3,16.5,8.8,15.4,1.8,9.8,2.2,6.7,0.9,12.9,1.3,9.8,2.7,4.5,0.4,12.9,1.3,3.1,3.6,2.2,2.7,3.6,4.9,3.6,7.6,5.4,4.0,0.0,0.0,0.0,0.0,0.0,0.0,0.0,0.0,0.0,0.0,0.0,0.0,0.0,0.0,0.0,0.0,0.0,0.0,0.0,0.0,0.0,0.0,0.0,0.0,0.0,0.0,0.0,0.0,0.0,0.0,0.0,0.0,0.0,0.0,0.0,0.0,0.0,0.0,0.0,0.0,0.0,0.0,0.0,0.0,0.0,0.0,0.0,0.0
2026-01-25 15:09:53,8.0,28.1,running,1.8,38.9,44.7,0.4,22.2,2.2,15.0,0.4,11.2,7.1,34.4,0.4,22.1,0.0,11.6,1.3,11.6,0.4,13.3,1.3,15.1,0.0,9.4,7.1,11.1,0.9,7.1,1.3,6.2,0.0,17.0,0.4,4.9,1.8,3.1,0.0,3.1,1.8,3.1,2.2,0.0,3.6,0.9,3.1,1.8,4.9,4.5,3.1,0.0,0.0,0.0,0.0,0.0,0.0,0.0,0.0,0.0,0.0,0.0,0.0,0.0,0.0,0.0,0.0,0.0,0.0,0.0,0.0,0.0,0.0,0.0,0.0,0.0,0.0,0.0,0.0,0.0,0.0,0.0,0.0,0.0,0.0,0.0,0.0,0.0,0.0,0.0,0.0,0.0,0.0,0.0,0.0,0.0,0.0,0.0,0.0
2026-01-25 15:09:57,7.0,37.5,running,2.2,28.6,45.4,1.8,30.5,0.4,11.6,3.1,10.3,2.7,34.7,1.8,17.8,0.0,13.7,0.9,13.8,0.9,7.6,5.8,14.2,0.4,10.7,4.5,8.0,0.4,6.2,0.9,7.2,0.0,23.7,0.9,8.9,2.2,2.7,0.0,3.6,0.0,2.7,1.8,3.1,1.3,1.3,3.6,0.4,2.2,1.3,1.8,0.0,0.0,0.0,0.0,0.0,0.0,0.0,0.0,0.0,0.0,0.0,0.0,0.0,0.0,0.0,0.0,0.0,0.0,0.0,0.0,0.0,0.0,0.0,0.0,0.0,0.0,0.0,0.0,0.0,0.0,0.0,0.0,0.0,0.0,0.0,0.0,0.0,0.0,0.0,0.0,0.0,0.0,0.0,0.0,0.0,0.0,0.0,0.0
2026-01-25 15:10:00,5.0,37.5,running,2.7,34.5,40.2,1.8,23.8,1.3,10.2,0.4,11.9,0.0,29.6,0.0,15.5,0.9,9.7,0.0,9.3,0.4,4.4,4.0,10.2,0.0,7.6,4.4,8.4,1.8,8.0,2.2,3.1,0.4,9.3,0.0,5.7,0.4,1.8,0.0,1.8,0.0,2.7,1.8,2.6,0.4,0.4,5.8,0.9,4.5,3.1,2.2,0.0,0.0,0.0,0.0,0.0,0.0,0.0,0.0,0.0,0.0,0.0,0.0,0.0,0.0,0.0,0.0,0.0,0.0,0.0,0.0,0.0,0.0,0.0,0.0,0.0,0.0,0.0,0.0,0.0,0.0,0.0,0.0,0.0,0.0,0.0,0.0,0.0,0.0,0.0,0.0,0.0,0.0,0.0,0.0,0.0,0.0,0.0,0.0
2026-01-25 15:10:04,4.4,37.5,running,0.4,38.2,39.4,0.0,17.3,0.9,8.0,0.4,7.1,0.4,23.9,0.4,15.1,0.9,5.8,0.9,7.1,0.4,4.5,2.2,11.1,0.0,5.8,0.4,5.3,0.0,4.5,1.3,2.2,0.4,6.6,0.4,4.9,0.4,0.4,0.0,2.2,0.4,1.3,0.0,0.0,0.0,0.4,0.9,0.0,0.0,0.4,0.4,0.0,0.0,0.0,0.0,0.0,0.0,0.0,0.0,0.0,0.0,0.0,0.0,0.0,0.0,0.0,0.0,0.0,0.0,0.0,0.0,0.0,0.0,0.0,0.0,0.0,0.0,0.0,0.0,0.0,0.0,0.0,0.0,0.0,0.0,0.0,0.0,0.0,0.0,0.0,0.0,0.0,0.0,0.0,0.0,0.0,0.0,0.0,0.0
2026-01-25 15:10:07,4.4,31.2,running,0.9,39.6,39.4,0.0,16.4,0.0,6.7,0.4,8.4,0.4,23.5,1.3,18.9,0.4,8.0,0.4,6.7,0.0,4.9,0.4,8.9,0.0,7.1,0.4,5.3,1.3,3.1,0.4,1.3,0.0,2.7,0.4,3.1,0.0,0.4,0.4,2.7,0.9,0.0,0.0,0.0,0.0,0.0,1.8,0.0,1.8,0.4,0.4,0.0,0.0,0.0,0.0,0.0,0.0,0.0,0.0,0.0,0.0,0.0,0.0,0.0,0.0,0.0,0.0,0.0,0.0,0.0,0.0,0.0,0.0,0.0,0.0,0.0,0.0,0.0,0.0,0.0,0.0,0.0,0.0,0.0,0.0,0.0,0.0,0.0,0.0,0.0,0.0,0.0,0.0,0.0,0.0,0.0,0.0,0.0,0.0
2026-01-25 15:10:11,5.2,31.2,running,2.2,41.3,41.3,0.9,16.1,0.4,6.7,0.9,6.2,0.9,25.0,0.0,15.6,0.4,4.5,0.4,6.7,0.0,5.4,0.9,7.1,0.0,7.1,0.0,3.6,1.3,4.9,0.0,1.3,0.4,4.5,0.4,4.9,0.4,0.9,0.0,1.3,0.9,0.0,0.4,0.0,0.4,0.0,1.8,0.9,0.9,0.9,0.9,0.0,0.0,0.0,0.0,0.0,0.0,0.0,0.0,0.0,0.0,0.0,0.0,0.0,0.0,0.0,0.0,0.0,0.0,0.0,0.0,0.0,0.0,0.0,0.0,0.0,0.0,0.0,0.0,0.0,0.0,0.0,0.0,0.0,0.0,0.0,0.0,0.0,0.0,0.0,0.0,0.0,0.0,0.0,0.0,0.0,0.0,0.0,0.0
2026-01-25 15:10:14,4.0,43.7,running,0.0,36.7,36.0,0.0,18.3,0.4,8.9,0.4,4.5,0.0,19.6,0.0,14.7,0.4,4.9,1.8,7.0,0.4,3.1,1.3,3.1,0.0,2.2,0.4,1.8,0.9,5.7,1.3,1.3,0.0,4.9,0.0,3.5,0.0,0.4,0.4,0.0,0.9,0.4,0.4,0.0,0.0,0.9,4.0,0.4,0.9,0.9,1.3,0.0,0.0,0.0,0.0,0.0,0.0,0.0,0.0,0.0,0.0,0.0,0.0,0.0,0.0,0.0,0.0,0.0,0.0,0.0,0.0,0.0,0.0,0.0,0.0,0.0,0.0,0.0,0.0,0.0,0.0,0.0,0.0,0.0,0.0,0.0,0.0,0.0,0.0,0.0,0.0,0.0,0.0,0.0,0.0,0.0,0.0,0.0,0.0
2026-01-25 15:10:18,4.5,31.2,running,4.0,42.0,37.3,0.4,18.7,0.9,6.7,0.4,7.1,0.0,23.1,0.0,14.7,0.0,4.9,0.4,7.1,0.0,3.1,1.4,8.4,0.0,4.9,0.4,1.3,0.9,4.9,2.2,4.0,0.9,5.7,0.9,5.3,0.0,0.0,0.0,0.4,0.0,0.5,0.9,0.4,0.9,0.9,2.7,0.0,1.8,1.3,0.9,0.0,0.0,0.0,0.0,0.0,0.0,0.0,0.0,0.0,0.0,0.0,0.0,0.0,0.0,0.0,0.0,0.0,0.0,0.0,0.0,0.0,0.0,0.0,0.0,0.0,0.0,0.0,0.0,0.0,0.0,0.0,0.0,0.0,0.0,0.0,0.0,0.0,0.0,0.0,0.0,0.0,0.0,0.0,0.0,0.0,0.0,0.0,0.0
2026-01-25 15:10:21,7.6,21.9,running,2.2,40.4,39.1,0.0,16.1,0.9,9.8,1.8,7.1,0.0,33.0,0.4,19.1,0.9,8.5,0.9,11.1,1.3,5.8,2.2,9.3,0.0,11.6,1.3,4.0,0.9,3.6,0.4,1.8,1.8,8.5,1.8,4.9,0.9,0.9,0.0,0.4,0.9,1.7,2.2,1.8,1.8,9.8,5.8,3.6,2.2,6.2,3.1,0.0,0.0,0.0,0.0,0.0,0.0,0.0,0.0,0.0,0.0,0.0,0.0,0.0,0.0,0.0,0.0,0.0,0.0,0.0,0.0,0.0,0.0,0.0,0.0,0.0,0.0,0.0,0.0,0.0,0.0,0.0,0.0,0.0,0.0,0.0,0.0,0.0,0.0,0.0,0.0,0.0,0.0,0.0,0.0,0.0,0.0,0.0,0.0
2026-01-25 15:10:25,11.9,37.5,running,5.3,35.6,41.2,0.0,20.8,4.0,16.8,1.3,14.7,3.1,39.2,2.7,20.4,0.0,12.9,3.1,22.1,0.9,12.4,5.7,18.9,0.9,28.0,2.2,15.4,0.4,12.4,3.1,8.9,3.6,16.8,1.8,13.3,0.4,1.8,0.0,5.8,1.8,4.4,2.7,3.5,3.9,8.8,4.8,12.0,4.0,7.6,5.8,0.0,0.0,0.0,0.0,0.0,0.0,0.0,0.0,0.0,0.0,0.0,0.0,0.0,0.0,0.0,0.0,0.0,0.0,0.0,0.0,0.0,0.0,0.0,0.0,0.0,0.0,0.0,0.0,0.0,0.0,0.0,0.0,0.0,0.0,0.0,0.0,0.0,0.0,0.0,0.0,0.0,0.0,0.0,0.0,0.0,0.0,0.0,0.0
2026-01-25 15:10:28,3.9,31.2,running,1.8,37.2,37.8,0.0,18.3,0.0,9.0,0.4,5.8,0.0,27.4,1.4,18.3,0.4,6.2,0.4,6.7,0.0,4.5,3.5,8.0,4.5,8.9,0.9,4.5,5.2,2.2,1.8,1.3,0.4,5.8,0.9,6.2,0.5,0.4,0.4,2.2,0.5,3.2,0.4,1.4,1.8,0.9,0.9,1.3,0.9,0.9,0.9,0.0,0.0,0.0,0.0,0.0,0.0,0.0,0.0,0.0,0.0,0.0,0.0,0.0,0.0,0.0,0.0,0.0,0.0,0.0,0.0,0.0,0.0,0.0,0.0,0.0,0.0,0.0,0.0,0.0,0.0,0.0,0.0,0.0,0.0,0.0,0.0,0.0,0.0,0.0,0.0,0.0,0.0,0.0,0.0,0.0,0.0,0.0,0.0
2026-01-25 15:10:32,5.9,34.3,running,1.3,39.4,38.4,0.0,21.2,0.0,8.0,0.0,8.0,0.0,27.7,0.0,17.4,0.4,7.1,0.9,13.7,0.4,5.8,1.8,8.5,21.2,25.0,1.3,8.9,0.4,7.6,1.3,5.3,0.4,5.4,0.0,5.4,0.4,1.8,0.0,0.9,0.9,1.8,0.0,0.0,0.9,1.3,1.3,1.3,4.4,1.3,2.2,0.0,0.0,0.0,0.0,0.0,0.0,0.0,0.0,0.0,0.0,0.0,0.0,0.0,0.0,0.0,0.0,0.0,0.0,0.0,0.0,0.0,0.0,0.0,0.0,0.0,0.0,0.0,0.0,0.0,0.0,0.0,0.0,0.0,0.0,0.0,0.0,0.0,0.0,0.0,0.0,0.0,0.0,0.0,0.0,0.0,0.0,0.0,0.0
2026-01-25 15:10:35,5.7,28.1,running,0.9,47.3,36.6,0.0,17.6,0.4,9.3,0.4,8.0,0.4,25.0,0.0,17.3,1.3,7.1,0.9,10.2,0.9,4.5,2.7,9.8,0.9,8.0,1.8,3.6,0.4,7.1,0.4,3.1,0.4,6.2,0.4,5.8,1.8,1.8,0.0,1.4,1.3,1.8,0.0,0.4,0.9,2.2,3.1,1.3,4.0,1.3,1.3,0.0,0.0,0.0,0.0,0.0,0.0,0.0,0.0,0.0,0.0,0.0,0.0,0.0,0.0,0.0,0.0,0.0,0.0,0.0,0.0,0.0,0.0,0.0,0.0,0.0,0.0,0.0,0.0,0.0,0.0,0.0,0.0,0.0,0.0,0.0,0.0,0.0,0.0,0.0,0.0,0.0,0.0,0.0,0.0,0.0,0.0,0.0,0.0
2026-01-25 15:10:39,10.4,37.5,running,0.9,35.7,38.4,0.4,18.3,1.3,11.9,0.4,9.8,1.8,35.7,1.8,19.2,0.0,10.7,2.2,12.4,0.0,8.5,0.9,12.4,1.3,21.3,1.3,9.8,0.0,6.7,1.3,5.8,0.0,15.0,1.3,5.4,3.6,2.2,0.0,3.1,2.7,0.9,1.8,0.9,2.2,1.8,4.4,2.7,1.3,6.7,1.8,0.0,0.0,0.0,0.0,0.0,0.0,0.0,0.0,0.0,0.0,0.0,0.0,0.0,0.0,0.0,0.0,0.0,0.0,0.0,0.0,0.0,0.0,0.0,0.0,0.0,0.0,0.0,0.0,0.0,0.0,0.0,0.0,0.0,0.0,0.0,0.0,0.0,0.0,0.0,0.0,0.0,0.0,0.0,0.0,0.0,0.0,0.0,0.0
2026-01-25 15:10:42,8.0,34.3,running,3.5,34.4,42.7,1.8,25.6,0.4,8.4,1.3,13.3,0.4,37.9,0.4,21.4,0.0,13.8,3.1,14.7,1.3,8.9,0.4,12.0,3.1,13.5,0.9,11.2,3.1,6.7,4.0,4.4,1.3,12.4,1.8,9.3,3.1,2.2,0.0,8.9,0.0,4.0,1.8,2.7,1.3,7.5,6.2,4.4,3.1,9.8,3.1,0.0,0.0,0.0,0.0,0.0,0.0,0.0,0.0,0.0,0.0,0.0,0.0,0.0,0.0,0.0,0.0,0.0,0.0,0.0,0.0,0.0,0.0,0.0,0.0,0.0,0.0,0.0,0.0,0.0,0.0,0.0,0.0,0.0,0.0,0.0,0.0,0.0,0.0,0.0,0.0,0.0,0.0,0.0,0.0,0.0,0.0,0.0,0.0
2026-01-25 15:10:46,8.9,31.2,running,0.0,35.8,43.0,0.9,22.7,0.0,11.2,2.2,12.8,0.0,40.1,0.4,15.9,3.6,8.4,1.8,14.6,0.4,8.0,0.0,13.7,2.6,14.2,4.0,14.7,3.6,5.3,1.3,0.9,1.8,18.1,0.9,7.1,0.9,5.4,0.4,4.9,0.0,3.1,6.2,0.9,3.6,1.8,6.7,1.3,1.8,5.3,2.7,0.0,0.0,0.0,0.0,0.0,0.0,0.0,0.0,0.0,0.0,0.0,0.0,0.0,0.0,0.0,0.0,0.0,0.0,0.0,0.0,0.0,0.0,0.0,0.0,0.0,0.0,0.0,0.0,0.0,0.0,0.0,0.0,0.0,0.0,0.0,0.0,0.0,0.0,0.0,0.0,0.0,0.0,0.0,0.0,0.0,0.0,0.0,0.0
2026-01-25 15:10:49,5.6,28.1,running,1.4,35.0,36.0,0.0,25.3,0.0,11.2,0.0,8.0,0.0,29.0,0.9,15.1,0.0,16.4,0.0,14.2,0.0,6.7,0.9,12.0,1.8,10.6,1.8,12.1,2.7,4.9,1.8,1.3,0.4,16.1,0.9,8.9,0.0,2.2,0.9,1.8,0.9,0.9,3.1,0.9,0.4,0.4,4.5,0.9,2.2,2.7,3.1,0.0,0.0,0.0,0.0,0.0,0.0,0.0,0.0,0.0,0.0,0.0,0.0,0.0,0.0,0.0,0.0,0.0,0.0,0.0,0.0,0.0,0.0,0.0,0.0,0.0,0.0,0.0,0.0,0.0,0.0,0.0,0.0,0.0,0.0,0.0,0.0,0.0,0.0,0.0,0.0,0.0,0.0,0.0,0.0,0.0,0.0,0.0,0.0
2026-01-25 15:10:53,7.0,28.1,running,1.8,35.7,33.5,1.8,26.2,0.0,13.2,0.9,11.9,0.9,34.1,1.3,23.7,0.0,14.6,1.3,14.2,0.0,10.2,1.8,13.6,4.4,17.7,1.3,11.9,0.4,6.2,2.7,7.5,1.3,18.1,0.9,7.1,3.1,3.5,1.3,2.2,0.0,0.0,4.4,0.0,1.3,1.8,5.4,3.5,4.0,5.7,1.8,0.0,0.0,0.0,0.0,0.0,0.0,0.0,0.0,0.0,0.0,0.0,0.0,0.0,0.0,0.0,0.0,0.0,0.0,0.0,0.0,0.0,0.0,0.0,0.0,0.0,0.0,0.0,0.0,0.0,0.0,0.0,0.0,0.0,0.0,0.0,0.0,0.0,0.0,0.0,0.0,0.0,0.0,0.0,0.0,0.0,0.0,0.0,0.0
2026-01-25 15:10:56,5.1,31.2,running,1.3,38.9,37.3,0.4,20.4,1.8,15.2,3.1,11.1,0.9,36.3,0.0,18.7,0.0,9.8,0.4,8.0,0.5,6.8,2.7,11.2,3.1,13.3,2.2,4.5,0.4,6.2,0.4,6.7,0.0,11.1,0.4,8.4,2.2,3.1,0.0,2.7,0.0,0.9,3.1,0.0,0.0,1.3,3.6,1.3,3.1,6.7,5.3,0.0,0.0,0.0,0.0,0.0,0.0,0.0,0.0,0.0,0.0,0.0,0.0,0.0,0.0,0.0,0.0,0.0,0.0,0.0,0.0,0.0,0.0,0.0,0.0,0.0,0.0,0.0,0.0,0.0,0.0,0.0,0.0,0.0,0.0,0.0,0.0,0.0,0.0,0.0,0.0,0.0,0.0,0.0,0.0,0.0,0.0,0.0,0.0
2026-01-25 15:11:00,4.9,31.2,running,0.9,40.0,42.9,0.0,23.7,1.3,8.0,0.0,8.5,0.0,27.9,0.0,16.0,0.0,6.7,1.3,8.9,0.4,5.8,0.4,8.8,0.4,8.5,0.4,4.0,0.0,4.5,0.9,6.2,0.0,3.1,0.0,4.5,0.0,0.4,0.0,1.3,0.0,0.4,1.3,0.0,1.3,1.3,0.9,0.9,0.9,1.3,2.2,0.0,0.0,0.0,0.0,0.0,0.0,0.0,0.0,0.0,0.0,0.0,0.0,0.0,0.0,0.0,0.0,0.0,0.0,0.0,0.0,0.0,0.0,0.0,0.0,0.0,0.0,0.0,0.0,0.0,0.0,0.0,0.0,0.0,0.0,0.0,0.0,0.0,0.0,0.0,0.0,0.0,0.0,0.0,0.0,0.0,0.0,0.0,0.0
2026-01-25 15:11:03,5.6,25.0,running,0.9,41.2,43.0,1.8,16.5,0.4,8.4,0.4,5.3,0.0,25.9,0.0,13.3,0.0,9.8,0.0,9.4,0.0,5.8,0.9,8.5,0.0,9.4,1.3,4.9,0.9,7.1,0.4,4.0,0.0,3.6,0.0,5.8,0.0,0.4,0.0,2.7,0.0,0.9,0.0,0.9,2.7,0.0,0.0,0.4,0.4,0.4,0.9,0.0,0.0,0.0,0.0,0.0,0.0,0.0,0.0,0.0,0.0,0.0,0.0,0.0,0.0,0.0,0.0,0.0,0.0,0.0,0.0,0.0,0.0,0.0,0.0,0.0,0.0,0.0,0.0,0.0,0.0,0.0,0.0,0.0,0.0,0.0,0.0,0.0,0.0,0.0,0.0,0.0,0.0,0.0,0.0,0.0,0.0,0.0,0.0
2026-01-25 15:11:07,5.0,31.2,running,1.3,43.4,37.2,0.0,18.2,0.4,6.7,0.4,8.0,0.4,28.0,0.0,16.8,0.0,9.7,0.0,8.4,0.0,4.5,0.9,9.3,0.0,9.3,0.4,4.9,0.4,4.4,1.3,4.0,0.0,3.6,0.0,4.9,0.4,0.0,0.0,1.3,0.0,0.4,1.3,0.0,1.8,0.0,1.8,0.4,2.7,1.3,2.7,0.0,0.0,0.0,0.0,0.0,0.0,0.0,0.0,0.0,0.0,0.0,0.0,0.0,0.0,0.0,0.0,0.0,0.0,0.0,0.0,0.0,0.0,0.0,0.0,0.0,0.0,0.0,0.0,0.0,0.0,0.0,0.0,0.0,0.0,0.0,0.0,0.0,0.0,0.0,0.0,0.0,0.0,0.0,0.0,0.0,0.0,0.0,0.0
2026-01-25 15:11:11,5.0,21.9,running,0.9,44.2,43.6,0.0,12.9,0.4,6.2,0.4,6.7,0.0,27.6,0.0,20.4,0.0,7.1,1.3,7.1,0.0,3.6,1.8,8.9,0.4,9.3,0.0,3.1,0.4,4.9,1.8,1.8,0.0,7.1,0.9,5.8,0.0,1.3,0.0,0.9,0.0,0.9,0.4,0.0,0.4,1.3,0.9,0.4,1.3,0.4,1.3,0.0,0.0,0.0,0.0,0.0,0.0,0.0,0.0,0.0,0.0,0.0,0.0,0.0,0.0,0.0,0.0,0.0,0.0,0.0,0.0,0.0,0.0,0.0,0.0,0.0,0.0,0.0,0.0,0.0,0.0,0.0,0.0,0.0,0.0,0.0,0.0,0.0,0.0,0.0,0.0,0.0,0.0,0.0,0.0,0.0,0.0,0.0,0.0
2026-01-25 15:11:14,4.8,37.5,running,0.0,46.3,34.5,0.0,16.9,0.0,5.8,0.0,5.4,0.0,28.6,0.0,13.4,0.0,8.0,0.0,7.6,0.0,4.0,0.9,6.7,0.0,10.2,0.0,3.6,0.0,4.0,0.4,3.6,0.4,6.7,0.4,4.9,0.4,0.4,0.0,0.9,0.0,0.9,0.0,0.4,0.9,0.4,0.0,0.0,0.0,0.4,0.0,0.0,0.0,0.0,0.0,0.0,0.0,0.0,0.0,0.0,0.0,0.0,0.0,0.0,0.0,0.0,0.0,0.0,0.0,0.0,0.0,0.0,0.0,0.0,0.0,0.0,0.0,0.0,0.0,0.0,0.0,0.0,0.0,0.0,0.0,0.0,0.0,0.0,0.0,0.0,0.0,0.0,0.0,0.0,0.0,0.0,0.0,0.0,0.0
2026-01-25 15:11:18,4.7,40.6,running,0.0,43.3,41.0,0.4,13.3,0.9,4.4,0.4,3.6,0.0,29.5,0.0,15.1,0.0,8.3,0.4,6.2,1.8,4.4,0.9,8.9,0.0,7.6,1.8,4.5,0.4,5.4,0.0,3.1,0.0,4.0,0.0,3.1,0.0,1.3,0.9,0.9,0.4,0.0,0.4,0.4,2.2,0.0,0.0,0.9,0.9,0.9,0.9,0.0,0.0,0.0,0.0,0.0,0.0,0.0,0.0,0.0,0.0,0.0,0.0,0.0,0.0,0.0,0.0,0.0,0.0,0.0,0.0,0.0,0.0,0.0,0.0,0.0,0.0,0.0,0.0,0.0,0.0,0.0,0.0,0.0,0.0,0.0,0.0,0.0,0.0,0.0,0.0,0.0,0.0,0.0,0.0,0.0,0.0,0.0,0.0
2026-01-25 15:11:21,5.8,34.3,running,0.4,41.3,36.7,0.4,17.5,0.4,6.2,0.4,5.4,0.4,28.6,0.0,18.8,0.4,5.8,0.0,7.6,0.0,4.0,0.4,9.3,0.9,9.8,0.0,5.4,0.4,5.3,0.4,3.1,0.0,5.4,0.0,5.3,0.4,0.9,0.4,1.8,0.0,0.4,0.4,0.0,0.0,0.0,1.8,1.8,1.8,0.4,0.4,0.0,0.0,0.0,0.0,0.0,0.0,0.0,0.0,0.0,0.0,0.0,0.0,0.0,0.0,0.0,0.0,0.0,0.0,0.0,0.0,0.0,0.0,0.0,0.0,0.0,0.0,0.0,0.0,0.0,0.0,0.0,0.0,0.0,0.0,0.0,0.0,0.0,0.0,0.0,0.0,0.0,0.0,0.0,0.0,0.0,0.0,0.0,0.0
2026-01-25 15:11:25,5.4,37.4,running,0.4,39.7,41.1,1.3,18.8,1.8,6.2,0.4,8.0,0.0,31.0,0.0,16.4,0.0,5.8,0.0,8.8,0.9,5.3,0.4,6.6,1.3,10.6,0.4,6.6,2.2,4.0,0.9,4.9,0.0,4.0,0.0,3.6,1.8,0.4,0.9,3.1,0.4,0.9,2.2,0.0,0.0,0.4,1.3,0.0,1.3,0.9,1.3,0.0,0.0,0.0,0.0,0.0,0.0,0.0,0.0,0.0,0.0,0.0,0.0,0.0,0.0,0.0,0.0,0.0,0.0,0.0,0.0,0.0,0.0,0.0,0.0,0.0,0.0,0.0,0.0,0.0,0.0,0.0,0.0,0.0,0.0,0.0,0.0,0.0,0.0,0.0,0.0,0.0,0.0,0.0,0.0,0.0,0.0,0.0,0.0
2026-01-25 15:11:28,4.4,25.0,running,0.4,38.7,37.9,0.0,12.9,0.4,8.0,0.4,7.6,0.0,28.4,0.0,15.9,0.0,6.3,0.0,7.1,0.9,4.0,1.8,9.4,0.9,8.9,0.9,4.0,1.8,6.6,0.9,3.6,0.4,3.6,0.0,5.4,0.4,1.3,1.8,0.9,0.0,0.0,0.0,0.0,0.4,0.4,0.0,2.7,1.8,0.9,0.4,0.0,0.0,0.0,0.0,0.0,0.0,0.0,0.0,0.0,0.0,0.0,0.0,0.0,0.0,0.0,0.0,0.0,0.0,0.0,0.0,0.0,0.0,0.0,0.0,0.0,0.0,0.0,0.0,0.0,0.0,0.0,0.0,0.0,0.0,0.0,0.0,0.0,0.0,0.0,0.0,0.0,0.0,0.0,0.0,0.0,0.0,0.0,0.0
2026-01-25 15:11:32,5.1,43.7,running,0.4,40.7,32.1,0.9,17.0,0.9,5.9,0.4,4.4,0.0,25.3,0.0,12.4,0.4,4.0,1.3,4.9,0.9,3.6,1.3,8.4,0.9,7.6,0.0,4.4,1.3,4.9,0.9,3.1,0.4,4.5,0.0,5.8,0.9,1.8,2.2,1.3,0.0,0.0,1.8,0.0,0.9,0.0,1.3,1.3,0.0,0.9,0.0,0.0,0.0,0.0,0.0,0.0,0.0,0.0,0.0,0.0,0.0,0.0,0.0,0.0,0.0,0.0,0.0,0.0,0.0,0.0,0.0,0.0,0.0,0.0,0.0,0.0,0.0,0.0,0.0,0.0,0.0,0.0,0.0,0.0,0.0,0.0,0.0,0.0,0.0,0.0,0.0,0.0,0.0,0.0,0.0,0.0,0.0,0.0,0.0
2026-01-25 15:11:35,4.5,21.9,running,0.4,43.8,35.7,0.4,16.4,0.4,8.4,0.4,4.0,0.4,21.2,0.0,15.2,0.0,4.0,1.8,4.9,0.0,2.2,1.8,5.7,0.0,6.7,0.0,2.7,0.9,4.0,0.0,0.4,0.0,6.2,0.0,4.0,0.9,0.9,0.9,0.4,0.0,0.9,0.9,0.0,0.9,0.0,1.8,0.0,1.3,0.9,1.8,0.0,0.0,0.0,0.0,0.0,0.0,0.0,0.0,0.0,0.0,0.0,0.0,0.0,0.0,0.0,0.0,0.0,0.0,0.0,0.0,0.0,0.0,0.0,0.0,0.0,0.0,0.0,0.0,0.0,0.0,0.0,0.0,0.0,0.0,0.0,0.0,0.0,0.0,0.0,0.0,0.0,0.0,0.0,0.0,0.0,0.0,0.0,0.0
2026-01-25 15:11:39,5.9,31.2,running,0.4,37.4,37.3,0.0,21.8,0.5,9.3,0.4,8.9,0.5,28.0,0.0,15.6,0.5,5.8,0.4,8.0,0.0,4.4,0.0,10.1,0.0,8.4,0.9,2.7,1.3,3.6,0.0,2.7,0.5,14.3,0.5,5.3,1.8,1.3,0.0,0.9,0.0,0.0,0.4,0.0,1.3,0.0,0.9,0.4,0.4,1.8,0.4,0.0,0.0,0.0,0.0,0.0,0.0,0.0,0.0,0.0,0.0,0.0,0.0,0.0,0.0,0.0,0.0,0.0,0.0,0.0,0.0,0.0,0.0,0.0,0.0,0.0,0.0,0.0,0.0,0.0,0.0,0.0,0.0,0.0,0.0,0.0,0.0,0.0,0.0,0.0,0.0,0.0,0.0,0.0,0.0,0.0,0.0,0.0,0.0
2026-01-25 15:11:42,3.8,43.7,running,0.9,36.0,38.3,0.0,22.3,0.0,9.4,1.3,4.4,0.0,24.0,0.0,12.4,0.4,1.8,1.3,2.2,0.4,0.9,0.4,5.8,0.4,3.6,0.0,1.3,0.4,1.8,0.0,2.2,0.0,16.9,0.0,5.8,0.4,1.3,1.8,1.8,0.0,0.0,0.4,0.0,0.0,0.4,0.9,0.9,3.1,0.0,1.3,0.0,0.0,0.0,0.0,0.0,0.0,0.0,0.0,0.0,0.0,0.0,0.0,0.0,0.0,0.0,0.0,0.0,0.0,0.0,0.0,0.0,0.0,0.0,0.0,0.0,0.0,0.0,0.0,0.0,0.0,0.0,0.0,0.0,0.0,0.0,0.0,0.0,0.0,0.0,0.0,0.0,0.0,0.0,0.0,0.0,0.0,0.0,0.0
2026-01-25 15:11:46,4.3,28.1,running,0.4,32.1,42.2,0.4,26.2,0.0,8.9,1.3,8.8,0.4,25.6,0.0,13.8,0.0,4.0,0.4,9.7,1.8,4.5,0.4,7.1,0.0,4.9,0.4,4.0,1.3,4.4,1.3,1.8,0.0,18.3,0.0,6.2,0.0,0.9,1.8,1.8,0.0,0.0,1.3,0.4,0.9,0.0,1.3,0.0,0.4,1.3,0.9,0.0,0.0,0.0,0.0,0.0,0.0,0.0,0.0,0.0,0.0,0.0,0.0,0.0,0.0,0.0,0.0,0.0,0.0,0.0,0.0,0.0,0.0,0.0,0.0,0.0,0.0,0.0,0.0,0.0,0.0,0.0,0.0,0.0,0.0,0.0,0.0,0.0,0.0,0.0,0.0,0.0,0.0,0.0,0.0,0.0,0.0,0.0,0.0
2026-01-25 15:11:49,4.9,50.0,running,0.0,38.9,37.6,0.0,28.9,0.4,15.1,0.4,6.2,0.0,24.3,0.0,15.5,0.9,2.7,0.9,4.9,0.9,3.6,0.4,4.9,0.0,5.8,0.4,4.0,0.0,4.4,1.8,3.1,0.4,21.4,0.0,2.7,0.9,1.3,0.0,0.9,0.0,0.0,0.4,0.0,0.0,0.4,0.4,0.4,1.3,0.0,0.4,0.0,0.0,0.0,0.0,0.0,0.0,0.0,0.0,0.0,0.0,0.0,0.0,0.0,0.0,0.0,0.0,0.0,0.0,0.0,0.0,0.0,0.0,0.0,0.0,0.0,0.0,0.0,0.0,0.0,0.0,0.0,0.0,0.0,0.0,0.0,0.0,0.0,0.0,0.0,0.0,0.0,0.0,0.0,0.0,0.0,0.0,0.0,0.0
2026-01-25 15:11:53,5.2,34.3,running,1.8,32.0,41.9,0.0,21.1,0.4,9.0,2.7,8.0,0.4,30.7,0.0,13.2,0.0,6.2,0.0,9.7,0.4,5.3,1.3,8.0,0.9,7.1,1.3,2.7,0.4,8.0,0.4,2.2,0.0,21.0,0.0,8.0,0.0,0.9,3.1,2.2,0.0,0.4,2.7,1.8,0.9,0.4,0.4,2.7,1.3,1.3,0.9,0.0,0.0,0.0,0.0,0.0,0.0,0.0,0.0,0.0,0.0,0.0,0.0,0.0,0.0,0.0,0.0,0.0,0.0,0.0,0.0,0.0,0.0,0.0,0.0,0.0,0.0,0.0,0.0,0.0,0.0,0.0,0.0,0.0,0.0,0.0,0.0,0.0,0.0,0.0,0.0,0.0,0.0,0.0,0.0,0.0,0.0,0.0,0.0
2026-01-25 15:11:56,4.9,31.2,running,0.4,42.9,41.7,0.4,24.3,0.0,9.3,0.4,4.9,0.0,23.6,0.0,16.5,0.4,5.8,0.4,8.8,0.0,3.6,0.0,7.9,0.4,5.7,0.0,2.2,1.8,5.8,1.8,0.4,0.0,16.6,0.0,4.5,0.0,0.4,0.4,0.0,0.4,0.0,0.0,0.0,0.0,0.9,0.4,0.0,0.4,0.0,0.0,0.0,0.0,0.0,0.0,0.0,0.0,0.0,0.0,0.0,0.0,0.0,0.0,0.0,0.0,0.0,0.0,0.0,0.0,0.0,0.0,0.0,0.0,0.0,0.0,0.0,0.0,0.0,0.0,0.0,0.0,0.0,0.0,0.0,0.0,0.0,0.0,0.0,0.0,0.0,0.0,0.0,0.0,0.0,0.0,0.0,0.0,0.0,0.0
2026-01-25 15:12:00,4.2,18.7,running,0.4,34.8,37.1,0.9,21.0,0.9,7.6,0.0,4.5,0.0,24.6,0.0,14.7,0.0,6.2,1.3,4.5,0.0,3.1,0.9,8.4,0.4,3.6,0.9,3.6,0.4,4.5,1.3,3.1,0.0,22.0,0.0,6.7,0.0,1.3,0.4,1.8,0.4,0.9,0.4,0.9,0.9,0.9,0.9,1.8,0.9,0.9,0.9,0.0,0.0,0.0,0.0,0.0,0.0,0.0,0.0,0.0,0.0,0.0,0.0,0.0,0.0,0.0,0.0,0.0,0.0,0.0,0.0,0.0,0.0,0.0,0.0,0.0,0.0,0.0,0.0,0.0,0.0,0.0,0.0,0.0,0.0,0.0,0.0,0.0,0.0,0.0,0.0,0.0,0.0,0.0,0.0,0.0,0.0,0.0,0.0
2026-01-25 15:12:03,4.9,40.6,running,1.3,33.2,38.5,0.9,25.8,0.9,8.0,0.4,6.2,0.0,25.6,0.0,18.2,0.0,3.6,0.0,7.6,0.0,4.0,0.0,6.2,0.0,4.5,0.4,3.6,0.9,3.6,0.4,4.4,0.0,21.4,0.0,6.2,0.0,2.7,0.0,2.2,0.0,0.5,0.9,0.0,0.4,0.4,0.4,0.4,0.0,0.4,0.0,0.0,0.0,0.0,0.0,0.0,0.0,0.0,0.0,0.0,0.0,0.0,0.0,0.0,0.0,0.0,0.0,0.0,0.0,0.0,0.0,0.0,0.0,0.0,0.0,0.0,0.0,0.0,0.0,0.0,0.0,0.0,0.0,0.0,0.0,0.0,0.0,0.0,0.0,0.0,0.0,0.0,0.0,0.0,0.0,0.0,0.0,0.0,0.0
2026-01-25 15:12:07,5.0,28.1,running,3.1,36.4,44.6,0.0,22.2,0.9,8.9,0.9,5.3,0.0,26.5,0.0,13.2,0.0,4.4,0.0,5.8,0.9,4.5,0.4,7.6,0.0,3.6,0.4,3.1,1.3,4.9,2.7,4.0,0.4,18.8,0.0,4.0,0.4,1.8,0.9,3.6,0.4,0.4,0.9,1.3,0.4,1.3,0.4,0.0,0.0,0.4,0.4,0.0,0.0,0.0,0.0,0.0,0.0,0.0,0.0,0.0,0.0,0.0,0.0,0.0,0.0,0.0,0.0,0.0,0.0,0.0,0.0,0.0,0.0,0.0,0.0,0.0,0.0,0.0,0.0,0.0,0.0,0.0,0.0,0.0,0.0,0.0,0.0,0.0,0.0,0.0,0.0,0.0,0.0,0.0,0.0,0.0,0.0,0.0,0.0
2026-01-25 15:12:10,3.7,28.1,running,0.0,34.5,37.4,0.0,19.0,0.9,9.9,0.4,4.9,0.0,24.9,0.0,13.8,0.0,4.0,0.0,4.0,0.4,3.1,0.4,4.0,0.4,3.1,0.0,0.9,1.8,4.0,0.4,1.3,0.4,19.6,0.0,4.9,0.0,1.3,1.3,0.4,0.0,1.3,0.4,0.9,0.4,0.9,2.7,0.4,0.4,0.4,0.0,0.0,0.0,0.0,0.0,0.0,0.0,0.0,0.0,0.0,0.0,0.0,0.0,0.0,0.0,0.0,0.0,0.0,0.0,0.0,0.0,0.0,0.0,0.0,0.0,0.0,0.0,0.0,0.0,0.0,0.0,0.0,0.0,0.0,0.0,0.0,0.0,0.0,0.0,0.0,0.0,0.0,0.0,0.0,0.0,0.0,0.0,0.0,0.0
2026-01-25 15:12:14,5.3,25.0,running,1.8,39.1,45.5,0.4,21.8,0.0,8.5,0.0,7.1,0.0,29.8,0.4,15.0,0.4,4.5,0.9,4.0,0.4,2.7,0.0,4.0,0.0,4.0,0.9,4.5,1.8,4.0,0.0,4.4,0.0,16.9,0.4,3.6,0.4,0.9,0.9,3.1,0.0,0.4,0.0,0.0,0.0,0.4,0.4,1.3,0.4,1.3,0.9,0.0,0.0,0.0,0.0,0.0,0.0,0.0,0.0,0.0,0.0,0.0,0.0,0.0,0.0,0.0,0.0,0.0,0.0,0.0,0.0,0.0,0.0,0.0,0.0,0.0,0.0,0.0,0.0,0.0,0.0,0.0,0.0,0.0,0.0,0.0,0.0,0.0,0.0,0.0,0.0,0.0,0.0,0.0,0.0,0.0,0.0,0.0,0.0
2026-01-25 15:12:17,4.8,37.5,running,0.0,36.4,34.7,0.0,20.4,0.0,8.4,0.0,4.9,0.0,25.0,0.0,14.3,1.3,4.5,0.9,6.2,0.9,4.0,0.4,6.2,0.4,5.8,0.4,3.6,1.3,2.2,0.4,0.9,0.0,18.3,0.0,3.1,0.4,0.0,0.4,0.9,0.0,0.4,0.9,0.0,0.4,0.0,0.4,1.3,0.4,0.4,0.4,0.0,0.0,0.0,0.0,0.0,0.0,0.0,0.0,0.0,0.0,0.0,0.0,0.0,0.0,0.0,0.0,0.0,0.0,0.0,0.0,0.0,0.0,0.0,0.0,0.0,0.0,0.0,0.0,0.0,0.0,0.0,0.0,0.0,0.0,0.0,0.0,0.0,0.0,0.0,0.0,0.0,0.0,0.0,0.0,0.0,0.0,0.0,0.0
2026-01-25 15:12:21,4.5,43.7,running,0.4,37.1,39.3,0.9,25.0,0.9,9.4,0.4,6.2,0.5,28.0,0.0,17.9,0.5,4.9,0.0,6.2,0.0,3.6,0.0,7.1,0.9,5.8,0.0,4.0,1.3,5.4,0.4,1.3,0.0,16.1,0.4,5.8,0.4,3.1,0.9,1.8,0.0,0.0,0.4,0.4,1.3,0.0,2.2,0.9,1.8,0.0,0.9,0.0,0.0,0.0,0.0,0.0,0.0,0.0,0.0,0.0,0.0,0.0,0.0,0.0,0.0,0.0,0.0,0.0,0.0,0.0,0.0,0.0,0.0,0.0,0.0,0.0,0.0,0.0,0.0,0.0,0.0,0.0,0.0,0.0,0.0,0.0,0.0,0.0,0.0,0.0,0.0,0.0,0.0,0.0,0.0,0.0,0.0,0.0,0.0
2026-01-25 15:12:24,4.9,31.2,running,0.0,40.6,38.9,0.0,21.9,0.0,8.0,0.0,5.8,0.0,24.8,0.0,16.4,0.0,3.1,1.3,7.1,0.4,4.0,0.4,9.3,0.0,7.6,0.0,4.5,0.4,5.3,0.0,1.8,0.4,18.7,0.0,5.8,0.9,0.9,1.3,0.4,0.0,0.0,0.9,0.0,0.0,0.0,0.4,0.0,0.4,1.3,0.4,0.0,0.0,0.0,0.0,0.0,0.0,0.0,0.0,0.0,0.0,0.0,0.0,0.0,0.0,0.0,0.0,0.0,0.0,0.0,0.0,0.0,0.0,0.0,0.0,0.0,0.0,0.0,0.0,0.0,0.0,0.0,0.0,0.0,0.0,0.0,0.0,0.0,0.0,0.0,0.0,0.0,0.0,0.0,0.0,0.0,0.0,0.0,0.0
2026-01-25 15:12:28,5.4,12.5,running,0.9,33.5,38.6,0.0,23.1,0.0,8.0,0.4,6.7,0.0,25.6,0.4,12.5,0.4,6.7,0.9,5.8,0.0,3.1,0.4,6.6,0.4,5.4,0.0,3.1,0.0,5.4,2.2,3.1,0.0,17.4,0.0,4.4,0.4,1.8,0.9,0.9,0.0,0.4,0.4,0.0,0.0,0.0,0.0,0.9,0.9,0.9,0.0,0.0,0.0,0.0,0.0,0.0,0.0,0.0,0.0,0.0,0.0,0.0,0.0,0.0,0.0,0.0,0.0,0.0,0.0,0.0,0.0,0.0,0.0,0.0,0.0,0.0,0.0,0.0,0.0,0.0,0.0,0.0,0.0,0.0,0.0,0.0,0.0,0.0,0.0,0.0,0.0,0.0,0.0,0.0,0.0,0.0,0.0,0.0,0.0
2026-01-25 15:12:31,4.6,28.1,running,0.4,38.2,39.5,0.4,25.0,0.4,8.9,0.0,6.2,0.0,25.8,1.3,15.2,0.0,3.6,0.0,7.1,0.0,2.7,0.0,5.3,0.0,3.6,0.0,1.3,2.2,4.9,1.3,2.7,0.0,19.6,0.0,5.4,0.0,2.7,0.9,1.8,0.4,0.9,0.0,0.0,0.4,0.4,1.3,0.4,1.8,0.9,1.3,0.0,0.0,0.0,0.0,0.0,0.0,0.0,0.0,0.0,0.0,0.0,0.0,0.0,0.0,0.0,0.0,0.0,0.0,0.0,0.0,0.0,0.0,0.0,0.0,0.0,0.0,0.0,0.0,0.0,0.0,0.0,0.0,0.0,0.0,0.0,0.0,0.0,0.0,0.0,0.0,0.0,0.0,0.0,0.0,0.0,0.0,0.0,0.0
2026-01-25 15:12:35,4.4,25.0,running,0.0,38.4,33.3,0.4,21.1,0.0,9.8,0.0,4.5,0.0,23.0,0.0,15.6,0.0,5.8,0.0,7.6,0.0,4.5,0.4,4.0,0.9,4.9,1.3,3.1,1.8,3.1,0.4,0.9,0.4,19.2,0.4,4.0,0.4,1.3,0.0,0.4,0.0,0.0,0.0,0.0,0.4,0.9,0.4,1.3,0.4,1.3,0.0,0.0,0.0,0.0,0.0,0.0,0.0,0.0,0.0,0.0,0.0,0.0,0.0,0.0,0.0,0.0,0.0,0.0,0.0,0.0,0.0,0.0,0.0,0.0,0.0,0.0,0.0,0.0,0.0,0.0,0.0,0.0,0.0,0.0,0.0,0.0,0.0,0.0,0.0,0.0,0.0,0.0,0.0,0.0,0.0,0.0,0.0,0.0,0.0
2026-01-25 15:12:38,4.8,37.5,running,0.9,33.8,43.1,0.9,26.0,0.9,8.5,0.0,7.6,0.0,25.3,0.0,16.0,0.0,5.8,0.0,10.5,0.0,5.3,0.0,9.7,0.9,6.2,0.4,4.0,0.4,5.4,1.8,3.6,0.0,20.5,0.0,5.3,0.0,2.2,0.0,1.8,0.0,0.0,0.0,0.0,0.0,0.0,0.0,1.8,0.0,0.0,0.0,0.0,0.0,0.0,0.0,0.0,0.0,0.0,0.0,0.0,0.0,0.0,0.0,0.0,0.0,0.0,0.0,0.0,0.0,0.0,0.0,0.0,0.0,0.0,0.0,0.0,0.0,0.0,0.0,0.0,0.0,0.0,0.0,0.0,0.0,0.0,0.0,0.0,0.0,0.0,0.0,0.0,0.0,0.0,0.0,0.0,0.0,0.0,0.0
2026-01-25 15:12:42,4.4,34.3,running,0.4,40.0,36.9,0.0,16.5,0.0,6.7,0.0,5.8,0.0,22.7,0.4,17.3,0.0,3.6,1.8,4.5,0.0,3.6,0.4,6.7,0.9,4.9,0.0,1.3,2.2,2.7,0.4,0.9,0.0,19.6,0.4,7.6,0.0,0.0,1.3,1.3,0.0,0.0,0.0,0.0,0.4,0.0,0.0,0.0,0.0,0.0,0.4,0.0,0.0,0.0,0.0,0.0,0.0,0.0,0.0,0.0,0.0,0.0,0.0,0.0,0.0,0.0,0.0,0.0,0.0,0.0,0.0,0.0,0.0,0.0,0.0,0.0,0.0,0.0,0.0,0.0,0.0,0.0,0.0,0.0,0.0,0.0,0.0,0.0,0.0,0.0,0.0,0.0,0.0,0.0,0.0,0.0,0.0,0.0,0.0
2026-01-25 15:12:45,5.1,18.7,running,0.4,34.1,35.5,0.4,18.3,0.9,6.7,0.5,6.2,0.0,27.9,0.0,15.9,0.0,4.9,2.2,5.8,0.4,3.1,0.9,6.7,0.9,2.7,0.0,4.4,2.7,7.6,0.4,3.1,0.0,18.3,0.9,3.6,0.0,2.7,0.4,1.3,0.9,0.0,1.4,0.0,0.9,0.0,0.9,0.0,1.3,3.5,0.9,0.0,0.0,0.0,0.0,0.0,0.0,0.0,0.0,0.0,0.0,0.0,0.0,0.0,0.0,0.0,0.0,0.0,0.0,0.0,0.0,0.0,0.0,0.0,0.0,0.0,0.0,0.0,0.0,0.0,0.0,0.0,0.0,0.0,0.0,0.0,0.0,0.0,0.0,0.0,0.0,0.0,0.0,0.0,0.0,0.0,0.0,0.0,0.0
2026-01-25 15:12:49,4.2,21.8,running,0.4,37.4,41.8,0.4,23.2,0.9,14.2,0.4,4.9,0.0,26.0,0.0,15.6,0.0,4.0,1.3,7.6,0.0,2.7,0.9,5.3,1.8,2.7,0.9,3.5,0.4,3.6,0.0,3.6,0.4,17.0,0.4,6.7,0.4,1.8,0.0,1.3,0.0,0.9,1.3,1.3,2.7,1.3,0.4,1.3,0.4,0.4,1.7,0.0,0.0,0.0,0.0,0.0,0.0,0.0,0.0,0.0,0.0,0.0,0.0,0.0,0.0,0.0,0.0,0.0,0.0,0.0,0.0,0.0,0.0,0.0,0.0,0.0,0.0,0.0,0.0,0.0,0.0,0.0,0.0,0.0,0.0,0.0,0.0,0.0,0.0,0.0,0.0,0.0,0.0,0.0,0.0,0.0,0.0,0.0,0.0
2026-01-25 15:12:52,7.7,40.6,running,1.3,38.3,37.3,0.4,22.8,2.7,9.3,0.9,12.9,0.0,28.3,0.0,15.6,2.2,9.4,0.9,11.1,0.4,7.1,2.2,12.1,0.9,5.8,6.3,9.3,0.9,6.6,1.3,4.4,0.0,15.0,0.0,7.1,0.0,0.4,0.4,3.1,0.0,0.0,0.9,0.4,0.4,1.3,3.1,2.2,3.6,3.6,2.7,0.0,0.0,0.0,0.0,0.0,0.0,0.0,0.0,0.0,0.0,0.0,0.0,0.0,0.0,0.0,0.0,0.0,0.0,0.0,0.0,0.0,0.0,0.0,0.0,0.0,0.0,0.0,0.0,0.0,0.0,0.0,0.0,0.0,0.0,0.0,0.0,0.0,0.0,0.0,0.0,0.0,0.0,0.0,0.0,0.0,0.0,0.0,0.0
2026-01-25 15:12:56,7.9,28.1,running,3.1,40.7,40.3,0.0,21.8,0.4,12.4,2.2,8.4,1.3,32.0,0.0,18.2,3.1,7.1,0.4,11.1,1.3,4.4,3.5,13.2,0.4,8.4,3.1,4.9,1.3,5.4,1.3,1.8,0.4,15.0,0.4,6.2,2.7,0.9,0.4,2.7,0.0,1.8,3.6,0.4,0.4,1.8,2.2,2.2,2.7,8.4,2.7,0.0,0.0,0.0,0.0,0.0,0.0,0.0,0.0,0.0,0.0,0.0,0.0,0.0,0.0,0.0,0.0,0.0,0.0,0.0,0.0,0.0,0.0,0.0,0.0,0.0,0.0,0.0,0.0,0.0,0.0,0.0,0.0,0.0,0.0,0.0,0.0,0.0,0.0,0.0,0.0,0.0,0.0,0.0,0.0,0.0,0.0,0.0,0.0
2026-01-25 15:12:59,6.2,28.1,running,1.3,39.3,43.8,0.5,24.6,0.0,18.2,0.0,10.7,0.9,29.5,0.0,18.6,2.7,9.4,1.3,8.9,3.1,4.9,1.3,9.8,0.9,13.8,2.2,7.5,3.1,6.2,1.8,1.8,1.8,12.1,0.4,6.2,1.3,1.8,1.3,1.8,0.9,0.4,1.8,1.8,0.0,1.8,3.6,2.2,0.9,4.0,1.3,0.0,0.0,0.0,0.0,0.0,0.0,0.0,0.0,0.0,0.0,0.0,0.0,0.0,0.0,0.0,0.0,0.0,0.0,0.0,0.0,0.0,0.0,0.0,0.0,0.0,0.0,0.0,0.0,0.0,0.0,0.0,0.0,0.0,0.0,0.0,0.0,0.0,0.0,0.0,0.0,0.0,0.0,0.0,0.0,0.0,0.0,0.0,0.0
2026-01-25 15:13:03,9.4,34.3,running,1.8,40.3,38.4,0.4,23.9,1.8,10.7,0.4,12.0,2.2,32.9,1.3,19.0,2.7,12.4,1.8,14.5,4.0,8.9,2.2,12.0,1.3,16.8,1.3,11.1,0.9,8.4,2.7,5.3,0.4,10.7,0.4,6.7,0.4,1.3,2.7,4.9,0.9,0.4,5.8,3.6,0.9,4.9,4.9,1.3,3.1,3.6,2.6,0.0,0.0,0.0,0.0,0.0,0.0,0.0,0.0,0.0,0.0,0.0,0.0,0.0,0.0,0.0,0.0,0.0,0.0,0.0,0.0,0.0,0.0,0.0,0.0,0.0,0.0,0.0,0.0,0.0,0.0,0.0,0.0,0.0,0.0,0.0,0.0,0.0,0.0,0.0,0.0,0.0,0.0,0.0,0.0,0.0,0.0,0.0,0.0
2026-01-25 15:13:06,6.1,18.7,running,1.8,31.3,44.2,0.0,31.4,0.5,11.6,1.3,10.2,0.9,30.8,0.9,19.6,0.4,10.3,4.0,10.3,0.0,8.5,0.0,13.7,0.9,12.5,2.7,8.9,0.9,8.8,0.9,3.5,1.8,21.4,0.0,5.4,0.0,1.8,1.3,4.4,2.2,3.1,2.7,3.1,0.9,2.2,3.1,1.3,1.3,3.6,2.2,0.0,0.0,0.0,0.0,0.0,0.0,0.0,0.0,0.0,0.0,0.0,0.0,0.0,0.0,0.0,0.0,0.0,0.0,0.0,0.0,0.0,0.0,0.0,0.0,0.0,0.0,0.0,0.0,0.0,0.0,0.0,0.0,0.0,0.0,0.0,0.0,0.0,0.0,0.0,0.0,0.0,0.0,0.0,0.0,0.0,0.0,0.0,0.0
2026-01-25 15:13:10,7.0,25.0,running,1.8,33.5,40.7,0.0,27.1,1.8,15.9,0.9,13.8,0.0,25.0,0.9,23.6,0.0,10.3,1.4,12.1,1.3,8.5,0.9,15.6,0.9,13.2,1.3,7.6,0.9,5.7,2.7,3.6,1.3,19.6,0.0,6.2,0.4,0.9,0.0,2.2,3.1,3.6,3.1,2.7,0.0,5.3,4.9,0.4,4.0,4.0,4.4,0.0,0.0,0.0,0.0,0.0,0.0,0.0,0.0,0.0,0.0,0.0,0.0,0.0,0.0,0.0,0.0,0.0,0.0,0.0,0.0,0.0,0.0,0.0,0.0,0.0,0.0,0.0,0.0,0.0,0.0,0.0,0.0,0.0,0.0,0.0,0.0,0.0,0.0,0.0,0.0,0.0,0.0,0.0,0.0,0.0,0.0,0.0,0.0
2026-01-25 15:13:13,8.6,18.7,running,2.7,21.4,46.4,3.2,29.6,1.7,16.7,4.5,11.6,0.9,19.8,1.8,16.8,2.2,10.7,0.0,7.6,7.6,10.3,1.8,11.2,4.0,17.6,1.3,10.7,1.3,13.3,2.7,7.2,0.9,14.7,1.3,12.9,0.4,7.2,0.0,11.2,3.6,7.6,10.3,6.3,1.3,7.2,2.2,4.0,1.3,4.9,3.1,0.0,0.0,0.0,0.0,0.0,0.0,0.0,0.0,0.0,0.0,0.0,0.0,0.0,0.0,0.0,0.0,0.0,0.0,0.0,0.0,0.0,0.0,0.0,0.0,0.0,0.0,0.0,0.0,0.0,0.0,0.0,0.0,0.0,0.0,0.0,0.0,0.0,0.0,0.0,0.0,0.0,0.0,0.0,0.0,0.0,0.0,0.0,0.0
2026-01-25 15:13:17,1.4,31.2,running,0.4,10.3,35.5,0.0,12.9,2.2,7.6,2.7,3.1,0.4,6.7,0.9,4.9,0.4,3.1,0.0,0.9,1.3,2.7,1.8,4.9,0.0,6.7,0.4,3.6,0.4,4.9,2.7,2.7,0.4,3.6,0.9,4.0,0.0,2.7,0.9,1.3,0.9,1.8,3.1,2.6,0.4,2.2,0.4,0.9,0.0,2.7,1.3,0.0,0.0,0.0,0.0,0.0,0.0,0.0,0.0,0.0,0.0,0.0,0.0,0.0,0.0,0.0,0.0,0.0,0.0,0.0,0.0,0.0,0.0,0.0,0.0,0.0,0.0,0.0,0.0,0.0,0.0,0.0,0.0,0.0,0.0,0.0,0.0,0.0,0.0,0.0,0.0,0.0,0.0,0.0,0.0,0.0,0.0,0.0,0.0
2026-01-25 15:13:20,3.8,31.2,running,0.9,10.7,37.6,0.8,16.4,1.8,11.1,0.0,6.2,0.0,11.6,0.4,2.2,0.9,4.4,1.3,2.2,4.0,1.8,0.9,3.6,0.9,9.3,1.8,7.5,0.4,5.3,0.0,2.2,0.4,7.9,0.9,4.4,0.4,2.2,0.0,4.4,1.3,0.9,2.7,0.9,1.8,2.7,2.2,1.8,0.0,4.4,0.4,0.0,0.0,0.0,0.0,0.0,0.0,0.0,0.0,0.0,0.0,0.0,0.0,0.0,0.0,0.0,0.0,0.0,0.0,0.0,0.0,0.0,0.0,0.0,0.0,0.0,0.0,0.0,0.0,0.0,0.0,0.0,0.0,0.0,0.0,0.0,0.0,0.0,0.0,0.0,0.0,0.0,0.0,0.0,0.0,0.0,0.0,0.0,0.0
2026-01-25 15:13:24,12.4,34.3,running,2.7,25.8,48.0,0.9,25.0,3.1,16.4,0.9,13.4,0.0,17.8,0.9,17.3,0.0,11.6,0.9,10.3,0.9,7.6,0.9,14.2,2.7,13.8,0.4,6.7,4.4,10.7,0.9,6.2,0.9,12.3,1.3,7.6,0.4,1.8,1.3,6.7,2.2,3.1,4.5,5.4,1.3,4.5,4.0,4.0,0.5,6.2,1.8,0.0,0.0,0.0,0.0,0.0,0.0,0.0,0.0,0.0,0.0,0.0,0.0,0.0,0.0,0.0,0.0,0.0,0.0,0.0,0.0,0.0,0.0,0.0,0.0,0.0,0.0,0.0,0.0,0.0,0.0,0.0,0.0,0.0,0.0,0.0,0.0,0.0,0.0,0.0,0.0,0.0,0.0,0.0,0.0,0.0,0.0,0.0,0.0
2026-01-25 15:13:27,6.1,31.2,running,1.3,37.1,38.8,0.9,24.9,1.3,15.1,0.4,9.4,1.3,29.2,3.1,21.7,0.9,13.7,0.9,8.9,0.9,6.2,2.7,13.3,3.1,8.9,5.8,7.5,2.2,6.2,1.8,2.7,1.8,7.1,0.4,7.1,0.0,2.7,1.3,5.4,2.2,3.1,4.0,0.9,3.6,1.8,3.6,2.2,1.8,5.4,3.1,0.0,0.0,0.0,0.0,0.0,0.0,0.0,0.0,0.0,0.0,0.0,0.0,0.0,0.0,0.0,0.0,0.0,0.0,0.0,0.0,0.0,0.0,0.0,0.0,0.0,0.0,0.0,0.0,0.0,0.0,0.0,0.0,0.0,0.0,0.0,0.0,0.0,0.0,0.0,0.0,0.0,0.0,0.0,0.0,0.0,0.0,0.0,0.0
2026-01-25 15:13:31,8.8,28.1,running,1.3,36.4,43.8,0.4,28.4,0.9,16.1,0.4,8.4,0.0,26.7,1.3,18.8,0.0,11.6,0.0,11.1,0.4,7.5,2.7,13.3,0.9,6.7,0.4,4.5,0.4,8.0,2.2,2.7,2.2,9.3,0.4,5.8,0.0,2.2,0.0,2.7,3.6,3.1,4.4,0.4,4.0,5.8,3.6,0.9,3.6,5.8,4.9,0.0,0.0,0.0,0.0,0.0,0.0,0.0,0.0,0.0,0.0,0.0,0.0,0.0,0.0,0.0,0.0,0.0,0.0,0.0,0.0,0.0,0.0,0.0,0.0,0.0,0.0,0.0,0.0,0.0,0.0,0.0,0.0,0.0,0.0,0.0,0.0,0.0,0.0,0.0,0.0,0.0,0.0,0.0,0.0,0.0,0.0,0.0,0.0
2026-01-25 15:13:34,7.9,12.5,running,4.9,35.0,43.1,0.4,21.0,2.7,13.8,0.4,15.6,0.0,34.4,1.3,23.1,0.4,16.7,1.8,11.6,2.2,12.1,3.5,13.8,3.5,8.8,5.3,8.9,0.9,10.7,1.8,7.1,1.3,12.1,3.1,9.8,0.0,3.6,4.0,10.7,4.4,5.3,9.3,4.5,3.6,3.5,3.6,3.1,3.6,13.3,3.6,0.0,0.0,0.0,0.0,0.0,0.0,0.0,0.0,0.0,0.0,0.0,0.0,0.0,0.0,0.0,0.0,0.0,0.0,0.0,0.0,0.0,0.0,0.0,0.0,0.0,0.0,0.0,0.0,0.0,0.0,0.0,0.0,0.0,0.0,0.0,0.0,0.0,0.0,0.0,0.0,0.0,0.0,0.0,0.0,0.0,0.0,0.0,0.0
2026-01-25 15:13:38,6.9,28.1,running,0.9,35.1,38.3,0.0,19.6,0.4,14.7,0.0,11.1,0.4,32.4,1.3,18.7,0.4,12.3,0.0,9.3,3.1,7.6,3.6,14.2,0.0,8.0,2.7,9.0,1.3,6.2,1.3,5.3,0.0,9.8,0.0,6.7,2.7,2.2,1.8,3.1,4.0,2.7,9.8,0.4,5.4,1.8,2.2,0.0,2.2,3.6,4.0,0.0,0.0,0.0,0.0,0.0,0.0,0.0,0.0,0.0,0.0,0.0,0.0,0.0,0.0,0.0,0.0,0.0,0.0,0.0,0.0,0.0,0.0,0.0,0.0,0.0,0.0,0.0,0.0,0.0,0.0,0.0,0.0,0.0,0.0,0.0,0.0,0.0,0.0,0.0,0.0,0.0,0.0,0.0,0.0,0.0,0.0,0.0,0.0
2026-01-25 15:13:41,5.5,9.4,running,2.7,36.1,44.1,0.0,19.6,0.5,10.3,3.1,7.6,0.0,33.0,0.9,18.6,0.0,6.7,0.0,8.0,0.4,1.8,1.8,7.6,0.0,2.7,0.9,2.7,2.7,4.9,3.1,4.5,0.0,8.0,0.0,9.4,0.9,2.2,0.9,2.7,1.3,6.2,2.7,3.6,0.4,4.0,0.4,1.8,0.4,1.3,1.8,0.0,0.0,0.0,0.0,0.0,0.0,0.0,0.0,0.0,0.0,0.0,0.0,0.0,0.0,0.0,0.0,0.0,0.0,0.0,0.0,0.0,0.0,0.0,0.0,0.0,0.0,0.0,0.0,0.0,0.0,0.0,0.0,0.0,0.0,0.0,0.0,0.0,0.0,0.0,0.0,0.0,0.0,0.0,0.0,0.0,0.0,0.0,0.0
2026-01-25 15:13:45,5.7,21.9,running,0.4,43.8,38.2,0.0,19.1,0.4,7.1,0.4,3.1,1.3,24.8,1.3,12.8,0.9,5.8,0.0,6.7,0.4,3.6,0.4,7.1,1.3,6.2,0.0,1.8,0.4,4.4,0.0,3.1,0.9,6.7,0.0,5.8,1.3,0.9,0.0,0.9,2.2,0.4,1.3,0.4,2.2,0.4,2.2,0.4,1.3,0.9,2.2,0.0,0.0,0.0,0.0,0.0,0.0,0.0,0.0,0.0,0.0,0.0,0.0,0.0,0.0,0.0,0.0,0.0,0.0,0.0,0.0,0.0,0.0,0.0,0.0,0.0,0.0,0.0,0.0,0.0,0.0,0.0,0.0,0.0,0.0,0.0,0.0,0.0,0.0,0.0,0.0,0.0,0.0,0.0,0.0,0.0,0.0,0.0,0.0
2026-01-25 15:13:48,4.4,31.2,running,0.4,40.8,39.5,0.0,17.3,0.0,9.3,0.0,4.9,0.9,25.9,0.0,17.2,0.0,6.7,2.2,4.9,0.4,4.9,0.4,8.0,0.0,3.1,0.4,1.3,3.6,4.0,0.0,4.0,0.0,7.1,0.0,4.5,0.0,0.4,0.4,0.9,0.5,1.8,1.8,0.9,0.9,0.0,0.4,0.9,0.4,0.9,0.9,0.0,0.0,0.0,0.0,0.0,0.0,0.0,0.0,0.0,0.0,0.0,0.0,0.0,0.0,0.0,0.0,0.0,0.0,0.0,0.0,0.0,0.0,0.0,0.0,0.0,0.0,0.0,0.0,0.0,0.0,0.0,0.0,0.0,0.0,0.0,0.0,0.0,0.0,0.0,0.0,0.0,0.0,0.0,0.0,0.0,0.0,0.0,0.0
2026-01-25 15:13:52,8.0,34.4,running,1.3,33.3,41.0,0.0,22.3,0.0,14.7,0.0,8.5,1.4,32.0,0.0,17.8,0.0,5.4,3.6,8.4,0.4,7.1,1.8,11.1,5.3,8.0,1.3,4.4,1.8,3.6,4.0,6.7,0.5,15.1,0.5,6.2,0.5,0.9,3.5,1.8,2.7,2.2,5.3,0.9,2.2,1.8,1.8,0.4,1.3,1.8,2.2,0.0,0.0,0.0,0.0,0.0,0.0,0.0,0.0,0.0,0.0,0.0,0.0,0.0,0.0,0.0,0.0,0.0,0.0,0.0,0.0,0.0,0.0,0.0,0.0,0.0,0.0,0.0,0.0,0.0,0.0,0.0,0.0,0.0,0.0,0.0,0.0,0.0,0.0,0.0,0.0,0.0,0.0,0.0,0.0,0.0,0.0,0.0,0.0
2026-01-25 15:13:55,6.2,31.2,running,2.2,34.7,38.7,0.0,27.0,0.4,16.4,0.4,8.5,0.9,36.3,0.4,18.6,0.4,6.7,3.1,8.0,0.9,5.4,0.4,15.4,2.2,8.9,2.7,6.7,3.1,1.8,3.6,3.1,4.3,23.5,0.4,11.1,0.0,4.5,3.6,1.8,2.2,2.2,6.2,2.2,4.4,4.5,1.8,3.1,1.3,3.1,4.5,0.0,0.0,0.0,0.0,0.0,0.0,0.0,0.0,0.0,0.0,0.0,0.0,0.0,0.0,0.0,0.0,0.0,0.0,0.0,0.0,0.0,0.0,0.0,0.0,0.0,0.0,0.0,0.0,0.0,0.0,0.0,0.0,0.0,0.0,0.0,0.0,0.0,0.0,0.0,0.0,0.0,0.0,0.0,0.0,0.0,0.0,0.0,0.0
2026-01-25 15:13:59,4.6,28.1,running,0.4,37.7,32.3,1.3,24.1,0.9,8.9,0.0,4.9,0.9,23.7,0.4,14.6,0.0,4.4,0.4,7.1,1.8,4.5,1.3,13.3,1.3,4.4,0.9,4.9,0.9,2.7,1.8,5.8,0.9,9.3,0.4,7.6,0.0,2.7,2.2,2.7,1.8,1.3,3.1,0.0,2.2,6.2,1.8,1.8,1.8,2.2,4.0,0.0,0.0,0.0,0.0,0.0,0.0,0.0,0.0,0.0,0.0,0.0,0.0,0.0,0.0,0.0,0.0,0.0,0.0,0.0,0.0,0.0,0.0,0.0,0.0,0.0,0.0,0.0,0.0,0.0,0.0,0.0,0.0,0.0,0.0,0.0,0.0,0.0,0.0,0.0,0.0,0.0,0.0,0.0,0.0,0.0,0.0,0.0,0.0
2026-01-25 15:14:02,3.8,34.3,running,0.0,41.2,30.4,0.4,15.1,1.3,6.6,0.0,4.4,0.9,22.2,0.0,15.0,0.0,3.1,0.4,5.3,0.4,3.5,0.9,6.2,0.0,6.2,0.0,0.9,0.9,4.9,0.0,2.7,0.0,5.8,0.0,6.2,0.0,0.4,2.2,0.9,0.9,0.0,1.8,0.9,1.3,0.9,0.9,0.9,0.9,0.4,2.7,0.0,0.0,0.0,0.0,0.0,0.0,0.0,0.0,0.0,0.0,0.0,0.0,0.0,0.0,0.0,0.0,0.0,0.0,0.0,0.0,0.0,0.0,0.0,0.0,0.0,0.0,0.0,0.0,0.0,0.0,0.0,0.0,0.0,0.0,0.0,0.0,0.0,0.0,0.0,0.0,0.0,0.0,0.0,0.0,0.0,0.0,0.0,0.0
2026-01-25 15:14:06,3.8,25.0,running,0.0,41.8,42.4,0.4,16.4,0.4,10.7,0.0,4.5,0.0,21.9,0.4,13.4,0.9,3.6,0.0,3.6,0.0,4.0,0.4,9.7,0.0,6.2,0.9,0.9,0.9,3.1,1.3,2.2,0.4,6.7,0.0,6.2,0.0,0.9,1.3,2.7,0.4,0.0,0.0,0.0,0.9,0.0,0.0,0.4,0.0,0.4,0.0,0.0,0.0,0.0,0.0,0.0,0.0,0.0,0.0,0.0,0.0,0.0,0.0,0.0,0.0,0.0,0.0,0.0,0.0,0.0,0.0,0.0,0.0,0.0,0.0,0.0,0.0,0.0,0.0,0.0,0.0,0.0,0.0,0.0,0.0,0.0,0.0,0.0,0.0,0.0,0.0,0.0,0.0,0.0,0.0,0.0,0.0,0.0,0.0
2026-01-25 15:14:09,3.5,43.7,running,0.0,43.2,37.9,0.0,16.4,0.4,9.4,0.4,6.3,0.0,24.0,0.4,16.3,0.0,5.3,0.0,3.1,0.0,3.6,0.4,7.9,0.4,4.0,0.0,3.1,0.4,3.6,0.0,2.2,0.4,9.4,0.0,4.0,0.9,2.2,0.4,1.3,0.4,0.0,0.4,0.4,0.0,0.4,1.3,0.9,0.0,0.4,0.0,0.0,0.0,0.0,0.0,0.0,0.0,0.0,0.0,0.0,0.0,0.0,0.0,0.0,0.0,0.0,0.0,0.0,0.0,0.0,0.0,0.0,0.0,0.0,0.0,0.0,0.0,0.0,0.0,0.0,0.0,0.0,0.0,0.0,0.0,0.0,0.0,0.0,0.0,0.0,0.0,0.0,0.0,0.0,0.0,0.0,0.0,0.0,0.0
2026-01-25 15:14:13,4.5,31.2,running,0.9,35.6,43.2,0.0,19.6,0.4,9.7,0.0,4.9,0.4,19.2,0.0,16.4,2.2,3.6,0.0,3.1,0.0,4.9,0.0,5.4,0.9,2.7,0.0,1.3,1.3,4.0,0.4,2.2,0.9,6.2,0.0,4.9,2.2,1.8,2.3,0.4,2.2,0.9,1.8,0.0,3.6,0.0,2.7,0.0,3.1,0.9,1.8,0.0,0.0,0.0,0.0,0.0,0.0,0.0,0.0,0.0,0.0,0.0,0.0,0.0,0.0,0.0,0.0,0.0,0.0,0.0,0.0,0.0,0.0,0.0,0.0,0.0,0.0,0.0,0.0,0.0,0.0,0.0,0.0,0.0,0.0,0.0,0.0,0.0,0.0,0.0,0.0,0.0,0.0,0.0,0.0,0.0,0.0,0.0,0.0
2026-01-25 15:14:16,4.0,34.3,running,0.4,40.3,39.2,0.0,17.0,0.0,9.8,0.0,6.6,0.0,24.7,0.9,14.3,1.5,4.9,0.4,4.4,0.0,3.6,0.9,4.5,0.9,3.1,1.3,1.8,1.8,5.3,0.0,2.7,1.8,11.2,0.4,7.5,0.0,0.9,0.4,2.2,0.9,2.2,0.9,2.2,0.9,1.3,0.4,0.4,0.9,0.9,2.7,0.0,0.0,0.0,0.0,0.0,0.0,0.0,0.0,0.0,0.0,0.0,0.0,0.0,0.0,0.0,0.0,0.0,0.0,0.0,0.0,0.0,0.0,0.0,0.0,0.0,0.0,0.0,0.0,0.0,0.0,0.0,0.0,0.0,0.0,0.0,0.0,0.0,0.0,0.0,0.0,0.0,0.0,0.0,0.0,0.0,0.0,0.0,0.0
2026-01-25 15:14:20,3.8,25.0,running,0.0,40.3,41.3,0.0,19.6,0.0,8.4,0.0,5.8,0.0,23.9,0.4,18.1,0.0,4.9,2.7,4.0,0.0,4.0,0.9,5.7,0.4,3.1,0.4,0.9,0.9,6.7,0.4,0.9,0.4,7.6,0.0,4.0,0.4,0.4,0.4,0.4,0.0,1.3,1.3,0.9,0.0,0.4,0.4,0.4,0.4,0.0,0.9,0.0,0.0,0.0,0.0,0.0,0.0,0.0,0.0,0.0,0.0,0.0,0.0,0.0,0.0,0.0,0.0,0.0,0.0,0.0,0.0,0.0,0.0,0.0,0.0,0.0,0.0,0.0,0.0,0.0,0.0,0.0,0.0,0.0,0.0,0.0,0.0,0.0,0.0,0.0,0.0,0.0,0.0,0.0,0.0,0.0,0.0,0.0,0.0
2026-01-25 15:14:23,4.7,28.1,running,0.0,43.1,39.2,0.0,15.2,0.0,7.1,0.0,4.5,0.0,24.0,0.9,15.9,2.2,7.4,0.0,5.8,0.0,3.1,0.4,6.7,0.9,4.9,0.9,2.7,1.3,3.1,0.0,2.2,0.4,9.4,0.0,7.6,0.0,0.9,1.3,0.4,1.3,0.0,0.9,0.4,1.8,0.4,0.9,0.4,0.9,0.0,0.9,0.0,0.0,0.0,0.0,0.0,0.0,0.0,0.0,0.0,0.0,0.0,0.0,0.0,0.0,0.0,0.0,0.0,0.0,0.0,0.0,0.0,0.0,0.0,0.0,0.0,0.0,0.0,0.0,0.0,0.0,0.0,0.0,0.0,0.0,0.0,0.0,0.0,0.0,0.0,0.0,0.0,0.0,0.0,0.0,0.0,0.0,0.0,0.0
2026-01-25 15:14:27,5.1,31.2,running,0.0,42.7,40.6,0.0,20.1,0.0,8.0,0.0,11.6,0.0,26.2,0.4,14.1,0.0,6.7,0.9,4.5,0.4,3.1,1.8,4.9,0.4,3.1,0.0,4.4,1.3,2.2,0.4,0.9,0.0,7.5,0.4,5.8,0.9,0.4,0.0,0.4,1.8,0.0,0.4,0.0,1.3,0.4,0.0,0.0,0.0,0.4,0.4,0.0,0.0,0.0,0.0,0.0,0.0,0.0,0.0,0.0,0.0,0.0,0.0,0.0,0.0,0.0,0.0,0.0,0.0,0.0,0.0,0.0,0.0,0.0,0.0,0.0,0.0,0.0,0.0,0.0,0.0,0.0,0.0,0.0,0.0,0.0,0.0,0.0,0.0,0.0,0.0,0.0,0.0,0.0,0.0,0.0,0.0,0.0,0.0
2026-01-25 15:14:30,4.4,28.1,running,0.0,42.4,38.8,0.0,19.0,0.4,7.6,0.0,3.1,0.0,23.2,1.3,14.2,0.0,1.8,0.0,7.1,0.0,1.3,0.9,6.2,0.0,5.3,0.4,1.3,1.3,3.1,0.9,1.8,0.0,9.4,0.0,7.6,0.0,0.4,0.4,1.3,0.9,0.0,0.0,0.0,1.8,0.0,0.0,0.0,0.0,0.0,1.3,0.0,0.0,0.0,0.0,0.0,0.0,0.0,0.0,0.0,0.0,0.0,0.0,0.0,0.0,0.0,0.0,0.0,0.0,0.0,0.0,0.0,0.0,0.0,0.0,0.0,0.0,0.0,0.0,0.0,0.0,0.0,0.0,0.0,0.0,0.0,0.0,0.0,0.0,0.0,0.0,0.0,0.0,0.0,0.0,0.0,0.0,0.0,0.0
2026-01-25 15:14:34,4.7,34.3,running,0.4,42.2,36.8,0.0,14.2,0.0,6.7,0.4,3.1,0.4,22.7,0.4,20.3,0.0,4.0,0.0,6.2,0.4,2.2,0.4,4.9,0.0,4.5,0.0,2.2,0.9,5.8,0.9,3.6,0.0,11.6,0.0,6.2,0.4,2.2,0.4,2.2,1.3,2.7,0.9,0.9,0.9,0.9,0.9,0.4,0.9,0.0,0.9,0.0,0.0,0.0,0.0,0.0,0.0,0.0,0.0,0.0,0.0,0.0,0.0,0.0,0.0,0.0,0.0,0.0,0.0,0.0,0.0,0.0,0.0,0.0,0.0,0.0,0.0,0.0,0.0,0.0,0.0,0.0,0.0,0.0,0.0,0.0,0.0,0.0,0.0,0.0,0.0,0.0,0.0,0.0,0.0,0.0,0.0,0.0,0.0
2026-01-25 15:14:37,3.9,28.1,running,0.4,47.1,35.1,0.0,13.4,0.0,4.5,0.0,2.7,0.0,21.3,0.4,10.7,0.0,1.8,0.0,4.4,0.0,0.0,0.0,7.1,0.0,4.0,0.0,0.9,1.3,6.2,0.0,3.6,0.0,9.3,0.4,6.2,0.0,2.7,0.0,3.6,0.0,2.2,0.4,2.7,0.0,2.2,0.4,0.0,0.0,0.4,0.0,0.0,0.0,0.0,0.0,0.0,0.0,0.0,0.0,0.0,0.0,0.0,0.0,0.0,0.0,0.0,0.0,0.0,0.0,0.0,0.0,0.0,0.0,0.0,0.0,0.0,0.0,0.0,0.0,0.0,0.0,0.0,0.0,0.0,0.0,0.0,0.0,0.0,0.0,0.0,0.0,0.0,0.0,0.0,0.0,0.0,0.0,0.0,0.0
2026-01-25 15:14:41,5.3,18.7,running,0.0,39.3,37.5,0.0,18.2,0.4,8.0,0.4,3.6,0.0,16.4,0.4,11.2,0.0,0.9,0.0,4.5,0.0,0.0,0.0,7.5,0.4,2.7,0.0,3.1,0.0,6.7,0.0,4.0,0.0,20.9,0.0,8.0,0.0,4.0,0.0,3.6,0.9,3.6,0.0,1.3,0.0,0.0,0.0,0.4,0.4,0.9,0.0,0.0,0.0,0.0,0.0,0.0,0.0,0.0,0.0,0.0,0.0,0.0,0.0,0.0,0.0,0.0,0.0,0.0,0.0,0.0,0.0,0.0,0.0,0.0,0.0,0.0,0.0,0.0,0.0,0.0,0.0,0.0,0.0,0.0,0.0,0.0,0.0,0.0,0.0,0.0,0.0,0.0,0.0,0.0,0.0,0.0,0.0,0.0,0.0
2026-01-25 15:14:44,4.5,28.1,running,0.0,43.1,38.9,0.0,19.1,0.0,6.7,0.0,2.7,0.4,17.4,0.0,13.3,0.9,0.4,0.0,5.3,0.9,0.4,0.0,5.8,0.0,2.2,0.0,1.3,1.3,4.9,1.3,3.6,0.0,16.5,0.0,8.0,0.0,4.4,0.0,2.7,0.4,2.7,0.9,0.4,0.0,0.0,0.0,0.0,0.4,1.3,0.0,0.0,0.0,0.0,0.0,0.0,0.0,0.0,0.0,0.0,0.0,0.0,0.0,0.0,0.0,0.0,0.0,0.0,0.0,0.0,0.0,0.0,0.0,0.0,0.0,0.0,0.0,0.0,0.0,0.0,0.0,0.0,0.0,0.0,0.0,0.0,0.0,0.0,0.0,0.0,0.0,0.0,0.0,0.0,0.0,0.0,0.0,0.0,0.0
2026-01-25 15:14:48,5.7,43.7,running,0.9,36.9,38.9,0.4,20.9,0.0,7.6,0.0,3.1,0.4,18.8,0.0,12.4,0.0,1.8,0.4,5.8,0.0,0.4,2.2,5.8,1.8,6.2,0.4,3.1,0.9,7.6,0.0,3.1,0.4,23.7,0.0,7.6,0.0,3.6,0.4,3.1,0.9,1.8,2.2,1.8,1.3,1.3,0.9,0.9,0.4,1.3,1.3,0.0,0.0,0.0,0.0,0.0,0.0,0.0,0.0,0.0,0.0,0.0,0.0,0.0,0.0,0.0,0.0,0.0,0.0,0.0,0.0,0.0,0.0,0.0,0.0,0.0,0.0,0.0,0.0,0.0,0.0,0.0,0.0,0.0,0.0,0.0,0.0,0.0,0.0,0.0,0.0,0.0,0.0,0.0,0.0,0.0,0.0,0.0,0.0
2026-01-25 15:14:51,4.4,31.2,running,0.0,31.1,42.2,0.0,24.8,0.4,11.0,0.0,2.7,0.9,23.1,0.4,10.6,0.0,1.3,0.9,4.0,0.4,0.9,0.0,5.3,0.9,8.4,1.3,3.6,1.3,4.0,0.9,3.1,1.3,21.2,0.0,4.4,1.8,1.3,0.0,1.3,1.4,3.6,0.9,1.8,0.4,0.9,0.0,0.4,0.9,0.4,0.4,0.0,0.0,0.0,0.0,0.0,0.0,0.0,0.0,0.0,0.0,0.0,0.0,0.0,0.0,0.0,0.0,0.0,0.0,0.0,0.0,0.0,0.0,0.0,0.0,0.0,0.0,0.0,0.0,0.0,0.0,0.0,0.0,0.0,0.0,0.0,0.0,0.0,0.0,0.0,0.0,0.0,0.0,0.0,0.0,0.0,0.0,0.0,0.0
2026-01-25 15:14:55,4.9,28.1,running,0.0,42.4,44.0,0.0,18.8,0.9,7.1,0.0,2.2,0.4,21.7,0.0,11.6,0.4,1.3,0.0,4.9,0.0,0.4,0.4,3.6,0.4,3.6,0.0,1.3,0.9,3.1,2.2,3.1,0.4,21.9,0.0,8.5,0.0,4.0,0.0,2.7,0.0,1.8,0.9,0.4,0.0,0.0,0.0,0.0,0.0,0.0,0.0,0.0,0.0,0.0,0.0,0.0,0.0,0.0,0.0,0.0,0.0,0.0,0.0,0.0,0.0,0.0,0.0,0.0,0.0,0.0,0.0,0.0,0.0,0.0,0.0,0.0,0.0,0.0,0.0,0.0,0.0,0.0,0.0,0.0,0.0,0.0,0.0,0.0,0.0,0.0,0.0,0.0,0.0,0.0,0.0,0.0,0.0,0.0,0.0
2026-01-25 15:14:58,4.4,31.2,running,1.8,31.1,37.0,0.0,17.3,0.4,13.8,0.0,3.6,1.8,24.0,0.9,6.7,0.0,3.6,0.0,5.8,0.9,0.9,0.9,4.4,0.4,5.8,0.4,2.7,0.4,4.9,0.4,4.4,0.4,19.2,0.0,7.1,1.3,3.1,0.0,3.6,0.9,2.7,0.9,0.0,2.2,0.4,0.4,0.9,0.4,0.4,2.2,0.0,0.0,0.0,0.0,0.0,0.0,0.0,0.0,0.0,0.0,0.0,0.0,0.0,0.0,0.0,0.0,0.0,0.0,0.0,0.0,0.0,0.0,0.0,0.0,0.0,0.0,0.0,0.0,0.0,0.0,0.0,0.0,0.0,0.0,0.0,0.0,0.0,0.0,0.0,0.0,0.0,0.0,0.0,0.0,0.0,0.0,0.0,0.0
2026-01-25 15:15:02,4.1,34.4,running,2.7,36.2,35.8,0.4,24.9,1.8,9.4,0.9,1.8,0.5,20.4,0.0,8.9,0.0,1.8,0.0,5.3,0.0,4.5,0.0,6.6,0.0,5.4,0.9,1.8,0.9,4.0,0.4,3.1,0.0,22.3,0.0,6.2,0.0,2.2,0.0,2.2,0.0,2.7,0.4,0.4,0.9,1.8,0.4,0.0,0.0,0.4,0.0,0.0,0.0,0.0,0.0,0.0,0.0,0.0,0.0,0.0,0.0,0.0,0.0,0.0,0.0,0.0,0.0,0.0,0.0,0.0,0.0,0.0,0.0,0.0,0.0,0.0,0.0,0.0,0.0,0.0,0.0,0.0,0.0,0.0,0.0,0.0,0.0,0.0,0.0,0.0,0.0,0.0,0.0,0.0,0.0,0.0,0.0,0.0,0.0
2026-01-25 15:15:05,4.2,28.1,running,0.0,33.9,42.4,0.0,20.6,0.0,10.6,0.0,4.9,0.4,17.4,0.4,12.8,0.0,4.0,0.0,4.9,0.4,2.2,0.4,1.3,0.4,6.6,0.0,0.4,0.4,4.9,0.4,4.4,0.0,26.3,0.0,8.9,0.4,2.7,0.0,3.6,0.0,3.1,0.4,2.2,0.0,0.4,1.3,0.0,0.9,0.0,0.0,0.0,0.0,0.0,0.0,0.0,0.0,0.0,0.0,0.0,0.0,0.0,0.0,0.0,0.0,0.0,0.0,0.0,0.0,0.0,0.0,0.0,0.0,0.0,0.0,0.0,0.0,0.0,0.0,0.0,0.0,0.0,0.0,0.0,0.0,0.0,0.0,0.0,0.0,0.0,0.0,0.0,0.0,0.0,0.0,0.0,0.0,0.0,0.0
2026-01-25 15:15:09,4.5,18.7,running,0.0,37.3,45.2,0.4,25.2,0.0,12.4,0.0,4.0,0.0,25.3,0.9,10.2,0.4,1.8,0.5,2.7,1.3,0.4,0.4,4.4,0.4,7.6,0.4,2.2,2.2,5.4,0.9,5.8,0.0,24.0,0.0,8.0,0.4,5.8,0.4,6.2,1.3,4.5,0.0,1.3,0.4,0.9,0.9,0.0,0.0,0.4,0.9,0.0,0.0,0.0,0.0,0.0,0.0,0.0,0.0,0.0,0.0,0.0,0.0,0.0,0.0,0.0,0.0,0.0,0.0,0.0,0.0,0.0,0.0,0.0,0.0,0.0,0.0,0.0,0.0,0.0,0.0,0.0,0.0,0.0,0.0,0.0,0.0,0.0,0.0,0.0,0.0,0.0,0.0,0.0,0.0,0.0,0.0,0.0,0.0
2026-01-25 15:15:12,3.7,25.0,running,0.0,35.4,31.7,0.0,18.1,0.5,5.4,0.9,3.5,1.3,21.0,0.4,10.7,0.0,0.4,0.0,1.8,0.4,0.4,0.9,4.9,0.0,4.0,0.0,1.3,0.4,4.4,0.0,4.0,0.0,22.1,0.0,8.0,0.0,1.8,0.0,2.7,0.0,2.7,0.4,0.4,0.9,0.0,0.0,0.0,0.4,0.0,0.0,0.0,0.0,0.0,0.0,0.0,0.0,0.0,0.0,0.0,0.0,0.0,0.0,0.0,0.0,0.0,0.0,0.0,0.0,0.0,0.0,0.0,0.0,0.0,0.0,0.0,0.0,0.0,0.0,0.0,0.0,0.0,0.0,0.0,0.0,0.0,0.0,0.0,0.0,0.0,0.0,0.0,0.0,0.0,0.0,0.0,0.0,0.0,0.0
2026-01-25 15:15:16,4.4,28.1,running,0.0,36.0,37.3,0.0,20.4,0.0,8.9,0.4,2.7,0.4,17.3,0.4,13.8,0.0,2.2,0.4,1.8,0.4,1.8,0.4,4.0,0.0,5.8,0.9,1.3,0.4,5.3,0.9,2.2,0.0,23.1,0.0,8.9,0.0,2.2,0.0,1.8,0.4,0.4,0.0,0.4,0.4,1.3,0.4,0.4,0.0,0.9,0.4,0.0,0.0,0.0,0.0,0.0,0.0,0.0,0.0,0.0,0.0,0.0,0.0,0.0,0.0,0.0,0.0,0.0,0.0,0.0,0.0,0.0,0.0,0.0,0.0,0.0,0.0,0.0,0.0,0.0,0.0,0.0,0.0,0.0,0.0,0.0,0.0,0.0,0.0,0.0,0.0,0.0,0.0,0.0,0.0,0.0,0.0,0.0,0.0
2026-01-25 15:15:19,4.5,28.1,running,0.0,38.2,38.7,0.0,19.6,0.8,10.2,0.0,3.1,0.0,24.8,0.4,12.8,0.0,0.4,0.4,1.8,1.3,0.9,0.0,6.2,0.0,4.9,0.0,2.2,0.4,4.5,0.4,3.1,0.0,19.6,0.0,5.4,0.0,3.1,0.0,2.7,0.9,2.2,0.0,0.9,0.9,0.4,0.4,0.4,0.0,0.4,0.0,0.0,0.0,0.0,0.0,0.0,0.0,0.0,0.0,0.0,0.0,0.0,0.0,0.0,0.0,0.0,0.0,0.0,0.0,0.0,0.0,0.0,0.0,0.0,0.0,0.0,0.0,0.0,0.0,0.0,0.0,0.0,0.0,0.0,0.0,0.0,0.0,0.0,0.0,0.0,0.0,0.0,0.0,0.0,0.0,0.0,0.0,0.0,0.0
2026-01-25 15:15:23,4.2,37.5,running,0.4,35.6,37.5,0.0,19.0,0.4,8.8,0.0,3.1,0.0,25.4,1.8,8.9,0.0,3.6,0.9,3.1,0.4,0.0,0.9,4.0,0.9,6.6,0.0,0.9,1.8,5.3,1.8,3.1,0.9,23.2,0.4,7.1,1.3,4.0,0.4,3.1,0.0,1.8,0.4,0.0,0.4,1.3,1.3,0.9,0.0,2.7,0.4,0.0,0.0,0.0,0.0,0.0,0.0,0.0,0.0,0.0,0.0,0.0,0.0,0.0,0.0,0.0,0.0,0.0,0.0,0.0,0.0,0.0,0.0,0.0,0.0,0.0,0.0,0.0,0.0,0.0,0.0,0.0,0.0,0.0,0.0,0.0,0.0,0.0,0.0,0.0,0.0,0.0,0.0,0.0,0.0,0.0,0.0,0.0,0.0
2026-01-25 15:15:26,3.9,31.2,running,0.0,39.5,38.9,0.0,20.9,0.4,7.1,0.0,3.6,0.0,22.8,0.4,9.3,0.4,1.3,0.0,1.8,0.0,0.9,1.3,5.3,0.0,6.7,0.4,3.1,0.9,5.8,1.3,5.8,0.0,19.0,0.0,7.1,0.9,3.1,0.0,3.6,0.9,3.6,0.4,0.4,0.4,0.4,1.8,0.4,0.4,0.4,0.0,0.0,0.0,0.0,0.0,0.0,0.0,0.0,0.0,0.0,0.0,0.0,0.0,0.0,0.0,0.0,0.0,0.0,0.0,0.0,0.0,0.0,0.0,0.0,0.0,0.0,0.0,0.0,0.0,0.0,0.0,0.0,0.0,0.0,0.0,0.0,0.0,0.0,0.0,0.0,0.0,0.0,0.0,0.0,0.0,0.0,0.0,0.0,0.0
2026-01-25 15:15:30,4.0,31.2,running,0.4,35.6,40.0,0.0,18.7,0.4,7.1,0.0,0.9,0.0,23.3,0.4,11.1,0.0,2.3,0.4,4.0,1.8,1.3,0.4,4.0,0.4,7.0,0.0,2.2,0.9,5.8,3.5,3.6,0.0,17.9,0.0,6.2,0.0,3.6,0.4,3.6,1.3,3.6,0.4,1.3,1.3,1.8,0.0,0.4,0.0,0.0,1.3,0.0,0.0,0.0,0.0,0.0,0.0,0.0,0.0,0.0,0.0,0.0,0.0,0.0,0.0,0.0,0.0,0.0,0.0,0.0,0.0,0.0,0.0,0.0,0.0,0.0,0.0,0.0,0.0,0.0,0.0,0.0,0.0,0.0,0.0,0.0,0.0,0.0,0.0,0.0,0.0,0.0,0.0,0.0,0.0,0.0,0.0,0.0,0.0
2026-01-25 15:15:33,4.6,28.1,running,0.0,38.2,35.8,0.0,14.5,0.0,6.2,0.0,3.1,0.0,22.4,0.0,13.8,0.0,0.9,0.0,3.5,0.0,0.9,0.4,3.6,0.4,4.4,0.0,1.8,1.8,4.9,0.4,3.1,0.0,23.3,0.0,7.1,0.0,4.0,0.9,4.0,0.4,3.6,0.4,0.9,0.0,0.0,0.4,0.0,0.0,0.0,0.4,0.0,0.0,0.0,0.0,0.0,0.0,0.0,0.0,0.0,0.0,0.0,0.0,0.0,0.0,0.0,0.0,0.0,0.0,0.0,0.0,0.0,0.0,0.0,0.0,0.0,0.0,0.0,0.0,0.0,0.0,0.0,0.0,0.0,0.0,0.0,0.0,0.0,0.0,0.0,0.0,0.0,0.0,0.0,0.0,0.0,0.0,0.0,0.0
2026-01-25 15:15:37,4.0,37.5,running,0.0,39.4,35.7,0.0,19.3,0.0,8.9,0.0,1.8,0.0,19.0,0.0,11.6,0.8,0.9,0.4,3.1,0.0,0.4,0.4,2.7,0.4,5.3,0.0,1.3,1.3,3.1,1.3,2.7,0.4,19.6,0.0,5.8,0.4,1.8,0.4,2.2,0.0,1.3,0.4,1.3,0.0,0.0,0.4,0.0,0.4,0.4,0.0,0.0,0.0,0.0,0.0,0.0,0.0,0.0,0.0,0.0,0.0,0.0,0.0,0.0,0.0,0.0,0.0,0.0,0.0,0.0,0.0,0.0,0.0,0.0,0.0,0.0,0.0,0.0,0.0,0.0,0.0,0.0,0.0,0.0,0.0,0.0,0.0,0.0,0.0,0.0,0.0,0.0,0.0,0.0,0.0,0.0,0.0,0.0,0.0
2026-01-25 15:15:40,3.6,31.2,running,0.4,35.1,39.1,0.0,16.0,0.5,8.9,0.0,3.6,0.4,19.5,0.0,8.9,0.0,0.0,0.4,1.3,0.5,0.0,0.9,1.3,0.0,4.0,0.0,0.0,0.4,4.9,0.0,2.2,0.0,19.5,0.0,7.1,0.4,1.8,0.0,1.3,0.4,1.3,0.0,0.0,0.0,0.4,0.0,0.0,0.0,1.3,0.0,0.0,0.0,0.0,0.0,0.0,0.0,0.0,0.0,0.0,0.0,0.0,0.0,0.0,0.0,0.0,0.0,0.0,0.0,0.0,0.0,0.0,0.0,0.0,0.0,0.0,0.0,0.0,0.0,0.0,0.0,0.0,0.0,0.0,0.0,0.0,0.0,0.0,0.0,0.0,0.0,0.0,0.0,0.0,0.0,0.0,0.0,0.0,0.0
2026-01-25 15:15:44,4.6,28.1,running,0.0,38.5,38.9,0.4,21.9,0.0,6.7,0.0,2.7,0.9,16.0,0.4,12.9,0.0,0.4,0.0,3.1,0.0,0.0,0.0,3.1,0.0,4.4,0.0,2.7,0.9,4.9,0.9,4.9,0.0,25.2,0.0,8.0,0.0,3.6,0.4,4.0,0.0,3.1,0.0,0.4,0.9,0.4,0.4,0.0,0.4,0.9,0.0,0.0,0.0,0.0,0.0,0.0,0.0,0.0,0.0,0.0,0.0,0.0,0.0,0.0,0.0,0.0,0.0,0.0,0.0,0.0,0.0,0.0,0.0,0.0,0.0,0.0,0.0,0.0,0.0,0.0,0.0,0.0,0.0,0.0,0.0,0.0,0.0,0.0,0.0,0.0,0.0,0.0,0.0,0.0,0.0,0.0,0.0,0.0,0.0
2026-01-25 15:15:47,5.2,31.2,running,0.9,40.0,42.5,0.0,21.1,0.0,6.2,0.4,3.5,0.4,22.7,0.9,11.1,0.4,1.8,0.4,4.8,0.0,0.4,0.4,5.3,0.0,2.2,0.0,3.1,1.3,4.4,0.0,4.9,0.0,19.6,0.0,6.2,0.4,3.6,0.0,4.4,1.3,3.1,0.0,1.3,0.4,1.3,0.0,0.4,0.0,0.0,0.0,0.0,0.0,0.0,0.0,0.0,0.0,0.0,0.0,0.0,0.0,0.0,0.0,0.0,0.0,0.0,0.0,0.0,0.0,0.0,0.0,0.0,0.0,0.0,0.0,0.0,0.0,0.0,0.0,0.0,0.0,0.0,0.0,0.0,0.0,0.0,0.0,0.0,0.0,0.0,0.0,0.0,0.0,0.0,0.0,0.0,0.0,0.0,0.0
2026-01-25 15:15:51,4.0,34.3,running,0.0,38.2,41.6,0.0,16.5,0.0,8.0,0.0,4.0,0.0,19.6,0.0,8.8,0.4,2.2,0.0,3.1,0.0,0.4,0.0,3.6,0.0,3.1,0.0,1.3,0.4,5.4,0.4,4.5,0.0,22.3,0.4,8.8,0.0,3.6,0.4,3.6,0.0,3.1,0.0,0.9,0.0,0.9,2.2,0.4,0.0,0.9,0.0,0.0,0.0,0.0,0.0,0.0,0.0,0.0,0.0,0.0,0.0,0.0,0.0,0.0,0.0,0.0,0.0,0.0,0.0,0.0,0.0,0.0,0.0,0.0,0.0,0.0,0.0,0.0,0.0,0.0,0.0,0.0,0.0,0.0,0.0,0.0,0.0,0.0,0.0,0.0,0.0,0.0,0.0,0.0,0.0,0.0,0.0,0.0,0.0
2026-01-25 15:15:54,5.2,37.4,running,0.4,37.2,41.3,0.0,23.6,0.0,10.6,0.4,4.9,0.0,20.1,0.0,15.2,0.0,0.4,0.0,0.4,0.0,0.4,0.4,4.0,0.0,4.9,0.0,0.0,2.2,6.2,1.3,4.0,0.4,22.1,0.0,7.6,1.3,2.2,0.0,1.8,0.9,2.7,0.0,2.2,0.0,1.3,1.8,0.0,0.0,0.0,0.4,0.0,0.0,0.0,0.0,0.0,0.0,0.0,0.0,0.0,0.0,0.0,0.0,0.0,0.0,0.0,0.0,0.0,0.0,0.0,0.0,0.0,0.0,0.0,0.0,0.0,0.0,0.0,0.0,0.0,0.0,0.0,0.0,0.0,0.0,0.0,0.0,0.0,0.0,0.0,0.0,0.0,0.0,0.0,0.0,0.0,0.0,0.0,0.0
2026-01-25 15:15:58,4.5,28.1,running,0.4,40.5,39.6,0.0,17.8,0.0,8.0,0.0,2.2,0.0,22.2,0.4,10.7,0.4,2.2,0.9,4.0,0.0,0.0,0.0,4.0,0.0,4.0,0.0,2.7,0.4,4.0,1.3,0.9,0.0,20.9,0.0,5.8,0.0,2.7,0.0,2.7,0.4,2.2,0.0,0.9,0.0,0.0,2.7,0.0,0.4,0.4,0.0,0.0,0.0,0.0,0.0,0.0,0.0,0.0,0.0,0.0,0.0,0.0,0.0,0.0,0.0,0.0,0.0,0.0,0.0,0.0,0.0,0.0,0.0,0.0,0.0,0.0,0.0,0.0,0.0,0.0,0.0,0.0,0.0,0.0,0.0,0.0,0.0,0.0,0.0,0.0,0.0,0.0,0.0,0.0,0.0,0.0,0.0,0.0,0.0
2026-01-25 15:16:01,4.7,28.1,running,0.4,40.6,43.0,0.0,16.3,0.0,7.6,0.0,3.1,0.0,20.1,0.0,11.1,0.0,1.8,0.0,2.2,0.0,0.9,0.0,3.1,0.4,1.8,0.4,1.3,1.3,4.4,0.0,3.6,0.0,18.8,0.4,7.6,0.4,2.7,0.0,2.2,0.4,2.2,0.9,0.0,0.0,0.0,1.3,0.0,0.0,0.9,0.0,0.0,0.0,0.0,0.0,0.0,0.0,0.0,0.0,0.0,0.0,0.0,0.0,0.0,0.0,0.0,0.0,0.0,0.0,0.0,0.0,0.0,0.0,0.0,0.0,0.0,0.0,0.0,0.0,0.0,0.0,0.0,0.0,0.0,0.0,0.0,0.0,0.0,0.0,0.0,0.0,0.0,0.0,0.0,0.0,0.0,0.0,0.0,0.0
2026-01-25 15:16:05,4.1,40.6,running,0.0,35.8,41.3,0.0,23.2,0.0,9.3,0.0,2.2,0.0,23.3,0.0,9.8,0.0,1.3,0.4,3.1,0.0,0.4,0.0,5.3,0.4,2.2,0.9,0.4,1.3,6.7,0.4,4.5,0.0,19.6,0.4,8.0,0.0,4.9,0.0,4.5,0.0,3.6,0.0,0.4,0.9,0.9,0.0,0.0,0.0,0.9,0.0,0.0,0.0,0.0,0.0,0.0,0.0,0.0,0.0,0.0,0.0,0.0,0.0,0.0,0.0,0.0,0.0,0.0,0.0,0.0,0.0,0.0,0.0,0.0,0.0,0.0,0.0,0.0,0.0,0.0,0.0,0.0,0.0,0.0,0.0,0.0,0.0,0.0,0.0,0.0,0.0,0.0,0.0,0.0,0.0,0.0,0.0,0.0,0.0
2026-01-25 15:16:08,4.0,28.1,running,0.0,35.3,40.2,0.4,21.3,0.0,9.3,0.0,4.5,0.4,16.9,0.0,10.3,0.4,3.1,0.0,3.1,0.0,0.9,0.9,7.1,0.4,1.8,0.0,0.9,1.8,6.7,0.0,3.1,0.0,19.9,0.0,8.0,0.9,3.1,0.4,2.7,0.0,1.8,0.4,2.2,0.9,0.0,0.0,0.0,0.4,0.0,0.0,0.0,0.0,0.0,0.0,0.0,0.0,0.0,0.0,0.0,0.0,0.0,0.0,0.0,0.0,0.0,0.0,0.0,0.0,0.0,0.0,0.0,0.0,0.0,0.0,0.0,0.0,0.0,0.0,0.0,0.0,0.0,0.0,0.0,0.0,0.0,0.0,0.0,0.0,0.0,0.0,0.0,0.0,0.0,0.0,0.0,0.0,0.0,0.0
2026-01-25 15:16:12,4.2,28.1,running,0.0,40.3,42.7,0.0,17.4,0.4,7.1,0.5,3.1,0.4,18.2,0.0,8.9,0.0,1.3,0.0,2.2,0.0,0.4,0.0,3.1,0.0,0.4,0.4,0.4,1.3,4.8,0.0,1.8,0.0,20.4,0.4,5.3,0.9,2.2,0.0,1.8,0.0,1.8,0.0,0.0,0.9,0.9,1.8,0.0,0.0,0.4,0.0,0.0,0.0,0.0,0.0,0.0,0.0,0.0,0.0,0.0,0.0,0.0,0.0,0.0,0.0,0.0,0.0,0.0,0.0,0.0,0.0,0.0,0.0,0.0,0.0,0.0,0.0,0.0,0.0,0.0,0.0,0.0,0.0,0.0,0.0,0.0,0.0,0.0,0.0,0.0,0.0,0.0,0.0,0.0,0.0,0.0,0.0,0.0,0.0
2026-01-25 15:16:15,4.0,25.0,running,0.0,31.4,41.2,0.0,27.9,0.0,5.8,0.4,1.8,0.4,20.9,0.0,8.8,0.0,0.9,0.0,4.0,0.0,1.3,0.0,4.9,0.0,1.8,0.9,0.0,0.0,4.5,0.4,2.7,0.0,19.1,0.0,8.0,0.0,3.6,0.0,2.3,0.0,2.2,0.0,0.9,1.3,0.0,0.4,0.0,0.5,1.3,0.0,0.0,0.0,0.0,0.0,0.0,0.0,0.0,0.0,0.0,0.0,0.0,0.0,0.0,0.0,0.0,0.0,0.0,0.0,0.0,0.0,0.0,0.0,0.0,0.0,0.0,0.0,0.0,0.0,0.0,0.0,0.0,0.0,0.0,0.0,0.0,0.0,0.0,0.0,0.0,0.0,0.0,0.0,0.0,0.0,0.0,0.0,0.0,0.0
2026-01-25 15:16:19,4.2,31.2,running,0.4,36.2,39.0,0.0,21.3,0.0,5.8,0.0,5.4,0.5,20.2,0.0,10.3,0.0,0.9,0.4,2.2,0.0,1.3,0.0,6.6,0.9,2.7,0.0,2.2,0.4,5.4,0.9,3.6,0.4,19.6,0.4,5.4,0.0,2.7,0.0,2.7,0.4,2.7,0.4,1.8,0.0,0.4,0.0,0.0,0.0,0.4,0.0,0.0,0.0,0.0,0.0,0.0,0.0,0.0,0.0,0.0,0.0,0.0,0.0,0.0,0.0,0.0,0.0,0.0,0.0,0.0,0.0,0.0,0.0,0.0,0.0,0.0,0.0,0.0,0.0,0.0,0.0,0.0,0.0,0.0,0.0,0.0,0.0,0.0,0.0,0.0,0.0,0.0,0.0,0.0,0.0,0.0,0.0,0.0,0.0
2026-01-25 15:16:22,4.2,25.0,running,0.4,40.2,40.4,0.0,19.6,0.0,9.7,0.0,4.4,1.7,19.6,0.0,17.8,0.0,2.2,2.7,3.1,0.0,0.4,0.0,5.4,0.0,1.8,0.0,1.8,0.9,5.3,0.0,4.4,0.0,23.5,0.4,8.9,0.0,3.6,0.0,4.4,0.0,3.1,0.4,0.9,0.4,0.4,0.0,0.4,0.9,0.4,0.9,0.0,0.0,0.0,0.0,0.0,0.0,0.0,0.0,0.0,0.0,0.0,0.0,0.0,0.0,0.0,0.0,0.0,0.0,0.0,0.0,0.0,0.0,0.0,0.0,0.0,0.0,0.0,0.0,0.0,0.0,0.0,0.0,0.0,0.0,0.0,0.0,0.0,0.0,0.0,0.0,0.0,0.0,0.0,0.0,0.0,0.0,0.0,0.0
2026-01-25 15:16:26,4.1,28.1,running,0.9,37.1,41.2,0.0,18.1,0.0,8.8,0.0,1.8,0.9,19.1,0.0,8.8,0.0,1.8,1.8,0.9,0.4,1.8,0.4,5.3,0.0,3.6,0.0,2.2,0.4,6.2,0.9,4.9,0.4,18.6,0.0,4.9,0.4,3.1,0.4,4.9,0.4,3.1,1.3,0.9,1.3,0.5,0.4,0.0,0.0,0.4,0.0,0.0,0.0,0.0,0.0,0.0,0.0,0.0,0.0,0.0,0.0,0.0,0.0,0.0,0.0,0.0,0.0,0.0,0.0,0.0,0.0,0.0,0.0,0.0,0.0,0.0,0.0,0.0,0.0,0.0,0.0,0.0,0.0,0.0,0.0,0.0,0.0,0.0,0.0,0.0,0.0,0.0,0.0,0.0,0.0,0.0,0.0,0.0,0.0
2026-01-25 15:16:29,4.8,25.0,running,0.9,38.2,42.0,0.0,21.3,0.0,10.7,0.0,2.7,0.0,22.0,0.0,8.9,0.0,3.1,2.2,4.9,0.0,0.0,1.3,5.3,0.0,4.4,0.0,1.3,2.2,5.8,0.0,3.6,0.0,23.7,0.0,8.0,0.0,4.9,0.0,4.0,0.0,2.2,0.5,0.9,0.9,1.6,0.0,0.9,0.0,0.0,0.0,0.0,0.0,0.0,0.0,0.0,0.0,0.0,0.0,0.0,0.0,0.0,0.0,0.0,0.0,0.0,0.0,0.0,0.0,0.0,0.0,0.0,0.0,0.0,0.0,0.0,0.0,0.0,0.0,0.0,0.0,0.0,0.0,0.0,0.0,0.0,0.0,0.0,0.0,0.0,0.0,0.0,0.0,0.0,0.0,0.0,0.0,0.0,0.0
2026-01-25 15:16:33,4.1,21.8,running,0.0,34.4,42.2,0.0,23.8,0.0,7.6,0.0,5.8,0.0,19.3,0.0,7.6,0.0,0.9,3.1,2.2,0.0,1.3,0.0,4.0,0.0,3.6,0.0,1.3,1.3,5.4,0.9,2.7,0.4,18.3,0.0,4.9,0.0,2.3,0.0,1.8,0.0,0.4,0.9,0.0,1.3,0.9,0.4,0.4,0.4,0.4,0.4,0.0,0.0,0.0,0.0,0.0,0.0,0.0,0.0,0.0,0.0,0.0,0.0,0.0,0.0,0.0,0.0,0.0,0.0,0.0,0.0,0.0,0.0,0.0,0.0,0.0,0.0,0.0,0.0,0.0,0.0,0.0,0.0,0.0,0.0,0.0,0.0,0.0,0.0,0.0,0.0,0.0,0.0,0.0,0.0,0.0,0.0,0.0,0.0
2026-01-25 15:16:36,4.2,43.7,running,0.0,37.9,40.1,0.0,19.0,0.9,8.0,0.9,2.2,1.3,18.7,0.0,8.0,0.0,3.2,2.2,2.2,0.0,1.3,0.4,7.0,0.0,1.8,0.0,1.8,1.3,4.9,0.0,2.2,0.0,19.2,0.0,6.2,0.4,1.3,0.0,1.3,0.0,1.8,0.4,1.3,1.8,0.0,0.0,0.0,0.0,0.0,0.0,0.0,0.0,0.0,0.0,0.0,0.0,0.0,0.0,0.0,0.0,0.0,0.0,0.0,0.0,0.0,0.0,0.0,0.0,0.0,0.0,0.0,0.0,0.0,0.0,0.0,0.0,0.0,0.0,0.0,0.0,0.0,0.0,0.0,0.0,0.0,0.0,0.0,0.0,0.0,0.0,0.0,0.0,0.0,0.0,0.0,0.0,0.0,0.0
2026-01-25 15:16:40,4.6,40.6,running,0.0,34.4,36.4,0.0,20.4,0.0,8.0,0.4,5.3,0.9,20.9,0.4,11.5,1.3,1.3,3.1,3.1,0.0,0.4,0.0,7.6,0.0,2.7,0.0,2.2,0.9,5.8,0.9,4.0,0.0,18.8,0.0,8.9,0.4,4.0,0.0,4.4,1.3,2.7,1.3,0.9,0.9,1.3,0.4,0.4,0.0,0.9,0.0,0.0,0.0,0.0,0.0,0.0,0.0,0.0,0.0,0.0,0.0,0.0,0.0,0.0,0.0,0.0,0.0,0.0,0.0,0.0,0.0,0.0,0.0,0.0,0.0,0.0,0.0,0.0,0.0,0.0,0.0,0.0,0.0,0.0,0.0,0.0,0.0,0.0,0.0,0.0,0.0,0.0,0.0,0.0,0.0,0.0,0.0,0.0,0.0
2026-01-25 15:16:43,4.0,21.9,running,0.0,34.7,40.2,0.0,17.3,0.0,10.7,0.4,3.6,0.0,21.9,0.0,9.8,0.4,2.2,0.9,4.4,0.0,0.9,1.3,4.9,0.0,2.2,0.4,2.7,1.8,6.2,2.2,3.5,0.0,20.3,0.9,4.0,0.4,2.2,0.0,6.2,0.4,4.9,0.0,5.4,0.9,0.9,0.4,1.3,0.4,0.9,0.0,0.0,0.0,0.0,0.0,0.0,0.0,0.0,0.0,0.0,0.0,0.0,0.0,0.0,0.0,0.0,0.0,0.0,0.0,0.0,0.0,0.0,0.0,0.0,0.0,0.0,0.0,0.0,0.0,0.0,0.0,0.0,0.0,0.0,0.0,0.0,0.0,0.0,0.0,0.0,0.0,0.0,0.0,0.0,0.0,0.0,0.0,0.0,0.0
2026-01-25 15:16:47,4.8,25.0,running,0.0,36.3,40.7,0.4,22.2,0.0,3.6,0.0,1.3,1.3,22.5,0.4,9.8,0.0,0.9,0.9,4.4,0.4,1.3,0.4,5.4,0.0,4.0,0.0,2.2,0.9,4.0,0.9,4.4,0.0,17.9,0.0,5.4,0.0,3.1,0.0,6.7,0.4,2.2,0.4,0.4,0.0,0.4,0.0,0.0,0.0,0.9,0.5,0.0,0.0,0.0,0.0,0.0,0.0,0.0,0.0,0.0,0.0,0.0,0.0,0.0,0.0,0.0,0.0,0.0,0.0,0.0,0.0,0.0,0.0,0.0,0.0,0.0,0.0,0.0,0.0,0.0,0.0,0.0,0.0,0.0,0.0,0.0,0.0,0.0,0.0,0.0,0.0,0.0,0.0,0.0,0.0,0.0,0.0,0.0,0.0
2026-01-25 15:16:50,5.2,34.3,running,0.9,39.4,36.3,0.9,15.6,0.0,8.8,0.9,2.7,0.4,19.6,0.0,15.0,1.8,7.5,0.0,3.6,0.4,0.9,0.4,7.2,0.8,4.5,0.0,5.3,1.3,5.8,0.0,6.3,0.0,13.3,0.0,11.6,0.0,7.6,0.0,4.9,0.4,7.6,1.3,3.6,0.4,2.7,1.3,0.0,0.9,0.4,0.0,0.0,0.0,0.0,0.0,0.0,0.0,0.0,0.0,0.0,0.0,0.0,0.0,0.0,0.0,0.0,0.0,0.0,0.0,0.0,0.0,0.0,0.0,0.0,0.0,0.0,0.0,0.0,0.0,0.0,0.0,0.0,0.0,0.0,0.0,0.0,0.0,0.0,0.0,0.0,0.0,0.0,0.0,0.0,0.0,0.0,0.0,0.0,0.0
2026-01-25 15:16:54,3.2,31.2,running,0.0,40.7,37.2,0.0,15.9,0.0,3.1,0.5,1.3,0.0,22.3,0.9,11.6,0.0,1.3,0.4,3.1,0.4,0.4,0.0,4.4,0.4,2.2,0.0,0.9,1.3,6.2,0.4,3.1,0.4,7.6,0.0,7.1,1.3,5.3,0.0,3.6,0.0,3.6,0.9,1.3,0.0,0.0,3.1,0.0,2.7,0.4,0.0,0.0,0.0,0.0,0.0,0.0,0.0,0.0,0.0,0.0,0.0,0.0,0.0,0.0,0.0,0.0,0.0,0.0,0.0,0.0,0.0,0.0,0.0,0.0,0.0,0.0,0.0,0.0,0.0,0.0,0.0,0.0,0.0,0.0,0.0,0.0,0.0,0.0,0.0,0.0,0.0,0.0,0.0,0.0,0.0,0.0,0.0,0.0,0.0
2026-01-25 15:16:57,4.3,31.2,running,0.9,37.2,37.4,0.0,20.4,0.9,6.6,0.4,4.4,0.4,21.4,0.0,12.4,0.0,1.3,0.0,2.2,1.3,0.9,0.4,6.6,0.4,1.8,0.9,3.5,0.4,5.4,0.9,4.4,0.4,15.1,0.4,8.9,0.9,3.1,1.3,3.6,0.4,2.7,0.4,0.9,0.0,0.0,0.4,1.3,0.0,0.9,0.4,0.0,0.0,0.0,0.0,0.0,0.0,0.0,0.0,0.0,0.0,0.0,0.0,0.0,0.0,0.0,0.0,0.0,0.0,0.0,0.0,0.0,0.0,0.0,0.0,0.0,0.0,0.0,0.0,0.0,0.0,0.0,0.0,0.0,0.0,0.0,0.0,0.0,0.0,0.0,0.0,0.0,0.0,0.0,0.0,0.0,0.0,0.0,0.0
2026-01-25 15:17:01,5.5,31.2,running,0.4,33.3,46.8,0.5,25.9,0.4,12.9,0.5,11.2,0.4,16.0,0.0,11.5,0.4,7.5,0.4,3.6,0.9,2.2,0.0,4.5,0.0,1.8,0.4,2.2,1.3,7.1,1.3,4.9,0.0,23.2,0.4,8.9,0.4,1.8,0.0,0.9,0.9,1.8,0.9,0.0,0.9,0.4,4.0,0.4,0.0,0.4,0.9,0.0,0.0,0.0,0.0,0.0,0.0,0.0,0.0,0.0,0.0,0.0,0.0,0.0,0.0,0.0,0.0,0.0,0.0,0.0,0.0,0.0,0.0,0.0,0.0,0.0,0.0,0.0,0.0,0.0,0.0,0.0,0.0,0.0,0.0,0.0,0.0,0.0,0.0,0.0,0.0,0.0,0.0,0.0,0.0,0.0,0.0,0.0,0.0
2026-01-25 15:17:04,3.5,28.1,running,0.0,37.1,40.2,0.0,18.7,0.4,6.2,0.8,1.3,0.0,18.3,0.0,9.3,0.0,4.9,0.0,0.9,0.0,0.4,0.0,3.1,0.0,4.5,0.0,0.9,0.9,5.8,0.0,2.2,0.0,19.6,0.0,6.7,0.0,2.7,0.0,2.2,0.0,1.8,0.0,0.9,0.0,0.4,4.0,0.0,1.3,0.0,0.0,0.0,0.0,0.0,0.0,0.0,0.0,0.0,0.0,0.0,0.0,0.0,0.0,0.0,0.0,0.0,0.0,0.0,0.0,0.0,0.0,0.0,0.0,0.0,0.0,0.0,0.0,0.0,0.0,0.0,0.0,0.0,0.0,0.0,0.0,0.0,0.0,0.0,0.0,0.0,0.0,0.0,0.0,0.0,0.0,0.0,0.0,0.0,0.0
2026-01-25 15:17:08,4.2,31.2,running,0.4,39.6,41.3,0.0,20.8,0.0,6.2,0.0,4.5,0.0,17.3,0.0,12.4,0.0,2.7,0.0,2.2,0.9,0.0,0.0,2.7,0.0,2.2,0.0,2.2,1.3,6.7,0.0,4.9,0.4,23.9,0.0,8.4,0.0,4.0,0.0,3.1,0.0,3.1,0.4,0.4,0.0,0.4,2.2,0.5,0.9,0.4,0.0,0.0,0.0,0.0,0.0,0.0,0.0,0.0,0.0,0.0,0.0,0.0,0.0,0.0,0.0,0.0,0.0,0.0,0.0,0.0,0.0,0.0,0.0,0.0,0.0,0.0,0.0,0.0,0.0,0.0,0.0,0.0,0.0,0.0,0.0,0.0,0.0,0.0,0.0,0.0,0.0,0.0,0.0,0.0,0.0,0.0,0.0,0.0,0.0
2026-01-25 15:17:11,4.6,28.1,running,0.4,37.3,40.0,0.0,20.9,0.4,7.6,0.4,1.8,0.0,17.3,0.4,12.4,0.0,1.3,0.0,1.3,0.9,0.4,0.0,6.6,0.0,2.2,0.0,3.6,0.9,2.7,1.8,3.6,0.0,21.0,0.4,6.2,0.4,3.1,0.0,0.4,0.0,0.4,0.0,0.0,0.9,0.9,0.4,0.8,0.0,0.4,0.4,0.0,0.0,0.0,0.0,0.0,0.0,0.0,0.0,0.0,0.0,0.0,0.0,0.0,0.0,0.0,0.0,0.0,0.0,0.0,0.0,0.0,0.0,0.0,0.0,0.0,0.0,0.0,0.0,0.0,0.0,0.0,0.0,0.0,0.0,0.0,0.0,0.0,0.0,0.0,0.0,0.0,0.0,0.0,0.0,0.0,0.0,0.0,0.0
2026-01-25 15:17:15,4.1,31.2,running,0.4,41.3,46.6,0.0,16.5,0.0,10.6,0.4,4.0,0.0,22.9,0.0,9.3,0.5,2.2,0.4,1.8,0.0,2.6,0.0,3.6,0.4,1.8,0.4,0.9,0.9,4.5,0.4,3.1,0.4,19.2,0.0,9.3,0.0,3.6,0.0,3.1,0.0,3.1,0.4,0.4,0.0,0.4,0.0,0.9,0.0,0.0,0.0,0.0,0.0,0.0,0.0,0.0,0.0,0.0,0.0,0.0,0.0,0.0,0.0,0.0,0.0,0.0,0.0,0.0,0.0,0.0,0.0,0.0,0.0,0.0,0.0,0.0,0.0,0.0,0.0,0.0,0.0,0.0,0.0,0.0,0.0,0.0,0.0,0.0,0.0,0.0,0.0,0.0,0.0,0.0,0.0,0.0,0.0,0.0,0.0
2026-01-25 15:17:18,4.4,12.5,running,0.0,33.9,34.7,0.0,16.9,0.0,6.2,0.9,2.2,0.0,20.1,0.0,8.9,0.0,0.9,1.8,4.5,2.7,0.9,2.2,4.9,0.0,2.7,0.0,2.7,1.3,4.4,0.4,2.7,0.4,21.9,0.0,5.3,0.0,0.9,0.4,0.9,0.0,0.9,2.7,1.8,0.0,1.3,0.4,0.9,1.8,1.8,0.4,0.0,0.0,0.0,0.0,0.0,0.0,0.0,0.0,0.0,0.0,0.0,0.0,0.0,0.0,0.0,0.0,0.0,0.0,0.0,0.0,0.0,0.0,0.0,0.0,0.0,0.0,0.0,0.0,0.0,0.0,0.0,0.0,0.0,0.0,0.0,0.0,0.0,0.0,0.0,0.0,0.0,0.0,0.0,0.0,0.0,0.0,0.0,0.0
2026-01-25 15:17:22,4.1,21.9,running,0.0,35.8,41.6,0.0,17.0,0.0,6.7,0.4,1.3,0.0,19.6,0.0,11.9,0.5,0.9,0.9,2.2,0.9,0.4,0.4,2.7,0.0,2.7,0.0,1.8,0.4,3.1,0.4,1.8,0.0,20.4,0.0,6.7,0.0,2.7,0.0,1.8,0.0,1.8,0.0,0.0,1.3,0.4,0.0,0.0,0.0,0.0,0.0,0.0,0.0,0.0,0.0,0.0,0.0,0.0,0.0,0.0,0.0,0.0,0.0,0.0,0.0,0.0,0.0,0.0,0.0,0.0,0.0,0.0,0.0,0.0,0.0,0.0,0.0,0.0,0.0,0.0,0.0,0.0,0.0,0.0,0.0,0.0,0.0,0.0,0.0,0.0,0.0,0.0,0.0,0.0,0.0,0.0,0.0,0.0,0.0
2026-01-25 15:17:25,4.8,21.9,running,0.0,34.5,37.5,0.0,16.4,0.0,5.8,0.0,3.1,0.5,16.4,1.3,12.0,0.0,1.8,3.6,3.6,0.0,0.0,0.0,4.5,0.4,4.9,0.0,0.9,0.4,3.6,0.4,3.1,0.0,21.3,0.0,8.5,0.0,3.6,0.4,3.1,0.0,2.3,0.9,0.4,0.0,0.0,0.0,0.0,1.3,0.0,0.0,0.0,0.0,0.0,0.0,0.0,0.0,0.0,0.0,0.0,0.0,0.0,0.0,0.0,0.0,0.0,0.0,0.0,0.0,0.0,0.0,0.0,0.0,0.0,0.0,0.0,0.0,0.0,0.0,0.0,0.0,0.0,0.0,0.0,0.0,0.0,0.0,0.0,0.0,0.0,0.0,0.0,0.0,0.0,0.0,0.0,0.0,0.0,0.0
2026-01-25 15:17:29,4.1,25.0,running,0.9,40.9,33.6,0.0,15.1,0.9,6.7,0.0,4.4,0.0,16.1,0.5,11.2,0.0,2.3,2.2,2.7,0.0,0.4,0.4,6.2,0.0,2.7,0.0,1.8,0.0,1.3,0.4,1.8,0.0,25.6,0.4,7.6,0.0,2.2,0.0,3.1,0.4,2.7,0.9,0.0,0.0,0.0,0.4,0.0,0.9,0.9,0.9,0.0,0.0,0.0,0.0,0.0,0.0,0.0,0.0,0.0,0.0,0.0,0.0,0.0,0.0,0.0,0.0,0.0,0.0,0.0,0.0,0.0,0.0,0.0,0.0,0.0,0.0,0.0,0.0,0.0,0.0,0.0,0.0,0.0,0.0,0.0,0.0,0.0,0.0,0.0,0.0,0.0,0.0,0.0,0.0,0.0,0.0,0.0,0.0
2026-01-25 15:17:32,3.8,28.1,running,8.5,32.7,40.4,0.4,15.2,0.0,8.0,0.0,4.5,0.0,17.3,0.9,12.4,0.0,2.7,1.8,4.4,0.4,0.0,1.8,3.1,0.0,2.2,0.0,2.2,1.8,2.7,0.4,5.4,0.0,21.9,0.0,6.7,0.0,2.2,0.0,2.7,0.0,2.2,0.0,0.9,0.0,0.4,0.0,0.9,0.4,0.9,0.0,0.0,0.0,0.0,0.0,0.0,0.0,0.0,0.0,0.0,0.0,0.0,0.0,0.0,0.0,0.0,0.0,0.0,0.0,0.0,0.0,0.0,0.0,0.0,0.0,0.0,0.0,0.0,0.0,0.0,0.0,0.0,0.0,0.0,0.0,0.0,0.0,0.0,0.0,0.0,0.0,0.0,0.0,0.0,0.0,0.0,0.0,0.0,0.0
2026-01-25 15:17:36,4.5,31.2,running,0.0,39.8,38.9,0.0,15.1,0.0,4.9,0.0,2.7,0.0,16.8,0.0,11.6,0.0,1.3,1.8,1.8,0.0,0.0,0.0,0.9,0.0,2.7,0.0,2.7,0.4,7.1,0.4,4.5,0.4,22.9,0.4,9.3,0.0,5.8,0.0,4.0,0.0,3.6,0.4,1.3,0.0,0.4,0.0,0.0,0.4,0.0,0.0,0.0,0.0,0.0,0.0,0.0,0.0,0.0,0.0,0.0,0.0,0.0,0.0,0.0,0.0,0.0,0.0,0.0,0.0,0.0,0.0,0.0,0.0,0.0,0.0,0.0,0.0,0.0,0.0,0.0,0.0,0.0,0.0,0.0,0.0,0.0,0.0,0.0,0.0,0.0,0.0,0.0,0.0,0.0,0.0,0.0,0.0,0.0,0.0
2026-01-25 15:17:39,4.3,28.1,running,0.0,39.4,37.7,0.0,16.6,0.0,6.7,0.0,3.6,0.0,19.6,0.0,10.2,0.0,2.7,0.0,3.1,0.0,0.9,0.4,5.8,0.9,1.8,0.0,1.3,0.4,4.9,0.4,2.2,0.0,23.1,0.0,5.4,0.4,0.9,0.0,0.9,0.0,0.9,0.0,0.4,0.0,0.0,0.0,0.4,0.4,0.4,0.0,0.0,0.0,0.0,0.0,0.0,0.0,0.0,0.0,0.0,0.0,0.0,0.0,0.0,0.0,0.0,0.0,0.0,0.0,0.0,0.0,0.0,0.0,0.0,0.0,0.0,0.0,0.0,0.0,0.0,0.0,0.0,0.0,0.0,0.0,0.0,0.0,0.0,0.0,0.0,0.0,0.0,0.0,0.0,0.0,0.0,0.0,0.0,0.0
2026-01-25 15:17:43,5.2,25.0,running,0.0,38.8,43.9,0.0,19.5,0.4,8.0,0.5,3.1,0.0,20.2,0.0,9.7,0.0,3.1,0.0,2.2,0.0,0.4,0.0,5.4,0.0,0.4,0.0,1.8,0.4,6.7,0.5,5.4,0.0,21.9,0.4,8.4,0.0,3.5,0.9,2.7,0.0,2.7,0.4,0.9,0.0,0.9,0.0,0.0,0.0,0.9,0.0,0.0,0.0,0.0,0.0,0.0,0.0,0.0,0.0,0.0,0.0,0.0,0.0,0.0,0.0,0.0,0.0,0.0,0.0,0.0,0.0,0.0,0.0,0.0,0.0,0.0,0.0,0.0,0.0,0.0,0.0,0.0,0.0,0.0,0.0,0.0,0.0,0.0,0.0,0.0,0.0,0.0,0.0,0.0,0.0,0.0,0.0,0.0,0.0
2026-01-25 15:17:46,4.5,21.9,running,0.0,38.2,39.8,0.8,17.0,0.4,8.0,0.0,4.5,0.4,16.9,0.4,12.5,0.0,1.8,0.0,3.6,0.9,0.0,0.0,3.5,1.3,3.1,0.0,1.3,0.4,7.1,0.0,5.3,0.4,21.3,0.0,10.3,0.0,4.4,0.0,5.3,0.0,5.7,0.4,0.4,0.0,0.9,0.0,0.0,0.4,0.9,0.4,0.0,0.0,0.0,0.0,0.0,0.0,0.0,0.0,0.0,0.0,0.0,0.0,0.0,0.0,0.0,0.0,0.0,0.0,0.0,0.0,0.0,0.0,0.0,0.0,0.0,0.0,0.0,0.0,0.0,0.0,0.0,0.0,0.0,0.0,0.0,0.0,0.0,0.0,0.0,0.0,0.0,0.0,0.0,0.0,0.0,0.0,0.0,0.0
2026-01-25 15:17:50,4.2,28.1,running,0.0,34.6,40.0,0.0,19.1,0.4,6.6,0.0,2.2,0.0,19.6,0.0,10.6,0.0,0.0,0.0,1.8,0.0,0.9,0.4,7.9,0.0,2.2,0.0,1.3,0.4,6.2,1.3,4.4,0.0,20.4,0.0,8.4,0.0,3.1,0.0,3.5,0.4,2.7,0.0,2.2,0.0,0.4,0.0,0.0,0.9,0.9,0.0,0.0,0.0,0.0,0.0,0.0,0.0,0.0,0.0,0.0,0.0,0.0,0.0,0.0,0.0,0.0,0.0,0.0,0.0,0.0,0.0,0.0,0.0,0.0,0.0,0.0,0.0,0.0,0.0,0.0,0.0,0.0,0.0,0.0,0.0,0.0,0.0,0.0,0.0,0.0,0.0,0.0,0.0,0.0,0.0,0.0,0.0,0.0,0.0
2026-01-25 15:17:53,4.9,28.1,running,0.0,36.6,39.6,0.0,19.3,0.4,8.5,0.5,3.6,0.0,20.9,0.5,12.8,0.0,0.4,1.3,3.1,0.0,0.0,0.9,6.6,0.0,3.6,0.0,1.8,1.8,5.8,0.4,3.6,0.0,19.6,0.4,7.6,0.6,3.1,1.2,2.2,0.0,2.2,0.0,0.4,0.4,0.5,0.6,0.5,0.9,0.9,0.0,0.0,0.0,0.0,0.0,0.0,0.0,0.0,0.0,0.0,0.0,0.0,0.0,0.0,0.0,0.0,0.0,0.0,0.0,0.0,0.0,0.0,0.0,0.0,0.0,0.0,0.0,0.0,0.0,0.0,0.0,0.0,0.0,0.0,0.0,0.0,0.0,0.0,0.0,0.0,0.0,0.0,0.0,0.0,0.0,0.0,0.0,0.0,0.0
2026-01-25 15:17:57,5.0,28.1,running,0.0,35.1,39.7,0.0,22.5,0.0,8.4,0.4,1.3,0.4,19.6,0.0,8.8,0.4,1.3,1.8,1.8,0.4,0.4,0.4,4.0,0.0,2.7,0.0,1.3,0.4,5.8,0.4,4.0,0.0,23.2,0.0,7.6,0.0,2.7,0.0,2.2,0.4,2.2,0.9,0.0,0.0,0.0,0.0,0.0,0.4,0.0,0.4,0.0,0.0,0.0,0.0,0.0,0.0,0.0,0.0,0.0,0.0,0.0,0.0,0.0,0.0,0.0,0.0,0.0,0.0,0.0,0.0,0.0,0.0,0.0,0.0,0.0,0.0,0.0,0.0,0.0,0.0,0.0,0.0,0.0,0.0,0.0,0.0,0.0,0.0,0.0,0.0,0.0,0.0,0.0,0.0,0.0,0.0,0.0,0.0
2026-01-25 15:18:00,4.2,31.2,running,0.0,35.3,36.4,0.0,19.6,0.0,6.2,0.4,2.2,0.4,18.3,1.8,8.5,0.4,1.3,1.3,3.1,0.0,0.9,0.0,2.7,0.0,4.0,0.0,1.8,1.3,2.2,1.3,2.2,0.4,21.7,0.0,8.9,0.0,4.9,0.0,2.2,0.0,2.2,0.9,1.3,0.0,0.9,0.0,0.4,0.4,2.2,0.0,0.0,0.0,0.0,0.0,0.0,0.0,0.0,0.0,0.0,0.0,0.0,0.0,0.0,0.0,0.0,0.0,0.0,0.0,0.0,0.0,0.0,0.0,0.0,0.0,0.0,0.0,0.0,0.0,0.0,0.0,0.0,0.0,0.0,0.0,0.0,0.0,0.0,0.0,0.0,0.0,0.0,0.0,0.0,0.0,0.0,0.0,0.0,0.0
2026-01-25 15:18:04,4.7,28.1,running,0.0,37.7,44.0,1.5,18.2,0.0,7.1,0.0,3.5,0.0,18.1,0.0,10.2,0.0,2.7,2.2,5.3,0.4,0.9,0.0,5.7,0.0,4.4,0.0,1.8,0.4,6.2,0.9,4.0,0.0,21.4,0.0,7.5,0.0,5.3,0.4,3.1,0.9,4.0,0.4,1.8,0.0,1.3,0.0,0.4,0.4,0.4,0.0,0.0,0.0,0.0,0.0,0.0,0.0,0.0,0.0,0.0,0.0,0.0,0.0,0.0,0.0,0.0,0.0,0.0,0.0,0.0,0.0,0.0,0.0,0.0,0.0,0.0,0.0,0.0,0.0,0.0,0.0,0.0,0.0,0.0,0.0,0.0,0.0,0.0,0.0,0.0,0.0,0.0,0.0,0.0,0.0,0.0,0.0,0.0,0.0
2026-01-25 15:18:07,4.6,28.1,running,0.9,33.8,43.6,0.0,14.7,0.4,5.8,0.4,1.8,0.0,20.1,0.0,10.6,0.0,1.3,3.2,4.0,0.9,1.3,0.4,5.8,0.0,4.0,0.0,0.9,0.0,5.8,0.4,4.0,0.4,18.8,0.4,6.7,0.0,2.2,0.0,2.2,0.0,1.3,0.9,0.0,0.4,0.0,0.4,0.0,0.4,0.4,0.0,0.0,0.0,0.0,0.0,0.0,0.0,0.0,0.0,0.0,0.0,0.0,0.0,0.0,0.0,0.0,0.0,0.0,0.0,0.0,0.0,0.0,0.0,0.0,0.0,0.0,0.0,0.0,0.0,0.0,0.0,0.0,0.0,0.0,0.0,0.0,0.0,0.0,0.0,0.0,0.0,0.0,0.0,0.0,0.0,0.0,0.0,0.0,0.0
2026-01-25 15:18:11,3.8,28.1,running,0.4,38.2,36.0,0.5,17.3,0.0,6.7,0.0,2.2,0.0,19.6,0.4,9.3,0.0,0.4,1.3,4.0,0.4,0.9,1.8,3.6,0.0,2.7,0.0,0.0,0.9,4.5,0.4,2.2,0.4,18.7,1.3,6.2,0.0,3.1,0.0,2.2,0.0,1.8,0.4,0.9,0.0,0.4,0.0,0.0,0.0,0.0,0.4,0.0,0.0,0.0,0.0,0.0,0.0,0.0,0.0,0.0,0.0,0.0,0.0,0.0,0.0,0.0,0.0,0.0,0.0,0.0,0.0,0.0,0.0,0.0,0.0,0.0,0.0,0.0,0.0,0.0,0.0,0.0,0.0,0.0,0.0,0.0,0.0,0.0,0.0,0.0,0.0,0.0,0.0,0.0,0.0,0.0,0.0,0.0,0.0
2026-01-25 15:18:14,3.8,21.8,running,0.0,35.8,38.5,0.0,19.0,0.4,7.5,0.0,3.1,0.0,17.8,0.9,13.4,0.0,3.6,2.2,5.3,0.4,1.3,0.4,5.8,0.0,3.6,0.0,1.3,0.9,5.4,0.9,3.6,0.0,19.6,0.0,6.2,0.0,4.0,0.0,1.8,0.9,2.2,0.4,0.9,0.9,0.4,0.4,0.4,0.0,0.0,0.0,0.0,0.0,0.0,0.0,0.0,0.0,0.0,0.0,0.0,0.0,0.0,0.0,0.0,0.0,0.0,0.0,0.0,0.0,0.0,0.0,0.0,0.0,0.0,0.0,0.0,0.0,0.0,0.0,0.0,0.0,0.0,0.0,0.0,0.0,0.0,0.0,0.0,0.0,0.0,0.0,0.0,0.0,0.0,0.0,0.0,0.0,0.0,0.0
2026-01-25 15:18:18,4.3,25.0,running,0.9,34.8,39.2,0.0,20.9,0.0,6.2,0.0,2.2,0.4,24.3,0.0,8.4,0.0,0.4,0.4,4.4,0.4,0.0,0.0,2.7,0.0,4.0,0.0,2.2,1.3,5.4,0.0,4.0,0.4,20.5,0.4,7.6,0.0,3.6,0.0,2.7,0.0,3.1,0.0,0.9,0.0,0.9,0.0,0.4,0.0,0.4,0.0,0.0,0.0,0.0,0.0,0.0,0.0,0.0,0.0,0.0,0.0,0.0,0.0,0.0,0.0,0.0,0.0,0.0,0.0,0.0,0.0,0.0,0.0,0.0,0.0,0.0,0.0,0.0,0.0,0.0,0.0,0.0,0.0,0.0,0.0,0.0,0.0,0.0,0.0,0.0,0.0,0.0,0.0,0.0,0.0,0.0,0.0,0.0,0.0
2026-01-25 15:18:21,4.5,34.3,running,0.0,36.6,37.9,0.8,21.3,0.0,10.3,0.0,4.5,0.0,23.1,0.0,13.8,0.0,1.8,0.0,7.6,0.9,0.9,0.0,3.1,0.0,3.1,0.0,1.8,1.8,4.9,0.4,5.4,0.4,20.9,0.0,7.6,0.0,5.0,0.9,4.5,0.0,3.1,0.4,3.1,0.4,0.0,0.0,0.0,0.0,0.4,0.0,0.0,0.0,0.0,0.0,0.0,0.0,0.0,0.0,0.0,0.0,0.0,0.0,0.0,0.0,0.0,0.0,0.0,0.0,0.0,0.0,0.0,0.0,0.0,0.0,0.0,0.0,0.0,0.0,0.0,0.0,0.0,0.0,0.0,0.0,0.0,0.0,0.0,0.0,0.0,0.0,0.0,0.0,0.0,0.0,0.0,0.0,0.0,0.0
2026-01-25 15:18:25,4.4,28.1,running,0.4,37.3,38.8,0.0,22.2,0.0,9.4,0.0,2.2,0.0,17.8,0.0,8.9,0.0,5.3,0.4,4.5,0.9,2.2,0.9,3.6,0.9,5.4,0.0,0.9,1.8,5.8,0.4,4.4,0.0,22.7,0.0,7.1,0.9,4.0,0.4,3.6,0.4,3.1,0.4,3.1,0.0,0.0,0.0,0.0,0.0,0.4,0.0,0.0,0.0,0.0,0.0,0.0,0.0,0.0,0.0,0.0,0.0,0.0,0.0,0.0,0.0,0.0,0.0,0.0,0.0,0.0,0.0,0.0,0.0,0.0,0.0,0.0,0.0,0.0,0.0,0.0,0.0,0.0,0.0,0.0,0.0,0.0,0.0,0.0,0.0,0.0,0.0,0.0,0.0,0.0,0.0,0.0,0.0,0.0,0.0
2026-01-25 15:18:28,3.9,34.3,running,0.9,34.1,38.5,0.0,20.3,0.4,5.8,0.0,4.4,0.4,22.2,0.0,9.8,0.9,1.8,0.0,3.1,0.9,0.9,0.4,7.5,0.0,8.0,0.0,2.2,0.4,1.8,0.0,2.2,0.4,17.3,0.0,6.2,0.4,1.3,0.0,0.9,0.0,0.9,0.4,0.0,0.0,0.4,0.0,0.0,0.0,0.4,0.4,0.0,0.0,0.0,0.0,0.0,0.0,0.0,0.0,0.0,0.0,0.0,0.0,0.0,0.0,0.0,0.0,0.0,0.0,0.0,0.0,0.0,0.0,0.0,0.0,0.0,0.0,0.0,0.0,0.0,0.0,0.0,0.0,0.0,0.0,0.0,0.0,0.0,0.0,0.0,0.0,0.0,0.0,0.0,0.0,0.0,0.0,0.0,0.0
2026-01-25 15:18:32,4.3,25.0,running,0.4,37.9,40.6,0.0,19.0,0.0,7.1,0.0,3.6,0.0,19.0,0.0,7.6,0.0,4.0,0.4,1.8,0.0,1.3,0.4,7.9,0.4,5.4,0.0,1.8,1.3,4.0,0.0,3.6,0.0,20.1,0.0,6.7,1.3,2.7,0.0,2.3,0.0,1.4,0.4,0.9,0.4,0.0,0.0,0.0,0.0,0.4,0.0,0.0,0.0,0.0,0.0,0.0,0.0,0.0,0.0,0.0,0.0,0.0,0.0,0.0,0.0,0.0,0.0,0.0,0.0,0.0,0.0,0.0,0.0,0.0,0.0,0.0,0.0,0.0,0.0,0.0,0.0,0.0,0.0,0.0,0.0,0.0,0.0,0.0,0.0,0.0,0.0,0.0,0.0,0.0,0.0,0.0,0.0,0.0,0.0
2026-01-25 15:18:36,5.2,21.9,running,0.5,39.4,41.0,0.0,18.3,0.0,4.9,0.0,3.6,0.0,17.7,0.0,7.1,0.0,3.1,0.0,4.0,0.0,0.4,0.0,8.0,0.9,5.8,0.0,4.0,0.9,4.5,0.4,5.3,0.4,22.7,0.0,9.3,0.0,4.0,0.0,4.0,0.0,3.1,0.0,0.4,0.4,2.2,0.0,0.4,0.0,0.4,0.0,0.0,0.0,0.0,0.0,0.0,0.0,0.0,0.0,0.0,0.0,0.0,0.0,0.0,0.0,0.0,0.0,0.0,0.0,0.0,0.0,0.0,0.0,0.0,0.0,0.0,0.0,0.0,0.0,0.0,0.0,0.0,0.0,0.0,0.0,0.0,0.0,0.0,0.0,0.0,0.0,0.0,0.0,0.0,0.0,0.0,0.0,0.0,0.0
2026-01-25 15:18:39,4.3,21.9,running,1.3,38.9,41.9,0.0,22.3,0.0,10.7,0.0,4.5,0.0,16.1,0.0,8.4,0.4,3.1,0.0,4.5,0.0,0.0,0.0,4.5,0.4,7.9,0.0,2.2,0.9,4.9,1.3,2.7,0.0,22.1,0.0,5.4,0.0,2.2,0.0,1.8,0.0,1.8,1.3,0.9,0.9,0.4,0.4,0.9,0.0,0.9,0.4,0.0,0.0,0.0,0.0,0.0,0.0,0.0,0.0,0.0,0.0,0.0,0.0,0.0,0.0,0.0,0.0,0.0,0.0,0.0,0.0,0.0,0.0,0.0,0.0,0.0,0.0,0.0,0.0,0.0,0.0,0.0,0.0,0.0,0.0,0.0,0.0,0.0,0.0,0.0,0.0,0.0,0.0,0.0,0.0,0.0,0.0,0.0,0.0
2026-01-25 15:18:43,4.9,28.1,running,0.4,37.9,39.6,0.0,19.6,0.0,9.8,0.0,2.7,0.0,19.6,0.0,7.1,0.0,4.0,0.0,4.0,0.0,0.4,0.0,6.6,0.0,7.6,0.0,0.4,0.4,4.0,0.4,2.2,0.4,23.8,0.0,8.0,0.9,2.2,0.0,1.8,0.9,1.8,0.4,1.3,0.0,2.4,0.0,0.4,0.0,0.0,0.0,0.0,0.0,0.0,0.0,0.0,0.0,0.0,0.0,0.0,0.0,0.0,0.0,0.0,0.0,0.0,0.0,0.0,0.0,0.0,0.0,0.0,0.0,0.0,0.0,0.0,0.0,0.0,0.0,0.0,0.0,0.0,0.0,0.0,0.0,0.0,0.0,0.0,0.0,0.0,0.0,0.0,0.0,0.0,0.0,0.0,0.0,0.0,0.0
2026-01-25 15:18:46,4.5,25.0,running,0.4,37.7,35.2,0.0,26.4,0.0,10.2,0.0,1.8,0.0,20.4,0.0,10.2,0.0,2.2,0.0,3.6,0.4,0.4,0.0,4.9,0.0,4.9,0.0,0.4,1.3,4.4,0.9,4.5,0.0,22.7,0.0,7.1,0.0,3.1,0.0,3.1,0.0,2.7,0.0,0.0,2.2,0.0,1.3,0.0,0.0,0.0,0.0,0.0,0.0,0.0,0.0,0.0,0.0,0.0,0.0,0.0,0.0,0.0,0.0,0.0,0.0,0.0,0.0,0.0,0.0,0.0,0.0,0.0,0.0,0.0,0.0,0.0,0.0,0.0,0.0,0.0,0.0,0.0,0.0,0.0,0.0,0.0,0.0,0.0,0.0,0.0,0.0,0.0,0.0,0.0,0.0,0.0,0.0,0.0,0.0
2026-01-25 15:18:50,4.2,37.5,running,0.4,39.0,43.4,0.0,18.8,0.9,10.6,0.0,1.8,0.0,21.3,0.0,11.6,0.4,2.7,0.0,2.2,1.3,0.0,0.0,2.7,1.8,4.0,0.0,1.3,0.9,6.7,0.9,4.5,1.3,21.9,0.0,7.6,0.0,5.4,0.0,4.9,0.4,4.9,0.4,0.9,0.0,0.5,0.0,0.4,0.4,1.3,0.4,0.0,0.0,0.0,0.0,0.0,0.0,0.0,0.0,0.0,0.0,0.0,0.0,0.0,0.0,0.0,0.0,0.0,0.0,0.0,0.0,0.0,0.0,0.0,0.0,0.0,0.0,0.0,0.0,0.0,0.0,0.0,0.0,0.0,0.0,0.0,0.0,0.0,0.0,0.0,0.0,0.0,0.0,0.0,0.0,0.0,0.0,0.0,0.0
2026-01-25 15:18:53,3.9,28.1,running,0.0,38.5,40.7,0.0,23.6,0.0,7.1,0.0,3.6,0.0,21.3,0.0,7.1,0.0,0.9,0.4,2.7,0.4,0.0,0.0,4.4,0.0,3.1,0.0,1.3,0.4,5.3,1.8,4.9,0.0,24.0,0.0,7.1,0.0,4.4,0.0,3.6,0.0,3.6,0.4,0.4,0.0,0.0,0.4,0.0,0.0,0.9,0.0,0.0,0.0,0.0,0.0,0.0,0.0,0.0,0.0,0.0,0.0,0.0,0.0,0.0,0.0,0.0,0.0,0.0,0.0,0.0,0.0,0.0,0.0,0.0,0.0,0.0,0.0,0.0,0.0,0.0,0.0,0.0,0.0,0.0,0.0,0.0,0.0,0.0,0.0,0.0,0.0,0.0,0.0,0.0,0.0,0.0,0.0,0.0,0.0
2026-01-25 15:18:57,4.4,31.2,running,0.0,42.2,38.4,0.4,20.0,0.0,6.7,0.0,4.4,0.0,23.0,0.0,13.7,0.0,2.7,0.0,1.8,0.0,0.4,0.4,4.5,0.0,5.7,0.4,1.4,0.9,4.0,0.4,3.1,0.0,20.0,0.0,7.6,0.4,4.0,0.4,4.9,0.0,3.6,0.9,0.9,0.4,0.0,0.0,0.0,0.4,0.0,0.0,0.0,0.0,0.0,0.0,0.0,0.0,0.0,0.0,0.0,0.0,0.0,0.0,0.0,0.0,0.0,0.0,0.0,0.0,0.0,0.0,0.0,0.0,0.0,0.0,0.0,0.0,0.0,0.0,0.0,0.0,0.0,0.0,0.0,0.0,0.0,0.0,0.0,0.0,0.0,0.0,0.0,0.0,0.0,0.0,0.0,0.0,0.0,0.0
2026-01-25 15:19:00,5.6,31.2,running,0.0,40.7,42.9,0.0,23.3,0.9,8.5,0.0,3.1,1.0,19.0,0.0,12.4,0.0,1.3,0.9,2.2,0.0,0.0,0.0,3.6,0.0,3.6,0.5,1.4,2.7,3.6,0.4,3.1,0.5,23.5,0.5,6.7,0.0,2.2,0.0,1.8,0.0,1.3,0.5,0.0,0.0,0.0,0.0,0.0,0.4,0.4,0.0,0.0,0.0,0.0,0.0,0.0,0.0,0.0,0.0,0.0,0.0,0.0,0.0,0.0,0.0,0.0,0.0,0.0,0.0,0.0,0.0,0.0,0.0,0.0,0.0,0.0,0.0,0.0,0.0,0.0,0.0,0.0,0.0,0.0,0.0,0.0,0.0,0.0,0.0,0.0,0.0,0.0,0.0,0.0,0.0,0.0,0.0,0.0,0.0
2026-01-25 15:19:04,4.1,28.1,running,0.4,40.6,40.9,0.0,19.1,0.0,7.1,0.0,2.7,0.0,21.6,0.0,11.1,0.0,0.9,0.0,4.9,0.0,0.0,0.4,4.9,0.0,2.2,0.4,1.8,0.0,6.2,0.4,6.2,0.0,21.3,0.4,8.5,0.0,4.9,0.0,4.4,0.0,3.5,0.4,1.3,0.0,0.9,0.4,0.8,0.0,1.3,0.0,0.0,0.0,0.0,0.0,0.0,0.0,0.0,0.0,0.0,0.0,0.0,0.0,0.0,0.0,0.0,0.0,0.0,0.0,0.0,0.0,0.0,0.0,0.0,0.0,0.0,0.0,0.0,0.0,0.0,0.0,0.0,0.0,0.0,0.0,0.0,0.0,0.0,0.0,0.0,0.0,0.0,0.0,0.0,0.0,0.0,0.0,0.0,0.0
2026-01-25 15:19:07,4.3,25.0,running,0.4,39.8,37.3,0.0,20.4,0.4,7.5,0.4,3.1,0.0,23.1,0.0,5.8,0.0,1.3,0.4,3.1,0.0,1.3,0.9,6.2,0.0,4.0,0.0,1.8,0.0,7.5,0.9,1.8,0.0,19.6,0.0,9.2,0.0,3.1,0.0,2.2,0.0,1.8,0.0,0.4,0.9,0.0,0.0,0.4,0.9,0.0,0.9,0.0,0.0,0.0,0.0,0.0,0.0,0.0,0.0,0.0,0.0,0.0,0.0,0.0,0.0,0.0,0.0,0.0,0.0,0.0,0.0,0.0,0.0,0.0,0.0,0.0,0.0,0.0,0.0,0.0,0.0,0.0,0.0,0.0,0.0,0.0,0.0,0.0,0.0,0.0,0.0,0.0,0.0,0.0,0.0,0.0,0.0,0.0,0.0
2026-01-25 15:19:11,4.6,28.1,running,0.9,33.9,40.4,0.0,16.8,0.4,7.6,0.0,3.1,0.0,17.0,0.0,16.7,0.0,1.3,0.0,3.1,0.0,0.0,0.5,3.1,0.9,4.4,0.4,1.8,1.3,4.9,0.9,3.6,0.0,21.7,0.4,7.1,0.0,3.6,0.0,3.1,0.0,3.5,0.0,1.3,0.4,0.9,2.2,0.0,0.0,0.4,0.4,0.0,0.0,0.0,0.0,0.0,0.0,0.0,0.0,0.0,0.0,0.0,0.0,0.0,0.0,0.0,0.0,0.0,0.0,0.0,0.0,0.0,0.0,0.0,0.0,0.0,0.0,0.0,0.0,0.0,0.0,0.0,0.0,0.0,0.0,0.0,0.0,0.0,0.0,0.0,0.0,0.0,0.0,0.0,0.0,0.0,0.0,0.0,0.0
2026-01-25 15:19:14,4.0,37.5,running,0.0,34.7,35.6,0.0,16.9,0.0,8.5,0.4,2.7,0.0,19.1,0.4,8.5,0.0,0.4,0.4,3.1,0.0,0.0,0.0,1.3,0.9,1.8,0.0,1.3,0.9,4.9,0.0,2.2,0.0,19.6,0.0,7.1,0.0,2.2,0.0,1.8,0.0,1.3,0.4,0.9,0.9,0.0,2.7,0.0,0.4,0.4,0.4,0.0,0.0,0.0,0.0,0.0,0.0,0.0,0.0,0.0,0.0,0.0,0.0,0.0,0.0,0.0,0.0,0.0,0.0,0.0,0.0,0.0,0.0,0.0,0.0,0.0,0.0,0.0,0.0,0.0,0.0,0.0,0.0,0.0,0.0,0.0,0.0,0.0,0.0,0.0,0.0,0.0,0.0,0.0,0.0,0.0,0.0,0.0,0.0
2026-01-25 15:19:18,3.7,18.7,running,0.9,38.8,43.6,0.4,14.3,0.0,8.0,0.0,3.1,0.0,19.6,0.0,11.6,0.0,0.4,0.0,1.8,0.0,0.0,0.0,3.1,0.9,1.3,0.0,0.9,1.3,2.2,0.4,1.8,0.0,17.0,0.0,4.9,0.4,0.9,0.4,0.9,0.0,0.9,0.0,0.9,0.0,0.9,2.2,0.9,0.0,2.2,0.4,0.0,0.0,0.0,0.0,0.0,0.0,0.0,0.0,0.0,0.0,0.0,0.0,0.0,0.0,0.0,0.0,0.0,0.0,0.0,0.0,0.0,0.0,0.0,0.0,0.0,0.0,0.0,0.0,0.0,0.0,0.0,0.0,0.0,0.0,0.0,0.0,0.0,0.0,0.0,0.0,0.0,0.0,0.0,0.0,0.0,0.0,0.0,0.0
2026-01-25 15:19:21,3.9,31.2,running,0.4,38.7,38.2,0.0,18.2,0.0,8.0,0.0,3.1,0.0,18.4,0.0,9.8,0.0,1.8,0.0,3.1,0.0,0.0,0.4,2.7,0.0,1.8,0.0,1.3,0.4,5.3,0.4,2.7,0.0,20.2,0.0,8.5,0.0,3.1,0.0,3.1,0.0,2.7,0.4,0.9,0.0,0.9,1.3,0.4,0.0,0.0,0.4,0.0,0.0,0.0,0.0,0.0,0.0,0.0,0.0,0.0,0.0,0.0,0.0,0.0,0.0,0.0,0.0,0.0,0.0,0.0,0.0,0.0,0.0,0.0,0.0,0.0,0.0,0.0,0.0,0.0,0.0,0.0,0.0,0.0,0.0,0.0,0.0,0.0,0.0,0.0,0.0,0.0,0.0,0.0,0.0,0.0,0.0,0.0,0.0
2026-01-25 15:19:25,4.7,25.0,running,0.9,35.7,35.0,0.0,19.2,0.4,9.3,0.0,4.4,0.0,18.4,0.0,10.7,0.0,0.0,0.9,3.1,0.0,0.4,0.0,4.9,0.4,3.1,0.4,1.3,1.8,6.6,0.0,2.7,0.0,20.6,0.0,8.9,0.4,3.1,0.0,2.7,0.0,2.7,0.4,1.3,0.4,0.4,1.3,0.9,0.0,0.4,0.0,0.0,0.0,0.0,0.0,0.0,0.0,0.0,0.0,0.0,0.0,0.0,0.0,0.0,0.0,0.0,0.0,0.0,0.0,0.0,0.0,0.0,0.0,0.0,0.0,0.0,0.0,0.0,0.0,0.0,0.0,0.0,0.0,0.0,0.0,0.0,0.0,0.0,0.0,0.0,0.0,0.0,0.0,0.0,0.0,0.0,0.0,0.0,0.0
2026-01-25 15:19:28,4.2,21.9,running,0.5,36.6,42.7,0.0,17.9,0.0,8.0,0.5,0.9,0.0,18.3,0.0,13.3,0.0,0.4,0.0,0.9,0.4,0.0,0.4,4.0,0.4,2.2,0.0,2.2,0.0,4.5,0.0,3.6,0.0,18.8,0.0,8.0,0.0,3.6,0.0,2.7,0.9,2.2,0.4,0.0,0.4,0.0,1.8,0.0,0.0,0.0,0.0,0.0,0.0,0.0,0.0,0.0,0.0,0.0,0.0,0.0,0.0,0.0,0.0,0.0,0.0,0.0,0.0,0.0,0.0,0.0,0.0,0.0,0.0,0.0,0.0,0.0,0.0,0.0,0.0,0.0,0.0,0.0,0.0,0.0,0.0,0.0,0.0,0.0,0.0,0.0,0.0,0.0,0.0,0.0,0.0,0.0,0.0,0.0,0.0
2026-01-25 15:19:32,3.4,25.0,running,0.4,33.2,35.7,0.0,19.0,0.0,4.0,0.0,3.1,0.0,13.3,1.3,15.5,0.0,0.9,0.0,1.8,0.0,0.0,0.4,4.4,0.0,2.2,0.0,1.8,0.9,6.7,0.4,2.7,0.4,23.7,0.0,6.7,0.4,2.7,0.4,1.8,0.9,1.3,0.0,1.8,0.0,0.0,0.4,0.4,0.0,0.4,0.0,0.0,0.0,0.0,0.0,0.0,0.0,0.0,0.0,0.0,0.0,0.0,0.0,0.0,0.0,0.0,0.0,0.0,0.0,0.0,0.0,0.0,0.0,0.0,0.0,0.0,0.0,0.0,0.0,0.0,0.0,0.0,0.0,0.0,0.0,0.0,0.0,0.0,0.0,0.0,0.0,0.0,0.0,0.0,0.0,0.0,0.0,0.0,0.0
2026-01-25 15:19:35,4.0,31.2,running,0.0,37.8,37.3,0.0,20.4,0.0,10.3,0.0,4.0,0.0,21.8,0.4,13.4,0.9,0.9,0.0,1.3,0.0,0.4,0.0,3.5,0.4,3.1,0.4,1.8,0.4,4.9,0.9,4.9,0.9,21.0,0.0,6.2,0.0,3.6,0.0,2.7,0.0,1.3,0.0,1.8,0.9,0.0,0.0,0.0,0.0,0.0,0.0,0.0,0.0,0.0,0.0,0.0,0.0,0.0,0.0,0.0,0.0,0.0,0.0,0.0,0.0,0.0,0.0,0.0,0.0,0.0,0.0,0.0,0.0,0.0,0.0,0.0,0.0,0.0,0.0,0.0,0.0,0.0,0.0,0.0,0.0,0.0,0.0,0.0,0.0,0.0,0.0,0.0,0.0,0.0,0.0,0.0,0.0,0.0,0.0
2026-01-25 15:19:39,4.2,25.0,running,0.4,36.7,40.2,0.4,22.0,0.4,4.4,0.0,2.2,0.0,19.6,0.0,12.9,0.0,0.0,1.3,4.5,0.0,0.0,0.0,8.0,0.0,1.3,0.0,1.3,0.0,6.2,0.4,4.0,0.0,21.8,0.0,6.2,0.0,3.1,0.0,3.1,0.4,4.8,0.4,0.9,0.4,0.4,1.3,0.4,0.0,0.4,0.0,0.0,0.0,0.0,0.0,0.0,0.0,0.0,0.0,0.0,0.0,0.0,0.0,0.0,0.0,0.0,0.0,0.0,0.0,0.0,0.0,0.0,0.0,0.0,0.0,0.0,0.0,0.0,0.0,0.0,0.0,0.0,0.0,0.0,0.0,0.0,0.0,0.0,0.0,0.0,0.0,0.0,0.0,0.0,0.0,0.0,0.0,0.0,0.0
2026-01-25 15:19:42,3.8,34.3,running,0.0,33.8,37.9,0.0,18.7,0.0,8.5,0.0,4.0,0.5,20.0,0.4,9.8,0.0,0.4,0.0,1.8,0.5,0.0,1.3,4.4,0.4,3.1,0.5,1.3,0.4,3.6,0.0,1.8,0.5,21.7,0.0,7.5,0.0,2.2,0.5,1.8,0.9,1.8,0.9,1.3,0.0,0.4,2.2,0.4,0.0,0.9,0.0,0.0,0.0,0.0,0.0,0.0,0.0,0.0,0.0,0.0,0.0,0.0,0.0,0.0,0.0,0.0,0.0,0.0,0.0,0.0,0.0,0.0,0.0,0.0,0.0,0.0,0.0,0.0,0.0,0.0,0.0,0.0,0.0,0.0,0.0,0.0,0.0,0.0,0.0,0.0,0.0,0.0,0.0,0.0,0.0,0.0,0.0,0.0,0.0
2026-01-25 15:19:46,4.3,15.6,running,0.0,32.7,41.9,0.0,23.7,0.4,5.8,0.0,4.5,0.0,21.9,0.0,10.3,0.4,1.8,0.0,2.2,0.0,0.9,0.0,2.2,0.4,4.9,0.4,0.9,0.4,7.1,0.4,7.6,0.4,20.0,0.0,9.3,0.0,3.1,0.0,2.7,1.3,2.7,0.4,0.0,0.4,0.4,1.3,0.4,0.0,0.0,0.0,0.0,0.0,0.0,0.0,0.0,0.0,0.0,0.0,0.0,0.0,0.0,0.0,0.0,0.0,0.0,0.0,0.0,0.0,0.0,0.0,0.0,0.0,0.0,0.0,0.0,0.0,0.0,0.0,0.0,0.0,0.0,0.0,0.0,0.0,0.0,0.0,0.0,0.0,0.0,0.0,0.0,0.0,0.0,0.0,0.0,0.0,0.0,0.0
2026-01-25 15:19:49,3.7,28.1,running,0.0,38.3,36.2,0.4,18.3,0.0,9.9,0.0,4.0,0.0,17.4,0.0,12.9,0.0,1.3,0.0,2.7,0.0,0.0,0.0,5.8,0.0,1.8,0.0,0.9,0.0,3.6,0.0,3.1,0.4,22.3,0.0,7.1,0.0,2.7,0.0,2.7,0.9,3.1,0.9,0.0,0.0,0.0,1.3,0.0,0.0,0.4,0.0,0.0,0.0,0.0,0.0,0.0,0.0,0.0,0.0,0.0,0.0,0.0,0.0,0.0,0.0,0.0,0.0,0.0,0.0,0.0,0.0,0.0,0.0,0.0,0.0,0.0,0.0,0.0,0.0,0.0,0.0,0.0,0.0,0.0,0.0,0.0,0.0,0.0,0.0,0.0,0.0,0.0,0.0,0.0,0.0,0.0,0.0,0.0,0.0
2026-01-25 15:19:53,3.8,31.2,running,0.0,39.6,33.0,0.0,13.3,0.0,3.5,0.0,0.9,0.4,18.8,0.0,11.5,0.4,1.3,0.0,3.5,0.0,0.4,0.9,8.8,0.4,0.9,0.0,2.2,1.3,7.1,0.0,3.5,0.0,19.1,0.0,7.6,0.4,2.7,0.9,1.8,0.4,1.3,0.0,0.0,0.0,0.0,0.0,0.4,0.0,0.0,0.0,0.0,0.0,0.0,0.0,0.0,0.0,0.0,0.0,0.0,0.0,0.0,0.0,0.0,0.0,0.0,0.0,0.0,0.0,0.0,0.0,0.0,0.0,0.0,0.0,0.0,0.0,0.0,0.0,0.0,0.0,0.0,0.0,0.0,0.0,0.0,0.0,0.0,0.0,0.0,0.0,0.0,0.0,0.0,0.0,0.0,0.0,0.0,0.0
2026-01-25 15:19:56,4.7,18.7,running,0.4,38.1,39.8,0.0,18.2,0.4,9.0,0.0,2.7,0.0,21.8,0.0,12.9,0.0,1.3,0.0,1.8,0.4,0.9,0.0,6.2,0.9,3.6,0.0,1.8,0.9,5.4,0.4,4.0,0.4,23.2,0.0,7.1,0.4,2.7,0.0,2.7,0.4,3.1,0.0,1.8,0.0,0.0,0.0,0.0,0.4,0.4,0.0,0.0,0.0,0.0,0.0,0.0,0.0,0.0,0.0,0.0,0.0,0.0,0.0,0.0,0.0,0.0,0.0,0.0,0.0,0.0,0.0,0.0,0.0,0.0,0.0,0.0,0.0,0.0,0.0,0.0,0.0,0.0,0.0,0.0,0.0,0.0,0.0,0.0,0.0,0.0,0.0,0.0,0.0,0.0,0.0,0.0,0.0,0.0,0.0
2026-01-25 15:20:00,4.0,37.5,running,0.0,38.7,38.8,0.0,17.9,0.0,6.7,0.0,2.2,0.0,22.7,0.0,10.7,0.0,0.9,0.0,0.9,0.0,0.0,0.0,4.5,0.0,1.3,0.0,3.1,0.0,4.0,0.9,4.4,0.0,21.3,0.0,6.7,0.0,3.6,0.4,2.2,0.0,1.8,0.9,0.9,0.0,0.4,0.0,0.4,0.0,1.3,0.0,0.0,0.0,0.0,0.0,0.0,0.0,0.0,0.0,0.0,0.0,0.0,0.0,0.0,0.0,0.0,0.0,0.0,0.0,0.0,0.0,0.0,0.0,0.0,0.0,0.0,0.0,0.0,0.0,0.0,0.0,0.0,0.0,0.0,0.0,0.0,0.0,0.0,0.0,0.0,0.0,0.0,0.0,0.0,0.0,0.0,0.0,0.0,0.0
2026-01-25 15:20:03,4.1,40.6,running,0.0,42.9,40.4,0.0,16.7,0.0,5.7,0.0,0.4,0.0,15.2,0.0,10.6,0.0,2.7,1.3,1.3,0.9,0.4,0.0,3.6,0.0,2.7,0.0,1.8,0.9,4.0,0.9,1.8,0.0,20.0,0.0,6.6,0.4,1.8,0.4,2.2,0.0,2.2,0.4,1.8,0.0,1.8,0.0,0.4,0.0,0.0,0.4,0.0,0.0,0.0,0.0,0.0,0.0,0.0,0.0,0.0,0.0,0.0,0.0,0.0,0.0,0.0,0.0,0.0,0.0,0.0,0.0,0.0,0.0,0.0,0.0,0.0,0.0,0.0,0.0,0.0,0.0,0.0,0.0,0.0,0.0,0.0,0.0,0.0,0.0,0.0,0.0,0.0,0.0,0.0,0.0,0.0,0.0,0.0,0.0
2026-01-25 15:20:07,3.9,25.0,running,0.0,41.9,32.7,0.0,18.7,0.0,6.3,0.4,2.2,0.0,19.2,0.4,8.9,0.4,1.3,0.0,2.7,0.0,0.0,0.4,4.5,0.0,3.1,0.4,2.2,2.7,6.2,0.4,2.2,0.9,19.0,0.0,7.0,0.0,2.2,0.0,0.9,0.0,1.3,0.4,0.9,0.0,0.0,0.4,0.4,0.0,0.4,0.0,0.0,0.0,0.0,0.0,0.0,0.0,0.0,0.0,0.0,0.0,0.0,0.0,0.0,0.0,0.0,0.0,0.0,0.0,0.0,0.0,0.0,0.0,0.0,0.0,0.0,0.0,0.0,0.0,0.0,0.0,0.0,0.0,0.0,0.0,0.0,0.0,0.0,0.0,0.0,0.0,0.0,0.0,0.0,0.0,0.0,0.0,0.0,0.0
2026-01-25 15:20:10,6.9,18.7,running,1.8,37.2,40.3,0.9,18.8,1.3,8.8,0.9,2.2,0.9,20.3,1.3,10.2,0.9,3.5,1.3,1.8,0.9,1.8,1.3,3.6,1.3,3.1,0.9,0.9,0.9,4.9,1.3,2.2,0.9,19.6,0.9,6.7,0.9,4.0,0.9,2.7,1.8,3.1,2.2,0.9,0.9,0.9,3.6,0.9,1.8,0.9,0.9,0.0,0.0,0.0,0.0,0.0,0.0,0.0,0.0,0.0,0.0,0.0,0.0,0.0,0.0,0.0,0.0,0.0,0.0,0.0,0.0,0.0,0.0,0.0,0.0,0.0,0.0,0.0,0.0,0.0,0.0,0.0,0.0,0.0,0.0,0.0,0.0,0.0,0.0,0.0,0.0,0.0,0.0,0.0,0.0,0.0,0.0,0.0,0.0
2026-01-25 15:20:14,4.0,34.3,running,0.0,38.4,40.2,0.0,18.1,0.0,5.4,0.4,1.3,0.0,19.1,0.0,9.8,0.0,3.1,0.4,3.6,0.0,0.0,0.0,3.1,0.0,0.4,0.0,0.9,1.8,5.4,0.0,4.5,0.0,21.1,0.0,7.1,2.2,4.5,0.0,4.0,0.0,2.7,0.0,1.3,0.0,1.8,0.0,1.8,0.0,0.9,0.4,0.0,0.0,0.0,0.0,0.0,0.0,0.0,0.0,0.0,0.0,0.0,0.0,0.0,0.0,0.0,0.0,0.0,0.0,0.0,0.0,0.0,0.0,0.0,0.0,0.0,0.0,0.0,0.0,0.0,0.0,0.0,0.0,0.0,0.0,0.0,0.0,0.0,0.0,0.0,0.0,0.0,0.0,0.0,0.0,0.0,0.0,0.0,0.0
2026-01-25 15:20:17,4.4,25.0,running,0.0,36.7,42.2,0.0,20.4,0.4,6.2,0.0,1.8,0.0,17.4,0.0,12.9,0.4,0.9,0.4,1.8,0.4,0.0,0.4,4.0,0.0,3.1,0.0,2.2,1.3,6.2,0.0,3.1,0.0,23.0,0.0,7.1,0.0,4.0,0.0,3.1,0.0,3.6,0.4,1.3,0.0,0.4,0.0,1.3,0.0,1.3,0.0,0.0,0.0,0.0,0.0,0.0,0.0,0.0,0.0,0.0,0.0,0.0,0.0,0.0,0.0,0.0,0.0,0.0,0.0,0.0,0.0,0.0,0.0,0.0,0.0,0.0,0.0,0.0,0.0,0.0,0.0,0.0,0.0,0.0,0.0,0.0,0.0,0.0,0.0,0.0,0.0,0.0,0.0,0.0,0.0,0.0,0.0,0.0,0.0
2026-01-25 15:20:21,4.4,28.1,running,0.0,35.1,41.5,0.0,18.3,0.0,8.1,0.0,2.7,0.0,19.1,0.0,8.4,0.0,1.3,0.0,1.8,0.0,0.0,0.0,7.2,0.0,1.8,0.0,1.3,0.0,4.0,0.0,2.7,0.0,19.1,0.0,6.7,0.0,3.1,0.0,2.2,0.0,1.8,0.4,0.4,0.4,0.0,0.0,0.4,0.4,0.9,0.0,0.0,0.0,0.0,0.0,0.0,0.0,0.0,0.0,0.0,0.0,0.0,0.0,0.0,0.0,0.0,0.0,0.0,0.0,0.0,0.0,0.0,0.0,0.0,0.0,0.0,0.0,0.0,0.0,0.0,0.0,0.0,0.0,0.0,0.0,0.0,0.0,0.0,0.0,0.0,0.0,0.0,0.0,0.0,0.0,0.0,0.0,0.0,0.0
2026-01-25 15:20:24,3.7,28.1,running,0.0,38.9,37.7,0.0,15.2,0.0,6.2,0.0,1.8,0.0,16.6,0.4,8.9,0.0,3.1,0.4,0.4,0.0,0.0,0.0,4.0,0.4,2.7,0.0,0.9,0.0,2.2,1.8,1.8,0.0,24.6,0.0,6.7,0.0,3.1,0.0,2.2,0.0,2.2,0.0,0.0,0.0,0.0,0.0,0.0,0.9,0.4,0.0,0.0,0.0,0.0,0.0,0.0,0.0,0.0,0.0,0.0,0.0,0.0,0.0,0.0,0.0,0.0,0.0,0.0,0.0,0.0,0.0,0.0,0.0,0.0,0.0,0.0,0.0,0.0,0.0,0.0,0.0,0.0,0.0,0.0,0.0,0.0,0.0,0.0,0.0,0.0,0.0,0.0,0.0,0.0,0.0,0.0,0.0,0.0,0.0
2026-01-25 15:20:28,4.4,28.1,running,0.4,37.1,39.4,0.0,19.9,0.0,5.8,0.0,3.6,0.0,19.8,0.0,8.4,0.0,3.1,0.4,3.1,0.9,0.9,0.0,4.4,0.0,3.1,0.0,1.8,1.8,7.1,0.9,4.0,0.0,21.9,0.0,9.8,0.0,4.5,0.0,4.9,0.0,3.1,0.9,0.9,0.0,0.5,0.0,0.4,0.0,0.4,0.0,0.0,0.0,0.0,0.0,0.0,0.0,0.0,0.0,0.0,0.0,0.0,0.0,0.0,0.0,0.0,0.0,0.0,0.0,0.0,0.0,0.0,0.0,0.0,0.0,0.0,0.0,0.0,0.0,0.0,0.0,0.0,0.0,0.0,0.0,0.0,0.0,0.0,0.0,0.0,0.0,0.0,0.0,0.0,0.0,0.0,0.0,0.0,0.0
2026-01-25 15:20:31,5.1,34.3,running,0.0,37.9,39.7,0.0,18.3,0.0,9.0,0.0,4.0,0.0,20.5,0.0,16.6,0.0,1.8,0.0,1.3,1.3,0.4,0.0,2.2,0.0,3.6,0.0,0.9,1.3,6.2,0.0,6.3,0.9,21.0,0.0,6.7,0.0,2.7,0.0,3.1,0.0,2.2,0.0,1.4,1.3,0.9,0.0,0.4,1.8,0.4,0.0,0.0,0.0,0.0,0.0,0.0,0.0,0.0,0.0,0.0,0.0,0.0,0.0,0.0,0.0,0.0,0.0,0.0,0.0,0.0,0.0,0.0,0.0,0.0,0.0,0.0,0.0,0.0,0.0,0.0,0.0,0.0,0.0,0.0,0.0,0.0,0.0,0.0,0.0,0.0,0.0,0.0,0.0,0.0,0.0,0.0,0.0,0.0,0.0
2026-01-25 15:20:35,4.7,18.7,running,0.4,38.5,36.8,0.0,16.8,0.0,6.6,0.0,1.8,0.0,20.8,0.0,5.3,0.0,2.7,0.0,2.2,0.0,0.9,0.4,4.9,0.0,2.2,0.0,2.7,0.0,5.3,0.4,2.7,0.9,18.3,0.0,8.9,0.0,3.6,0.0,3.1,0.0,2.2,0.9,0.9,0.0,0.4,0.4,1.3,0.9,1.3,0.0,0.0,0.0,0.0,0.0,0.0,0.0,0.0,0.0,0.0,0.0,0.0,0.0,0.0,0.0,0.0,0.0,0.0,0.0,0.0,0.0,0.0,0.0,0.0,0.0,0.0,0.0,0.0,0.0,0.0,0.0,0.0,0.0,0.0,0.0,0.0,0.0,0.0,0.0,0.0,0.0,0.0,0.0,0.0,0.0,0.0,0.0,0.0,0.0
2026-01-25 15:20:38,4.1,21.9,running,0.4,42.5,37.8,0.0,16.9,0.9,8.4,0.4,4.0,0.5,20.4,0.0,10.2,0.0,3.5,0.0,0.9,0.0,0.5,0.0,4.9,0.0,0.4,0.9,4.4,0.4,4.5,0.0,5.8,0.0,20.1,0.0,10.2,0.0,3.1,0.4,3.1,0.0,4.0,0.9,0.0,0.4,0.0,0.4,0.0,0.4,0.0,0.0,0.0,0.0,0.0,0.0,0.0,0.0,0.0,0.0,0.0,0.0,0.0,0.0,0.0,0.0,0.0,0.0,0.0,0.0,0.0,0.0,0.0,0.0,0.0,0.0,0.0,0.0,0.0,0.0,0.0,0.0,0.0,0.0,0.0,0.0,0.0,0.0,0.0,0.0,0.0,0.0,0.0,0.0,0.0,0.0,0.0,0.0,0.0,0.0
2026-01-25 15:20:42,3.7,21.9,running,0.4,37.0,39.1,0.0,18.5,0.0,6.7,0.0,2.2,0.0,18.3,0.4,11.2,0.4,1.3,1.8,0.9,0.0,0.0,0.4,3.5,0.4,2.2,0.0,0.0,0.4,2.7,0.0,1.3,0.0,16.9,0.4,6.7,0.4,2.2,0.4,2.2,0.0,1.3,0.0,0.0,0.0,0.0,0.0,0.4,0.9,0.4,0.4,0.0,0.0,0.0,0.0,0.0,0.0,0.0,0.0,0.0,0.0,0.0,0.0,0.0,0.0,0.0,0.0,0.0,0.0,0.0,0.0,0.0,0.0,0.0,0.0,0.0,0.0,0.0,0.0,0.0,0.0,0.0,0.0,0.0,0.0,0.0,0.0,0.0,0.0,0.0,0.0,0.0,0.0,0.0,0.0,0.0,0.0,0.0,0.0
2026-01-25 15:20:45,4.4,28.1,running,0.9,32.6,37.8,0.0,18.2,0.0,8.0,0.0,1.3,0.4,25.8,0.0,11.1,0.0,1.3,1.3,3.6,0.4,0.4,0.0,4.9,2.7,5.3,0.0,3.5,1.3,3.6,0.4,3.1,0.0,20.1,0.0,4.5,0.9,1.8,0.0,1.8,0.9,3.1,1.8,0.9,0.0,0.0,1.8,0.0,0.0,1.8,0.0,0.0,0.0,0.0,0.0,0.0,0.0,0.0,0.0,0.0,0.0,0.0,0.0,0.0,0.0,0.0,0.0,0.0,0.0,0.0,0.0,0.0,0.0,0.0,0.0,0.0,0.0,0.0,0.0,0.0,0.0,0.0,0.0,0.0,0.0,0.0,0.0,0.0,0.0,0.0,0.0,0.0,0.0,0.0,0.0,0.0,0.0,0.0,0.0
2026-01-25 15:20:49,6.6,21.9,running,0.0,35.2,39.8,0.4,22.3,0.0,12.1,0.0,3.6,0.4,25.8,0.0,13.3,0.4,1.8,0.4,4.9,2.2,2.2,0.5,9.8,2.7,5.8,0.9,4.0,0.9,5.8,1.3,6.2,0.4,27.1,0.0,8.4,1.3,4.0,0.0,4.4,1.3,3.6,2.2,3.1,0.0,2.2,0.4,2.7,0.4,1.8,0.0,0.0,0.0,0.0,0.0,0.0,0.0,0.0,0.0,0.0,0.0,0.0,0.0,0.0,0.0,0.0,0.0,0.0,0.0,0.0,0.0,0.0,0.0,0.0,0.0,0.0,0.0,0.0,0.0,0.0,0.0,0.0,0.0,0.0,0.0,0.0,0.0,0.0,0.0,0.0,0.0,0.0,0.0,0.0,0.0,0.0,0.0,0.0,0.0
2026-01-25 15:20:52,3.8,28.1,running,0.9,37.5,36.6,0.0,21.3,0.5,7.6,0.9,1.3,0.0,23.7,0.4,8.5,0.4,1.8,3.6,1.8,1.3,0.4,0.0,4.0,2.2,4.0,0.4,3.1,1.3,6.2,0.9,2.7,0.0,27.0,0.0,7.6,0.9,3.1,0.0,1.8,2.7,3.2,0.0,0.9,1.3,1.8,1.3,1.3,0.0,1.3,1.3,0.0,0.0,0.0,0.0,0.0,0.0,0.0,0.0,0.0,0.0,0.0,0.0,0.0,0.0,0.0,0.0,0.0,0.0,0.0,0.0,0.0,0.0,0.0,0.0,0.0,0.0,0.0,0.0,0.0,0.0,0.0,0.0,0.0,0.0,0.0,0.0,0.0,0.0,0.0,0.0,0.0,0.0,0.0,0.0,0.0,0.0,0.0,0.0
2026-01-25 15:20:56,4.8,25.0,running,0.0,34.5,40.2,0.9,14.3,0.0,7.5,0.0,2.2,0.0,20.0,0.0,8.5,0.0,2.2,2.7,2.2,0.4,0.0,0.0,3.6,0.0,2.7,0.4,2.7,0.9,4.5,0.0,3.1,0.4,19.1,0.0,5.4,0.4,4.0,0.0,3.1,0.9,3.5,0.0,0.4,0.4,0.4,0.4,0.4,0.4,0.9,0.0,0.0,0.0,0.0,0.0,0.0,0.0,0.0,0.0,0.0,0.0,0.0,0.0,0.0,0.0,0.0,0.0,0.0,0.0,0.0,0.0,0.0,0.0,0.0,0.0,0.0,0.0,0.0,0.0,0.0,0.0,0.0,0.0,0.0,0.0,0.0,0.0,0.0,0.0,0.0,0.0,0.0,0.0,0.0,0.0,0.0,0.0,0.0,0.0
2026-01-25 15:20:59,4.4,28.1,running,0.0,40.3,37.0,0.0,20.9,0.0,12.4,0.0,2.2,0.0,19.6,0.0,9.7,0.0,1.8,2.7,2.2,0.4,0.4,0.4,3.5,0.0,3.1,0.0,2.2,0.9,2.7,0.4,3.6,0.0,20.4,0.0,9.3,0.0,3.1,0.0,2.7,0.0,2.2,0.4,0.4,0.0,0.4,0.0,0.4,0.0,0.4,0.0,0.0,0.0,0.0,0.0,0.0,0.0,0.0,0.0,0.0,0.0,0.0,0.0,0.0,0.0,0.0,0.0,0.0,0.0,0.0,0.0,0.0,0.0,0.0,0.0,0.0,0.0,0.0,0.0,0.0,0.0,0.0,0.0,0.0,0.0,0.0,0.0,0.0,0.0,0.0,0.0,0.0,0.0,0.0,0.0,0.0,0.0,0.0,0.0
2026-01-25 15:21:03,4.1,31.2,running,0.0,37.8,39.7,0.4,23.6,0.0,5.8,0.0,4.0,0.0,21.9,0.4,11.2,0.0,0.9,1.8,5.4,0.0,0.4,0.4,4.9,0.0,3.5,0.4,1.8,0.0,4.4,0.0,3.6,0.4,18.8,0.0,5.8,0.9,2.7,0.4,1.8,0.0,2.2,0.0,0.9,0.0,0.5,0.0,0.0,0.0,0.0,0.0,0.0,0.0,0.0,0.0,0.0,0.0,0.0,0.0,0.0,0.0,0.0,0.0,0.0,0.0,0.0,0.0,0.0,0.0,0.0,0.0,0.0,0.0,0.0,0.0,0.0,0.0,0.0,0.0,0.0,0.0,0.0,0.0,0.0,0.0,0.0,0.0,0.0,0.0,0.0,0.0,0.0,0.0,0.0,0.0,0.0,0.0,0.0,0.0
2026-01-25 15:21:06,5.0,18.7,running,0.0,35.3,41.9,0.0,24.0,0.0,9.8,0.0,2.2,0.0,15.6,0.4,11.1,0.0,0.9,0.9,3.6,0.0,0.9,0.4,4.8,0.0,3.6,0.0,0.4,0.4,5.8,0.4,4.5,0.0,20.9,0.0,8.0,0.0,4.0,0.0,3.6,1.3,4.0,0.0,1.8,0.0,0.4,0.0,0.0,0.4,0.4,0.4,0.0,0.0,0.0,0.0,0.0,0.0,0.0,0.0,0.0,0.0,0.0,0.0,0.0,0.0,0.0,0.0,0.0,0.0,0.0,0.0,0.0,0.0,0.0,0.0,0.0,0.0,0.0,0.0,0.0,0.0,0.0,0.0,0.0,0.0,0.0,0.0,0.0,0.0,0.0,0.0,0.0,0.0,0.0,0.0,0.0,0.0,0.0,0.0
2026-01-25 15:21:10,3.9,37.5,running,0.0,39.8,31.1,0.0,17.9,0.0,3.1,0.0,2.2,0.4,21.0,0.4,9.8,0.0,0.0,1.3,4.4,0.0,0.9,1.3,3.1,0.0,2.2,0.0,0.9,0.0,5.4,0.4,2.7,0.0,17.0,0.0,7.6,0.0,4.4,0.0,3.1,0.9,3.1,0.0,0.9,0.9,0.0,0.0,0.4,0.0,0.0,0.0,0.0,0.0,0.0,0.0,0.0,0.0,0.0,0.0,0.0,0.0,0.0,0.0,0.0,0.0,0.0,0.0,0.0,0.0,0.0,0.0,0.0,0.0,0.0,0.0,0.0,0.0,0.0,0.0,0.0,0.0,0.0,0.0,0.0,0.0,0.0,0.0,0.0,0.0,0.0,0.0,0.0,0.0,0.0,0.0,0.0,0.0,0.0,0.0
2026-01-25 15:21:13,4.4,28.1,running,0.0,37.7,40.0,0.0,20.3,0.0,6.6,0.0,0.9,0.0,18.1,0.0,9.8,0.0,0.9,0.9,8.0,0.0,0.4,0.0,6.1,0.0,3.1,0.0,2.7,0.4,6.2,0.0,3.6,1.3,18.2,0.4,8.4,0.9,4.0,0.0,3.1,0.0,4.0,0.0,0.9,0.4,0.4,0.0,1.3,0.0,0.4,0.0,0.0,0.0,0.0,0.0,0.0,0.0,0.0,0.0,0.0,0.0,0.0,0.0,0.0,0.0,0.0,0.0,0.0,0.0,0.0,0.0,0.0,0.0,0.0,0.0,0.0,0.0,0.0,0.0,0.0,0.0,0.0,0.0,0.0,0.0,0.0,0.0,0.0,0.0,0.0,0.0,0.0,0.0,0.0,0.0,0.0,0.0,0.0,0.0
2026-01-25 15:21:17,4.2,31.2,running,0.0,37.5,38.9,0.8,17.9,0.0,4.9,0.0,1.3,0.0,20.1,0.0,9.8,0.0,2.7,0.0,9.3,0.0,0.9,0.4,6.6,0.0,4.0,0.0,1.8,0.4,5.4,0.4,3.6,0.0,24.0,0.0,8.1,0.4,2.7,0.4,1.8,1.8,2.2,0.0,2.7,0.0,0.9,0.0,0.4,0.0,1.3,0.0,0.0,0.0,0.0,0.0,0.0,0.0,0.0,0.0,0.0,0.0,0.0,0.0,0.0,0.0,0.0,0.0,0.0,0.0,0.0,0.0,0.0,0.0,0.0,0.0,0.0,0.0,0.0,0.0,0.0,0.0,0.0,0.0,0.0,0.0,0.0,0.0,0.0,0.0,0.0,0.0,0.0,0.0,0.0,0.0,0.0,0.0,0.0,0.0
2026-01-25 15:21:20,4.0,28.1,running,0.0,37.2,33.0,0.0,21.0,0.0,3.1,0.4,0.9,0.4,19.2,0.0,12.1,0.0,1.8,0.9,4.4,0.0,0.0,0.0,3.1,0.0,3.6,0.0,0.9,1.3,6.2,0.9,4.4,0.4,23.0,0.4,8.0,0.4,4.9,0.0,2.7,0.9,3.1,0.0,1.3,1.3,0.9,0.0,0.0,0.9,0.4,0.0,0.0,0.0,0.0,0.0,0.0,0.0,0.0,0.0,0.0,0.0,0.0,0.0,0.0,0.0,0.0,0.0,0.0,0.0,0.0,0.0,0.0,0.0,0.0,0.0,0.0,0.0,0.0,0.0,0.0,0.0,0.0,0.0,0.0,0.0,0.0,0.0,0.0,0.0,0.0,0.0,0.0,0.0,0.0,0.0,0.0,0.0,0.0,0.0
2026-01-25 15:21:24,4.7,25.0,running,0.9,40.1,44.0,0.0,16.4,0.0,7.1,1.3,3.1,0.0,20.4,0.5,11.6,0.0,1.8,0.0,7.1,0.4,0.0,0.4,5.4,0.4,3.6,0.0,0.9,0.0,3.6,0.4,2.2,0.4,17.9,0.0,8.5,0.0,4.4,0.0,3.1,0.9,2.7,0.0,0.9,0.4,0.0,0.0,0.0,0.0,0.4,0.0,0.0,0.0,0.0,0.0,0.0,0.0,0.0,0.0,0.0,0.0,0.0,0.0,0.0,0.0,0.0,0.0,0.0,0.0,0.0,0.0,0.0,0.0,0.0,0.0,0.0,0.0,0.0,0.0,0.0,0.0,0.0,0.0,0.0,0.0,0.0,0.0,0.0,0.0,0.0,0.0,0.0,0.0,0.0,0.0,0.0,0.0,0.0,0.0
2026-01-25 15:21:27,4.1,25.0,running,0.0,35.7,38.8,0.0,17.5,0.0,4.5,0.0,1.8,0.0,21.0,0.0,8.4,0.0,0.4,3.6,4.9,1.3,0.4,0.4,4.8,0.0,3.6,0.0,2.2,0.0,3.1,0.4,2.7,0.0,21.4,0.4,7.6,0.0,2.2,0.0,2.2,0.0,1.8,0.0,0.4,0.0,0.0,0.0,0.4,0.0,0.0,0.0,0.0,0.0,0.0,0.0,0.0,0.0,0.0,0.0,0.0,0.0,0.0,0.0,0.0,0.0,0.0,0.0,0.0,0.0,0.0,0.0,0.0,0.0,0.0,0.0,0.0,0.0,0.0,0.0,0.0,0.0,0.0,0.0,0.0,0.0,0.0,0.0,0.0,0.0,0.0,0.0,0.0,0.0,0.0,0.0,0.0,0.0,0.0,0.0
2026-01-25 15:21:31,3.9,34.3,running,0.4,36.9,36.6,0.0,19.8,0.0,6.2,0.0,2.2,0.0,19.0,0.0,12.1,0.5,1.8,1.8,3.1,0.0,0.4,0.4,5.8,0.0,5.3,0.0,0.9,2.2,4.0,0.0,3.1,0.4,17.4,0.0,8.4,0.0,3.6,0.0,2.2,0.0,1.8,0.5,0.0,0.0,0.0,0.0,0.4,0.4,1.3,0.4,0.0,0.0,0.0,0.0,0.0,0.0,0.0,0.0,0.0,0.0,0.0,0.0,0.0,0.0,0.0,0.0,0.0,0.0,0.0,0.0,0.0,0.0,0.0,0.0,0.0,0.0,0.0,0.0,0.0,0.0,0.0,0.0,0.0,0.0,0.0,0.0,0.0,0.0,0.0,0.0,0.0,0.0,0.0,0.0,0.0,0.0,0.0,0.0
2026-01-25 15:21:34,3.8,21.9,running,0.0,35.3,37.9,0.0,20.1,0.0,7.6,0.0,1.8,0.4,20.5,0.0,12.9,0.0,0.9,0.0,4.8,0.4,0.4,0.0,6.2,0.0,7.6,0.0,0.4,0.9,4.0,0.0,0.9,0.0,15.6,0.0,4.9,0.0,0.4,0.0,0.0,0.4,0.0,0.0,0.4,0.0,0.0,0.0,0.0,0.0,0.4,0.0,0.0,0.0,0.0,0.0,0.0,0.0,0.0,0.0,0.0,0.0,0.0,0.0,0.0,0.0,0.0,0.0,0.0,0.0,0.0,0.0,0.0,0.0,0.0,0.0,0.0,0.0,0.0,0.0,0.0,0.0,0.0,0.0,0.0,0.0,0.0,0.0,0.0,0.0,0.0,0.0,0.0,0.0,0.0,0.0,0.0,0.0,0.0,0.0
2026-01-25 15:21:38,4.4,21.8,running,0.0,36.9,40.2,0.0,20.0,0.0,8.0,0.0,3.1,0.0,22.2,0.0,11.6,0.0,0.0,1.8,3.6,0.0,0.4,0.0,7.5,0.4,7.1,0.0,0.9,0.4,8.4,0.5,6.2,0.0,22.3,0.0,8.4,0.0,4.9,0.0,4.9,0.0,3.6,0.4,3.1,0.0,0.4,0.0,0.0,0.4,0.9,0.0,0.0,0.0,0.0,0.0,0.0,0.0,0.0,0.0,0.0,0.0,0.0,0.0,0.0,0.0,0.0,0.0,0.0,0.0,0.0,0.0,0.0,0.0,0.0,0.0,0.0,0.0,0.0,0.0,0.0,0.0,0.0,0.0,0.0,0.0,0.0,0.0,0.0,0.0,0.0,0.0,0.0,0.0,0.0,0.0,0.0,0.0,0.0,0.0
2026-01-25 15:21:41,4.6,28.1,running,0.0,34.5,33.6,0.0,20.1,0.0,5.8,0.0,2.2,0.0,21.1,0.0,10.6,0.0,0.9,1.8,3.5,0.0,0.0,0.0,4.4,0.0,8.4,0.0,0.9,0.9,4.5,0.0,2.7,0.4,17.4,0.4,6.2,0.0,3.6,0.0,2.2,0.9,3.1,0.0,0.0,0.0,0.0,0.0,0.0,0.0,0.0,0.0,0.0,0.0,0.0,0.0,0.0,0.0,0.0,0.0,0.0,0.0,0.0,0.0,0.0,0.0,0.0,0.0,0.0,0.0,0.0,0.0,0.0,0.0,0.0,0.0,0.0,0.0,0.0,0.0,0.0,0.0,0.0,0.0,0.0,0.0,0.0,0.0,0.0,0.0,0.0,0.0,0.0,0.0,0.0,0.0,0.0,0.0,0.0,0.0
2026-01-25 15:21:45,4.3,31.2,running,0.0,33.9,37.9,0.4,19.2,0.0,4.5,0.0,2.2,0.0,20.2,0.9,9.3,0.0,0.9,2.7,2.7,0.4,0.9,0.9,4.9,0.0,8.0,0.0,2.7,0.4,3.1,0.4,3.6,0.0,22.7,0.0,7.6,0.0,1.8,0.0,0.9,0.4,1.3,0.0,1.3,0.0,0.4,0.0,0.0,0.0,0.0,0.0,0.0,0.0,0.0,0.0,0.0,0.0,0.0,0.0,0.0,0.0,0.0,0.0,0.0,0.0,0.0,0.0,0.0,0.0,0.0,0.0,0.0,0.0,0.0,0.0,0.0,0.0,0.0,0.0,0.0,0.0,0.0,0.0,0.0,0.0,0.0,0.0,0.0,0.0,0.0,0.0,0.0,0.0,0.0,0.0,0.0,0.0,0.0,0.0
2026-01-25 15:21:48,3.7,31.2,running,0.0,35.4,40.4,0.0,13.7,0.0,3.6,0.0,1.3,0.0,17.8,0.0,7.6,0.0,1.3,0.9,2.2,0.0,0.0,0.0,3.1,0.4,6.7,0.4,2.2,0.9,3.1,0.0,3.1,0.0,21.3,0.0,7.6,0.0,1.8,0.4,1.8,1.3,1.8,0.4,0.9,0.0,0.0,0.0,0.0,0.0,0.4,0.4,0.0,0.0,0.0,0.0,0.0,0.0,0.0,0.0,0.0,0.0,0.0,0.0,0.0,0.0,0.0,0.0,0.0,0.0,0.0,0.0,0.0,0.0,0.0,0.0,0.0,0.0,0.0,0.0,0.0,0.0,0.0,0.0,0.0,0.0,0.0,0.0,0.0,0.0,0.0,0.0,0.0,0.0,0.0,0.0,0.0,0.0,0.0,0.0
2026-01-25 15:21:52,4.0,43.7,running,0.9,38.4,37.5,0.0,21.2,0.0,6.7,0.0,2.2,0.0,21.9,0.0,12.1,0.0,0.9,0.0,4.4,0.0,0.0,0.0,5.8,0.0,7.5,0.4,2.7,1.3,5.8,0.4,4.9,0.0,22.2,0.0,7.1,0.0,3.1,0.0,2.7,0.4,2.7,0.4,1.3,0.0,0.0,0.0,0.4,0.4,0.4,0.4,0.0,0.0,0.0,0.0,0.0,0.0,0.0,0.0,0.0,0.0,0.0,0.0,0.0,0.0,0.0,0.0,0.0,0.0,0.0,0.0,0.0,0.0,0.0,0.0,0.0,0.0,0.0,0.0,0.0,0.0,0.0,0.0,0.0,0.0,0.0,0.0,0.0,0.0,0.0,0.0,0.0,0.0,0.0,0.0,0.0,0.0,0.0,0.0
2026-01-25 15:21:55,4.4,25.0,running,0.0,38.9,37.3,0.0,14.7,0.0,6.7,0.0,2.7,0.4,16.1,0.4,13.8,0.0,3.1,0.0,2.2,0.0,0.4,0.4,4.0,0.4,7.6,0.0,0.9,1.8,6.2,0.0,2.7,0.9,23.0,0.5,7.6,0.0,2.2,0.0,2.2,2.2,2.7,0.9,0.4,0.0,0.9,0.0,0.0,0.5,0.0,0.5,0.0,0.0,0.0,0.0,0.0,0.0,0.0,0.0,0.0,0.0,0.0,0.0,0.0,0.0,0.0,0.0,0.0,0.0,0.0,0.0,0.0,0.0,0.0,0.0,0.0,0.0,0.0,0.0,0.0,0.0,0.0,0.0,0.0,0.0,0.0,0.0,0.0,0.0,0.0,0.0,0.0,0.0,0.0,0.0,0.0,0.0,0.0,0.0
2026-01-25 15:21:59,4.2,31.2,running,0.0,40.0,37.1,0.0,17.4,0.0,5.4,0.0,3.5,0.4,20.9,0.4,10.7,0.0,0.4,0.0,2.7,0.0,0.9,0.9,6.2,0.0,3.6,0.0,2.7,0.0,4.4,0.0,2.7,0.0,20.0,0.0,7.6,0.0,0.9,0.0,0.9,0.0,0.9,0.0,0.9,0.4,0.4,0.4,0.0,0.0,0.0,0.4,0.0,0.0,0.0,0.0,0.0,0.0,0.0,0.0,0.0,0.0,0.0,0.0,0.0,0.0,0.0,0.0,0.0,0.0,0.0,0.0,0.0,0.0,0.0,0.0,0.0,0.0,0.0,0.0,0.0,0.0,0.0,0.0,0.0,0.0,0.0,0.0,0.0,0.0,0.0,0.0,0.0,0.0,0.0,0.0,0.0,0.0,0.0,0.0
2026-01-25 15:22:02,3.5,21.9,running,0.0,39.1,39.3,0.0,16.6,0.0,4.0,0.4,2.7,0.0,21.0,0.0,8.9,0.0,1.3,0.4,0.9,0.0,0.0,0.0,3.1,0.4,3.1,0.0,0.4,1.3,3.1,0.4,1.3,0.4,17.9,0.0,5.4,0.0,1.8,0.0,1.8,0.4,0.9,0.4,0.9,0.0,0.9,0.4,1.3,0.4,0.9,0.0,0.0,0.0,0.0,0.0,0.0,0.0,0.0,0.0,0.0,0.0,0.0,0.0,0.0,0.0,0.0,0.0,0.0,0.0,0.0,0.0,0.0,0.0,0.0,0.0,0.0,0.0,0.0,0.0,0.0,0.0,0.0,0.0,0.0,0.0,0.0,0.0,0.0,0.0,0.0,0.0,0.0,0.0,0.0,0.0,0.0,0.0,0.0,0.0
2026-01-25 15:22:06,3.6,18.7,running,0.0,35.0,38.2,0.0,16.4,0.0,8.8,0.0,1.8,0.0,20.1,0.0,12.4,0.0,1.8,0.0,3.1,0.0,0.0,0.0,1.8,0.4,4.0,0.0,1.3,1.3,4.9,0.4,3.1,0.0,23.1,0.0,8.5,0.0,1.8,0.0,1.8,0.0,1.3,0.9,0.0,0.0,0.0,0.0,0.4,0.0,0.4,0.0,0.0,0.0,0.0,0.0,0.0,0.0,0.0,0.0,0.0,0.0,0.0,0.0,0.0,0.0,0.0,0.0,0.0,0.0,0.0,0.0,0.0,0.0,0.0,0.0,0.0,0.0,0.0,0.0,0.0,0.0,0.0,0.0,0.0,0.0,0.0,0.0,0.0,0.0,0.0,0.0,0.0,0.0,0.0,0.0,0.0,0.0,0.0,0.0
2026-01-25 15:22:09,4.4,18.7,running,0.9,40.9,39.2,0.0,25.2,0.4,8.4,0.9,4.0,0.0,22.8,0.0,9.7,0.0,4.4,0.0,1.8,0.0,0.9,0.9,4.9,0.0,2.7,0.0,1.8,1.8,4.0,0.0,3.6,0.9,20.4,0.0,7.6,0.0,1.3,0.0,1.3,0.4,1.3,0.9,0.4,0.4,0.4,0.0,0.4,1.8,0.4,0.0,0.0,0.0,0.0,0.0,0.0,0.0,0.0,0.0,0.0,0.0,0.0,0.0,0.0,0.0,0.0,0.0,0.0,0.0,0.0,0.0,0.0,0.0,0.0,0.0,0.0,0.0,0.0,0.0,0.0,0.0,0.0,0.0,0.0,0.0,0.0,0.0,0.0,0.0,0.0,0.0,0.0,0.0,0.0,0.0,0.0,0.0,0.0,0.0
2026-01-25 15:22:13,3.3,40.6,running,0.4,37.6,42.2,0.0,18.5,0.0,5.8,0.4,7.1,0.0,22.3,0.0,8.4,0.0,2.7,0.0,3.6,0.0,0.0,0.0,4.8,0.0,3.6,0.0,2.2,1.3,4.0,0.0,2.7,0.0,20.5,0.0,8.4,0.4,3.6,0.0,2.7,0.0,2.7,0.4,0.9,0.0,0.4,0.0,0.0,0.4,0.4,0.4,0.0,0.0,0.0,0.0,0.0,0.0,0.0,0.0,0.0,0.0,0.0,0.0,0.0,0.0,0.0,0.0,0.0,0.0,0.0,0.0,0.0,0.0,0.0,0.0,0.0,0.0,0.0,0.0,0.0,0.0,0.0,0.0,0.0,0.0,0.0,0.0,0.0,0.0,0.0,0.0,0.0,0.0,0.0,0.0,0.0,0.0,0.0,0.0
2026-01-25 15:22:16,3.7,25.0,running,0.0,36.6,40.1,0.0,15.5,0.0,4.9,0.0,1.3,0.0,20.0,0.0,11.2,0.4,4.0,0.0,3.6,0.0,0.0,0.4,5.8,0.0,3.6,0.0,2.7,0.9,7.6,0.0,4.0,0.0,21.8,0.0,8.8,0.0,4.0,0.0,3.1,0.0,3.5,0.0,0.9,0.0,0.0,0.0,0.0,0.4,0.0,0.0,0.0,0.0,0.0,0.0,0.0,0.0,0.0,0.0,0.0,0.0,0.0,0.0,0.0,0.0,0.0,0.0,0.0,0.0,0.0,0.0,0.0,0.0,0.0,0.0,0.0,0.0,0.0,0.0,0.0,0.0,0.0,0.0,0.0,0.0,0.0,0.0,0.0,0.0,0.0,0.0,0.0,0.0,0.0,0.0,0.0,0.0,0.0,0.0
2026-01-25 15:22:20,3.7,12.5,running,0.0,39.1,39.6,0.0,16.4,0.5,5.8,0.0,3.1,0.0,20.5,0.0,8.9,0.0,2.7,0.0,2.2,0.4,0.4,0.0,4.9,0.0,1.3,0.0,0.9,1.3,4.0,0.0,4.9,0.0,19.6,0.4,8.0,0.0,2.7,0.0,4.4,0.0,3.6,0.0,0.0,0.0,0.0,0.0,0.0,0.0,0.0,0.0,0.0,0.0,0.0,0.0,0.0,0.0,0.0,0.0,0.0,0.0,0.0,0.0,0.0,0.0,0.0,0.0,0.0,0.0,0.0,0.0,0.0,0.0,0.0,0.0,0.0,0.0,0.0,0.0,0.0,0.0,0.0,0.0,0.0,0.0,0.0,0.0,0.0,0.0,0.0,0.0,0.0,0.0,0.0,0.0,0.0,0.0,0.0,0.0
2026-01-25 15:22:23,4.7,25.0,running,0.4,39.1,39.6,0.0,18.3,0.0,6.7,0.0,5.4,0.0,21.4,0.4,11.6,0.4,0.4,0.0,0.9,0.0,0.0,0.0,4.4,0.0,2.2,0.0,1.3,0.9,4.0,0.4,2.7,0.0,20.8,0.0,7.1,0.0,3.1,0.9,1.8,0.0,2.2,0.9,0.9,0.0,0.9,0.0,0.0,0.9,0.4,0.0,0.0,0.0,0.0,0.0,0.0,0.0,0.0,0.0,0.0,0.0,0.0,0.0,0.0,0.0,0.0,0.0,0.0,0.0,0.0,0.0,0.0,0.0,0.0,0.0,0.0,0.0,0.0,0.0,0.0,0.0,0.0,0.0,0.0,0.0,0.0,0.0,0.0,0.0,0.0,0.0,0.0,0.0,0.0,0.0,0.0,0.0,0.0,0.0
2026-01-25 15:22:27,4.3,28.1,running,0.9,37.8,42.0,0.0,18.8,0.0,11.1,0.0,4.9,0.0,20.4,0.4,11.9,0.0,1.3,0.0,3.1,0.4,0.9,0.0,5.3,0.0,2.7,0.0,1.8,1.8,5.3,0.0,5.8,1.3,21.3,0.0,8.9,1.3,4.0,0.0,3.6,0.0,4.0,0.4,0.4,0.0,0.0,0.0,0.4,1.3,0.9,0.0,0.0,0.0,0.0,0.0,0.0,0.0,0.0,0.0,0.0,0.0,0.0,0.0,0.0,0.0,0.0,0.0,0.0,0.0,0.0,0.0,0.0,0.0,0.0,0.0,0.0,0.0,0.0,0.0,0.0,0.0,0.0,0.0,0.0,0.0,0.0,0.0,0.0,0.0,0.0,0.0,0.0,0.0,0.0,0.0,0.0,0.0,0.0,0.0
2026-01-25 15:22:30,5.0,18.7,running,0.4,41.7,45.3,0.0,26.3,0.0,8.9,0.9,5.8,0.0,23.8,0.0,10.2,0.0,4.5,0.0,3.1,0.0,1.8,0.0,3.1,0.0,2.7,0.0,3.1,1.3,7.6,0.4,6.2,0.9,23.7,0.0,9.4,0.4,5.4,0.0,4.0,0.4,2.7,0.4,2.2,1.3,0.9,0.0,2.2,0.4,0.0,0.0,0.0,0.0,0.0,0.0,0.0,0.0,0.0,0.0,0.0,0.0,0.0,0.0,0.0,0.0,0.0,0.0,0.0,0.0,0.0,0.0,0.0,0.0,0.0,0.0,0.0,0.0,0.0,0.0,0.0,0.0,0.0,0.0,0.0,0.0,0.0,0.0,0.0,0.0,0.0,0.0,0.0,0.0,0.0,0.0,0.0,0.0,0.0,0.0
2026-01-25 15:22:34,3.9,31.2,running,0.0,38.9,35.7,0.0,17.0,0.0,6.2,0.0,4.5,0.0,19.5,0.0,11.6,0.0,5.3,0.0,1.8,0.0,0.0,0.0,6.7,0.9,2.2,0.0,1.3,3.9,5.4,0.0,4.5,0.0,19.7,0.4,10.2,0.0,3.6,0.4,4.0,0.0,3.1,0.0,0.4,0.0,1.3,0.0,0.4,0.9,0.9,0.0,0.0,0.0,0.0,0.0,0.0,0.0,0.0,0.0,0.0,0.0,0.0,0.0,0.0,0.0,0.0,0.0,0.0,0.0,0.0,0.0,0.0,0.0,0.0,0.0,0.0,0.0,0.0,0.0,0.0,0.0,0.0,0.0,0.0,0.0,0.0,0.0,0.0,0.0,0.0,0.0,0.0,0.0,0.0,0.0,0.0,0.0,0.0,0.0
2026-01-25 15:22:37,3.8,31.2,running,0.4,38.6,38.2,0.0,21.8,0.0,7.5,0.0,1.8,0.0,17.7,0.0,14.1,0.4,1.8,0.0,0.9,0.4,1.3,0.0,6.1,0.0,2.2,0.0,0.5,1.8,4.4,0.0,2.2,0.0,19.9,0.0,7.6,0.0,2.7,0.0,2.7,0.0,2.7,0.0,0.9,0.4,0.0,0.0,0.4,0.0,0.0,0.0,0.0,0.0,0.0,0.0,0.0,0.0,0.0,0.0,0.0,0.0,0.0,0.0,0.0,0.0,0.0,0.0,0.0,0.0,0.0,0.0,0.0,0.0,0.0,0.0,0.0,0.0,0.0,0.0,0.0,0.0,0.0,0.0,0.0,0.0,0.0,0.0,0.0,0.0,0.0,0.0,0.0,0.0,0.0,0.0,0.0,0.0,0.0,0.0
2026-01-25 15:22:41,3.6,25.0,running,0.0,36.9,44.5,0.0,17.2,0.0,5.8,0.0,4.4,0.0,21.6,0.0,7.6,0.0,0.9,0.9,3.6,0.0,0.0,0.4,3.6,0.0,2.2,0.0,0.0,0.4,4.4,0.0,2.7,0.0,17.3,0.0,6.2,0.0,2.7,0.0,2.7,0.0,2.7,0.0,0.9,0.0,0.4,0.4,0.4,0.4,0.0,0.0,0.0,0.0,0.0,0.0,0.0,0.0,0.0,0.0,0.0,0.0,0.0,0.0,0.0,0.0,0.0,0.0,0.0,0.0,0.0,0.0,0.0,0.0,0.0,0.0,0.0,0.0,0.0,0.0,0.0,0.0,0.0,0.0,0.0,0.0,0.0,0.0,0.0,0.0,0.0,0.0,0.0,0.0,0.0,0.0,0.0,0.0,0.0,0.0
2026-01-25 15:22:44,5.4,18.7,running,0.0,37.3,42.7,0.0,16.5,0.4,8.0,0.0,1.4,0.0,22.7,0.0,12.9,0.0,0.9,0.4,2.7,0.0,0.0,0.0,3.1,0.0,2.2,0.0,3.6,1.3,7.1,0.4,5.4,1.3,23.1,0.0,9.8,0.4,4.0,0.0,4.5,0.0,3.1,0.9,1.3,0.0,0.0,0.4,0.0,0.0,0.0,0.0,0.0,0.0,0.0,0.0,0.0,0.0,0.0,0.0,0.0,0.0,0.0,0.0,0.0,0.0,0.0,0.0,0.0,0.0,0.0,0.0,0.0,0.0,0.0,0.0,0.0,0.0,0.0,0.0,0.0,0.0,0.0,0.0,0.0,0.0,0.0,0.0,0.0,0.0,0.0,0.0,0.0,0.0,0.0,0.0,0.0,0.0,0.0,0.0
2026-01-25 15:22:48,4.3,31.2,running,0.4,39.3,35.6,0.0,19.2,0.0,7.1,0.0,2.7,0.0,17.3,0.0,12.1,0.0,3.1,0.0,1.8,0.0,0.9,0.0,3.1,0.0,2.7,0.0,1.3,2.2,4.4,0.0,4.0,0.0,24.8,0.0,8.0,0.0,3.6,0.0,3.1,0.4,2.2,0.4,0.0,0.0,0.0,0.0,0.0,0.4,0.4,1.3,0.0,0.0,0.0,0.0,0.0,0.0,0.0,0.0,0.0,0.0,0.0,0.0,0.0,0.0,0.0,0.0,0.0,0.0,0.0,0.0,0.0,0.0,0.0,0.0,0.0,0.0,0.0,0.0,0.0,0.0,0.0,0.0,0.0,0.0,0.0,0.0,0.0,0.0,0.0,0.0,0.0,0.0,0.0,0.0,0.0,0.0,0.0,0.0
2026-01-25 15:22:51,4.2,31.2,running,0.9,39.3,42.5,0.0,18.1,0.0,7.6,0.0,2.7,0.0,20.1,0.4,12.0,0.0,1.8,0.0,1.3,0.0,0.9,0.0,3.1,0.0,2.2,0.0,0.9,0.9,4.4,0.4,3.6,0.9,19.2,0.0,7.1,0.9,4.9,0.0,3.6,0.0,3.1,0.4,1.3,0.0,0.0,0.0,0.0,0.9,0.4,0.4,0.0,0.0,0.0,0.0,0.0,0.0,0.0,0.0,0.0,0.0,0.0,0.0,0.0,0.0,0.0,0.0,0.0,0.0,0.0,0.0,0.0,0.0,0.0,0.0,0.0,0.0,0.0,0.0,0.0,0.0,0.0,0.0,0.0,0.0,0.0,0.0,0.0,0.0,0.0,0.0,0.0,0.0,0.0,0.0,0.0,0.0,0.0,0.0
2026-01-25 15:22:55,3.6,31.2,running,0.4,36.8,35.7,0.0,20.5,0.0,4.9,0.4,2.7,0.0,22.7,0.5,8.8,0.4,0.4,0.4,2.7,0.0,0.4,0.9,3.1,0.0,2.7,0.0,1.8,0.0,3.5,0.0,1.8,0.0,19.2,0.0,5.8,0.9,2.2,0.9,1.3,0.9,0.9,0.4,0.0,0.0,0.0,0.9,0.0,0.0,0.0,0.0,0.0,0.0,0.0,0.0,0.0,0.0,0.0,0.0,0.0,0.0,0.0,0.0,0.0,0.0,0.0,0.0,0.0,0.0,0.0,0.0,0.0,0.0,0.0,0.0,0.0,0.0,0.0,0.0,0.0,0.0,0.0,0.0,0.0,0.0,0.0,0.0,0.0,0.0,0.0,0.0,0.0,0.0,0.0,0.0,0.0,0.0,0.0,0.0
2026-01-25 15:22:58,4.4,34.4,running,0.0,39.5,38.2,0.0,17.9,0.0,8.1,0.0,2.2,0.0,19.1,0.8,10.7,0.0,1.3,0.0,2.2,0.0,0.0,0.0,4.0,1.8,2.7,0.0,1.8,0.9,6.2,0.0,4.9,0.0,20.8,0.0,8.9,0.4,4.4,0.0,3.6,0.0,3.6,0.0,0.4,0.0,0.4,2.2,0.0,0.0,0.0,0.4,0.0,0.0,0.0,0.0,0.0,0.0,0.0,0.0,0.0,0.0,0.0,0.0,0.0,0.0,0.0,0.0,0.0,0.0,0.0,0.0,0.0,0.0,0.0,0.0,0.0,0.0,0.0,0.0,0.0,0.0,0.0,0.0,0.0,0.0,0.0,0.0,0.0,0.0,0.0,0.0,0.0,0.0,0.0,0.0,0.0,0.0,0.0,0.0
2026-01-25 15:23:02,3.4,28.1,running,0.0,36.2,39.1,0.0,13.7,0.0,8.4,0.0,1.3,0.0,17.7,0.0,12.0,0.4,0.9,0.4,3.1,0.0,0.0,0.0,1.8,0.0,2.2,0.4,0.9,0.9,4.9,0.4,3.1,0.4,21.2,0.0,8.4,0.0,3.6,0.0,2.7,0.4,2.7,0.0,1.8,0.0,0.4,1.3,0.0,0.4,0.0,0.0,0.0,0.0,0.0,0.0,0.0,0.0,0.0,0.0,0.0,0.0,0.0,0.0,0.0,0.0,0.0,0.0,0.0,0.0,0.0,0.0,0.0,0.0,0.0,0.0,0.0,0.0,0.0,0.0,0.0,0.0,0.0,0.0,0.0,0.0,0.0,0.0,0.0,0.0,0.0,0.0,0.0,0.0,0.0,0.0,0.0,0.0,0.0,0.0
2026-01-25 15:23:05,4.4,37.4,running,0.0,38.9,41.1,0.0,19.1,0.0,6.7,0.0,3.1,0.0,19.6,0.4,8.5,0.0,0.9,0.0,2.2,0.0,0.0,0.0,4.4,0.4,4.4,0.0,2.7,1.3,3.6,1.8,3.1,0.4,22.0,0.0,7.6,0.0,3.1,0.0,2.2,0.4,2.2,0.0,0.4,0.4,0.0,1.3,0.0,0.0,0.4,0.0,0.0,0.0,0.0,0.0,0.0,0.0,0.0,0.0,0.0,0.0,0.0,0.0,0.0,0.0,0.0,0.0,0.0,0.0,0.0,0.0,0.0,0.0,0.0,0.0,0.0,0.0,0.0,0.0,0.0,0.0,0.0,0.0,0.0,0.0,0.0,0.0,0.0,0.0,0.0,0.0,0.0,0.0,0.0,0.0,0.0,0.0,0.0,0.0
2026-01-25 15:23:09,4.2,31.2,running,0.0,37.2,36.0,0.0,18.2,0.4,6.2,0.0,3.1,0.4,17.3,0.0,12.9,0.0,3.5,0.4,3.5,0.4,0.0,0.0,5.4,0.4,3.1,0.0,3.1,0.4,4.0,0.0,1.8,0.4,23.5,0.4,5.3,0.0,0.9,0.0,1.3,0.4,1.3,0.4,0.0,0.0,0.0,3.6,0.0,0.4,0.0,0.0,0.0,0.0,0.0,0.0,0.0,0.0,0.0,0.0,0.0,0.0,0.0,0.0,0.0,0.0,0.0,0.0,0.0,0.0,0.0,0.0,0.0,0.0,0.0,0.0,0.0,0.0,0.0,0.0,0.0,0.0,0.0,0.0,0.0,0.0,0.0,0.0,0.0,0.0,0.0,0.0,0.0,0.0,0.0,0.0,0.0,0.0,0.0,0.0
2026-01-25 15:23:12,3.1,43.7,running,0.0,36.3,39.8,0.0,22.2,0.0,4.9,0.0,3.6,0.0,18.7,0.0,7.6,0.0,0.4,0.0,0.9,0.0,0.5,0.0,2.2,0.0,3.1,0.0,2.2,0.4,3.1,0.4,1.8,0.0,17.9,0.4,5.8,0.0,3.1,0.0,0.9,0.0,1.8,0.0,0.4,0.0,0.4,0.4,0.5,0.0,0.0,0.0,0.0,0.0,0.0,0.0,0.0,0.0,0.0,0.0,0.0,0.0,0.0,0.0,0.0,0.0,0.0,0.0,0.0,0.0,0.0,0.0,0.0,0.0,0.0,0.0,0.0,0.0,0.0,0.0,0.0,0.0,0.0,0.0,0.0,0.0,0.0,0.0,0.0,0.0,0.0,0.0,0.0,0.0,0.0,0.0,0.0,0.0,0.0,0.0
2026-01-25 15:23:16,3.7,34.3,running,0.0,39.3,37.4,0.0,15.1,0.0,7.6,0.0,2.2,0.0,16.5,0.0,11.9,0.4,0.4,0.0,2.7,0.0,0.0,0.0,4.9,0.0,1.8,0.0,0.0,0.9,3.1,0.4,1.8,0.4,24.0,0.0,7.6,0.0,1.8,0.4,1.3,0.9,0.4,0.4,0.4,0.0,0.0,0.0,0.0,0.0,0.4,0.0,0.0,0.0,0.0,0.0,0.0,0.0,0.0,0.0,0.0,0.0,0.0,0.0,0.0,0.0,0.0,0.0,0.0,0.0,0.0,0.0,0.0,0.0,0.0,0.0,0.0,0.0,0.0,0.0,0.0,0.0,0.0,0.0,0.0,0.0,0.0,0.0,0.0,0.0,0.0,0.0,0.0,0.0,0.0,0.0,0.0,0.0,0.0,0.0
2026-01-25 15:23:19,2.9,37.5,running,0.4,39.2,38.2,0.4,16.4,0.0,11.6,0.0,3.6,0.0,18.7,0.0,8.9,0.0,2.2,0.9,0.9,0.9,0.0,0.4,5.8,0.0,4.0,0.4,0.0,0.9,7.6,0.0,3.1,0.0,22.6,0.4,6.7,0.4,2.2,0.0,3.1,0.4,3.6,0.0,2.2,0.0,0.0,0.4,0.0,0.0,0.4,0.0,0.0,0.0,0.0,0.0,0.0,0.0,0.0,0.0,0.0,0.0,0.0,0.0,0.0,0.0,0.0,0.0,0.0,0.0,0.0,0.0,0.0,0.0,0.0,0.0,0.0,0.0,0.0,0.0,0.0,0.0,0.0,0.0,0.0,0.0,0.0,0.0,0.0,0.0,0.0,0.0,0.0,0.0,0.0,0.0,0.0,0.0,0.0,0.0
2026-01-25 15:23:23,3.9,34.3,running,0.0,39.3,32.1,0.0,20.4,0.0,8.0,0.0,3.1,0.4,21.8,0.9,11.6,0.0,1.8,0.0,1.3,0.0,0.0,0.4,3.5,0.0,2.7,0.0,1.8,0.4,4.5,0.4,2.7,0.0,19.6,0.0,7.1,0.0,0.9,0.4,0.9,0.4,1.3,0.0,0.4,0.0,0.0,0.0,0.0,0.4,0.0,0.0,0.0,0.0,0.0,0.0,0.0,0.0,0.0,0.0,0.0,0.0,0.0,0.0,0.0,0.0,0.0,0.0,0.0,0.0,0.0,0.0,0.0,0.0,0.0,0.0,0.0,0.0,0.0,0.0,0.0,0.0,0.0,0.0,0.0,0.0,0.0,0.0,0.0,0.0,0.0,0.0,0.0,0.0,0.0,0.0,0.0,0.0,0.0,0.0
2026-01-25 15:23:26,3.9,25.0,running,0.4,40.4,39.8,0.5,19.1,0.4,5.4,0.0,3.6,0.0,19.6,0.0,8.0,0.0,1.8,0.0,1.8,0.0,0.9,0.0,5.4,0.4,1.8,0.0,1.3,0.0,4.5,1.3,3.1,0.9,19.2,0.0,6.7,0.0,3.1,0.0,2.7,0.0,2.7,0.4,0.4,0.4,0.0,0.0,0.4,0.0,0.0,0.4,0.0,0.0,0.0,0.0,0.0,0.0,0.0,0.0,0.0,0.0,0.0,0.0,0.0,0.0,0.0,0.0,0.0,0.0,0.0,0.0,0.0,0.0,0.0,0.0,0.0,0.0,0.0,0.0,0.0,0.0,0.0,0.0,0.0,0.0,0.0,0.0,0.0,0.0,0.0,0.0,0.0,0.0,0.0,0.0,0.0,0.0,0.0,0.0
2026-01-25 15:23:30,3.5,31.2,running,0.0,33.5,33.8,0.0,19.4,0.0,6.7,0.0,2.2,0.0,19.4,0.0,8.9,0.0,0.9,0.0,1.3,0.0,0.0,0.0,2.6,0.4,2.7,0.0,1.3,1.8,4.9,0.0,2.7,0.4,21.7,0.0,7.6,0.0,2.2,0.0,2.2,0.4,1.3,0.4,1.3,0.4,0.9,0.0,0.0,0.0,0.4,0.0,0.0,0.0,0.0,0.0,0.0,0.0,0.0,0.0,0.0,0.0,0.0,0.0,0.0,0.0,0.0,0.0,0.0,0.0,0.0,0.0,0.0,0.0,0.0,0.0,0.0,0.0,0.0,0.0,0.0,0.0,0.0,0.0,0.0,0.0,0.0,0.0,0.0,0.0,0.0,0.0,0.0,0.0,0.0,0.0,0.0,0.0,0.0,0.0
2026-01-25 15:23:33,4.5,18.7,running,0.4,35.7,36.8,0.9,25.9,0.4,10.3,0.4,2.7,0.0,22.7,0.0,9.8,0.9,2.2,0.0,3.5,0.0,1.3,0.4,6.7,0.0,4.9,0.0,1.3,0.0,2.7,1.8,1.3,0.0,22.3,0.0,5.8,0.0,0.9,0.0,0.4,0.0,0.9,0.0,0.0,0.0,0.0,0.0,0.0,0.0,0.0,0.0,0.0,0.0,0.0,0.0,0.0,0.0,0.0,0.0,0.0,0.0,0.0,0.0,0.0,0.0,0.0,0.0,0.0,0.0,0.0,0.0,0.0,0.0,0.0,0.0,0.0,0.0,0.0,0.0,0.0,0.0,0.0,0.0,0.0,0.0,0.0,0.0,0.0,0.0,0.0,0.0,0.0,0.0,0.0,0.0,0.0,0.0,0.0,0.0
2026-01-25 15:23:37,4.2,28.1,running,0.9,32.6,44.3,0.0,16.9,0.0,9.4,0.0,3.6,0.0,20.5,0.4,10.7,0.0,5.3,0.4,0.9,0.4,0.4,0.0,5.8,0.0,3.5,0.0,0.4,0.4,4.0,0.0,2.7,0.0,20.5,0.0,6.2,0.0,1.3,0.0,1.3,0.0,1.3,0.0,0.0,0.4,0.9,0.4,0.0,0.0,0.0,0.0,0.0,0.0,0.0,0.0,0.0,0.0,0.0,0.0,0.0,0.0,0.0,0.0,0.0,0.0,0.0,0.0,0.0,0.0,0.0,0.0,0.0,0.0,0.0,0.0,0.0,0.0,0.0,0.0,0.0,0.0,0.0,0.0,0.0,0.0,0.0,0.0,0.0,0.0,0.0,0.0,0.0,0.0,0.0,0.0,0.0,0.0,0.0,0.0
2026-01-25 15:23:40,3.6,21.8,running,0.0,38.5,30.5,0.0,17.9,0.4,8.0,0.0,3.1,0.4,16.4,0.4,11.0,0.0,3.1,0.0,2.7,0.9,0.4,0.0,5.3,0.0,6.2,0.0,1.3,0.9,5.8,1.8,2.3,0.9,21.0,0.0,8.0,0.0,1.3,0.0,0.9,0.0,1.3,0.0,0.4,0.0,0.0,0.0,0.0,0.4,0.0,0.9,0.0,0.0,0.0,0.0,0.0,0.0,0.0,0.0,0.0,0.0,0.0,0.0,0.0,0.0,0.0,0.0,0.0,0.0,0.0,0.0,0.0,0.0,0.0,0.0,0.0,0.0,0.0,0.0,0.0,0.0,0.0,0.0,0.0,0.0,0.0,0.0,0.0,0.0,0.0,0.0,0.0,0.0,0.0,0.0,0.0,0.0,0.0,0.0
2026-01-25 15:23:44,4.4,31.2,running,0.0,38.4,36.2,0.4,20.1,0.0,4.5,0.0,4.0,0.4,21.8,0.9,9.3,0.0,0.9,0.0,4.9,0.9,0.9,0.0,2.2,0.0,4.4,0.0,0.9,0.4,7.0,0.0,2.7,0.4,19.2,0.0,8.4,0.0,4.0,0.0,2.2,0.4,2.7,0.4,0.4,0.4,0.4,0.4,0.0,0.0,0.9,0.9,0.0,0.0,0.0,0.0,0.0,0.0,0.0,0.0,0.0,0.0,0.0,0.0,0.0,0.0,0.0,0.0,0.0,0.0,0.0,0.0,0.0,0.0,0.0,0.0,0.0,0.0,0.0,0.0,0.0,0.0,0.0,0.0,0.0,0.0,0.0,0.0,0.0,0.0,0.0,0.0,0.0,0.0,0.0,0.0,0.0,0.0,0.0,0.0
2026-01-25 15:23:47,3.8,31.2,running,0.4,34.1,37.2,0.0,22.1,0.0,8.0,0.0,3.6,0.4,16.7,0.4,10.7,0.9,3.1,0.4,4.9,0.0,0.0,0.0,5.4,0.0,3.1,0.0,1.8,0.9,2.7,0.0,1.3,0.4,16.4,0.0,6.2,0.0,1.3,0.0,0.9,0.0,1.3,0.0,0.0,0.0,0.4,0.0,0.9,0.0,0.0,0.0,0.0,0.0,0.0,0.0,0.0,0.0,0.0,0.0,0.0,0.0,0.0,0.0,0.0,0.0,0.0,0.0,0.0,0.0,0.0,0.0,0.0,0.0,0.0,0.0,0.0,0.0,0.0,0.0,0.0,0.0,0.0,0.0,0.0,0.0,0.0,0.0,0.0,0.0,0.0,0.0,0.0,0.0,0.0,0.0,0.0,0.0,0.0,0.0
2026-01-25 15:23:51,3.7,34.3,running,0.0,37.9,36.4,0.0,20.7,0.0,12.8,0.0,3.6,0.4,22.2,0.4,7.6,0.0,3.1,0.0,4.9,0.4,0.0,0.0,4.4,0.0,4.9,0.0,0.4,1.3,7.1,0.0,2.2,0.0,21.4,0.0,7.1,0.0,1.8,0.0,1.3,0.0,0.9,0.4,0.0,0.0,0.0,0.0,0.0,0.0,0.0,0.0,0.0,0.0,0.0,0.0,0.0,0.0,0.0,0.0,0.0,0.0,0.0,0.0,0.0,0.0,0.0,0.0,0.0,0.0,0.0,0.0,0.0,0.0,0.0,0.0,0.0,0.0,0.0,0.0,0.0,0.0,0.0,0.0,0.0,0.0,0.0,0.0,0.0,0.0,0.0,0.0,0.0,0.0,0.0,0.0,0.0,0.0,0.0,0.0
2026-01-25 15:23:54,4.7,37.5,running,0.0,32.2,40.3,0.0,21.9,0.0,7.6,0.4,3.5,0.0,17.9,0.4,9.3,0.0,4.0,0.4,2.2,0.4,1.3,0.4,3.6,0.0,2.7,0.4,2.7,1.3,5.4,0.0,2.7,0.4,19.5,0.0,5.8,0.0,2.2,0.0,2.2,0.0,1.8,0.0,1.3,0.4,0.0,0.0,0.4,0.0,0.0,0.0,0.0,0.0,0.0,0.0,0.0,0.0,0.0,0.0,0.0,0.0,0.0,0.0,0.0,0.0,0.0,0.0,0.0,0.0,0.0,0.0,0.0,0.0,0.0,0.0,0.0,0.0,0.0,0.0,0.0,0.0,0.0,0.0,0.0,0.0,0.0,0.0,0.0,0.0,0.0,0.0,0.0,0.0,0.0,0.0,0.0,0.0,0.0,0.0
2026-01-25 15:23:58,4.3,34.3,running,0.9,40.1,38.2,0.0,18.2,0.0,6.6,0.0,1.3,0.0,16.4,0.0,10.6,0.0,1.8,0.9,6.2,0.0,0.9,0.4,3.1,0.9,6.2,0.4,1.8,0.9,8.7,0.0,4.4,0.4,21.8,0.0,8.0,0.4,1.8,0.4,2.7,0.0,1.8,0.0,0.9,0.0,0.4,0.0,0.4,0.0,0.0,0.0,0.0,0.0,0.0,0.0,0.0,0.0,0.0,0.0,0.0,0.0,0.0,0.0,0.0,0.0,0.0,0.0,0.0,0.0,0.0,0.0,0.0,0.0,0.0,0.0,0.0,0.0,0.0,0.0,0.0,0.0,0.0,0.0,0.0,0.0,0.0,0.0,0.0,0.0,0.0,0.0,0.0,0.0,0.0,0.0,0.0,0.0,0.0,0.0
2026-01-25 15:24:01,3.7,28.1,running,0.4,39.1,37.3,0.0,18.6,0.4,8.5,0.0,1.8,0.0,19.2,0.0,15.0,0.0,1.3,0.0,5.3,0.0,0.4,0.0,6.7,0.4,2.7,1.3,2.7,0.9,4.4,0.0,2.7,1.3,22.2,0.0,8.5,0.4,1.3,0.0,0.9,0.0,0.9,0.0,1.8,0.0,0.9,0.0,0.4,0.4,0.0,0.4,0.0,0.0,0.0,0.0,0.0,0.0,0.0,0.0,0.0,0.0,0.0,0.0,0.0,0.0,0.0,0.0,0.0,0.0,0.0,0.0,0.0,0.0,0.0,0.0,0.0,0.0,0.0,0.0,0.0,0.0,0.0,0.0,0.0,0.0,0.0,0.0,0.0,0.0,0.0,0.0,0.0,0.0,0.0,0.0,0.0,0.0,0.0,0.0
2026-01-25 15:24:05,4.4,31.2,running,0.9,40.1,30.8,0.4,22.4,0.0,13.0,0.0,3.1,0.4,20.4,0.0,12.1,0.4,0.0,0.0,2.2,0.0,0.0,0.0,5.8,0.4,3.6,0.0,1.8,0.4,6.2,0.4,6.2,0.4,25.0,0.4,10.7,0.4,4.5,0.0,4.5,0.0,4.0,0.4,1.3,0.0,0.4,0.0,0.9,0.0,0.9,0.0,0.0,0.0,0.0,0.0,0.0,0.0,0.0,0.0,0.0,0.0,0.0,0.0,0.0,0.0,0.0,0.0,0.0,0.0,0.0,0.0,0.0,0.0,0.0,0.0,0.0,0.0,0.0,0.0,0.0,0.0,0.0,0.0,0.0,0.0,0.0,0.0,0.0,0.0,0.0,0.0,0.0,0.0,0.0,0.0,0.0,0.0,0.0,0.0
2026-01-25 15:24:08,5.3,25.0,running,0.9,36.0,37.6,0.0,21.1,0.0,8.0,0.0,4.9,0.0,21.7,0.0,6.2,0.4,3.1,0.0,4.0,0.4,0.0,0.0,8.0,0.4,6.2,0.0,0.9,0.0,9.4,1.8,2.7,0.0,19.0,0.0,6.2,0.4,1.8,0.0,2.7,0.4,3.1,0.0,1.8,0.0,0.9,0.0,0.4,0.0,0.9,0.0,0.0,0.0,0.0,0.0,0.0,0.0,0.0,0.0,0.0,0.0,0.0,0.0,0.0,0.0,0.0,0.0,0.0,0.0,0.0,0.0,0.0,0.0,0.0,0.0,0.0,0.0,0.0,0.0,0.0,0.0,0.0,0.0,0.0,0.0,0.0,0.0,0.0,0.0,0.0,0.0,0.0,0.0,0.0,0.0,0.0,0.0,0.0,0.0
2026-01-25 15:24:12,4.5,46.8,running,0.4,35.8,40.3,0.4,17.7,0.9,5.8,0.0,1.8,0.0,19.2,0.0,8.0,0.9,0.9,0.0,7.6,0.4,0.0,1.3,6.6,0.0,5.4,0.0,1.8,0.9,8.4,0.4,1.8,0.9,18.7,0.0,6.3,0.0,1.8,0.0,2.3,0.0,1.8,0.0,0.4,0.0,0.0,0.4,0.0,1.3,0.0,0.4,0.0,0.0,0.0,0.0,0.0,0.0,0.0,0.0,0.0,0.0,0.0,0.0,0.0,0.0,0.0,0.0,0.0,0.0,0.0,0.0,0.0,0.0,0.0,0.0,0.0,0.0,0.0,0.0,0.0,0.0,0.0,0.0,0.0,0.0,0.0,0.0,0.0,0.0,0.0,0.0,0.0,0.0,0.0,0.0,0.0,0.0,0.0,0.0
2026-01-25 15:24:15,3.9,37.5,running,0.4,34.2,37.9,0.0,19.6,0.0,7.6,0.0,3.1,0.0,18.6,0.0,8.9,0.0,1.8,0.4,5.3,0.0,1.3,1.3,7.1,0.0,5.8,0.0,0.0,0.4,5.3,0.0,3.1,0.0,24.4,0.0,6.7,0.9,3.5,0.0,2.7,0.0,3.1,0.0,0.4,0.0,0.4,0.4,0.9,0.0,0.0,0.0,0.0,0.0,0.0,0.0,0.0,0.0,0.0,0.0,0.0,0.0,0.0,0.0,0.0,0.0,0.0,0.0,0.0,0.0,0.0,0.0,0.0,0.0,0.0,0.0,0.0,0.0,0.0,0.0,0.0,0.0,0.0,0.0,0.0,0.0,0.0,0.0,0.0,0.0,0.0,0.0,0.0,0.0,0.0,0.0,0.0,0.0,0.0,0.0
2026-01-25 15:24:19,4.1,31.2,running,0.9,37.3,37.2,0.4,19.6,0.0,7.1,0.0,3.1,0.0,17.0,0.4,5.4,0.0,3.1,0.0,5.8,0.0,0.9,0.4,8.9,0.4,4.9,0.4,1.8,0.9,4.0,0.0,2.2,0.9,20.5,0.0,5.8,0.4,2.7,0.0,1.3,0.0,1.8,0.0,1.3,0.4,0.4,0.4,0.4,0.0,0.4,0.0,0.0,0.0,0.0,0.0,0.0,0.0,0.0,0.0,0.0,0.0,0.0,0.0,0.0,0.0,0.0,0.0,0.0,0.0,0.0,0.0,0.0,0.0,0.0,0.0,0.0,0.0,0.0,0.0,0.0,0.0,0.0,0.0,0.0,0.0,0.0,0.0,0.0,0.0,0.0,0.0,0.0,0.0,0.0,0.0,0.0,0.0,0.0,0.0
2026-01-25 15:24:22,4.1,28.1,running,0.0,39.4,37.2,0.0,14.3,0.4,8.0,0.9,4.0,0.4,16.6,0.0,10.2,0.0,2.2,0.0,3.6,0.0,0.0,0.4,5.4,0.0,4.9,0.0,0.0,0.4,5.8,0.9,3.1,0.4,23.0,0.0,7.6,0.0,4.0,0.0,3.1,0.4,3.6,0.0,0.4,0.0,0.4,0.0,0.4,0.0,0.0,0.0,0.0,0.0,0.0,0.0,0.0,0.0,0.0,0.0,0.0,0.0,0.0,0.0,0.0,0.0,0.0,0.0,0.0,0.0,0.0,0.0,0.0,0.0,0.0,0.0,0.0,0.0,0.0,0.0,0.0,0.0,0.0,0.0,0.0,0.0,0.0,0.0,0.0,0.0,0.0,0.0,0.0,0.0,0.0,0.0,0.0,0.0,0.0,0.0
2026-01-25 15:24:26,4.8,21.9,running,0.0,35.6,41.6,0.0,15.2,0.0,5.4,0.0,1.3,0.0,18.1,0.4,11.1,0.0,0.4,0.0,3.6,0.4,0.0,0.9,10.7,0.0,5.8,0.4,1.3,1.3,5.3,1.3,3.1,1.8,21.7,0.0,7.9,0.0,2.7,0.0,2.2,0.4,2.2,0.0,0.0,0.0,0.4,0.0,0.0,0.4,0.4,0.0,0.0,0.0,0.0,0.0,0.0,0.0,0.0,0.0,0.0,0.0,0.0,0.0,0.0,0.0,0.0,0.0,0.0,0.0,0.0,0.0,0.0,0.0,0.0,0.0,0.0,0.0,0.0,0.0,0.0,0.0,0.0,0.0,0.0,0.0,0.0,0.0,0.0,0.0,0.0,0.0,0.0,0.0,0.0,0.0,0.0,0.0,0.0,0.0
2026-01-25 15:24:29,5.0,34.4,running,0.9,39.8,39.7,0.0,22.7,0.0,8.0,0.0,4.4,0.0,18.5,0.9,8.4,0.0,4.5,0.0,4.9,0.0,0.0,0.4,9.3,0.0,5.8,0.0,1.8,0.9,4.4,1.3,4.9,1.3,18.8,0.0,8.0,0.0,4.9,0.0,5.4,0.9,3.6,0.4,0.9,1.3,0.0,0.0,0.4,0.4,0.4,0.4,0.0,0.0,0.0,0.0,0.0,0.0,0.0,0.0,0.0,0.0,0.0,0.0,0.0,0.0,0.0,0.0,0.0,0.0,0.0,0.0,0.0,0.0,0.0,0.0,0.0,0.0,0.0,0.0,0.0,0.0,0.0,0.0,0.0,0.0,0.0,0.0,0.0,0.0,0.0,0.0,0.0,0.0,0.0,0.0,0.0,0.0,0.0,0.0
2026-01-25 15:24:33,4.1,25.0,running,0.9,33.8,38.7,0.0,17.3,0.4,9.7,0.4,1.3,0.0,18.9,0.0,9.3,0.0,0.9,0.0,4.9,0.0,0.9,0.4,5.8,0.0,5.8,0.0,2.2,1.8,3.1,0.9,5.8,1.3,20.9,0.0,8.9,0.4,3.6,0.0,4.0,0.0,4.0,0.0,1.3,0.0,0.0,0.0,0.0,0.4,0.4,0.0,0.0,0.0,0.0,0.0,0.0,0.0,0.0,0.0,0.0,0.0,0.0,0.0,0.0,0.0,0.0,0.0,0.0,0.0,0.0,0.0,0.0,0.0,0.0,0.0,0.0,0.0,0.0,0.0,0.0,0.0,0.0,0.0,0.0,0.0,0.0,0.0,0.0,0.0,0.0,0.0,0.0,0.0,0.0,0.0,0.0,0.0,0.0,0.0
2026-01-25 15:24:36,4.6,21.8,running,0.4,39.8,40.9,0.0,21.9,0.0,5.4,0.0,3.1,0.0,17.8,1.3,12.9,0.0,0.9,0.0,5.8,0.0,0.9,0.0,5.8,0.9,6.2,0.4,1.8,0.4,4.0,0.9,3.1,0.0,22.2,0.4,8.0,0.0,1.8,0.0,2.2,0.0,1.8,0.0,0.4,0.0,0.0,0.0,0.0,0.0,0.9,0.0,0.0,0.0,0.0,0.0,0.0,0.0,0.0,0.0,0.0,0.0,0.0,0.0,0.0,0.0,0.0,0.0,0.0,0.0,0.0,0.0,0.0,0.0,0.0,0.0,0.0,0.0,0.0,0.0,0.0,0.0,0.0,0.0,0.0,0.0,0.0,0.0,0.0,0.0,0.0,0.0,0.0,0.0,0.0,0.0,0.0,0.0,0.0,0.0
2026-01-25 15:24:40,5.0,31.2,running,0.4,40.4,37.8,0.0,17.3,0.0,3.6,0.0,1.8,0.0,17.4,0.0,9.3,0.0,0.4,0.0,5.3,0.0,0.0,0.0,6.7,0.4,5.8,0.0,0.0,0.9,5.3,0.4,2.2,0.0,24.1,0.9,6.7,0.0,5.8,0.0,3.1,0.0,3.6,0.0,0.0,0.0,0.4,0.0,0.4,0.0,0.0,0.4,0.0,0.0,0.0,0.0,0.0,0.0,0.0,0.0,0.0,0.0,0.0,0.0,0.0,0.0,0.0,0.0,0.0,0.0,0.0,0.0,0.0,0.0,0.0,0.0,0.0,0.0,0.0,0.0,0.0,0.0,0.0,0.0,0.0,0.0,0.0,0.0,0.0,0.0,0.0,0.0,0.0,0.0,0.0,0.0,0.0,0.0,0.0,0.0
2026-01-25 15:24:43,4.0,37.5,running,0.0,37.2,37.3,0.0,21.8,0.0,5.8,0.0,2.2,0.0,17.5,0.0,8.9,0.4,0.0,0.4,2.2,0.4,0.0,0.4,4.9,0.0,4.4,0.0,1.3,0.9,4.4,0.4,3.1,0.0,19.2,0.0,6.2,0.0,1.8,0.0,1.8,0.0,1.3,0.0,0.0,1.3,0.0,0.4,0.0,0.0,0.0,0.0,0.0,0.0,0.0,0.0,0.0,0.0,0.0,0.0,0.0,0.0,0.0,0.0,0.0,0.0,0.0,0.0,0.0,0.0,0.0,0.0,0.0,0.0,0.0,0.0,0.0,0.0,0.0,0.0,0.0,0.0,0.0,0.0,0.0,0.0,0.0,0.0,0.0,0.0,0.0,0.0,0.0,0.0,0.0,0.0,0.0,0.0,0.0,0.0
2026-01-25 15:24:47,4.2,28.1,running,1.3,34.2,38.9,0.0,21.4,0.0,5.3,0.0,1.8,0.0,19.6,0.0,14.1,0.0,2.2,0.0,3.1,0.0,0.4,0.0,3.1,0.9,5.4,0.4,2.2,0.9,1.8,0.9,2.7,0.9,21.9,0.0,7.6,0.4,4.0,0.0,3.6,0.0,2.7,0.0,0.9,0.0,0.5,0.0,0.0,0.4,0.4,0.0,0.0,0.0,0.0,0.0,0.0,0.0,0.0,0.0,0.0,0.0,0.0,0.0,0.0,0.0,0.0,0.0,0.0,0.0,0.0,0.0,0.0,0.0,0.0,0.0,0.0,0.0,0.0,0.0,0.0,0.0,0.0,0.0,0.0,0.0,0.0,0.0,0.0,0.0,0.0,0.0,0.0,0.0,0.0,0.0,0.0,0.0,0.0,0.0
2026-01-25 15:24:50,4.5,34.4,running,0.4,35.2,41.5,0.0,21.4,0.5,4.5,0.5,3.2,0.0,23.2,0.0,13.3,0.5,0.4,0.0,4.9,0.0,0.9,0.0,7.6,0.0,7.1,0.0,1.8,0.9,3.1,1.3,1.8,0.0,21.8,0.0,5.4,0.0,2.2,0.5,2.2,0.0,2.2,0.0,0.4,0.0,0.0,0.0,0.0,0.0,0.4,0.0,0.0,0.0,0.0,0.0,0.0,0.0,0.0,0.0,0.0,0.0,0.0,0.0,0.0,0.0,0.0,0.0,0.0,0.0,0.0,0.0,0.0,0.0,0.0,0.0,0.0,0.0,0.0,0.0,0.0,0.0,0.0,0.0,0.0,0.0,0.0,0.0,0.0,0.0,0.0,0.0,0.0,0.0,0.0,0.0,0.0,0.0,0.0,0.0
2026-01-25 15:24:54,6.0,28.1,running,0.0,41.3,42.3,0.4,21.3,0.4,11.1,0.4,5.7,0.0,21.8,7.0,13.3,0.0,2.2,0.0,1.8,0.4,0.9,0.4,8.4,0.0,3.1,0.0,3.5,1.8,3.6,0.0,4.0,5.8,21.2,0.4,8.4,11.7,4.9,0.0,5.3,0.4,2.7,0.4,1.3,0.4,1.3,0.9,0.4,0.4,0.4,0.0,0.0,0.0,0.0,0.0,0.0,0.0,0.0,0.0,0.0,0.0,0.0,0.0,0.0,0.0,0.0,0.0,0.0,0.0,0.0,0.0,0.0,0.0,0.0,0.0,0.0,0.0,0.0,0.0,0.0,0.0,0.0,0.0,0.0,0.0,0.0,0.0,0.0,0.0,0.0,0.0,0.0,0.0,0.0,0.0,0.0,0.0,0.0,0.0
2026-01-25 15:24:57,5.3,28.1,running,0.0,39.0,42.0,0.0,20.0,0.0,10.7,0.0,1.8,0.4,18.8,13.5,12.9,0.0,2.7,0.0,2.2,0.0,0.0,0.0,5.3,0.0,3.1,0.0,0.4,1.3,3.6,0.4,2.2,9.3,22.3,0.0,4.8,17.3,2.7,3.1,1.8,0.0,2.2,0.0,0.0,0.4,0.0,0.4,0.0,0.0,0.4,0.0,0.0,0.0,0.0,0.0,0.0,0.0,0.0,0.0,0.0,0.0,0.0,0.0,0.0,0.0,0.0,0.0,0.0,0.0,0.0,0.0,0.0,0.0,0.0,0.0,0.0,0.0,0.0,0.0,0.0,0.0,0.0,0.0,0.0,0.0,0.0,0.0,0.0,0.0,0.0,0.0,0.0,0.0,0.0,0.0,0.0,0.0,0.0,0.0
2026-01-25 15:25:01,4.5,31.2,running,0.0,38.5,36.0,0.0,22.2,0.0,12.1,0.4,3.1,0.0,13.7,6.7,13.3,0.4,1.3,0.0,1.8,0.4,0.4,0.4,10.2,0.0,2.2,0.4,1.3,0.9,4.5,0.0,2.7,9.0,24.1,0.9,4.9,14.7,4.9,1.8,3.1,0.0,2.7,0.0,1.3,1.3,1.3,0.4,1.3,0.4,0.0,0.0,0.0,0.0,0.0,0.0,0.0,0.0,0.0,0.0,0.0,0.0,0.0,0.0,0.0,0.0,0.0,0.0,0.0,0.0,0.0,0.0,0.0,0.0,0.0,0.0,0.0,0.0,0.0,0.0,0.0,0.0,0.0,0.0,0.0,0.0,0.0,0.0,0.0,0.0,0.0,0.0,0.0,0.0,0.0,0.0,0.0,0.0,0.0,0.0
2026-01-25 15:25:04,5.1,31.2,running,0.9,37.7,39.9,0.0,20.4,0.0,9.3,0.0,4.5,0.0,20.0,0.9,9.4,0.0,5.3,0.0,2.7,0.0,0.0,0.4,8.4,0.0,4.0,0.0,1.8,0.0,7.6,1.8,4.9,0.9,23.6,0.0,8.0,0.9,4.0,0.0,3.6,0.0,4.0,0.4,0.9,0.0,1.8,0.0,1.3,0.4,0.4,0.0,0.0,0.0,0.0,0.0,0.0,0.0,0.0,0.0,0.0,0.0,0.0,0.0,0.0,0.0,0.0,0.0,0.0,0.0,0.0,0.0,0.0,0.0,0.0,0.0,0.0,0.0,0.0,0.0,0.0,0.0,0.0,0.0,0.0,0.0,0.0,0.0,0.0,0.0,0.0,0.0,0.0,0.0,0.0,0.0,0.0,0.0,0.0,0.0
2026-01-25 15:25:08,4.4,28.1,running,0.0,36.6,41.4,0.0,16.4,0.0,5.8,0.0,3.1,0.0,20.0,0.4,11.4,0.0,0.4,0.0,1.3,0.4,0.4,0.4,7.5,0.0,3.1,0.0,2.7,0.4,4.5,0.9,3.1,0.4,20.4,0.4,8.4,0.9,4.0,0.0,4.5,0.0,2.7,0.0,0.9,0.4,0.0,0.0,0.0,0.0,0.0,0.0,0.0,0.0,0.0,0.0,0.0,0.0,0.0,0.0,0.0,0.0,0.0,0.0,0.0,0.0,0.0,0.0,0.0,0.0,0.0,0.0,0.0,0.0,0.0,0.0,0.0,0.0,0.0,0.0,0.0,0.0,0.0,0.0,0.0,0.0,0.0,0.0,0.0,0.0,0.0,0.0,0.0,0.0,0.0,0.0,0.0,0.0,0.0,0.0
2026-01-25 15:25:11,4.2,25.0,running,1.3,38.1,39.6,0.0,20.9,0.0,4.9,0.0,2.3,0.0,19.3,0.4,12.1,0.0,0.9,0.0,4.8,0.0,0.0,0.0,6.2,0.0,0.9,0.0,1.3,0.9,6.2,1.8,3.1,0.0,21.0,0.4,8.0,2.7,3.1,0.9,2.7,0.0,2.7,0.0,0.9,0.0,0.0,1.3,0.0,0.4,0.4,0.9,0.0,0.0,0.0,0.0,0.0,0.0,0.0,0.0,0.0,0.0,0.0,0.0,0.0,0.0,0.0,0.0,0.0,0.0,0.0,0.0,0.0,0.0,0.0,0.0,0.0,0.0,0.0,0.0,0.0,0.0,0.0,0.0,0.0,0.0,0.0,0.0,0.0,0.0,0.0,0.0,0.0,0.0,0.0,0.0,0.0,0.0,0.0,0.0
2026-01-25 15:25:15,4.3,37.5,running,1.3,38.2,44.4,0.0,17.8,0.9,5.4,0.0,2.2,0.4,18.1,1.8,7.5,0.0,3.1,0.0,5.3,0.0,0.0,0.0,5.4,0.0,1.8,0.0,1.8,1.8,3.1,0.9,3.6,0.4,19.6,0.0,6.2,1.3,4.0,0.0,2.3,0.0,3.1,0.0,1.3,0.4,0.0,2.2,0.0,0.0,0.9,0.4,0.0,0.0,0.0,0.0,0.0,0.0,0.0,0.0,0.0,0.0,0.0,0.0,0.0,0.0,0.0,0.0,0.0,0.0,0.0,0.0,0.0,0.0,0.0,0.0,0.0,0.0,0.0,0.0,0.0,0.0,0.0,0.0,0.0,0.0,0.0,0.0,0.0,0.0,0.0,0.0,0.0,0.0,0.0,0.0,0.0,0.0,0.0,0.0
2026-01-25 15:25:18,4.4,28.1,running,0.0,43.6,38.2,0.0,19.1,0.0,8.5,0.0,4.5,0.0,20.9,1.3,11.2,0.0,0.9,0.5,1.3,0.0,0.0,0.0,4.4,0.4,3.5,0.0,0.0,0.0,4.0,0.0,3.5,0.0,19.1,0.0,6.7,0.9,3.1,0.0,3.1,0.0,2.7,0.0,0.9,0.4,0.0,0.0,0.0,0.4,0.4,0.0,0.0,0.0,0.0,0.0,0.0,0.0,0.0,0.0,0.0,0.0,0.0,0.0,0.0,0.0,0.0,0.0,0.0,0.0,0.0,0.0,0.0,0.0,0.0,0.0,0.0,0.0,0.0,0.0,0.0,0.0,0.0,0.0,0.0,0.0,0.0,0.0,0.0,0.0,0.0,0.0,0.0,0.0,0.0,0.0,0.0,0.0,0.0,0.0
2026-01-25 15:25:22,5.4,31.2,running,0.0,34.4,37.4,0.0,31.3,0.0,11.1,0.4,2.7,0.0,21.4,2.2,13.3,0.0,1.8,0.0,2.2,0.4,0.0,0.4,3.5,0.0,2.2,0.0,1.8,0.4,7.6,0.4,5.4,0.9,19.6,0.0,9.8,1.3,5.8,0.9,4.5,0.0,4.0,0.4,0.9,0.4,0.0,0.4,0.9,0.0,0.4,0.0,0.0,0.0,0.0,0.0,0.0,0.0,0.0,0.0,0.0,0.0,0.0,0.0,0.0,0.0,0.0,0.0,0.0,0.0,0.0,0.0,0.0,0.0,0.0,0.0,0.0,0.0,0.0,0.0,0.0,0.0,0.0,0.0,0.0,0.0,0.0,0.0,0.0,0.0,0.0,0.0,0.0,0.0,0.0,0.0,0.0,0.0,0.0,0.0
2026-01-25 15:25:25,5.8,37.5,running,0.4,37.4,78.3,0.0,34.2,0.4,19.2,0.4,11.1,0.4,17.7,0.9,12.4,0.0,0.9,0.4,1.3,0.4,1.8,0.9,6.6,0.0,1.8,0.0,2.2,2.2,3.1,0.9,2.2,0.9,21.8,0.0,5.8,0.0,4.0,0.0,2.7,1.8,1.3,0.9,1.3,0.9,0.4,0.4,0.0,0.0,1.3,0.0,0.0,0.0,0.0,0.0,0.0,0.0,0.0,0.0,0.0,0.0,0.0,0.0,0.0,0.0,0.0,0.0,0.0,0.0,0.0,0.0,0.0,0.0,0.0,0.0,0.0,0.0,0.0,0.0,0.0,0.0,0.0,0.0,0.0,0.0,0.0,0.0,0.0,0.0,0.0,0.0,0.0,0.0,0.0,0.0,0.0,0.0,0.0,0.0
2026-01-25 15:25:29,5.8,31.2,running,0.0,37.9,68.1,0.0,35.7,0.0,22.5,0.0,7.1,0.0,20.9,0.0,12.4,0.0,2.7,0.0,2.7,0.4,0.4,0.0,6.6,0.0,1.3,0.0,1.4,0.4,4.4,0.0,4.4,4.0,20.9,0.0,6.2,0.0,3.6,0.4,3.6,0.4,3.6,0.4,0.4,0.4,0.4,0.0,0.0,0.4,0.0,0.0,0.0,0.0,0.0,0.0,0.0,0.0,0.0,0.0,0.0,0.0,0.0,0.0,0.0,0.0,0.0,0.0,0.0,0.0,0.0,0.0,0.0,0.0,0.0,0.0,0.0,0.0,0.0,0.0,0.0,0.0,0.0,0.0,0.0,0.0,0.0,0.0,0.0,0.0,0.0,0.0,0.0,0.0,0.0,0.0,0.0,0.0,0.0,0.0
2026-01-25 15:25:32,5.1,43.7,running,0.4,41.3,55.4,0.0,30.3,0.0,20.0,0.0,6.7,0.0,22.1,0.0,11.5,0.0,1.8,0.0,3.6,0.0,0.4,0.0,6.6,0.0,4.0,0.0,0.9,0.0,3.6,0.0,4.4,0.9,25.3,0.4,7.1,0.0,1.8,0.9,0.9,0.0,1.8,0.0,0.0,0.0,0.0,0.4,0.0,0.9,3.6,0.0,0.0,0.0,0.0,0.0,0.0,0.0,0.0,0.0,0.0,0.0,0.0,0.0,0.0,0.0,0.0,0.0,0.0,0.0,0.0,0.0,0.0,0.0,0.0,0.0,0.0,0.0,0.0,0.0,0.0,0.0,0.0,0.0,0.0,0.0,0.0,0.0,0.0,0.0,0.0,0.0,0.0,0.0,0.0,0.0,0.0,0.0,0.0,0.0
2026-01-25 15:25:36,6.5,31.2,running,0.0,37.8,65.9,0.0,38.2,0.0,28.0,0.0,9.8,0.0,19.1,0.9,8.0,0.4,2.7,0.4,2.2,0.0,0.9,0.0,2.7,0.4,3.1,0.4,0.9,0.4,8.0,0.9,4.5,0.9,27.2,0.4,8.0,0.0,5.8,0.9,4.5,0.4,4.0,0.0,1.8,0.0,1.3,0.9,0.4,0.0,2.7,0.0,0.0,0.0,0.0,0.0,0.0,0.0,0.0,0.0,0.0,0.0,0.0,0.0,0.0,0.0,0.0,0.0,0.0,0.0,0.0,0.0,0.0,0.0,0.0,0.0,0.0,0.0,0.0,0.0,0.0,0.0,0.0,0.0,0.0,0.0,0.0,0.0,0.0,0.0,0.0,0.0,0.0,0.0,0.0,0.0,0.0,0.0,0.0,0.0
2026-01-25 15:25:39,5.1,31.2,running,0.0,37.8,62.3,0.0,36.4,0.0,18.5,0.9,10.3,0.0,20.4,0.0,9.8,0.0,1.8,0.0,2.2,0.4,0.4,0.0,3.6,0.0,3.1,0.0,0.9,0.4,7.1,0.4,3.6,0.9,19.6,0.0,6.7,0.0,4.9,0.0,4.0,0.0,3.6,0.0,0.4,0.4,0.9,0.0,0.0,0.0,0.0,0.0,0.0,0.0,0.0,0.0,0.0,0.0,0.0,0.0,0.0,0.0,0.0,0.0,0.0,0.0,0.0,0.0,0.0,0.0,0.0,0.0,0.0,0.0,0.0,0.0,0.0,0.0,0.0,0.0,0.0,0.0,0.0,0.0,0.0,0.0,0.0,0.0,0.0,0.0,0.0,0.0,0.0,0.0,0.0,0.0,0.0,0.0,0.0,0.0
2026-01-25 15:25:43,4.9,31.2,running,0.0,34.7,58.1,0.0,31.4,0.0,17.6,0.0,4.9,0.0,19.9,0.0,11.9,0.0,0.4,0.4,1.8,0.0,0.0,0.0,3.6,0.0,0.4,0.0,0.9,0.0,5.3,0.0,1.3,2.7,20.4,0.0,4.0,0.0,2.7,0.4,2.2,0.0,1.3,0.0,0.4,0.0,0.0,0.0,0.4,0.0,0.0,0.4,0.0,0.0,0.0,0.0,0.0,0.0,0.0,0.0,0.0,0.0,0.0,0.0,0.0,0.0,0.0,0.0,0.0,0.0,0.0,0.0,0.0,0.0,0.0,0.0,0.0,0.0,0.0,0.0,0.0,0.0,0.0,0.0,0.0,0.0,0.0,0.0,0.0,0.0,0.0,0.0,0.0,0.0,0.0,0.0,0.0,0.0,0.0,0.0
2026-01-25 15:25:46,5.2,28.1,running,0.9,38.7,58.8,0.0,32.7,0.0,21.2,0.0,8.5,0.4,21.1,0.0,13.2,0.0,0.4,0.4,2.2,0.0,0.0,0.9,2.7,0.4,4.5,0.4,0.0,1.3,3.1,0.9,1.8,0.0,19.6,0.0,4.0,0.4,3.1,0.9,2.7,0.0,2.7,0.0,0.9,0.9,0.9,0.0,0.4,0.0,2.2,0.0,0.0,0.0,0.0,0.0,0.0,0.0,0.0,0.0,0.0,0.0,0.0,0.0,0.0,0.0,0.0,0.0,0.0,0.0,0.0,0.0,0.0,0.0,0.0,0.0,0.0,0.0,0.0,0.0,0.0,0.0,0.0,0.0,0.0,0.0,0.0,0.0,0.0,0.0,0.0,0.0,0.0,0.0,0.0,0.0,0.0,0.0,0.0,0.0
2026-01-25 15:25:50,5.7,18.7,running,0.0,33.9,62.6,0.0,34.7,0.0,27.6,0.0,8.4,0.0,20.1,0.0,11.6,0.0,2.2,0.0,1.3,0.4,0.0,0.4,6.6,0.4,2.2,0.4,2.7,0.9,4.5,0.0,5.3,1.3,22.3,0.0,6.7,0.0,4.0,1.3,1.8,0.0,1.8,0.0,0.9,0.0,0.0,1.3,0.0,0.4,0.4,0.0,0.0,0.0,0.0,0.0,0.0,0.0,0.0,0.0,0.0,0.0,0.0,0.0,0.0,0.0,0.0,0.0,0.0,0.0,0.0,0.0,0.0,0.0,0.0,0.0,0.0,0.0,0.0,0.0,0.0,0.0,0.0,0.0,0.0,0.0,0.0,0.0,0.0,0.0,0.0,0.0,0.0,0.0,0.0,0.0,0.0,0.0,0.0,0.0
2026-01-25 15:25:53,5.8,31.2,running,0.0,37.3,53.3,0.0,29.8,0.4,22.3,0.0,7.6,0.0,23.7,0.0,9.7,0.0,3.1,0.0,1.3,0.0,0.4,0.0,3.6,0.4,0.9,0.4,2.2,1.3,5.8,0.0,4.0,0.4,23.3,0.4,5.8,0.0,2.7,0.9,2.7,0.0,3.1,0.0,1.3,0.0,0.4,2.7,1.3,0.0,4.4,0.0,0.0,0.0,0.0,0.0,0.0,0.0,0.0,0.0,0.0,0.0,0.0,0.0,0.0,0.0,0.0,0.0,0.0,0.0,0.0,0.0,0.0,0.0,0.0,0.0,0.0,0.0,0.0,0.0,0.0,0.0,0.0,0.0,0.0,0.0,0.0,0.0,0.0,0.0,0.0,0.0,0.0,0.0,0.0,0.0,0.0,0.0,0.0,0.0
2026-01-25 15:25:57,5.8,31.2,running,0.0,36.9,60.3,0.0,35.4,0.0,20.0,0.0,8.0,0.0,16.0,0.0,14.2,0.4,0.0,0.0,1.3,0.0,0.0,0.4,2.7,0.4,2.2,0.4,1.3,0.9,5.3,0.4,2.2,0.9,22.5,0.0,6.2,0.0,2.2,0.9,2.2,0.0,2.2,0.0,0.4,0.0,0.0,2.2,0.0,0.0,1.8,0.0,0.0,0.0,0.0,0.0,0.0,0.0,0.0,0.0,0.0,0.0,0.0,0.0,0.0,0.0,0.0,0.0,0.0,0.0,0.0,0.0,0.0,0.0,0.0,0.0,0.0,0.0,0.0,0.0,0.0,0.0,0.0,0.0,0.0,0.0,0.0,0.0,0.0,0.0,0.0,0.0,0.0,0.0,0.0,0.0,0.0,0.0,0.0,0.0
2026-01-25 15:26:01,6.0,28.1,running,0.0,31.9,100.0,0.0,28.9,0.0,21.8,0.0,17.7,0.0,22.7,0.0,11.2,0.0,0.4,0.0,1.8,0.0,0.0,0.0,4.4,0.0,2.7,0.4,1.8,0.4,3.6,0.9,2.7,1.8,23.6,0.9,5.3,0.0,2.2,0.9,1.8,0.9,4.0,0.0,0.9,0.0,0.4,4.0,0.0,0.0,0.9,0.4,0.0,0.0,0.0,0.0,0.0,0.0,0.0,0.0,0.0,0.0,0.0,0.0,0.0,0.0,0.0,0.0,0.0,0.0,0.0,0.0,0.0,0.0,0.0,0.0,0.0,0.0,0.0,0.0,0.0,0.0,0.0,0.0,0.0,0.0,0.0,0.0,0.0,0.0,0.0,0.0,0.0,0.0,0.0,0.0,0.0,0.0,0.0,0.0
2026-01-25 15:26:04,6.6,31.2,running,0.4,33.0,100.0,0.0,31.0,0.0,23.6,0.0,18.3,0.0,19.5,0.0,12.1,0.0,4.4,0.9,1.8,0.4,0.4,0.4,4.0,0.0,3.1,0.9,1.8,0.0,5.8,0.0,3.6,2.2,21.8,0.0,6.2,0.4,2.7,0.9,2.7,0.0,3.1,0.0,0.4,0.0,0.4,2.2,0.0,0.0,0.9,0.0,0.0,0.0,0.0,0.0,0.0,0.0,0.0,0.0,0.0,0.0,0.0,0.0,0.0,0.0,0.0,0.0,0.0,0.0,0.0,0.0,0.0,0.0,0.0,0.0,0.0,0.0,0.0,0.0,0.0,0.0,0.0,0.0,0.0,0.0,0.0,0.0,0.0,0.0,0.0,0.0,0.0,0.0,0.0,0.0,0.0,0.0,0.0,0.0
2026-01-25 15:26:08,4.1,25.0,running,0.0,36.7,70.9,0.0,22.9,0.0,22.6,0.0,6.7,0.0,20.2,0.0,11.1,0.0,0.9,0.0,2.2,0.0,0.0,0.4,7.4,0.4,2.7,0.0,0.4,2.2,5.8,0.4,1.8,0.4,17.4,0.4,4.9,0.0,2.7,0.9,2.2,0.0,1.3,0.0,0.4,0.0,0.0,2.2,0.4,0.4,0.0,0.0,0.0,0.0,0.0,0.0,0.0,0.0,0.0,0.0,0.0,0.0,0.0,0.0,0.0,0.0,0.0,0.0,0.0,0.0,0.0,0.0,0.0,0.0,0.0,0.0,0.0,0.0,0.0,0.0,0.0,0.0,0.0,0.0,0.0,0.0,0.0,0.0,0.0,0.0,0.0,0.0,0.0,0.0,0.0,0.0,0.0,0.0,0.0,0.0
2026-01-25 15:26:11,4.5,25.0,running,0.0,35.3,38.4,0.0,18.2,0.0,4.0,0.0,2.7,0.4,19.0,0.0,7.1,0.0,0.0,0.0,1.3,0.4,0.4,0.0,4.4,0.0,3.6,0.0,1.8,0.4,5.3,0.0,4.9,0.0,18.7,0.0,8.9,0.9,5.3,0.4,3.1,2.2,2.7,0.4,0.4,0.0,0.0,2.6,0.0,0.0,0.4,0.0,0.0,0.0,0.0,0.0,0.0,0.0,0.0,0.0,0.0,0.0,0.0,0.0,0.0,0.0,0.0,0.0,0.0,0.0,0.0,0.0,0.0,0.0,0.0,0.0,0.0,0.0,0.0,0.0,0.0,0.0,0.0,0.0,0.0,0.0,0.0,0.0,0.0,0.0,0.0,0.0,0.0,0.0,0.0,0.0,0.0,0.0,0.0,0.0
2026-01-25 15:26:15,4.4,34.3,running,1.3,35.6,41.5,0.4,18.3,0.0,8.5,0.0,4.9,0.0,20.1,0.0,8.4,0.4,4.0,0.0,2.7,0.4,0.4,0.0,6.6,0.0,3.1,0.0,3.6,0.4,3.6,2.7,3.6,0.0,20.6,0.4,6.2,0.5,2.7,0.0,2.3,0.9,2.3,0.4,0.9,0.0,0.4,0.9,0.4,0.4,0.4,0.0,0.0,0.0,0.0,0.0,0.0,0.0,0.0,0.0,0.0,0.0,0.0,0.0,0.0,0.0,0.0,0.0,0.0,0.0,0.0,0.0,0.0,0.0,0.0,0.0,0.0,0.0,0.0,0.0,0.0,0.0,0.0,0.0,0.0,0.0,0.0,0.0,0.0,0.0,0.0,0.0,0.0,0.0,0.0,0.0,0.0,0.0,0.0,0.0
2026-01-25 15:26:18,4.7,25.0,running,0.9,37.3,45.5,0.0,21.3,0.0,5.8,0.0,4.0,0.0,22.2,0.0,6.2,0.0,2.2,0.0,5.4,0.0,0.9,0.0,4.0,0.0,1.3,0.0,1.8,0.0,4.0,0.0,3.6,0.4,21.9,0.4,6.2,0.0,3.1,0.0,2.2,1.3,1.3,0.9,1.3,0.4,0.4,0.0,0.0,0.0,0.4,0.0,0.0,0.0,0.0,0.0,0.0,0.0,0.0,0.0,0.0,0.0,0.0,0.0,0.0,0.0,0.0,0.0,0.0,0.0,0.0,0.0,0.0,0.0,0.0,0.0,0.0,0.0,0.0,0.0,0.0,0.0,0.0,0.0,0.0,0.0,0.0,0.0,0.0,0.0,0.0,0.0,0.0,0.0,0.0,0.0,0.0,0.0,0.0,0.0
2026-01-25 15:26:22,4.2,28.1,running,0.0,36.9,34.8,0.0,20.5,0.0,8.5,0.0,4.0,0.0,20.4,0.0,9.3,0.0,0.9,0.0,4.4,0.0,0.4,1.3,3.1,0.0,3.5,0.0,3.1,0.4,4.4,0.9,4.9,0.0,19.5,0.0,7.6,1.3,3.6,0.0,2.7,0.0,1.8,0.0,0.4,0.0,0.4,0.0,0.4,0.0,0.4,0.0,0.0,0.0,0.0,0.0,0.0,0.0,0.0,0.0,0.0,0.0,0.0,0.0,0.0,0.0,0.0,0.0,0.0,0.0,0.0,0.0,0.0,0.0,0.0,0.0,0.0,0.0,0.0,0.0,0.0,0.0,0.0,0.0,0.0,0.0,0.0,0.0,0.0,0.0,0.0,0.0,0.0,0.0,0.0,0.0,0.0,0.0,0.0,0.0
2026-01-25 15:26:25,3.6,31.2,running,0.4,30.5,39.4,0.0,19.9,0.0,5.8,0.4,2.7,0.4,17.4,0.4,9.4,0.4,0.4,0.0,3.6,0.0,0.0,0.0,3.1,0.0,0.9,0.0,1.3,0.4,4.0,0.4,2.7,0.0,18.7,0.0,5.4,1.8,2.2,0.0,1.3,0.5,1.3,0.0,0.0,1.3,0.0,0.0,0.0,0.4,0.9,0.0,0.0,0.0,0.0,0.0,0.0,0.0,0.0,0.0,0.0,0.0,0.0,0.0,0.0,0.0,0.0,0.0,0.0,0.0,0.0,0.0,0.0,0.0,0.0,0.0,0.0,0.0,0.0,0.0,0.0,0.0,0.0,0.0,0.0,0.0,0.0,0.0,0.0,0.0,0.0,0.0,0.0,0.0,0.0,0.0,0.0,0.0,0.0,0.0
2026-01-25 15:26:29,3.8,28.1,running,0.4,32.9,32.9,0.0,18.2,0.0,10.2,0.4,2.2,0.0,20.0,0.0,10.6,0.0,1.3,0.0,5.8,0.0,0.9,0.0,4.0,0.0,2.7,0.0,1.8,0.0,4.4,0.4,1.8,0.4,23.2,0.0,6.7,1.3,3.1,0.0,2.7,2.2,2.7,0.0,0.9,0.0,0.9,0.4,0.4,0.0,0.9,0.0,0.0,0.0,0.0,0.0,0.0,0.0,0.0,0.0,0.0,0.0,0.0,0.0,0.0,0.0,0.0,0.0,0.0,0.0,0.0,0.0,0.0,0.0,0.0,0.0,0.0,0.0,0.0,0.0,0.0,0.0,0.0,0.0,0.0,0.0,0.0,0.0,0.0,0.0,0.0,0.0,0.0,0.0,0.0,0.0,0.0,0.0,0.0,0.0
2026-01-25 15:26:32,4.2,34.3,running,0.4,36.9,31.7,0.0,14.7,0.0,7.6,0.0,0.9,0.4,17.7,0.0,13.7,0.0,1.3,0.4,2.7,0.4,1.3,0.0,6.2,0.0,1.8,0.0,1.3,0.0,4.5,0.4,2.7,0.4,21.0,0.4,6.2,0.9,3.1,0.4,2.2,2.2,1.8,0.0,1.8,0.4,1.8,0.4,0.9,0.0,1.3,0.0,0.0,0.0,0.0,0.0,0.0,0.0,0.0,0.0,0.0,0.0,0.0,0.0,0.0,0.0,0.0,0.0,0.0,0.0,0.0,0.0,0.0,0.0,0.0,0.0,0.0,0.0,0.0,0.0,0.0,0.0,0.0,0.0,0.0,0.0,0.0,0.0,0.0,0.0,0.0,0.0,0.0,0.0,0.0,0.0,0.0,0.0,0.0,0.0
2026-01-25 15:26:36,4.2,21.9,running,0.4,37.5,34.7,0.0,16.5,0.0,6.7,0.0,2.6,0.0,17.0,0.0,10.2,0.4,1.8,0.0,2.2,0.0,0.0,0.0,6.6,0.0,3.6,0.4,1.8,0.9,4.9,0.0,1.8,0.0,22.1,0.0,6.6,0.0,2.2,0.9,1.8,1.8,1.3,0.0,2.2,0.0,0.0,0.0,0.0,0.0,0.9,0.0,0.0,0.0,0.0,0.0,0.0,0.0,0.0,0.0,0.0,0.0,0.0,0.0,0.0,0.0,0.0,0.0,0.0,0.0,0.0,0.0,0.0,0.0,0.0,0.0,0.0,0.0,0.0,0.0,0.0,0.0,0.0,0.0,0.0,0.0,0.0,0.0,0.0,0.0,0.0,0.0,0.0,0.0,0.0,0.0,0.0,0.0,0.0,0.0
2026-01-25 15:26:39,4.8,34.4,running,1.3,39.2,40.4,0.0,20.0,0.0,4.9,0.0,3.1,0.0,21.2,0.0,10.6,0.0,4.4,0.0,1.3,0.0,0.4,0.0,10.0,0.0,2.7,0.0,1.8,0.0,6.2,0.4,4.0,0.0,23.6,0.0,8.5,0.9,3.1,0.0,3.6,0.0,3.6,0.4,2.2,0.0,1.8,0.0,0.9,0.0,1.8,0.0,0.0,0.0,0.0,0.0,0.0,0.0,0.0,0.0,0.0,0.0,0.0,0.0,0.0,0.0,0.0,0.0,0.0,0.0,0.0,0.0,0.0,0.0,0.0,0.0,0.0,0.0,0.0,0.0,0.0,0.0,0.0,0.0,0.0,0.0,0.0,0.0,0.0,0.0,0.0,0.0,0.0,0.0,0.0,0.0,0.0,0.0,0.0,0.0
2026-01-25 15:26:43,5.4,25.0,running,0.0,34.7,43.2,0.4,21.8,0.0,10.2,0.0,3.1,0.0,20.1,0.0,11.6,0.0,2.7,0.0,0.9,0.0,0.9,1.3,7.9,0.0,2.2,0.0,0.9,0.4,4.5,0.0,4.0,0.0,18.2,0.0,6.2,1.3,3.6,0.0,2.7,1.3,4.0,0.0,2.7,0.0,1.8,0.0,0.4,0.0,1.3,0.0,0.0,0.0,0.0,0.0,0.0,0.0,0.0,0.0,0.0,0.0,0.0,0.0,0.0,0.0,0.0,0.0,0.0,0.0,0.0,0.0,0.0,0.0,0.0,0.0,0.0,0.0,0.0,0.0,0.0,0.0,0.0,0.0,0.0,0.0,0.0,0.0,0.0,0.0,0.0,0.0,0.0,0.0,0.0,0.0,0.0,0.0,0.0,0.0
2026-01-25 15:26:46,4.4,28.1,running,1.3,36.6,36.3,0.0,17.3,0.0,7.1,0.0,1.8,0.4,17.4,0.0,11.6,0.0,1.8,0.0,3.1,0.0,0.0,0.4,4.4,0.0,2.7,0.0,2.2,1.3,3.6,0.4,4.0,0.9,21.9,0.4,6.2,0.4,3.1,0.0,1.8,0.9,3.1,0.4,1.8,0.0,0.0,0.0,0.0,0.0,0.4,0.0,0.0,0.0,0.0,0.0,0.0,0.0,0.0,0.0,0.0,0.0,0.0,0.0,0.0,0.0,0.0,0.0,0.0,0.0,0.0,0.0,0.0,0.0,0.0,0.0,0.0,0.0,0.0,0.0,0.0,0.0,0.0,0.0,0.0,0.0,0.0,0.0,0.0,0.0,0.0,0.0,0.0,0.0,0.0,0.0,0.0,0.0,0.0,0.0
2026-01-25 15:26:50,4.3,37.5,running,0.4,34.1,38.8,0.0,13.8,0.4,10.2,0.0,1.8,0.0,20.8,0.0,7.5,0.0,2.2,0.4,4.0,0.0,0.0,0.0,2.2,0.0,2.2,0.0,2.2,1.3,4.4,0.0,3.6,0.0,21.3,0.4,4.9,1.3,2.2,0.0,0.9,0.4,0.9,0.0,0.4,0.4,0.4,1.3,0.4,0.0,0.9,0.0,0.0,0.0,0.0,0.0,0.0,0.0,0.0,0.0,0.0,0.0,0.0,0.0,0.0,0.0,0.0,0.0,0.0,0.0,0.0,0.0,0.0,0.0,0.0,0.0,0.0,0.0,0.0,0.0,0.0,0.0,0.0,0.0,0.0,0.0,0.0,0.0,0.0,0.0,0.0,0.0,0.0,0.0,0.0,0.0,0.0,0.0,0.0,0.0
2026-01-25 15:26:53,3.9,28.1,running,0.9,35.1,37.2,0.0,19.6,0.0,6.2,0.0,3.6,0.0,19.3,0.4,8.0,0.4,1.3,0.0,3.6,0.4,0.4,1.3,4.4,0.0,3.5,0.0,2.7,0.9,4.0,0.4,4.0,0.4,23.2,0.0,5.3,0.9,5.3,0.0,3.1,1.3,2.7,0.4,0.9,1.3,0.0,0.0,0.0,0.9,0.4,0.4,0.0,0.0,0.0,0.0,0.0,0.0,0.0,0.0,0.0,0.0,0.0,0.0,0.0,0.0,0.0,0.0,0.0,0.0,0.0,0.0,0.0,0.0,0.0,0.0,0.0,0.0,0.0,0.0,0.0,0.0,0.0,0.0,0.0,0.0,0.0,0.0,0.0,0.0,0.0,0.0,0.0,0.0,0.0,0.0,0.0,0.0,0.0,0.0
2026-01-25 15:26:57,3.7,25.0,running,0.0,35.6,38.1,0.0,15.5,0.4,9.7,0.0,1.8,0.0,16.9,0.0,7.1,0.0,1.8,0.4,6.7,0.0,0.4,0.0,2.7,0.0,7.0,0.0,0.4,0.4,3.1,0.0,2.7,0.0,22.1,0.0,4.9,2.7,1.3,0.4,1.8,0.9,2.3,0.0,1.3,0.0,0.9,0.0,1.3,0.0,1.8,0.0,0.0,0.0,0.0,0.0,0.0,0.0,0.0,0.0,0.0,0.0,0.0,0.0,0.0,0.0,0.0,0.0,0.0,0.0,0.0,0.0,0.0,0.0,0.0,0.0,0.0,0.0,0.0,0.0,0.0,0.0,0.0,0.0,0.0,0.0,0.0,0.0,0.0,0.0,0.0,0.0,0.0,0.0,0.0,0.0,0.0,0.0,0.0,0.0
2026-01-25 15:27:00,4.1,21.9,running,0.4,36.3,39.5,0.0,17.8,0.0,7.6,0.0,2.2,1.3,20.1,0.0,9.3,0.0,0.9,0.0,2.7,0.0,0.4,0.9,4.9,0.4,4.4,0.0,3.5,1.3,5.3,0.0,2.7,0.0,20.1,0.4,7.1,0.4,3.6,0.0,3.1,2.2,3.1,0.0,0.9,0.0,1.3,1.8,0.4,0.0,0.4,0.0,0.0,0.0,0.0,0.0,0.0,0.0,0.0,0.0,0.0,0.0,0.0,0.0,0.0,0.0,0.0,0.0,0.0,0.0,0.0,0.0,0.0,0.0,0.0,0.0,0.0,0.0,0.0,0.0,0.0,0.0,0.0,0.0,0.0,0.0,0.0,0.0,0.0,0.0,0.0,0.0,0.0,0.0,0.0,0.0,0.0,0.0,0.0,0.0
2026-01-25 15:27:04,4.8,25.0,running,0.5,38.5,34.7,0.0,14.8,0.0,8.0,0.0,2.7,1.3,20.9,0.0,9.8,0.0,0.4,0.0,1.8,0.0,0.9,0.0,7.1,0.5,3.1,0.0,1.8,2.2,4.0,0.4,3.1,0.0,20.0,0.0,5.3,1.8,3.6,0.0,1.8,0.0,1.8,0.0,0.0,0.0,0.0,2.7,0.0,0.4,0.9,0.0,0.0,0.0,0.0,0.0,0.0,0.0,0.0,0.0,0.0,0.0,0.0,0.0,0.0,0.0,0.0,0.0,0.0,0.0,0.0,0.0,0.0,0.0,0.0,0.0,0.0,0.0,0.0,0.0,0.0,0.0,0.0,0.0,0.0,0.0,0.0,0.0,0.0,0.0,0.0,0.0,0.0,0.0,0.0,0.0,0.0,0.0,0.0,0.0
2026-01-25 15:27:07,4.1,31.2,running,0.0,38.8,34.8,0.0,15.0,0.0,6.2,0.0,1.8,0.0,21.3,0.4,8.5,0.0,0.9,0.0,2.7,0.0,0.0,0.4,3.6,0.0,2.2,0.4,1.8,0.4,4.0,0.0,1.8,0.9,20.4,0.0,6.7,0.4,2.7,0.0,2.7,0.0,3.1,0.4,1.8,0.0,0.0,0.0,0.0,1.3,0.0,0.0,0.0,0.0,0.0,0.0,0.0,0.0,0.0,0.0,0.0,0.0,0.0,0.0,0.0,0.0,0.0,0.0,0.0,0.0,0.0,0.0,0.0,0.0,0.0,0.0,0.0,0.0,0.0,0.0,0.0,0.0,0.0,0.0,0.0,0.0,0.0,0.0,0.0,0.0,0.0,0.0,0.0,0.0,0.0,0.0,0.0,0.0,0.0,0.0
2026-01-25 15:27:11,6.7,28.1,running,0.4,40.1,62.9,0.0,32.0,0.0,15.9,0.0,9.8,0.0,22.6,0.0,16.1,0.0,5.3,0.4,4.4,0.4,0.4,0.4,5.3,0.0,7.1,0.0,1.3,1.3,3.6,0.9,2.2,1.3,22.8,0.0,4.5,20.9,7.6,0.0,4.5,2.7,1.3,0.0,1.3,0.0,0.4,0.0,0.0,0.0,0.4,0.0,0.0,0.0,0.0,0.0,0.0,0.0,0.0,0.0,0.0,0.0,0.0,0.0,0.0,0.0,0.0,0.0,0.0,0.0,0.0,0.0,0.0,0.0,0.0,0.0,0.0,0.0,0.0,0.0,0.0,0.0,0.0,0.0,0.0,0.0,0.0,0.0,0.0,0.0,0.0,0.0,0.0,0.0,0.0,0.0,0.0,0.0,0.0,0.0
2026-01-25 15:27:14,6.9,28.1,running,0.0,44.4,84.4,0.0,29.0,0.0,22.7,0.0,12.9,0.0,21.4,0.0,12.5,0.0,2.2,0.0,4.0,0.0,0.0,0.0,7.0,0.4,3.1,0.0,1.8,0.9,7.0,1.3,4.9,0.0,21.7,0.0,4.4,1.8,4.4,0.0,6.3,2.2,4.9,0.0,1.3,0.4,0.4,0.0,0.0,0.4,0.9,0.0,0.0,0.0,0.0,0.0,0.0,0.0,0.0,0.0,0.0,0.0,0.0,0.0,0.0,0.0,0.0,0.0,0.0,0.0,0.0,0.0,0.0,0.0,0.0,0.0,0.0,0.0,0.0,0.0,0.0,0.0,0.0,0.0,0.0,0.0,0.0,0.0,0.0,0.0,0.0,0.0,0.0,0.0,0.0,0.0,0.0,0.0,0.0,0.0
2026-01-25 15:27:18,6.9,31.2,running,1.3,36.9,77.8,0.0,32.4,0.0,26.7,0.0,7.6,0.0,25.9,0.0,11.1,0.4,10.2,0.0,4.5,0.0,0.0,0.4,7.9,0.4,4.9,0.0,1.8,0.9,8.4,0.4,4.8,0.0,26.9,0.0,7.5,0.4,3.1,0.4,1.8,1.3,2.2,0.4,0.9,0.4,0.4,0.0,0.4,0.0,0.4,0.0,0.0,0.0,0.0,0.0,0.0,0.0,0.0,0.0,0.0,0.0,0.0,0.0,0.0,0.0,0.0,0.0,0.0,0.0,0.0,0.0,0.0,0.0,0.0,0.0,0.0,0.0,0.0,0.0,0.0,0.0,0.0,0.0,0.0,0.0,0.0,0.0,0.0,0.0,0.0,0.0,0.0,0.0,0.0,0.0,0.0,0.0,0.0,0.0
2026-01-25 15:27:21,5.2,25.0,running,0.0,37.2,77.5,0.0,31.0,0.0,21.4,0.0,8.0,0.9,19.5,0.0,16.4,0.0,3.1,0.0,2.2,0.4,0.0,0.0,4.0,0.4,6.2,0.4,1.3,0.9,4.9,0.4,3.1,0.0,19.2,0.0,4.9,0.4,2.2,0.4,2.7,2.2,2.7,0.9,0.4,0.0,0.9,0.0,0.4,0.0,0.0,0.0,0.0,0.0,0.0,0.0,0.0,0.0,0.0,0.0,0.0,0.0,0.0,0.0,0.0,0.0,0.0,0.0,0.0,0.0,0.0,0.0,0.0,0.0,0.0,0.0,0.0,0.0,0.0,0.0,0.0,0.0,0.0,0.0,0.0,0.0,0.0,0.0,0.0,0.0,0.0,0.0,0.0,0.0,0.0,0.0,0.0,0.0,0.0,0.0
2026-01-25 15:27:25,5.8,18.7,running,1.3,37.2,61.7,0.0,31.7,0.0,22.2,0.4,7.6,0.4,24.6,0.0,10.2,0.0,0.4,0.0,4.0,0.0,0.0,0.0,3.1,0.0,7.1,0.0,0.4,0.9,4.9,0.9,2.7,0.0,19.8,0.0,3.6,1.8,5.8,0.0,2.2,0.4,2.7,0.4,1.8,0.4,0.0,0.4,0.0,0.0,0.0,0.4,0.0,0.0,0.0,0.0,0.0,0.0,0.0,0.0,0.0,0.0,0.0,0.0,0.0,0.0,0.0,0.0,0.0,0.0,0.0,0.0,0.0,0.0,0.0,0.0,0.0,0.0,0.0,0.0,0.0,0.0,0.0,0.0,0.0,0.0,0.0,0.0,0.0,0.0,0.0,0.0,0.0,0.0,0.0,0.0,0.0,0.0,0.0,0.0
2026-01-25 15:27:28,6.0,25.0,running,0.0,43.1,60.3,0.0,36.8,0.0,24.4,0.0,7.6,0.0,18.8,0.0,10.7,0.0,0.9,0.5,2.2,0.0,0.0,0.0,4.9,0.0,7.6,0.0,0.9,0.4,6.7,1.3,2.7,0.0,17.4,0.0,5.3,0.9,1.8,0.0,1.8,0.4,1.3,0.0,1.3,0.4,0.0,1.3,0.0,0.4,1.3,0.4,0.0,0.0,0.0,0.0,0.0,0.0,0.0,0.0,0.0,0.0,0.0,0.0,0.0,0.0,0.0,0.0,0.0,0.0,0.0,0.0,0.0,0.0,0.0,0.0,0.0,0.0,0.0,0.0,0.0,0.0,0.0,0.0,0.0,0.0,0.0,0.0,0.0,0.0,0.0,0.0,0.0,0.0,0.0,0.0,0.0,0.0,0.0,0.0
2026-01-25 15:27:32,6.6,25.0,running,0.0,34.7,97.8,0.0,23.1,0.4,20.5,0.0,13.3,0.0,18.8,0.0,15.1,0.4,0.4,0.4,1.8,0.0,0.0,0.4,5.8,0.4,6.7,0.0,3.1,0.9,7.6,2.2,4.5,0.0,24.1,0.0,8.9,0.0,4.5,0.0,5.8,2.7,3.6,0.4,1.3,0.4,1.3,3.1,0.0,0.0,0.4,0.0,0.0,0.0,0.0,0.0,0.0,0.0,0.0,0.0,0.0,0.0,0.0,0.0,0.0,0.0,0.0,0.0,0.0,0.0,0.0,0.0,0.0,0.0,0.0,0.0,0.0,0.0,0.0,0.0,0.0,0.0,0.0,0.0,0.0,0.0,0.0,0.0,0.0,0.0,0.0,0.0,0.0,0.0,0.0,0.0,0.0,0.0,0.0,0.0
2026-01-25 15:27:35,4.2,34.3,running,0.4,28.6,77.0,0.0,25.0,0.0,16.1,0.0,9.4,0.4,19.9,0.0,11.1,0.4,0.9,0.4,2.7,0.0,0.4,0.4,4.0,0.0,5.3,0.0,3.1,0.0,3.1,0.9,2.7,0.0,21.0,0.0,6.7,0.4,2.7,0.0,0.4,2.7,0.0,0.4,0.4,0.0,0.0,3.6,0.0,0.0,0.4,0.0,0.0,0.0,0.0,0.0,0.0,0.0,0.0,0.0,0.0,0.0,0.0,0.0,0.0,0.0,0.0,0.0,0.0,0.0,0.0,0.0,0.0,0.0,0.0,0.0,0.0,0.0,0.0,0.0,0.0,0.0,0.0,0.0,0.0,0.0,0.0,0.0,0.0,0.0,0.0,0.0,0.0,0.0,0.0,0.0,0.0,0.0,0.0,0.0
2026-01-25 15:27:39,4.4,34.3,running,1.3,35.1,42.7,0.0,20.4,0.0,8.9,0.0,2.2,0.0,17.5,0.0,9.7,0.4,2.2,0.0,1.3,0.0,0.0,0.0,4.9,0.0,7.1,0.4,2.2,0.4,3.6,0.0,3.6,0.0,17.3,0.0,5.3,0.9,4.0,0.0,2.7,0.9,4.0,0.0,1.3,0.9,0.0,0.9,0.0,0.4,0.4,0.0,0.0,0.0,0.0,0.0,0.0,0.0,0.0,0.0,0.0,0.0,0.0,0.0,0.0,0.0,0.0,0.0,0.0,0.0,0.0,0.0,0.0,0.0,0.0,0.0,0.0,0.0,0.0,0.0,0.0,0.0,0.0,0.0,0.0,0.0,0.0,0.0,0.0,0.0,0.0,0.0,0.0,0.0,0.0,0.0,0.0,0.0,0.0,0.0
2026-01-25 15:27:42,4.2,28.1,running,0.0,36.7,40.0,0.0,16.1,0.0,8.0,0.0,3.6,0.0,17.7,0.0,8.5,0.0,0.0,0.0,3.6,0.0,0.4,0.9,5.8,0.0,6.2,0.0,1.3,1.8,1.8,0.0,2.2,0.0,18.3,0.0,6.7,0.9,3.1,0.0,1.8,1.3,0.0,0.0,1.3,0.0,0.0,0.0,0.0,0.0,1.3,0.0,0.0,0.0,0.0,0.0,0.0,0.0,0.0,0.0,0.0,0.0,0.0,0.0,0.0,0.0,0.0,0.0,0.0,0.0,0.0,0.0,0.0,0.0,0.0,0.0,0.0,0.0,0.0,0.0,0.0,0.0,0.0,0.0,0.0,0.0,0.0,0.0,0.0,0.0,0.0,0.0,0.0,0.0,0.0,0.0,0.0,0.0,0.0,0.0
2026-01-25 15:27:46,4.1,34.3,running,0.0,35.7,38.8,0.0,17.3,0.0,9.8,0.0,1.8,0.0,20.0,0.0,10.6,0.4,0.9,0.0,2.2,0.0,0.4,0.9,2.7,0.0,6.2,0.4,0.4,0.0,4.9,0.4,4.0,0.0,19.1,0.0,8.4,1.3,3.6,0.0,2.7,0.0,2.2,0.4,2.2,0.0,0.0,0.0,0.0,0.4,0.0,0.0,0.0,0.0,0.0,0.0,0.0,0.0,0.0,0.0,0.0,0.0,0.0,0.0,0.0,0.0,0.0,0.0,0.0,0.0,0.0,0.0,0.0,0.0,0.0,0.0,0.0,0.0,0.0,0.0,0.0,0.0,0.0,0.0,0.0,0.0,0.0,0.0,0.0,0.0,0.0,0.0,0.0,0.0,0.0,0.0,0.0,0.0,0.0,0.0
2026-01-25 15:27:49,4.1,28.1,running,0.4,39.8,35.6,0.0,17.3,0.0,7.5,0.0,4.4,0.0,23.8,0.0,10.6,0.4,0.0,0.0,2.7,0.4,0.0,0.0,3.1,0.0,3.1,0.0,1.3,0.9,3.1,0.4,1.8,0.9,21.3,0.0,5.8,0.4,3.6,0.9,1.3,1.3,1.3,0.0,0.0,0.0,0.0,0.0,0.0,0.0,0.0,0.0,0.0,0.0,0.0,0.0,0.0,0.0,0.0,0.0,0.0,0.0,0.0,0.0,0.0,0.0,0.0,0.0,0.0,0.0,0.0,0.0,0.0,0.0,0.0,0.0,0.0,0.0,0.0,0.0,0.0,0.0,0.0,0.0,0.0,0.0,0.0,0.0,0.0,0.0,0.0,0.0,0.0,0.0,0.0,0.0,0.0,0.0,0.0,0.0
2026-01-25 15:27:53,4.6,25.0,running,0.9,32.3,39.6,0.0,17.4,0.4,5.4,0.0,3.1,0.0,23.6,0.0,8.4,0.0,0.4,0.0,4.5,0.0,0.0,0.0,4.4,0.0,11.0,0.0,1.8,0.9,7.6,0.0,3.1,0.0,21.9,0.0,4.5,2.7,2.2,0.4,1.8,0.4,1.8,0.0,0.4,0.0,0.0,0.0,0.0,0.9,0.0,0.0,0.0,0.0,0.0,0.0,0.0,0.0,0.0,0.0,0.0,0.0,0.0,0.0,0.0,0.0,0.0,0.0,0.0,0.0,0.0,0.0,0.0,0.0,0.0,0.0,0.0,0.0,0.0,0.0,0.0,0.0,0.0,0.0,0.0,0.0,0.0,0.0,0.0,0.0,0.0,0.0,0.0,0.0,0.0,0.0,0.0,0.0,0.0,0.0
2026-01-25 15:27:56,3.9,37.4,running,0.0,34.4,39.5,0.0,19.5,0.0,7.6,0.0,1.3,0.0,21.1,0.0,9.8,0.0,4.0,0.0,2.7,0.0,0.9,0.4,2.2,0.0,1.3,0.4,0.0,0.0,6.2,0.0,3.1,0.0,20.4,0.0,7.6,1.3,4.9,0.0,3.1,1.3,2.2,0.0,0.4,0.0,0.0,0.0,0.0,0.4,0.0,0.0,0.0,0.0,0.0,0.0,0.0,0.0,0.0,0.0,0.0,0.0,0.0,0.0,0.0,0.0,0.0,0.0,0.0,0.0,0.0,0.0,0.0,0.0,0.0,0.0,0.0,0.0,0.0,0.0,0.0,0.0,0.0,0.0,0.0,0.0,0.0,0.0,0.0,0.0,0.0,0.0,0.0,0.0,0.0,0.0,0.0,0.0,0.0,0.0
2026-01-25 15:28:00,4.7,43.7,running,0.0,36.6,40.4,0.0,17.2,0.4,9.3,0.0,3.1,0.9,26.1,0.0,11.9,0.0,1.8,0.0,2.2,0.0,0.0,0.0,4.9,0.0,2.7,0.4,0.0,0.0,5.3,0.0,3.1,0.4,21.0,0.0,6.2,1.3,2.7,0.0,2.2,0.0,1.8,0.0,0.0,0.0,0.0,0.0,0.0,0.0,0.0,0.0,0.0,0.0,0.0,0.0,0.0,0.0,0.0,0.0,0.0,0.0,0.0,0.0,0.0,0.0,0.0,0.0,0.0,0.0,0.0,0.0,0.0,0.0,0.0,0.0,0.0,0.0,0.0,0.0,0.0,0.0,0.0,0.0,0.0,0.0,0.0,0.0,0.0,0.0,0.0,0.0,0.0,0.0,0.0,0.0,0.0,0.0,0.0,0.0
2026-01-25 15:28:03,4.2,21.9,running,0.0,39.4,40.2,0.0,19.2,0.0,5.8,0.0,3.6,0.9,21.2,0.4,7.5,0.0,3.1,0.0,1.8,0.0,0.4,0.0,4.9,0.0,3.1,0.0,0.4,0.0,4.0,0.9,1.3,0.0,20.5,0.4,5.4,1.8,2.2,0.0,1.3,1.3,1.3,0.4,0.9,0.0,0.0,0.0,0.0,0.4,0.9,0.0,0.0,0.0,0.0,0.0,0.0,0.0,0.0,0.0,0.0,0.0,0.0,0.0,0.0,0.0,0.0,0.0,0.0,0.0,0.0,0.0,0.0,0.0,0.0,0.0,0.0,0.0,0.0,0.0,0.0,0.0,0.0,0.0,0.0,0.0,0.0,0.0,0.0,0.0,0.0,0.0,0.0,0.0,0.0,0.0,0.0,0.0,0.0,0.0
2026-01-25 15:28:07,4.3,43.7,running,0.4,36.3,41.2,0.0,19.1,0.0,4.9,0.0,2.2,0.0,21.3,0.0,10.6,0.0,2.7,0.0,4.0,0.4,0.0,0.4,4.5,0.0,2.2,0.0,0.9,0.9,5.8,1.3,3.1,0.0,20.0,0.0,7.5,0.9,2.7,0.0,2.2,0.9,1.8,0.0,0.0,0.9,0.0,0.0,0.0,0.4,0.5,0.4,0.0,0.0,0.0,0.0,0.0,0.0,0.0,0.0,0.0,0.0,0.0,0.0,0.0,0.0,0.0,0.0,0.0,0.0,0.0,0.0,0.0,0.0,0.0,0.0,0.0,0.0,0.0,0.0,0.0,0.0,0.0,0.0,0.0,0.0,0.0,0.0,0.0,0.0,0.0,0.0,0.0,0.0,0.0,0.0,0.0,0.0,0.0,0.0
2026-01-25 15:28:10,5.7,21.8,running,0.9,33.5,57.3,0.4,22.9,0.9,15.5,0.4,4.4,0.4,22.2,0.0,11.6,0.0,4.0,0.4,1.8,0.9,0.9,0.9,2.7,0.0,4.4,0.4,3.5,0.9,4.9,0.4,4.5,1.8,24.0,0.0,6.7,6.2,4.9,0.0,3.1,5.8,3.1,0.0,0.9,6.2,1.3,0.9,0.4,0.0,0.0,0.4,0.0,0.0,0.0,0.0,0.0,0.0,0.0,0.0,0.0,0.0,0.0,0.0,0.0,0.0,0.0,0.0,0.0,0.0,0.0,0.0,0.0,0.0,0.0,0.0,0.0,0.0,0.0,0.0,0.0,0.0,0.0,0.0,0.0,0.0,0.0,0.0,0.0,0.0,0.0,0.0,0.0,0.0,0.0,0.0,0.0,0.0,0.0,0.0
2026-01-25 15:28:14,5.8,43.7,running,2.2,36.9,37.0,0.9,21.4,0.9,11.2,0.4,3.1,3.1,27.0,1.3,13.3,0.4,11.6,0.0,6.2,0.0,3.6,4.0,9.7,0.4,6.2,6.2,4.4,2.2,7.1,0.4,7.1,8.5,17.3,0.4,9.3,8.9,7.1,0.4,6.2,3.6,6.2,17.0,2.7,17.8,3.1,0.0,1.8,0.0,3.1,0.9,0.0,0.0,0.0,0.0,0.0,0.0,0.0,0.0,0.0,0.0,0.0,0.0,0.0,0.0,0.0,0.0,0.0,0.0,0.0,0.0,0.0,0.0,0.0,0.0,0.0,0.0,0.0,0.0,0.0,0.0,0.0,0.0,0.0,0.0,0.0,0.0,0.0,0.0,0.0,0.0,0.0,0.0,0.0,0.0,0.0,0.0,0.0,0.0
2026-01-25 15:28:17,3.9,28.1,running,0.4,38.5,38.8,0.0,19.1,0.4,6.7,0.9,1.8,0.0,19.0,0.9,12.9,0.0,1.8,0.0,1.3,0.4,0.0,0.4,6.2,0.0,2.2,2.2,0.9,0.0,4.5,0.0,4.0,0.0,22.0,0.0,8.0,0.0,4.0,0.4,3.6,0.9,3.1,0.9,0.4,1.8,0.9,0.0,0.0,0.0,0.0,0.0,0.0,0.0,0.0,0.0,0.0,0.0,0.0,0.0,0.0,0.0,0.0,0.0,0.0,0.0,0.0,0.0,0.0,0.0,0.0,0.0,0.0,0.0,0.0,0.0,0.0,0.0,0.0,0.0,0.0,0.0,0.0,0.0,0.0,0.0,0.0,0.0,0.0,0.0,0.0,0.0,0.0,0.0,0.0,0.0,0.0,0.0,0.0,0.0
2026-01-25 15:28:21,4.6,21.9,running,0.9,38.1,34.4,0.4,19.2,0.0,5.8,0.0,1.8,0.0,17.8,0.0,8.8,0.0,5.8,0.0,4.4,0.0,0.0,0.0,4.9,0.4,2.7,0.9,0.9,1.3,7.1,1.3,4.9,0.0,20.5,0.0,8.0,0.0,11.2,0.0,3.6,1.3,1.8,0.4,0.9,1.8,1.8,0.0,0.0,0.0,0.9,0.0,0.0,0.0,0.0,0.0,0.0,0.0,0.0,0.0,0.0,0.0,0.0,0.0,0.0,0.0,0.0,0.0,0.0,0.0,0.0,0.0,0.0,0.0,0.0,0.0,0.0,0.0,0.0,0.0,0.0,0.0,0.0,0.0,0.0,0.0,0.0,0.0,0.0,0.0,0.0,0.0,0.0,0.0,0.0,0.0,0.0,0.0,0.0,0.0
2026-01-25 15:28:24,4.3,28.1,running,0.0,38.8,40.2,0.0,18.3,0.4,10.3,0.0,4.4,0.9,17.4,0.0,7.1,0.0,5.4,0.0,4.0,0.0,1.8,0.9,4.0,0.0,4.9,1.3,1.3,1.8,5.3,0.9,2.7,0.0,19.1,0.0,8.0,0.4,8.7,0.0,2.2,1.3,2.7,0.4,0.0,0.9,0.4,0.0,0.9,0.4,1.8,0.4,0.0,0.0,0.0,0.0,0.0,0.0,0.0,0.0,0.0,0.0,0.0,0.0,0.0,0.0,0.0,0.0,0.0,0.0,0.0,0.0,0.0,0.0,0.0,0.0,0.0,0.0,0.0,0.0,0.0,0.0,0.0,0.0,0.0,0.0,0.0,0.0,0.0,0.0,0.0,0.0,0.0,0.0,0.0,0.0,0.0,0.0,0.0,0.0
2026-01-25 15:28:28,3.5,37.5,running,0.0,38.4,36.9,0.0,16.9,0.0,6.7,0.0,5.8,0.4,19.1,0.4,10.2,0.0,0.4,0.4,1.8,0.0,0.0,0.9,3.5,0.4,4.0,1.3,2.7,0.4,5.8,0.0,4.4,0.0,21.9,0.0,8.0,0.0,4.5,0.0,3.6,0.9,4.9,0.0,1.8,2.7,1.8,0.0,0.4,0.0,0.0,0.0,0.0,0.0,0.0,0.0,0.0,0.0,0.0,0.0,0.0,0.0,0.0,0.0,0.0,0.0,0.0,0.0,0.0,0.0,0.0,0.0,0.0,0.0,0.0,0.0,0.0,0.0,0.0,0.0,0.0,0.0,0.0,0.0,0.0,0.0,0.0,0.0,0.0,0.0,0.0,0.0,0.0,0.0,0.0,0.0,0.0,0.0,0.0,0.0
2026-01-25 15:28:31,4.6,34.3,running,0.9,39.0,41.2,0.0,16.0,0.0,6.6,0.0,3.1,0.4,17.3,0.0,8.8,0.0,2.2,0.0,2.2,0.0,1.8,1.3,4.9,0.4,4.9,0.4,1.3,0.4,5.3,0.0,4.0,0.0,18.6,0.0,4.4,0.0,3.1,0.0,2.2,0.4,1.8,0.4,0.0,2.2,1.3,0.0,0.4,0.0,0.4,0.0,0.0,0.0,0.0,0.0,0.0,0.0,0.0,0.0,0.0,0.0,0.0,0.0,0.0,0.0,0.0,0.0,0.0,0.0,0.0,0.0,0.0,0.0,0.0,0.0,0.0,0.0,0.0,0.0,0.0,0.0,0.0,0.0,0.0,0.0,0.0,0.0,0.0,0.0,0.0,0.0,0.0,0.0,0.0,0.0,0.0,0.0,0.0,0.0
2026-01-25 15:28:35,4.3,37.5,running,0.0,38.7,37.7,0.0,19.6,0.0,7.2,0.0,2.7,0.4,21.9,0.0,9.3,0.0,2.7,0.0,2.2,0.0,0.0,0.4,3.6,0.0,0.9,0.0,1.3,0.4,3.1,0.9,1.8,0.4,16.5,0.0,6.2,0.0,0.9,0.0,1.8,1.8,1.3,0.4,0.9,2.7,1.8,0.4,0.4,0.0,0.9,0.0,0.0,0.0,0.0,0.0,0.0,0.0,0.0,0.0,0.0,0.0,0.0,0.0,0.0,0.0,0.0,0.0,0.0,0.0,0.0,0.0,0.0,0.0,0.0,0.0,0.0,0.0,0.0,0.0,0.0,0.0,0.0,0.0,0.0,0.0,0.0,0.0,0.0,0.0,0.0,0.0,0.0,0.0,0.0,0.0,0.0,0.0,0.0,0.0
2026-01-25 15:28:38,3.6,21.9,running,0.0,38.2,37.0,0.0,15.7,0.4,5.4,0.0,2.2,0.0,18.3,0.0,7.1,0.0,5.3,0.0,3.1,0.0,1.8,0.0,3.6,0.0,2.2,0.4,1.4,0.9,5.4,0.9,3.6,0.0,17.9,0.0,7.6,0.0,4.0,0.0,4.0,1.3,4.9,0.4,1.8,1.8,1.8,0.0,0.0,0.0,0.0,0.0,0.0,0.0,0.0,0.0,0.0,0.0,0.0,0.0,0.0,0.0,0.0,0.0,0.0,0.0,0.0,0.0,0.0,0.0,0.0,0.0,0.0,0.0,0.0,0.0,0.0,0.0,0.0,0.0,0.0,0.0,0.0,0.0,0.0,0.0,0.0,0.0,0.0,0.0,0.0,0.0,0.0,0.0,0.0,0.0,0.0,0.0,0.0,0.0
2026-01-25 15:28:42,4.7,34.4,running,0.4,36.9,36.9,0.4,18.5,0.0,4.4,0.0,4.0,0.0,17.3,0.4,11.2,0.0,0.9,0.0,2.2,0.0,0.0,0.0,3.6,0.0,2.7,4.4,1.3,0.4,6.6,0.4,4.9,0.0,19.9,0.0,7.9,0.0,3.1,0.0,2.7,0.4,2.2,0.9,1.3,1.8,0.4,0.0,0.4,0.0,0.0,0.0,0.0,0.0,0.0,0.0,0.0,0.0,0.0,0.0,0.0,0.0,0.0,0.0,0.0,0.0,0.0,0.0,0.0,0.0,0.0,0.0,0.0,0.0,0.0,0.0,0.0,0.0,0.0,0.0,0.0,0.0,0.0,0.0,0.0,0.0,0.0,0.0,0.0,0.0,0.0,0.0,0.0,0.0,0.0,0.0,0.0,0.0,0.0,0.0
2026-01-25 15:28:45,5.1,40.6,running,1.8,38.4,40.0,0.0,24.2,0.4,10.3,0.4,1.8,0.4,17.3,0.0,9.3,0.0,3.1,0.0,4.5,0.0,0.4,0.0,10.0,0.0,2.7,0.9,3.5,0.4,4.4,0.0,4.4,0.0,21.2,0.0,4.9,0.4,2.7,0.4,3.1,0.9,2.7,0.0,1.3,0.0,1.8,0.4,0.9,0.0,0.0,0.0,0.0,0.0,0.0,0.0,0.0,0.0,0.0,0.0,0.0,0.0,0.0,0.0,0.0,0.0,0.0,0.0,0.0,0.0,0.0,0.0,0.0,0.0,0.0,0.0,0.0,0.0,0.0,0.0,0.0,0.0,0.0,0.0,0.0,0.0,0.0,0.0,0.0,0.0,0.0,0.0,0.0,0.0,0.0,0.0,0.0,0.0,0.0,0.0
2026-01-25 15:28:49,4.3,25.0,running,0.9,38.3,40.1,0.0,18.7,1.8,4.4,0.0,2.7,0.0,19.6,0.0,10.2,0.0,4.5,0.0,1.8,0.0,0.9,0.0,4.4,0.4,1.3,0.4,0.4,0.4,7.9,0.9,3.1,0.4,22.7,0.4,5.3,0.0,3.1,0.0,2.2,1.3,2.7,0.0,0.9,1.8,0.9,0.0,0.9,0.9,0.0,0.4,0.0,0.0,0.0,0.0,0.0,0.0,0.0,0.0,0.0,0.0,0.0,0.0,0.0,0.0,0.0,0.0,0.0,0.0,0.0,0.0,0.0,0.0,0.0,0.0,0.0,0.0,0.0,0.0,0.0,0.0,0.0,0.0,0.0,0.0,0.0,0.0,0.0,0.0,0.0,0.0,0.0,0.0,0.0,0.0,0.0,0.0,0.0,0.0
2026-01-25 15:28:52,4.0,37.5,running,0.4,36.1,42.4,0.0,20.0,0.0,9.0,0.4,3.1,0.0,19.2,0.0,10.6,0.4,0.0,2.2,2.7,0.0,0.4,0.9,5.4,0.0,3.6,0.0,1.3,0.0,5.3,0.0,1.8,0.4,18.7,0.0,3.6,0.4,2.2,0.4,1.8,1.3,1.8,0.9,0.9,0.9,0.4,0.0,0.9,0.4,0.4,0.4,0.0,0.0,0.0,0.0,0.0,0.0,0.0,0.0,0.0,0.0,0.0,0.0,0.0,0.0,0.0,0.0,0.0,0.0,0.0,0.0,0.0,0.0,0.0,0.0,0.0,0.0,0.0,0.0,0.0,0.0,0.0,0.0,0.0,0.0,0.0,0.0,0.0,0.0,0.0,0.0,0.0,0.0,0.0,0.0,0.0,0.0,0.0,0.0
2026-01-25 15:28:56,3.9,31.2,running,0.0,31.2,42.2,0.0,20.6,0.0,6.6,0.0,2.7,0.0,19.9,0.4,8.9,0.4,0.9,2.7,2.7,0.0,0.9,0.0,3.6,0.0,4.0,0.4,2.6,0.0,2.2,0.0,4.0,0.0,17.4,0.9,3.6,0.0,1.3,0.0,0.4,1.8,0.4,0.9,0.0,0.4,1.3,0.4,0.4,0.0,1.3,0.0,0.0,0.0,0.0,0.0,0.0,0.0,0.0,0.0,0.0,0.0,0.0,0.0,0.0,0.0,0.0,0.0,0.0,0.0,0.0,0.0,0.0,0.0,0.0,0.0,0.0,0.0,0.0,0.0,0.0,0.0,0.0,0.0,0.0,0.0,0.0,0.0,0.0,0.0,0.0,0.0,0.0,0.0,0.0,0.0,0.0,0.0,0.0,0.0
2026-01-25 15:28:59,4.2,31.2,running,0.0,34.2,39.3,0.0,15.7,0.0,9.4,0.0,1.8,0.0,18.8,0.0,11.1,0.0,0.4,2.7,3.1,0.0,0.9,0.4,8.0,0.0,2.7,0.0,1.4,0.4,8.5,1.8,4.0,0.4,24.1,0.0,5.4,0.0,2.7,0.0,3.6,1.3,3.1,0.0,2.2,0.4,0.9,0.0,0.0,0.0,0.0,0.0,0.0,0.0,0.0,0.0,0.0,0.0,0.0,0.0,0.0,0.0,0.0,0.0,0.0,0.0,0.0,0.0,0.0,0.0,0.0,0.0,0.0,0.0,0.0,0.0,0.0,0.0,0.0,0.0,0.0,0.0,0.0,0.0,0.0,0.0,0.0,0.0,0.0,0.0,0.0,0.0,0.0,0.0,0.0,0.0,0.0,0.0,0.0,0.0
2026-01-25 15:29:03,4.3,46.8,running,0.0,36.7,43.2,0.0,19.9,0.4,6.6,0.0,3.1,0.0,16.5,0.0,12.4,0.0,2.7,0.5,0.9,0.4,0.4,0.0,3.6,0.0,2.2,0.0,1.3,0.0,5.8,0.4,4.9,0.0,19.6,0.0,7.1,0.0,3.1,0.0,3.1,0.9,3.1,0.0,0.0,1.3,0.9,0.0,0.4,0.0,0.9,0.0,0.0,0.0,0.0,0.0,0.0,0.0,0.0,0.0,0.0,0.0,0.0,0.0,0.0,0.0,0.0,0.0,0.0,0.0,0.0,0.0,0.0,0.0,0.0,0.0,0.0,0.0,0.0,0.0,0.0,0.0,0.0,0.0,0.0,0.0,0.0,0.0,0.0,0.0,0.0,0.0,0.0,0.0,0.0,0.0,0.0,0.0,0.0,0.0
2026-01-25 15:29:06,4.0,34.3,running,0.9,35.0,40.9,0.0,17.3,0.4,6.3,0.0,3.6,0.0,19.1,0.0,10.2,0.4,4.9,0.0,2.2,0.0,0.4,0.4,7.1,0.0,2.7,0.0,2.7,0.9,4.9,0.0,2.2,0.0,18.2,0.0,5.4,0.0,1.8,0.0,2.2,0.9,1.3,1.3,0.4,0.0,1.3,0.4,0.0,0.9,0.0,0.9,0.0,0.0,0.0,0.0,0.0,0.0,0.0,0.0,0.0,0.0,0.0,0.0,0.0,0.0,0.0,0.0,0.0,0.0,0.0,0.0,0.0,0.0,0.0,0.0,0.0,0.0,0.0,0.0,0.0,0.0,0.0,0.0,0.0,0.0,0.0,0.0,0.0,0.0,0.0,0.0,0.0,0.0,0.0,0.0,0.0,0.0,0.0,0.0
2026-01-25 15:29:10,3.5,37.5,running,0.4,36.0,36.1,0.4,22.7,0.0,10.6,0.4,2.2,0.0,20.8,0.0,14.2,0.0,1.3,0.0,4.0,0.0,0.9,0.0,5.8,0.0,1.3,0.0,3.6,0.0,5.8,0.4,5.8,0.0,21.8,0.4,8.5,0.0,2.2,0.0,2.7,0.4,1.3,1.3,1.3,0.4,0.9,0.0,0.9,0.4,0.4,0.0,0.0,0.0,0.0,0.0,0.0,0.0,0.0,0.0,0.0,0.0,0.0,0.0,0.0,0.0,0.0,0.0,0.0,0.0,0.0,0.0,0.0,0.0,0.0,0.0,0.0,0.0,0.0,0.0,0.0,0.0,0.0,0.0,0.0,0.0,0.0,0.0,0.0,0.0,0.0,0.0,0.0,0.0,0.0,0.0,0.0,0.0,0.0,0.0
2026-01-25 15:29:13,4.0,25.0,running,0.4,35.7,43.0,0.0,17.3,0.0,8.9,0.9,2.7,0.4,17.4,0.0,7.1,0.0,2.2,0.0,2.7,0.0,0.0,0.0,6.7,0.4,3.1,0.0,2.7,0.4,3.1,0.0,1.8,0.0,19.6,0.0,5.8,0.0,1.8,0.0,2.7,0.0,0.4,0.0,0.0,0.9,0.4,0.0,0.0,0.4,0.0,0.0,0.0,0.0,0.0,0.0,0.0,0.0,0.0,0.0,0.0,0.0,0.0,0.0,0.0,0.0,0.0,0.0,0.0,0.0,0.0,0.0,0.0,0.0,0.0,0.0,0.0,0.0,0.0,0.0,0.0,0.0,0.0,0.0,0.0,0.0,0.0,0.0,0.0,0.0,0.0,0.0,0.0,0.0,0.0,0.0,0.0,0.0,0.0,0.0
2026-01-25 15:29:17,4.3,21.9,running,0.0,34.2,40.3,0.0,18.6,0.0,12.3,0.0,7.1,0.5,17.0,0.0,8.0,0.0,5.8,0.0,3.1,0.0,0.4,1.3,6.2,0.0,3.1,0.0,2.2,1.3,5.4,0.0,5.8,0.0,21.2,0.4,6.2,0.0,3.1,0.5,4.0,0.0,2.7,1.4,0.9,0.4,1.3,0.0,0.0,0.9,0.0,0.0,0.0,0.0,0.0,0.0,0.0,0.0,0.0,0.0,0.0,0.0,0.0,0.0,0.0,0.0,0.0,0.0,0.0,0.0,0.0,0.0,0.0,0.0,0.0,0.0,0.0,0.0,0.0,0.0,0.0,0.0,0.0,0.0,0.0,0.0,0.0,0.0,0.0,0.0,0.0,0.0,0.0,0.0,0.0,0.0,0.0,0.0,0.0,0.0
2026-01-25 15:29:20,4.0,28.1,running,0.0,32.3,34.2,0.0,20.5,0.0,8.0,0.0,2.7,0.4,20.1,0.0,9.3,0.0,1.8,0.0,4.9,0.4,0.0,0.0,0.4,0.4,4.4,0.0,0.4,0.9,3.1,0.0,2.2,0.0,18.8,0.0,4.4,0.0,1.8,0.0,1.8,0.0,1.8,2.9,0.4,0.4,0.4,0.0,0.0,0.9,0.0,0.0,0.0,0.0,0.0,0.0,0.0,0.0,0.0,0.0,0.0,0.0,0.0,0.0,0.0,0.0,0.0,0.0,0.0,0.0,0.0,0.0,0.0,0.0,0.0,0.0,0.0,0.0,0.0,0.0,0.0,0.0,0.0,0.0,0.0,0.0,0.0,0.0,0.0,0.0,0.0,0.0,0.0,0.0,0.0,0.0,0.0,0.0,0.0,0.0
2026-01-25 15:29:24,4.5,31.2,running,0.4,36.7,37.0,0.4,19.6,0.0,5.8,0.0,1.3,0.4,17.0,0.4,14.5,0.0,0.9,0.0,5.4,1.3,0.4,0.4,4.0,0.0,2.7,0.0,1.8,0.4,5.4,0.0,4.4,0.4,24.6,0.0,6.2,0.0,4.4,0.4,3.6,0.0,4.0,2.7,0.9,0.9,0.0,0.4,0.4,0.9,0.0,0.0,0.0,0.0,0.0,0.0,0.0,0.0,0.0,0.0,0.0,0.0,0.0,0.0,0.0,0.0,0.0,0.0,0.0,0.0,0.0,0.0,0.0,0.0,0.0,0.0,0.0,0.0,0.0,0.0,0.0,0.0,0.0,0.0,0.0,0.0,0.0,0.0,0.0,0.0,0.0,0.0,0.0,0.0,0.0,0.0,0.0,0.0,0.0,0.0
2026-01-25 15:29:27,4.4,25.0,running,0.0,38.2,38.1,0.0,23.5,0.4,6.2,0.4,1.8,0.0,16.5,0.0,10.7,0.4,1.8,0.0,4.4,0.4,0.4,0.0,4.8,0.0,4.4,0.0,2.2,1.3,4.4,0.0,2.7,0.9,19.6,0.0,5.8,0.0,2.2,0.0,1.8,0.0,2.7,0.9,1.8,0.4,0.4,0.0,0.4,3.6,0.0,0.0,0.0,0.0,0.0,0.0,0.0,0.0,0.0,0.0,0.0,0.0,0.0,0.0,0.0,0.0,0.0,0.0,0.0,0.0,0.0,0.0,0.0,0.0,0.0,0.0,0.0,0.0,0.0,0.0,0.0,0.0,0.0,0.0,0.0,0.0,0.0,0.0,0.0,0.0,0.0,0.0,0.0,0.0,0.0,0.0,0.0,0.0,0.0,0.0
2026-01-25 15:29:31,4.2,34.3,running,0.0,37.1,37.1,0.0,17.3,0.0,7.1,0.0,2.2,0.0,19.1,0.0,8.9,0.0,1.3,0.4,4.5,0.0,0.9,0.0,6.7,0.0,4.9,0.0,1.8,1.8,3.1,0.0,6.7,0.0,21.3,0.0,7.6,0.0,4.5,0.0,3.1,0.0,3.1,2.7,1.8,0.9,0.0,0.0,0.0,0.9,0.4,0.4,0.0,0.0,0.0,0.0,0.0,0.0,0.0,0.0,0.0,0.0,0.0,0.0,0.0,0.0,0.0,0.0,0.0,0.0,0.0,0.0,0.0,0.0,0.0,0.0,0.0,0.0,0.0,0.0,0.0,0.0,0.0,0.0,0.0,0.0,0.0,0.0,0.0,0.0,0.0,0.0,0.0,0.0,0.0,0.0,0.0,0.0,0.0,0.0
2026-01-25 15:29:34,3.8,31.2,running,0.0,37.4,36.4,0.0,17.0,0.0,7.6,0.0,4.5,0.0,22.8,0.0,7.6,0.0,0.4,0.0,2.7,0.0,0.4,0.0,4.4,0.0,6.2,0.0,1.8,1.3,4.0,0.0,2.7,0.0,17.4,0.0,5.4,0.0,1.8,0.4,0.4,0.0,1.3,0.0,0.4,0.0,0.0,0.0,0.4,1.3,0.0,0.0,0.0,0.0,0.0,0.0,0.0,0.0,0.0,0.0,0.0,0.0,0.0,0.0,0.0,0.0,0.0,0.0,0.0,0.0,0.0,0.0,0.0,0.0,0.0,0.0,0.0,0.0,0.0,0.0,0.0,0.0,0.0,0.0,0.0,0.0,0.0,0.0,0.0,0.0,0.0,0.0,0.0,0.0,0.0,0.0,0.0,0.0,0.0,0.0
2026-01-25 15:29:38,4.0,31.2,running,0.0,36.4,38.2,0.0,17.9,0.0,7.6,0.4,3.6,0.4,18.7,0.0,8.9,0.4,0.0,0.4,4.0,0.4,0.0,0.0,1.8,0.0,1.8,0.0,2.2,1.3,6.2,0.4,4.4,0.0,21.3,0.0,5.4,0.4,3.1,0.4,2.7,0.4,1.8,0.4,0.4,0.0,0.4,0.9,0.9,0.0,0.0,0.0,0.0,0.0,0.0,0.0,0.0,0.0,0.0,0.0,0.0,0.0,0.0,0.0,0.0,0.0,0.0,0.0,0.0,0.0,0.0,0.0,0.0,0.0,0.0,0.0,0.0,0.0,0.0,0.0,0.0,0.0,0.0,0.0,0.0,0.0,0.0,0.0,0.0,0.0,0.0,0.0,0.0,0.0,0.0,0.0,0.0,0.0,0.0,0.0
2026-01-25 15:29:41,4.7,25.0,running,0.0,36.0,44.2,0.0,19.9,0.4,10.2,0.0,1.8,0.0,18.2,0.4,10.7,0.4,0.0,0.0,4.5,0.0,0.0,0.0,5.3,0.4,2.2,0.4,3.1,0.9,5.3,0.4,3.6,0.4,21.9,0.0,9.6,0.0,4.0,0.0,3.1,0.4,3.1,0.9,1.3,0.0,0.9,1.3,0.9,3.1,0.9,0.4,0.0,0.0,0.0,0.0,0.0,0.0,0.0,0.0,0.0,0.0,0.0,0.0,0.0,0.0,0.0,0.0,0.0,0.0,0.0,0.0,0.0,0.0,0.0,0.0,0.0,0.0,0.0,0.0,0.0,0.0,0.0,0.0,0.0,0.0,0.0,0.0,0.0,0.0,0.0,0.0,0.0,0.0,0.0,0.0,0.0,0.0,0.0,0.0
2026-01-25 15:29:45,4.2,25.0,running,0.0,39.4,38.4,0.0,18.8,0.0,5.4,0.0,1.8,0.0,19.3,0.0,9.3,0.4,0.4,0.4,4.9,0.0,0.0,0.9,3.6,0.4,4.9,0.0,1.3,0.4,5.8,0.4,3.6,0.0,22.9,0.0,6.2,0.0,2.7,0.4,2.7,0.0,1.8,0.9,1.8,0.0,0.9,2.2,0.0,0.0,0.0,0.0,0.0,0.0,0.0,0.0,0.0,0.0,0.0,0.0,0.0,0.0,0.0,0.0,0.0,0.0,0.0,0.0,0.0,0.0,0.0,0.0,0.0,0.0,0.0,0.0,0.0,0.0,0.0,0.0,0.0,0.0,0.0,0.0,0.0,0.0,0.0,0.0,0.0,0.0,0.0,0.0,0.0,0.0,0.0,0.0,0.0,0.0,0.0,0.0
2026-01-25 15:29:48,3.9,21.9,running,0.4,38.7,39.3,0.0,15.5,0.0,5.8,0.0,4.0,0.0,19.4,0.0,10.6,0.0,1.8,0.0,0.9,0.0,0.0,0.4,4.9,0.0,3.6,0.0,0.4,0.4,6.2,0.0,3.1,0.0,16.1,0.0,6.7,0.4,2.7,0.0,1.8,0.0,1.8,0.9,1.3,0.9,0.4,4.9,0.0,0.0,0.4,0.0,0.0,0.0,0.0,0.0,0.0,0.0,0.0,0.0,0.0,0.0,0.0,0.0,0.0,0.0,0.0,0.0,0.0,0.0,0.0,0.0,0.0,0.0,0.0,0.0,0.0,0.0,0.0,0.0,0.0,0.0,0.0,0.0,0.0,0.0,0.0,0.0,0.0,0.0,0.0,0.0,0.0,0.0,0.0,0.0,0.0,0.0,0.0,0.0
2026-01-25 15:29:52,3.9,31.2,running,0.0,35.7,36.9,0.0,18.7,0.0,7.6,0.0,1.8,0.0,19.0,0.0,11.5,0.0,0.4,0.0,4.4,0.0,0.0,0.0,7.1,0.0,2.7,0.0,2.2,3.1,4.4,0.0,2.7,0.0,22.0,0.0,4.8,0.0,2.2,0.0,2.7,0.0,1.8,1.3,0.4,0.0,0.4,1.8,0.0,0.4,0.0,0.4,0.0,0.0,0.0,0.0,0.0,0.0,0.0,0.0,0.0,0.0,0.0,0.0,0.0,0.0,0.0,0.0,0.0,0.0,0.0,0.0,0.0,0.0,0.0,0.0,0.0,0.0,0.0,0.0,0.0,0.0,0.0,0.0,0.0,0.0,0.0,0.0,0.0,0.0,0.0,0.0,0.0,0.0,0.0,0.0,0.0,0.0,0.0,0.0
2026-01-25 15:29:55,4.3,28.1,running,8.9,31.7,36.0,0.0,23.2,0.0,5.8,0.0,4.0,0.0,19.1,0.0,10.3,0.0,1.8,0.0,4.0,0.0,0.9,0.0,5.3,0.0,1.3,0.0,2.2,0.4,2.2,0.0,2.7,0.4,20.4,0.0,5.8,0.0,1.8,0.4,1.3,0.0,2.2,3.1,1.3,0.0,0.9,2.2,0.0,0.9,1.3,0.0,0.0,0.0,0.0,0.0,0.0,0.0,0.0,0.0,0.0,0.0,0.0,0.0,0.0,0.0,0.0,0.0,0.0,0.0,0.0,0.0,0.0,0.0,0.0,0.0,0.0,0.0,0.0,0.0,0.0,0.0,0.0,0.0,0.0,0.0,0.0,0.0,0.0,0.0,0.0,0.0,0.0,0.0,0.0,0.0,0.0,0.0,0.0,0.0
2026-01-25 15:29:59,4.4,37.5,running,0.9,40.1,42.2,0.0,17.4,0.0,5.3,0.0,1.8,0.5,18.3,0.0,9.3,0.0,2.2,0.0,2.7,0.4,0.0,0.4,11.7,0.0,3.1,0.0,2.2,0.9,2.7,0.4,3.6,0.0,22.7,0.0,4.5,0.0,2.7,0.4,2.2,0.0,2.2,0.4,1.3,0.4,0.0,4.4,0.5,0.0,0.0,0.9,0.0,0.0,0.0,0.0,0.0,0.0,0.0,0.0,0.0,0.0,0.0,0.0,0.0,0.0,0.0,0.0,0.0,0.0,0.0,0.0,0.0,0.0,0.0,0.0,0.0,0.0,0.0,0.0,0.0,0.0,0.0,0.0,0.0,0.0,0.0,0.0,0.0,0.0,0.0,0.0,0.0,0.0,0.0,0.0,0.0,0.0,0.0,0.0
2026-01-25 15:30:02,4.8,40.6,running,0.0,37.6,42.7,0.0,15.0,0.0,8.9,0.8,3.6,0.0,18.8,0.0,11.2,0.9,1.3,0.0,4.9,0.4,0.0,0.4,4.4,0.4,5.8,0.0,2.2,0.9,4.9,0.9,4.9,0.0,17.9,0.0,6.7,0.0,3.5,0.0,3.6,0.4,2.2,4.0,1.8,0.4,0.9,4.0,1.3,0.4,0.4,0.4,0.0,0.0,0.0,0.0,0.0,0.0,0.0,0.0,0.0,0.0,0.0,0.0,0.0,0.0,0.0,0.0,0.0,0.0,0.0,0.0,0.0,0.0,0.0,0.0,0.0,0.0,0.0,0.0,0.0,0.0,0.0,0.0,0.0,0.0,0.0,0.0,0.0,0.0,0.0,0.0,0.0,0.0,0.0,0.0,0.0,0.0,0.0,0.0
2026-01-25 15:30:06,4.7,28.1,running,0.9,38.9,39.6,0.0,19.5,0.0,4.5,1.3,2.7,0.4,22.2,0.5,7.6,0.0,1.3,0.9,4.9,0.0,0.0,0.0,5.8,0.0,2.7,0.0,1.8,0.4,3.5,1.3,4.5,0.0,17.3,0.0,5.4,0.0,7.4,0.0,2.7,0.9,2.2,1.8,0.9,0.4,0.4,3.1,1.8,0.4,0.0,0.4,0.0,0.0,0.0,0.0,0.0,0.0,0.0,0.0,0.0,0.0,0.0,0.0,0.0,0.0,0.0,0.0,0.0,0.0,0.0,0.0,0.0,0.0,0.0,0.0,0.0,0.0,0.0,0.0,0.0,0.0,0.0,0.0,0.0,0.0,0.0,0.0,0.0,0.0,0.0,0.0,0.0,0.0,0.0,0.0,0.0,0.0,0.0,0.0
2026-01-25 15:30:09,4.4,18.7,running,0.9,38.1,39.5,0.0,16.5,0.0,5.3,0.0,4.0,0.0,18.8,0.0,10.2,0.0,4.0,0.0,5.4,0.0,1.3,0.0,4.4,0.0,4.4,0.0,1.8,0.4,4.9,0.0,4.9,0.0,22.2,0.0,5.3,0.0,4.0,0.0,3.1,1.3,3.1,3.1,0.9,0.4,0.9,0.9,0.0,0.4,0.9,0.0,0.0,0.0,0.0,0.0,0.0,0.0,0.0,0.0,0.0,0.0,0.0,0.0,0.0,0.0,0.0,0.0,0.0,0.0,0.0,0.0,0.0,0.0,0.0,0.0,0.0,0.0,0.0,0.0,0.0,0.0,0.0,0.0,0.0,0.0,0.0,0.0,0.0,0.0,0.0,0.0,0.0,0.0,0.0,0.0,0.0,0.0,0.0,0.0
2026-01-25 15:30:13,4.2,28.1,running,0.4,36.0,44.1,0.5,21.9,0.5,10.3,0.0,1.8,0.4,20.3,0.0,7.6,0.0,0.9,0.0,5.8,0.0,0.9,0.0,2.7,0.0,1.8,0.0,0.9,0.4,2.7,0.0,3.6,0.0,17.0,0.0,5.4,0.0,3.5,0.0,2.2,0.4,1.3,1.3,1.8,0.0,0.9,4.0,0.0,0.0,0.4,0.0,0.0,0.0,0.0,0.0,0.0,0.0,0.0,0.0,0.0,0.0,0.0,0.0,0.0,0.0,0.0,0.0,0.0,0.0,0.0,0.0,0.0,0.0,0.0,0.0,0.0,0.0,0.0,0.0,0.0,0.0,0.0,0.0,0.0,0.0,0.0,0.0,0.0,0.0,0.0,0.0,0.0,0.0,0.0,0.0,0.0,0.0,0.0,0.0
2026-01-25 15:30:16,4.2,31.2,running,0.4,34.2,40.4,0.0,18.8,0.0,9.4,0.0,3.1,0.0,16.9,0.0,10.7,0.0,1.8,0.0,4.9,0.4,0.4,0.0,4.4,0.0,4.5,0.0,0.4,1.8,5.8,1.8,4.5,0.9,20.5,0.9,5.4,0.4,4.9,0.0,4.0,0.0,2.7,1.3,1.8,0.4,0.4,3.1,0.9,0.0,0.0,0.0,0.0,0.0,0.0,0.0,0.0,0.0,0.0,0.0,0.0,0.0,0.0,0.0,0.0,0.0,0.0,0.0,0.0,0.0,0.0,0.0,0.0,0.0,0.0,0.0,0.0,0.0,0.0,0.0,0.0,0.0,0.0,0.0,0.0,0.0,0.0,0.0,0.0,0.0,0.0,0.0,0.0,0.0,0.0,0.0,0.0,0.0,0.0,0.0
2026-01-25 15:30:20,3.6,21.9,running,0.5,38.1,36.7,0.0,18.2,0.0,4.0,0.0,3.1,0.0,18.3,0.0,8.8,0.0,0.0,0.0,2.2,0.4,0.0,0.4,4.9,0.0,4.9,0.0,0.9,0.9,4.4,1.3,2.7,0.4,21.4,0.0,5.3,0.0,1.8,0.0,3.1,0.0,2.7,0.4,0.4,0.0,0.4,3.1,0.4,0.0,0.9,0.0,0.0,0.0,0.0,0.0,0.0,0.0,0.0,0.0,0.0,0.0,0.0,0.0,0.0,0.0,0.0,0.0,0.0,0.0,0.0,0.0,0.0,0.0,0.0,0.0,0.0,0.0,0.0,0.0,0.0,0.0,0.0,0.0,0.0,0.0,0.0,0.0,0.0,0.0,0.0,0.0,0.0,0.0,0.0,0.0,0.0,0.0,0.0,0.0
2026-01-25 15:30:23,3.9,40.6,running,0.0,34.8,37.8,0.0,17.9,0.0,7.1,0.0,2.7,0.0,17.8,0.0,11.9,0.0,0.4,0.4,4.9,0.0,0.0,0.0,4.8,0.4,6.7,0.0,1.3,0.0,5.4,0.0,3.6,0.0,21.8,0.0,4.9,0.0,4.0,0.0,1.8,0.4,2.2,0.4,0.0,0.0,0.9,3.6,0.0,0.0,0.0,0.0,0.0,0.0,0.0,0.0,0.0,0.0,0.0,0.0,0.0,0.0,0.0,0.0,0.0,0.0,0.0,0.0,0.0,0.0,0.0,0.0,0.0,0.0,0.0,0.0,0.0,0.0,0.0,0.0,0.0,0.0,0.0,0.0,0.0,0.0,0.0,0.0,0.0,0.0,0.0,0.0,0.0,0.0,0.0,0.0,0.0,0.0,0.0,0.0
2026-01-25 15:30:27,5.0,21.8,running,6.7,35.1,42.2,0.5,17.3,0.0,11.2,0.0,8.8,0.0,17.9,0.0,8.0,0.0,5.4,0.0,4.9,0.0,0.4,0.0,3.1,0.4,6.2,0.0,2.7,0.9,7.1,0.4,7.1,0.4,24.4,0.0,10.2,0.0,7.1,0.0,4.9,0.0,5.4,0.9,2.2,0.0,1.8,1.8,0.0,0.4,0.0,0.0,0.0,0.0,0.0,0.0,0.0,0.0,0.0,0.0,0.0,0.0,0.0,0.0,0.0,0.0,0.0,0.0,0.0,0.0,0.0,0.0,0.0,0.0,0.0,0.0,0.0,0.0,0.0,0.0,0.0,0.0,0.0,0.0,0.0,0.0,0.0,0.0,0.0,0.0,0.0,0.0,0.0,0.0,0.0,0.0,0.0,0.0,0.0,0.0
2026-01-25 15:30:30,4.7,31.2,running,0.0,34.2,41.2,0.0,15.6,0.0,8.8,0.0,2.2,0.0,17.9,0.0,8.0,0.0,3.1,0.0,2.2,0.0,0.9,0.0,2.7,0.0,7.1,0.0,1.3,0.4,5.4,0.4,4.9,0.0,24.9,0.0,6.2,0.0,3.5,0.0,3.5,0.4,2.7,1.8,0.4,0.4,0.4,3.5,0.4,0.0,1.3,0.0,0.0,0.0,0.0,0.0,0.0,0.0,0.0,0.0,0.0,0.0,0.0,0.0,0.0,0.0,0.0,0.0,0.0,0.0,0.0,0.0,0.0,0.0,0.0,0.0,0.0,0.0,0.0,0.0,0.0,0.0,0.0,0.0,0.0,0.0,0.0,0.0,0.0,0.0,0.0,0.0,0.0,0.0,0.0,0.0,0.0,0.0,0.0,0.0
2026-01-25 15:30:34,3.8,34.3,running,0.0,40.1,41.0,0.4,16.4,0.0,6.7,0.0,3.1,0.4,18.7,0.0,13.7,0.0,0.9,0.0,1.3,0.0,0.0,0.0,3.6,0.0,4.9,0.0,2.7,0.9,4.0,0.9,4.0,0.4,20.1,0.4,5.4,0.0,2.2,0.0,2.2,0.0,2.2,2.2,0.9,0.9,0.4,3.1,0.4,0.0,0.9,0.0,0.0,0.0,0.0,0.0,0.0,0.0,0.0,0.0,0.0,0.0,0.0,0.0,0.0,0.0,0.0,0.0,0.0,0.0,0.0,0.0,0.0,0.0,0.0,0.0,0.0,0.0,0.0,0.0,0.0,0.0,0.0,0.0,0.0,0.0,0.0,0.0,0.0,0.0,0.0,0.0,0.0,0.0,0.0,0.0,0.0,0.0,0.0,0.0
2026-01-25 15:30:37,3.6,34.3,running,0.9,36.0,34.8,0.0,15.9,0.0,8.4,0.0,2.2,0.0,14.2,0.0,11.1,0.0,1.8,0.0,2.7,0.0,0.4,0.0,5.3,0.4,4.9,0.0,0.0,0.9,5.8,0.4,3.6,0.0,20.9,0.0,5.8,0.0,2.7,0.0,2.2,0.0,2.7,1.3,2.2,0.4,1.3,4.0,1.3,0.4,0.9,0.0,0.0,0.0,0.0,0.0,0.0,0.0,0.0,0.0,0.0,0.0,0.0,0.0,0.0,0.0,0.0,0.0,0.0,0.0,0.0,0.0,0.0,0.0,0.0,0.0,0.0,0.0,0.0,0.0,0.0,0.0,0.0,0.0,0.0,0.0,0.0,0.0,0.0,0.0,0.0,0.0,0.0,0.0,0.0,0.0,0.0,0.0,0.0,0.0
2026-01-25 15:30:41,4.0,28.1,running,0.4,35.3,38.4,0.0,21.8,0.0,6.7,0.0,2.7,0.0,16.9,0.0,11.9,0.0,1.3,0.0,2.2,0.0,0.9,0.9,5.4,0.0,6.7,0.0,0.4,0.9,3.1,0.9,1.8,0.4,17.8,0.4,5.4,0.0,1.8,0.4,2.2,0.0,2.2,1.8,0.9,0.4,0.4,2.2,0.4,0.4,0.0,0.4,0.0,0.0,0.0,0.0,0.0,0.0,0.0,0.0,0.0,0.0,0.0,0.0,0.0,0.0,0.0,0.0,0.0,0.0,0.0,0.0,0.0,0.0,0.0,0.0,0.0,0.0,0.0,0.0,0.0,0.0,0.0,0.0,0.0,0.0,0.0,0.0,0.0,0.0,0.0,0.0,0.0,0.0,0.0,0.0,0.0,0.0,0.0,0.0
2026-01-25 15:30:44,4.1,31.2,running,1.3,37.3,39.6,0.0,18.8,0.0,7.6,0.0,4.0,0.9,24.5,0.0,11.6,0.0,0.9,0.0,3.6,0.4,0.4,0.4,4.4,0.4,3.1,0.9,3.1,0.0,5.8,0.9,2.7,0.0,15.2,0.0,5.4,0.0,2.7,0.0,2.2,0.0,1.3,2.7,0.9,0.0,0.4,0.4,1.3,0.0,0.0,0.0,0.0,0.0,0.0,0.0,0.0,0.0,0.0,0.0,0.0,0.0,0.0,0.0,0.0,0.0,0.0,0.0,0.0,0.0,0.0,0.0,0.0,0.0,0.0,0.0,0.0,0.0,0.0,0.0,0.0,0.0,0.0,0.0,0.0,0.0,0.0,0.0,0.0,0.0,0.0,0.0,0.0,0.0,0.0,0.0,0.0,0.0,0.0,0.0
2026-01-25 15:30:48,4.1,31.2,running,0.9,38.7,34.4,0.0,19.0,0.4,8.0,0.0,2.7,0.0,17.8,0.0,11.6,0.5,1.3,3.1,6.6,0.0,0.9,0.9,4.4,0.0,5.8,0.0,1.3,1.3,4.9,0.4,3.1,0.0,16.4,0.4,4.9,0.0,2.2,0.0,1.8,0.0,2.7,0.9,0.4,0.4,0.0,0.4,0.0,0.0,0.4,0.0,0.0,0.0,0.0,0.0,0.0,0.0,0.0,0.0,0.0,0.0,0.0,0.0,0.0,0.0,0.0,0.0,0.0,0.0,0.0,0.0,0.0,0.0,0.0,0.0,0.0,0.0,0.0,0.0,0.0,0.0,0.0,0.0,0.0,0.0,0.0,0.0,0.0,0.0,0.0,0.0,0.0,0.0,0.0,0.0,0.0,0.0,0.0,0.0
2026-01-25 15:30:51,4.3,28.1,running,0.0,34.7,39.8,0.0,20.7,0.0,5.8,0.0,2.7,0.0,16.5,0.0,9.4,0.0,5.3,1.8,4.5,0.4,0.9,0.9,5.8,0.0,5.3,0.0,2.2,0.9,6.2,0.9,5.4,0.0,18.8,0.0,8.5,0.4,2.7,0.4,2.2,0.0,2.7,1.3,0.4,0.0,1.3,0.0,2.2,0.0,0.0,0.0,0.0,0.0,0.0,0.0,0.0,0.0,0.0,0.0,0.0,0.0,0.0,0.0,0.0,0.0,0.0,0.0,0.0,0.0,0.0,0.0,0.0,0.0,0.0,0.0,0.0,0.0,0.0,0.0,0.0,0.0,0.0,0.0,0.0,0.0,0.0,0.0,0.0,0.0,0.0,0.0,0.0,0.0,0.0,0.0,0.0,0.0,0.0,0.0
2026-01-25 15:30:55,4.4,21.9,running,0.9,37.2,38.8,0.0,20.7,0.0,8.4,0.5,1.8,0.4,19.0,0.4,12.4,0.0,1.8,1.8,3.6,0.0,0.4,0.0,3.1,0.0,2.7,0.0,2.7,0.4,8.0,0.4,6.7,0.0,21.9,0.0,8.9,0.4,4.5,0.4,4.0,0.4,6.2,0.0,1.3,0.9,0.4,0.4,1.3,0.0,0.0,0.0,0.0,0.0,0.0,0.0,0.0,0.0,0.0,0.0,0.0,0.0,0.0,0.0,0.0,0.0,0.0,0.0,0.0,0.0,0.0,0.0,0.0,0.0,0.0,0.0,0.0,0.0,0.0,0.0,0.0,0.0,0.0,0.0,0.0,0.0,0.0,0.0,0.0,0.0,0.0,0.0,0.0,0.0,0.0,0.0,0.0,0.0,0.0,0.0
2026-01-25 15:30:58,4.5,31.2,running,1.3,36.9,36.6,0.0,17.3,0.0,5.8,0.0,3.1,0.0,18.6,0.0,8.4,0.0,1.8,3.6,3.6,0.0,0.4,0.4,5.3,0.0,4.9,0.4,1.3,1.3,4.5,0.9,3.1,0.0,22.6,0.0,5.8,0.0,2.7,0.0,2.7,0.9,3.1,1.8,0.9,0.9,1.3,0.0,1.3,0.0,1.3,0.0,0.0,0.0,0.0,0.0,0.0,0.0,0.0,0.0,0.0,0.0,0.0,0.0,0.0,0.0,0.0,0.0,0.0,0.0,0.0,0.0,0.0,0.0,0.0,0.0,0.0,0.0,0.0,0.0,0.0,0.0,0.0,0.0,0.0,0.0,0.0,0.0,0.0,0.0,0.0,0.0,0.0,0.0,0.0,0.0,0.0,0.0,0.0,0.0
2026-01-25 15:31:02,4.7,40.6,running,0.4,42.5,44.6,0.0,19.1,0.0,9.3,0.0,2.2,0.4,20.6,0.0,8.1,0.0,1.8,2.2,2.2,0.0,0.4,0.0,5.8,0.0,3.5,0.0,2.2,0.9,5.3,0.0,4.9,0.4,16.1,0.0,5.8,0.0,3.1,0.0,3.6,0.9,2.7,3.6,1.8,0.4,0.9,0.9,0.4,0.9,1.3,0.9,0.0,0.0,0.0,0.0,0.0,0.0,0.0,0.0,0.0,0.0,0.0,0.0,0.0,0.0,0.0,0.0,0.0,0.0,0.0,0.0,0.0,0.0,0.0,0.0,0.0,0.0,0.0,0.0,0.0,0.0,0.0,0.0,0.0,0.0,0.0,0.0,0.0,0.0,0.0,0.0,0.0,0.0,0.0,0.0,0.0,0.0,0.0,0.0
2026-01-25 15:31:05,4.2,31.2,running,0.9,35.3,38.7,0.0,21.2,0.0,8.5,0.0,3.1,0.0,20.9,0.0,10.7,0.0,0.0,1.3,0.9,0.4,0.4,0.4,5.3,0.0,1.3,0.0,1.3,1.3,5.8,0.0,3.6,0.0,20.4,0.0,7.1,0.4,3.1,0.4,1.8,0.0,2.7,0.4,1.3,0.9,0.4,0.4,0.0,0.0,0.0,0.4,0.0,0.0,0.0,0.0,0.0,0.0,0.0,0.0,0.0,0.0,0.0,0.0,0.0,0.0,0.0,0.0,0.0,0.0,0.0,0.0,0.0,0.0,0.0,0.0,0.0,0.0,0.0,0.0,0.0,0.0,0.0,0.0,0.0,0.0,0.0,0.0,0.0,0.0,0.0,0.0,0.0,0.0,0.0,0.0,0.0,0.0,0.0,0.0
2026-01-25 15:31:09,3.9,37.5,running,0.0,42.2,43.8,0.0,23.1,0.0,6.7,0.0,2.2,0.0,16.0,0.0,10.2,0.0,0.4,0.0,0.4,0.4,0.4,0.4,4.4,0.0,2.2,0.0,3.1,0.0,4.0,0.0,4.0,0.0,18.2,0.4,3.6,0.0,3.6,0.0,3.1,0.0,2.2,0.9,1.3,0.0,0.4,1.8,0.4,0.0,0.0,0.0,0.0,0.0,0.0,0.0,0.0,0.0,0.0,0.0,0.0,0.0,0.0,0.0,0.0,0.0,0.0,0.0,0.0,0.0,0.0,0.0,0.0,0.0,0.0,0.0,0.0,0.0,0.0,0.0,0.0,0.0,0.0,0.0,0.0,0.0,0.0,0.0,0.0,0.0,0.0,0.0,0.0,0.0,0.0,0.0,0.0,0.0,0.0,0.0
2026-01-25 15:31:12,4.1,31.2,running,0.4,37.2,41.3,0.0,20.0,0.0,8.4,0.0,3.1,0.0,19.1,0.0,9.8,0.0,1.3,1.8,2.7,0.4,0.0,0.0,4.0,0.0,3.5,0.0,0.0,0.9,5.8,0.4,5.3,0.0,22.2,0.0,7.1,0.0,4.9,0.4,4.9,0.0,4.9,0.0,0.4,0.9,0.4,4.0,0.4,0.4,0.9,0.4,0.0,0.0,0.0,0.0,0.0,0.0,0.0,0.0,0.0,0.0,0.0,0.0,0.0,0.0,0.0,0.0,0.0,0.0,0.0,0.0,0.0,0.0,0.0,0.0,0.0,0.0,0.0,0.0,0.0,0.0,0.0,0.0,0.0,0.0,0.0,0.0,0.0,0.0,0.0,0.0,0.0,0.0,0.0,0.0,0.0,0.0,0.0,0.0
2026-01-25 15:31:16,5.0,40.6,running,0.4,34.2,36.9,0.0,19.1,0.0,7.6,0.0,3.1,0.0,17.8,0.0,11.1,0.4,3.6,2.2,6.6,0.0,0.9,0.0,8.0,0.0,1.3,0.0,2.7,0.9,8.0,0.4,4.9,0.0,22.2,0.0,8.8,0.0,4.9,0.0,4.9,0.5,4.0,0.0,0.4,0.4,0.4,3.5,0.9,1.3,0.0,0.4,0.0,0.0,0.0,0.0,0.0,0.0,0.0,0.0,0.0,0.0,0.0,0.0,0.0,0.0,0.0,0.0,0.0,0.0,0.0,0.0,0.0,0.0,0.0,0.0,0.0,0.0,0.0,0.0,0.0,0.0,0.0,0.0,0.0,0.0,0.0,0.0,0.0,0.0,0.0,0.0,0.0,0.0,0.0,0.0,0.0,0.0,0.0,0.0
2026-01-25 15:31:19,3.9,43.7,running,1.3,40.4,44.2,0.0,18.8,0.0,8.0,0.0,4.9,0.0,18.7,0.0,7.1,0.0,2.7,0.4,4.0,0.0,0.9,0.4,4.0,0.4,3.1,0.0,0.9,0.4,5.4,0.0,4.9,0.4,19.6,0.0,7.1,0.0,3.6,0.0,2.7,0.0,2.2,0.4,1.8,0.0,0.0,0.4,0.0,0.0,1.3,0.0,0.0,0.0,0.0,0.0,0.0,0.0,0.0,0.0,0.0,0.0,0.0,0.0,0.0,0.0,0.0,0.0,0.0,0.0,0.0,0.0,0.0,0.0,0.0,0.0,0.0,0.0,0.0,0.0,0.0,0.0,0.0,0.0,0.0,0.0,0.0,0.0,0.0,0.0,0.0,0.0,0.0,0.0,0.0,0.0,0.0,0.0,0.0,0.0
2026-01-25 15:31:23,4.6,99.9,running,0.4,37.9,87.6,0.0,11.6,0.5,8.4,0.4,6.1,0.0,19.7,0.0,11.2,0.0,0.9,0.0,4.9,0.0,0.0,0.0,3.6,0.0,2.2,0.0,0.4,0.4,4.9,0.0,2.7,0.0,21.2,0.0,7.1,0.0,3.6,0.0,1.3,0.0,2.2,0.4,2.2,0.9,0.4,0.4,0.0,0.0,0.0,0.0,0.0,0.0,0.0,0.0,0.0,0.0,0.0,0.0,0.0,0.0,0.0,0.0,0.0,0.0,0.0,0.0,0.0,0.0,0.0,0.0,0.0,0.0,0.0,0.0,0.0,0.0,0.0,0.0,0.0,0.0,0.0,0.0,0.0,0.0,0.0,0.0,0.0,0.0,0.0,0.0,0.0,0.0,0.0,0.0,0.0,0.0,0.0,0.0
2026-01-25 15:31:26,4.5,100.0,running,0.4,34.2,100.0,0.0,14.2,0.4,7.1,0.0,2.2,0.0,18.9,0.0,8.0,0.0,0.4,0.0,3.1,0.0,0.0,0.0,3.1,0.0,2.7,0.0,0.9,0.0,4.0,0.0,5.4,0.0,21.3,0.0,5.3,0.0,2.7,0.0,1.3,0.0,1.3,0.9,0.4,0.0,0.4,0.0,0.0,0.0,0.0,0.0,0.0,0.0,0.0,0.0,0.0,0.0,0.0,0.0,0.0,0.0,0.0,0.0,0.0,0.0,0.0,0.0,0.0,0.0,0.0,0.0,0.0,0.0,0.0,0.0,0.0,0.0,0.0,0.0,0.0,0.0,0.0,0.0,0.0,0.0,0.0,0.0,0.0,0.0,0.0,0.0,0.0,0.0,0.0,0.0,0.0,0.0,0.0,0.0
2026-01-25 15:31:30,5.2,99.9,running,0.0,34.8,100.0,0.0,11.5,0.4,9.3,0.0,3.6,0.0,21.9,0.0,8.5,0.0,0.9,0.0,6.2,0.0,0.0,0.0,4.4,0.0,2.2,0.0,1.3,0.9,2.7,0.9,1.3,0.0,18.2,0.0,5.8,0.0,0.9,0.0,0.9,0.0,1.3,1.3,0.0,0.9,0.0,0.9,0.0,0.0,0.0,0.0,0.0,0.0,0.0,0.0,0.0,0.0,0.0,0.0,0.0,0.0,0.0,0.0,0.0,0.0,0.0,0.0,0.0,0.0,0.0,0.0,0.0,0.0,0.0,0.0,0.0,0.0,0.0,0.0,0.0,0.0,0.0,0.0,0.0,0.0,0.0,0.0,0.0,0.0,0.0,0.0,0.0,0.0,0.0,0.0,0.0,0.0,0.0,0.0
2026-01-25 15:31:33,5.1,99.9,running,0.0,32.4,100.0,0.0,11.6,0.0,8.9,0.0,6.7,0.0,18.1,0.0,8.4,0.0,0.4,0.0,2.7,0.0,0.0,0.0,5.3,0.0,1.3,0.0,3.1,0.0,4.5,1.3,3.1,0.0,15.6,0.0,4.5,0.0,3.6,0.0,2.3,0.0,1.8,0.4,0.0,0.0,0.0,0.9,0.0,0.0,0.0,0.0,0.0,0.0,0.0,0.0,0.0,0.0,0.0,0.0,0.0,0.0,0.0,0.0,0.0,0.0,0.0,0.0,0.0,0.0,0.0,0.0,0.0,0.0,0.0,0.0,0.0,0.0,0.0,0.0,0.0,0.0,0.0,0.0,0.0,0.0,0.0,0.0,0.0,0.0,0.0,0.0,0.0,0.0,0.0,0.0,0.0,0.0,0.0,0.0
2026-01-25 15:31:37,6.0,99.9,running,0.5,32.7,38.8,0.0,8.9,0.0,72.9,0.0,4.4,0.0,20.1,0.0,12.8,0.0,0.0,0.0,1.8,0.0,0.4,0.0,1.8,0.0,0.9,0.0,1.8,0.4,8.0,0.4,2.2,0.0,20.4,0.0,7.1,0.0,4.4,0.0,2.7,0.0,3.1,0.4,0.9,0.4,0.9,2.2,0.9,0.0,1.3,0.0,0.0,0.0,0.0,0.0,0.0,0.0,0.0,0.0,0.0,0.0,0.0,0.0,0.0,0.0,0.0,0.0,0.0,0.0,0.0,0.0,0.0,0.0,0.0,0.0,0.0,0.0,0.0,0.0,0.0,0.0,0.0,0.0,0.0,0.0,0.0,0.0,0.0,0.0,0.0,0.0,0.0,0.0,0.0,0.0,0.0,0.0,0.0,0.0
2026-01-25 15:31:40,5.0,99.9,running,0.0,36.7,18.1,0.0,5.8,0.0,100.0,0.0,1.3,0.4,19.9,0.0,13.2,0.0,0.4,0.0,3.1,0.0,0.0,0.9,2.7,0.0,2.2,0.0,1.3,0.4,7.6,0.0,5.3,0.4,20.4,0.0,8.8,0.0,4.0,0.0,4.0,0.0,4.5,1.8,1.8,0.0,0.9,0.9,0.0,0.0,0.0,0.0,0.0,0.0,0.0,0.0,0.0,0.0,0.0,0.0,0.0,0.0,0.0,0.0,0.0,0.0,0.0,0.0,0.0,0.0,0.0,0.0,0.0,0.0,0.0,0.0,0.0,0.0,0.0,0.0,0.0,0.0,0.0,0.0,0.0,0.0,0.0,0.0,0.0,0.0,0.0,0.0,0.0,0.0,0.0,0.0,0.0,0.0,0.0,0.0
2026-01-25 15:31:44,5.2,99.9,running,0.0,38.4,73.3,0.0,13.2,0.0,37.1,0.0,4.0,0.0,14.2,0.0,11.1,0.0,1.8,0.0,1.3,0.0,0.0,0.0,2.7,0.0,3.5,0.0,0.4,0.9,4.9,0.4,3.6,0.0,18.8,0.0,4.9,0.0,4.9,0.0,3.6,0.0,3.1,0.9,0.4,0.0,0.0,0.0,0.0,0.0,0.4,0.0,0.0,0.0,0.0,0.0,0.0,0.0,0.0,0.0,0.0,0.0,0.0,0.0,0.0,0.0,0.0,0.0,0.0,0.0,0.0,0.0,0.0,0.0,0.0,0.0,0.0,0.0,0.0,0.0,0.0,0.0,0.0,0.0,0.0,0.0,0.0,0.0,0.0,0.0,0.0,0.0,0.0,0.0,0.0,0.0,0.0,0.0,0.0,0.0
2026-01-25 15:31:47,5.0,103.0,running,0.0,34.7,100.0,0.0,13.8,0.0,11.6,0.0,2.2,0.0,18.1,0.0,8.9,0.0,0.4,0.0,2.7,0.0,0.0,0.0,4.5,0.0,1.8,0.0,0.9,1.8,5.8,0.0,3.6,0.0,20.1,0.0,8.0,0.0,4.4,0.0,4.4,0.0,4.0,0.0,0.4,0.0,0.4,0.4,0.0,0.0,0.0,0.0,0.0,0.0,0.0,0.0,0.0,0.0,0.0,0.0,0.0,0.0,0.0,0.0,0.0,0.0,0.0,0.0,0.0,0.0,0.0,0.0,0.0,0.0,0.0,0.0,0.0,0.0,0.0,0.0,0.0,0.0,0.0,0.0,0.0,0.0,0.0,0.0,0.0,0.0,0.0,0.0,0.0,0.0,0.0,0.0,0.0,0.0,0.0,0.0
2026-01-25 15:31:51,5.0,96.8,running,0.0,39.2,100.0,0.0,9.3,0.0,9.3,0.0,3.1,0.0,18.1,0.0,8.4,0.0,0.0,0.0,1.3,0.0,0.0,0.4,4.8,0.0,1.3,0.0,1.3,0.9,2.2,0.4,1.8,0.0,20.0,0.0,6.2,0.0,3.1,0.0,1.8,0.0,1.3,1.3,0.0,0.4,0.4,2.2,0.0,0.0,0.0,0.0,0.0,0.0,0.0,0.0,0.0,0.0,0.0,0.0,0.0,0.0,0.0,0.0,0.0,0.0,0.0,0.0,0.0,0.0,0.0,0.0,0.0,0.0,0.0,0.0,0.0,0.0,0.0,0.0,0.0,0.0,0.0,0.0,0.0,0.0,0.0,0.0,0.0,0.0,0.0,0.0,0.0,0.0,0.0,0.0,0.0,0.0,0.0,0.0
2026-01-25 15:31:54,5.0,99.9,running,0.0,33.3,100.0,0.0,10.7,0.0,5.8,0.0,3.1,0.0,18.3,0.0,8.0,0.0,0.0,0.0,0.4,0.0,0.0,0.0,4.9,0.0,1.3,0.0,1.3,0.4,4.9,0.9,1.3,0.0,21.9,0.0,6.7,0.0,3.6,0.0,1.8,0.4,1.8,0.0,0.0,0.0,0.0,5.3,0.0,0.0,0.0,0.0,0.0,0.0,0.0,0.0,0.0,0.0,0.0,0.0,0.0,0.0,0.0,0.0,0.0,0.0,0.0,0.0,0.0,0.0,0.0,0.0,0.0,0.0,0.0,0.0,0.0,0.0,0.0,0.0,0.0,0.0,0.0,0.0,0.0,0.0,0.0,0.0,0.0,0.0,0.0,0.0,0.0,0.0,0.0,0.0,0.0,0.0,0.0,0.0
2026-01-25 15:31:58,5.3,96.8,running,0.0,35.1,100.0,0.0,10.7,0.0,5.3,0.0,8.4,0.0,16.1,0.0,10.7,0.0,0.9,0.0,1.3,0.0,0.0,0.0,3.1,0.0,0.4,0.0,1.8,0.4,4.9,0.0,3.6,0.0,19.6,0.0,7.6,0.0,3.6,0.0,4.0,0.0,3.6,0.0,0.9,0.0,0.4,3.5,0.0,0.0,0.0,0.0,0.0,0.0,0.0,0.0,0.0,0.0,0.0,0.0,0.0,0.0,0.0,0.0,0.0,0.0,0.0,0.0,0.0,0.0,0.0,0.0,0.0,0.0,0.0,0.0,0.0,0.0,0.0,0.0,0.0,0.0,0.0,0.0,0.0,0.0,0.0,0.0,0.0,0.0,0.0,0.0,0.0,0.0,0.0,0.0,0.0,0.0,0.0,0.0
2026-01-25 15:32:01,5.4,99.9,running,0.0,31.9,100.0,0.0,10.3,0.0,3.1,0.0,8.9,0.0,19.0,0.0,10.6,0.0,2.2,0.0,1.3,0.0,0.0,0.0,3.5,0.0,3.1,0.0,0.9,3.1,4.0,0.0,1.8,0.0,22.8,0.0,5.3,0.0,1.8,0.0,1.8,0.0,1.8,0.0,0.4,0.0,0.4,4.4,0.4,0.0,0.0,0.0,0.0,0.0,0.0,0.0,0.0,0.0,0.0,0.0,0.0,0.0,0.0,0.0,0.0,0.0,0.0,0.0,0.0,0.0,0.0,0.0,0.0,0.0,0.0,0.0,0.0,0.0,0.0,0.0,0.0,0.0,0.0,0.0,0.0,0.0,0.0,0.0,0.0,0.0,0.0,0.0,0.0,0.0,0.0,0.0,0.0,0.0,0.0,0.0
2026-01-25 15:32:05,4.6,99.9,running,0.0,33.9,100.0,0.0,9.3,0.0,2.2,0.0,7.5,0.0,16.7,0.0,8.4,0.0,0.5,0.0,4.0,0.0,0.0,0.0,6.7,0.0,4.5,0.0,1.8,0.0,5.8,0.0,1.8,0.0,18.7,0.0,4.9,0.0,3.1,0.0,2.2,0.0,1.3,0.0,0.9,0.0,0.0,4.0,0.0,0.0,0.0,0.0,0.0,0.0,0.0,0.0,0.0,0.0,0.0,0.0,0.0,0.0,0.0,0.0,0.0,0.0,0.0,0.0,0.0,0.0,0.0,0.0,0.0,0.0,0.0,0.0,0.0,0.0,0.0,0.0,0.0,0.0,0.0,0.0,0.0,0.0,0.0,0.0,0.0,0.0,0.0,0.0,0.0,0.0,0.0,0.0,0.0,0.0,0.0,0.0
2026-01-25 15:32:08,4.7,99.9,running,0.0,28.1,100.0,0.0,12.4,0.0,4.4,0.0,8.9,0.0,17.5,0.0,9.7,0.0,0.0,0.0,0.9,0.0,0.0,0.4,4.5,0.0,3.1,0.0,0.4,0.9,3.1,0.0,1.8,0.0,19.6,0.0,5.3,0.0,3.6,0.0,2.2,0.0,2.2,0.0,0.0,0.0,0.4,1.8,0.4,0.0,0.0,0.0,0.0,0.0,0.0,0.0,0.0,0.0,0.0,0.0,0.0,0.0,0.0,0.0,0.0,0.0,0.0,0.0,0.0,0.0,0.0,0.0,0.0,0.0,0.0,0.0,0.0,0.0,0.0,0.0,0.0,0.0,0.0,0.0,0.0,0.0,0.0,0.0,0.0,0.0,0.0,0.0,0.0,0.0,0.0,0.0,0.0,0.0,0.0,0.0
2026-01-25 15:32:12,5.0,99.9,running,0.5,31.6,100.0,0.0,14.2,0.0,6.7,0.9,6.3,0.0,19.7,0.0,11.1,0.0,0.0,0.0,3.1,0.0,0.0,0.4,3.5,0.0,1.8,0.0,1.3,0.4,4.5,0.0,2.2,0.0,20.4,0.0,5.8,0.0,3.6,0.0,2.2,0.0,2.7,0.0,0.0,0.4,0.0,0.5,0.5,0.0,0.0,0.0,0.0,0.0,0.0,0.0,0.0,0.0,0.0,0.0,0.0,0.0,0.0,0.0,0.0,0.0,0.0,0.0,0.0,0.0,0.0,0.0,0.0,0.0,0.0,0.0,0.0,0.0,0.0,0.0,0.0,0.0,0.0,0.0,0.0,0.0,0.0,0.0,0.0,0.0,0.0,0.0,0.0,0.0,0.0,0.0,0.0,0.0,0.0,0.0
2026-01-25 15:32:15,6.6,99.9,running,0.0,36.7,100.0,0.0,18.8,0.0,8.9,0.0,5.8,0.0,19.1,0.0,10.7,0.0,0.5,0.0,3.6,0.0,0.0,0.0,4.4,0.0,3.6,0.0,4.0,2.2,5.8,0.0,4.0,0.0,19.0,0.0,7.6,0.0,4.4,0.0,3.5,0.0,4.9,0.0,0.0,0.0,0.0,4.6,0.0,12.5,0.0,0.0,0.0,0.0,0.0,0.0,0.0,0.0,0.0,0.0,0.0,0.0,0.0,0.0,0.0,0.0,0.0,0.0,0.0,0.0,0.0,0.0,0.0,0.0,0.0,0.0,0.0,0.0,0.0,0.0,0.0,0.0,0.0,0.0,0.0,0.0,0.0,0.0,0.0,0.0,0.0,0.0,0.0,0.0,0.0,0.0,0.0,0.0,0.0,0.0
2026-01-25 15:32:19,5.5,99.9,running,0.0,38.2,100.0,0.0,16.9,0.0,10.7,0.0,4.0,0.0,17.9,0.0,12.8,0.0,1.8,0.0,4.0,0.0,0.4,0.0,4.0,0.0,4.9,0.0,0.9,0.0,9.4,0.0,5.3,0.0,22.2,0.0,8.9,0.0,5.8,0.0,6.3,0.0,4.9,0.0,1.3,0.0,0.4,2.2,0.4,2.7,0.4,0.0,0.0,0.0,0.0,0.0,0.0,0.0,0.0,0.0,0.0,0.0,0.0,0.0,0.0,0.0,0.0,0.0,0.0,0.0,0.0,0.0,0.0,0.0,0.0,0.0,0.0,0.0,0.0,0.0,0.0,0.0,0.0,0.0,0.0,0.0,0.0,0.0,0.0,0.0,0.0,0.0,0.0,0.0,0.0,0.0,0.0,0.0,0.0,0.0
2026-01-25 15:32:22,4.9,99.9,running,0.0,37.6,100.0,0.0,13.3,0.0,6.2,0.0,4.0,0.0,20.4,0.0,9.8,0.0,0.4,0.0,2.7,0.0,0.0,0.0,4.9,0.0,1.3,0.0,2.7,0.4,5.4,0.4,4.5,0.0,21.3,0.0,7.5,0.0,3.6,0.0,3.6,0.4,3.6,0.9,1.3,0.0,0.0,0.0,0.0,0.0,0.0,0.0,0.0,0.0,0.0,0.0,0.0,0.0,0.0,0.0,0.0,0.0,0.0,0.0,0.0,0.0,0.0,0.0,0.0,0.0,0.0,0.0,0.0,0.0,0.0,0.0,0.0,0.0,0.0,0.0,0.0,0.0,0.0,0.0,0.0,0.0,0.0,0.0,0.0,0.0,0.0,0.0,0.0,0.0,0.0,0.0,0.0,0.0,0.0,0.0
2026-01-25 15:32:26,4.7,99.9,running,0.0,34.8,100.0,0.0,14.2,0.0,11.1,0.0,1.3,0.0,19.2,0.0,8.4,0.0,2.2,0.0,3.6,0.0,0.0,0.0,4.9,0.0,3.6,0.0,0.9,0.4,6.2,0.0,3.1,0.0,20.4,0.0,6.2,0.0,2.2,0.0,2.7,0.0,3.1,0.0,0.0,0.0,0.0,0.0,0.0,0.0,0.0,0.0,0.0,0.0,0.0,0.0,0.0,0.0,0.0,0.0,0.0,0.0,0.0,0.0,0.0,0.0,0.0,0.0,0.0,0.0,0.0,0.0,0.0,0.0,0.0,0.0,0.0,0.0,0.0,0.0,0.0,0.0,0.0,0.0,0.0,0.0,0.0,0.0,0.0,0.0,0.0,0.0,0.0,0.0,0.0,0.0,0.0,0.0,0.0,0.0
2026-01-25 15:32:29,5.4,99.9,running,0.0,34.4,100.0,0.0,11.1,0.0,11.1,0.0,3.1,0.0,19.0,0.0,10.2,0.0,0.0,0.0,2.2,0.0,0.0,0.0,2.7,0.0,1.8,0.0,0.9,1.8,3.6,0.0,3.1,0.0,22.3,0.0,5.8,0.0,3.1,0.0,1.8,0.0,1.8,1.3,0.9,0.0,0.0,0.0,0.0,0.0,0.0,0.0,0.0,0.0,0.0,0.0,0.0,0.0,0.0,0.0,0.0,0.0,0.0,0.0,0.0,0.0,0.0,0.0,0.0,0.0,0.0,0.0,0.0,0.0,0.0,0.0,0.0,0.0,0.0,0.0,0.0,0.0,0.0,0.0,0.0,0.0,0.0,0.0,0.0,0.0,0.0,0.0,0.0,0.0,0.0,0.0,0.0,0.0,0.0,0.0
2026-01-25 15:32:33,4.9,99.9,running,0.0,39.4,100.0,0.0,12.9,0.0,8.8,0.0,6.2,0.0,19.6,0.0,10.7,0.0,2.2,0.0,3.1,0.0,0.0,0.0,4.9,0.0,4.5,0.0,0.9,0.0,5.3,0.9,3.1,0.0,20.9,0.0,7.6,0.0,2.7,0.0,2.2,0.4,3.1,0.0,1.3,0.0,0.0,0.0,0.0,0.0,0.4,0.0,0.0,0.0,0.0,0.0,0.0,0.0,0.0,0.0,0.0,0.0,0.0,0.0,0.0,0.0,0.0,0.0,0.0,0.0,0.0,0.0,0.0,0.0,0.0,0.0,0.0,0.0,0.0,0.0,0.0,0.0,0.0,0.0,0.0,0.0,0.0,0.0,0.0,0.0,0.0,0.0,0.0,0.0,0.0,0.0,0.0,0.0,0.0,0.0
2026-01-25 15:32:36,5.7,96.8,running,0.0,33.6,100.0,0.9,11.0,0.0,9.8,0.0,8.0,0.0,18.7,0.0,10.5,0.0,1.3,0.0,3.6,0.0,0.0,0.0,6.6,0.0,2.2,0.0,1.3,0.4,5.8,0.4,4.9,0.0,25.7,0.0,8.4,0.0,4.4,0.0,3.1,0.4,3.6,1.8,0.4,0.0,0.0,2.7,0.0,0.0,0.0,0.0,0.0,0.0,0.0,0.0,0.0,0.0,0.0,0.0,0.0,0.0,0.0,0.0,0.0,0.0,0.0,0.0,0.0,0.0,0.0,0.0,0.0,0.0,0.0,0.0,0.0,0.0,0.0,0.0,0.0,0.0,0.0,0.0,0.0,0.0,0.0,0.0,0.0,0.0,0.0,0.0,0.0,0.0,0.0,0.0,0.0,0.0,0.0,0.0
2026-01-25 15:32:40,4.6,96.7,running,0.9,35.2,100.0,0.0,12.9,0.0,6.7,0.0,4.9,0.0,16.5,0.0,10.7,0.0,1.3,0.0,0.9,0.0,0.0,0.4,1.3,0.0,4.4,0.0,2.2,0.4,1.3,0.0,0.0,0.0,19.2,0.0,5.3,0.0,1.3,0.0,0.9,0.0,0.9,0.4,0.0,0.0,0.0,2.7,0.0,0.0,0.0,0.0,0.0,0.0,0.0,0.0,0.0,0.0,0.0,0.0,0.0,0.0,0.0,0.0,0.0,0.0,0.0,0.0,0.0,0.0,0.0,0.0,0.0,0.0,0.0,0.0,0.0,0.0,0.0,0.0,0.0,0.0,0.0,0.0,0.0,0.0,0.0,0.0,0.0,0.0,0.0,0.0,0.0,0.0,0.0,0.0,0.0,0.0,0.0,0.0
2026-01-25 15:32:43,6.2,99.9,running,0.0,39.3,100.0,0.0,15.1,0.0,25.2,0.0,2.7,0.0,19.9,0.0,10.7,0.0,0.4,0.0,0.4,0.0,0.4,0.0,4.9,0.0,5.4,0.0,0.9,0.4,4.9,0.0,2.2,0.0,17.9,0.0,4.0,0.0,2.2,0.0,2.2,0.4,2.2,0.4,0.4,0.0,0.0,1.3,0.0,0.0,0.0,0.0,0.0,0.0,0.0,0.0,0.0,0.0,0.0,0.0,0.0,0.0,0.0,0.0,0.0,0.0,0.0,0.0,0.0,0.0,0.0,0.0,0.0,0.0,0.0,0.0,0.0,0.0,0.0,0.0,0.0,0.0,0.0,0.0,0.0,0.0,0.0,0.0,0.0,0.0,0.0,0.0,0.0,0.0,0.0,0.0,0.0,0.0,0.0,0.0
2026-01-25 15:32:47,7.6,96.8,running,0.0,34.6,100.0,0.0,54.9,0.0,11.5,0.0,9.3,0.0,20.0,0.0,11.1,0.0,1.3,0.0,0.9,0.0,0.0,0.0,4.9,0.0,0.4,0.0,0.9,0.9,4.5,0.0,1.8,0.0,17.3,0.0,8.8,0.0,3.1,0.0,2.2,0.0,3.6,1.3,0.4,0.4,0.4,2.2,0.0,49.6,0.9,0.0,0.0,0.0,0.0,0.0,0.0,0.0,0.0,0.0,0.0,0.0,0.0,0.0,0.0,0.0,0.0,0.0,0.0,0.0,0.0,0.0,0.0,0.0,0.0,0.0,0.0,0.0,0.0,0.0,0.0,0.0,0.0,0.0,0.0,0.0,0.0,0.0,0.0,0.0,0.0,0.0,0.0,0.0,0.0,0.0,0.0,0.0,0.0,0.0
2026-01-25 15:32:50,7.3,99.8,running,0.0,35.7,100.0,0.0,22.2,0.0,56.4,0.0,42.7,0.0,16.9,0.0,9.3,0.0,0.4,0.0,1.8,0.0,0.0,0.0,3.1,0.0,3.6,0.0,0.9,0.9,4.0,0.0,1.3,0.0,21.3,0.0,4.4,0.0,1.3,0.0,8.9,0.0,1.3,0.4,0.9,0.9,0.4,3.1,0.0,0.0,0.0,0.0,0.0,0.0,0.0,0.0,0.0,0.0,0.0,0.0,0.0,0.0,0.0,0.0,0.0,0.0,0.0,0.0,0.0,0.0,0.0,0.0,0.0,0.0,0.0,0.0,0.0,0.0,0.0,0.0,0.0,0.0,0.0,0.0,0.0,0.0,0.0,0.0,0.0,0.0,0.0,0.0,0.0,0.0,0.0,0.0,0.0,0.0,0.0,0.0
2026-01-25 15:32:54,7.5,99.9,running,0.0,33.8,100.0,0.0,61.3,0.0,38.7,0.0,21.0,0.0,21.9,0.0,10.2,0.0,0.4,0.0,3.6,0.0,0.4,0.0,4.0,0.0,3.6,0.0,2.2,0.9,4.0,0.4,3.5,0.0,20.9,0.0,8.4,0.0,2.7,0.0,8.0,0.0,4.4,0.4,0.9,0.0,0.0,2.2,0.0,0.0,0.0,0.0,0.0,0.0,0.0,0.0,0.0,0.0,0.0,0.0,0.0,0.0,0.0,0.0,0.0,0.0,0.0,0.0,0.0,0.0,0.0,0.0,0.0,0.0,0.0,0.0,0.0,0.0,0.0,0.0,0.0,0.0,0.0,0.0,0.0,0.0,0.0,0.0,0.0,0.0,0.0,0.0,0.0,0.0,0.0,0.0,0.0,0.0,0.0,0.0
2026-01-25 15:32:57,6.2,99.9,running,0.4,35.0,100.0,0.0,68.3,0.0,40.1,0.0,9.4,0.0,22.8,0.0,10.7,0.0,0.0,0.9,3.1,0.0,0.0,0.4,4.4,0.0,2.2,0.0,1.8,0.9,3.1,0.0,1.3,0.0,17.9,0.0,6.2,0.0,1.8,0.0,1.3,0.0,8.9,0.9,2.2,0.4,0.0,0.4,0.4,0.0,0.0,0.0,0.0,0.0,0.0,0.0,0.0,0.0,0.0,0.0,0.0,0.0,0.0,0.0,0.0,0.0,0.0,0.0,0.0,0.0,0.0,0.0,0.0,0.0,0.0,0.0,0.0,0.0,0.0,0.0,0.0,0.0,0.0,0.0,0.0,0.0,0.0,0.0,0.0,0.0,0.0,0.0,0.0,0.0,0.0,0.0,0.0,0.0,0.0,0.0
2026-01-25 15:33:01,7.0,99.8,running,0.4,35.0,93.0,0.0,25.9,0.0,61.1,0.0,14.2,0.0,21.1,0.0,11.6,0.0,0.9,0.0,7.6,0.0,0.0,0.4,6.2,0.0,3.1,0.0,0.4,0.0,4.9,0.4,4.0,0.0,22.2,0.0,6.2,0.0,2.7,0.0,2.7,0.4,3.6,0.0,1.3,0.0,0.4,0.0,1.8,0.0,0.0,0.0,0.0,0.0,0.0,0.0,0.0,0.0,0.0,0.0,0.0,0.0,0.0,0.0,0.0,0.0,0.0,0.0,0.0,0.0,0.0,0.0,0.0,0.0,0.0,0.0,0.0,0.0,0.0,0.0,0.0,0.0,0.0,0.0,0.0,0.0,0.0,0.0,0.0,0.0,0.0,0.0,0.0,0.0,0.0,0.0,0.0,0.0,0.0,0.0
2026-01-25 15:33:05,5.6,99.9,running,0.0,31.0,38.8,0.0,12.5,0.0,100.0,0.0,4.5,0.0,15.6,0.0,15.1,0.0,2.7,0.0,3.1,0.0,0.4,0.0,8.4,0.0,4.0,0.0,1.3,0.0,4.0,1.3,2.7,0.0,20.4,0.0,6.7,0.0,1.8,0.0,3.1,0.0,2.7,0.0,0.0,0.0,0.0,0.0,0.0,0.0,0.0,0.0,0.0,0.0,0.0,0.0,0.0,0.0,0.0,0.0,0.0,0.0,0.0,0.0,0.0,0.0,0.0,0.0,0.0,0.0,0.0,0.0,0.0,0.0,0.0,0.0,0.0,0.0,0.0,0.0,0.0,0.0,0.0,0.0,0.0,0.0,0.0,0.0,0.0,0.0,0.0,0.0,0.0,0.0,0.0,0.0,0.0,0.0,0.0,0.0
2026-01-25 15:33:08,6.3,99.9,running,0.0,33.5,46.0,0.0,14.7,0.4,74.8,0.0,4.5,0.0,17.0,0.0,13.4,0.0,5.8,0.0,7.1,0.0,2.2,0.0,8.0,0.0,4.0,0.0,1.8,0.0,5.3,0.0,6.7,0.0,21.3,0.0,6.7,0.0,4.0,0.0,3.1,0.0,4.0,0.0,0.4,0.0,0.0,0.9,0.4,0.9,0.0,2.2,0.0,0.0,0.0,0.0,0.0,0.0,0.0,0.0,0.0,0.0,0.0,0.0,0.0,0.0,0.0,0.0,0.0,0.0,0.0,0.0,0.0,0.0,0.0,0.0,0.0,0.0,0.0,0.0,0.0,0.0,0.0,0.0,0.0,0.0,0.0,0.0,0.0,0.0,0.0,0.0,0.0,0.0,0.0,0.0,0.0,0.0,0.0,0.0
2026-01-25 15:33:12,5.6,99.9,running,0.0,35.0,100.0,0.0,16.4,0.0,10.2,0.9,5.8,0.0,18.1,0.0,9.7,0.0,0.9,2.7,5.8,0.0,0.0,0.4,4.4,0.0,6.6,0.0,1.8,1.3,4.9,0.0,3.6,0.0,21.3,0.0,8.0,0.0,4.4,0.0,3.6,0.4,3.1,0.0,0.4,0.4,0.0,0.4,0.0,1.3,0.0,0.0,0.0,0.0,0.0,0.0,0.0,0.0,0.0,0.0,0.0,0.0,0.0,0.0,0.0,0.0,0.0,0.0,0.0,0.0,0.0,0.0,0.0,0.0,0.0,0.0,0.0,0.0,0.0,0.0,0.0,0.0,0.0,0.0,0.0,0.0,0.0,0.0,0.0,0.0,0.0,0.0,0.0,0.0,0.0,0.0,0.0,0.0,0.0,0.0
2026-01-25 15:33:15,6.1,99.9,running,1.8,37.4,100.0,0.0,11.6,0.0,5.4,0.0,4.9,0.0,15.2,0.0,11.2,0.0,1.8,0.0,2.7,0.0,0.4,0.0,8.0,0.0,5.8,0.0,0.9,1.3,3.6,0.9,4.0,0.0,24.4,0.0,6.7,0.0,3.6,0.0,4.4,0.4,4.0,0.4,0.9,0.4,0.4,0.0,0.4,0.0,0.0,0.0,0.0,0.0,0.0,0.0,0.0,0.0,0.0,0.0,0.0,0.0,0.0,0.0,0.0,0.0,0.0,0.0,0.0,0.0,0.0,0.0,0.0,0.0,0.0,0.0,0.0,0.0,0.0,0.0,0.0,0.0,0.0,0.0,0.0,0.0,0.0,0.0,0.0,0.0,0.0,0.0,0.0,0.0,0.0,0.0,0.0,0.0,0.0,0.0
2026-01-25 15:33:19,5.4,99.9,running,0.0,38.2,100.0,0.0,8.0,0.0,9.2,0.4,1.8,0.0,17.0,0.0,12.5,0.0,0.4,0.0,5.8,0.0,0.4,0.0,5.4,0.0,3.6,0.0,2.2,0.4,4.5,1.3,3.6,0.0,22.3,0.0,6.6,0.0,4.4,0.0,4.4,0.0,4.0,2.2,1.8,0.9,0.9,0.0,0.4,0.0,0.9,0.0,0.0,0.0,0.0,0.0,0.0,0.0,0.0,0.0,0.0,0.0,0.0,0.0,0.0,0.0,0.0,0.0,0.0,0.0,0.0,0.0,0.0,0.0,0.0,0.0,0.0,0.0,0.0,0.0,0.0,0.0,0.0,0.0,0.0,0.0,0.0,0.0,0.0,0.0,0.0,0.0,0.0,0.0,0.0,0.0,0.0,0.0,0.0,0.0
2026-01-25 15:33:22,5.5,99.9,running,0.0,40.2,100.0,0.0,10.7,0.0,10.2,0.4,2.7,0.0,17.9,0.0,9.8,0.0,0.9,0.0,0.0,0.0,0.4,0.0,9.7,0.0,5.8,0.0,1.8,0.4,3.6,0.0,4.0,0.0,22.2,0.0,8.8,0.0,5.4,0.0,4.9,0.0,3.6,0.4,1.3,0.0,0.0,0.0,0.0,0.0,0.0,0.0,0.0,0.0,0.0,0.0,0.0,0.0,0.0,0.0,0.0,0.0,0.0,0.0,0.0,0.0,0.0,0.0,0.0,0.0,0.0,0.0,0.0,0.0,0.0,0.0,0.0,0.0,0.0,0.0,0.0,0.0,0.0,0.0,0.0,0.0,0.0,0.0,0.0,0.0,0.0,0.0,0.0,0.0,0.0,0.0,0.0,0.0,0.0,0.0
2026-01-25 15:33:26,5.3,99.9,running,0.0,37.2,100.0,0.0,16.0,0.0,14.3,0.0,0.9,0.0,17.8,0.0,8.5,0.0,0.0,0.0,1.8,0.0,0.0,0.0,8.4,0.0,6.2,0.0,2.2,0.0,3.6,0.4,2.7,0.0,17.4,0.0,4.0,0.0,3.6,0.0,2.7,0.0,2.2,0.9,0.5,0.9,0.0,0.0,0.0,0.0,0.0,0.0,0.0,0.0,0.0,0.0,0.0,0.0,0.0,0.0,0.0,0.0,0.0,0.0,0.0,0.0,0.0,0.0,0.0,0.0,0.0,0.0,0.0,0.0,0.0,0.0,0.0,0.0,0.0,0.0,0.0,0.0,0.0,0.0,0.0,0.0,0.0,0.0,0.0,0.0,0.0,0.0,0.0,0.0,0.0,0.0,0.0,0.0,0.0,0.0
2026-01-25 15:33:29,4.7,99.9,running,0.0,29.6,100.0,0.0,12.9,0.4,5.4,0.0,5.4,0.0,14.2,0.0,8.9,0.0,0.4,0.0,2.7,0.0,0.0,0.0,7.9,0.0,5.4,0.0,0.9,1.3,5.3,0.0,2.7,0.0,24.0,0.0,7.5,0.0,1.8,0.0,2.2,0.0,2.7,0.0,0.4,0.4,0.0,0.0,0.0,0.0,0.0,0.0,0.0,0.0,0.0,0.0,0.0,0.0,0.0,0.0,0.0,0.0,0.0,0.0,0.0,0.0,0.0,0.0,0.0,0.0,0.0,0.0,0.0,0.0,0.0,0.0,0.0,0.0,0.0,0.0,0.0,0.0,0.0,0.0,0.0,0.0,0.0,0.0,0.0,0.0,0.0,0.0,0.0,0.0,0.0,0.0,0.0,0.0,0.0,0.0
2026-01-25 15:33:33,5.1,100.0,running,0.0,39.2,100.0,0.0,10.5,0.0,6.2,0.0,4.9,0.0,19.9,0.0,10.5,0.0,0.9,0.0,1.8,0.0,0.0,0.0,7.2,0.0,5.8,0.0,0.9,1.8,5.3,0.0,2.7,0.0,22.1,0.0,5.8,0.0,4.0,0.0,3.1,0.0,2.7,0.4,0.0,0.0,0.0,0.0,0.4,0.0,0.0,0.0,0.0,0.0,0.0,0.0,0.0,0.0,0.0,0.0,0.0,0.0,0.0,0.0,0.0,0.0,0.0,0.0,0.0,0.0,0.0,0.0,0.0,0.0,0.0,0.0,0.0,0.0,0.0,0.0,0.0,0.0,0.0,0.0,0.0,0.0,0.0,0.0,0.0,0.0,0.0,0.0,0.0,0.0,0.0,0.0,0.0,0.0,0.0,0.0
2026-01-25 15:33:36,4.4,99.9,running,0.0,31.7,100.0,0.0,12.5,0.0,6.7,0.4,7.2,0.0,24.0,0.0,8.4,0.0,1.3,0.0,2.7,0.0,0.0,0.0,5.4,0.0,4.0,0.0,1.8,0.9,4.0,0.0,1.3,0.0,22.2,0.0,4.9,0.0,1.8,0.0,1.3,0.0,1.3,0.0,0.0,0.4,0.4,0.0,0.0,0.0,0.0,0.0,0.0,0.0,0.0,0.0,0.0,0.0,0.0,0.0,0.0,0.0,0.0,0.0,0.0,0.0,0.0,0.0,0.0,0.0,0.0,0.0,0.0,0.0,0.0,0.0,0.0,0.0,0.0,0.0,0.0,0.0,0.0,0.0,0.0,0.0,0.0,0.0,0.0,0.0,0.0,0.0,0.0,0.0,0.0,0.0,0.0,0.0,0.0,0.0
2026-01-25 15:33:40,5.1,99.9,running,0.9,35.4,100.0,0.0,10.2,0.4,6.2,0.0,7.1,0.0,18.5,0.0,8.5,0.0,0.9,0.0,0.9,0.0,0.0,0.0,7.0,0.0,8.5,0.0,3.1,0.0,7.6,0.0,3.1,0.0,20.9,0.0,5.8,0.0,4.5,0.0,2.7,0.0,3.1,0.4,0.0,0.0,0.0,0.0,0.0,0.0,0.0,0.0,0.0,0.0,0.0,0.0,0.0,0.0,0.0,0.0,0.0,0.0,0.0,0.0,0.0,0.0,0.0,0.0,0.0,0.0,0.0,0.0,0.0,0.0,0.0,0.0,0.0,0.0,0.0,0.0,0.0,0.0,0.0,0.0,0.0,0.0,0.0,0.0,0.0,0.0,0.0,0.0,0.0,0.0,0.0,0.0,0.0,0.0,0.0,0.0
2026-01-25 15:33:43,6.6,99.9,running,0.4,33.3,89.3,0.0,14.6,0.9,10.7,0.0,21.0,0.0,15.2,0.0,12.9,0.0,0.9,0.0,2.2,0.0,1.3,0.0,5.4,0.0,6.2,0.0,1.3,0.4,7.1,0.9,8.5,0.0,26.7,0.0,10.2,0.0,7.6,0.0,7.1,0.0,8.5,0.0,0.9,0.4,0.9,0.0,0.0,0.4,1.3,0.0,0.0,0.0,0.0,0.0,0.0,0.0,0.0,0.0,0.0,0.0,0.0,0.0,0.0,0.0,0.0,0.0,0.0,0.0,0.0,0.0,0.0,0.0,0.0,0.0,0.0,0.0,0.0,0.0,0.0,0.0,0.0,0.0,0.0,0.0,0.0,0.0,0.0,0.0,0.0,0.0,0.0,0.0,0.0,0.0,0.0,0.0,0.0,0.0
2026-01-25 15:33:47,5.0,99.9,running,0.4,32.7,29.2,0.0,17.9,0.4,2.2,0.0,100.0,0.0,19.1,0.0,6.7,0.0,1.3,0.0,0.9,0.0,0.9,0.4,8.4,0.0,5.3,0.0,1.3,0.4,5.3,0.0,4.0,0.0,22.2,0.0,6.6,0.0,2.2,0.0,2.7,0.9,2.7,0.9,0.9,0.0,0.4,0.4,0.4,0.4,0.0,0.0,0.0,0.0,0.0,0.0,0.0,0.0,0.0,0.0,0.0,0.0,0.0,0.0,0.0,0.0,0.0,0.0,0.0,0.0,0.0,0.0,0.0,0.0,0.0,0.0,0.0,0.0,0.0,0.0,0.0,0.0,0.0,0.0,0.0,0.0,0.0,0.0,0.0,0.0,0.0,0.0,0.0,0.0,0.0,0.0,0.0,0.0,0.0,0.0
2026-01-25 15:33:50,5.3,99.9,running,0.0,29.5,14.3,0.0,7.1,0.0,0.4,0.0,100.0,0.0,15.6,0.0,8.0,0.0,0.4,0.0,2.2,0.0,0.4,0.0,5.8,0.0,2.7,0.0,2.2,1.3,6.6,0.4,3.6,0.0,23.1,0.0,5.7,0.0,2.7,0.0,3.1,0.0,1.8,0.9,0.0,0.4,0.9,0.0,0.0,0.4,0.4,0.0,0.0,0.0,0.0,0.0,0.0,0.0,0.0,0.0,0.0,0.0,0.0,0.0,0.0,0.0,0.0,0.0,0.0,0.0,0.0,0.0,0.0,0.0,0.0,0.0,0.0,0.0,0.0,0.0,0.0,0.0,0.0,0.0,0.0,0.0,0.0,0.0,0.0,0.0,0.0,0.0,0.0,0.0,0.0,0.0,0.0,0.0,0.0,0.0
2026-01-25 15:33:54,6.0,99.9,running,0.0,36.6,18.1,0.0,7.1,0.0,1.3,0.0,100.0,0.0,17.9,0.0,10.3,0.0,1.3,0.0,4.0,0.0,0.0,0.0,5.3,0.0,3.6,0.0,0.4,0.9,5.4,0.0,4.5,0.0,23.5,0.0,5.4,0.0,3.1,0.0,3.1,0.0,3.6,0.0,1.3,0.0,0.4,0.0,0.0,0.4,0.0,0.0,0.0,0.0,0.0,0.0,0.0,0.0,0.0,0.0,0.0,0.0,0.0,0.0,0.0,0.0,0.0,0.0,0.0,0.0,0.0,0.0,0.0,0.0,0.0,0.0,0.0,0.0,0.0,0.0,0.0,0.0,0.0,0.0,0.0,0.0,0.0,0.0,0.0,0.0,0.0,0.0,0.0,0.0,0.0,0.0,0.0,0.0,0.0,0.0
2026-01-25 15:33:57,5.0,100.0,running,0.4,33.8,23.1,0.0,8.4,0.0,0.0,0.0,91.5,0.0,13.8,0.0,9.3,0.0,0.9,0.0,0.9,0.0,0.0,0.0,4.9,0.0,1.8,0.0,2.2,0.4,4.4,1.3,2.7,0.0,18.7,0.0,5.8,0.0,2.2,0.0,2.2,0.4,1.8,0.4,0.0,0.0,0.0,0.0,0.4,1.8,0.0,0.0,0.0,0.0,0.0,0.0,0.0,0.0,0.0,0.0,0.0,0.0,0.0,0.0,0.0,0.0,0.0,0.0,0.0,0.0,0.0,0.0,0.0,0.0,0.0,0.0,0.0,0.0,0.0,0.0,0.0,0.0,0.0,0.0,0.0,0.0,0.0,0.0,0.0,0.0,0.0,0.0,0.0,0.0,0.0,0.0,0.0,0.0,0.0,0.0
2026-01-25 15:34:01,4.9,99.9,running,0.0,38.2,100.0,0.0,12.1,0.0,1.8,0.0,4.0,0.0,23.0,0.0,7.6,0.0,0.0,0.0,2.2,0.0,0.4,0.0,3.1,0.0,3.5,0.0,1.8,0.4,3.5,0.0,4.5,0.0,19.9,0.0,9.3,0.0,2.7,0.0,2.2,0.0,2.2,0.9,0.0,0.4,0.0,0.0,0.0,0.9,0.0,0.0,0.0,0.0,0.0,0.0,0.0,0.0,0.0,0.0,0.0,0.0,0.0,0.0,0.0,0.0,0.0,0.0,0.0,0.0,0.0,0.0,0.0,0.0,0.0,0.0,0.0,0.0,0.0,0.0,0.0,0.0,0.0,0.0,0.0,0.0,0.0,0.0,0.0,0.0,0.0,0.0,0.0,0.0,0.0,0.0,0.0,0.0,0.0,0.0
2026-01-25 15:34:04,5.4,99.9,running,0.0,36.4,100.0,0.0,10.7,0.0,8.0,0.0,4.4,0.0,21.0,0.0,10.7,0.0,0.9,0.0,0.9,0.0,0.9,0.0,4.9,0.0,0.9,0.0,0.9,0.0,3.6,0.0,4.5,0.0,20.1,0.0,6.6,0.0,3.6,0.0,3.1,0.0,2.7,0.4,0.0,0.0,0.0,0.0,0.0,3.1,0.4,0.0,0.0,0.0,0.0,0.0,0.0,0.0,0.0,0.0,0.0,0.0,0.0,0.0,0.0,0.0,0.0,0.0,0.0,0.0,0.0,0.0,0.0,0.0,0.0,0.0,0.0,0.0,0.0,0.0,0.0,0.0,0.0,0.0,0.0,0.0,0.0,0.0,0.0,0.0,0.0,0.0,0.0,0.0,0.0,0.0,0.0,0.0,0.0,0.0
2026-01-25 15:34:08,4.9,96.8,running,1.3,35.7,100.0,0.0,13.8,0.0,8.4,0.0,1.8,0.0,16.9,0.0,9.8,0.0,2.2,0.0,1.8,0.0,1.3,0.0,6.2,0.0,1.3,0.0,0.0,0.0,4.0,0.0,2.7,0.0,26.5,0.0,8.4,0.0,5.3,0.0,4.0,0.0,3.1,0.9,0.4,0.0,0.4,0.0,0.4,0.4,0.4,0.0,0.0,0.0,0.0,0.0,0.0,0.0,0.0,0.0,0.0,0.0,0.0,0.0,0.0,0.0,0.0,0.0,0.0,0.0,0.0,0.0,0.0,0.0,0.0,0.0,0.0,0.0,0.0,0.0,0.0,0.0,0.0,0.0,0.0,0.0,0.0,0.0,0.0,0.0,0.0,0.0,0.0,0.0,0.0,0.0,0.0,0.0,0.0,0.0
2026-01-25 15:34:11,5.4,99.9,running,0.0,28.9,100.0,0.0,14.7,0.5,6.7,0.0,5.7,0.0,20.1,0.0,12.8,0.0,0.0,0.0,2.2,0.0,0.4,0.0,5.3,0.0,0.9,0.0,1.3,0.0,3.6,0.4,1.3,0.0,20.4,0.0,6.6,0.0,3.5,0.0,1.3,0.0,1.3,1.8,0.4,0.0,0.0,0.0,0.0,1.8,0.0,0.0,0.0,0.0,0.0,0.0,0.0,0.0,0.0,0.0,0.0,0.0,0.0,0.0,0.0,0.0,0.0,0.0,0.0,0.0,0.0,0.0,0.0,0.0,0.0,0.0,0.0,0.0,0.0,0.0,0.0,0.0,0.0,0.0,0.0,0.0,0.0,0.0,0.0,0.0,0.0,0.0,0.0,0.0,0.0,0.0,0.0,0.0,0.0,0.0
2026-01-25 15:34:15,5.0,99.9,running,0.0,31.9,100.0,0.0,13.3,0.0,9.4,0.0,3.6,0.0,16.4,0.0,11.6,0.0,0.9,0.0,1.3,0.0,0.0,0.4,4.5,0.0,2.2,0.0,0.9,0.9,7.5,0.9,2.7,0.0,21.0,0.0,4.9,0.0,3.1,0.0,2.7,0.0,1.8,0.9,0.0,0.4,1.3,0.0,0.0,1.3,0.0,0.0,0.0,0.0,0.0,0.0,0.0,0.0,0.0,0.0,0.0,0.0,0.0,0.0,0.0,0.0,0.0,0.0,0.0,0.0,0.0,0.0,0.0,0.0,0.0,0.0,0.0,0.0,0.0,0.0,0.0,0.0,0.0,0.0,0.0,0.0,0.0,0.0,0.0,0.0,0.0,0.0,0.0,0.0,0.0,0.0,0.0,0.0,0.0,0.0
2026-01-25 15:34:18,4.6,99.9,running,0.0,35.2,100.0,0.0,9.8,0.0,6.7,0.0,3.6,0.0,18.1,0.0,9.8,0.0,1.8,0.0,0.4,0.0,0.0,0.0,3.1,0.0,1.3,0.0,0.5,0.9,4.0,0.0,3.6,0.0,20.0,0.0,5.4,0.0,3.1,0.0,3.1,0.0,3.1,0.4,0.9,0.9,0.0,0.0,0.0,1.3,0.0,0.0,0.0,0.0,0.0,0.0,0.0,0.0,0.0,0.0,0.0,0.0,0.0,0.0,0.0,0.0,0.0,0.0,0.0,0.0,0.0,0.0,0.0,0.0,0.0,0.0,0.0,0.0,0.0,0.0,0.0,0.0,0.0,0.0,0.0,0.0,0.0,0.0,0.0,0.0,0.0,0.0,0.0,0.0,0.0,0.0,0.0,0.0,0.0,0.0
2026-01-25 15:34:22,5.3,99.9,running,0.9,40.7,100.0,0.0,7.6,0.0,7.1,0.0,3.6,0.4,16.9,0.0,12.4,0.0,2.7,0.0,0.4,0.0,0.0,0.0,2.7,0.0,1.8,0.0,0.9,0.9,5.3,0.0,4.9,0.0,26.7,0.0,8.8,0.0,6.2,0.0,5.3,1.3,4.4,0.4,1.8,0.0,0.4,0.0,0.0,0.4,0.0,0.0,0.0,0.0,0.0,0.0,0.0,0.0,0.0,0.0,0.0,0.0,0.0,0.0,0.0,0.0,0.0,0.0,0.0,0.0,0.0,0.0,0.0,0.0,0.0,0.0,0.0,0.0,0.0,0.0,0.0,0.0,0.0,0.0,0.0,0.0,0.0,0.0,0.0,0.0,0.0,0.0,0.0,0.0,0.0,0.0,0.0,0.0,0.0,0.0
2026-01-25 15:34:25,6.4,99.9,running,0.0,33.0,100.0,0.0,11.2,0.0,6.2,0.0,4.4,0.0,23.3,0.0,7.1,0.0,0.9,0.0,1.8,0.0,0.0,0.0,3.6,0.0,3.6,0.0,1.3,0.0,4.4,0.0,3.1,0.0,20.1,0.0,7.5,0.0,3.5,0.0,1.8,0.5,1.8,0.9,0.9,0.0,0.0,0.0,0.0,1.4,0.0,0.0,0.0,0.0,0.0,0.0,0.0,0.0,0.0,0.0,0.0,0.0,0.0,0.0,0.0,0.0,0.0,0.0,0.0,0.0,0.0,0.0,0.0,0.0,0.0,0.0,0.0,0.0,0.0,0.0,0.0,0.0,0.0,0.0,0.0,0.0,0.0,0.0,0.0,0.0,0.0,0.0,0.0,0.0,0.0,0.0,0.0,0.0,0.0,0.0
2026-01-25 15:34:29,4.9,99.9,running,0.0,36.2,100.0,0.0,14.7,0.0,5.4,0.0,6.7,0.0,21.4,0.0,7.1,0.0,0.0,0.0,1.8,0.0,0.0,0.0,4.9,0.0,1.8,0.0,1.8,0.0,4.0,0.0,2.7,0.0,19.6,0.0,6.7,0.0,1.3,0.0,1.3,0.0,1.3,0.0,0.4,0.9,0.4,0.0,0.0,0.0,0.0,0.0,0.0,0.0,0.0,0.0,0.0,0.0,0.0,0.0,0.0,0.0,0.0,0.0,0.0,0.0,0.0,0.0,0.0,0.0,0.0,0.0,0.0,0.0,0.0,0.0,0.0,0.0,0.0,0.0,0.0,0.0,0.0,0.0,0.0,0.0,0.0,0.0,0.0,0.0,0.0,0.0,0.0,0.0,0.0,0.0,0.0,0.0,0.0,0.0
2026-01-25 15:34:32,5.5,99.9,running,0.0,40.0,100.0,0.0,11.9,0.0,7.6,0.0,1.3,0.0,17.6,0.0,13.3,0.0,2.2,0.0,1.3,0.0,0.0,0.0,5.4,0.0,2.2,0.0,0.9,0.0,4.9,0.9,2.7,0.0,22.1,0.0,6.7,0.0,4.0,0.0,2.7,0.0,3.1,0.4,0.4,0.4,0.0,0.0,0.0,0.9,0.0,0.0,0.0,0.0,0.0,0.0,0.0,0.0,0.0,0.0,0.0,0.0,0.0,0.0,0.0,0.0,0.0,0.0,0.0,0.0,0.0,0.0,0.0,0.0,0.0,0.0,0.0,0.0,0.0,0.0,0.0,0.0,0.0,0.0,0.0,0.0,0.0,0.0,0.0,0.0,0.0,0.0,0.0,0.0,0.0,0.0,0.0,0.0,0.0,0.0
2026-01-25 15:34:36,5.0,99.9,running,0.0,34.8,100.0,0.0,11.6,0.0,7.1,0.0,3.1,0.0,19.2,0.0,10.7,0.0,0.9,0.0,1.8,0.0,0.0,0.9,2.2,0.0,3.6,0.0,0.9,0.4,2.2,0.4,2.2,0.0,24.7,0.0,5.8,0.0,2.7,0.0,2.2,0.0,2.2,0.9,0.4,0.0,0.0,0.0,0.0,0.9,0.0,0.0,0.0,0.0,0.0,0.0,0.0,0.0,0.0,0.0,0.0,0.0,0.0,0.0,0.0,0.0,0.0,0.0,0.0,0.0,0.0,0.0,0.0,0.0,0.0,0.0,0.0,0.0,0.0,0.0,0.0,0.0,0.0,0.0,0.0,0.0,0.0,0.0,0.0,0.0,0.0,0.0,0.0,0.0,0.0,0.0,0.0,0.0,0.0,0.0
2026-01-25 15:34:39,5.5,99.9,running,0.0,37.5,100.0,0.0,7.6,0.0,8.4,0.0,1.3,0.4,20.1,0.0,9.8,0.0,0.4,0.0,2.7,0.0,0.0,0.0,5.3,0.0,2.7,0.0,0.4,0.4,4.0,0.0,4.5,0.0,22.3,0.0,4.9,0.0,3.6,0.0,2.7,0.0,2.7,0.0,1.3,0.0,0.4,0.0,0.0,2.2,0.4,0.0,0.0,0.0,0.0,0.0,0.0,0.0,0.0,0.0,0.0,0.0,0.0,0.0,0.0,0.0,0.0,0.0,0.0,0.0,0.0,0.0,0.0,0.0,0.0,0.0,0.0,0.0,0.0,0.0,0.0,0.0,0.0,0.0,0.0,0.0,0.0,0.0,0.0,0.0,0.0,0.0,0.0,0.0,0.0,0.0,0.0,0.0,0.0,0.0
2026-01-25 15:34:43,4.8,99.8,running,0.0,35.8,100.0,0.0,10.7,0.0,7.6,0.0,2.7,0.0,18.4,0.0,8.9,0.0,0.9,0.0,0.9,0.0,0.0,0.0,3.1,0.0,1.8,0.0,2.2,1.3,3.6,0.0,2.7,0.0,21.4,0.0,4.9,0.0,3.6,0.0,2.7,0.0,3.1,0.0,0.0,0.0,0.0,0.0,0.0,2.2,1.3,0.0,0.0,0.0,0.0,0.0,0.0,0.0,0.0,0.0,0.0,0.0,0.0,0.0,0.0,0.0,0.0,0.0,0.0,0.0,0.0,0.0,0.0,0.0,0.0,0.0,0.0,0.0,0.0,0.0,0.0,0.0,0.0,0.0,0.0,0.0,0.0,0.0,0.0,0.0,0.0,0.0,0.0,0.0,0.0,0.0,0.0,0.0,0.0,0.0
2026-01-25 15:34:46,5.1,99.9,running,0.0,36.9,100.0,0.0,11.6,0.0,8.9,0.0,0.9,0.0,21.7,0.0,9.7,0.0,1.3,0.0,1.8,0.0,0.0,0.4,4.9,0.0,4.9,0.0,0.9,1.3,5.8,0.0,4.5,0.0,19.2,0.0,5.3,0.0,4.0,0.0,3.6,0.4,3.5,0.0,0.0,0.0,0.0,0.0,0.0,1.3,0.0,0.0,0.0,0.0,0.0,0.0,0.0,0.0,0.0,0.0,0.0,0.0,0.0,0.0,0.0,0.0,0.0,0.0,0.0,0.0,0.0,0.0,0.0,0.0,0.0,0.0,0.0,0.0,0.0,0.0,0.0,0.0,0.0,0.0,0.0,0.0,0.0,0.0,0.0,0.0,0.0,0.0,0.0,0.0,0.0,0.0,0.0,0.0,0.0,0.0
2026-01-25 15:34:50,5.0,99.9,running,0.4,39.9,100.0,0.0,12.5,0.0,6.2,0.0,4.0,0.0,17.3,0.0,12.5,0.0,0.4,0.0,1.3,0.0,0.0,0.0,4.9,0.0,4.0,0.0,0.0,0.9,4.9,0.4,2.2,0.0,20.9,0.0,4.4,0.0,3.1,0.0,2.2,0.0,3.6,0.4,0.0,0.9,0.0,0.0,0.0,1.3,0.0,0.0,0.0,0.0,0.0,0.0,0.0,0.0,0.0,0.0,0.0,0.0,0.0,0.0,0.0,0.0,0.0,0.0,0.0,0.0,0.0,0.0,0.0,0.0,0.0,0.0,0.0,0.0,0.0,0.0,0.0,0.0,0.0,0.0,0.0,0.0,0.0,0.0,0.0,0.0,0.0,0.0,0.0,0.0,0.0,0.0,0.0,0.0,0.0,0.0
2026-01-25 15:34:53,5.3,103.0,running,0.4,34.2,100.0,0.0,11.1,0.0,7.6,0.0,1.8,0.0,20.1,0.0,11.6,0.0,0.4,0.0,1.8,0.0,0.0,0.0,5.3,0.0,2.2,0.0,0.9,0.4,5.3,0.4,6.2,0.0,19.2,0.0,7.1,0.0,3.6,0.0,2.7,0.4,2.7,1.8,0.4,0.4,0.0,0.0,0.0,2.2,0.0,0.0,0.0,0.0,0.0,0.0,0.0,0.0,0.0,0.0,0.0,0.0,0.0,0.0,0.0,0.0,0.0,0.0,0.0,0.0,0.0,0.0,0.0,0.0,0.0,0.0,0.0,0.0,0.0,0.0,0.0,0.0,0.0,0.0,0.0,0.0,0.0,0.0,0.0,0.0,0.0,0.0,0.0,0.0,0.0,0.0,0.0,0.0,0.0,0.0
2026-01-25 15:34:57,4.8,99.9,running,0.0,34.2,100.0,0.0,12.0,0.0,6.3,0.0,5.8,0.4,20.0,0.0,8.8,0.0,0.4,0.0,2.2,0.0,0.0,0.0,3.1,0.0,3.5,0.0,1.8,0.9,2.7,0.0,1.3,0.0,21.0,0.0,4.4,0.0,3.1,0.0,0.9,0.0,1.8,0.4,0.4,0.0,0.0,0.0,0.0,0.4,0.0,0.0,0.0,0.0,0.0,0.0,0.0,0.0,0.0,0.0,0.0,0.0,0.0,0.0,0.0,0.0,0.0,0.0,0.0,0.0,0.0,0.0,0.0,0.0,0.0,0.0,0.0,0.0,0.0,0.0,0.0,0.0,0.0,0.0,0.0,0.0,0.0,0.0,0.0,0.0,0.0,0.0,0.0,0.0,0.0,0.0,0.0,0.0,0.0,0.0
2026-01-25 15:35:00,6.1,99.9,running,0.5,34.5,100.0,0.0,10.7,0.0,10.1,0.0,3.6,0.0,19.6,0.0,8.5,0.0,0.9,0.0,2.7,0.0,0.4,0.4,6.7,0.0,1.3,0.9,4.4,1.3,7.1,0.4,4.9,0.0,21.3,0.0,6.7,0.0,4.9,0.0,4.0,0.4,3.6,0.0,1.3,0.4,0.9,0.0,0.4,0.9,0.0,0.0,0.0,0.0,0.0,0.0,0.0,0.0,0.0,0.0,0.0,0.0,0.0,0.0,0.0,0.0,0.0,0.0,0.0,0.0,0.0,0.0,0.0,0.0,0.0,0.0,0.0,0.0,0.0,0.0,0.0,0.0,0.0,0.0,0.0,0.0,0.0,0.0,0.0,0.0,0.0,0.0,0.0,0.0,0.0,0.0,0.0,0.0,0.0,0.0
2026-01-25 15:35:04,4.8,99.9,running,0.0,33.0,100.0,0.0,10.6,0.0,12.1,0.0,5.3,0.4,20.4,0.0,5.8,0.0,0.9,0.0,0.9,0.0,0.0,0.4,4.5,0.0,2.2,0.0,0.4,0.9,3.1,0.0,0.4,0.0,17.8,0.0,3.6,0.0,2.2,0.0,0.4,0.0,1.3,0.0,0.0,0.0,0.4,0.0,0.0,0.9,0.0,0.0,0.0,0.0,0.0,0.0,0.0,0.0,0.0,0.0,0.0,0.0,0.0,0.0,0.0,0.0,0.0,0.0,0.0,0.0,0.0,0.0,0.0,0.0,0.0,0.0,0.0,0.0,0.0,0.0,0.0,0.0,0.0,0.0,0.0,0.0,0.0,0.0,0.0,0.0,0.0,0.0,0.0,0.0,0.0,0.0,0.0,0.0,0.0,0.0
2026-01-25 15:35:07,5.1,100.0,running,0.0,36.4,100.0,0.0,10.2,0.0,8.0,0.0,4.4,0.5,20.1,0.0,8.9,0.0,0.0,0.0,1.8,0.0,0.0,0.0,4.4,0.0,3.1,0.0,1.8,0.0,6.2,0.0,3.1,0.0,21.4,0.0,4.5,0.0,1.8,0.0,2.7,0.4,2.2,0.0,0.4,0.4,0.0,0.0,0.0,2.7,0.0,0.0,0.0,0.0,0.0,0.0,0.0,0.0,0.0,0.0,0.0,0.0,0.0,0.0,0.0,0.0,0.0,0.0,0.0,0.0,0.0,0.0,0.0,0.0,0.0,0.0,0.0,0.0,0.0,0.0,0.0,0.0,0.0,0.0,0.0,0.0,0.0,0.0,0.0,0.0,0.0,0.0,0.0,0.0,0.0,0.0,0.0,0.0,0.0,0.0
2026-01-25 15:35:11,5.8,100.0,running,0.0,31.7,100.0,0.0,10.7,0.0,12.1,0.0,3.6,0.0,20.5,0.0,9.8,0.0,0.9,0.0,1.8,0.0,0.0,0.0,3.6,0.0,2.7,0.0,1.3,0.9,5.3,0.0,4.0,0.0,22.1,0.0,6.2,0.0,3.6,0.0,3.5,0.0,4.0,0.0,0.9,0.4,0.0,0.0,0.0,1.8,0.0,0.0,0.0,0.0,0.0,0.0,0.0,0.0,0.0,0.0,0.0,0.0,0.0,0.0,0.0,0.0,0.0,0.0,0.0,0.0,0.0,0.0,0.0,0.0,0.0,0.0,0.0,0.0,0.0,0.0,0.0,0.0,0.0,0.0,0.0,0.0,0.0,0.0,0.0,0.0,0.0,0.0,0.0,0.0,0.0,0.0,0.0,0.0,0.0,0.0
2026-01-25 15:35:14,5.4,99.9,running,0.0,36.7,100.0,0.0,12.9,0.0,6.6,0.0,2.7,0.0,20.4,0.0,11.1,0.0,0.9,0.0,0.0,0.0,0.4,0.0,4.0,0.0,2.7,0.0,1.3,0.9,4.9,0.0,3.6,0.0,20.0,0.0,5.8,0.0,2.7,0.0,2.7,0.0,3.6,0.4,1.3,0.0,0.4,2.7,0.0,0.9,0.0,0.0,0.0,0.0,0.0,0.0,0.0,0.0,0.0,0.0,0.0,0.0,0.0,0.0,0.0,0.0,0.0,0.0,0.0,0.0,0.0,0.0,0.0,0.0,0.0,0.0,0.0,0.0,0.0,0.0,0.0,0.0,0.0,0.0,0.0,0.0,0.0,0.0,0.0,0.0,0.0,0.0,0.0,0.0,0.0,0.0,0.0,0.0,0.0,0.0
2026-01-25 15:35:18,5.7,99.9,running,0.0,36.2,100.0,0.0,9.7,0.0,8.8,0.0,3.6,0.0,17.8,0.0,12.8,0.0,1.8,0.0,0.9,0.0,0.0,0.0,4.4,0.0,2.2,0.0,2.7,2.2,4.9,0.0,2.2,0.0,23.2,0.0,4.9,0.0,3.1,0.0,3.1,0.0,3.1,1.8,0.4,0.0,0.4,0.9,0.0,1.8,0.0,0.0,0.0,0.0,0.0,0.0,0.0,0.0,0.0,0.0,0.0,0.0,0.0,0.0,0.0,0.0,0.0,0.0,0.0,0.0,0.0,0.0,0.0,0.0,0.0,0.0,0.0,0.0,0.0,0.0,0.0,0.0,0.0,0.0,0.0,0.0,0.0,0.0,0.0,0.0,0.0,0.0,0.0,0.0,0.0,0.0,0.0,0.0,0.0,0.0
2026-01-25 15:35:21,5.4,99.9,running,0.0,35.8,100.0,0.0,11.1,0.0,11.2,0.0,0.0,0.0,14.2,0.0,13.3,0.0,0.5,0.0,0.0,0.0,0.9,0.0,4.0,0.0,2.2,0.0,1.3,0.4,7.1,0.0,4.4,0.0,21.8,0.0,8.3,0.0,4.5,0.0,4.5,0.0,4.0,0.0,0.9,0.0,0.9,1.3,0.0,1.3,0.0,0.0,0.0,0.0,0.0,0.0,0.0,0.0,0.0,0.0,0.0,0.0,0.0,0.0,0.0,0.0,0.0,0.0,0.0,0.0,0.0,0.0,0.0,0.0,0.0,0.0,0.0,0.0,0.0,0.0,0.0,0.0,0.0,0.0,0.0,0.0,0.0,0.0,0.0,0.0,0.0,0.0,0.0,0.0,0.0,0.0,0.0,0.0,0.0,0.0
2026-01-25 15:35:25,4.7,99.9,running,0.0,34.4,100.0,0.0,12.1,0.0,7.1,0.4,2.7,0.0,20.4,0.0,8.0,0.0,0.0,0.0,1.8,0.0,0.0,0.4,2.7,0.0,1.3,0.0,0.5,0.9,5.4,0.4,2.7,0.0,21.4,0.0,4.0,0.0,3.1,0.0,2.7,0.0,1.8,0.0,0.0,0.4,0.0,1.8,0.0,2.7,0.0,0.0,0.0,0.0,0.0,0.0,0.0,0.0,0.0,0.0,0.0,0.0,0.0,0.0,0.0,0.0,0.0,0.0,0.0,0.0,0.0,0.0,0.0,0.0,0.0,0.0,0.0,0.0,0.0,0.0,0.0,0.0,0.0,0.0,0.0,0.0,0.0,0.0,0.0,0.0,0.0,0.0,0.0,0.0,0.0,0.0,0.0,0.0,0.0,0.0
2026-01-25 15:35:28,5.2,99.9,running,0.0,37.1,100.0,0.0,13.3,0.0,8.4,0.0,3.5,0.0,19.1,0.0,7.1,0.0,0.0,0.0,0.4,0.0,0.0,0.0,5.7,0.0,3.1,0.0,0.9,0.4,5.8,0.0,4.4,0.0,20.1,0.0,6.2,0.0,4.0,0.0,4.9,0.0,4.0,0.0,0.4,0.4,0.0,0.0,0.9,2.7,0.0,0.0,0.0,0.0,0.0,0.0,0.0,0.0,0.0,0.0,0.0,0.0,0.0,0.0,0.0,0.0,0.0,0.0,0.0,0.0,0.0,0.0,0.0,0.0,0.0,0.0,0.0,0.0,0.0,0.0,0.0,0.0,0.0,0.0,0.0,0.0,0.0,0.0,0.0,0.0,0.0,0.0,0.0,0.0,0.0,0.0,0.0,0.0,0.0,0.0
2026-01-25 15:35:32,5.4,99.9,running,0.0,36.0,100.0,0.0,13.4,0.0,6.2,0.9,5.0,0.0,15.6,0.0,12.3,0.0,1.8,0.0,2.7,0.0,0.0,0.0,5.8,0.0,2.7,0.0,1.3,0.4,4.5,0.0,1.3,0.0,20.4,0.0,2.7,0.0,2.2,0.0,2.2,0.0,2.2,0.0,0.4,0.0,0.4,1.8,0.5,1.3,0.4,0.0,0.0,0.0,0.0,0.0,0.0,0.0,0.0,0.0,0.0,0.0,0.0,0.0,0.0,0.0,0.0,0.0,0.0,0.0,0.0,0.0,0.0,0.0,0.0,0.0,0.0,0.0,0.0,0.0,0.0,0.0,0.0,0.0,0.0,0.0,0.0,0.0,0.0,0.0,0.0,0.0,0.0,0.0,0.0,0.0,0.0,0.0,0.0,0.0
2026-01-25 15:35:35,5.0,99.9,running,0.0,35.7,100.0,0.0,13.8,0.0,10.6,0.0,2.2,0.0,16.1,0.0,12.5,0.0,0.0,0.0,3.1,1.7,0.0,0.0,5.3,0.0,2.2,0.0,2.7,1.8,4.4,0.0,2.2,0.0,16.5,0.0,3.6,0.0,1.8,0.0,1.8,0.0,1.8,0.0,0.0,0.9,0.4,0.0,0.0,0.9,0.4,0.0,0.0,0.0,0.0,0.0,0.0,0.0,0.0,0.0,0.0,0.0,0.0,0.0,0.0,0.0,0.0,0.0,0.0,0.0,0.0,0.0,0.0,0.0,0.0,0.0,0.0,0.0,0.0,0.0,0.0,0.0,0.0,0.0,0.0,0.0,0.0,0.0,0.0,0.0,0.0,0.0,0.0,0.0,0.0,0.0,0.0,0.0,0.0,0.0
2026-01-25 15:35:39,5.1,96.8,running,0.0,38.2,100.0,0.0,9.3,0.0,6.2,0.0,3.6,0.0,15.6,0.0,11.1,0.0,0.9,0.0,3.1,0.0,0.0,0.0,7.0,0.0,1.3,0.0,0.0,1.3,6.6,0.0,3.6,0.0,26.1,0.0,4.9,0.0,3.6,0.0,2.2,0.0,3.1,0.0,0.0,0.9,0.4,2.7,0.0,1.8,0.0,0.0,0.0,0.0,0.0,0.0,0.0,0.0,0.0,0.0,0.0,0.0,0.0,0.0,0.0,0.0,0.0,0.0,0.0,0.0,0.0,0.0,0.0,0.0,0.0,0.0,0.0,0.0,0.0,0.0,0.0,0.0,0.0,0.0,0.0,0.0,0.0,0.0,0.0,0.0,0.0,0.0,0.0,0.0,0.0,0.0,0.0,0.0,0.0,0.0
2026-01-25 15:35:42,5.4,99.8,running,0.4,37.1,100.0,0.0,11.1,0.0,6.7,0.9,4.5,0.0,19.9,0.0,8.5,0.0,0.4,0.0,2.2,0.0,0.0,0.0,3.6,0.0,2.2,0.0,0.9,0.9,6.2,0.4,4.0,0.0,23.1,0.0,5.8,0.0,2.7,0.0,3.1,0.0,3.1,0.0,0.0,0.0,0.0,2.7,0.0,0.4,0.4,0.0,0.0,0.0,0.0,0.0,0.0,0.0,0.0,0.0,0.0,0.0,0.0,0.0,0.0,0.0,0.0,0.0,0.0,0.0,0.0,0.0,0.0,0.0,0.0,0.0,0.0,0.0,0.0,0.0,0.0,0.0,0.0,0.0,0.0,0.0,0.0,0.0,0.0,0.0,0.0,0.0,0.0,0.0,0.0,0.0,0.0,0.0,0.0,0.0
2026-01-25 15:35:46,5.2,99.9,running,0.0,38.5,100.0,0.0,11.7,0.0,7.6,0.0,4.9,0.0,19.1,0.0,8.4,0.0,0.0,0.0,2.7,0.0,0.0,0.4,6.7,0.0,1.8,0.0,0.4,0.0,6.2,0.0,2.7,0.0,17.0,0.0,3.5,0.0,2.7,0.0,1.8,0.0,1.8,0.0,0.4,0.0,0.0,2.7,0.0,1.3,0.0,0.0,0.0,0.0,0.0,0.0,0.0,0.0,0.0,0.0,0.0,0.0,0.0,0.0,0.0,0.0,0.0,0.0,0.0,0.0,0.0,0.0,0.0,0.0,0.0,0.0,0.0,0.0,0.0,0.0,0.0,0.0,0.0,0.0,0.0,0.0,0.0,0.0,0.0,0.0,0.0,0.0,0.0,0.0,0.0,0.0,0.0,0.0,0.0,0.0
2026-01-25 15:35:49,5.6,103.0,running,0.0,33.3,100.0,0.0,12.4,0.0,4.9,0.0,7.6,0.0,16.5,0.0,10.7,0.0,0.4,0.0,4.9,0.0,0.4,0.0,4.0,0.0,0.9,0.0,2.2,0.4,3.1,0.0,4.0,0.0,20.0,0.0,4.9,0.0,4.4,0.0,1.8,0.9,2.7,0.0,0.9,0.4,0.9,3.6,0.0,0.9,0.0,0.0,0.0,0.0,0.0,0.0,0.0,0.0,0.0,0.0,0.0,0.0,0.0,0.0,0.0,0.0,0.0,0.0,0.0,0.0,0.0,0.0,0.0,0.0,0.0,0.0,0.0,0.0,0.0,0.0,0.0,0.0,0.0,0.0,0.0,0.0,0.0,0.0,0.0,0.0,0.0,0.0,0.0,0.0,0.0,0.0,0.0,0.0,0.0,0.0
2026-01-25 15:35:53,5.5,99.9,running,0.0,36.8,100.0,0.0,11.5,0.0,6.2,0.0,4.0,0.0,17.8,0.0,9.3,0.0,1.3,0.0,7.1,0.0,0.0,0.9,5.8,0.0,2.2,0.0,2.2,1.3,5.8,0.0,4.5,0.0,24.0,0.0,6.2,0.0,3.6,0.0,2.2,0.4,4.5,0.4,0.0,1.3,0.9,1.3,0.0,0.9,0.0,0.0,0.0,0.0,0.0,0.0,0.0,0.0,0.0,0.0,0.0,0.0,0.0,0.0,0.0,0.0,0.0,0.0,0.0,0.0,0.0,0.0,0.0,0.0,0.0,0.0,0.0,0.0,0.0,0.0,0.0,0.0,0.0,0.0,0.0,0.0,0.0,0.0,0.0,0.0,0.0,0.0,0.0,0.0,0.0,0.0,0.0,0.0,0.0,0.0
2026-01-25 15:35:56,5.1,99.9,running,0.0,31.2,100.0,0.0,11.2,0.0,8.4,0.0,1.3,0.0,15.6,0.0,8.0,0.0,2.2,0.0,5.8,0.0,0.0,0.4,7.5,0.0,3.6,0.0,0.4,1.3,5.3,0.4,2.7,0.0,18.8,0.0,2.2,0.0,4.4,0.0,2.7,0.0,3.1,0.4,0.4,0.0,0.4,0.0,0.0,2.2,0.0,0.0,0.0,0.0,0.0,0.0,0.0,0.0,0.0,0.0,0.0,0.0,0.0,0.0,0.0,0.0,0.0,0.0,0.0,0.0,0.0,0.0,0.0,0.0,0.0,0.0,0.0,0.0,0.0,0.0,0.0,0.0,0.0,0.0,0.0,0.0,0.0,0.0,0.0,0.0,0.0,0.0,0.0,0.0,0.0,0.0,0.0,0.0,0.0,0.0
2026-01-25 15:36:00,5.1,99.9,running,0.4,35.1,100.0,0.0,11.2,0.0,7.1,0.0,5.8,0.0,18.8,0.0,9.8,0.0,0.9,0.0,5.3,0.0,0.0,0.0,4.5,0.0,2.7,0.0,0.9,0.9,4.0,0.0,1.3,0.0,20.5,0.0,4.9,0.0,3.1,0.0,1.3,0.0,2.2,0.0,0.0,0.0,0.0,0.0,0.0,1.3,0.0,0.0,0.0,0.0,0.0,0.0,0.0,0.0,0.0,0.0,0.0,0.0,0.0,0.0,0.0,0.0,0.0,0.0,0.0,0.0,0.0,0.0,0.0,0.0,0.0,0.0,0.0,0.0,0.0,0.0,0.0,0.0,0.0,0.0,0.0,0.0,0.0,0.0,0.0,0.0,0.0,0.0,0.0,0.0,0.0,0.0,0.0,0.0,0.0,0.0
2026-01-25 15:36:03,5.0,99.9,running,0.0,34.4,100.0,0.0,10.2,0.0,9.4,0.0,4.0,0.0,16.9,0.0,8.4,0.0,2.2,0.0,7.1,0.0,0.0,0.0,4.0,0.0,6.7,0.0,0.9,0.0,3.1,0.0,1.8,0.0,18.7,0.0,4.9,0.0,1.8,0.0,2.2,0.0,3.6,0.0,0.0,0.0,0.0,1.3,0.4,0.4,0.0,0.0,0.0,0.0,0.0,0.0,0.0,0.0,0.0,0.0,0.0,0.0,0.0,0.0,0.0,0.0,0.0,0.0,0.0,0.0,0.0,0.0,0.0,0.0,0.0,0.0,0.0,0.0,0.0,0.0,0.0,0.0,0.0,0.0,0.0,0.0,0.0,0.0,0.0,0.0,0.0,0.0,0.0,0.0,0.0,0.0,0.0,0.0,0.0,0.0
2026-01-25 15:36:07,4.9,99.9,running,0.4,33.6,100.0,0.0,9.7,0.0,9.3,0.0,2.2,0.0,17.0,0.0,9.3,0.0,2.2,0.0,8.0,0.0,0.0,0.0,4.5,0.0,4.4,0.0,1.3,0.9,5.8,0.0,2.7,0.0,21.4,0.0,7.9,0.0,3.1,0.0,2.7,0.0,2.2,0.9,0.4,0.4,0.4,0.9,0.0,1.8,0.0,0.0,0.0,0.0,0.0,0.0,0.0,0.0,0.0,0.0,0.0,0.0,0.0,0.0,0.0,0.0,0.0,0.0,0.0,0.0,0.0,0.0,0.0,0.0,0.0,0.0,0.0,0.0,0.0,0.0,0.0,0.0,0.0,0.0,0.0,0.0,0.0,0.0,0.0,0.0,0.0,0.0,0.0,0.0,0.0,0.0,0.0,0.0,0.0,0.0
2026-01-25 15:36:10,8.4,99.9,running,0.9,34.1,100.0,0.9,14.7,0.8,9.8,0.8,3.6,0.9,18.7,0.9,10.2,0.8,1.3,0.9,4.4,0.9,1.3,1.3,6.1,0.9,4.0,0.9,1.8,1.3,6.6,1.3,5.7,0.9,15.9,0.9,7.4,0.9,5.7,0.9,4.8,0.9,5.3,0.9,1.8,0.9,2.2,3.6,0.9,2.2,0.9,0.9,0.0,0.0,0.0,0.0,0.0,0.0,0.0,0.0,0.0,0.0,0.0,0.0,0.0,0.0,0.0,0.0,0.0,0.0,0.0,0.0,0.0,0.0,0.0,0.0,0.0,0.0,0.0,0.0,0.0,0.0,0.0,0.0,0.0,0.0,0.0,0.0,0.0,0.0,0.0,0.0,0.0,0.0,0.0,0.0,0.0,0.0,0.0,0.0
2026-01-25 15:36:14,5.6,99.9,running,0.4,40.7,100.0,0.0,13.2,0.0,8.9,0.0,4.4,0.0,17.0,0.5,9.8,0.0,0.0,0.0,4.9,0.0,0.0,0.0,6.2,0.0,4.5,0.0,0.4,1.3,5.8,0.4,2.7,0.0,21.0,0.0,4.4,0.0,2.2,0.0,2.7,0.4,3.1,0.9,0.0,0.4,0.0,2.7,0.4,1.3,0.4,0.0,0.0,0.0,0.0,0.0,0.0,0.0,0.0,0.0,0.0,0.0,0.0,0.0,0.0,0.0,0.0,0.0,0.0,0.0,0.0,0.0,0.0,0.0,0.0,0.0,0.0,0.0,0.0,0.0,0.0,0.0,0.0,0.0,0.0,0.0,0.0,0.0,0.0,0.0,0.0,0.0,0.0,0.0,0.0,0.0,0.0,0.0,0.0,0.0
2026-01-25 15:36:17,5.7,99.9,running,0.0,39.9,100.0,0.0,8.9,0.0,11.0,0.0,0.9,0.0,20.5,0.0,7.1,0.0,0.4,0.0,1.3,0.0,0.0,0.9,6.6,0.0,10.0,0.0,0.9,0.0,3.1,0.0,2.2,0.0,16.9,0.0,3.1,0.0,3.1,0.0,1.8,0.0,1.3,0.9,0.0,0.0,0.0,2.7,0.0,1.3,0.0,0.0,0.0,0.0,0.0,0.0,0.0,0.0,0.0,0.0,0.0,0.0,0.0,0.0,0.0,0.0,0.0,0.0,0.0,0.0,0.0,0.0,0.0,0.0,0.0,0.0,0.0,0.0,0.0,0.0,0.0,0.0,0.0,0.0,0.0,0.0,0.0,0.0,0.0,0.0,0.0,0.0,0.0,0.0,0.0,0.0,0.0,0.0,0.0,0.0
2026-01-25 15:36:21,5.3,99.9,running,0.0,35.6,100.0,0.0,11.1,0.0,10.7,0.0,5.4,0.0,20.8,0.0,11.1,0.0,1.8,0.0,0.9,0.0,0.0,0.4,4.0,0.0,4.9,0.0,0.9,0.4,3.1,1.3,2.7,0.0,18.8,0.9,4.5,0.0,4.4,0.0,3.6,0.0,3.1,0.0,0.9,0.0,0.4,0.4,0.0,1.8,0.4,0.0,0.0,0.0,0.0,0.0,0.0,0.0,0.0,0.0,0.0,0.0,0.0,0.0,0.0,0.0,0.0,0.0,0.0,0.0,0.0,0.0,0.0,0.0,0.0,0.0,0.0,0.0,0.0,0.0,0.0,0.0,0.0,0.0,0.0,0.0,0.0,0.0,0.0,0.0,0.0,0.0,0.0,0.0,0.0,0.0,0.0,0.0,0.0,0.0
2026-01-25 15:36:24,4.7,99.8,running,0.0,33.8,100.0,0.0,10.2,0.0,9.8,0.0,4.0,0.0,19.5,0.0,8.5,0.0,0.0,0.0,1.8,0.0,0.0,0.0,4.9,0.0,4.9,0.0,3.1,2.2,3.6,0.9,1.8,0.4,18.7,0.0,4.9,0.0,2.2,0.0,2.2,1.3,2.2,0.0,0.4,0.0,0.0,0.0,0.0,0.9,0.0,0.0,0.0,0.0,0.0,0.0,0.0,0.0,0.0,0.0,0.0,0.0,0.0,0.0,0.0,0.0,0.0,0.0,0.0,0.0,0.0,0.0,0.0,0.0,0.0,0.0,0.0,0.0,0.0,0.0,0.0,0.0,0.0,0.0,0.0,0.0,0.0,0.0,0.0,0.0,0.0,0.0,0.0,0.0,0.0,0.0,0.0,0.0,0.0,0.0
2026-01-25 15:36:28,5.3,99.9,running,0.0,32.9,100.0,0.0,13.3,0.0,9.8,0.0,5.3,0.4,20.5,0.5,9.7,0.0,0.4,0.0,3.5,0.0,0.0,0.0,2.2,0.0,8.8,0.0,1.3,0.0,2.7,2.2,1.8,0.0,18.2,0.0,2.7,0.0,0.4,0.0,0.9,0.0,1.8,0.0,0.4,0.9,0.4,0.0,0.0,1.3,0.0,0.0,0.0,0.0,0.0,0.0,0.0,0.0,0.0,0.0,0.0,0.0,0.0,0.0,0.0,0.0,0.0,0.0,0.0,0.0,0.0,0.0,0.0,0.0,0.0,0.0,0.0,0.0,0.0,0.0,0.0,0.0,0.0,0.0,0.0,0.0,0.0,0.0,0.0,0.0,0.0,0.0,0.0,0.0,0.0,0.0,0.0,0.0,0.0,0.0
2026-01-25 15:36:31,4.5,99.9,running,0.0,31.3,100.0,0.0,14.6,0.0,8.5,0.0,4.0,0.0,18.7,0.0,8.0,0.0,0.4,0.0,3.1,0.0,0.0,0.0,4.0,0.0,3.6,0.0,0.9,0.4,4.0,0.0,1.3,0.0,20.0,0.0,4.4,0.0,2.2,0.0,1.8,0.0,3.1,0.4,0.4,0.4,0.0,0.0,0.0,0.0,0.0,0.0,0.0,0.0,0.0,0.0,0.0,0.0,0.0,0.0,0.0,0.0,0.0,0.0,0.0,0.0,0.0,0.0,0.0,0.0,0.0,0.0,0.0,0.0,0.0,0.0,0.0,0.0,0.0,0.0,0.0,0.0,0.0,0.0,0.0,0.0,0.0,0.0,0.0,0.0,0.0,0.0,0.0,0.0,0.0,0.0,0.0,0.0,0.0,0.0
2026-01-25 15:36:35,5.0,99.9,running,0.0,37.5,100.0,0.0,8.5,0.0,10.3,0.0,1.3,0.0,19.6,0.4,7.6,0.0,1.8,0.0,2.2,0.0,0.0,0.0,4.0,0.0,7.6,0.0,0.9,0.0,4.9,0.4,1.3,0.0,20.5,0.0,3.1,0.0,2.2,0.0,2.2,0.0,2.7,0.0,0.4,1.3,0.4,0.0,0.4,0.0,0.0,0.0,0.0,0.0,0.0,0.0,0.0,0.0,0.0,0.0,0.0,0.0,0.0,0.0,0.0,0.0,0.0,0.0,0.0,0.0,0.0,0.0,0.0,0.0,0.0,0.0,0.0,0.0,0.0,0.0,0.0,0.0,0.0,0.0,0.0,0.0,0.0,0.0,0.0,0.0,0.0,0.0,0.0,0.0,0.0,0.0,0.0,0.0,0.0,0.0
2026-01-25 15:36:38,4.9,99.9,running,0.0,36.0,100.0,0.0,12.0,0.0,7.1,0.0,8.1,0.0,17.9,0.4,8.0,0.0,0.4,0.0,2.2,0.0,0.0,0.4,4.0,0.0,6.7,0.0,0.9,0.0,4.4,0.4,5.3,0.0,20.1,0.0,5.3,0.0,3.6,0.0,3.6,0.0,4.0,0.4,0.9,0.0,0.0,0.0,0.0,0.4,0.0,0.0,0.0,0.0,0.0,0.0,0.0,0.0,0.0,0.0,0.0,0.0,0.0,0.0,0.0,0.0,0.0,0.0,0.0,0.0,0.0,0.0,0.0,0.0,0.0,0.0,0.0,0.0,0.0,0.0,0.0,0.0,0.0,0.0,0.0,0.0,0.0,0.0,0.0,0.0,0.0,0.0,0.0,0.0,0.0,0.0,0.0,0.0,0.0,0.0
2026-01-25 15:36:42,5.7,99.9,running,0.0,32.3,100.0,0.0,12.5,0.0,8.5,0.0,4.4,0.4,20.3,0.0,10.3,0.0,0.9,0.0,3.1,0.0,0.0,0.0,4.0,0.0,4.0,0.0,2.2,0.4,4.0,0.9,2.2,0.0,20.0,0.0,5.3,0.0,2.2,0.0,2.7,0.0,1.8,0.0,1.3,0.4,0.0,0.0,0.0,2.2,0.0,0.0,0.0,0.0,0.0,0.0,0.0,0.0,0.0,0.0,0.0,0.0,0.0,0.0,0.0,0.0,0.0,0.0,0.0,0.0,0.0,0.0,0.0,0.0,0.0,0.0,0.0,0.0,0.0,0.0,0.0,0.0,0.0,0.0,0.0,0.0,0.0,0.0,0.0,0.0,0.0,0.0,0.0,0.0,0.0,0.0,0.0,0.0,0.0,0.0
2026-01-25 15:36:45,4.9,99.9,running,0.0,34.5,100.0,0.0,8.5,0.0,8.0,0.4,2.2,0.0,22.2,0.0,11.6,0.0,0.9,3.5,1.3,0.0,0.0,0.0,5.3,0.0,3.6,0.0,0.9,0.9,5.4,1.3,4.4,0.0,22.1,0.0,5.4,0.0,3.1,0.0,3.1,0.0,3.1,0.4,0.4,0.0,0.4,0.0,0.0,0.9,0.4,0.0,0.0,0.0,0.0,0.0,0.0,0.0,0.0,0.0,0.0,0.0,0.0,0.0,0.0,0.0,0.0,0.0,0.0,0.0,0.0,0.0,0.0,0.0,0.0,0.0,0.0,0.0,0.0,0.0,0.0,0.0,0.0,0.0,0.0,0.0,0.0,0.0,0.0,0.0,0.0,0.0,0.0,0.0,0.0,0.0,0.0,0.0,0.0,0.0
2026-01-25 15:36:49,4.8,99.8,running,0.0,36.2,100.0,0.0,7.5,0.0,8.4,0.0,0.9,0.0,17.0,0.0,10.2,0.0,0.4,2.7,2.2,0.0,0.0,0.0,2.7,0.0,2.2,0.0,1.8,0.4,4.5,0.4,4.5,0.0,21.0,0.0,6.2,0.0,3.6,0.0,3.6,0.0,4.0,0.0,0.0,0.4,0.0,0.0,0.9,4.0,0.0,0.0,0.0,0.0,0.0,0.0,0.0,0.0,0.0,0.0,0.0,0.0,0.0,0.0,0.0,0.0,0.0,0.0,0.0,0.0,0.0,0.0,0.0,0.0,0.0,0.0,0.0,0.0,0.0,0.0,0.0,0.0,0.0,0.0,0.0,0.0,0.0,0.0,0.0,0.0,0.0,0.0,0.0,0.0,0.0,0.0,0.0,0.0,0.0,0.0
2026-01-25 15:36:52,5.3,99.8,running,0.0,36.2,100.0,0.0,16.1,0.0,11.2,0.0,1.8,0.0,18.1,0.4,12.4,0.0,1.8,0.4,0.9,0.0,0.0,0.0,4.9,0.0,2.7,0.0,0.9,0.4,6.2,0.0,4.4,0.0,23.0,0.0,5.3,0.9,4.0,0.0,4.0,0.9,3.1,0.0,0.4,0.0,0.0,0.0,0.0,2.2,0.0,0.0,0.0,0.0,0.0,0.0,0.0,0.0,0.0,0.0,0.0,0.0,0.0,0.0,0.0,0.0,0.0,0.0,0.0,0.0,0.0,0.0,0.0,0.0,0.0,0.0,0.0,0.0,0.0,0.0,0.0,0.0,0.0,0.0,0.0,0.0,0.0,0.0,0.0,0.0,0.0,0.0,0.0,0.0,0.0,0.0,0.0,0.0,0.0,0.0
2026-01-25 15:36:56,5.1,99.9,running,0.4,37.9,100.0,0.0,8.0,0.0,8.9,0.0,3.1,0.0,18.7,0.0,8.5,0.0,0.4,1.8,1.8,0.0,0.0,0.0,1.8,0.0,3.6,0.0,1.8,0.0,3.6,0.4,3.1,0.0,22.3,0.0,4.9,0.0,3.1,0.0,2.7,0.0,2.2,0.0,0.9,0.4,0.0,0.0,0.0,0.9,0.0,0.0,0.0,0.0,0.0,0.0,0.0,0.0,0.0,0.0,0.0,0.0,0.0,0.0,0.0,0.0,0.0,0.0,0.0,0.0,0.0,0.0,0.0,0.0,0.0,0.0,0.0,0.0,0.0,0.0,0.0,0.0,0.0,0.0,0.0,0.0,0.0,0.0,0.0,0.0,0.0,0.0,0.0,0.0,0.0,0.0,0.0,0.0,0.0,0.0
2026-01-25 15:36:59,5.4,99.9,running,0.0,33.5,100.0,0.0,10.7,0.0,9.8,0.0,2.2,0.0,17.0,0.0,12.7,0.0,1.8,0.0,1.8,0.0,0.0,0.0,2.7,0.0,1.8,0.0,1.3,0.9,3.1,0.9,1.8,0.0,20.6,0.0,5.4,0.0,2.7,0.0,3.1,0.0,4.5,0.0,0.9,0.0,0.0,0.0,0.4,3.1,0.0,0.0,0.0,0.0,0.0,0.0,0.0,0.0,0.0,0.0,0.0,0.0,0.0,0.0,0.0,0.0,0.0,0.0,0.0,0.0,0.0,0.0,0.0,0.0,0.0,0.0,0.0,0.0,0.0,0.0,0.0,0.0,0.0,0.0,0.0,0.0,0.0,0.0,0.0,0.0,0.0,0.0,0.0,0.0,0.0,0.0,0.0,0.0,0.0,0.0
2026-01-25 15:37:03,4.9,99.9,running,0.0,38.3,100.0,0.0,8.9,0.0,7.6,0.0,2.7,0.0,15.9,0.0,12.3,0.4,5.8,0.0,2.2,0.0,0.4,0.0,4.0,0.0,1.8,0.0,0.4,0.4,4.5,0.4,3.1,0.0,23.5,0.0,4.5,0.0,2.2,0.0,3.1,0.0,3.1,0.0,0.4,0.4,0.0,0.0,0.0,2.7,0.0,0.0,0.0,0.0,0.0,0.0,0.0,0.0,0.0,0.0,0.0,0.0,0.0,0.0,0.0,0.0,0.0,0.0,0.0,0.0,0.0,0.0,0.0,0.0,0.0,0.0,0.0,0.0,0.0,0.0,0.0,0.0,0.0,0.0,0.0,0.0,0.0,0.0,0.0,0.0,0.0,0.0,0.0,0.0,0.0,0.0,0.0,0.0,0.0,0.0
2026-01-25 15:37:06,5.1,99.9,running,0.5,34.2,100.0,0.0,10.7,0.0,4.9,0.0,9.4,0.4,22.0,0.0,8.5,0.0,0.9,0.0,1.3,0.0,0.0,0.0,3.5,0.0,3.1,0.0,2.7,0.0,3.1,0.0,4.0,0.0,18.8,0.0,4.9,0.0,3.6,0.0,2.7,0.0,3.5,0.0,0.0,0.0,0.0,0.0,0.0,1.3,0.9,0.0,0.0,0.0,0.0,0.0,0.0,0.0,0.0,0.0,0.0,0.0,0.0,0.0,0.0,0.0,0.0,0.0,0.0,0.0,0.0,0.0,0.0,0.0,0.0,0.0,0.0,0.0,0.0,0.0,0.0,0.0,0.0,0.0,0.0,0.0,0.0,0.0,0.0,0.0,0.0,0.0,0.0,0.0,0.0,0.0,0.0,0.0,0.0,0.0
2026-01-25 15:37:10,4.7,99.9,running,0.0,35.7,100.0,0.0,10.7,0.0,6.2,0.0,8.1,0.0,16.4,0.0,11.6,0.0,3.1,0.0,2.7,0.0,0.0,0.0,7.1,0.0,1.3,0.0,2.2,0.0,4.5,0.4,3.6,0.0,19.9,0.0,1.8,0.0,2.2,0.0,2.7,0.0,1.8,1.3,0.4,0.0,0.0,0.0,0.0,1.8,0.0,0.0,0.0,0.0,0.0,0.0,0.0,0.0,0.0,0.0,0.0,0.0,0.0,0.0,0.0,0.0,0.0,0.0,0.0,0.0,0.0,0.0,0.0,0.0,0.0,0.0,0.0,0.0,0.0,0.0,0.0,0.0,0.0,0.0,0.0,0.0,0.0,0.0,0.0,0.0,0.0,0.0,0.0,0.0,0.0,0.0,0.0,0.0,0.0,0.0
2026-01-25 15:37:13,4.6,99.9,running,0.0,37.0,100.0,0.0,8.9,0.0,5.8,0.0,1.8,0.0,17.7,0.0,11.0,0.0,4.5,0.0,1.3,0.0,0.4,0.0,5.7,0.0,3.6,0.0,1.8,0.0,2.7,0.4,1.8,0.0,21.8,0.0,4.4,0.0,2.2,0.0,0.4,0.4,1.3,0.0,0.0,0.0,0.0,0.0,0.0,1.3,0.9,0.0,0.0,0.0,0.0,0.0,0.0,0.0,0.0,0.0,0.0,0.0,0.0,0.0,0.0,0.0,0.0,0.0,0.0,0.0,0.0,0.0,0.0,0.0,0.0,0.0,0.0,0.0,0.0,0.0,0.0,0.0,0.0,0.0,0.0,0.0,0.0,0.0,0.0,0.0,0.0,0.0,0.0,0.0,0.0,0.0,0.0,0.0,0.0,0.0
2026-01-25 15:37:17,4.3,0.0,completed,0.4,36.4,76.8,0.0,10.2,3.1,7.1,0.0,2.2,0.9,20.0,0.0,11.6,0.0,4.0,0.0,1.8,0.0,1.8,0.4,8.8,0.0,2.2,0.0,0.4,0.9,5.8,0.4,4.4,0.0,21.9,0.0,5.8,0.0,4.0,0.0,4.4,0.4,5.3,0.4,1.3,0.0,0.4,0.0,1.3,0.4,0.9,0.0,0.0,0.0,0.0,0.0,0.0,0.0,0.0,0.0,0.0,0.0,0.0,0.0,0.0,0.0,0.0,0.0,0.0,0.0,0.0,0.0,0.0,0.0,0.0,0.0,0.0,0.0,0.0,0.0,0.0,0.0,0.0,0.0,0.0,0.0,0.0,0.0,0.0,0.0,0.0,0.0,0.0,0.0,0.0,0.0,0.0,0.0,0.0,0.0
2026-01-25 15:37:20,3.4,0.0,done,0.0,38.9,16.0,0.0,8.9,0.0,0.0,0.0,0.5,0.0,18.1,0.0,13.3,0.0,5.2,0.0,1.6,0.0,2.1,0.0,4.7,0.0,3.6,0.0,0.0,0.0,8.2,0.0,3.6,0.0,22.4,0.0,9.3,0.0,3.1,0.0,3.7,0.0,3.1,1.6,1.6,0.0,0.0,0.0,0.0,0.0,1.6,0.0,0.0,0.0,0.0,0.0,0.0,0.0,0.0,0.0,0.0,0.0,0.0,0.0,0.0,0.0,0.0,0.0,0.0,0.0,0.0,0.0,0.0,0.0,0.0,0.0,0.0,0.0,0.0,0.0,0.0,0.0,0.0,0.0,0.0,0.0,0.0,0.0,0.0,0.0,0.0,0.0,0.0,0.0,0.0,0.0,0.0,0.0,0.0,0.0
2026-01-25 15:37:23,2.4,0.0,done,1.0,34.7,15.5,0.0,4.1,0.0,0.0,0.0,1.0,0.5,18.9,0.0,8.3,0.0,3.6,0.0,2.1,0.0,1.0,0.0,6.2,0.0,4.1,0.0,3.6,1.0,3.6,0.0,3.1,0.0,16.6,0.0,7.3,0.0,2.6,0.0,2.1,0.0,1.6,1.0,0.0,0.5,0.5,0.0,0.5,0.0,0.0,0.0,0.0,0.0,0.0,0.0,0.0,0.0,0.0,0.0,0.0,0.0,0.0,0.0,0.0,0.0,0.0,0.0,0.0,0.0,0.0,0.0,0.0,0.0,0.0,0.0,0.0,0.0,0.0,0.0,0.0,0.0,0.0,0.0,0.0,0.0,0.0,0.0,0.0,0.0,0.0,0.0,0.0,0.0,0.0,0.0,0.0,0.0,0.0,0.0
2026-01-25 15:37:26,3.5,0.0,done,0.0,34.7,19.0,0.0,5.2,0.0,2.6,0.0,1.0,0.0,20.2,0.0,11.9,0.0,3.1,0.0,1.6,0.0,0.5,0.0,4.2,0.0,3.6,0.0,1.0,0.0,5.2,1.0,2.6,0.0,20.8,0.0,7.2,0.0,3.1,0.0,3.1,1.0,2.6,1.0,0.0,0.0,0.0,0.0,0.0,0.0,0.0,0.0,0.0,0.0,0.0,0.0,0.0,0.0,0.0,0.0,0.0,0.0,0.0,0.0,0.0,0.0,0.0,0.0,0.0,0.0,0.0,0.0,0.0,0.0,0.0,0.0,0.0,0.0,0.0,0.0,0.0,0.0,0.0,0.0,0.0,0.0,0.0,0.0,0.0,0.0,0.0,0.0,0.0,0.0,0.0,0.0,0.0,0.0,0.0,0.0
2026-01-25 15:37:29,3.0,0.0,done,0.0,34.9,14.6,0.0,7.3,0.0,1.0,0.0,0.5,0.0,17.8,0.0,6.8,0.0,2.6,0.0,1.6,0.0,0.0,0.5,8.2,0.0,4.2,0.0,2.6,0.5,5.2,0.0,2.6,0.0,17.7,0.0,4.2,0.0,2.6,0.0,2.1,0.0,2.1,0.5,0.5,0.0,0.0,0.0,0.0,0.0,0.5,0.0,0.0,0.0,0.0,0.0,0.0,0.0,0.0,0.0,0.0,0.0,0.0,0.0,0.0,0.0,0.0,0.0,0.0,0.0,0.0,0.0,0.0,0.0,0.0,0.0,0.0,0.0,0.0,0.0,0.0,0.0,0.0,0.0,0.0,0.0,0.0,0.0,0.0,0.0,0.0,0.0,0.0,0.0,0.0,0.0,0.0,0.0,0.0,0.0
2026-01-25 15:37:32,2.9,0.0,done,0.0,36.3,13.4,0.0,9.3,0.0,0.5,0.0,1.0,0.0,17.2,0.0,7.8,0.0,2.6,0.0,3.6,0.0,1.0,0.5,5.2,0.0,1.6,0.0,1.6,0.5,4.2,0.0,1.5,0.0,17.6,0.0,6.7,0.0,1.0,0.0,1.0,0.0,1.0,0.5,0.0,0.5,0.0,0.0,0.5,0.0,0.0,0.0,0.0,0.0,0.0,0.0,0.0,0.0,0.0,0.0,0.0,0.0,0.0,0.0,0.0,0.0,0.0,0.0,0.0,0.0,0.0,0.0,0.0,0.0,0.0,0.0,0.0,0.0,0.0,0.0,0.0,0.0,0.0,0.0,0.0,0.0,0.0,0.0,0.0,0.0,0.0,0.0,0.0,0.0,0.0,0.0,0.0,0.0,0.0,0.0
