epoch,loss,time_seconds,elapsed_seconds,eta_seconds
1,1.381676,4.11,4.11,201.54
2,1.205312,3.74,7.86,188.61
3,1.124174,3.60,11.46,179.56
