{
  "run_id": "20260111_155410",
  "config": {
    "qubits": 8,
    "epochs": 10,
    "samples": 10
  },
  "lret": {
    "time": 490.7675905227661,
    "final_loss": 0.706508758022683,
    "losses": [
      1.4214013726975883,
      1.191223068736849,
      1.114482832715442,
      1.0632041656069384,
      1.0097348724482995,
      0.9491520534598414,
      0.8789657682267737,
      0.8036353407333088,
      0.7414144463894331,
      0.706508758022683
    ]
  },
  "baseline": {
    "time": 19167.5666615963,
    "final_loss": 0.7072066855872703,
    "losses": [
      1.4202539832483385,
      1.1906132158262823,
      1.1139702294254588,
      1.0629768488366154,
      1.0098671227442118,
      0.9497098109747227,
      0.8800123818961332,
      0.8049930798451495,
      0.7425742378002391,
      0.7072066855872703
    ]
  },
  "summary": {
    "speedup": 39.05630084737052,
    "lret_faster": true
  }
}